scenario,block,outcome,outcome_label_az,base_effect,factor,factor_label_az,factor_value,factor_se,S1,ST,rank,top3,ci_halfwidth,conv_diff,top1_stability,N,n_rejected,top3_stability,share_rejected,converged,method
agri_sub300,micro,gdp_real:orta,Real ÜDM (Δ %) — orta müddət,0.12911551587073689,FR1.E3_hhdisp|ln_gdpnon,Ev təsərrüfatlarının real sərəncamda qalan gəliri: ln real qeyri-neft ÜDM,0.6025470923222385,0.5105558476412329,0.07754027084603278,0.7183505184047166,1.0,True,0.2942960722164176,0.3979111004308219,0.875,160.0,2.0,0.8,0.0017857142857142857,indikativ (ilk-3 sabit),"Saltelli/Jansen, həqiqi zəncir"
agri_sub300,micro,gdp_real:orta,Real ÜDM (Δ %) — orta müddət,0.12911551587073689,FR1.E3_hhdisp|ln_wagebill_r,Ev təsərrüfatlarının real sərəncamda qalan gəliri: ln real əmək haqqı fondu (orta əmək haqqı × məşğulluq),0.3769209878072344,0.5344854288625426,0.002436657565646735,0.5029760691267219,2.0,True,0.2942960722164176,0.3979111004308219,0.875,160.0,2.0,0.8,0.0017857142857142857,indikativ (ilk-3 sabit),"Saltelli/Jansen, həqiqi zəncir"
agri_sub300,micro,gdp_real:orta,Real ÜDM (Δ %) — orta müddət,0.12911551587073689,FR1.D1_cons|ln_hhdisp_pc,Ev təsərrüfatlarının istehlakı (adambaşına): ln adambaşına real sərəncamda qalan gəlir,0.9288356879948724,0.37903162691816805,0.022139365978966447,0.4261237008121864,3.0,True,0.2942960722164176,0.3979111004308219,0.875,160.0,2.0,0.8,0.0017857142857142857,indikativ (ilk-3 sabit),"Saltelli/Jansen, həqiqi zəncir"
agri_sub300,micro,gdp_real:orta,Real ÜDM (Δ %) — orta müddət,0.12911551587073689,FR1.G4_infl|dln_wage,"İQİ inflyasiyası (struktur xərc əlavəsi): əmək haqqı artımı, %",0.3465319843899634,0.17556938949959208,0.073417620083814,0.2819478315014496,4.0,False,0.2942960722164176,0.3979111004308219,0.875,160.0,2.0,0.8,0.0017857142857142857,indikativ (ilk-3 sabit),"Saltelli/Jansen, həqiqi zəncir"
agri_sub300,micro,gdp_real:orta,Real ÜDM (Δ %) — orta müddət,0.12911551587073689,FR1.D3_xnon|ln_va_man,Qeyri-neft mal ixracı (real): ln real emal əlavə dəyəri,0.3477551571209627,0.3918660590359308,-0.03757802798561491,0.17438934212822624,5.0,False,0.2942960722164176,0.3979111004308219,0.875,160.0,2.0,0.8,0.0017857142857142857,indikativ (ilk-3 sabit),"Saltelli/Jansen, həqiqi zəncir"
agri_sub300,micro,infl:qısa,İnflyasiya (Δ f.b.) — qısa müddət,1.7763568394002505e-15,FR1.E3_hhdisp|ln_gdpnon,Ev təsərrüfatlarının real sərəncamda qalan gəliri: ln real qeyri-neft ÜDM,0.6025470923222385,0.5105558476412329,,,1.0,True,,,1.0,160.0,2.0,1.0,0.0017857142857142857,indikativ (ilk-3 sabit),"Saltelli/Jansen, həqiqi zəncir"
agri_sub300,micro,infl:qısa,İnflyasiya (Δ f.b.) — qısa müddət,1.7763568394002505e-15,FR1.E3_hhdisp|ln_wagebill_r,Ev təsərrüfatlarının real sərəncamda qalan gəliri: ln real əmək haqqı fondu (orta əmək haqqı × məşğulluq),0.3769209878072344,0.5344854288625426,,,2.0,True,,,1.0,160.0,2.0,1.0,0.0017857142857142857,indikativ (ilk-3 sabit),"Saltelli/Jansen, həqiqi zəncir"
agri_sub300,micro,infl:qısa,İnflyasiya (Δ f.b.) — qısa müddət,1.7763568394002505e-15,FR1.D3_xnon|ln_va_man,Qeyri-neft mal ixracı (real): ln real emal əlavə dəyəri,0.3477551571209627,0.3918660590359308,,,3.0,True,,,1.0,160.0,2.0,1.0,0.0017857142857142857,indikativ (ilk-3 sabit),"Saltelli/Jansen, həqiqi zəncir"
agri_sub300,micro,infl:qısa,İnflyasiya (Δ f.b.) — qısa müddət,1.7763568394002505e-15,FR1.G4_infl|dln_wage,"İQİ inflyasiyası (struktur xərc əlavəsi): əmək haqqı artımı, %",0.3465319843899634,0.17556938949959208,,,4.0,False,,,1.0,160.0,2.0,1.0,0.0017857142857142857,indikativ (ilk-3 sabit),"Saltelli/Jansen, həqiqi zəncir"
agri_sub300,micro,infl:qısa,İnflyasiya (Δ f.b.) — qısa müddət,1.7763568394002505e-15,FR1.D1_cons|ln_hhdisp_pc,Ev təsərrüfatlarının istehlakı (adambaşına): ln adambaşına real sərəncamda qalan gəlir,0.9288356879948724,0.37903162691816805,,,5.0,False,,,1.0,160.0,2.0,1.0,0.0017857142857142857,indikativ (ilk-3 sabit),"Saltelli/Jansen, həqiqi zəncir"
agri_sub300,micro,employment_hired:orta,"Muzdlu işçilər, FR4 (Δ %) — orta müddət",0.005019405946160571,FR1.E3_hhdisp|ln_gdpnon,Ev təsərrüfatlarının real sərəncamda qalan gəliri: ln real qeyri-neft ÜDM,0.6025470923222385,0.5105558476412329,0.05213519496255828,0.7121978657798823,1.0,True,0.28131297628855767,0.3667765823653949,0.875,160.0,2.0,0.775,0.0017857142857142857,indikativ,"Saltelli/Jansen, həqiqi zəncir"
agri_sub300,micro,employment_hired:orta,"Muzdlu işçilər, FR4 (Δ %) — orta müddət",0.005019405946160571,FR1.E3_hhdisp|ln_wagebill_r,Ev təsərrüfatlarının real sərəncamda qalan gəliri: ln real əmək haqqı fondu (orta əmək haqqı × məşğulluq),0.3769209878072344,0.5344854288625426,-0.000611213290999064,0.5236296209944656,2.0,True,0.28131297628855767,0.3667765823653949,0.875,160.0,2.0,0.775,0.0017857142857142857,indikativ,"Saltelli/Jansen, həqiqi zəncir"
agri_sub300,micro,employment_hired:orta,"Muzdlu işçilər, FR4 (Δ %) — orta müddət",0.005019405946160571,FR1.D1_cons|ln_hhdisp_pc,Ev təsərrüfatlarının istehlakı (adambaşına): ln adambaşına real sərəncamda qalan gəlir,0.9288356879948724,0.37903162691816805,0.02420692806573354,0.4102150131550577,3.0,True,0.28131297628855767,0.3667765823653949,0.875,160.0,2.0,0.775,0.0017857142857142857,indikativ,"Saltelli/Jansen, həqiqi zəncir"
agri_sub300,micro,employment_hired:orta,"Muzdlu işçilər, FR4 (Δ %) — orta müddət",0.005019405946160571,FR1.G4_infl|dln_wage,"İQİ inflyasiyası (struktur xərc əlavəsi): əmək haqqı artımı, %",0.3465319843899634,0.17556938949959208,0.0772090390314737,0.28063099944108205,4.0,False,0.28131297628855767,0.3667765823653949,0.875,160.0,2.0,0.775,0.0017857142857142857,indikativ,"Saltelli/Jansen, həqiqi zəncir"
agri_sub300,micro,employment_hired:orta,"Muzdlu işçilər, FR4 (Δ %) — orta müddət",0.005019405946160571,FR1.D3_xnon|ln_va_man,Qeyri-neft mal ixracı (real): ln real emal əlavə dəyəri,0.3477551571209627,0.3918660590359308,-0.03925324590366072,0.1820613942513801,5.0,False,0.28131297628855767,0.3667765823653949,0.875,160.0,2.0,0.775,0.0017857142857142857,indikativ,"Saltelli/Jansen, həqiqi zəncir"
agri_sub300,micro,budget_balance_pct:orta,Büdcə balansı (Δ f.b. ÜDM) — orta müddət,-0.14040013145452485,FR1.E3_hhdisp|ln_gdpnon,Ev təsərrüfatlarının real sərəncamda qalan gəliri: ln real qeyri-neft ÜDM,0.6025470923222385,0.5105558476412329,-0.10857910506314027,0.7732286535566715,1.0,True,0.2751752712244999,0.1147398300653561,0.885,160.0,2.0,0.675,0.0017857142857142857,indikativ,"Saltelli/Jansen, həqiqi zəncir"
agri_sub300,micro,budget_balance_pct:orta,Büdcə balansı (Δ f.b. ÜDM) — orta müddət,-0.14040013145452485,FR1.G4_infl|dln_wage,"İQİ inflyasiyası (struktur xərc əlavəsi): əmək haqqı artımı, %",0.3465319843899634,0.17556938949959208,-0.04752942515134703,0.6145689097358505,2.0,True,0.2751752712244999,0.1147398300653561,0.885,160.0,2.0,0.675,0.0017857142857142857,indikativ,"Saltelli/Jansen, həqiqi zəncir"
agri_sub300,micro,budget_balance_pct:orta,Büdcə balansı (Δ f.b. ÜDM) — orta müddət,-0.14040013145452485,FR1.E3_hhdisp|ln_wagebill_r,Ev təsərrüfatlarının real sərəncamda qalan gəliri: ln real əmək haqqı fondu (orta əmək haqqı × məşğulluq),0.3769209878072344,0.5344854288625426,0.06582370272312729,0.38031983196339875,3.0,True,0.2751752712244999,0.1147398300653561,0.885,160.0,2.0,0.675,0.0017857142857142857,indikativ,"Saltelli/Jansen, həqiqi zəncir"
agri_sub300,micro,budget_balance_pct:orta,Büdcə balansı (Δ f.b. ÜDM) — orta müddət,-0.14040013145452485,FR1.D1_cons|ln_hhdisp_pc,Ev təsərrüfatlarının istehlakı (adambaşına): ln adambaşına real sərəncamda qalan gəlir,0.9288356879948724,0.37903162691816805,0.015631429237942564,0.3083385868535195,4.0,False,0.2751752712244999,0.1147398300653561,0.885,160.0,2.0,0.675,0.0017857142857142857,indikativ,"Saltelli/Jansen, həqiqi zəncir"
agri_sub300,micro,budget_balance_pct:orta,Büdcə balansı (Δ f.b. ÜDM) — orta müddət,-0.14040013145452485,FR1.D3_xnon|ln_va_man,Qeyri-neft mal ixracı (real): ln real emal əlavə dəyəri,0.3477551571209627,0.3918660590359308,0.01951418464536257,0.16775750561243782,5.0,False,0.2751752712244999,0.1147398300653561,0.885,160.0,2.0,0.675,0.0017857142857142857,indikativ,"Saltelli/Jansen, həqiqi zəncir"
agri_sub300,microsim,,,,,mikrosimulyasiya: bir icra ≈ 15 s və davranış parametrləri üçün interfeys (eng_microsim.simulate behaviour=) hələ aktiv deyil — Monte Karlo bu blok üçün aparılmadı,,,,,,,,,,,,,,,buraxıldı
export_sub_man,micro,gdp_real:orta,Real ÜDM (Δ %) — orta müddət,0.3145001777685952,FR1.D3_xnon|ln_va_man,Qeyri-neft mal ixracı (real): ln real emal əlavə dəyəri,0.3477551571209627,0.3918660590359308,-0.03918336689679193,1.8507028879877427,1.0,True,10.744620206610795,9.047571296140354,0.855,160.0,120.0,0.97,0.10714285714285714,indikativ (ilk-3 sabit),"Saltelli/Jansen, həqiqi zəncir"
export_sub_man,micro,gdp_real:orta,Real ÜDM (Δ %) — orta müddət,0.3145001777685952,FR1.C3_man|ln_x_non,Emal sənayesi: real əlavə dəyər: ln real qeyri-neft ixracı,0.7114258879007773,0.20415465399196847,0.23136021786805921,0.20670071595715556,2.0,True,10.744620206610795,9.047571296140354,0.855,160.0,120.0,0.97,0.10714285714285714,indikativ (ilk-3 sabit),"Saltelli/Jansen, həqiqi zəncir"
export_sub_man,micro,gdp_real:orta,Real ÜDM (Δ %) — orta müddət,0.3145001777685952,FR1.E3_hhdisp|ln_gdpnon,Ev təsərrüfatlarının real sərəncamda qalan gəliri: ln real qeyri-neft ÜDM,0.6025470923222385,0.5105558476412329,0.0073648092082007535,0.19705843173330748,3.0,True,10.744620206610795,9.047571296140354,0.855,160.0,120.0,0.97,0.10714285714285714,indikativ (ilk-3 sabit),"Saltelli/Jansen, həqiqi zəncir"
export_sub_man,micro,gdp_real:orta,Real ÜDM (Δ %) — orta müddət,0.3145001777685952,FR1.E3_hhdisp|ln_wagebill_r,Ev təsərrüfatlarının real sərəncamda qalan gəliri: ln real əmək haqqı fondu (orta əmək haqqı × məşğulluq),0.3769209878072344,0.5344854288625426,-0.00596323717839228,0.10148191483084723,4.0,False,10.744620206610795,9.047571296140354,0.855,160.0,120.0,0.97,0.10714285714285714,indikativ (ilk-3 sabit),"Saltelli/Jansen, həqiqi zəncir"
export_sub_man,micro,gdp_real:orta,Real ÜDM (Δ %) — orta müddət,0.3145001777685952,FR1.G4_infl|dln_wage,"İQİ inflyasiyası (struktur xərc əlavəsi): əmək haqqı artımı, %",0.3465319843899634,0.17556938949959208,-0.003768024930153509,0.0078075573105090435,5.0,False,10.744620206610795,9.047571296140354,0.855,160.0,120.0,0.97,0.10714285714285714,indikativ (ilk-3 sabit),"Saltelli/Jansen, həqiqi zəncir"
export_sub_man,micro,infl:qısa,İnflyasiya (Δ f.b.) — qısa müddət,0.052651131235834946,FR1.D3_xnon|ln_va_man,Qeyri-neft mal ixracı (real): ln real emal əlavə dəyəri,0.3477551571209627,0.3918660590359308,7.017725445834429e-05,0.8534681325512358,1.0,True,2.6931832437358847,2.196533993198667,0.82,160.0,120.0,0.845,0.10714285714285714,indikativ (ilk-3 sabit),"Saltelli/Jansen, həqiqi zəncir"
export_sub_man,micro,infl:qısa,İnflyasiya (Δ f.b.) — qısa müddət,0.052651131235834946,FR1.C3_man|ln_x_non,Emal sənayesi: real əlavə dəyər: ln real qeyri-neft ixracı,0.7114258879007773,0.20415465399196847,0.11950094011670709,0.21091422386032507,2.0,True,2.6931832437358847,2.196533993198667,0.82,160.0,120.0,0.845,0.10714285714285714,indikativ (ilk-3 sabit),"Saltelli/Jansen, həqiqi zəncir"
export_sub_man,micro,infl:qısa,İnflyasiya (Δ f.b.) — qısa müddət,0.052651131235834946,FR1.E3_hhdisp|ln_gdpnon,Ev təsərrüfatlarının real sərəncamda qalan gəliri: ln real qeyri-neft ÜDM,0.6025470923222385,0.5105558476412329,0.0005013742152826296,0.14798576152156792,3.0,True,2.6931832437358847,2.196533993198667,0.82,160.0,120.0,0.845,0.10714285714285714,indikativ (ilk-3 sabit),"Saltelli/Jansen, həqiqi zəncir"
export_sub_man,micro,infl:qısa,İnflyasiya (Δ f.b.) — qısa müddət,0.052651131235834946,FR1.G4_infl|dln_wage,"İQİ inflyasiyası (struktur xərc əlavəsi): əmək haqqı artımı, %",0.3465319843899634,0.17556938949959208,0.05303895258046138,0.0704741251867733,4.0,False,2.6931832437358847,2.196533993198667,0.82,160.0,120.0,0.845,0.10714285714285714,indikativ (ilk-3 sabit),"Saltelli/Jansen, həqiqi zəncir"
export_sub_man,micro,infl:qısa,İnflyasiya (Δ f.b.) — qısa müddət,0.052651131235834946,FR1.E3_hhdisp|ln_wagebill_r,Ev təsərrüfatlarının real sərəncamda qalan gəliri: ln real əmək haqqı fondu (orta əmək haqqı × məşğulluq),0.3769209878072344,0.5344854288625426,-0.013615341387588794,0.02079952114059412,5.0,False,2.6931832437358847,2.196533993198667,0.82,160.0,120.0,0.845,0.10714285714285714,indikativ (ilk-3 sabit),"Saltelli/Jansen, həqiqi zəncir"
export_sub_man,micro,employment_hired:orta,"Muzdlu işçilər, FR4 (Δ %) — orta müddət",0.013288586102089273,FR1.D3_xnon|ln_va_man,Qeyri-neft mal ixracı (real): ln real emal əlavə dəyəri,0.3477551571209627,0.3918660590359308,-0.035066222988576076,1.568335254755035,1.0,True,7.238932658763572,5.8034173210990625,0.855,160.0,120.0,0.98,0.10714285714285714,indikativ (ilk-3 sabit),"Saltelli/Jansen, həqiqi zəncir"
export_sub_man,micro,employment_hired:orta,"Muzdlu işçilər, FR4 (Δ %) — orta müddət",0.013288586102089273,FR1.C3_man|ln_x_non,Emal sənayesi: real əlavə dəyər: ln real qeyri-neft ixracı,0.7114258879007773,0.20415465399196847,0.2600001650393283,0.24096783756870538,2.0,True,7.238932658763572,5.8034173210990625,0.855,160.0,120.0,0.98,0.10714285714285714,indikativ (ilk-3 sabit),"Saltelli/Jansen, həqiqi zəncir"
export_sub_man,micro,employment_hired:orta,"Muzdlu işçilər, FR4 (Δ %) — orta müddət",0.013288586102089273,FR1.E3_hhdisp|ln_gdpnon,Ev təsərrüfatlarının real sərəncamda qalan gəliri: ln real qeyri-neft ÜDM,0.6025470923222385,0.5105558476412329,-8.461717741917062e-05,0.20979157606351803,3.0,True,7.238932658763572,5.8034173210990625,0.855,160.0,120.0,0.98,0.10714285714285714,indikativ (ilk-3 sabit),"Saltelli/Jansen, həqiqi zəncir"
export_sub_man,micro,employment_hired:orta,"Muzdlu işçilər, FR4 (Δ %) — orta müddət",0.013288586102089273,FR1.E3_hhdisp|ln_wagebill_r,Ev təsərrüfatlarının real sərəncamda qalan gəliri: ln real əmək haqqı fondu (orta əmək haqqı × məşğulluq),0.3769209878072344,0.5344854288625426,-0.004879147679746794,0.11002406742205201,4.0,False,7.238932658763572,5.8034173210990625,0.855,160.0,120.0,0.98,0.10714285714285714,indikativ (ilk-3 sabit),"Saltelli/Jansen, həqiqi zəncir"
export_sub_man,micro,employment_hired:orta,"Muzdlu işçilər, FR4 (Δ %) — orta müddət",0.013288586102089273,FR1.G4_infl|dln_wage,"İQİ inflyasiyası (struktur xərc əlavəsi): əmək haqqı artımı, %",0.3465319843899634,0.17556938949959208,-0.004271519259467694,0.009484057381342658,5.0,False,7.238932658763572,5.8034173210990625,0.855,160.0,120.0,0.98,0.10714285714285714,indikativ (ilk-3 sabit),"Saltelli/Jansen, həqiqi zəncir"
export_sub_man,micro,budget_balance_pct:orta,Büdcə balansı (Δ f.b. ÜDM) — orta müddət,-0.07369973955087541,FR1.E3_hhdisp|ln_gdpnon,Ev təsərrüfatlarının real sərəncamda qalan gəliri: ln real qeyri-neft ÜDM,0.6025470923222385,0.5105558476412329,0.23137287617727945,0.6405861858164201,1.0,True,0.25486997382403814,0.3105734933616112,0.795,160.0,120.0,0.95,0.10714285714285714,indikativ (ilk-3 sabit),"Saltelli/Jansen, həqiqi zəncir"
export_sub_man,micro,budget_balance_pct:orta,Büdcə balansı (Δ f.b. ÜDM) — orta müddət,-0.07369973955087541,FR1.G4_infl|dln_wage,"İQİ inflyasiyası (struktur xərc əlavəsi): əmək haqqı artımı, %",0.3465319843899634,0.17556938949959208,0.0658612518467774,0.4596420145732414,2.0,True,0.25486997382403814,0.3105734933616112,0.795,160.0,120.0,0.95,0.10714285714285714,indikativ (ilk-3 sabit),"Saltelli/Jansen, həqiqi zəncir"
export_sub_man,micro,budget_balance_pct:orta,Büdcə balansı (Δ f.b. ÜDM) — orta müddət,-0.07369973955087541,FR1.E3_hhdisp|ln_wagebill_r,Ev təsərrüfatlarının real sərəncamda qalan gəliri: ln real əmək haqqı fondu (orta əmək haqqı × məşğulluq),0.3769209878072344,0.5344854288625426,-0.056909508353144685,0.4131172401160992,3.0,True,0.25486997382403814,0.3105734933616112,0.795,160.0,120.0,0.95,0.10714285714285714,indikativ (ilk-3 sabit),"Saltelli/Jansen, həqiqi zəncir"
export_sub_man,micro,budget_balance_pct:orta,Büdcə balansı (Δ f.b. ÜDM) — orta müddət,-0.07369973955087541,FR1.D3_xnon|ln_va_man,Qeyri-neft mal ixracı (real): ln real emal əlavə dəyəri,0.3477551571209627,0.3918660590359308,0.07353211754318954,0.1851274568911574,4.0,False,0.25486997382403814,0.3105734933616112,0.795,160.0,120.0,0.95,0.10714285714285714,indikativ (ilk-3 sabit),"Saltelli/Jansen, həqiqi zəncir"
export_sub_man,micro,budget_balance_pct:orta,Büdcə balansı (Δ f.b. ÜDM) — orta müddət,-0.07369973955087541,FR1.C3_man|ln_x_non,Emal sənayesi: real əlavə dəyər: ln real qeyri-neft ixracı,0.7114258879007773,0.20415465399196847,0.025429572147379745,0.13982541229957107,5.0,False,0.25486997382403814,0.3105734933616112,0.795,160.0,120.0,0.95,0.10714285714285714,indikativ (ilk-3 sabit),"Saltelli/Jansen, həqiqi zəncir"
export_sub_man,io,io_va_total,IO əlavə dəyər effekti (mln AZN),207.30842885922442,daxili/idxal bölgüsü r,daxili/idxal bölgüsü r,1.0,0.1,0.9213243572461296,0.9631176523779098,1.0,True,0.03935693585118005,0.03935693585118005,,1024.0,0.0,,0.0,bəli,"Saltelli/Jansen, həqiqi IO modeli (N və 2N)"
export_sub_man,io,io_va_total,IO əlavə dəyər effekti (mln AZN),207.30842885922442,"IO A[:, CHEM] (sütun miqyası)","IO A[:, CHEM] (sütun miqyası)",1.0,0.1,0.026849179188715818,0.030536902370028346,2.0,True,0.03935693585118005,0.03935693585118005,,1024.0,0.0,,0.0,bəli,"Saltelli/Jansen, həqiqi IO modeli (N və 2N)"
export_sub_man,io,io_va_total,IO əlavə dəyər effekti (mln AZN),207.30842885922442,"IO A[:, METMIN] (sütun miqyası)","IO A[:, METMIN] (sütun miqyası)",1.0,0.1,0.0033239444283993864,0.00663124069738547,3.0,True,0.03935693585118005,0.03935693585118005,,1024.0,0.0,,0.0,bəli,"Saltelli/Jansen, həqiqi IO modeli (N və 2N)"
export_sub_man,io,io_va_total,IO əlavə dəyər effekti (mln AZN),207.30842885922442,"IO A[:, PETR] (sütun miqyası)","IO A[:, PETR] (sütun miqyası)",1.0,0.1,0.004633235126720761,0.00610677427878532,4.0,False,0.03935693585118005,0.03935693585118005,,1024.0,0.0,,0.0,bəli,"Saltelli/Jansen, həqiqi IO modeli (N və 2N)"
export_sub_man,io,io_va_total,IO əlavə dəyər effekti (mln AZN),207.30842885922442,"IO A[:, CONS] (sütun miqyası)","IO A[:, CONS] (sütun miqyası)",1.0,0.1,0.0031200373340327194,0.00242890086467044,5.0,False,0.03935693585118005,0.03935693585118005,,1024.0,0.0,,0.0,bəli,"Saltelli/Jansen, həqiqi IO modeli (N və 2N)"
export_sub_man,io,io_import_leakage,IO idxal sızması (% son tələb),25.849964233746586,daxili/idxal bölgüsü r,daxili/idxal bölgüsü r,1.0,0.1,0.9417424964306107,0.9832137491006105,1.0,True,0.03643560830655257,0.03643560830655257,,1024.0,0.0,,0.0,bəli,"Saltelli/Jansen, həqiqi IO modeli (N və 2N)"
export_sub_man,io,io_import_leakage,IO idxal sızması (% son tələb),25.849964233746586,"IO A[:, CHEM] (sütun miqyası)","IO A[:, CHEM] (sütun miqyası)",1.0,0.1,0.01562223636062609,0.01924184055366511,2.0,True,0.03643560830655257,0.03643560830655257,,1024.0,0.0,,0.0,bəli,"Saltelli/Jansen, həqiqi IO modeli (N və 2N)"
export_sub_man,io,io_import_leakage,IO idxal sızması (% son tələb),25.849964233746586,"IO A[:, PETR] (sütun miqyası)","IO A[:, PETR] (sütun miqyası)",1.0,0.1,0.002491100412783391,0.0040688630600275956,3.0,True,0.03643560830655257,0.03643560830655257,,1024.0,0.0,,0.0,bəli,"Saltelli/Jansen, həqiqi IO modeli (N və 2N)"
export_sub_man,io,io_import_leakage,IO idxal sızması (% son tələb),25.849964233746586,"IO A[:, METMIN] (sütun miqyası)","IO A[:, METMIN] (sütun miqyası)",1.0,0.1,0.0007517559250391156,0.0038163490298317414,4.0,False,0.03643560830655257,0.03643560830655257,,1024.0,0.0,,0.0,bəli,"Saltelli/Jansen, həqiqi IO modeli (N və 2N)"
export_sub_man,io,io_import_leakage,IO idxal sızması (% son tələb),25.849964233746586,"IO A[:, CONS] (sütun miqyası)","IO A[:, CONS] (sütun miqyası)",1.0,0.1,0.0017809836628024916,0.0014452303679852274,5.0,False,0.03643560830655257,0.03643560830655257,,1024.0,0.0,,0.0,bəli,"Saltelli/Jansen, həqiqi IO modeli (N və 2N)"
export_sub_man,io,io_emp_total,IO məşğulluq effekti (min nəfər),6.490347444766592,daxili/idxal bölgüsü r,daxili/idxal bölgüsü r,1.0,0.1,0.6805776789204773,0.695601677009501,1.0,True,0.02263499990222817,0.02263499990222817,,1024.0,0.0,,0.0,bəli,"Saltelli/Jansen, həqiqi IO modeli (N və 2N)"
export_sub_man,io,io_emp_total,IO məşğulluq effekti (min nəfər),6.490347444766592,"IO A[:, CHEM] (sütun miqyası)","IO A[:, CHEM] (sütun miqyası)",1.0,0.1,0.20152576895636312,0.19832754575482114,2.0,True,0.02263499990222817,0.02263499990222817,,1024.0,0.0,,0.0,bəli,"Saltelli/Jansen, həqiqi IO modeli (N və 2N)"
export_sub_man,io,io_emp_total,IO məşğulluq effekti (min nəfər),6.490347444766592,"IO A[:, METMIN] (sütun miqyası)","IO A[:, METMIN] (sütun miqyası)",1.0,0.1,0.06927766646883385,0.0622593331485903,3.0,True,0.02263499990222817,0.02263499990222817,,1024.0,0.0,,0.0,bəli,"Saltelli/Jansen, həqiqi IO modeli (N və 2N)"
export_sub_man,io,io_emp_total,IO məşğulluq effekti (min nəfər),6.490347444766592,"IO A[:, PETR] (sütun miqyası)","IO A[:, PETR] (sütun miqyası)",1.0,0.1,0.04242005700608947,0.02686541771603816,4.0,False,0.02263499990222817,0.02263499990222817,,1024.0,0.0,,0.0,bəli,"Saltelli/Jansen, həqiqi IO modeli (N və 2N)"
export_sub_man,io,io_emp_total,IO məşğulluq effekti (min nəfər),6.490347444766592,"IO A[:, CONS] (sütun miqyası)","IO A[:, CONS] (sütun miqyası)",1.0,0.1,0.021953142014921746,0.023093353610783164,5.0,False,0.02263499990222817,0.02263499990222817,,1024.0,0.0,,0.0,bəli,"Saltelli/Jansen, həqiqi IO modeli (N və 2N)"
export_sub_man,microsim,,,,,mikrosimulyasiya: bir icra ≈ 15 s və davranış parametrləri üçün interfeys (eng_microsim.simulate behaviour=) hələ aktiv deyil — Monte Karlo bu blok üçün aparılmadı,,,,,,,,,,,,,,,buraxıldı
fuel_dereg20,micro,gdp_real:orta,Real ÜDM (Δ %) — orta müddət,-0.362023896846031,FR1.E3_hhdisp|ln_gdpnon,Ev təsərrüfatlarının real sərəncamda qalan gəliri: ln real qeyri-neft ÜDM,0.6025470923222385,0.5105558476412329,-0.0054002297353710335,1.2505185075841911,1.0,True,0.7260080509430201,0.2538947281766524,0.985,160.0,81.0,0.83,0.07232142857142858,indikativ (ilk-3 sabit),"Saltelli/Jansen, həqiqi zəncir"
fuel_dereg20,micro,gdp_real:orta,Real ÜDM (Δ %) — orta müddət,-0.362023896846031,FR1.E3_hhdisp|ln_wagebill_r,Ev təsərrüfatlarının real sərəncamda qalan gəliri: ln real əmək haqqı fondu (orta əmək haqqı × məşğulluq),0.3769209878072344,0.5344854288625426,0.15890681679848911,0.5673062395546827,2.0,True,0.7260080509430201,0.2538947281766524,0.985,160.0,81.0,0.83,0.07232142857142858,indikativ (ilk-3 sabit),"Saltelli/Jansen, həqiqi zəncir"
fuel_dereg20,micro,gdp_real:orta,Real ÜDM (Δ %) — orta müddət,-0.362023896846031,FR1.D1_cons|ln_hhdisp_pc,Ev təsərrüfatlarının istehlakı (adambaşına): ln adambaşına real sərəncamda qalan gəlir,0.9288356879948724,0.37903162691816805,-0.008993921560346825,0.3258239500637757,3.0,True,0.7260080509430201,0.2538947281766524,0.985,160.0,81.0,0.83,0.07232142857142858,indikativ (ilk-3 sabit),"Saltelli/Jansen, həqiqi zəncir"
fuel_dereg20,micro,gdp_real:orta,Real ÜDM (Δ %) — orta müddət,-0.362023896846031,FR1.D1_cons|ln_cred_hh_pc,Ev təsərrüfatlarının istehlakı (adambaşına): ln adambaşına real ev təsərrüfatı krediti,0.12474670097614615,0.16912090601999374,-0.03354658088820915,0.21102756830508837,4.0,False,0.7260080509430201,0.2538947281766524,0.985,160.0,81.0,0.83,0.07232142857142858,indikativ (ilk-3 sabit),"Saltelli/Jansen, həqiqi zəncir"
fuel_dereg20,micro,gdp_real:orta,Real ÜDM (Δ %) — orta müddət,-0.362023896846031,FR1.G4_infl|dln_wage,"İQİ inflyasiyası (struktur xərc əlavəsi): əmək haqqı artımı, %",0.3465319843899634,0.17556938949959208,-0.003819989538273522,0.024596133191317985,5.0,False,0.7260080509430201,0.2538947281766524,0.985,160.0,81.0,0.83,0.07232142857142858,indikativ (ilk-3 sabit),"Saltelli/Jansen, həqiqi zəncir"
fuel_dereg20,micro,infl:qısa,İnflyasiya (Δ f.b.) — qısa müddət,0.3183795897205428,FR1.E3_hhdisp|ln_gdpnon,Ev təsərrüfatlarının real sərəncamda qalan gəliri: ln real qeyri-neft ÜDM,0.6025470923222385,0.5105558476412329,0.17784301428716676,1.2756450497054492,1.0,True,0.6564252439723595,0.37930124058602926,0.925,160.0,81.0,0.495,0.07232142857142858,indikativ (1-ci sürücü sabit),"Saltelli/Jansen, həqiqi zəncir"
fuel_dereg20,micro,infl:qısa,İnflyasiya (Δ f.b.) — qısa müddət,0.3183795897205428,FR1.G4_infl|dln_wage,"İQİ inflyasiyası (struktur xərc əlavəsi): əmək haqqı artımı, %",0.3465319843899634,0.17556938949959208,0.001679444881631486,0.5739929832250867,2.0,True,0.6564252439723595,0.37930124058602926,0.925,160.0,81.0,0.495,0.07232142857142858,indikativ (1-ci sürücü sabit),"Saltelli/Jansen, həqiqi zəncir"
fuel_dereg20,micro,infl:qısa,İnflyasiya (Δ f.b.) — qısa müddət,0.3183795897205428,FR1.E3_hhdisp|ln_wagebill_r,Ev təsərrüfatlarının real sərəncamda qalan gəliri: ln real əmək haqqı fondu (orta əmək haqqı × məşğulluq),0.3769209878072344,0.5344854288625426,0.056940207362386565,0.5537549591542967,3.0,True,0.6564252439723595,0.37930124058602926,0.925,160.0,81.0,0.495,0.07232142857142858,indikativ (1-ci sürücü sabit),"Saltelli/Jansen, həqiqi zəncir"
fuel_dereg20,micro,infl:qısa,İnflyasiya (Δ f.b.) — qısa müddət,0.3183795897205428,FR1.D1_cons|ln_hhdisp_pc,Ev təsərrüfatlarının istehlakı (adambaşına): ln adambaşına real sərəncamda qalan gəlir,0.9288356879948724,0.37903162691816805,-0.02873933301807319,0.47644143813613044,4.0,False,0.6564252439723595,0.37930124058602926,0.925,160.0,81.0,0.495,0.07232142857142858,indikativ (1-ci sürücü sabit),"Saltelli/Jansen, həqiqi zəncir"
fuel_dereg20,micro,infl:qısa,İnflyasiya (Δ f.b.) — qısa müddət,0.3183795897205428,FR1.D1_cons|ln_cred_hh_pc,Ev təsərrüfatlarının istehlakı (adambaşına): ln adambaşına real ev təsərrüfatı krediti,0.12474670097614615,0.16912090601999374,-0.019006131023450376,0.38387301812524266,5.0,False,0.6564252439723595,0.37930124058602926,0.925,160.0,81.0,0.495,0.07232142857142858,indikativ (1-ci sürücü sabit),"Saltelli/Jansen, həqiqi zəncir"
fuel_dereg20,micro,employment_hired:orta,"Muzdlu işçilər, FR4 (Δ %) — orta müddət",-0.014071111157509808,FR1.E3_hhdisp|ln_gdpnon,Ev təsərrüfatlarının real sərəncamda qalan gəliri: ln real qeyri-neft ÜDM,0.6025470923222385,0.5105558476412329,0.0026388080662524994,1.260603327231509,1.0,True,0.7643229137504122,0.26315833994793136,0.975,160.0,81.0,0.83,0.07232142857142858,indikativ (ilk-3 sabit),"Saltelli/Jansen, həqiqi zəncir"
fuel_dereg20,micro,employment_hired:orta,"Muzdlu işçilər, FR4 (Δ %) — orta müddət",-0.014071111157509808,FR1.E3_hhdisp|ln_wagebill_r,Ev təsərrüfatlarının real sərəncamda qalan gəliri: ln real əmək haqqı fondu (orta əmək haqqı × məşğulluq),0.3769209878072344,0.5344854288625426,0.1587208474562015,0.566580336617103,2.0,True,0.7643229137504122,0.26315833994793136,0.975,160.0,81.0,0.83,0.07232142857142858,indikativ (ilk-3 sabit),"Saltelli/Jansen, həqiqi zəncir"
fuel_dereg20,micro,employment_hired:orta,"Muzdlu işçilər, FR4 (Δ %) — orta müddət",-0.014071111157509808,FR1.D1_cons|ln_hhdisp_pc,Ev təsərrüfatlarının istehlakı (adambaşına): ln adambaşına real sərəncamda qalan gəlir,0.9288356879948724,0.37903162691816805,-0.011764079269842064,0.3298858582857363,3.0,True,0.7643229137504122,0.26315833994793136,0.975,160.0,81.0,0.83,0.07232142857142858,indikativ (ilk-3 sabit),"Saltelli/Jansen, həqiqi zəncir"
fuel_dereg20,micro,employment_hired:orta,"Muzdlu işçilər, FR4 (Δ %) — orta müddət",-0.014071111157509808,FR1.D1_cons|ln_cred_hh_pc,Ev təsərrüfatlarının istehlakı (adambaşına): ln adambaşına real ev təsərrüfatı krediti,0.12474670097614615,0.16912090601999374,-0.03238214515301718,0.21398257786562266,4.0,False,0.7643229137504122,0.26315833994793136,0.975,160.0,81.0,0.83,0.07232142857142858,indikativ (ilk-3 sabit),"Saltelli/Jansen, həqiqi zəncir"
fuel_dereg20,micro,employment_hired:orta,"Muzdlu işçilər, FR4 (Δ %) — orta müddət",-0.014071111157509808,FR1.G4_infl|dln_wage,"İQİ inflyasiyası (struktur xərc əlavəsi): əmək haqqı artımı, %",0.3465319843899634,0.17556938949959208,-0.0024880429077102054,0.026116623737206756,5.0,False,0.7643229137504122,0.26315833994793136,0.975,160.0,81.0,0.83,0.07232142857142858,indikativ (ilk-3 sabit),"Saltelli/Jansen, həqiqi zəncir"
fuel_dereg20,micro,budget_balance_pct:orta,Büdcə balansı (Δ f.b. ÜDM) — orta müddət,-0.039263022634714706,FR1.E3_hhdisp|ln_gdpnon,Ev təsərrüfatlarının real sərəncamda qalan gəliri: ln real qeyri-neft ÜDM,0.6025470923222385,0.5105558476412329,-0.03187626100760172,1.8808830869414448,1.0,True,3.5517067427857265,0.866845383768336,0.81,160.0,81.0,0.41,0.07232142857142858,indikativ,"Saltelli/Jansen, həqiqi zəncir"
fuel_dereg20,micro,budget_balance_pct:orta,Büdcə balansı (Δ f.b. ÜDM) — orta müddət,-0.039263022634714706,FR1.E3_hhdisp|ln_wagebill_r,Ev təsərrüfatlarının real sərəncamda qalan gəliri: ln real əmək haqqı fondu (orta əmək haqqı × məşğulluq),0.3769209878072344,0.5344854288625426,0.027224004992567816,0.9698594345700894,2.0,True,3.5517067427857265,0.866845383768336,0.81,160.0,81.0,0.41,0.07232142857142858,indikativ,"Saltelli/Jansen, həqiqi zəncir"
fuel_dereg20,micro,budget_balance_pct:orta,Büdcə balansı (Δ f.b. ÜDM) — orta müddət,-0.039263022634714706,FR1.G4_infl|dln_wage,"İQİ inflyasiyası (struktur xərc əlavəsi): əmək haqqı artımı, %",0.3465319843899634,0.17556938949959208,0.023200374542108836,0.9061008600937976,3.0,True,3.5517067427857265,0.866845383768336,0.81,160.0,81.0,0.41,0.07232142857142858,indikativ,"Saltelli/Jansen, həqiqi zəncir"
fuel_dereg20,micro,budget_balance_pct:orta,Büdcə balansı (Δ f.b. ÜDM) — orta müddət,-0.039263022634714706,FR1.D1_cons|ln_hhdisp_pc,Ev təsərrüfatlarının istehlakı (adambaşına): ln adambaşına real sərəncamda qalan gəlir,0.9288356879948724,0.37903162691816805,-0.058792416046152214,0.9005199328861109,4.0,False,3.5517067427857265,0.866845383768336,0.81,160.0,81.0,0.41,0.07232142857142858,indikativ,"Saltelli/Jansen, həqiqi zəncir"
fuel_dereg20,micro,budget_balance_pct:orta,Büdcə balansı (Δ f.b. ÜDM) — orta müddət,-0.039263022634714706,FR1.D1_cons|ln_cred_hh_pc,Ev təsərrüfatlarının istehlakı (adambaşına): ln adambaşına real ev təsərrüfatı krediti,0.12474670097614615,0.16912090601999374,-0.04627309382897499,0.810749031585175,5.0,False,3.5517067427857265,0.866845383768336,0.81,160.0,81.0,0.41,0.07232142857142858,indikativ,"Saltelli/Jansen, həqiqi zəncir"
fuel_dereg20,microsim,,,,,mikrosimulyasiya: bir icra ≈ 15 s və davranış parametrləri üçün interfeys (eng_microsim.simulate behaviour=) hələ aktiv deyil — Monte Karlo bu blok üçün aparılmadı,,,,,,,,,,,,,,,buraxıldı
fx_deval10,micro,gdp_real:orta,Real ÜDM (Δ %) — orta müddət,-0.11922226964601879,FR1.E3_hhdisp|ln_wagebill_r,Ev təsərrüfatlarının real sərəncamda qalan gəliri: ln real əmək haqqı fondu (orta əmək haqqı × məşğulluq),0.3769209878072344,0.5344854288625426,0.44714062006854416,0.5124007232314739,1.0,True,0.2765797577531861,0.15947148875649114,1.0,160.0,48.0,0.665,0.04285714285714286,indikativ (1-ci sürücü sabit),"Saltelli/Jansen, həqiqi zəncir"
fx_deval10,micro,gdp_real:orta,Real ÜDM (Δ %) — orta müddət,-0.11922226964601879,FR1.E3_hhdisp|ln_gdpnon,Ev təsərrüfatlarının real sərəncamda qalan gəliri: ln real qeyri-neft ÜDM,0.6025470923222385,0.5105558476412329,0.08949865169541704,0.14291834416243565,2.0,True,0.2765797577531861,0.15947148875649114,1.0,160.0,48.0,0.665,0.04285714285714286,indikativ (1-ci sürücü sabit),"Saltelli/Jansen, həqiqi zəncir"
fx_deval10,micro,gdp_real:orta,Real ÜDM (Δ %) — orta müddət,-0.11922226964601879,FR1.G4_infl|dln_wage,"İQİ inflyasiyası (struktur xərc əlavəsi): əmək haqqı artımı, %",0.3465319843899634,0.17556938949959208,0.009536170053813738,0.04714232086677732,3.0,True,0.2765797577531861,0.15947148875649114,1.0,160.0,48.0,0.665,0.04285714285714286,indikativ (1-ci sürücü sabit),"Saltelli/Jansen, həqiqi zəncir"
fx_deval10,micro,gdp_real:orta,Real ÜDM (Δ %) — orta müddət,-0.11922226964601879,FR1.G4_infl|dln_fx_L1,"İQİ inflyasiyası (struktur xərc əlavəsi): məzənnə dəyişməsi, əvvəlki il, %",0.13129491537298932,0.046432187229026964,0.018246242784022478,0.035350427896955756,4.0,False,0.2765797577531861,0.15947148875649114,1.0,160.0,48.0,0.665,0.04285714285714286,indikativ (1-ci sürücü sabit),"Saltelli/Jansen, həqiqi zəncir"
fx_deval10,micro,gdp_real:orta,Real ÜDM (Δ %) — orta müddət,-0.11922226964601879,FR1.G4_infl|dln_fx,"İQİ inflyasiyası (struktur xərc əlavəsi): məzənnə dəyişməsi, %",0.04120529676701261,0.03460556660075205,0.010820087935011538,0.017658978367935497,5.0,False,0.2765797577531861,0.15947148875649114,1.0,160.0,48.0,0.665,0.04285714285714286,indikativ (1-ci sürücü sabit),"Saltelli/Jansen, həqiqi zəncir"
fx_deval10,micro,infl:qısa,İnflyasiya (Δ f.b.) — qısa müddət,0.6306277147496004,FR1.G4_infl|dln_fx_L1,"İQİ inflyasiyası (struktur xərc əlavəsi): məzənnə dəyişməsi, əvvəlki il, %",0.13129491537298932,0.046432187229026964,0.5966475113420366,0.48275216744154487,1.0,True,0.1502023486596501,0.0621291612022349,1.0,160.0,48.0,0.595,0.04285714285714286,indikativ (1-ci sürücü sabit),"Saltelli/Jansen, həqiqi zəncir"
fx_deval10,micro,infl:qısa,İnflyasiya (Δ f.b.) — qısa müddət,0.6306277147496004,FR1.G4_infl|dln_fx,"İQİ inflyasiyası (struktur xərc əlavəsi): məzənnə dəyişməsi, %",0.04120529676701261,0.03460556660075205,0.2986258456160757,0.280876301281551,2.0,True,0.1502023486596501,0.0621291612022349,1.0,160.0,48.0,0.595,0.04285714285714286,indikativ (1-ci sürücü sabit),"Saltelli/Jansen, həqiqi zəncir"
fx_deval10,micro,infl:qısa,İnflyasiya (Δ f.b.) — qısa müddət,0.6306277147496004,FR1.G4_infl|dln_wage,"İQİ inflyasiyası (struktur xərc əlavəsi): əmək haqqı artımı, %",0.3465319843899634,0.17556938949959208,0.06460677228542139,0.09503257599512765,3.0,True,0.1502023486596501,0.0621291612022349,1.0,160.0,48.0,0.595,0.04285714285714286,indikativ (1-ci sürücü sabit),"Saltelli/Jansen, həqiqi zəncir"
fx_deval10,micro,infl:qısa,İnflyasiya (Δ f.b.) — qısa müddət,0.6306277147496004,FR1.E3_hhdisp|ln_wagebill_r,Ev təsərrüfatlarının real sərəncamda qalan gəliri: ln real əmək haqqı fondu (orta əmək haqqı × məşğulluq),0.3769209878072344,0.5344854288625426,0.04774370271903547,0.09276557129772758,4.0,False,0.1502023486596501,0.0621291612022349,1.0,160.0,48.0,0.595,0.04285714285714286,indikativ (1-ci sürücü sabit),"Saltelli/Jansen, həqiqi zəncir"
fx_deval10,micro,infl:qısa,İnflyasiya (Δ f.b.) — qısa müddət,0.6306277147496004,FR1.E3_hhdisp|ln_gdpnon,Ev təsərrüfatlarının real sərəncamda qalan gəliri: ln real qeyri-neft ÜDM,0.6025470923222385,0.5105558476412329,0.004354133317647445,0.014653367533656234,5.0,False,0.1502023486596501,0.0621291612022349,1.0,160.0,48.0,0.595,0.04285714285714286,indikativ (1-ci sürücü sabit),"Saltelli/Jansen, həqiqi zəncir"
fx_deval10,micro,employment_hired:orta,"Muzdlu işçilər, FR4 (Δ %) — orta müddət",-0.0019875128648039198,FR1.E3_hhdisp|ln_wagebill_r,Ev təsərrüfatlarının real sərəncamda qalan gəliri: ln real əmək haqqı fondu (orta əmək haqqı × məşğulluq),0.3769209878072344,0.5344854288625426,0.43747619121581865,0.4982721670246416,1.0,True,0.2726018670204723,0.15758541010616622,1.0,160.0,48.0,0.58,0.04285714285714286,indikativ (1-ci sürücü sabit),"Saltelli/Jansen, həqiqi zəncir"
fx_deval10,micro,employment_hired:orta,"Muzdlu işçilər, FR4 (Δ %) — orta müddət",-0.0019875128648039198,FR1.E3_hhdisp|ln_gdpnon,Ev təsərrüfatlarının real sərəncamda qalan gəliri: ln real qeyri-neft ÜDM,0.6025470923222385,0.5105558476412329,0.07995975257201918,0.13162253588365722,2.0,True,0.2726018670204723,0.15758541010616622,1.0,160.0,48.0,0.58,0.04285714285714286,indikativ (1-ci sürücü sabit),"Saltelli/Jansen, həqiqi zəncir"
fx_deval10,micro,employment_hired:orta,"Muzdlu işçilər, FR4 (Δ %) — orta müddət",-0.0019875128648039198,FR1.G4_infl|dln_wage,"İQİ inflyasiyası (struktur xərc əlavəsi): əmək haqqı artımı, %",0.3465319843899634,0.17556938949959208,0.009045750088944746,0.04549802412381697,3.0,True,0.2726018670204723,0.15758541010616622,1.0,160.0,48.0,0.58,0.04285714285714286,indikativ (1-ci sürücü sabit),"Saltelli/Jansen, həqiqi zəncir"
fx_deval10,micro,employment_hired:orta,"Muzdlu işçilər, FR4 (Δ %) — orta müddət",-0.0019875128648039198,FR1.G4_infl|dln_fx_L1,"İQİ inflyasiyası (struktur xərc əlavəsi): məzənnə dəyişməsi, əvvəlki il, %",0.13129491537298932,0.046432187229026964,0.019895518606849558,0.038691120962324396,4.0,False,0.2726018670204723,0.15758541010616622,1.0,160.0,48.0,0.58,0.04285714285714286,indikativ (1-ci sürücü sabit),"Saltelli/Jansen, həqiqi zəncir"
fx_deval10,micro,employment_hired:orta,"Muzdlu işçilər, FR4 (Δ %) — orta müddət",-0.0019875128648039198,FR1.G4_infl|dln_fx,"İQİ inflyasiyası (struktur xərc əlavəsi): məzənnə dəyişməsi, %",0.04120529676701261,0.03460556660075205,0.013950333970124091,0.020161684227233048,5.0,False,0.2726018670204723,0.15758541010616622,1.0,160.0,48.0,0.58,0.04285714285714286,indikativ (1-ci sürücü sabit),"Saltelli/Jansen, həqiqi zəncir"
fx_deval10,micro,budget_balance_pct:orta,Büdcə balansı (Δ f.b. ÜDM) — orta müddət,-0.19274914112991498,FR1.E3_hhdisp|ln_wagebill_r,Ev təsərrüfatlarının real sərəncamda qalan gəliri: ln real əmək haqqı fondu (orta əmək haqqı × məşğulluq),0.3769209878072344,0.5344854288625426,0.2750157307752431,0.8615919373964998,1.0,True,0.3603544566710134,0.42940020066147616,1.0,160.0,48.0,1.0,0.04285714285714286,indikativ (ilk-3 sabit),"Saltelli/Jansen, həqiqi zəncir"
fx_deval10,micro,budget_balance_pct:orta,Büdcə balansı (Δ f.b. ÜDM) — orta müddət,-0.19274914112991498,FR1.E3_hhdisp|ln_gdpnon,Ev təsərrüfatlarının real sərəncamda qalan gəliri: ln real qeyri-neft ÜDM,0.6025470923222385,0.5105558476412329,0.0888082970979332,0.5319752100615479,2.0,True,0.3603544566710134,0.42940020066147616,1.0,160.0,48.0,1.0,0.04285714285714286,indikativ (ilk-3 sabit),"Saltelli/Jansen, həqiqi zəncir"
fx_deval10,micro,budget_balance_pct:orta,Büdcə balansı (Δ f.b. ÜDM) — orta müddət,-0.19274914112991498,FR1.G4_infl|dln_wage,"İQİ inflyasiyası (struktur xərc əlavəsi): əmək haqqı artımı, %",0.3465319843899634,0.17556938949959208,0.033290098478072495,0.06856512683849779,3.0,True,0.3603544566710134,0.42940020066147616,1.0,160.0,48.0,1.0,0.04285714285714286,indikativ (ilk-3 sabit),"Saltelli/Jansen, həqiqi zəncir"
fx_deval10,micro,budget_balance_pct:orta,Büdcə balansı (Δ f.b. ÜDM) — orta müddət,-0.19274914112991498,FR1.G4_infl|dln_fx_L1,"İQİ inflyasiyası (struktur xərc əlavəsi): məzənnə dəyişməsi, əvvəlki il, %",0.13129491537298932,0.046432187229026964,0.0029758992022124466,0.010745680950573915,4.0,False,0.3603544566710134,0.42940020066147616,1.0,160.0,48.0,1.0,0.04285714285714286,indikativ (ilk-3 sabit),"Saltelli/Jansen, həqiqi zəncir"
fx_deval10,micro,budget_balance_pct:orta,Büdcə balansı (Δ f.b. ÜDM) — orta müddət,-0.19274914112991498,FR1.G4_infl|dln_fx,"İQİ inflyasiyası (struktur xərc əlavəsi): məzənnə dəyişməsi, %",0.04120529676701261,0.03460556660075205,0.0008945122323367512,0.005983214782801718,5.0,False,0.3603544566710134,0.42940020066147616,1.0,160.0,48.0,1.0,0.04285714285714286,indikativ (ilk-3 sabit),"Saltelli/Jansen, həqiqi zəncir"
fx_deval10,microsim,,,,,mikrosimulyasiya: bir icra ≈ 15 s və davranış parametrləri üçün interfeys (eng_microsim.simulate behaviour=) hələ aktiv deyil — Monte Karlo bu blok üçün aparılmadı,,,,,,,,,,,,,,,buraxıldı
mw20_2027,micro,gdp_real:orta,Real ÜDM (Δ %) — orta müddət,0.8838598529754882,FR1.E3_hhdisp|ln_wagebill_r,Ev təsərrüfatlarının real sərəncamda qalan gəliri: ln real əmək haqqı fondu (orta əmək haqqı × məşğulluq),0.3769209878072344,0.5344854288625426,0.7267152456690219,0.9943677780908574,1.0,True,0.2204822200797571,0.18122429107480134,1.0,160.0,155.0,0.745,0.13839285714285715,indikativ (1-ci sürücü sabit),"Saltelli/Jansen, həqiqi zəncir"
mw20_2027,micro,gdp_real:orta,Real ÜDM (Δ %) — orta müddət,0.8838598529754882,FR1.E3_hhdisp|ln_gdpnon,Ev təsərrüfatlarının real sərəncamda qalan gəliri: ln real qeyri-neft ÜDM,0.6025470923222385,0.5105558476412329,0.15691806031962852,0.24179483191281656,2.0,True,0.2204822200797571,0.18122429107480134,1.0,160.0,155.0,0.745,0.13839285714285715,indikativ (1-ci sürücü sabit),"Saltelli/Jansen, həqiqi zəncir"
mw20_2027,micro,gdp_real:orta,Real ÜDM (Δ %) — orta müddət,0.8838598529754882,FR1.D1_cons|ln_hhdisp_pc,Ev təsərrüfatlarının istehlakı (adambaşına): ln adambaşına real sərəncamda qalan gəlir,0.9288356879948724,0.37903162691816805,0.06198347772407365,0.14830506532837895,3.0,True,0.2204822200797571,0.18122429107480134,1.0,160.0,155.0,0.745,0.13839285714285715,indikativ (1-ci sürücü sabit),"Saltelli/Jansen, həqiqi zəncir"
mw20_2027,micro,gdp_real:orta,Real ÜDM (Δ %) — orta müddət,0.8838598529754882,FR1.D1_cons|ln_cred_hh_pc,Ev təsərrüfatlarının istehlakı (adambaşına): ln adambaşına real ev təsərrüfatı krediti,0.12474670097614615,0.16912090601999374,0.015284002007700073,0.11263502795134744,4.0,False,0.2204822200797571,0.18122429107480134,1.0,160.0,155.0,0.745,0.13839285714285715,indikativ (1-ci sürücü sabit),"Saltelli/Jansen, həqiqi zəncir"
mw20_2027,micro,gdp_real:orta,Real ÜDM (Δ %) — orta müddət,0.8838598529754882,FR1.G4_infl|dln_wage,"İQİ inflyasiyası (struktur xərc əlavəsi): əmək haqqı artımı, %",0.3465319843899634,0.17556938949959208,-0.013369892124092867,0.06552955730527857,5.0,False,0.2204822200797571,0.18122429107480134,1.0,160.0,155.0,0.745,0.13839285714285715,indikativ (1-ci sürücü sabit),"Saltelli/Jansen, həqiqi zəncir"
mw20_2027,micro,infl:qısa,İnflyasiya (Δ f.b.) — qısa müddət,0.7872856702500913,FR1.G4_infl|dln_wage,"İQİ inflyasiyası (struktur xərc əlavəsi): əmək haqqı artımı, %",0.3465319843899634,0.17556938949959208,0.7263905299534903,0.6479135269480916,1.0,True,0.2129318936330239,0.04884487689079364,1.0,160.0,155.0,0.92,0.13839285714285715,indikativ (ilk-3 sabit),"Saltelli/Jansen, həqiqi zəncir"
mw20_2027,micro,infl:qısa,İnflyasiya (Δ f.b.) — qısa müddət,0.7872856702500913,FR1.E3_hhdisp|ln_wagebill_r,Ev təsərrüfatlarının real sərəncamda qalan gəliri: ln real əmək haqqı fondu (orta əmək haqqı × məşğulluq),0.3769209878072344,0.5344854288625426,0.25010598541432294,0.2261821917376254,2.0,True,0.2129318936330239,0.04884487689079364,1.0,160.0,155.0,0.92,0.13839285714285715,indikativ (ilk-3 sabit),"Saltelli/Jansen, həqiqi zəncir"
mw20_2027,micro,infl:qısa,İnflyasiya (Δ f.b.) — qısa müddət,0.7872856702500913,FR1.E3_hhdisp|ln_gdpnon,Ev təsərrüfatlarının real sərəncamda qalan gəliri: ln real qeyri-neft ÜDM,0.6025470923222385,0.5105558476412329,0.012334632820837061,0.03265086297054001,3.0,True,0.2129318936330239,0.04884487689079364,1.0,160.0,155.0,0.92,0.13839285714285715,indikativ (ilk-3 sabit),"Saltelli/Jansen, həqiqi zəncir"
mw20_2027,micro,infl:qısa,İnflyasiya (Δ f.b.) — qısa müddət,0.7872856702500913,FR1.D1_cons|ln_hhdisp_pc,Ev təsərrüfatlarının istehlakı (adambaşına): ln adambaşına real sərəncamda qalan gəlir,0.9288356879948724,0.37903162691816805,0.015600460971516891,0.019900425326437116,4.0,False,0.2129318936330239,0.04884487689079364,1.0,160.0,155.0,0.92,0.13839285714285715,indikativ (ilk-3 sabit),"Saltelli/Jansen, həqiqi zəncir"
mw20_2027,micro,infl:qısa,İnflyasiya (Δ f.b.) — qısa müddət,0.7872856702500913,FR1.D1_cons|ln_cred_hh_pc,Ev təsərrüfatlarının istehlakı (adambaşına): ln adambaşına real ev təsərrüfatı krediti,0.12474670097614615,0.16912090601999374,-0.003058036277027769,0.011189739448950598,5.0,False,0.2129318936330239,0.04884487689079364,1.0,160.0,155.0,0.92,0.13839285714285715,indikativ (ilk-3 sabit),"Saltelli/Jansen, həqiqi zəncir"
mw20_2027,micro,employment_hired:orta,"Muzdlu işçilər, FR4 (Δ %) — orta müddət",0.035531514731557134,FR1.E3_hhdisp|ln_wagebill_r,Ev təsərrüfatlarının real sərəncamda qalan gəliri: ln real əmək haqqı fondu (orta əmək haqqı × məşğulluq),0.3769209878072344,0.5344854288625426,0.7246266423684332,0.9867369322164757,1.0,True,0.21900612793228647,0.16295936052641208,1.0,160.0,155.0,0.77,0.13839285714285715,indikativ (1-ci sürücü sabit),"Saltelli/Jansen, həqiqi zəncir"
mw20_2027,micro,employment_hired:orta,"Muzdlu işçilər, FR4 (Δ %) — orta müddət",0.035531514731557134,FR1.E3_hhdisp|ln_gdpnon,Ev təsərrüfatlarının real sərəncamda qalan gəliri: ln real qeyri-neft ÜDM,0.6025470923222385,0.5105558476412329,0.15470369388847685,0.2239446951942352,2.0,True,0.21900612793228647,0.16295936052641208,1.0,160.0,155.0,0.77,0.13839285714285715,indikativ (1-ci sürücü sabit),"Saltelli/Jansen, həqiqi zəncir"
mw20_2027,micro,employment_hired:orta,"Muzdlu işçilər, FR4 (Δ %) — orta müddət",0.035531514731557134,FR1.D1_cons|ln_hhdisp_pc,Ev təsərrüfatlarının istehlakı (adambaşına): ln adambaşına real sərəncamda qalan gəlir,0.9288356879948724,0.37903162691816805,0.06096386951554568,0.14146237100789524,3.0,True,0.21900612793228647,0.16295936052641208,1.0,160.0,155.0,0.77,0.13839285714285715,indikativ (1-ci sürücü sabit),"Saltelli/Jansen, həqiqi zəncir"
mw20_2027,micro,employment_hired:orta,"Muzdlu işçilər, FR4 (Δ %) — orta müddət",0.035531514731557134,FR1.D1_cons|ln_cred_hh_pc,Ev təsərrüfatlarının istehlakı (adambaşına): ln adambaşına real ev təsərrüfatı krediti,0.12474670097614615,0.16912090601999374,0.018487964063833316,0.10543901219212613,4.0,False,0.21900612793228647,0.16295936052641208,1.0,160.0,155.0,0.77,0.13839285714285715,indikativ (1-ci sürücü sabit),"Saltelli/Jansen, həqiqi zəncir"
mw20_2027,micro,employment_hired:orta,"Muzdlu işçilər, FR4 (Δ %) — orta müddət",0.035531514731557134,FR1.G4_infl|dln_wage,"İQİ inflyasiyası (struktur xərc əlavəsi): əmək haqqı artımı, %",0.3465319843899634,0.17556938949959208,-0.009644978640777842,0.06699119069417099,5.0,False,0.21900612793228647,0.16295936052641208,1.0,160.0,155.0,0.77,0.13839285714285715,indikativ (1-ci sürücü sabit),"Saltelli/Jansen, həqiqi zəncir"
mw20_2027,micro,budget_balance_pct:orta,Büdcə balansı (Δ f.b. ÜDM) — orta müddət,0.10141337621054498,FR1.E3_hhdisp|ln_wagebill_r,Ev təsərrüfatlarının real sərəncamda qalan gəliri: ln real əmək haqqı fondu (orta əmək haqqı × məşğulluq),0.3769209878072344,0.5344854288625426,0.46950582917195915,0.7046489235251746,1.0,True,0.2386156898457442,0.20706435298577808,0.99,160.0,155.0,0.955,0.13839285714285715,indikativ (ilk-3 sabit),"Saltelli/Jansen, həqiqi zəncir"
mw20_2027,micro,budget_balance_pct:orta,Büdcə balansı (Δ f.b. ÜDM) — orta müddət,0.10141337621054498,FR1.E3_hhdisp|ln_gdpnon,Ev təsərrüfatlarının real sərəncamda qalan gəliri: ln real qeyri-neft ÜDM,0.6025470923222385,0.5105558476412329,0.22226009157334675,0.39079554259867166,2.0,True,0.2386156898457442,0.20706435298577808,0.99,160.0,155.0,0.955,0.13839285714285715,indikativ (ilk-3 sabit),"Saltelli/Jansen, həqiqi zəncir"
mw20_2027,micro,budget_balance_pct:orta,Büdcə balansı (Δ f.b. ÜDM) — orta müddət,0.10141337621054498,FR1.D1_cons|ln_hhdisp_pc,Ev təsərrüfatlarının istehlakı (adambaşına): ln adambaşına real sərəncamda qalan gəlir,0.9288356879948724,0.37903162691816805,0.06558149611023288,0.20424516726421962,3.0,True,0.2386156898457442,0.20706435298577808,0.99,160.0,155.0,0.955,0.13839285714285715,indikativ (ilk-3 sabit),"Saltelli/Jansen, həqiqi zəncir"
mw20_2027,micro,budget_balance_pct:orta,Büdcə balansı (Δ f.b. ÜDM) — orta müddət,0.10141337621054498,FR1.D1_cons|ln_cred_hh_pc,Ev təsərrüfatlarının istehlakı (adambaşına): ln adambaşına real ev təsərrüfatı krediti,0.12474670097614615,0.16912090601999374,0.03386000807810157,0.12566014146254795,4.0,False,0.2386156898457442,0.20706435298577808,0.99,160.0,155.0,0.955,0.13839285714285715,indikativ (ilk-3 sabit),"Saltelli/Jansen, həqiqi zəncir"
mw20_2027,micro,budget_balance_pct:orta,Büdcə balansı (Δ f.b. ÜDM) — orta müddət,0.10141337621054498,FR1.G4_infl|dln_wage,"İQİ inflyasiyası (struktur xərc əlavəsi): əmək haqqı artımı, %",0.3465319843899634,0.17556938949959208,-0.007647945468295812,0.09265079554164335,5.0,False,0.2386156898457442,0.20706435298577808,0.99,160.0,155.0,0.955,0.13839285714285715,indikativ (ilk-3 sabit),"Saltelli/Jansen, həqiqi zəncir"
mw20_2027,informality,formal_jobs_net,Xalis formal iş yerləri: FR4 + kalibrlənmiş itki (min nəfər),-4.917045107955446,eps_mw,ε: minimum əmək haqqına məşğulluq elastikliyi (ədəbiyyat),-0.1,,0.8169858262727461,0.8568508262485507,1.0,True,0.014044394662470955,0.014044394662470955,,8192.0,0.0,,0.0,bəli,Saltelli/Jansen (N və 2N)
mw20_2027,informality,formal_jobs_net,Xalis formal iş yerləri: FR4 + kalibrlənmiş itki (min nəfər),-4.917045107955446,bound_share,minimum əmək haqqı ətrafında işçilərin payı,0.15,,0.09403938274343102,0.12193053305733385,2.0,True,0.014044394662470955,0.014044394662470955,,8192.0,0.0,,0.0,bəli,Saltelli/Jansen (N və 2N)
mw20_2027,informality,formal_jobs_net,Xalis formal iş yerləri: FR4 + kalibrlənmiş itki (min nəfər),-4.917045107955446,fr4_hired,FR4 modelinin formal iş yeri effekti,0.6606082403796212,1.116197353668795,0.03912601286475158,0.04149403700120394,3.0,True,0.014044394662470955,0.014044394662470955,,8192.0,0.0,,0.0,bəli,Saltelli/Jansen (N və 2N)
mw20_2027,informality,formal_jobs_net,Xalis formal iş yerləri: FR4 + kalibrlənmiş itki (min nəfər),-4.917045107955446,inf_share,itən iş yerlərinin qeyri-formala keçən payı,0.6,,0.0,0.0,4.0,False,0.014044394662470955,0.014044394662470955,,8192.0,0.0,,0.0,bəli,Saltelli/Jansen (N və 2N)
mw20_2027,informality,informal_shift,Qeyri-formal məşğulluğa keçid (min nəfər),3.34659200900104,eps_mw,ε: minimum əmək haqqına məşğulluq elastikliyi (ədəbiyyat),-0.1,,0.8232608581374757,0.8717106655083834,1.0,True,0.017176371308560645,0.017176371308560645,,8192.0,0.0,,0.0,bəli,Saltelli/Jansen (N və 2N)
mw20_2027,informality,informal_shift,Qeyri-formal məşğulluğa keçid (min nəfər),3.34659200900104,bound_share,minimum əmək haqqı ətrafında işçilərin payı,0.15,,0.0962810840160971,0.12424059287775353,2.0,True,0.017176371308560645,0.017176371308560645,,8192.0,0.0,,0.0,bəli,Saltelli/Jansen (N və 2N)
mw20_2027,informality,informal_shift,Qeyri-formal məşğulluğa keçid (min nəfər),3.34659200900104,inf_share,itən iş yerlərinin qeyri-formala keçən payı,0.6,,0.02485176201223932,0.03276974561302315,3.0,True,0.017176371308560645,0.017176371308560645,,8192.0,0.0,,0.0,bəli,Saltelli/Jansen (N və 2N)
mw20_2027,informality,informal_shift,Qeyri-formal məşğulluğa keçid (min nəfər),3.34659200900104,fr4_hired,FR4 modelinin formal iş yeri effekti,0.6606082403796212,1.116197353668795,0.0,0.0,4.0,False,0.017176371308560645,0.017176371308560645,,8192.0,0.0,,0.0,bəli,Saltelli/Jansen (N və 2N)
mw20_2027,microsim,,,,,mikrosimulyasiya: bir icra ≈ 15 s və davranış parametrləri üçün interfeys (eng_microsim.simulate behaviour=) hələ aktiv deyil — Monte Karlo bu blok üçün aparılmadı,,,,,,,,,,,,,,,buraxıldı
pension10_2027,micro,gdp_real:orta,Real ÜDM (Δ %) — orta müddət,0.2436039504135401,FR1.D1_cons|ln_hhdisp_pc,Ev təsərrüfatlarının istehlakı (adambaşına): ln adambaşına real sərəncamda qalan gəlir,0.9288356879948724,0.37903162691816805,0.5516060850861029,0.7766433306817188,1.0,True,0.25136209808970555,0.15743314674634967,1.0,160.0,0.0,0.975,0.0,indikativ (ilk-3 sabit),"Saltelli/Jansen, həqiqi zəncir"
pension10_2027,micro,gdp_real:orta,Real ÜDM (Δ %) — orta müddət,0.2436039504135401,FR1.D1_cons|ln_cred_hh_pc,Ev təsərrüfatlarının istehlakı (adambaşına): ln adambaşına real ev təsərrüfatı krediti,0.12474670097614615,0.16912090601999374,0.13146280456754417,0.3544420412875771,2.0,True,0.25136209808970555,0.15743314674634967,1.0,160.0,0.0,0.975,0.0,indikativ (ilk-3 sabit),"Saltelli/Jansen, həqiqi zəncir"
pension10_2027,micro,gdp_real:orta,Real ÜDM (Δ %) — orta müddət,0.2436039504135401,FR1.E2_wage|ln_prod_non,Orta nominal əmək haqqı: ln qeyri-neft əmək məhsuldarlığı,0.8578149622046662,0.0886535793184953,-0.0012681492517491412,0.04456709951017872,3.0,True,0.25136209808970555,0.15743314674634967,1.0,160.0,0.0,0.975,0.0,indikativ (ilk-3 sabit),"Saltelli/Jansen, həqiqi zəncir"
pension10_2027,micro,gdp_real:orta,Real ÜDM (Δ %) — orta müddət,0.2436039504135401,FR1.G4_infl|dln_wage,"İQİ inflyasiyası (struktur xərc əlavəsi): əmək haqqı artımı, %",0.3465319843899634,0.17556938949959208,0.009943223658917739,0.01770263360796292,4.0,False,0.25136209808970555,0.15743314674634967,1.0,160.0,0.0,0.975,0.0,indikativ (ilk-3 sabit),"Saltelli/Jansen, həqiqi zəncir"
pension10_2027,micro,gdp_real:orta,Real ÜDM (Δ %) — orta müddət,0.2436039504135401,FR1.E1_emp|ln_gdpnon_pc,Məşğulluq səviyyəsi (Okun tipli əlaqə): ln adambaşına real qeyri-neft ÜDM,0.03365751478454254,0.011391499978538753,-0.00018411404397378046,2.2898697203799278e-05,5.0,False,0.25136209808970555,0.15743314674634967,1.0,160.0,0.0,0.975,0.0,indikativ (ilk-3 sabit),"Saltelli/Jansen, həqiqi zəncir"
pension10_2027,micro,infl:qısa,İnflyasiya (Δ f.b.) — qısa müddət,0.03420738304503542,FR1.G4_infl|dln_wage,"İQİ inflyasiyası (struktur xərc əlavəsi): əmək haqqı artımı, %",0.3465319843899634,0.17556938949959208,0.397693893479193,0.49770763621787895,1.0,True,0.1566647136176437,0.0963855385518807,0.995,160.0,0.0,1.0,0.0,indikativ (ilk-3 sabit),"Saltelli/Jansen, həqiqi zəncir"
pension10_2027,micro,infl:qısa,İnflyasiya (Δ f.b.) — qısa müddət,0.03420738304503542,FR1.D1_cons|ln_hhdisp_pc,Ev təsərrüfatlarının istehlakı (adambaşına): ln adambaşına real sərəncamda qalan gəlir,0.9288356879948724,0.37903162691816805,0.2326642730841141,0.32096284476966436,2.0,True,0.1566647136176437,0.0963855385518807,0.995,160.0,0.0,1.0,0.0,indikativ (ilk-3 sabit),"Saltelli/Jansen, həqiqi zəncir"
pension10_2027,micro,infl:qısa,İnflyasiya (Δ f.b.) — qısa müddət,0.03420738304503542,FR1.D1_cons|ln_cred_hh_pc,Ev təsərrüfatlarının istehlakı (adambaşına): ln adambaşına real ev təsərrüfatı krediti,0.12474670097614615,0.16912090601999374,0.08861973060902537,0.1098182589594685,3.0,True,0.1566647136176437,0.0963855385518807,0.995,160.0,0.0,1.0,0.0,indikativ (ilk-3 sabit),"Saltelli/Jansen, həqiqi zəncir"
pension10_2027,micro,infl:qısa,İnflyasiya (Δ f.b.) — qısa müddət,0.03420738304503542,FR1.E2_wage|ln_prod_non,Orta nominal əmək haqqı: ln qeyri-neft əmək məhsuldarlığı,0.8578149622046662,0.0886535793184953,0.0021094462747105634,0.04960124103433383,4.0,False,0.1566647136176437,0.0963855385518807,0.995,160.0,0.0,1.0,0.0,indikativ (ilk-3 sabit),"Saltelli/Jansen, həqiqi zəncir"
pension10_2027,micro,infl:qısa,İnflyasiya (Δ f.b.) — qısa müddət,0.03420738304503542,FR1.E1_emp|ln_gdpnon_pc,Məşğulluq səviyyəsi (Okun tipli əlaqə): ln adambaşına real qeyri-neft ÜDM,0.03365751478454254,0.011391499978538753,0.0006088457234147039,0.0001539485970129135,5.0,False,0.1566647136176437,0.0963855385518807,0.995,160.0,0.0,1.0,0.0,indikativ (ilk-3 sabit),"Saltelli/Jansen, həqiqi zəncir"
pension10_2027,micro,employment_hired:orta,"Muzdlu işçilər, FR4 (Δ %) — orta müddət",0.010218486422841622,FR1.D1_cons|ln_hhdisp_pc,Ev təsərrüfatlarının istehlakı (adambaşına): ln adambaşına real sərəncamda qalan gəlir,0.9288356879948724,0.37903162691816805,0.3270754189680674,0.624728516981522,1.0,True,0.2719476704917131,0.1287278099805417,1.0,160.0,0.0,1.0,0.0,indikativ (ilk-3 sabit),"Saltelli/Jansen, həqiqi zəncir"
pension10_2027,micro,employment_hired:orta,"Muzdlu işçilər, FR4 (Δ %) — orta müddət",0.010218486422841622,FR1.D1_cons|ln_cred_hh_pc,Ev təsərrüfatlarının istehlakı (adambaşına): ln adambaşına real ev təsərrüfatı krediti,0.12474670097614615,0.16912090601999374,0.03569894618825514,0.2609279272597574,2.0,True,0.2719476704917131,0.1287278099805417,1.0,160.0,0.0,1.0,0.0,indikativ (ilk-3 sabit),"Saltelli/Jansen, həqiqi zəncir"
pension10_2027,micro,employment_hired:orta,"Muzdlu işçilər, FR4 (Δ %) — orta müddət",0.010218486422841622,FR1.E1_emp|ln_gdpnon_pc,Məşğulluq səviyyəsi (Okun tipli əlaqə): ln adambaşına real qeyri-neft ÜDM,0.03365751478454254,0.011391499978538753,0.1369758284290908,0.22455513445755015,3.0,True,0.2719476704917131,0.1287278099805417,1.0,160.0,0.0,1.0,0.0,indikativ (ilk-3 sabit),"Saltelli/Jansen, həqiqi zəncir"
pension10_2027,micro,employment_hired:orta,"Muzdlu işçilər, FR4 (Δ %) — orta müddət",0.010218486422841622,FR1.E2_wage|ln_prod_non,Orta nominal əmək haqqı: ln qeyri-neft əmək məhsuldarlığı,0.8578149622046662,0.0886535793184953,-0.02029407921432774,0.03020395039167623,4.0,False,0.2719476704917131,0.1287278099805417,1.0,160.0,0.0,1.0,0.0,indikativ (ilk-3 sabit),"Saltelli/Jansen, həqiqi zəncir"
pension10_2027,micro,employment_hired:orta,"Muzdlu işçilər, FR4 (Δ %) — orta müddət",0.010218486422841622,FR1.G4_infl|dln_wage,"İQİ inflyasiyası (struktur xərc əlavəsi): əmək haqqı artımı, %",0.3465319843899634,0.17556938949959208,0.007803549711700792,0.01249831592742329,5.0,False,0.2719476704917131,0.1287278099805417,1.0,160.0,0.0,1.0,0.0,indikativ (ilk-3 sabit),"Saltelli/Jansen, həqiqi zəncir"
pension10_2027,micro,budget_balance_pct:orta,Büdcə balansı (Δ f.b. ÜDM) — orta müddət,-0.5354824447963766,FR1.G4_infl|dln_wage,"İQİ inflyasiyası (struktur xərc əlavəsi): əmək haqqı artımı, %",0.3465319843899634,0.17556938949959208,0.5965997437755337,0.7716797335241322,1.0,True,0.22444065350632963,0.07593194649700907,1.0,160.0,0.0,0.945,0.0,indikativ (ilk-3 sabit),"Saltelli/Jansen, həqiqi zəncir"
pension10_2027,micro,budget_balance_pct:orta,Büdcə balansı (Δ f.b. ÜDM) — orta müddət,-0.5354824447963766,FR1.E2_wage|ln_prod_non,Orta nominal əmək haqqı: ln qeyri-neft əmək məhsuldarlığı,0.8578149622046662,0.0886535793184953,0.13807014732882725,0.1932556320790661,2.0,True,0.22444065350632963,0.07593194649700907,1.0,160.0,0.0,0.945,0.0,indikativ (ilk-3 sabit),"Saltelli/Jansen, həqiqi zəncir"
pension10_2027,micro,budget_balance_pct:orta,Büdcə balansı (Δ f.b. ÜDM) — orta müddət,-0.5354824447963766,FR1.D1_cons|ln_hhdisp_pc,Ev təsərrüfatlarının istehlakı (adambaşına): ln adambaşına real sərəncamda qalan gəlir,0.9288356879948724,0.37903162691816805,0.06259615005699913,0.1361295370193807,3.0,True,0.22444065350632963,0.07593194649700907,1.0,160.0,0.0,0.945,0.0,indikativ (ilk-3 sabit),"Saltelli/Jansen, həqiqi zəncir"
pension10_2027,micro,budget_balance_pct:orta,Büdcə balansı (Δ f.b. ÜDM) — orta müddət,-0.5354824447963766,FR1.D1_cons|ln_cred_hh_pc,Ev təsərrüfatlarının istehlakı (adambaşına): ln adambaşına real ev təsərrüfatı krediti,0.12474670097614615,0.16912090601999374,0.013169337240462042,0.07803650868538231,4.0,False,0.22444065350632963,0.07593194649700907,1.0,160.0,0.0,0.945,0.0,indikativ (ilk-3 sabit),"Saltelli/Jansen, həqiqi zəncir"
pension10_2027,micro,budget_balance_pct:orta,Büdcə balansı (Δ f.b. ÜDM) — orta müddət,-0.5354824447963766,FR1.E1_emp|ln_gdpnon_pc,Məşğulluq səviyyəsi (Okun tipli əlaqə): ln adambaşına real qeyri-neft ÜDM,0.03365751478454254,0.011391499978538753,5.830411085263518e-05,0.0016635649905293315,5.0,False,0.22444065350632963,0.07593194649700907,1.0,160.0,0.0,0.945,0.0,indikativ (ilk-3 sabit),"Saltelli/Jansen, həqiqi zəncir"
pension10_2027,microsim,,,,,mikrosimulyasiya: bir icra ≈ 15 s və davranış parametrləri üçün interfeys (eng_microsim.simulate behaviour=) hələ aktiv deyil — Monte Karlo bu blok üçün aparılmadı,,,,,,,,,,,,,,,buraxıldı
polrate_m100,micro,gdp_real:orta,Real ÜDM (Δ %) — orta müddət,0.10716965951301782,FR1.D1_cons|ln_cred_hh_pc,Ev təsərrüfatlarının istehlakı (adambaşına): ln adambaşına real ev təsərrüfatı krediti,0.12474670097614615,0.16912090601999374,0.20198122126619858,0.796722186386769,1.0,True,0.4259846989198337,0.3397583193462152,0.835,160.0,69.0,0.765,0.06160714285714286,indikativ,"Saltelli/Jansen, həqiqi zəncir"
polrate_m100,micro,gdp_real:orta,Real ÜDM (Δ %) — orta müddət,0.10716965951301782,FR1.E3_hhdisp|ln_gdpnon,Ev təsərrüfatlarının real sərəncamda qalan gəliri: ln real qeyri-neft ÜDM,0.6025470923222385,0.5105558476412329,0.06397824491264002,0.40522198223188444,2.0,True,0.4259846989198337,0.3397583193462152,0.835,160.0,69.0,0.765,0.06160714285714286,indikativ,"Saltelli/Jansen, həqiqi zəncir"
polrate_m100,micro,gdp_real:orta,Real ÜDM (Δ %) — orta müddət,0.10716965951301782,FR1.E3_hhdisp|ln_wagebill_r,Ev təsərrüfatlarının real sərəncamda qalan gəliri: ln real əmək haqqı fondu (orta əmək haqqı × məşğulluq),0.3769209878072344,0.5344854288625426,-0.009607345472200702,0.24686249752344652,3.0,True,0.4259846989198337,0.3397583193462152,0.835,160.0,69.0,0.765,0.06160714285714286,indikativ,"Saltelli/Jansen, həqiqi zəncir"
polrate_m100,micro,gdp_real:orta,Real ÜDM (Δ %) — orta müddət,0.10716965951301782,FR1.G2_credhh|ln_cred_tot_r,Ev təsərrüfatlarına kreditlər (real): ln real kreditlər,0.5752008818913141,0.19655105415624455,0.03164199957908501,0.18903131441333323,4.0,False,0.4259846989198337,0.3397583193462152,0.835,160.0,69.0,0.765,0.06160714285714286,indikativ,"Saltelli/Jansen, həqiqi zəncir"
polrate_m100,micro,gdp_real:orta,Real ÜDM (Δ %) — orta müddət,0.10716965951301782,FR1.G4_infl|dln_wage,"İQİ inflyasiyası (struktur xərc əlavəsi): əmək haqqı artımı, %",0.3465319843899634,0.17556938949959208,0.007322100464081498,0.005962792659666187,5.0,False,0.4259846989198337,0.3397583193462152,0.835,160.0,69.0,0.765,0.06160714285714286,indikativ,"Saltelli/Jansen, həqiqi zəncir"
polrate_m100,micro,infl:qısa,İnflyasiya (Δ f.b.) — qısa müddət,0.02321915672605357,FR1.D1_cons|ln_cred_hh_pc,Ev təsərrüfatlarının istehlakı (adambaşına): ln adambaşına real ev təsərrüfatı krediti,0.12474670097614615,0.16912090601999374,0.16684749359527395,0.7689068604718042,1.0,True,0.44376158336108,0.42152226661631265,0.87,160.0,69.0,0.69,0.06160714285714286,indikativ,"Saltelli/Jansen, həqiqi zəncir"
polrate_m100,micro,infl:qısa,İnflyasiya (Δ f.b.) — qısa müddət,0.02321915672605357,FR1.E3_hhdisp|ln_gdpnon,Ev təsərrüfatlarının real sərəncamda qalan gəliri: ln real qeyri-neft ÜDM,0.6025470923222385,0.5105558476412329,0.061909221092342676,0.44707302447872527,2.0,True,0.44376158336108,0.42152226661631265,0.87,160.0,69.0,0.69,0.06160714285714286,indikativ,"Saltelli/Jansen, həqiqi zəncir"
polrate_m100,micro,infl:qısa,İnflyasiya (Δ f.b.) — qısa müddət,0.02321915672605357,FR1.E3_hhdisp|ln_wagebill_r,Ev təsərrüfatlarının real sərəncamda qalan gəliri: ln real əmək haqqı fondu (orta əmək haqqı × məşğulluq),0.3769209878072344,0.5344854288625426,-0.01978850798255997,0.2090088185845028,3.0,True,0.44376158336108,0.42152226661631265,0.87,160.0,69.0,0.69,0.06160714285714286,indikativ,"Saltelli/Jansen, həqiqi zəncir"
polrate_m100,micro,infl:qısa,İnflyasiya (Δ f.b.) — qısa müddət,0.02321915672605357,FR1.G4_infl|dln_wage,"İQİ inflyasiyası (struktur xərc əlavəsi): əmək haqqı artımı, %",0.3465319843899634,0.17556938949959208,-0.05077138881750289,0.14243964933932635,4.0,False,0.44376158336108,0.42152226661631265,0.87,160.0,69.0,0.69,0.06160714285714286,indikativ,"Saltelli/Jansen, həqiqi zəncir"
polrate_m100,micro,infl:qısa,İnflyasiya (Δ f.b.) — qısa müddət,0.02321915672605357,FR1.G2_credhh|ln_cred_tot_r,Ev təsərrüfatlarına kreditlər (real): ln real kreditlər,0.5752008818913141,0.19655105415624455,0.009296878338811243,0.10648476571847015,5.0,False,0.44376158336108,0.42152226661631265,0.87,160.0,69.0,0.69,0.06160714285714286,indikativ,"Saltelli/Jansen, həqiqi zəncir"
polrate_m100,micro,employment_hired:orta,"Muzdlu işçilər, FR4 (Δ %) — orta müddət",0.004595039849730753,FR1.D1_cons|ln_cred_hh_pc,Ev təsərrüfatlarının istehlakı (adambaşına): ln adambaşına real ev təsərrüfatı krediti,0.12474670097614615,0.16912090601999374,0.20727345006849338,0.7844314522695744,1.0,True,0.37564255899683385,0.3135788105937801,0.885,160.0,69.0,0.74,0.06160714285714286,indikativ,"Saltelli/Jansen, həqiqi zəncir"
polrate_m100,micro,employment_hired:orta,"Muzdlu işçilər, FR4 (Δ %) — orta müddət",0.004595039849730753,FR1.E3_hhdisp|ln_gdpnon,Ev təsərrüfatlarının real sərəncamda qalan gəliri: ln real qeyri-neft ÜDM,0.6025470923222385,0.5105558476412329,0.058916268251818976,0.38201133289659556,2.0,True,0.37564255899683385,0.3135788105937801,0.885,160.0,69.0,0.74,0.06160714285714286,indikativ,"Saltelli/Jansen, həqiqi zəncir"
polrate_m100,micro,employment_hired:orta,"Muzdlu işçilər, FR4 (Δ %) — orta müddət",0.004595039849730753,FR1.E3_hhdisp|ln_wagebill_r,Ev təsərrüfatlarının real sərəncamda qalan gəliri: ln real əmək haqqı fondu (orta əmək haqqı × məşğulluq),0.3769209878072344,0.5344854288625426,-0.008174943309960027,0.22390611137407854,3.0,True,0.37564255899683385,0.3135788105937801,0.885,160.0,69.0,0.74,0.06160714285714286,indikativ,"Saltelli/Jansen, həqiqi zəncir"
polrate_m100,micro,employment_hired:orta,"Muzdlu işçilər, FR4 (Δ %) — orta müddət",0.004595039849730753,FR1.G2_credhh|ln_cred_tot_r,Ev təsərrüfatlarına kreditlər (real): ln real kreditlər,0.5752008818913141,0.19655105415624455,0.03017956437924387,0.18165284585296396,4.0,False,0.37564255899683385,0.3135788105937801,0.885,160.0,69.0,0.74,0.06160714285714286,indikativ,"Saltelli/Jansen, həqiqi zəncir"
polrate_m100,micro,employment_hired:orta,"Muzdlu işçilər, FR4 (Δ %) — orta müddət",0.004595039849730753,FR1.G4_infl|dln_wage,"İQİ inflyasiyası (struktur xərc əlavəsi): əmək haqqı artımı, %",0.3465319843899634,0.17556938949959208,0.009422982836123162,0.006952863806283668,5.0,False,0.37564255899683385,0.3135788105937801,0.885,160.0,69.0,0.74,0.06160714285714286,indikativ,"Saltelli/Jansen, həqiqi zəncir"
polrate_m100,micro,budget_balance_pct:orta,Büdcə balansı (Δ f.b. ÜDM) — orta müddət,0.02984224210988516,FR1.E3_hhdisp|ln_gdpnon,Ev təsərrüfatlarının real sərəncamda qalan gəliri: ln real qeyri-neft ÜDM,0.6025470923222385,0.5105558476412329,0.35525476487166546,0.5130720232551457,1.0,True,0.20611837940366368,0.16007553366193128,0.95,160.0,69.0,0.96,0.06160714285714286,indikativ (ilk-3 sabit),"Saltelli/Jansen, həqiqi zəncir"
polrate_m100,micro,budget_balance_pct:orta,Büdcə balansı (Δ f.b. ÜDM) — orta müddət,0.02984224210988516,FR1.G4_infl|dln_wage,"İQİ inflyasiyası (struktur xərc əlavəsi): əmək haqqı artımı, %",0.3465319843899634,0.17556938949959208,-0.00734489316636873,0.32815686866543725,2.0,True,0.20611837940366368,0.16007553366193128,0.95,160.0,69.0,0.96,0.06160714285714286,indikativ (ilk-3 sabit),"Saltelli/Jansen, həqiqi zəncir"
polrate_m100,micro,budget_balance_pct:orta,Büdcə balansı (Δ f.b. ÜDM) — orta müddət,0.02984224210988516,FR1.E3_hhdisp|ln_wagebill_r,Ev təsərrüfatlarının real sərəncamda qalan gəliri: ln real əmək haqqı fondu (orta əmək haqqı × məşğulluq),0.3769209878072344,0.5344854288625426,0.20921606516753416,0.2657844959534545,3.0,True,0.20611837940366368,0.16007553366193128,0.95,160.0,69.0,0.96,0.06160714285714286,indikativ (ilk-3 sabit),"Saltelli/Jansen, həqiqi zəncir"
polrate_m100,micro,budget_balance_pct:orta,Büdcə balansı (Δ f.b. ÜDM) — orta müddət,0.02984224210988516,FR1.D1_cons|ln_cred_hh_pc,Ev təsərrüfatlarının istehlakı (adambaşına): ln adambaşına real ev təsərrüfatı krediti,0.12474670097614615,0.16912090601999374,0.12997713650846635,0.14930799683320942,4.0,False,0.20611837940366368,0.16007553366193128,0.95,160.0,69.0,0.96,0.06160714285714286,indikativ (ilk-3 sabit),"Saltelli/Jansen, həqiqi zəncir"
polrate_m100,micro,budget_balance_pct:orta,Büdcə balansı (Δ f.b. ÜDM) — orta müddət,0.02984224210988516,FR1.G2_credhh|ln_cred_tot_r,Ev təsərrüfatlarına kreditlər (real): ln real kreditlər,0.5752008818913141,0.19655105415624455,0.05403080788040471,0.05439294768346003,5.0,False,0.20611837940366368,0.16007553366193128,0.95,160.0,69.0,0.96,0.06160714285714286,indikativ (ilk-3 sabit),"Saltelli/Jansen, həqiqi zəncir"
polrate_m100,microsim,,,,,mikrosimulyasiya: bir icra ≈ 15 s və davranış parametrləri üçün interfeys (eng_microsim.simulate behaviour=) hələ aktiv deyil — Monte Karlo bu blok üçün aparılmadı,,,,,,,,,,,,,,,buraxıldı
profit_tax_minus2,micro,gdp_real:orta,Real ÜDM (Δ %) — orta müddət,0.10986522715127345,FR1.E3_hhdisp|ln_gdpnon,Ev təsərrüfatlarının real sərəncamda qalan gəliri: ln real qeyri-neft ÜDM,0.6025470923222385,0.5105558476412329,0.3164374262019726,1.0326829609634314,1.0,True,0.4254546614232526,0.31738620058203254,0.965,160.0,3.0,1.0,0.0026785714285714286,indikativ (ilk-3 sabit),"Saltelli/Jansen, həqiqi zəncir"
profit_tax_minus2,micro,gdp_real:orta,Real ÜDM (Δ %) — orta müddət,0.10986522715127345,FR1.G4_infl|dln_wage,"İQİ inflyasiyası (struktur xərc əlavəsi): əmək haqqı artımı, %",0.3465319843899634,0.17556938949959208,0.16650655948682427,0.4496861466381409,2.0,True,0.4254546614232526,0.31738620058203254,0.965,160.0,3.0,1.0,0.0026785714285714286,indikativ (ilk-3 sabit),"Saltelli/Jansen, həqiqi zəncir"
profit_tax_minus2,micro,gdp_real:orta,Real ÜDM (Δ %) — orta müddət,0.10986522715127345,FR1.E3_hhdisp|ln_wagebill_r,Ev təsərrüfatlarının real sərəncamda qalan gəliri: ln real əmək haqqı fondu (orta əmək haqqı × məşğulluq),0.3769209878072344,0.5344854288625426,0.0046373075814405045,0.40999330390518,3.0,True,0.4254546614232526,0.31738620058203254,0.965,160.0,3.0,1.0,0.0026785714285714286,indikativ (ilk-3 sabit),"Saltelli/Jansen, həqiqi zəncir"
profit_tax_minus2,micro,gdp_real:orta,Real ÜDM (Δ %) — orta müddət,0.10986522715127345,FR1.B1_oil_price|ln_brent,Azərbaycan neftinin ixrac qiyməti: ln Brent qiyməti,1.1738569006326913,0.06782625195270721,0.004102294513315197,0.03133069307384916,4.0,False,0.4254546614232526,0.31738620058203254,0.965,160.0,3.0,1.0,0.0026785714285714286,indikativ (ilk-3 sabit),"Saltelli/Jansen, həqiqi zəncir"
profit_tax_minus2,micro,gdp_real:orta,Real ÜDM (Δ %) — orta müddət,0.10986522715127345,FR1.D2_inv|ln_gdpnon,Qeyri-neft investisiyaları (real): ln real qeyri-neft ÜDM,0.1961213834562041,0.06704517926160845,-0.010208976139340247,0.014006219305350766,5.0,False,0.4254546614232526,0.31738620058203254,0.965,160.0,3.0,1.0,0.0026785714285714286,indikativ (ilk-3 sabit),"Saltelli/Jansen, həqiqi zəncir"
profit_tax_minus2,micro,infl:qısa,İnflyasiya (Δ f.b.) — qısa müddət,1.7763568394002505e-15,FR1.E3_hhdisp|ln_gdpnon,Ev təsərrüfatlarının real sərəncamda qalan gəliri: ln real qeyri-neft ÜDM,0.6025470923222385,0.5105558476412329,,,1.0,True,,,1.0,160.0,3.0,1.0,0.0026785714285714286,indikativ (ilk-3 sabit),"Saltelli/Jansen, həqiqi zəncir"
profit_tax_minus2,micro,infl:qısa,İnflyasiya (Δ f.b.) — qısa müddət,1.7763568394002505e-15,FR1.E3_hhdisp|ln_wagebill_r,Ev təsərrüfatlarının real sərəncamda qalan gəliri: ln real əmək haqqı fondu (orta əmək haqqı × məşğulluq),0.3769209878072344,0.5344854288625426,,,2.0,True,,,1.0,160.0,3.0,1.0,0.0026785714285714286,indikativ (ilk-3 sabit),"Saltelli/Jansen, həqiqi zəncir"
profit_tax_minus2,micro,infl:qısa,İnflyasiya (Δ f.b.) — qısa müddət,1.7763568394002505e-15,FR1.B1_oil_price|ln_brent,Azərbaycan neftinin ixrac qiyməti: ln Brent qiyməti,1.1738569006326913,0.06782625195270721,,,3.0,True,,,1.0,160.0,3.0,1.0,0.0026785714285714286,indikativ (ilk-3 sabit),"Saltelli/Jansen, həqiqi zəncir"
profit_tax_minus2,micro,infl:qısa,İnflyasiya (Δ f.b.) — qısa müddət,1.7763568394002505e-15,FR1.G4_infl|dln_wage,"İQİ inflyasiyası (struktur xərc əlavəsi): əmək haqqı artımı, %",0.3465319843899634,0.17556938949959208,,,4.0,False,,,1.0,160.0,3.0,1.0,0.0026785714285714286,indikativ (ilk-3 sabit),"Saltelli/Jansen, həqiqi zəncir"
profit_tax_minus2,micro,infl:qısa,İnflyasiya (Δ f.b.) — qısa müddət,1.7763568394002505e-15,FR1.D2_inv|ln_gdpnon,Qeyri-neft investisiyaları (real): ln real qeyri-neft ÜDM,0.1961213834562041,0.06704517926160845,,,5.0,False,,,1.0,160.0,3.0,1.0,0.0026785714285714286,indikativ (ilk-3 sabit),"Saltelli/Jansen, həqiqi zəncir"
profit_tax_minus2,micro,employment_hired:orta,"Muzdlu işçilər, FR4 (Δ %) — orta müddət",0.004270406148465522,FR1.E3_hhdisp|ln_gdpnon,Ev təsərrüfatlarının real sərəncamda qalan gəliri: ln real qeyri-neft ÜDM,0.6025470923222385,0.5105558476412329,0.32137505186612997,1.0321891903804559,1.0,True,0.4082400516518794,0.31053133643326597,0.965,160.0,3.0,1.0,0.0026785714285714286,indikativ (ilk-3 sabit),"Saltelli/Jansen, həqiqi zəncir"
profit_tax_minus2,micro,employment_hired:orta,"Muzdlu işçilər, FR4 (Δ %) — orta müddət",0.004270406148465522,FR1.G4_infl|dln_wage,"İQİ inflyasiyası (struktur xərc əlavəsi): əmək haqqı artımı, %",0.3465319843899634,0.17556938949959208,0.17039980374737854,0.4509553895076175,2.0,True,0.4082400516518794,0.31053133643326597,0.965,160.0,3.0,1.0,0.0026785714285714286,indikativ (ilk-3 sabit),"Saltelli/Jansen, həqiqi zəncir"
profit_tax_minus2,micro,employment_hired:orta,"Muzdlu işçilər, FR4 (Δ %) — orta müddət",0.004270406148465522,FR1.E3_hhdisp|ln_wagebill_r,Ev təsərrüfatlarının real sərəncamda qalan gəliri: ln real əmək haqqı fondu (orta əmək haqqı × məşğulluq),0.3769209878072344,0.5344854288625426,0.008283113316919104,0.4152892650992817,3.0,True,0.4082400516518794,0.31053133643326597,0.965,160.0,3.0,1.0,0.0026785714285714286,indikativ (ilk-3 sabit),"Saltelli/Jansen, həqiqi zəncir"
profit_tax_minus2,micro,employment_hired:orta,"Muzdlu işçilər, FR4 (Δ %) — orta müddət",0.004270406148465522,FR1.B1_oil_price|ln_brent,Azərbaycan neftinin ixrac qiyməti: ln Brent qiyməti,1.1738569006326913,0.06782625195270721,-0.003237915382496033,0.02730487784136574,4.0,False,0.4082400516518794,0.31053133643326597,0.965,160.0,3.0,1.0,0.0026785714285714286,indikativ (ilk-3 sabit),"Saltelli/Jansen, həqiqi zəncir"
profit_tax_minus2,micro,employment_hired:orta,"Muzdlu işçilər, FR4 (Δ %) — orta müddət",0.004270406148465522,FR1.D2_inv|ln_gdpnon,Qeyri-neft investisiyaları (real): ln real qeyri-neft ÜDM,0.1961213834562041,0.06704517926160845,-0.009831660822049629,0.01301972420853081,5.0,False,0.4082400516518794,0.31053133643326597,0.965,160.0,3.0,1.0,0.0026785714285714286,indikativ (ilk-3 sabit),"Saltelli/Jansen, həqiqi zəncir"
profit_tax_minus2,micro,budget_balance_pct:orta,Büdcə balansı (Δ f.b. ÜDM) — orta müddət,-0.29089367771573454,FR1.E3_hhdisp|ln_gdpnon,Ev təsərrüfatlarının real sərəncamda qalan gəliri: ln real qeyri-neft ÜDM,0.6025470923222385,0.5105558476412329,-0.023170673424242838,0.7720240228709611,1.0,True,0.2963134868840053,0.11717032435972605,0.595,160.0,3.0,1.0,0.0026785714285714286,indikativ (ilk-3 sabit),"Saltelli/Jansen, həqiqi zəncir"
profit_tax_minus2,micro,budget_balance_pct:orta,Büdcə balansı (Δ f.b. ÜDM) — orta müddət,-0.29089367771573454,FR1.G4_infl|dln_wage,"İQİ inflyasiyası (struktur xərc əlavəsi): əmək haqqı artımı, %",0.3465319843899634,0.17556938949959208,0.08420900908863509,0.708979770317857,2.0,True,0.2963134868840053,0.11717032435972605,0.595,160.0,3.0,1.0,0.0026785714285714286,indikativ (ilk-3 sabit),"Saltelli/Jansen, həqiqi zəncir"
profit_tax_minus2,micro,budget_balance_pct:orta,Büdcə balansı (Δ f.b. ÜDM) — orta müddət,-0.29089367771573454,FR1.E3_hhdisp|ln_wagebill_r,Ev təsərrüfatlarının real sərəncamda qalan gəliri: ln real əmək haqqı fondu (orta əmək haqqı × məşğulluq),0.3769209878072344,0.5344854288625426,0.05329621567091101,0.4593344971666183,3.0,True,0.2963134868840053,0.11717032435972605,0.595,160.0,3.0,1.0,0.0026785714285714286,indikativ (ilk-3 sabit),"Saltelli/Jansen, həqiqi zəncir"
profit_tax_minus2,micro,budget_balance_pct:orta,Büdcə balansı (Δ f.b. ÜDM) — orta müddət,-0.29089367771573454,FR1.B1_oil_price|ln_brent,Azərbaycan neftinin ixrac qiyməti: ln Brent qiyməti,1.1738569006326913,0.06782625195270721,-0.03840344482285666,0.01765346583363719,4.0,False,0.2963134868840053,0.11717032435972605,0.595,160.0,3.0,1.0,0.0026785714285714286,indikativ (ilk-3 sabit),"Saltelli/Jansen, həqiqi zəncir"
profit_tax_minus2,micro,budget_balance_pct:orta,Büdcə balansı (Δ f.b. ÜDM) — orta müddət,-0.29089367771573454,FR1.D2_inv|ln_gdpnon,Qeyri-neft investisiyaları (real): ln real qeyri-neft ÜDM,0.1961213834562041,0.06704517926160845,0.009569072829994505,0.006156951908524279,5.0,False,0.2963134868840053,0.11717032435972605,0.595,160.0,3.0,1.0,0.0026785714285714286,indikativ (ilk-3 sabit),"Saltelli/Jansen, həqiqi zəncir"
profit_tax_minus2,microsim,,,,,mikrosimulyasiya: bir icra ≈ 15 s və davranış parametrləri üçün interfeys (eng_microsim.simulate behaviour=) hələ aktiv deyil — Monte Karlo bu blok üçün aparılmadı,,,,,,,,,,,,,,,buraxıldı
pubinv1bn_deficit,micro,gdp_real:orta,Real ÜDM (Δ %) — orta müddət,0.22657656164715156,FR1.E3_hhdisp|ln_gdpnon,Ev təsərrüfatlarının real sərəncamda qalan gəliri: ln real qeyri-neft ÜDM,0.6025470923222385,0.5105558476412329,0.5730916867745508,0.6843686759416405,1.0,True,0.2913092308168742,0.15158111024562423,0.7,160.0,97.0,0.86,0.08660714285714285,indikativ (ilk-3 sabit),"Saltelli/Jansen, həqiqi zəncir"
pubinv1bn_deficit,micro,gdp_real:orta,Real ÜDM (Δ %) — orta müddət,0.22657656164715156,FR1.E3_hhdisp|ln_wagebill_r,Ev təsərrüfatlarının real sərəncamda qalan gəliri: ln real əmək haqqı fondu (orta əmək haqqı × məşğulluq),0.3769209878072344,0.5344854288625426,0.21216397084439995,0.5911176146884657,2.0,True,0.2913092308168742,0.15158111024562423,0.7,160.0,97.0,0.86,0.08660714285714285,indikativ (ilk-3 sabit),"Saltelli/Jansen, həqiqi zəncir"
pubinv1bn_deficit,micro,gdp_real:orta,Real ÜDM (Δ %) — orta müddət,0.22657656164715156,FR1.E2_wage|ln_prod_non,Orta nominal əmək haqqı: ln qeyri-neft əmək məhsuldarlığı,0.8578149622046662,0.0886535793184953,0.010822607837027532,0.013446857135640632,3.0,True,0.2913092308168742,0.15158111024562423,0.7,160.0,97.0,0.86,0.08660714285714285,indikativ (ilk-3 sabit),"Saltelli/Jansen, həqiqi zəncir"
pubinv1bn_deficit,micro,gdp_real:orta,Real ÜDM (Δ %) — orta müddət,0.22657656164715156,FR1.G4_infl|dln_wage,"İQİ inflyasiyası (struktur xərc əlavəsi): əmək haqqı artımı, %",0.3465319843899634,0.17556938949959208,0.0015500546156237162,0.007428929721210368,4.0,False,0.2913092308168742,0.15158111024562423,0.7,160.0,97.0,0.86,0.08660714285714285,indikativ (ilk-3 sabit),"Saltelli/Jansen, həqiqi zəncir"
pubinv1bn_deficit,micro,gdp_real:orta,Real ÜDM (Δ %) — orta müddət,0.22657656164715156,FR1.E1_emp|ln_gdpnon_pc,Məşğulluq səviyyəsi (Okun tipli əlaqə): ln adambaşına real qeyri-neft ÜDM,0.03365751478454254,0.011391499978538753,0.00016039424000960085,1.3393066191468612e-05,5.0,False,0.2913092308168742,0.15158111024562423,0.7,160.0,97.0,0.86,0.08660714285714285,indikativ (ilk-3 sabit),"Saltelli/Jansen, həqiqi zəncir"
pubinv1bn_deficit,micro,infl:qısa,İnflyasiya (Δ f.b.) — qısa müddət,0.07982106616137008,FR1.E3_hhdisp|ln_gdpnon,Ev təsərrüfatlarının real sərəncamda qalan gəliri: ln real qeyri-neft ÜDM,0.6025470923222385,0.5105558476412329,0.41109296929843187,0.4586917634350142,1.0,True,0.30468020675191904,0.08750207395204929,0.705,160.0,97.0,1.0,0.08660714285714285,indikativ (ilk-3 sabit),"Saltelli/Jansen, həqiqi zəncir"
pubinv1bn_deficit,micro,infl:qısa,İnflyasiya (Δ f.b.) — qısa müddət,0.07982106616137008,FR1.E3_hhdisp|ln_wagebill_r,Ev təsərrüfatlarının real sərəncamda qalan gəliri: ln real əmək haqqı fondu (orta əmək haqqı × məşğulluq),0.3769209878072344,0.5344854288625426,0.1462966510714563,0.3626755922293159,2.0,True,0.30468020675191904,0.08750207395204929,0.705,160.0,97.0,1.0,0.08660714285714285,indikativ (ilk-3 sabit),"Saltelli/Jansen, həqiqi zəncir"
pubinv1bn_deficit,micro,infl:qısa,İnflyasiya (Δ f.b.) — qısa müddət,0.07982106616137008,FR1.G4_infl|dln_wage,"İQİ inflyasiyası (struktur xərc əlavəsi): əmək haqqı artımı, %",0.3465319843899634,0.17556938949959208,0.16251764446810474,0.19107265922265299,3.0,True,0.30468020675191904,0.08750207395204929,0.705,160.0,97.0,1.0,0.08660714285714285,indikativ (ilk-3 sabit),"Saltelli/Jansen, həqiqi zəncir"
pubinv1bn_deficit,micro,infl:qısa,İnflyasiya (Δ f.b.) — qısa müddət,0.07982106616137008,FR1.E2_wage|ln_prod_non,Orta nominal əmək haqqı: ln qeyri-neft əmək məhsuldarlığı,0.8578149622046662,0.0886535793184953,0.009871844005703814,0.023265420470127352,4.0,False,0.30468020675191904,0.08750207395204929,0.705,160.0,97.0,1.0,0.08660714285714285,indikativ (ilk-3 sabit),"Saltelli/Jansen, həqiqi zəncir"
pubinv1bn_deficit,micro,infl:qısa,İnflyasiya (Δ f.b.) — qısa müddət,0.07982106616137008,FR1.E1_emp|ln_gdpnon_pc,Məşğulluq səviyyəsi (Okun tipli əlaqə): ln adambaşına real qeyri-neft ÜDM,0.03365751478454254,0.011391499978538753,0.0023077285455672786,0.0002762474077623437,5.0,False,0.30468020675191904,0.08750207395204929,0.705,160.0,97.0,1.0,0.08660714285714285,indikativ (ilk-3 sabit),"Saltelli/Jansen, həqiqi zəncir"
pubinv1bn_deficit,micro,employment_hired:orta,"Muzdlu işçilər, FR4 (Δ %) — orta müddət",0.00995480379253344,FR1.E3_hhdisp|ln_gdpnon,Ev təsərrüfatlarının real sərəncamda qalan gəliri: ln real qeyri-neft ÜDM,0.6025470923222385,0.5105558476412329,0.4419685562176008,0.6408776080495239,1.0,True,0.31817987492742683,0.12747262438707707,0.875,160.0,97.0,1.0,0.08660714285714285,indikativ (ilk-3 sabit),"Saltelli/Jansen, həqiqi zəncir"
pubinv1bn_deficit,micro,employment_hired:orta,"Muzdlu işçilər, FR4 (Δ %) — orta müddət",0.00995480379253344,FR1.E3_hhdisp|ln_wagebill_r,Ev təsərrüfatlarının real sərəncamda qalan gəliri: ln real əmək haqqı fondu (orta əmək haqqı × məşğulluq),0.3769209878072344,0.5344854288625426,0.17340517117785953,0.43691089573791886,2.0,True,0.31817987492742683,0.12747262438707707,0.875,160.0,97.0,1.0,0.08660714285714285,indikativ (ilk-3 sabit),"Saltelli/Jansen, həqiqi zəncir"
pubinv1bn_deficit,micro,employment_hired:orta,"Muzdlu işçilər, FR4 (Δ %) — orta müddət",0.00995480379253344,FR1.E1_emp|ln_gdpnon_pc,Məşğulluq səviyyəsi (Okun tipli əlaqə): ln adambaşına real qeyri-neft ÜDM,0.03365751478454254,0.011391499978538753,0.09794338049054999,0.16595301346336822,3.0,True,0.31817987492742683,0.12747262438707707,0.875,160.0,97.0,1.0,0.08660714285714285,indikativ (ilk-3 sabit),"Saltelli/Jansen, həqiqi zəncir"
pubinv1bn_deficit,micro,employment_hired:orta,"Muzdlu işçilər, FR4 (Δ %) — orta müddət",0.00995480379253344,FR1.G4_infl|dln_wage,"İQİ inflyasiyası (struktur xərc əlavəsi): əmək haqqı artımı, %",0.3465319843899634,0.17556938949959208,-0.0018341123895179406,0.010258716021992336,4.0,False,0.31817987492742683,0.12747262438707707,0.875,160.0,97.0,1.0,0.08660714285714285,indikativ (ilk-3 sabit),"Saltelli/Jansen, həqiqi zəncir"
pubinv1bn_deficit,micro,employment_hired:orta,"Muzdlu işçilər, FR4 (Δ %) — orta müddət",0.00995480379253344,FR1.E2_wage|ln_prod_non,Orta nominal əmək haqqı: ln qeyri-neft əmək məhsuldarlığı,0.8578149622046662,0.0886535793184953,0.012841165218056933,0.007469371744117169,5.0,False,0.31817987492742683,0.12747262438707707,0.875,160.0,97.0,1.0,0.08660714285714285,indikativ (ilk-3 sabit),"Saltelli/Jansen, həqiqi zəncir"
pubinv1bn_deficit,micro,budget_balance_pct:orta,Büdcə balansı (Δ f.b. ÜDM) — orta müddət,-0.3555292838099637,FR1.G4_infl|dln_wage,"İQİ inflyasiyası (struktur xərc əlavəsi): əmək haqqı artımı, %",0.3465319843899634,0.17556938949959208,0.2931703285205593,0.499490898195579,1.0,True,0.2416503813060558,0.10601031610686723,0.63,160.0,97.0,0.96,0.08660714285714285,indikativ (ilk-3 sabit),"Saltelli/Jansen, həqiqi zəncir"
pubinv1bn_deficit,micro,budget_balance_pct:orta,Büdcə balansı (Δ f.b. ÜDM) — orta müddət,-0.3555292838099637,FR1.E3_hhdisp|ln_gdpnon,Ev təsərrüfatlarının real sərəncamda qalan gəliri: ln real qeyri-neft ÜDM,0.6025470923222385,0.5105558476412329,0.26548851500095744,0.444358083163153,2.0,True,0.2416503813060558,0.10601031610686723,0.63,160.0,97.0,0.96,0.08660714285714285,indikativ (ilk-3 sabit),"Saltelli/Jansen, həqiqi zəncir"
pubinv1bn_deficit,micro,budget_balance_pct:orta,Büdcə balansı (Δ f.b. ÜDM) — orta müddət,-0.3555292838099637,FR1.E3_hhdisp|ln_wagebill_r,Ev təsərrüfatlarının real sərəncamda qalan gəliri: ln real əmək haqqı fondu (orta əmək haqqı × məşğulluq),0.3769209878072344,0.5344854288625426,0.09720191418518734,0.26990041239204793,3.0,True,0.2416503813060558,0.10601031610686723,0.63,160.0,97.0,0.96,0.08660714285714285,indikativ (ilk-3 sabit),"Saltelli/Jansen, həqiqi zəncir"
pubinv1bn_deficit,micro,budget_balance_pct:orta,Büdcə balansı (Δ f.b. ÜDM) — orta müddət,-0.3555292838099637,FR1.E2_wage|ln_prod_non,Orta nominal əmək haqqı: ln qeyri-neft əmək məhsuldarlığı,0.8578149622046662,0.0886535793184953,0.05373342246733206,0.13724866437647706,4.0,False,0.2416503813060558,0.10601031610686723,0.63,160.0,97.0,0.96,0.08660714285714285,indikativ (ilk-3 sabit),"Saltelli/Jansen, həqiqi zəncir"
pubinv1bn_deficit,micro,budget_balance_pct:orta,Büdcə balansı (Δ f.b. ÜDM) — orta müddət,-0.3555292838099637,FR1.E1_emp|ln_gdpnon_pc,Məşğulluq səviyyəsi (Okun tipli əlaqə): ln adambaşına real qeyri-neft ÜDM,0.03365751478454254,0.011391499978538753,-0.0005908708723482179,0.0009448794217424827,5.0,False,0.2416503813060558,0.10601031610686723,0.63,160.0,97.0,0.96,0.08660714285714285,indikativ (ilk-3 sabit),"Saltelli/Jansen, həqiqi zəncir"
pubinv1bn_deficit,io,io_va_total,IO əlavə dəyər effekti (mln AZN),442.0923264104054,daxili/idxal bölgüsü r,daxili/idxal bölgüsü r,1.0,0.1,0.8474437265555299,0.8792707736742121,1.0,True,0.02670722252355992,0.02670722252355992,,1024.0,0.0,,0.0,bəli,"Saltelli/Jansen, həqiqi IO modeli (N və 2N)"
pubinv1bn_deficit,io,io_va_total,IO əlavə dəyər effekti (mln AZN),442.0923264104054,"IO A[:, CONS] (sütun miqyası)","IO A[:, CONS] (sütun miqyası)",1.0,0.1,0.1389816893891173,0.14166323762363345,2.0,True,0.02670722252355992,0.02670722252355992,,1024.0,0.0,,0.0,bəli,"Saltelli/Jansen, həqiqi IO modeli (N və 2N)"
pubinv1bn_deficit,io,io_va_total,IO əlavə dəyər effekti (mln AZN),442.0923264104054,"IO A[:, TRADE] (sütun miqyası)","IO A[:, TRADE] (sütun miqyası)",1.0,0.1,8.35420243023615e-05,0.0005995860332858597,3.0,True,0.02670722252355992,0.02670722252355992,,1024.0,0.0,,0.0,bəli,"Saltelli/Jansen, həqiqi IO modeli (N və 2N)"
pubinv1bn_deficit,io,io_va_total,IO əlavə dəyər effekti (mln AZN),442.0923264104054,"IO A[:, BUS] (sütun miqyası)","IO A[:, BUS] (sütun miqyası)",1.0,0.1,-8.488826852295446e-06,0.0004193994241313802,4.0,False,0.02670722252355992,0.02670722252355992,,1024.0,0.0,,0.0,bəli,"Saltelli/Jansen, həqiqi IO modeli (N və 2N)"
pubinv1bn_deficit,io,io_va_total,IO əlavə dəyər effekti (mln AZN),442.0923264104054,"IO A[:, MACH] (sütun miqyası)","IO A[:, MACH] (sütun miqyası)",1.0,0.1,0.0002783291991680812,0.00027282068932298954,5.0,False,0.02670722252355992,0.02670722252355992,,1024.0,0.0,,0.0,bəli,"Saltelli/Jansen, həqiqi IO modeli (N və 2N)"
pubinv1bn_deficit,io,io_import_leakage,IO idxal sızması (% son tələb),25.30833703591846,daxili/idxal bölgüsü r,daxili/idxal bölgüsü r,1.0,0.1,0.9007390508176039,0.9374361017332252,1.0,True,0.018509221234377815,0.018509221234377815,,1024.0,0.0,,0.0,bəli,"Saltelli/Jansen, həqiqi IO modeli (N və 2N)"
pubinv1bn_deficit,io,io_import_leakage,IO idxal sızması (% son tələb),25.30833703591846,"IO A[:, CONS] (sütun miqyası)","IO A[:, CONS] (sütun miqyası)",1.0,0.1,0.08379317149228474,0.08799678935997782,2.0,True,0.018509221234377815,0.018509221234377815,,1024.0,0.0,,0.0,bəli,"Saltelli/Jansen, həqiqi IO modeli (N və 2N)"
pubinv1bn_deficit,io,io_import_leakage,IO idxal sızması (% son tələb),25.30833703591846,"IO A[:, TRADE] (sütun miqyası)","IO A[:, TRADE] (sütun miqyası)",1.0,0.1,-7.631022641574307e-05,0.0003631817125504891,3.0,True,0.018509221234377815,0.018509221234377815,,1024.0,0.0,,0.0,bəli,"Saltelli/Jansen, həqiqi IO modeli (N və 2N)"
pubinv1bn_deficit,io,io_import_leakage,IO idxal sızması (% son tələb),25.30833703591846,"IO A[:, BUS] (sütun miqyası)","IO A[:, BUS] (sütun miqyası)",1.0,0.1,-0.00018279621494537702,0.0002551862647491006,4.0,False,0.018509221234377815,0.018509221234377815,,1024.0,0.0,,0.0,bəli,"Saltelli/Jansen, həqiqi IO modeli (N və 2N)"
pubinv1bn_deficit,io,io_import_leakage,IO idxal sızması (% son tələb),25.30833703591846,"IO A[:, MACH] (sütun miqyası)","IO A[:, MACH] (sütun miqyası)",1.0,0.1,0.0003337639200110025,0.00016197312315041257,5.0,False,0.018509221234377815,0.018509221234377815,,1024.0,0.0,,0.0,bəli,"Saltelli/Jansen, həqiqi IO modeli (N və 2N)"
pubinv1bn_deficit,io,io_emp_total,IO məşğulluq effekti (min nəfər),19.523463437760448,"IO A[:, CONS] (sütun miqyası)","IO A[:, CONS] (sütun miqyası)",1.0,0.1,0.5260180216176841,0.5690138310677577,1.0,True,0.08682671830080924,0.08682671830080924,,1024.0,0.0,,0.0,bəli,"Saltelli/Jansen, həqiqi IO modeli (N və 2N)"
pubinv1bn_deficit,io,io_emp_total,IO məşğulluq effekti (min nəfər),19.523463437760448,daxili/idxal bölgüsü r,daxili/idxal bölgüsü r,1.0,0.1,0.3829757681487928,0.4164040708855556,2.0,True,0.08682671830080924,0.08682671830080924,,1024.0,0.0,,0.0,bəli,"Saltelli/Jansen, həqiqi IO modeli (N və 2N)"
pubinv1bn_deficit,io,io_emp_total,IO məşğulluq effekti (min nəfər),19.523463437760448,"IO A[:, TRADE] (sütun miqyası)","IO A[:, TRADE] (sütun miqyası)",1.0,0.1,0.0036727831810412074,0.0037292254308847806,3.0,True,0.08682671830080924,0.08682671830080924,,1024.0,0.0,,0.0,bəli,"Saltelli/Jansen, həqiqi IO modeli (N və 2N)"
pubinv1bn_deficit,io,io_emp_total,IO məşğulluq effekti (min nəfər),19.523463437760448,"IO A[:, BUS] (sütun miqyası)","IO A[:, BUS] (sütun miqyası)",1.0,0.1,0.002689433564855845,0.0034365159344547725,4.0,False,0.08682671830080924,0.08682671830080924,,1024.0,0.0,,0.0,bəli,"Saltelli/Jansen, həqiqi IO modeli (N və 2N)"
pubinv1bn_deficit,io,io_emp_total,IO məşğulluq effekti (min nəfər),19.523463437760448,"IO A[:, MACH] (sütun miqyası)","IO A[:, MACH] (sütun miqyası)",1.0,0.1,0.002204176908061156,0.001396632214047203,5.0,False,0.08682671830080924,0.08682671830080924,,1024.0,0.0,,0.0,bəli,"Saltelli/Jansen, həqiqi IO modeli (N və 2N)"
pubinv1bn_deficit,microsim,,,,,mikrosimulyasiya: bir icra ≈ 15 s və davranış parametrləri üçün interfeys (eng_microsim.simulate behaviour=) hələ aktiv deyil — Monte Karlo bu blok üçün aparılmadı,,,,,,,,,,,,,,,buraxıldı
pubinv1bn_sofaz,micro,gdp_real:orta,Real ÜDM (Δ %) — orta müddət,0.22657656164715156,FR1.E3_hhdisp|ln_gdpnon,Ev təsərrüfatlarının real sərəncamda qalan gəliri: ln real qeyri-neft ÜDM,0.6025470923222385,0.5105558476412329,0.5730916867745508,0.6843686759416405,1.0,True,0.2913092308168742,0.15158111024562423,0.7,160.0,97.0,0.86,0.08660714285714285,indikativ (ilk-3 sabit),"Saltelli/Jansen, həqiqi zəncir"
pubinv1bn_sofaz,micro,gdp_real:orta,Real ÜDM (Δ %) — orta müddət,0.22657656164715156,FR1.E3_hhdisp|ln_wagebill_r,Ev təsərrüfatlarının real sərəncamda qalan gəliri: ln real əmək haqqı fondu (orta əmək haqqı × məşğulluq),0.3769209878072344,0.5344854288625426,0.21216397084439995,0.5911176146884657,2.0,True,0.2913092308168742,0.15158111024562423,0.7,160.0,97.0,0.86,0.08660714285714285,indikativ (ilk-3 sabit),"Saltelli/Jansen, həqiqi zəncir"
pubinv1bn_sofaz,micro,gdp_real:orta,Real ÜDM (Δ %) — orta müddət,0.22657656164715156,FR1.E2_wage|ln_prod_non,Orta nominal əmək haqqı: ln qeyri-neft əmək məhsuldarlığı,0.8578149622046662,0.0886535793184953,0.010822607837027532,0.013446857135640632,3.0,True,0.2913092308168742,0.15158111024562423,0.7,160.0,97.0,0.86,0.08660714285714285,indikativ (ilk-3 sabit),"Saltelli/Jansen, həqiqi zəncir"
pubinv1bn_sofaz,micro,gdp_real:orta,Real ÜDM (Δ %) — orta müddət,0.22657656164715156,FR1.G4_infl|dln_wage,"İQİ inflyasiyası (struktur xərc əlavəsi): əmək haqqı artımı, %",0.3465319843899634,0.17556938949959208,0.0015500546156237162,0.007428929721210368,4.0,False,0.2913092308168742,0.15158111024562423,0.7,160.0,97.0,0.86,0.08660714285714285,indikativ (ilk-3 sabit),"Saltelli/Jansen, həqiqi zəncir"
pubinv1bn_sofaz,micro,gdp_real:orta,Real ÜDM (Δ %) — orta müddət,0.22657656164715156,FR1.E1_emp|ln_gdpnon_pc,Məşğulluq səviyyəsi (Okun tipli əlaqə): ln adambaşına real qeyri-neft ÜDM,0.03365751478454254,0.011391499978538753,0.00016039424000960085,1.3393066191468612e-05,5.0,False,0.2913092308168742,0.15158111024562423,0.7,160.0,97.0,0.86,0.08660714285714285,indikativ (ilk-3 sabit),"Saltelli/Jansen, həqiqi zəncir"
pubinv1bn_sofaz,micro,infl:qısa,İnflyasiya (Δ f.b.) — qısa müddət,0.07982106616137008,FR1.E3_hhdisp|ln_gdpnon,Ev təsərrüfatlarının real sərəncamda qalan gəliri: ln real qeyri-neft ÜDM,0.6025470923222385,0.5105558476412329,0.41109296929843187,0.4586917634350142,1.0,True,0.30468020675191904,0.08750207395204929,0.705,160.0,97.0,1.0,0.08660714285714285,indikativ (ilk-3 sabit),"Saltelli/Jansen, həqiqi zəncir"
pubinv1bn_sofaz,micro,infl:qısa,İnflyasiya (Δ f.b.) — qısa müddət,0.07982106616137008,FR1.E3_hhdisp|ln_wagebill_r,Ev təsərrüfatlarının real sərəncamda qalan gəliri: ln real əmək haqqı fondu (orta əmək haqqı × məşğulluq),0.3769209878072344,0.5344854288625426,0.1462966510714563,0.3626755922293159,2.0,True,0.30468020675191904,0.08750207395204929,0.705,160.0,97.0,1.0,0.08660714285714285,indikativ (ilk-3 sabit),"Saltelli/Jansen, həqiqi zəncir"
pubinv1bn_sofaz,micro,infl:qısa,İnflyasiya (Δ f.b.) — qısa müddət,0.07982106616137008,FR1.G4_infl|dln_wage,"İQİ inflyasiyası (struktur xərc əlavəsi): əmək haqqı artımı, %",0.3465319843899634,0.17556938949959208,0.16251764446810474,0.19107265922265299,3.0,True,0.30468020675191904,0.08750207395204929,0.705,160.0,97.0,1.0,0.08660714285714285,indikativ (ilk-3 sabit),"Saltelli/Jansen, həqiqi zəncir"
pubinv1bn_sofaz,micro,infl:qısa,İnflyasiya (Δ f.b.) — qısa müddət,0.07982106616137008,FR1.E2_wage|ln_prod_non,Orta nominal əmək haqqı: ln qeyri-neft əmək məhsuldarlığı,0.8578149622046662,0.0886535793184953,0.009871844005703814,0.023265420470127352,4.0,False,0.30468020675191904,0.08750207395204929,0.705,160.0,97.0,1.0,0.08660714285714285,indikativ (ilk-3 sabit),"Saltelli/Jansen, həqiqi zəncir"
pubinv1bn_sofaz,micro,infl:qısa,İnflyasiya (Δ f.b.) — qısa müddət,0.07982106616137008,FR1.E1_emp|ln_gdpnon_pc,Məşğulluq səviyyəsi (Okun tipli əlaqə): ln adambaşına real qeyri-neft ÜDM,0.03365751478454254,0.011391499978538753,0.0023077285455672786,0.0002762474077623437,5.0,False,0.30468020675191904,0.08750207395204929,0.705,160.0,97.0,1.0,0.08660714285714285,indikativ (ilk-3 sabit),"Saltelli/Jansen, həqiqi zəncir"
pubinv1bn_sofaz,micro,employment_hired:orta,"Muzdlu işçilər, FR4 (Δ %) — orta müddət",0.00995480379253344,FR1.E3_hhdisp|ln_gdpnon,Ev təsərrüfatlarının real sərəncamda qalan gəliri: ln real qeyri-neft ÜDM,0.6025470923222385,0.5105558476412329,0.4419685562176008,0.6408776080495239,1.0,True,0.31817987492742683,0.12747262438707707,0.875,160.0,97.0,1.0,0.08660714285714285,indikativ (ilk-3 sabit),"Saltelli/Jansen, həqiqi zəncir"
pubinv1bn_sofaz,micro,employment_hired:orta,"Muzdlu işçilər, FR4 (Δ %) — orta müddət",0.00995480379253344,FR1.E3_hhdisp|ln_wagebill_r,Ev təsərrüfatlarının real sərəncamda qalan gəliri: ln real əmək haqqı fondu (orta əmək haqqı × məşğulluq),0.3769209878072344,0.5344854288625426,0.17340517117785953,0.43691089573791886,2.0,True,0.31817987492742683,0.12747262438707707,0.875,160.0,97.0,1.0,0.08660714285714285,indikativ (ilk-3 sabit),"Saltelli/Jansen, həqiqi zəncir"
pubinv1bn_sofaz,micro,employment_hired:orta,"Muzdlu işçilər, FR4 (Δ %) — orta müddət",0.00995480379253344,FR1.E1_emp|ln_gdpnon_pc,Məşğulluq səviyyəsi (Okun tipli əlaqə): ln adambaşına real qeyri-neft ÜDM,0.03365751478454254,0.011391499978538753,0.09794338049054999,0.16595301346336822,3.0,True,0.31817987492742683,0.12747262438707707,0.875,160.0,97.0,1.0,0.08660714285714285,indikativ (ilk-3 sabit),"Saltelli/Jansen, həqiqi zəncir"
pubinv1bn_sofaz,micro,employment_hired:orta,"Muzdlu işçilər, FR4 (Δ %) — orta müddət",0.00995480379253344,FR1.G4_infl|dln_wage,"İQİ inflyasiyası (struktur xərc əlavəsi): əmək haqqı artımı, %",0.3465319843899634,0.17556938949959208,-0.0018341123895179406,0.010258716021992336,4.0,False,0.31817987492742683,0.12747262438707707,0.875,160.0,97.0,1.0,0.08660714285714285,indikativ (ilk-3 sabit),"Saltelli/Jansen, həqiqi zəncir"
pubinv1bn_sofaz,micro,employment_hired:orta,"Muzdlu işçilər, FR4 (Δ %) — orta müddət",0.00995480379253344,FR1.E2_wage|ln_prod_non,Orta nominal əmək haqqı: ln qeyri-neft əmək məhsuldarlığı,0.8578149622046662,0.0886535793184953,0.012841165218056933,0.007469371744117169,5.0,False,0.31817987492742683,0.12747262438707707,0.875,160.0,97.0,1.0,0.08660714285714285,indikativ (ilk-3 sabit),"Saltelli/Jansen, həqiqi zəncir"
pubinv1bn_sofaz,micro,budget_balance_pct:orta,Büdcə balansı (Δ f.b. ÜDM) — orta müddət,-0.03893773741528931,FR1.G4_infl|dln_wage,"İQİ inflyasiyası (struktur xərc əlavəsi): əmək haqqı artımı, %",0.3465319843899634,0.17556938949959208,0.46731434832245117,0.7418046770781256,1.0,True,0.2374816065052333,0.06581388229775098,0.94,160.0,97.0,0.535,0.08660714285714285,indikativ (1-ci sürücü sabit),"Saltelli/Jansen, həqiqi zəncir"
pubinv1bn_sofaz,micro,budget_balance_pct:orta,Büdcə balansı (Δ f.b. ÜDM) — orta müddət,-0.03893773741528931,FR1.E3_hhdisp|ln_gdpnon,Ev təsərrüfatlarının real sərəncamda qalan gəliri: ln real qeyri-neft ÜDM,0.6025470923222385,0.5105558476412329,0.21946705622134033,0.45315573700683753,2.0,True,0.2374816065052333,0.06581388229775098,0.94,160.0,97.0,0.535,0.08660714285714285,indikativ (1-ci sürücü sabit),"Saltelli/Jansen, həqiqi zəncir"
pubinv1bn_sofaz,micro,budget_balance_pct:orta,Büdcə balansı (Δ f.b. ÜDM) — orta müddət,-0.03893773741528931,FR1.E2_wage|ln_prod_non,Orta nominal əmək haqqı: ln qeyri-neft əmək məhsuldarlığı,0.8578149622046662,0.0886535793184953,0.09048096577609326,0.145828460856312,3.0,True,0.2374816065052333,0.06581388229775098,0.94,160.0,97.0,0.535,0.08660714285714285,indikativ (1-ci sürücü sabit),"Saltelli/Jansen, həqiqi zəncir"
pubinv1bn_sofaz,micro,budget_balance_pct:orta,Büdcə balansı (Δ f.b. ÜDM) — orta müddət,-0.03893773741528931,FR1.E3_hhdisp|ln_wagebill_r,Ev təsərrüfatlarının real sərəncamda qalan gəliri: ln real əmək haqqı fondu (orta əmək haqqı × məşğulluq),0.3769209878072344,0.5344854288625426,0.013792071917934814,0.14551527157007213,4.0,False,0.2374816065052333,0.06581388229775098,0.94,160.0,97.0,0.535,0.08660714285714285,indikativ (1-ci sürücü sabit),"Saltelli/Jansen, həqiqi zəncir"
pubinv1bn_sofaz,micro,budget_balance_pct:orta,Büdcə balansı (Δ f.b. ÜDM) — orta müddət,-0.03893773741528931,FR1.E1_emp|ln_gdpnon_pc,Məşğulluq səviyyəsi (Okun tipli əlaqə): ln adambaşına real qeyri-neft ÜDM,0.03365751478454254,0.011391499978538753,0.000995622152309306,0.0011224966785672228,5.0,False,0.2374816065052333,0.06581388229775098,0.94,160.0,97.0,0.535,0.08660714285714285,indikativ (1-ci sürücü sabit),"Saltelli/Jansen, həqiqi zəncir"
pubinv1bn_sofaz,io,io_va_total,IO əlavə dəyər effekti (mln AZN),442.0923264104054,daxili/idxal bölgüsü r,daxili/idxal bölgüsü r,1.0,0.1,0.8474437265555299,0.8792707736742121,1.0,True,0.02670722252355992,0.02670722252355992,,1024.0,0.0,,0.0,bəli,"Saltelli/Jansen, həqiqi IO modeli (N və 2N)"
pubinv1bn_sofaz,io,io_va_total,IO əlavə dəyər effekti (mln AZN),442.0923264104054,"IO A[:, CONS] (sütun miqyası)","IO A[:, CONS] (sütun miqyası)",1.0,0.1,0.1389816893891173,0.14166323762363345,2.0,True,0.02670722252355992,0.02670722252355992,,1024.0,0.0,,0.0,bəli,"Saltelli/Jansen, həqiqi IO modeli (N və 2N)"
pubinv1bn_sofaz,io,io_va_total,IO əlavə dəyər effekti (mln AZN),442.0923264104054,"IO A[:, TRADE] (sütun miqyası)","IO A[:, TRADE] (sütun miqyası)",1.0,0.1,8.35420243023615e-05,0.0005995860332858597,3.0,True,0.02670722252355992,0.02670722252355992,,1024.0,0.0,,0.0,bəli,"Saltelli/Jansen, həqiqi IO modeli (N və 2N)"
pubinv1bn_sofaz,io,io_va_total,IO əlavə dəyər effekti (mln AZN),442.0923264104054,"IO A[:, BUS] (sütun miqyası)","IO A[:, BUS] (sütun miqyası)",1.0,0.1,-8.488826852295446e-06,0.0004193994241313802,4.0,False,0.02670722252355992,0.02670722252355992,,1024.0,0.0,,0.0,bəli,"Saltelli/Jansen, həqiqi IO modeli (N və 2N)"
pubinv1bn_sofaz,io,io_va_total,IO əlavə dəyər effekti (mln AZN),442.0923264104054,"IO A[:, MACH] (sütun miqyası)","IO A[:, MACH] (sütun miqyası)",1.0,0.1,0.0002783291991680812,0.00027282068932298954,5.0,False,0.02670722252355992,0.02670722252355992,,1024.0,0.0,,0.0,bəli,"Saltelli/Jansen, həqiqi IO modeli (N və 2N)"
pubinv1bn_sofaz,io,io_import_leakage,IO idxal sızması (% son tələb),25.30833703591846,daxili/idxal bölgüsü r,daxili/idxal bölgüsü r,1.0,0.1,0.9007390508176039,0.9374361017332252,1.0,True,0.018509221234377815,0.018509221234377815,,1024.0,0.0,,0.0,bəli,"Saltelli/Jansen, həqiqi IO modeli (N və 2N)"
pubinv1bn_sofaz,io,io_import_leakage,IO idxal sızması (% son tələb),25.30833703591846,"IO A[:, CONS] (sütun miqyası)","IO A[:, CONS] (sütun miqyası)",1.0,0.1,0.08379317149228474,0.08799678935997782,2.0,True,0.018509221234377815,0.018509221234377815,,1024.0,0.0,,0.0,bəli,"Saltelli/Jansen, həqiqi IO modeli (N və 2N)"
pubinv1bn_sofaz,io,io_import_leakage,IO idxal sızması (% son tələb),25.30833703591846,"IO A[:, TRADE] (sütun miqyası)","IO A[:, TRADE] (sütun miqyası)",1.0,0.1,-7.631022641574307e-05,0.0003631817125504891,3.0,True,0.018509221234377815,0.018509221234377815,,1024.0,0.0,,0.0,bəli,"Saltelli/Jansen, həqiqi IO modeli (N və 2N)"
pubinv1bn_sofaz,io,io_import_leakage,IO idxal sızması (% son tələb),25.30833703591846,"IO A[:, BUS] (sütun miqyası)","IO A[:, BUS] (sütun miqyası)",1.0,0.1,-0.00018279621494537702,0.0002551862647491006,4.0,False,0.018509221234377815,0.018509221234377815,,1024.0,0.0,,0.0,bəli,"Saltelli/Jansen, həqiqi IO modeli (N və 2N)"
pubinv1bn_sofaz,io,io_import_leakage,IO idxal sızması (% son tələb),25.30833703591846,"IO A[:, MACH] (sütun miqyası)","IO A[:, MACH] (sütun miqyası)",1.0,0.1,0.0003337639200110025,0.00016197312315041257,5.0,False,0.018509221234377815,0.018509221234377815,,1024.0,0.0,,0.0,bəli,"Saltelli/Jansen, həqiqi IO modeli (N və 2N)"
pubinv1bn_sofaz,io,io_emp_total,IO məşğulluq effekti (min nəfər),19.523463437760448,"IO A[:, CONS] (sütun miqyası)","IO A[:, CONS] (sütun miqyası)",1.0,0.1,0.5260180216176841,0.5690138310677577,1.0,True,0.08682671830080924,0.08682671830080924,,1024.0,0.0,,0.0,bəli,"Saltelli/Jansen, həqiqi IO modeli (N və 2N)"
pubinv1bn_sofaz,io,io_emp_total,IO məşğulluq effekti (min nəfər),19.523463437760448,daxili/idxal bölgüsü r,daxili/idxal bölgüsü r,1.0,0.1,0.3829757681487928,0.4164040708855556,2.0,True,0.08682671830080924,0.08682671830080924,,1024.0,0.0,,0.0,bəli,"Saltelli/Jansen, həqiqi IO modeli (N və 2N)"
pubinv1bn_sofaz,io,io_emp_total,IO məşğulluq effekti (min nəfər),19.523463437760448,"IO A[:, TRADE] (sütun miqyası)","IO A[:, TRADE] (sütun miqyası)",1.0,0.1,0.0036727831810412074,0.0037292254308847806,3.0,True,0.08682671830080924,0.08682671830080924,,1024.0,0.0,,0.0,bəli,"Saltelli/Jansen, həqiqi IO modeli (N və 2N)"
pubinv1bn_sofaz,io,io_emp_total,IO məşğulluq effekti (min nəfər),19.523463437760448,"IO A[:, BUS] (sütun miqyası)","IO A[:, BUS] (sütun miqyası)",1.0,0.1,0.002689433564855845,0.0034365159344547725,4.0,False,0.08682671830080924,0.08682671830080924,,1024.0,0.0,,0.0,bəli,"Saltelli/Jansen, həqiqi IO modeli (N və 2N)"
pubinv1bn_sofaz,io,io_emp_total,IO məşğulluq effekti (min nəfər),19.523463437760448,"IO A[:, MACH] (sütun miqyası)","IO A[:, MACH] (sütun miqyası)",1.0,0.1,0.002204176908061156,0.001396632214047203,5.0,False,0.08682671830080924,0.08682671830080924,,1024.0,0.0,,0.0,bəli,"Saltelli/Jansen, həqiqi IO modeli (N və 2N)"
pubinv1bn_sofaz,microsim,,,,,mikrosimulyasiya: bir icra ≈ 15 s və davranış parametrləri üçün interfeys (eng_microsim.simulate behaviour=) hələ aktiv deyil — Monte Karlo bu blok üçün aparılmadı,,,,,,,,,,,,,,,buraxıldı
tsa_plus30,micro,gdp_real:orta,Real ÜDM (Δ %) — orta müddət,0.03638990590445479,FR1.D1_cons|ln_hhdisp_pc,Ev təsərrüfatlarının istehlakı (adambaşına): ln adambaşına real sərəncamda qalan gəlir,0.9288356879948724,0.37903162691816805,0.7581947747092328,1.0319699298107783,1.0,True,0.48686498030046665,0.3563463971730844,1.0,160.0,8.0,0.525,0.007142857142857143,indikativ (1-ci sürücü sabit),"Saltelli/Jansen, həqiqi zəncir"
tsa_plus30,micro,gdp_real:orta,Real ÜDM (Δ %) — orta müddət,0.03638990590445479,FR1.D1_cons|ln_cred_hh_pc,Ev təsərrüfatlarının istehlakı (adambaşına): ln adambaşına real ev təsərrüfatı krediti,0.12474670097614615,0.16912090601999374,0.13264897836573433,0.3029409139763407,2.0,True,0.48686498030046665,0.3563463971730844,1.0,160.0,8.0,0.525,0.007142857142857143,indikativ (1-ci sürücü sabit),"Saltelli/Jansen, həqiqi zəncir"
tsa_plus30,micro,gdp_real:orta,Real ÜDM (Δ %) — orta müddət,0.03638990590445479,FR1.D3_xnon|ln_va_man,Qeyri-neft mal ixracı (real): ln real emal əlavə dəyəri,0.3477551571209627,0.3918660590359308,0.008400696465688718,0.019381751505462144,3.0,True,0.48686498030046665,0.3563463971730844,1.0,160.0,8.0,0.525,0.007142857142857143,indikativ (1-ci sürücü sabit),"Saltelli/Jansen, həqiqi zəncir"
tsa_plus30,micro,gdp_real:orta,Real ÜDM (Δ %) — orta müddət,0.03638990590445479,FR1.G4_infl|dln_wage,"İQİ inflyasiyası (struktur xərc əlavəsi): əmək haqqı artımı, %",0.3465319843899634,0.17556938949959208,0.00929383422181413,0.018162477705113495,4.0,False,0.48686498030046665,0.3563463971730844,1.0,160.0,8.0,0.525,0.007142857142857143,indikativ (1-ci sürücü sabit),"Saltelli/Jansen, həqiqi zəncir"
tsa_plus30,micro,gdp_real:orta,Real ÜDM (Δ %) — orta müddət,0.03638990590445479,FR1.E1_emp|ln_gdpnon_pc,Məşğulluq səviyyəsi (Okun tipli əlaqə): ln adambaşına real qeyri-neft ÜDM,0.03365751478454254,0.011391499978538753,-0.0007786989765282588,0.0002133892647350989,5.0,False,0.48686498030046665,0.3563463971730844,1.0,160.0,8.0,0.525,0.007142857142857143,indikativ (1-ci sürücü sabit),"Saltelli/Jansen, həqiqi zəncir"
tsa_plus30,micro,infl:qısa,İnflyasiya (Δ f.b.) — qısa müddət,0.00587690983926592,FR1.G4_infl|dln_wage,"İQİ inflyasiyası (struktur xərc əlavəsi): əmək haqqı artımı, %",0.3465319843899634,0.17556938949959208,0.4403554764011272,0.4991423697103071,1.0,True,0.15695421969931753,0.08730939264108045,0.995,160.0,8.0,1.0,0.007142857142857143,indikativ (ilk-3 sabit),"Saltelli/Jansen, həqiqi zəncir"
tsa_plus30,micro,infl:qısa,İnflyasiya (Δ f.b.) — qısa müddət,0.00587690983926592,FR1.D1_cons|ln_hhdisp_pc,Ev təsərrüfatlarının istehlakı (adambaşına): ln adambaşına real sərəncamda qalan gəlir,0.9288356879948724,0.37903162691816805,0.257907490281988,0.32309185815690633,2.0,True,0.15695421969931753,0.08730939264108045,0.995,160.0,8.0,1.0,0.007142857142857143,indikativ (ilk-3 sabit),"Saltelli/Jansen, həqiqi zəncir"
tsa_plus30,micro,infl:qısa,İnflyasiya (Δ f.b.) — qısa müddət,0.00587690983926592,FR1.D1_cons|ln_cred_hh_pc,Ev təsərrüfatlarının istehlakı (adambaşına): ln adambaşına real ev təsərrüfatı krediti,0.12474670097614615,0.16912090601999374,0.0895071637185566,0.10543996404350031,3.0,True,0.15695421969931753,0.08730939264108045,0.995,160.0,8.0,1.0,0.007142857142857143,indikativ (ilk-3 sabit),"Saltelli/Jansen, həqiqi zəncir"
tsa_plus30,micro,infl:qısa,İnflyasiya (Δ f.b.) — qısa müddət,0.00587690983926592,FR1.D3_xnon|ln_va_man,Qeyri-neft mal ixracı (real): ln real emal əlavə dəyəri,0.3477551571209627,0.3918660590359308,-0.0038425860410311262,0.0005759862869941549,4.0,False,0.15695421969931753,0.08730939264108045,0.995,160.0,8.0,1.0,0.007142857142857143,indikativ (ilk-3 sabit),"Saltelli/Jansen, həqiqi zəncir"
tsa_plus30,micro,infl:qısa,İnflyasiya (Δ f.b.) — qısa müddət,0.00587690983926592,FR1.E1_emp|ln_gdpnon_pc,Məşğulluq səviyyəsi (Okun tipli əlaqə): ln adambaşına real qeyri-neft ÜDM,0.03365751478454254,0.011391499978538753,0.0005700590285012656,0.00015377143426284913,5.0,False,0.15695421969931753,0.08730939264108045,0.995,160.0,8.0,1.0,0.007142857142857143,indikativ (ilk-3 sabit),"Saltelli/Jansen, həqiqi zəncir"
tsa_plus30,micro,employment_hired:orta,"Muzdlu işçilər, FR4 (Δ %) — orta müddət",0.0015357877103383544,FR1.D1_cons|ln_hhdisp_pc,Ev təsərrüfatlarının istehlakı (adambaşına): ln adambaşına real sərəncamda qalan gəlir,0.9288356879948724,0.37903162691816805,0.437137434013138,0.8368194175527607,1.0,True,0.5293529057367552,0.2913137232542703,1.0,160.0,8.0,1.0,0.007142857142857143,indikativ (ilk-3 sabit),"Saltelli/Jansen, həqiqi zəncir"
tsa_plus30,micro,employment_hired:orta,"Muzdlu işçilər, FR4 (Δ %) — orta müddət",0.0015357877103383544,FR1.E1_emp|ln_gdpnon_pc,Məşğulluq səviyyəsi (Okun tipli əlaqə): ln adambaşına real qeyri-neft ÜDM,0.03365751478454254,0.011391499978538753,0.1692472919675908,0.25492110587341005,2.0,True,0.5293529057367552,0.2913137232542703,1.0,160.0,8.0,1.0,0.007142857142857143,indikativ (ilk-3 sabit),"Saltelli/Jansen, həqiqi zəncir"
tsa_plus30,micro,employment_hired:orta,"Muzdlu işçilər, FR4 (Δ %) — orta müddət",0.0015357877103383544,FR1.D1_cons|ln_cred_hh_pc,Ev təsərrüfatlarının istehlakı (adambaşına): ln adambaşına real ev təsərrüfatı krediti,0.12474670097614615,0.16912090601999374,0.038597679286209836,0.23642632246335418,3.0,True,0.5293529057367552,0.2913137232542703,1.0,160.0,8.0,1.0,0.007142857142857143,indikativ (ilk-3 sabit),"Saltelli/Jansen, həqiqi zəncir"
tsa_plus30,micro,employment_hired:orta,"Muzdlu işçilər, FR4 (Δ %) — orta müddət",0.0015357877103383544,FR1.D3_xnon|ln_va_man,Qeyri-neft mal ixracı (real): ln real emal əlavə dəyəri,0.3477551571209627,0.3918660590359308,-0.0065243518144981055,0.013663947993176877,4.0,False,0.5293529057367552,0.2913137232542703,1.0,160.0,8.0,1.0,0.007142857142857143,indikativ (ilk-3 sabit),"Saltelli/Jansen, həqiqi zəncir"
tsa_plus30,micro,employment_hired:orta,"Muzdlu işçilər, FR4 (Δ %) — orta müddət",0.0015357877103383544,FR1.G4_infl|dln_wage,"İQİ inflyasiyası (struktur xərc əlavəsi): əmək haqqı artımı, %",0.3465319843899634,0.17556938949959208,0.004573907891593895,0.013485728722189411,5.0,False,0.5293529057367552,0.2913137232542703,1.0,160.0,8.0,1.0,0.007142857142857143,indikativ (ilk-3 sabit),"Saltelli/Jansen, həqiqi zəncir"
tsa_plus30,micro,budget_balance_pct:orta,Büdcə balansı (Δ f.b. ÜDM) — orta müddət,-0.040720216768251036,FR1.G4_infl|dln_wage,"İQİ inflyasiyası (struktur xərc əlavəsi): əmək haqqı artımı, %",0.3465319843899634,0.17556938949959208,0.1526066513269931,0.38458660738038974,1.0,True,0.3324168623619868,0.3121767677375602,0.94,160.0,8.0,1.0,0.007142857142857143,indikativ (ilk-3 sabit),"Saltelli/Jansen, həqiqi zəncir"
tsa_plus30,micro,budget_balance_pct:orta,Büdcə balansı (Δ f.b. ÜDM) — orta müddət,-0.040720216768251036,FR1.D3_xnon|ln_va_man,Qeyri-neft mal ixracı (real): ln real emal əlavə dəyəri,0.3477551571209627,0.3918660590359308,0.22350021133115444,0.23644699047775453,2.0,True,0.3324168623619868,0.3121767677375602,0.94,160.0,8.0,1.0,0.007142857142857143,indikativ (ilk-3 sabit),"Saltelli/Jansen, həqiqi zəncir"
tsa_plus30,micro,budget_balance_pct:orta,Büdcə balansı (Δ f.b. ÜDM) — orta müddət,-0.040720216768251036,FR1.D1_cons|ln_hhdisp_pc,Ev təsərrüfatlarının istehlakı (adambaşına): ln adambaşına real sərəncamda qalan gəlir,0.9288356879948724,0.37903162691816805,0.11415461102828302,0.1624006984473859,3.0,True,0.3324168623619868,0.3121767677375602,0.94,160.0,8.0,1.0,0.007142857142857143,indikativ (ilk-3 sabit),"Saltelli/Jansen, həqiqi zəncir"
tsa_plus30,micro,budget_balance_pct:orta,Büdcə balansı (Δ f.b. ÜDM) — orta müddət,-0.040720216768251036,FR1.D1_cons|ln_cred_hh_pc,Ev təsərrüfatlarının istehlakı (adambaşına): ln adambaşına real ev təsərrüfatı krediti,0.12474670097614615,0.16912090601999374,0.09021873052528596,0.07733450388148816,4.0,False,0.3324168623619868,0.3121767677375602,0.94,160.0,8.0,1.0,0.007142857142857143,indikativ (ilk-3 sabit),"Saltelli/Jansen, həqiqi zəncir"
tsa_plus30,micro,budget_balance_pct:orta,Büdcə balansı (Δ f.b. ÜDM) — orta müddət,-0.040720216768251036,FR1.E1_emp|ln_gdpnon_pc,Məşğulluq səviyyəsi (Okun tipli əlaqə): ln adambaşına real qeyri-neft ÜDM,0.03365751478454254,0.011391499978538753,0.003075693285828628,0.0007827804379320598,5.0,False,0.3324168623619868,0.3121767677375602,0.94,160.0,8.0,1.0,0.007142857142857143,indikativ (ilk-3 sabit),"Saltelli/Jansen, həqiqi zəncir"
tsa_plus30,microsim,,,,,mikrosimulyasiya: bir icra ≈ 15 s və davranış parametrləri üçün interfeys (eng_microsim.simulate behaviour=) hələ aktiv deyil — Monte Karlo bu blok üçün aparılmadı,,,,,,,,,,,,,,,buraxıldı
vat_minus2,micro,gdp_real:orta,Real ÜDM (Δ %) — orta müddət,0.47724430845992316,FR1.E3_hhdisp|ln_gdpnon,Ev təsərrüfatlarının real sərəncamda qalan gəliri: ln real qeyri-neft ÜDM,0.6025470923222385,0.5105558476412329,-0.10760060802608051,0.7966152298137666,1.0,True,0.7182761897617517,0.1753270392895856,0.94,160.0,68.0,0.88,0.060714285714285714,indikativ (ilk-3 sabit),"Saltelli/Jansen, həqiqi zəncir"
vat_minus2,micro,gdp_real:orta,Real ÜDM (Δ %) — orta müddət,0.47724430845992316,FR1.E3_hhdisp|ln_wagebill_r,Ev təsərrüfatlarının real sərəncamda qalan gəliri: ln real əmək haqqı fondu (orta əmək haqqı × məşğulluq),0.3769209878072344,0.5344854288625426,0.02266347603222936,0.3678254030348759,2.0,True,0.7182761897617517,0.1753270392895856,0.94,160.0,68.0,0.88,0.060714285714285714,indikativ (ilk-3 sabit),"Saltelli/Jansen, həqiqi zəncir"
vat_minus2,micro,gdp_real:orta,Real ÜDM (Δ %) — orta müddət,0.47724430845992316,FR1.D1_cons|ln_hhdisp_pc,Ev təsərrüfatlarının istehlakı (adambaşına): ln adambaşına real sərəncamda qalan gəlir,0.9288356879948724,0.37903162691816805,-0.04226325571249659,0.1464064370153746,3.0,True,0.7182761897617517,0.1753270392895856,0.94,160.0,68.0,0.88,0.060714285714285714,indikativ (ilk-3 sabit),"Saltelli/Jansen, həqiqi zəncir"
vat_minus2,micro,gdp_real:orta,Real ÜDM (Δ %) — orta müddət,0.47724430845992316,FR1.G4_infl|dln_wage,"İQİ inflyasiyası (struktur xərc əlavəsi): əmək haqqı artımı, %",0.3465319843899634,0.17556938949959208,-0.03167734524067447,0.08322986579391814,4.0,False,0.7182761897617517,0.1753270392895856,0.94,160.0,68.0,0.88,0.060714285714285714,indikativ (ilk-3 sabit),"Saltelli/Jansen, həqiqi zəncir"
vat_minus2,micro,gdp_real:orta,Real ÜDM (Δ %) — orta müddət,0.47724430845992316,FR1.D1_cons|ln_cred_hh_pc,Ev təsərrüfatlarının istehlakı (adambaşına): ln adambaşına real ev təsərrüfatı krediti,0.12474670097614615,0.16912090601999374,-0.018832449143974698,0.054859239251417814,5.0,False,0.7182761897617517,0.1753270392895856,0.94,160.0,68.0,0.88,0.060714285714285714,indikativ (ilk-3 sabit),"Saltelli/Jansen, həqiqi zəncir"
vat_minus2,micro,infl:qısa,İnflyasiya (Δ f.b.) — qısa müddət,-0.41970944030956253,FR1.E3_hhdisp|ln_gdpnon,Ev təsərrüfatlarının real sərəncamda qalan gəliri: ln real qeyri-neft ÜDM,0.6025470923222385,0.5105558476412329,0.10472547310918416,0.9753448182606533,1.0,True,0.5582804324890552,0.19231399446732567,1.0,160.0,68.0,0.66,0.060714285714285714,indikativ (1-ci sürücü sabit),"Saltelli/Jansen, həqiqi zəncir"
vat_minus2,micro,infl:qısa,İnflyasiya (Δ f.b.) — qısa müddət,-0.41970944030956253,FR1.G4_infl|dln_wage,"İQİ inflyasiyası (struktur xərc əlavəsi): əmək haqqı artımı, %",0.3465319843899634,0.17556938949959208,0.1365748187176187,0.371913983488401,2.0,True,0.5582804324890552,0.19231399446732567,1.0,160.0,68.0,0.66,0.060714285714285714,indikativ (1-ci sürücü sabit),"Saltelli/Jansen, həqiqi zəncir"
vat_minus2,micro,infl:qısa,İnflyasiya (Δ f.b.) — qısa müddət,-0.41970944030956253,FR1.D1_cons|ln_hhdisp_pc,Ev təsərrüfatlarının istehlakı (adambaşına): ln adambaşına real sərəncamda qalan gəlir,0.9288356879948724,0.37903162691816805,-0.003731788957223991,0.09218886566913309,3.0,True,0.5582804324890552,0.19231399446732567,1.0,160.0,68.0,0.66,0.060714285714285714,indikativ (1-ci sürücü sabit),"Saltelli/Jansen, həqiqi zəncir"
vat_minus2,micro,infl:qısa,İnflyasiya (Δ f.b.) — qısa müddət,-0.41970944030956253,FR1.D1_cons|ln_cred_hh_pc,Ev təsərrüfatlarının istehlakı (adambaşına): ln adambaşına real ev təsərrüfatı krediti,0.12474670097614615,0.16912090601999374,-0.020196591648968722,0.07069242541609282,4.0,False,0.5582804324890552,0.19231399446732567,1.0,160.0,68.0,0.66,0.060714285714285714,indikativ (1-ci sürücü sabit),"Saltelli/Jansen, həqiqi zəncir"
vat_minus2,micro,infl:qısa,İnflyasiya (Δ f.b.) — qısa müddət,-0.41970944030956253,FR1.E3_hhdisp|ln_wagebill_r,Ev təsərrüfatlarının real sərəncamda qalan gəliri: ln real əmək haqqı fondu (orta əmək haqqı × məşğulluq),0.3769209878072344,0.5344854288625426,0.003553047171694957,0.06025298886488576,5.0,False,0.5582804324890552,0.19231399446732567,1.0,160.0,68.0,0.66,0.060714285714285714,indikativ (1-ci sürücü sabit),"Saltelli/Jansen, həqiqi zəncir"
vat_minus2,micro,employment_hired:orta,"Muzdlu işçilər, FR4 (Δ %) — orta müddət",0.018549487401675613,FR1.E3_hhdisp|ln_gdpnon,Ev təsərrüfatlarının real sərəncamda qalan gəliri: ln real qeyri-neft ÜDM,0.6025470923222385,0.5105558476412329,-0.10715328214992748,0.80874334789715,1.0,True,0.7722274176486312,0.17827536036224167,0.94,160.0,68.0,0.815,0.060714285714285714,indikativ (ilk-3 sabit),"Saltelli/Jansen, həqiqi zəncir"
vat_minus2,micro,employment_hired:orta,"Muzdlu işçilər, FR4 (Δ %) — orta müddət",0.018549487401675613,FR1.E3_hhdisp|ln_wagebill_r,Ev təsərrüfatlarının real sərəncamda qalan gəliri: ln real əmək haqqı fondu (orta əmək haqqı × məşğulluq),0.3769209878072344,0.5344854288625426,0.020958902055379137,0.3554143845622152,2.0,True,0.7722274176486312,0.17827536036224167,0.94,160.0,68.0,0.815,0.060714285714285714,indikativ (ilk-3 sabit),"Saltelli/Jansen, həqiqi zəncir"
vat_minus2,micro,employment_hired:orta,"Muzdlu işçilər, FR4 (Δ %) — orta müddət",0.018549487401675613,FR1.D1_cons|ln_hhdisp_pc,Ev təsərrüfatlarının istehlakı (adambaşına): ln adambaşına real sərəncamda qalan gəlir,0.9288356879948724,0.37903162691816805,-0.04574608633613368,0.13745175287499842,3.0,True,0.7722274176486312,0.17827536036224167,0.94,160.0,68.0,0.815,0.060714285714285714,indikativ (ilk-3 sabit),"Saltelli/Jansen, həqiqi zəncir"
vat_minus2,micro,employment_hired:orta,"Muzdlu işçilər, FR4 (Δ %) — orta müddət",0.018549487401675613,FR1.G4_infl|dln_wage,"İQİ inflyasiyası (struktur xərc əlavəsi): əmək haqqı artımı, %",0.3465319843899634,0.17556938949959208,-0.03075771778895346,0.09436452011092461,4.0,False,0.7722274176486312,0.17827536036224167,0.94,160.0,68.0,0.815,0.060714285714285714,indikativ (ilk-3 sabit),"Saltelli/Jansen, həqiqi zəncir"
vat_minus2,micro,employment_hired:orta,"Muzdlu işçilər, FR4 (Δ %) — orta müddət",0.018549487401675613,FR1.D1_cons|ln_cred_hh_pc,Ev təsərrüfatlarının istehlakı (adambaşına): ln adambaşına real ev təsərrüfatı krediti,0.12474670097614615,0.16912090601999374,-0.017154956127204694,0.04846877927545473,5.0,False,0.7722274176486312,0.17827536036224167,0.94,160.0,68.0,0.815,0.060714285714285714,indikativ (ilk-3 sabit),"Saltelli/Jansen, həqiqi zəncir"
vat_minus2,micro,budget_balance_pct:orta,Büdcə balansı (Δ f.b. ÜDM) — orta müddət,-0.23579721740487852,FR1.E3_hhdisp|ln_gdpnon,Ev təsərrüfatlarının real sərəncamda qalan gəliri: ln real qeyri-neft ÜDM,0.6025470923222385,0.5105558476412329,0.014988124717389207,1.063863988008653,1.0,True,0.9453830967970733,0.28472716387930685,0.995,160.0,68.0,0.855,0.060714285714285714,indikativ (ilk-3 sabit),"Saltelli/Jansen, həqiqi zəncir"
vat_minus2,micro,budget_balance_pct:orta,Büdcə balansı (Δ f.b. ÜDM) — orta müddət,-0.23579721740487852,FR1.G4_infl|dln_wage,"İQİ inflyasiyası (struktur xərc əlavəsi): əmək haqqı artımı, %",0.3465319843899634,0.17556938949959208,0.089137712065091,0.4754803892629669,2.0,True,0.9453830967970733,0.28472716387930685,0.995,160.0,68.0,0.855,0.060714285714285714,indikativ (ilk-3 sabit),"Saltelli/Jansen, həqiqi zəncir"
vat_minus2,micro,budget_balance_pct:orta,Büdcə balansı (Δ f.b. ÜDM) — orta müddət,-0.23579721740487852,FR1.E3_hhdisp|ln_wagebill_r,Ev təsərrüfatlarının real sərəncamda qalan gəliri: ln real əmək haqqı fondu (orta əmək haqqı × məşğulluq),0.3769209878072344,0.5344854288625426,0.010088098837580453,0.06723979783806186,3.0,True,0.9453830967970733,0.28472716387930685,0.995,160.0,68.0,0.855,0.060714285714285714,indikativ (ilk-3 sabit),"Saltelli/Jansen, həqiqi zəncir"
vat_minus2,micro,budget_balance_pct:orta,Büdcə balansı (Δ f.b. ÜDM) — orta müddət,-0.23579721740487852,FR1.D1_cons|ln_hhdisp_pc,Ev təsərrüfatlarının istehlakı (adambaşına): ln adambaşına real sərəncamda qalan gəlir,0.9288356879948724,0.37903162691816805,-0.0054718698568984375,0.041452728845338925,4.0,False,0.9453830967970733,0.28472716387930685,0.995,160.0,68.0,0.855,0.060714285714285714,indikativ (ilk-3 sabit),"Saltelli/Jansen, həqiqi zəncir"
vat_minus2,micro,budget_balance_pct:orta,Büdcə balansı (Δ f.b. ÜDM) — orta müddət,-0.23579721740487852,FR1.D1_cons|ln_cred_hh_pc,Ev təsərrüfatlarının istehlakı (adambaşına): ln adambaşına real ev təsərrüfatı krediti,0.12474670097614615,0.16912090601999374,-0.00043116992091844634,0.025849921835398516,5.0,False,0.9453830967970733,0.28472716387930685,0.995,160.0,68.0,0.855,0.060714285714285714,indikativ (ilk-3 sabit),"Saltelli/Jansen, həqiqi zəncir"
vat_minus2,microsim,,,,,mikrosimulyasiya: bir icra ≈ 15 s və davranış parametrləri üçün interfeys (eng_microsim.simulate behaviour=) hələ aktiv deyil — Monte Karlo bu blok üçün aparılmadı,,,,,,,,,,,,,,,buraxıldı
