indicator,unit,year,p5,p10,p25,p50,p75,p90,p95,baseline
"branch nominal output, mn AZN",06,2026,24434.742122703978,25639.153407647125,28654.434941135456,32457.773281419322,36416.24287172549,41246.30562422004,42413.978456855824,32481.884258364153
"branch nominal output, mn AZN",06,2027,19461.476584132313,20898.174305014694,25200.760001242976,30488.614185105806,35354.91680963284,45949.52213019961,50506.33436362641,30650.744056907468
"branch nominal output, mn AZN",06,2028,18651.603926087053,20244.640172148363,23273.702624024525,29221.993952894027,39038.177484193235,43317.8996932738,46398.8457674688,29349.703115209708
"branch nominal output, mn AZN",06,2029,18412.715775951747,20508.80059910336,24305.782677828716,30640.006079930194,38160.14737683624,45717.86388184183,51991.18312908845,30805.414578534932
"branch nominal output, mn AZN",06,2030,17054.757444312174,18728.879236015462,23508.456239220814,31497.392638905956,41671.94306004072,49750.49171829448,54741.40625678755,31475.15207814965
"branch nominal output, mn AZN",06,2026-2030 growth % pa,-12.551463740785438,-10.89836027021333,-6.754422819843315,-1.1359739865403506,4.55677590465759,8.32854207953334,10.41971312773693,-1.1499247438067184
"branch real output, mn AZN 2015 prices",06,2026,12424.015422957933,12619.522324223104,12714.477020029177,12971.672661975965,13236.498663559183,13342.3535357003,13596.120876140563,12971.672661975965
"branch real output, mn AZN 2015 prices",06,2027,11499.177962495676,11929.412064683273,12204.004557907874,12430.877809238153,12670.989965342713,12943.913243481864,13492.75260420836,12430.877809238153
"branch real output, mn AZN 2015 prices",06,2028,11268.087567024708,11646.951925416784,11799.7930179008,11926.973881191667,12050.367511308148,12204.229860363694,12641.556750064541,11926.973881191667
"branch real output, mn AZN 2015 prices",06,2029,11470.224723227357,11952.573509167112,12109.405930779745,12396.328723400904,12587.046628981954,12736.799752015457,13299.677089940818,12396.328723400906
"branch real output, mn AZN 2015 prices",06,2030,11739.409194294187,11840.90039955343,12112.817351301783,12319.166253725663,12563.117707637877,12796.03455802456,12903.235002629393,12319.166253725663
"branch real output, mn AZN 2015 prices",06,2026-2030 growth % pa,-2.1536154722557375,-1.9850144434109918,-1.5389260539357852,-1.205720586479575,-0.8175069934708595,-0.45244093591257906,-0.28620266007536144,-1.205720567898183
"branch share of industry, %",06,2026,43.363237732783695,44.730075595319335,46.72070807844939,50.75746991429524,54.2407225531788,56.02902043007979,57.35475693417431,50.62698843466244
"branch share of industry, %",06,2027,33.88670035498821,36.936444475875646,41.45034443608499,47.14414341642373,52.75773309657916,57.72424935798871,59.8168157986958,46.95741935164931
"branch share of industry, %",06,2028,29.328998633448396,31.659031731862438,37.63711096389839,43.87734763774745,50.329864438228476,55.437623945877824,57.50900297323526,43.69182465699861
"branch share of industry, %",06,2029,27.74377811707585,30.94807566631565,36.53381254316187,41.96032063503729,48.43205394197035,52.89306875070477,55.851076195531824,42.418164447024516
"branch share of industry, %",06,2030,24.25678401644672,29.11666505493446,34.23569019589298,40.27925681055666,46.234887737449704,51.87369646385595,55.620147297554794,40.647285404518804
"labour productivity, thsd AZN 2015 prices per employee",06,2026,678.9238793584198,690.5211137234201,697.730561547178,709.8755267706122,719.5452156453645,726.8781752823537,741.8487231262962,708.8244806620327
"labour productivity, thsd AZN 2015 prices per employee",06,2027,646.8013292692634,657.580117243995,687.2070865272179,697.7272261623073,711.6703847750517,740.3382039620349,756.6573959400195,698.2172629123685
"labour productivity, thsd AZN 2015 prices per employee",06,2028,649.6340152824151,659.6720723778916,672.4253190672626,686.36826819105,704.1237566987131,716.308104098055,727.7823854372393,687.8167672081931
"labour productivity, thsd AZN 2015 prices per employee",06,2029,643.6473453409935,665.035804172214,678.217528848317,694.4626194748975,711.279817887714,722.8256219969918,748.2739875126974,696.1612566432891
"labour productivity, thsd AZN 2015 prices per employee",06,2030,654.1075034358587,659.8474415468829,676.1904964913631,694.1853895428447,710.5511999132237,730.2002378619466,734.2430970508842,693.9363049342409
"labour productivity, thsd AZN 2015 prices per employee",06,2026-2030 growth % pa,-1.6787173441553964,-1.50676202563242,-1.0236298539778144,-0.5023545933868556,-0.037574503996015696,0.5092664951249005,0.6203177338506415,-0.509495799257198
"branch nominal output, mn AZN",07,2026,659.223185847946,688.1764875622033,713.9501105487825,750.3346735316378,781.1025064986965,806.1478105587588,844.3830760278455,747.165334546365
"branch nominal output, mn AZN",07,2027,601.5832515864406,633.306606549744,674.1052243465338,737.3771986040235,822.3845887217719,866.742750877795,934.7454598528545,747.4113578856147
"branch nominal output, mn AZN",07,2028,595.5263677997933,613.9694353817983,651.0140866723445,758.5485924537916,894.0112327014399,948.2777305995864,979.2301192150187,751.7553052427052
"branch nominal output, mn AZN",07,2029,582.1700380292156,626.4318370827987,683.518528534226,812.994619601431,970.3093348484579,1062.5141994748835,1155.9305955912757,816.7865694576798
"branch nominal output, mn AZN",07,2030,598.4684696888446,632.4001404388669,705.1446164942064,859.6498191020626,1000.7914262261866,1149.2353324837377,1255.780221351459,854.2190174303483
"branch nominal output, mn AZN",07,2026-2030 growth % pa,-3.8928767243567,-2.8269861974748,-0.6877172355893996,3.3264742664706137,6.51629271903254,9.503780940869161,11.462815135229642,3.1955985693825406
"branch real output, mn AZN 2015 prices",07,2026,151.90525971263128,155.2079314363152,156.285294842914,159.56487591067366,163.01612259816108,164.39821339573962,168.58512631566737,159.5648759106737
"branch real output, mn AZN 2015 prices",07,2027,140.81285201165798,145.9279546538062,151.2048860540229,153.15402827543699,154.71947457772205,160.15756842818735,167.40211411346903,153.15402827543699
"branch real output, mn AZN 2015 prices",07,2028,138.922362653168,143.63374006699917,145.29107515939006,147.4235382222434,150.21714437260815,152.3495586778871,157.9461462970398,147.4235382222434
"branch real output, mn AZN 2015 prices",07,2029,141.47698905272694,146.51414574392675,148.37491911179745,152.51914227222522,156.8758446253595,158.59062379908988,165.32426030177953,152.51914227222522
"branch real output, mn AZN 2015 prices",07,2030,143.0709193782544,144.231325144213,148.51955489058452,151.60742617172252,154.756306715618,159.90559284661603,160.77862357613733,151.60742617172255
"branch real output, mn AZN 2015 prices",07,2026-2030 growth % pa,-2.2369637090851455,-2.0788931178134114,-1.5034236376612524,-1.097219137052019,-0.6897490822062619,-0.037493175415764766,0.07142156309494663,-1.0972191369803985
"branch share of industry, %",07,2026,1.0380875279650352,1.0548999553913847,1.0871914970464387,1.1604994247785045,1.2409750446863352,1.2850377038809702,1.304645431133452,1.1645485357309298
"branch share of industry, %",07,2027,0.9267971060423563,0.9541637423349109,1.0254871660410962,1.1340192055627347,1.2429317839787237,1.31562927474083,1.3606375738822751,1.145045891716651
"branch share of industry, %",07,2028,0.8775229793382084,0.9109422693778462,0.9865543369434533,1.0895575918051006,1.2333481335241934,1.3111332048924125,1.366375493724203,1.1191105018234886
"branch share of industry, %",07,2029,0.8338715144861302,0.8796559467161482,0.9710494545668914,1.0824626353567348,1.2528507714914578,1.3835226994680563,1.484546093265072,1.1246914704896864
"branch share of industry, %",07,2030,0.7433670310943112,0.7987592964870885,0.925513610802451,1.0673188710506571,1.237274368342061,1.4105172856326027,1.5421179864435501,1.1031458756179644
"labour productivity, thsd AZN 2015 prices per employee",07,2026,62.380233978026034,63.91527682792959,64.4838207097216,65.47603761697142,66.64651640836868,67.20442414094526,69.07197382463254,65.51744202978685
"labour productivity, thsd AZN 2015 prices per employee",07,2027,59.46902790788748,60.68986044283613,63.4914015573739,64.57912749352408,65.74340443311708,68.81760615234435,70.52833436035392,64.63892357618417
"labour productivity, thsd AZN 2015 prices per employee",07,2028,60.06869980470233,61.06103401416042,62.32420497641116,64.04401107322977,65.68952039084823,67.28885156174867,68.32241986862913,63.883136000158004
"labour productivity, thsd AZN 2015 prices per employee",07,2029,59.472353818251726,61.27452396075236,62.394645884620125,64.37448868564876,66.36785231778725,67.923949741367,69.83048006562154,64.36029508286566
"labour productivity, thsd AZN 2015 prices per employee",07,2030,59.84081622394392,60.46455508793756,62.51311306730613,64.09695087766892,65.81513699131122,67.98685245955441,68.8109978270759,64.17053712652204
"labour productivity, thsd AZN 2015 prices per employee",07,2026-2030 growth % pa,-1.7820865914668953,-1.578183993076585,-0.9201302302679293,-0.42308313818602006,0.10513588593576983,0.7572222297477076,1.0003253728431802,-0.40022973516357085
"branch nominal output, mn AZN",08,2026,227.2398783017024,232.81768850889404,240.0943011818409,248.72694574830538,256.88188823658624,262.019938654087,265.2075176982675,248.72694574830533
"branch nominal output, mn AZN",08,2027,214.27482552319222,222.65723313254608,235.84262045949546,254.86963432591705,272.8507376710484,286.37524057178655,296.6763973356625,254.86963432591705
"branch nominal output, mn AZN",08,2028,207.50639492745802,215.79039616352375,236.7605599482095,260.78932987795866,285.4096296068296,306.0666323193719,321.18048890518224,260.78932987795866
"branch nominal output, mn AZN",08,2029,200.81937395891399,215.76135153514267,237.08056576063353,266.98784087083726,296.0092861261152,319.06884020944466,340.45730156924037,266.9878408708372
"branch nominal output, mn AZN",08,2030,197.0946630597947,210.82728642487083,241.34496370104904,273.05322044126217,302.64366008810464,333.32157090844413,358.1180967930163,273.05322044126217
"branch nominal output, mn AZN",08,2026-2030 growth % pa,-4.242524018502708,-2.943856095415937,-0.28388151342257084,2.2085379217435808,4.3335613440225575,6.367854833405104,7.9053459330268305,2.208538416730499
"branch real output, mn AZN 2015 prices",08,2026,257.7456799883095,257.7456799883095,257.7456799883095,257.7456799883095,257.7456799883095,257.7456799883095,257.7456799883095,257.7456799883095
"branch real output, mn AZN 2015 prices",08,2027,257.7456799883095,257.7456799883095,257.7456799883095,257.7456799883095,257.7456799883095,257.7456799883095,257.7456799883095,257.7456799883095
"branch real output, mn AZN 2015 prices",08,2028,257.7456799883095,257.7456799883095,257.7456799883095,257.7456799883095,257.7456799883095,257.7456799883095,257.7456799883095,257.7456799883095
"branch real output, mn AZN 2015 prices",08,2029,257.7456799883095,257.7456799883095,257.7456799883095,257.7456799883095,257.7456799883095,257.7456799883095,257.7456799883095,257.7456799883095
"branch real output, mn AZN 2015 prices",08,2030,257.7456799883095,257.7456799883095,257.7456799883095,257.7456799883095,257.7456799883095,257.7456799883095,257.7456799883095,257.7456799883095
"branch real output, mn AZN 2015 prices",08,2026-2030 growth % pa,0.0,0.0,0.0,0.0,0.0,0.0,0.0,0.0
"branch share of industry, %",08,2026,0.3235708041893941,0.3322590543102051,0.3546241876522739,0.3858272754387071,0.41659333998011355,0.4461058409730478,0.46264155715176836,0.3876713587681054
"branch share of industry, %",08,2027,0.28244216387097243,0.2990105655504839,0.338232784460228,0.3875605240896231,0.43483087826705324,0.48358956235907463,0.507790655860956,0.3904642666038798
"branch share of industry, %",08,2028,0.27434356345318406,0.2924582224904577,0.32680141142885133,0.3702336198609731,0.4332806363048847,0.4802060172383059,0.5030538801271568,0.38822749343379603
"branch share of industry, %",08,2029,0.24771525573025574,0.26826151097831374,0.3011222064590694,0.3538045588423071,0.42174542441141516,0.48220519086025965,0.505808351405348,0.36763453095373977
"branch share of industry, %",08,2030,0.21846190767003587,0.24126572287789802,0.2791974307624786,0.34230574150152226,0.4096370660011216,0.4697309620099003,0.5004240407780307,0.3526233059761421
"labour productivity, thsd AZN 2015 prices per employee",08,2026,103.09460390840759,103.33878503471931,104.50568592571747,104.97258362628651,105.43867695827069,106.63838158477645,106.77710003185446,104.97257461245007
"labour productivity, thsd AZN 2015 prices per employee",08,2027,105.08342343349192,105.2234645973364,106.77430125768903,107.90011490872368,109.08103677582218,110.60683966229769,110.8565007255435,107.900114661971
"labour productivity, thsd AZN 2015 prices per employee",08,2028,105.85208963470068,107.39245914070491,109.11063280554139,110.78363559606974,112.51551411001995,114.24315917758874,115.92125625070429,110.78363523297449
"labour productivity, thsd AZN 2015 prices per employee",08,2029,103.64615247229186,104.27175161065121,106.04965269238872,107.88222896279035,110.14383455787436,111.92782734867613,112.36057868142161,107.88222306864233
"labour productivity, thsd AZN 2015 prices per employee",08,2030,103.23247971912124,103.88503902597321,105.77710802354555,108.21102956646165,110.46776469985045,112.71312534121331,113.17868513998681,108.21100099037278
"labour productivity, thsd AZN 2015 prices per employee",08,2026-2030 growth % pa,-0.2394527703027305,-0.11364799141205584,0.24757768587102547,0.7047249349122153,1.1213046470727517,1.5290796241647286,1.612814268566709,0.7047217436506159
"branch nominal output, mn AZN",09,2026,1977.112001676346,2074.5657007764867,2318.5441016270347,2626.287307642867,2946.582799036377,3337.4023537855837,3431.8833988419397,2628.2382225185133
"branch nominal output, mn AZN",09,2027,1574.7053409284438,1690.9542578383666,2039.0935496522861,2466.9548267441173,2860.706693427489,3717.9582750946274,4086.6680454229395,2480.0733983975283
"branch nominal output, mn AZN",09,2028,1509.175328620149,1638.0742163340785,1883.167686007611,2364.467554723959,3158.7339387492007,3505.023255040035,3754.3148345958775,2374.8010101077075
"branch nominal output, mn AZN",09,2029,1489.8459399030924,1659.4484853105205,1966.6773809665374,2479.2045460458694,3087.6890366024463,3699.213886436238,4206.813054530343,2492.588404411488
"branch nominal output, mn AZN",09,2030,1379.9681396063452,1515.4279807629662,1902.162533086854,2548.579096729254,3371.8423686831375,4025.5098159658737,4429.344527371605,2546.7795246537853
"branch nominal output, mn AZN",09,2026-2030 growth % pa,-12.551463740785438,-10.89836027021333,-6.754422819843315,-1.1359739865403506,4.55677590465759,8.32854207953334,10.41971312773693,-1.1499247438067073
"branch real output, mn AZN 2015 prices",09,2026,609.0283201849198,618.6121170177909,623.2668197778648,635.8746139926309,648.856450330944,654.0454824408337,666.4852204647046,635.8746139926309
"branch real output, mn AZN 2015 prices",09,2027,563.6925582903716,584.7827407814036,598.243332964422,609.3647160639026,621.1350735618591,634.513840407021,661.4180821143322,609.3647160639026
"branch real output, mn AZN 2015 prices",09,2028,552.3644497382459,570.9364746363386,578.4287829313492,584.6632204213877,590.7120068010707,598.2543773467356,619.6922500423888,584.6632204213877
"branch real output, mn AZN 2015 prices",09,2029,562.273263314054,585.9181205396244,593.6060847793318,607.671111299657,617.0201503752668,624.3610856412522,651.9534724756552,607.671111299657
"branch real output, mn AZN 2015 prices",09,2030,575.4687529084049,580.4438769845036,593.7733134601771,603.8885878812787,615.8471487108379,627.2647905363331,632.5197829424208,603.8885878812786
"branch real output, mn AZN 2015 prices",09,2026-2030 growth % pa,-2.1536154722557375,-1.9850144434109918,-1.5389260539357825,-1.205720586479575,-0.8175069934708623,-0.45244093591257906,-0.28620266007536144,-1.205720567898183
"branch share of industry, %",09,2026,3.508691735828469,3.619288014225608,3.780357992110346,4.106988419944658,4.388832220981072,4.533530502519638,4.640801106815079,4.096430645359478
"branch share of industry, %",09,2027,2.7419074706258133,2.9886743762542483,3.3539119441761924,3.8146198265278684,4.2688376559359895,4.670698205871146,4.840016064985483,3.7995112410714142
"branch share of industry, %",09,2028,2.3731257282826235,2.5616579575176965,3.045368083750142,3.55029040947848,4.072389163096819,4.48567826488221,4.653281766259203,3.53527900849936
"branch share of industry, %",09,2029,2.244859242289649,2.5041316794502446,2.956095827954903,3.39517614326021,3.918829780713452,4.279788201052561,4.519132327986542,3.4322221039266854
"branch share of industry, %",09,2030,1.9627127047281743,2.3559449753886232,2.7701456242945124,3.259154594668691,3.741048339402512,4.1973067419733425,4.500446953963297,3.288933249439372
"labour productivity, thsd AZN 2015 prices per employee",09,2026,70.33770821521843,71.5392020964467,72.28611357332618,73.54435333501658,74.54615011265682,75.30585763066007,76.85683272239537,73.43546310924361
"labour productivity, thsd AZN 2015 prices per employee",09,2027,67.0097555183197,68.12645691376456,71.19586304912369,72.2857680215862,73.73030378166067,76.70034027978204,78.3910372762411,72.33653669092968
"labour productivity, thsd AZN 2015 prices per employee",09,2028,67.30322677233814,68.34318714565208,69.66444593725825,71.10895999390826,72.94845983747078,74.21077966186353,75.39953539332721,71.2590270401788
"labour productivity, thsd AZN 2015 prices per employee",09,2029,66.68299723509097,68.89887919503212,70.26452905981115,71.94754902591103,73.68984036507551,74.88600598133854,77.522501415686,72.12353082467581
"labour productivity, thsd AZN 2015 prices per employee",09,2030,67.76668801447106,68.36135570005631,70.05452494182232,71.91882751726756,73.61435426118639,75.65002915783761,76.06887648171646,71.8930219136446
"labour productivity, thsd AZN 2015 prices per employee",09,2026-2030 growth % pa,-1.678717344155396,-1.50676202563243,-1.0236298539778144,-0.5023545933868556,-0.03757450399600737,0.5092664951248983,0.6203177338506415,-0.509495799257198
"branch nominal output, mn AZN",10,2026,3989.7814689387546,4234.286305888576,4649.5521988111295,5308.15832356077,5965.022003817517,6695.492632974256,7092.499591629885,5693.33258203894
"branch nominal output, mn AZN",10,2027,3336.401971228338,3792.3083378405545,4435.664007905967,5589.641059492102,6948.63288609562,8034.164057766175,9070.855412529496,6478.070983576234
"branch nominal output, mn AZN",10,2028,3089.619929276198,3575.265178368581,4639.061249108536,6187.898396412183,8170.9798067048105,10166.468264546906,12037.566323701409,7331.549168095768
"branch nominal output, mn AZN",10,2029,2979.263214358442,3684.943797920399,4813.096808691877,6974.745087514056,9483.02997814005,11840.814045393287,14716.506462472946,8323.246831157436
"branch nominal output, mn AZN",10,2030,3423.264640402441,4003.2222411516977,5229.678222603711,7374.592063803382,10697.328032414061,14697.072697548752,16692.86363618774,9377.835967746256
"branch nominal output, mn AZN",10,2026-2030 growth % pa,-7.239352147136921,-4.2899333499449375,0.9649276902191029,8.149117643081839,16.50128008678309,24.142889063500302,27.344845467804426,13.473958760107529
"branch real output, mn AZN 2015 prices",10,2026,3561.9495018741663,3714.2060106111367,4106.904995411591,4492.281834065804,4952.442027856321,5479.658286826254,5776.542788540205,4811.088242298528
"branch real output, mn AZN 2015 prices",10,2027,3030.978330789382,3403.42841549159,3939.043300461731,4573.367259787539,5282.3159996107015,6245.717411626813,6994.009718196409,5250.131333566674
"branch real output, mn AZN 2015 prices",10,2028,2759.351616830833,3167.366006815286,3947.3215037553955,4738.638511632886,5897.679700352208,7314.318336783734,8364.518025454403,5710.072708060374
"branch real output, mn AZN 2015 prices",10,2029,2801.850640362498,3148.835140597062,4010.2356533772017,5045.316909688515,6678.723746326821,8448.626572512094,9744.45030272895,6224.978818625006
"branch real output, mn AZN 2015 prices",10,2030,3086.396832737783,3427.99083085581,4085.0457272055332,5264.36871013103,7350.389932280321,9610.214958117784,11442.87192754448,6744.840584970698
"branch real output, mn AZN 2015 prices",10,2026-2030 growth % pa,-6.590221254323891,-4.6084148957754145,-1.2034959819760493,3.9373137682774284,11.11286042395394,17.23272693647037,21.397356112629158,9.218596681308465
"branch share of industry, %",10,2026,6.135424971572314,6.4707913358979745,7.24658942447372,8.33012794998917,9.305874939313497,10.279790501512736,10.890553839062981,8.873754998106392
"branch share of industry, %",10,2027,5.055794224070691,5.689290255936535,6.846865530052018,8.460957479262394,10.402424272256042,12.134669287219966,13.892135962353965,9.92450608052979
"branch share of industry, %",10,2028,4.629174667262162,5.606549365594572,7.02118176349893,8.846436982686432,11.11439593266114,13.860200409737852,16.49497723813515,10.914207869809847
"branch share of industry, %",10,2029,4.742220079122134,5.593912451478818,7.195831356896759,9.16065956230688,11.487879448780056,15.034549762335072,17.02110902035104,11.460870033647272
"branch share of industry, %",10,2030,5.308068391278953,5.938343611840566,7.203197004127949,9.083750476118542,12.330054156304552,16.230243867035945,19.003977045093258,12.110619008648573
"labour productivity, thsd AZN 2015 prices per employee",10,2026,95.82907595443676,99.69855464074104,109.92405571078456,120.83090229407811,132.24119047444765,146.425617854237,155.06464091598463,128.9476880197587
"labour productivity, thsd AZN 2015 prices per employee",10,2027,80.92679085190494,91.0291417685751,104.48391016275076,120.751399189912,141.34335310446374,165.97465274737746,186.72256226549496,139.75019666553501
"labour productivity, thsd AZN 2015 prices per employee",10,2028,72.28985521355726,83.82646535065568,104.40424952689072,124.85499748596285,157.80412426801757,194.71465436074686,222.3127262308473,150.82939920604605
"labour productivity, thsd AZN 2015 prices per employee",10,2029,74.02389353411547,83.06982645239435,105.11803091664905,132.83574788513468,175.16831176263713,224.91115707100437,259.1907737707608,163.58593866105724
"labour productivity, thsd AZN 2015 prices per employee",10,2030,79.34717481593256,88.58332227593547,107.10073859826976,137.22746552481925,190.86244268123647,252.38699852688617,291.69057137382447,175.99337327163886
"labour productivity, thsd AZN 2015 prices per employee",10,2026-2030 growth % pa,-7.54778646159872,-5.489204055906215,-1.8320934467904337,3.1571287592569997,10.193283777422018,16.526402935432248,19.948687958725944,8.420224051359293
"branch nominal output, mn AZN",11,2026,697.937700046051,753.6724990671264,861.2820218474071,991.9295302531734,1160.675989406844,1294.2928910485566,1367.5174085304582,1046.4903825186227
"branch nominal output, mn AZN",11,2027,598.199150529187,673.0930638600628,854.6818708895346,1053.6122266519533,1332.128772300463,1603.3524729422938,1741.0191420405988,1190.732999328427
"branch nominal output, mn AZN",11,2028,564.4941810546278,657.9649426429527,893.2133599619159,1212.3418524572971,1608.9066713404357,1976.9224474301088,2245.4374124911415,1347.6106626159776
"branch nominal output, mn AZN",11,2029,526.6452519069571,656.3965149625801,883.1277877564626,1330.0369285051884,1828.268044658735,2353.1614814172453,2681.157779142111,1529.8944220496421
"branch nominal output, mn AZN",11,2030,579.4232188872654,695.4910407998094,973.0951971130875,1457.4607489307118,2094.4387177930876,2717.5796307666,3082.1973536078262,1723.7382513088812
"branch nominal output, mn AZN",11,2026-2030 growth % pa,-8.756854769836101,-5.363161667279304,1.2122331559561217,9.728972334797348,17.981923851369753,24.2906317836549,27.460020398004836,13.473958760107529
"branch real output, mn AZN 2015 prices",11,2026,344.6281816678632,365.774744276438,406.7961250537338,466.02991113438986,531.2836434694282,590.3090887341809,622.267088191211,487.79636896802316
"branch real output, mn AZN 2015 prices",11,2027,293.9794552423153,343.85018144965954,398.9210764028993,483.1018278293177,576.5073037823274,676.9047757477466,738.4265248068352,532.310960044985
"branch real output, mn AZN 2015 prices",11,2028,276.9569361039073,314.63392454349446,403.507006110573,530.4239725462066,642.381800676857,762.6103687909414,827.3852793810396,578.9444286319173
"branch real output, mn AZN 2015 prices",11,2029,275.6930535544207,309.4283383395065,414.309621641916,551.9623050959916,698.4507371438244,863.4659725111828,964.4753351813808,631.150773318058
"branch real output, mn AZN 2015 prices",11,2030,267.69488585316367,317.1763995128523,435.59130345502956,587.10358840805,750.8508321706823,915.9845877714756,1059.7610490084141,683.8595720798904
"branch real output, mn AZN 2015 prices",11,2026-2030 growth % pa,-9.461956463957831,-6.338027070490357,-0.20265007747656272,5.936621861920621,11.27917041779759,15.792532921688354,19.218813889868688,9.218596681308465
"branch share of industry, %",11,2026,1.084692952672673,1.1744399288490839,1.3409932521040173,1.546262759734113,1.7976538726537408,2.007950041322282,2.1430155122051557,1.6310832238469402
"branch share of industry, %",11,2027,0.90284066162985,1.0173227544152386,1.324676786112525,1.619693921770006,2.0153727502296963,2.4204385058240994,2.583139691713568,1.8242215810976816
"branch share of industry, %",11,2028,0.8379855917701314,0.9822750250864509,1.339526237856305,1.749924945328964,2.2516717569165627,2.684126677354902,2.909223389739208,2.00613847934994
"branch share of industry, %",11,2029,0.8553416073250558,0.9687498442540546,1.3216556542096514,1.8172840397421184,2.3138986707781624,2.7120795442685024,2.979000978220277,2.106620348044464
"branch share of industry, %",11,2030,0.855061174498034,0.9254115133378633,1.305185995110524,1.9047449404394508,2.3750692407693164,2.8303051848891325,3.0782141029659775,2.2260505839550246
"labour productivity, thsd AZN 2015 prices per employee",11,2026,44.29183424549969,47.194481624531775,52.77618861130287,59.820864510306976,68.36943654042967,75.83761049043014,79.80979382669192,62.70364944974094
"labour productivity, thsd AZN 2015 prices per employee",11,2027,37.84158099212858,44.00880659050879,50.641058271324226,61.71439755751476,73.60413750870481,86.00352223062782,95.3118534519196,67.95660687538135
"labour productivity, thsd AZN 2015 prices per employee",11,2028,34.71026919135774,40.04751093841258,50.651738910937574,66.81107902244949,81.63079636000654,97.25554861171125,106.68260330992491,73.34411279310225
"labour productivity, thsd AZN 2015 prices per employee",11,2029,35.160751425771714,39.03578400798644,51.43903988499821,70.08916829653796,87.9152936996815,108.99766882886816,122.86669137971975,79.54726067781847
"labour productivity, thsd AZN 2015 prices per employee",11,2030,33.351341162388415,39.19642672859753,53.79740678180231,72.64787106266647,93.55121994199801,117.67469229766549,133.95381478233233,85.58064865351666
"labour productivity, thsd AZN 2015 prices per employee",11,2026-2030 growth % pa,-10.203853551397357,-7.256295049949297,-1.193063272576425,4.925188682446679,10.368467176458951,15.55046914901964,18.584020234437293,8.420224051359293
"branch nominal output, mn AZN",12,2026,689.149083146726,754.8035906012515,874.842275761102,1096.6896988173319,1404.311138718223,1802.2656769915336,3245.223307864303,1277.8333820721718
"branch nominal output, mn AZN",12,2027,499.0899842628676,588.6747727381219,787.2918677872124,1101.0823918652366,1553.6322761484296,3836.635529085925,5696.96471151439,1458.2579988310172
"branch nominal output, mn AZN",12,2028,453.55788162604085,530.5936072383439,717.7783087963844,1210.5448108349572,2292.704850622083,5925.845992085992,7316.9161785982715,1655.1101970215552
"branch nominal output, mn AZN",12,2029,420.1387403844291,500.22914454014654,691.4684365730587,1220.1358843353678,3563.9968394836537,7582.178583610069,9161.578391615283,1883.974235244595
"branch nominal output, mn AZN",12,2030,383.6679969456074,453.80072499541546,666.1996873204754,1269.2332420199361,5390.710683467768,8764.444940890315,11597.251000999702,2128.5443893725137
"branch nominal output, mn AZN",12,2026-2030 growth % pa,-19.241497593323036,-16.48398578968102,-9.818429911434734,2.5897967460801197,37.00097358309349,50.9878137461793,59.68648107025467,13.766313171181533
"branch real output, mn AZN 2015 prices",12,2026,137.80163822696835,149.32913131654396,170.50117463334757,207.7529052915615,269.01027056492586,337.79985264342827,648.6468264202555,244.47979610405804
"branch real output, mn AZN 2015 prices",12,2027,102.04809254938752,117.15170699354134,146.62199505265832,208.93157230661313,273.5669761492145,789.3131019934087,1029.1089416776579,267.57825019076745
"branch real output, mn AZN 2015 prices",12,2028,84.65308352160399,98.18418966296244,133.41110527621348,209.06090370889154,349.7110599060709,1000.8267095102113,1311.781951337933,291.85341419113854
"branch real output, mn AZN 2015 prices",12,2029,82.82915589559335,92.76837550689984,125.93397010117141,207.1768729894801,621.7839048588165,1260.121671750874,1391.195948911849,319.01568768465114
"branch real output, mn AZN 2015 prices",12,2030,71.02878181231395,81.2495431954078,108.78874839788239,198.38410351672513,888.4578234264656,1404.8442937227114,1592.951947529515,346.6121211402327
"branch real output, mn AZN 2015 prices",12,2026-2030 growth % pa,-20.249728153962568,-18.076310049627892,-13.151541753793675,-2.0654848589399366,32.18209633132516,44.86743790178015,48.55450731573789,9.499987573632907
"branch share of industry, %",12,2026,1.0893114667715895,1.2016601433189587,1.3559139041936314,1.6955085654863984,2.2183851421444243,2.8234873599054775,4.835759388754289,1.9916595767973309
"branch share of industry, %",12,2027,0.7589540544733038,0.8732793807224121,1.1601405812840155,1.7301578978614618,2.402459445909534,5.816481792440371,8.343102857181115,2.234074065114684
"branch share of industry, %",12,2028,0.6853259210501934,0.7772202055873316,1.0278286663638319,1.7295754651423385,3.059420990021265,8.286368125054222,10.74832412991969,2.4639017380315846
"branch share of industry, %",12,2029,0.638873475367164,0.743290926138358,0.9443019304430756,1.6496371480052365,5.004346777590669,9.614941495032216,10.986072820760965,2.5941780046760576
"branch share of industry, %",12,2030,0.5304367697806303,0.6250857309850057,0.813174292264275,1.559247244543019,7.245422263647525,10.588512292319198,11.767278678766562,2.7488207547398775
"labour productivity, thsd AZN 2015 prices per employee",12,2026,104.33899872265185,112.26389320200562,127.62593743799634,155.39307114571852,201.14748461477765,249.55408164275585,486.01989100202087,183.11573831565434
"labour productivity, thsd AZN 2015 prices per employee",12,2027,76.10036575351822,87.26810944784856,108.77616351719048,155.45286618826344,205.38692167905094,584.1729956467072,749.5336861899506,199.0423680684984
"labour productivity, thsd AZN 2015 prices per employee",12,2028,62.00615801991002,72.513791108806,98.38732463473897,155.03227052327043,257.64249065970887,735.1573713008005,955.0009109428082,215.43764917372346
"labour productivity, thsd AZN 2015 prices per employee",12,2029,60.23327286244696,68.65985017276408,92.70045981643483,150.98134629499285,447.28916307098143,924.5163150351888,1029.2412866401098,234.2785853057082
"labour productivity, thsd AZN 2015 prices per employee",12,2030,51.550021184765676,58.975714125677044,79.09198982792881,143.64548086020972,646.8245743127336,1026.6910278846294,1157.0251458267792,252.7439871880675
"labour productivity, thsd AZN 2015 prices per employee",12,2026-2030 growth % pa,-20.907239957489644,-18.749473193845255,-13.837557050843921,-2.9158407830560007,31.174166370575506,43.872987028592824,47.353383451366575,8.699558015710164
"branch nominal output, mn AZN",13,2026,248.52512363799795,274.1484037856062,325.85724785307605,447.2602753859218,620.0549934237497,805.2038298153661,964.3004626900165,471.9368520948794
"branch nominal output, mn AZN",13,2027,196.38851826192598,232.90988036635775,320.29651395936196,453.36197812082156,664.9377212125955,1035.393682153137,1418.7267589127366,538.57232027737
"branch nominal output, mn AZN",13,2028,166.5851169138238,223.5271886217818,333.2454889888452,494.3483640316948,740.1699393127096,1393.5027359928015,1990.3433341636708,611.274918319806
"branch nominal output, mn AZN",13,2029,169.29099499179966,225.98773903407678,359.14601209781944,545.3675235461307,852.2827093598142,1474.1580569778769,2293.260396351621,695.8003151924032
"branch nominal output, mn AZN",13,2030,220.15766569550138,265.67034945242756,395.0492160196744,598.9377995824558,990.8265899340091,1663.3752183549793,2097.256033060288,786.1263860830529
"branch nominal output, mn AZN",13,2026-2030 growth % pa,-11.801460516861642,-8.42356315267633,-0.8607938990644132,7.743598492285731,19.155607687569404,32.16402306530006,38.43460078251769,13.766313171181533
"branch real output, mn AZN 2015 prices",13,2026,195.49262933081368,217.2395855483542,257.7126276953543,350.2161019309057,485.16648476006065,611.6679405320826,761.9116635448513,367.92759728901035
"branch real output, mn AZN 2015 prices",13,2027,150.11947779885475,188.7364036999329,252.7604900522784,335.85416713858615,483.7668826607418,752.2749468827386,1076.8626993409302,402.68940112165205
"branch real output, mn AZN 2015 prices",13,2028,127.08440662391597,170.09101891630542,256.0749926148343,351.0088562821829,494.9925849097693,881.1028898500526,1303.0297458776022,439.2220836041411
"branch real output, mn AZN 2015 prices",13,2029,124.05696590544784,177.65086582096671,277.7024358518398,365.0398002710732,541.767833242132,1043.7773306808792,1552.3834051902052,480.0996946895226
"branch real output, mn AZN 2015 prices",13,2030,169.7603340026974,207.20213070964147,266.7192100884382,383.8827183831704,640.0289404773005,1072.854487159031,1334.5424851293747,521.6306907753366
"branch real output, mn AZN 2015 prices",13,2026-2030 growth % pa,-12.520018544394977,-8.962583917889607,-4.247021253870708,2.986662943859364,14.07258342336749,26.488074042702834,32.13197390651227,9.499987573632907
"branch share of industry, %",13,2026,0.3844265125023642,0.41626246069685896,0.5061857431418142,0.6922633605990172,0.9655251612318978,1.259394013927324,1.4947534518489196,0.7355712914575152
"branch share of industry, %",13,2027,0.29227754783064175,0.355301008797972,0.49977979694520647,0.6687502885611347,1.0268059716681521,1.5497084897720101,2.0240638634127603,0.8251012193211631
"branch share of industry, %",13,2028,0.24654224177165238,0.33305713346931015,0.49832888322624486,0.7016723251810686,1.0165913070936676,1.891490091427533,2.5848297843517565,0.9099825113600399
"branch share of industry, %",13,2029,0.2427405986138947,0.33146855705773026,0.5275478196151817,0.7025978228677355,1.0686394928707952,2.0831017970153898,2.9394864008577644,0.9580968993901633
"branch share of industry, %",13,2030,0.34369820084982167,0.38770230771858744,0.5078048433459597,0.7031168685049823,1.174517928404958,2.1008318208197223,2.5054549810207694,1.0152104587073143
"labour productivity, thsd AZN 2015 prices per employee",13,2026,21.684042111386283,24.33957961272595,28.644870715528477,38.847665607022606,54.0251279578366,67.72570168687344,85.09608727171815,40.957228848987484
"labour productivity, thsd AZN 2015 prices per employee",13,2027,16.779359585755333,20.504352162227274,27.860456721100327,36.97904792752878,54.08657442556565,83.44547516771765,119.97688600524347,44.51951478672527
"labour productivity, thsd AZN 2015 prices per employee",13,2028,14.059043332805258,18.8152333846152,27.717336912629513,38.42782358839879,54.47225350974317,97.74016779305465,140.69819390043432,48.1866232856826
"labour productivity, thsd AZN 2015 prices per employee",13,2029,13.219032303809053,19.317933457857276,30.079496548323256,39.59005919102483,58.875797268756486,112.41937111504134,172.380482213798,52.40074786058205
"labour productivity, thsd AZN 2015 prices per employee",13,2030,18.81726050841081,21.994695577931232,28.406757032645395,41.71413775209089,69.9244534385357,114.00055587085976,146.10185101284657,56.530877240180345
"labour productivity, thsd AZN 2015 prices per employee",13,2026-2030 growth % pa,-12.766782474002149,-10.001731369112342,-5.277125158531276,2.2886089241818452,13.421777557544424,25.06883715564309,31.432147461412875,8.699558015710164
"branch nominal output, mn AZN",14,2026,141.5598013905079,155.77454760316743,181.7366401386655,208.87063753338026,244.81957260081776,284.2770979303428,375.4662761565341,226.5296890055422
"branch nominal output, mn AZN",14,2027,126.63376463395642,141.7199763532234,182.79831261767134,232.21438017938823,285.28100262825046,335.0287241704797,401.389797654348,258.5147137331376
"branch nominal output, mn AZN",14,2028,119.80214087553952,141.28222832222406,188.94261692250294,248.97114846275406,335.7432502369102,448.31329132570454,502.5014859782575,293.411960793507
"branch nominal output, mn AZN",14,2029,114.52094861206585,147.0676582915644,197.8590470567811,273.6216228524431,388.8026107303904,518.7201523263433,606.9809714187355,333.98415129235366
"branch nominal output, mn AZN",14,2030,130.0926089290296,156.98754988500295,206.98747613278522,302.0386457485903,430.94625205091495,623.8285740599263,731.350967613014,377.3406653198655
"branch nominal output, mn AZN",14,2026-2030 growth % pa,-8.057254331625387,-4.535988834314385,0.8917760077687353,8.812666818155957,16.82924819896445,25.799780307130348,29.86500302525128,13.766313171181533
"branch real output, mn AZN 2015 prices",14,2026,190.33490950848497,205.05477925728314,235.71062587652284,270.1728009083412,306.30557422627686,361.666261423131,481.7299174265665,288.03258218674284
"branch real output, mn AZN 2015 prices",14,2027,176.53354617724492,192.63372892836475,226.31435271981192,281.1762073447374,338.13796038627703,405.2047294808513,453.5199194794953,315.2459040282133
"branch real output, mn AZN 2015 prices",14,2028,160.13550787450367,183.9734015969672,225.9525991922766,293.85934106463844,392.43042097543247,463.20126790891874,513.9953529775437,343.84556044750093
"branch real output, mn AZN 2015 prices",14,2029,163.1171607432303,183.46320361370778,237.21570982306247,301.9264600166633,419.8248377439587,533.4751442092386,622.9586696002406,375.84664968707546
"branch real output, mn AZN 2015 prices",14,2030,161.0808712512355,189.91222468554113,233.9412929388385,323.22296755414834,467.5225619273847,614.0929485281886,765.3744552029683,408.3592421958347
"branch real output, mn AZN 2015 prices",14,2026-2030 growth % pa,-9.089435123973788,-6.04580541109344,-2.045006925499698,4.49746861426793,12.503406914025067,18.80984082710994,24.159473316920284,9.499987573632907
"branch share of industry, %",14,2026,0.22192999349748163,0.24247165963378273,0.28209517144171764,0.3289649163227127,0.38205557971675164,0.4440895776346746,0.5701264443097915,0.3530742198996074
"branch share of industry, %",14,2027,0.1898609910075422,0.21095279757428884,0.27661836738412565,0.35109623542621116,0.4303665090284407,0.5157136202150893,0.5879243244606202,0.39604858527415837
"branch share of industry, %",14,2028,0.1840878777913434,0.2146103546112704,0.2842971873288174,0.3546289997555639,0.4632746125252777,0.5926435890645873,0.6986364136365693,0.4367916054528192
"branch share of industry, %",14,2029,0.1885122257534252,0.22562341893866047,0.2851888887256254,0.3645977110121706,0.47687968179562396,0.628876522646414,0.7128434412093103,0.4598865117072785
"branch share of industry, %",14,2030,0.19106716211226532,0.21768276590833824,0.27808848778446305,0.3638510463069121,0.5131185882422205,0.668807587045976,0.7652730280371373,0.487301020179511
"labour productivity, thsd AZN 2015 prices per employee",14,2026,35.594722273158716,38.35923028237924,44.061770649004124,50.23298612270481,56.94305778121901,67.20138062157046,89.8049402762145,53.7208709836568
"labour productivity, thsd AZN 2015 prices per employee",14,2027,32.68710262357936,35.63333593245029,41.79320672463846,52.19446492959764,63.00689503952357,75.58471798534701,84.76095906776654,58.393284343791564
"labour productivity, thsd AZN 2015 prices per employee",14,2028,29.22721791111893,34.02051556516329,41.639175420159134,53.916462982899986,72.26432655488794,85.29484703716831,96.27731128657155,63.20318648052825
"labour productivity, thsd AZN 2015 prices per employee",14,2029,29.483352222419143,32.92792308841091,43.905388422451594,55.85174604367946,76.74712803666355,96.66159849145906,115.68342156232941,68.73057319489642
"labour productivity, thsd AZN 2015 prices per employee",14,2030,28.921889129821743,34.091624823950355,42.67854644196713,58.28028709308853,84.83319369751786,112.9197356231987,144.1552862538665,74.14778900227631
"labour productivity, thsd AZN 2015 prices per employee",14,2026-2030 growth % pa,-9.956273079796283,-6.945439871553081,-2.6692519881890058,3.5887086189183792,11.666084938094235,18.239344570313374,24.157868884031277,8.699558015710164
"branch nominal output, mn AZN",15,2026,21.53047380663479,23.36595964483407,27.85788733630211,38.814767507972064,49.918942991796705,63.6061002719282,73.60035481488964,40.38635364593755
"branch nominal output, mn AZN",15,2027,15.264306661876976,18.88393788894601,28.253218451234755,39.46107832757575,60.95106700847448,100.16162126711636,128.10768989094402,46.088734317069466
"branch nominal output, mn AZN",15,2028,11.549919494941193,15.639226475271833,28.65382291607485,46.7874079834083,74.52020799295842,125.8507111925743,161.42001279834278,52.31031422227674
"branch nominal output, mn AZN",15,2029,11.784211639662274,15.880929950037315,27.77778753143295,52.65212093118738,85.99852174535405,158.23465069048441,217.4923623193798,59.543639094040806
"branch nominal output, mn AZN",15,2030,15.386461719182556,18.261525493692275,31.12542962281121,52.56452455974954,99.98871867913539,184.0591495827716,268.31626376205026,67.27336103934972
"branch nominal output, mn AZN",15,2026-2030 growth % pa,-15.302193133827487,-12.34992186371403,-2.4858190777531153,8.28871069816075,23.15012308140535,39.13250418996321,50.028609592664246,13.766313171181533
"branch real output, mn AZN 2015 prices",15,2026,11.309943134734874,12.051708905521652,14.011664589301928,19.83965096267,25.38028830139703,31.00876031201748,38.19273864125278,20.409025441315737
"branch real output, mn AZN 2015 prices",15,2027,8.017291498108799,9.551108513433544,13.6375470655849,20.13187766312802,30.145911309376924,45.111452892892586,61.144448215880296,22.337270411342086
"branch real output, mn AZN 2015 prices",15,2028,5.926050101675034,7.521669757872854,14.053712456750732,21.809495283382134,32.47326047958819,57.675205426325164,68.48134553854834,24.36374641292062
"branch real output, mn AZN 2015 prices",15,2029,5.988630822804824,7.8943048375074225,13.755218462328283,23.956228776434617,35.352959917565194,74.11411150579944,90.9065914986032,26.631236567964443
"branch real output, mn AZN 2015 prices",15,2030,7.5418295664883015,9.21743011885025,13.842445297201207,21.497988931874666,38.5591023699651,76.70608540481564,107.90364783116955,28.93497013392676
"branch real output, mn AZN 2015 prices",15,2026-2030 growth % pa,-16.31941576286308,-12.893326054044746,-5.513009193702417,3.1831859525054296,15.972433009098042,33.074643939576184,42.4742944592099,9.499987573632907
"branch share of industry, %",15,2026,0.0333701071552773,0.035788220120723455,0.04330204814687465,0.060058692280781006,0.078846580812751,0.09861075589117459,0.11588301278308806,0.06294707051745523
"branch share of industry, %",15,2027,0.023926757347644254,0.028615387193386375,0.04101547150675975,0.06071571401851493,0.09675681550188994,0.14168720831467344,0.18672327304292402,0.07060866192008981
"branch share of industry, %",15,2028,0.017247626863943048,0.023094157549340775,0.04224457005595335,0.06635622904853156,0.10536054744302618,0.17140350841737934,0.2145200609285586,0.07787244279032583
"branch share of industry, %",15,2029,0.01683537878868423,0.02428278978940257,0.040069323912486354,0.07226006992906969,0.10385510995232736,0.2113569428507406,0.26197436503139326,0.0819898679962976
"branch share of industry, %",15,2030,0.023389228002662677,0.027222683336028022,0.037540471963536326,0.06491422322806346,0.11946483713741968,0.2234681209832458,0.30446876145829455,0.08687740410271076
"labour productivity, thsd AZN 2015 prices per employee",15,2026,19.630890364351252,20.95912282268304,24.175190143844446,34.31243534637702,44.13450788341023,53.85418966443087,66.4897476538166,35.391609353104855
"labour productivity, thsd AZN 2015 prices per employee",15,2027,13.964850290463822,16.22631645199819,23.602031969041093,34.66462156132937,52.03067646719091,78.68577320213859,104.30407438744228,38.46982132826859
"labour productivity, thsd AZN 2015 prices per employee",15,2028,9.993646623666734,12.988145872668744,23.81498739233447,36.644207816568155,55.801895341059875,99.35127062144473,117.54858765226768,41.638611676098904
"labour productivity, thsd AZN 2015 prices per employee",15,2029,10.634594016431913,13.392389096523436,23.387319973015515,40.41852668817926,60.519743328415736,124.11744234019004,154.24266121568218,45.280084864386815
"labour productivity, thsd AZN 2015 prices per employee",15,2030,12.905312950008229,15.64481692287582,23.089477772951742,36.23878568020615,64.12416563748585,127.64103923622297,188.87586392901085,48.848976844834795
"labour productivity, thsd AZN 2015 prices per employee",15,2026-2030 growth % pa,-16.70664210488695,-13.437343420484192,-6.4293926130542465,2.397983579783791,14.778107746694808,31.72069721132996,42.45968354238321,8.699558015710164
"branch nominal output, mn AZN",16,2026,24.99852257614234,26.968038130711825,30.3958098648821,37.19179263005874,46.68041457231836,61.380071660293886,168.22439798834293,43.01775912428477
"branch nominal output, mn AZN",16,2027,21.54253565874805,24.185245465237877,29.746782015785886,38.54624843682836,55.06836807557084,110.83750648278468,138.2608314080204,49.091683011949364
"branch nominal output, mn AZN",16,2028,18.25919890121702,21.13688850801405,29.7519493579722,43.66778218487569,69.38599066759267,134.06684352246955,184.26867089382273,55.718634978968986
"branch nominal output, mn AZN",16,2029,16.137886135865767,20.155886144059995,30.68989714706865,48.389301777658474,80.28496669057624,152.00092691501905,206.88490765847874,63.423252972689376
"branch nominal output, mn AZN",16,2030,16.598685364743762,21.814036973755357,31.267459248107514,49.3754955076023,102.96270393858828,177.63003588674962,239.73051642599418,71.65661119205525
"branch nominal output, mn AZN",16,2026-2030 growth % pa,-15.08644634047349,-10.317132080201523,-3.6213303802661327,5.600167532253597,22.32026585907078,36.416125829569296,44.84558537569018,13.766313171181533
"branch real output, mn AZN 2015 prices",16,2026,106.82678598546705,113.79336860094705,125.53394386965651,153.0962675535282,189.34153459153958,240.8328119500792,691.6313780782349,175.27391794043197
"branch real output, mn AZN 2015 prices",16,2027,96.85774490470918,106.05495910451154,121.19463293409885,145.96610600620733,200.1893136794321,470.6284415134708,565.0053380652902,191.83379982294773
"branch real output, mn AZN 2015 prices",16,2028,75.33379862137348,86.61068398629645,121.48047153631153,156.55333331416563,237.50864372619404,540.6817985569945,636.726028406386,209.23729561603398
"branch real output, mn AZN 2015 prices",16,2029,63.73468291617032,76.77580565119372,121.54639491881017,161.84852654294028,292.55883313508616,535.8972561768038,667.7480751466804,228.71063521809725
"branch real output, mn AZN 2015 prices",16,2030,63.130849422655054,79.27912083189057,110.44000080049011,169.1496084760184,384.39304327776784,625.4571725880968,757.457578309168,248.4952353773818
"branch real output, mn AZN 2015 prices",16,2026-2030 growth % pa,-16.747214760912996,-12.86709004568508,-6.8944219527043185,1.392223457069952,19.48284635000503,31.701272737638654,36.842852057819016,9.499987573632907
"branch share of industry, %",16,2026,0.03863667953104106,0.04183056914282566,0.04790304882045768,0.0574681855881908,0.07314773109820316,0.09492922647407066,0.252658171306401,0.06704843771830928
"branch share of industry, %",16,2027,0.03316109684918425,0.036477166448147816,0.046550247542879036,0.05873353408958996,0.07852331243327555,0.1707359894770532,0.21505946882444113,0.07520922629448663
"branch share of industry, %",16,2028,0.02783749581512721,0.03299144091606995,0.045061329514742385,0.06164994695127364,0.08926239846576257,0.1951926917844581,0.25712743574214536,0.08294628467184847
"branch share of industry, %",16,2029,0.023464379417308844,0.02914037838843226,0.044418760494076365,0.06259929864416344,0.09831965704337035,0.19373877509726012,0.24994467349601202,0.08733198404138218
"branch share of industry, %",16,2030,0.025262647390569305,0.028484515201990034,0.0393952923924966,0.059777082541015214,0.13582627479774578,0.21982441810724562,0.26452567291811846,0.09253797150883643
"labour productivity, thsd AZN 2015 prices per employee",16,2026,130.95101627002745,140.7331979457291,156.59393888098424,189.46069686831586,235.11890183200853,294.4860029063163,856.7167222529107,217.21242700291145
"labour productivity, thsd AZN 2015 prices per employee",16,2027,118.83274516160816,130.5263890278793,149.4441290909911,180.3577960626999,248.49579615805555,573.0904663382807,681.3331697816029,236.10464202720732
"labour productivity, thsd AZN 2015 prices per employee",16,2028,92.02537942450988,106.71412177269015,147.27438143606344,191.33376982463406,291.0936634874617,667.2020906096402,770.443902648791,255.55277266315522
"labour productivity, thsd AZN 2015 prices per employee",16,2029,76.49979584710631,92.67818458423491,145.59702927818944,200.91141252667387,359.5724039914368,643.7167467317006,808.3456522427189,277.90194648010294
"labour productivity, thsd AZN 2015 prices per employee",16,2030,75.53170925311962,94.9720776294876,131.66029234791404,202.09676857806747,453.8263290495723,768.8622044614551,912.9003012566568,299.80566046637637
"labour productivity, thsd AZN 2015 prices per employee",16,2026-2030 growth % pa,-17.49397294424043,-13.626840350681775,-7.795788350108546,0.4550225902412386,18.0966949986911,31.22890802634403,35.813915985188736,8.699558015710164
"branch nominal output, mn AZN",17,2026,163.63589029090645,199.07177131286127,237.9348976585659,293.5379281942709,365.03850890537996,447.1516020562507,515.188999552543,310.73466431265285
"branch nominal output, mn AZN",17,2027,166.31755830209596,187.41141008858258,233.76909795048448,303.94601035528206,407.7187876001985,515.4904455870042,576.9570290964272,354.6090719692939
"branch nominal output, mn AZN",17,2028,138.89561367731244,184.32200708607607,251.6361271185272,341.8340963920462,506.02443692652315,692.2442583859823,807.8281271708589,402.47822500765915
"branch nominal output, mn AZN",17,2029,141.98284238800036,173.2070581022714,265.86738779152483,373.97060840636294,545.593697603373,853.916892348514,1026.5193995961117,458.13179540910744
"branch nominal output, mn AZN",17,2030,159.03603211047178,203.01235531159645,275.53579189896817,420.57912763108493,637.0419921120571,932.1704964349293,1136.553053515086,517.6046702064417
"branch nominal output, mn AZN",17,2026-2030 growth % pa,-10.15102386186411,-5.655100216560378,0.28814376614296755,9.139882457971026,18.589843468630633,27.971409364518898,33.147183093220065,13.766313171181533
"branch real output, mn AZN 2015 prices",17,2026,48.520922895642194,63.85366121374531,73.97714165497453,89.3596678841106,110.60226987876624,136.08056181400366,161.09912387851963,94.54726971679679
"branch real output, mn AZN 2015 prices",17,2027,52.0862420609871,60.48439240512681,71.76674768434626,89.21711232236419,120.47859600777123,145.00699308862792,161.99852930137868,103.48009690079701
"branch real output, mn AZN 2015 prices",17,2028,43.75992135915727,57.40455063731298,72.14183414652874,94.26443913945653,134.93367753173544,179.73662788896536,208.0109263919549,112.8679911756502
"branch real output, mn AZN 2015 prices",17,2029,45.887702338013206,53.10192381944761,74.77437765703885,103.69138063749432,138.89143699442022,222.96752413285145,273.95879512331834,123.37241255949111
"branch real output, mn AZN 2015 prices",17,2030,48.880970042941414,57.329765709612595,73.90278123189027,110.52195038076519,161.36463392346693,228.41924173147967,274.6800175367329,134.04473591187138
"branch real output, mn AZN 2015 prices",17,2026-2030 growth % pa,-10.506380258797583,-7.606772453179709,-2.7933400450770307,5.354677165752841,13.638549969781744,21.817767785667314,26.394882526402522,9.499987573632907
"branch share of industry, %",17,2026,0.24043493343075684,0.3012590650465539,0.37350657423454603,0.4555853728740233,0.5699212068063362,0.6987906628230899,0.7998682080307392,0.48431797032693635
"branch share of industry, %",17,2027,0.24903928595663224,0.280401124693679,0.35456955430367126,0.47115338289495945,0.6207784429594283,0.784771355405524,0.8603550810049205,0.5432666452548557
"branch share of industry, %",17,2028,0.21551590548444405,0.27645409294381174,0.36246952916637143,0.4939128613086159,0.7010807081843738,0.9140042905155455,1.0398740661474448,0.5991545456615441
"branch share of industry, %",17,2029,0.22616232348992593,0.264780723567833,0.37345788957193754,0.5147383751954799,0.701278022641489,1.0337315281368107,1.3247719809717513,0.6308342251499842
"branch share of industry, %",17,2030,0.25676973943785397,0.2815412762201124,0.35839911974054006,0.5254759350524503,0.7623653038668843,1.0290757441839147,1.2070713534942326,0.6684391771755313
"labour productivity, thsd AZN 2015 prices per employee",17,2026,20.291086764649847,27.10858526193877,31.54647389613374,38.20789873229337,47.55270391800548,58.32800111623646,67.9260196616355,40.24884614206295
"labour productivity, thsd AZN 2015 prices per employee",17,2027,22.036391348993995,25.561841494371723,30.38562441673981,37.83921827264567,50.68985569113837,62.15001794061012,70.36981974507813,43.7495199584163
"labour productivity, thsd AZN 2015 prices per employee",17,2028,18.705318258996105,23.912684038393195,30.629708647518562,40.05622892809287,55.655330208601434,75.51899804219288,86.87348053091239,47.35320335958064
"labour productivity, thsd AZN 2015 prices per employee",17,2029,19.156761558127872,22.104273816955562,31.074837438409425,43.650930914158835,58.22563234715223,92.16098749283405,113.2866871132381,51.494441827251215
"labour productivity, thsd AZN 2015 prices per employee",17,2030,20.325605030561682,23.323108300414436,30.50034251991935,45.94073755771108,66.61718476427097,95.75960015615658,110.87110309947805,55.55313785278505
"labour productivity, thsd AZN 2015 prices per employee",17,2026-2030 growth % pa,-11.10144850673712,-8.62164301814033,-3.5844686726772377,4.646640787904365,12.720604993141215,21.20554907562472,24.810055426106054,8.699558015710164
"branch nominal output, mn AZN",18,2026,90.76398575841593,107.5291066824718,138.56166359852233,173.90266121509794,207.046780936481,239.7675129602599,261.71758430201487,176.41857598310398
"branch nominal output, mn AZN",18,2027,81.86506693294338,95.69055899770105,131.59109836426776,182.04499297706454,253.0306112462835,319.7682547367775,354.1300780789554,201.3281255436859
"branch nominal output, mn AZN",18,2028,78.07390811352708,89.449187599031,136.4955912463375,205.44887401759053,306.1404728538965,395.63326981254977,470.261408204182,228.50567855736747
"branch nominal output, mn AZN",18,2029,84.40863681930936,99.51005416790845,140.39829352514647,222.79701641354598,334.2356610112353,465.07457849983166,553.6641306117389,260.102808733742
"branch nominal output, mn AZN",18,2030,92.96757556884367,112.6995039109916,163.9238832671662,246.81494655747386,359.3044101448059,490.2066447371356,567.6630459240511,293.8683363248648
"branch nominal output, mn AZN",18,2026-2030 growth % pa,-9.624768412882277,-6.078101761492939,1.2305441304574893,9.864500947509269,18.433791418408838,26.025629483752255,29.778050025394858,13.766313171181533
"branch real output, mn AZN 2015 prices",18,2026,31.669299915664546,37.82617099043617,48.056304577912954,60.07868496440912,69.60159953893641,81.81246835441276,87.2569326609744,59.94134553507433
"branch real output, mn AZN 2015 prices",18,2027,30.532406967331326,33.440726473828825,44.19041479419654,59.37716507843784,81.71644920661957,100.33132029637623,110.89632432837092,65.60460458470227
"branch real output, mn AZN 2015 prices",18,2028,27.929778590025556,31.154296905115878,44.14690597657229,64.96848920898469,90.02393474282673,118.053448920803,128.28252425423125,71.55636835600184
"branch real output, mn AZN 2015 prices",18,2029,29.247638619336925,33.38218062457836,45.05977206932587,66.01422852165541,94.654106174189,130.55122935422912,159.58009908301523,78.21599114258107
"branch real output, mn AZN 2015 prices",18,2030,29.35220489067312,35.70164775418762,51.039826734355174,72.45766079205177,100.41988488461263,129.2158480809155,138.4092745547887,84.98206089417984
"branch real output, mn AZN 2015 prices",18,2026-2030 growth % pa,-11.472824055451744,-7.936774862973415,-1.1149971921681379,6.063379385592727,13.217223677918309,19.07256227236484,20.72064696144457,9.499987573632907
"branch share of industry, %",18,2026,0.13992702777781404,0.16321936588348876,0.21983717097827427,0.2693576126467091,0.3189725953829995,0.3749561486813243,0.4177510631946799,0.2749699227703002
"branch share of industry, %",18,2027,0.12457013442242248,0.14810900940464353,0.19942736077723075,0.2754650822294491,0.38629106356479526,0.49044362533811897,0.5399228562880879,0.308437837622602
"branch share of industry, %",18,2028,0.12009586910320294,0.13605946135432914,0.19603371742615588,0.3110321934932,0.4244999773505054,0.5409600167229525,0.6050127169987599,0.34016800788295304
"branch share of industry, %",18,2029,0.1269229034246838,0.1467032764991638,0.19863821669540221,0.2984063389139334,0.4162463752330326,0.5673059008217193,0.6765363564199653,0.35815404093566827
"branch share of industry, %",18,2030,0.12578765485111337,0.16491132710918538,0.22107596032817065,0.32399241548511526,0.43917682511722095,0.5162818067378033,0.5604709532729523,0.3795041278367705
"labour productivity, thsd AZN 2015 prices per employee",18,2026,11.99890983496778,14.527524125719188,18.25026890601365,22.89948151457282,26.762641064729166,31.19868756069526,33.12849719463226,22.863144029740695
"labour productivity, thsd AZN 2015 prices per employee",18,2027,11.520087997781712,12.70642191257667,16.82660796036382,22.304974606549745,31.016300503141522,37.844837755250104,42.2199587764508,24.85168326343527
"labour productivity, thsd AZN 2015 prices per employee",18,2028,10.632962481522757,11.752344833172677,16.221729844160752,24.395031943217923,33.64625216865391,44.85618468040763,48.515033002865785,26.898736546592637
"labour productivity, thsd AZN 2015 prices per employee",18,2029,10.746324361411258,12.52333522505253,16.972954982661904,24.630931561461573,35.67837842769735,48.612349232432145,60.954558707822194,29.251145140212074
"labour productivity, thsd AZN 2015 prices per employee",18,2030,10.833037683281763,13.431545923784208,18.867620448735092,26.790309896803393,36.8662377351651,48.026346286122596,51.732981451005045,31.55666593644029
"labour productivity, thsd AZN 2015 prices per employee",18,2026-2030 growth % pa,-12.22730060074645,-8.370668565778336,-1.9262048618132384,5.1973898880334986,12.133478122875935,18.22394834914442,19.994914316642582,8.699558015710164
"branch nominal output, mn AZN",19,2026,4560.285197813025,4632.736359176414,4923.538635433969,5295.484151615641,5688.92927979412,6013.6842703491075,6137.814862532444,5295.484626560213
"branch nominal output, mn AZN",19,2027,4000.303365942693,4197.2857177048145,4740.777652953422,5234.5648822487,5780.497909339516,6546.05292479504,6853.8228803618495,5234.578107991291
"branch nominal output, mn AZN",19,2028,4064.3182370061236,4180.4079155514155,4517.557936010106,5202.092574511106,5975.365104528687,6412.137674639162,6634.137106097406,5203.700406434339
"branch nominal output, mn AZN",19,2029,4085.337587883352,4209.894970908313,4584.344610863758,5203.70039518392,5924.781400982547,6432.122502077161,6806.698323807636,5203.700406434339
"branch nominal output, mn AZN",19,2030,4039.4025046996794,4169.935309294631,4398.4359187551345,5234.514466076458,6183.782092045863,6612.120676622769,6786.257023945661,5234.578107991291
"branch nominal output, mn AZN",19,2026-2030 growth % pa,-5.96719937298129,-5.367174158621326,-4.352064808566523,-0.9645202275799791,2.39217600887946,3.7729348751094727,4.313853475423952,-0.9641844710159941
"branch real output, mn AZN 2015 prices",19,2026,2372.6778391005982,2372.6778391005982,2372.6778391005982,2372.6778391005982,2372.6778391005982,2372.6778391005982,2372.6778391005982,2372.6778391005982
"branch real output, mn AZN 2015 prices",19,2027,2372.6778391005982,2372.6778391005982,2372.6778391005982,2372.6778391005982,2372.6778391005982,2372.6778391005982,2372.6778391005982,2372.6778391005982
"branch real output, mn AZN 2015 prices",19,2028,2372.6778391005982,2372.6778391005982,2372.6778391005982,2372.6778391005982,2372.6778391005982,2372.6778391005982,2372.6778391005982,2372.6778391005982
"branch real output, mn AZN 2015 prices",19,2029,2372.6778391005982,2372.6778391005982,2372.6778391005982,2372.6778391005982,2372.6778391005982,2372.6778391005982,2372.6778391005982,2372.6778391005982
"branch real output, mn AZN 2015 prices",19,2030,2372.6778391005982,2372.6778391005982,2372.6778391005982,2372.6778391005982,2372.6778391005982,2372.6778391005982,2372.6778391005982,2372.6778391005982
"branch real output, mn AZN 2015 prices",19,2026-2030 growth % pa,-0.3615347258654644,-0.3615347258654644,-0.3615347258654644,-0.3615347258654644,-0.3615347258654644,-0.3615347258654644,-0.3615347258654644,-0.3615347258654644
"branch share of industry, %",19,2026,7.479303153858919,7.610312649226094,7.896784981780895,8.27818751929157,8.602499372794327,8.847292450666057,9.011294786089513,8.25366031146305
"branch share of industry, %",19,2027,6.59983976978441,6.85503879217672,7.362797644336136,8.010434168687024,8.541346939293124,9.057413709005031,9.333350127185119,8.019455543706972
"branch share of industry, %",19,2028,5.754482643990914,6.181199408629639,6.748791186566418,7.571489066235118,8.30047092836409,8.997072346093676,9.343111918323956,7.746557600020789
"branch share of industry, %",19,2029,5.047863919153541,5.521369650811689,6.278606635138469,7.063416685742993,7.94870298940042,8.854603327036322,9.395834983126882,7.165344878266457
"branch share of industry, %",19,2030,4.6879488942026155,5.0583884869628895,5.7563310075106875,6.64103259141609,7.648796244642769,8.412959984077544,8.905063144796847,6.75997973892161
"labour productivity, thsd AZN 2015 prices per employee",19,2026,608.3173025569466,609.7581112749784,616.6434959163894,619.3984601823419,622.1486782122237,629.2276237107624,630.046142123388,619.3984069955362
"labour productivity, thsd AZN 2015 prices per employee",19,2027,599.0932324767413,599.8916239907034,608.7331302676864,615.1515292627637,621.8841068239645,630.5828925459533,632.0062402873615,615.1515278559968
"labour productivity, thsd AZN 2015 prices per employee",19,2028,583.267843406411,591.7556116017926,601.2231190600329,610.4417252586627,619.9847493912963,629.5044463213251,638.7511231157135,610.4417232579297
"labour productivity, thsd AZN 2015 prices per employee",19,2029,583.460200552415,586.9819154451134,596.9903383047099,607.3065467963082,620.0379104080057,630.0806256142794,632.5167332108493,607.3065136161013
"labour productivity, thsd AZN 2015 prices per employee",19,2030,575.2669421375323,578.9033538370044,589.4469807023878,603.0101016039256,615.5858444605457,628.0982025252481,630.6925523127501,603.0099423625774
"labour productivity, thsd AZN 2015 prices per employee",19,2026-2030 growth % pa,-2.017226872949791,-1.8936639871131522,-1.5388755004040744,-1.0898748039130657,-0.6807187140614929,-0.2802104552676065,-0.19796799676920887,-1.0898779383050616
"branch nominal output, mn AZN",20,2026,1174.3612473671703,1258.301278267786,1406.8889188461385,1662.94337040448,2045.6447799094858,2660.878325682096,3055.1756518231578,1809.1484708306257
"branch nominal output, mn AZN",20,2027,1006.3511612795583,1131.181034568277,1375.0890069792429,1737.877076305804,2326.5870006116884,2979.3037073876567,3642.3616694944644,2064.592509223286
"branch nominal output, mn AZN",20,2028,925.8755472230613,1083.9489350604217,1426.0186012279453,1913.7311220606698,2766.069203320327,3795.8434891219263,4391.673645106283,2343.2946141554175
"branch nominal output, mn AZN",20,2029,845.0957889759014,1106.8852436401623,1491.5504878516458,2102.8389780958223,3078.919999908201,4245.294048578192,4895.600607739572,2667.318881003025
"branch nominal output, mn AZN",20,2030,943.1214048417015,1160.9806028193898,1591.689363812976,2442.0373828926754,3699.425020167355,5091.852341869725,5879.197488717213,3013.579768031835
"branch nominal output, mn AZN",20,2026-2030 growth % pa,-9.819941854848436,-5.992933521868572,0.13105445832856666,9.080583267698339,18.528765487189197,26.34914430622096,30.035147139094253,13.766313171181533
"branch real output, mn AZN 2015 prices",20,2026,666.503441264458,709.6991198980731,786.5967995486293,905.7803776361316,1116.413960011657,1408.828316593785,1681.3943508531656,984.4619104498477
"branch real output, mn AZN 2015 prices",20,2027,577.2306006697864,657.6954571031529,763.7946405399503,930.5077381370452,1137.5287697636218,1526.5388515150173,1835.3580714666432,1077.47388363131
"branch real output, mn AZN 2015 prices",20,2028,522.854202431536,620.6135981753717,746.410848655626,980.1477103080963,1278.9250359821492,1725.1095142205033,1917.2089986189724,1175.2241873746793
"branch real output, mn AZN 2015 prices",20,2029,510.70361281935226,586.2182995594112,787.671930913011,1055.0631711150872,1431.3344677438954,1768.2430026182944,2026.9723008434091,1284.6001934156989
"branch real output, mn AZN 2015 prices",20,2030,506.66960830652073,589.1481110387643,817.2463379684128,1199.212727019496,1615.0641273260203,2018.488087546732,2290.872624921516,1395.7244582188343
"branch real output, mn AZN 2015 prices",20,2026-2030 growth % pa,-10.58732209131052,-7.849223687794901,-1.6159982161630477,6.226604982321938,12.743648847960253,17.88521811347983,20.90777345870981,9.499987573632907
"branch share of industry, %",20,2026,1.8091433006735793,1.9410988795473514,2.182682007459928,2.5910624627676677,3.131387580608731,4.026069789566234,4.79219116961339,2.819779110743683
"branch share of industry, %",20,2027,1.5388757744331598,1.7139064991426611,2.087104889633994,2.6476219535303347,3.425744847702515,4.533710146306393,5.638270682220032,3.1629880196668014
"branch share of industry, %",20,2028,1.416983030448183,1.686039498185449,2.0699597227061295,2.748822251305586,3.755770168787886,5.142033718833073,5.701680522075587,3.488376594457289
"branch share of industry, %",20,2029,1.3156731295195827,1.5597813248353571,2.158418945481843,3.0086931856126946,4.012645808403511,4.917501408805656,5.495238111065271,3.6728209139531303
"branch share of industry, %",20,2030,1.3215564260458705,1.5885856560016967,2.1387007429317952,3.227829237295013,4.355322098286493,5.258153050590504,5.7945882804464945,3.8917631475245495
"labour productivity, thsd AZN 2015 prices per employee",20,2026,76.12083165409803,81.28504013903824,89.4948157049734,102.7959331217185,126.78186568978374,158.21973074284548,190.61505183947986,111.99385348328876
"labour productivity, thsd AZN 2015 prices per employee",20,2027,65.3840686382478,73.13047484483656,86.05154478984446,104.76333248905696,128.86622361821833,173.109023078359,205.60686372284272,121.73460354349328
"labour productivity, thsd AZN 2015 prices per employee",20,2028,58.93737013728248,69.89088235166429,83.93722623350637,109.4784156595473,143.36022439027317,193.36239178215146,215.56796491317607,131.76198145653058
"labour productivity, thsd AZN 2015 prices per employee",20,2029,56.01492958835059,64.89115451334911,87.43811961977514,117.67329140877075,160.14357990980164,199.35086701641362,221.997669286803,143.28512556234284
"labour productivity, thsd AZN 2015 prices per employee",20,2030,55.94113556880804,64.98248727781102,88.80251612710916,132.928753377813,177.40746658126105,222.89179918603975,254.7642646259361,154.57859237161384
"labour productivity, thsd AZN 2015 prices per employee",20,2026-2030 growth % pa,-11.295810469803925,-8.597690951198874,-2.7066959973900295,5.46803054995072,11.7357828478517,16.9544089340573,20.122842937866945,8.699558015710164
"branch nominal output, mn AZN",21,2026,9.721230230086187,16.304007059427068,24.030933558904113,33.67439601249144,48.457150367654,61.96534145347635,66.20510755640699,34.2082712185137
"branch nominal output, mn AZN",21,2027,8.883321889481525,11.246356679878721,22.255110007578338,36.06184804348362,52.4066774178063,74.72882219327113,93.37781623757546,39.03833303343847
"branch nominal output, mn AZN",21,2028,5.112962561382844,8.25802277978705,19.690834377338035,45.59458111324989,78.71465912773306,117.69289514550563,143.01921430650128,44.30816983699929
"branch nominal output, mn AZN",21,2029,6.1364633297634965,7.897380646823342,16.539684129455445,41.823835649594415,98.92661315041117,162.80915375674408,201.1372180149572,50.434980422431195
"branch nominal output, mn AZN",21,2030,5.7967404286556246,7.9548717154095305,22.643072753306196,46.836169721841316,108.34986307618861,183.93481742810255,243.1218721497156,56.982251985171615
"branch nominal output, mn AZN",21,2026-2030 growth % pa,-27.971844162021693,-23.265367479426228,-5.408451010224496,9.391063141968003,29.369349317929817,43.81307269294367,52.065455999680864,13.766313171181533
"branch real output, mn AZN 2015 prices",21,2026,8.759661191091515,15.448193583400775,23.382872558137358,31.35019539340476,46.23235227079042,56.143133649677864,61.55244933046738,31.869328509601438
"branch real output, mn AZN 2015 prices",21,2027,8.118207124189203,9.925768588244956,20.421704506446062,34.159521280516216,46.63748437165593,65.39190789378978,82.98596267926817,34.88034305184184
"branch real output, mn AZN 2015 prices",21,2028,4.940745423904767,7.357440830765229,17.215644046585584,38.40347559872202,66.02962482019143,93.95466465138007,112.4795280279246,38.04474840754246
"branch real output, mn AZN 2015 prices",21,2029,6.034753482045836,7.045037072561343,15.769876109920325,36.75413938780338,85.10585480793452,119.61235314227159,152.74184339778418,41.58550486605958
"branch real output, mn AZN 2015 prices",21,2030,5.142891134719597,7.222442897149406,18.940800457915174,36.46944511871426,83.30791701481247,140.9793898191832,172.61841412867616,45.18285653889455
"branch real output, mn AZN 2015 prices",21,2026-2030 growth % pa,-29.097622466013867,-24.115099368998408,-7.976682813309116,4.90709957774309,23.75323511849793,37.483446119922604,43.16491760419738,9.499987573632907
"branch share of industry, %",21,2026,0.014949477595310508,0.024872851024615887,0.036999953605205985,0.05279351209012056,0.07470814967772717,0.09420889721229025,0.10384889341744045,0.05331777361110235
"branch share of industry, %",21,2027,0.013524741096299593,0.017228319516801212,0.03251392737027279,0.05645916125720944,0.08088416269297247,0.11169298775403358,0.14153006528289092,0.05980733686715827
"branch share of industry, %",21,2028,0.007747859516222017,0.012824637278452872,0.02832835832491203,0.06734845175251018,0.11540407538293079,0.1642804410447332,0.19589226524445374,0.06595994445979443
"branch share of industry, %",21,2029,0.009248390851550135,0.011057215529969766,0.025744117781763182,0.06295569885267607,0.13855934761004052,0.1979931379662238,0.23896700680616645,0.06944750858609915
"branch share of industry, %",21,2030,0.008373130429267201,0.009752292971308243,0.031338377703876395,0.054183002454469734,0.13946441274715837,0.21656273428307452,0.2571476574128028,0.07358737627963324
"labour productivity, thsd AZN 2015 prices per employee",21,2026,15.05199078083352,26.36560251952636,39.98040291822203,53.89500098725382,79.53157689859657,95.82856155935544,105.05294671882092,54.595799144108334
"labour productivity, thsd AZN 2015 prices per employee",21,2027,13.815513164058776,17.10595252429218,35.00444955735474,58.734738357631244,79.45616739357179,111.12190940118595,145.65601347994001,59.344310042335806
"labour productivity, thsd AZN 2015 prices per employee",21,2028,8.341817030840392,12.62411069535713,29.348594615765755,64.61615115002186,112.6340101638784,155.59567507481665,198.7233489545629,64.23254893630279
"labour productivity, thsd AZN 2015 prices per employee",21,2029,10.427829193151327,11.812278558233166,26.504336976192448,61.773942701645765,141.1364307497471,203.41944134638825,257.84263954846375,69.84995776314896
"labour productivity, thsd AZN 2015 prices per employee",21,2030,8.690271171042438,12.051802429725358,31.203865591540197,61.26867734848864,137.08416415904054,229.5277422574786,287.1724223230038,75.35540137797747
"labour productivity, thsd AZN 2015 prices per employee",21,2026-2030 growth % pa,-29.431397345690165,-24.661850998429454,-8.873105174033359,4.292378811821973,22.518228377548166,35.822045022331835,42.0471637216041,8.699558015710164
"branch nominal output, mn AZN",22,2026,407.41367726011924,459.68135241839536,568.1931349394024,716.7419642687007,888.2142628930305,1136.9234371669315,1285.8867264858927,750.1793791966365
"branch nominal output, mn AZN",22,2027,387.9110015440217,446.13822825232995,586.6963618874192,756.0545805894635,1014.3879327502565,1277.8626616873466,1421.3406661094243,856.1015040142344
"branch nominal output, mn AZN",22,2028,384.47353212691735,465.8040002035289,595.1846594223413,825.9013530737064,1206.9899514162585,1700.2282373876603,1985.493935981679,971.6677913752654
"branch nominal output, mn AZN",22,2029,395.8499815082571,457.82114517189217,655.5690657597803,916.7179453152836,1322.9527638140673,1775.9541990271252,2129.7406321632475,1106.0273131434158
"branch nominal output, mn AZN",22,2030,395.7139665132029,501.2392561953389,697.2271901820206,1028.5160851730404,1429.094639356056,1979.4928089579196,2464.9052051616363,1249.6074457082618
"branch nominal output, mn AZN",22,2026-2030 growth % pa,-9.606966666591516,-5.230643476072476,1.2354856554484261,9.420852756131225,16.861420558760994,24.729651088130197,30.32234718485789,13.766313171181533
"branch real output, mn AZN 2015 prices",22,2026,742.4343614724654,814.7860440656115,967.7908624636402,1237.3067959589123,1515.824911788029,1960.6068389401298,2138.3674803611575,1275.924476679745
"branch real output, mn AZN 2015 prices",22,2027,705.4718124988979,788.9396519247338,971.898282889058,1279.2206623091315,1632.853830440423,2029.5855957333463,2259.5589841665314,1396.4738366364743
"branch real output, mn AZN 2015 prices",22,2028,717.0376614501929,801.1926372216257,995.9600543647657,1291.5842318034688,1822.0198761425145,2482.2725807731636,2756.3835872862205,1523.164370648149
"branch real output, mn AZN 2015 prices",22,2029,665.3121781316628,793.9597875801986,1010.2422808760518,1409.085907981248,1896.6916952185497,2445.473212389044,2890.1151178546265,1664.9225451268737
"branch real output, mn AZN 2015 prices",22,2030,688.3246872816068,775.4613120608826,1038.8785770430723,1541.7090891559858,2129.456650037756,2727.194036708382,3098.928241689621,1808.9465727813042
"branch real output, mn AZN 2015 prices",22,2026-2030 growth % pa,-9.741613631957346,-7.564044806619267,-1.9965578159933801,6.054573115657891,13.131273174723457,18.869963483670585,21.94702405894014,9.499987573632907
"branch share of industry, %",22,2026,0.6382069366255707,0.7198418795597724,0.8907880530891398,1.108771211953161,1.3950285948248238,1.8037273931951343,2.0050966541590247,1.1692462928695588
"branch share of industry, %",22,2027,0.6034167128124941,0.6648603527219061,0.8727267135600683,1.1671713517401603,1.5314209261546963,1.9719089234542826,2.199006674984935,1.3115608957791198
"branch share of industry, %",22,2028,0.6151064861858777,0.7003832760774578,0.8933795387693425,1.1901641275532575,1.6962749273900142,2.300777141075485,2.570454054082789,1.4464861398758264
"branch share of industry, %",22,2029,0.5890827552333043,0.7171856229853337,0.9306751784272325,1.2374705579109988,1.6729904432467637,2.1582242174397885,2.453474715033128,1.5229676046791039
"branch share of industry, %",22,2030,0.6041437753654098,0.6978146681675843,0.9199950893069941,1.339831719114453,1.7321184178754132,2.2096717432042565,2.425114822189842,1.6137539339985123
"labour productivity, thsd AZN 2015 prices per employee",22,2026,103.88785686338767,113.82056940492517,134.72843281554174,173.116943187775,210.15215662828052,273.04106505807084,299.0051048524453,178.269353237242
"labour productivity, thsd AZN 2015 prices per employee",22,2027,97.19419001538435,109.17992469940235,134.74632991829998,177.3303261683204,226.4689326234854,281.7760999720295,315.16609046331905,193.7744649846237
"labour productivity, thsd AZN 2015 prices per employee",22,2028,98.8802901500724,110.4252149594587,135.95391171905,177.72704259197138,254.10490149997855,344.415446618694,382.8151301215494,209.73582464521704
"labour productivity, thsd AZN 2015 prices per employee",22,2029,93.53503744767737,107.49985939609228,136.45165228061268,192.29664783348198,263.2318961645731,339.2329843281199,393.39114095159357,228.07811203966955
"labour productivity, thsd AZN 2015 prices per employee",22,2030,92.93688013301433,105.15633763306599,139.91459747153405,206.27639261890732,286.2458337232542,365.7073407800103,423.38083147741787,246.05480416407627
"labour productivity, thsd AZN 2015 prices per employee",22,2026-2030 growth % pa,-10.533794246001737,-8.29601362592805,-2.9057524314568735,4.932803143070652,12.038979841004478,17.665228884156072,21.162335073264593,8.699558015710164
"branch nominal output, mn AZN",23,2026,998.0201791156665,1161.5546208100131,1364.5941845474185,1597.2881675451358,1877.987950566736,2122.8704092982402,2261.506475370107,1649.100573320315
"branch nominal output, mn AZN",23,2027,854.4314907388891,1000.2557899026283,1299.6046930196076,1720.5593718102473,2322.879156659955,2833.08930673747,3191.5493254601492,1893.4265917637185
"branch nominal output, mn AZN",23,2028,909.1559761098941,1047.5295377951063,1329.9061473345985,1891.030861477603,2704.211204836544,3696.894457677019,4330.90690769455,2149.5503656855103
"branch nominal output, mn AZN",23,2029,946.4011897229741,1042.6188125886183,1431.1125806222522,1962.7270837669093,2981.848782509467,4225.073864081696,5369.306871893751,2443.076892608465
"branch nominal output, mn AZN",23,2030,927.8708463080866,1131.4242688060444,1662.4837656005357,2231.7949010872344,3229.2351150442737,4379.12734190336,5689.279910966071,2749.37146370919
"branch nominal output, mn AZN",23,2026-2030 growth % pa,-8.969457497432106,-5.285924800554562,2.2918732751022244,8.497731405726139,16.817760342848658,24.155819521471415,30.828065939216568,13.119244268134512
"branch real output, mn AZN 2015 prices",23,2026,1696.2194475309134,2131.6856012987655,2478.0372840960954,2843.797678899351,3337.7697466787804,3695.785742897741,3928.5741049494445,2932.759678058611
"branch real output, mn AZN 2015 prices",23,2027,1563.5101182054434,1787.4383682448838,2278.385359036036,3008.3852545611,3983.0560002038987,4764.822252994665,5088.5286301944525,3229.4272306374264
"branch real output, mn AZN 2015 prices",23,2028,1675.8237835471348,1835.823401228848,2310.6422668777323,2988.081037496798,4197.288235604197,5834.115001759383,6737.378448390533,3523.2712337939292
"branch real output, mn AZN 2015 prices",23,2029,1794.70115654647,1990.4617197193154,2408.7811621872083,3072.2187136343537,4199.217562466797,6928.820305989962,7829.275465077831,3845.3405319439134
"branch real output, mn AZN 2015 prices",23,2030,1563.4079655669436,1944.9626422268962,2689.103981255932,3511.3337772535724,4418.224184591346,5946.96536859434,8105.32399902909,4161.549300672714
"branch real output, mn AZN 2015 prices",23,2026-2030 growth % pa,-10.484192025496824,-6.487832919026837,-0.22829909299137974,5.239865781165964,10.188284438713751,16.93477906934406,24.40560487239951,8.877184259823135
"branch share of industry, %",23,2026,1.5227986654603918,1.7718532426835787,2.1106001185469543,2.4908355201156733,2.9418648881878853,3.295484354475535,3.532311402288743,2.5703248921461257
"branch share of industry, %",23,2027,1.3583666600007103,1.5177708501047997,1.946300897572068,2.698835827860611,3.5101318470506513,4.3660803854558425,4.675869632283816,2.900759156643577
"branch share of industry, %",23,2028,1.4257705942675587,1.5819588063736651,1.9507281023330472,2.7029916174842175,3.740629309028389,4.996757316007613,5.9321512602482365,3.1999566503365466
"branch share of industry, %",23,2029,1.5144975831125151,1.6858649307415217,2.0525846882135923,2.647545700220977,3.529915193656537,5.555404567902461,6.639762487808276,3.36404618490676
"branch share of industry, %",23,2030,1.333310445033932,1.7062959439121161,2.270947767693719,2.8827429287987476,3.587997701610935,4.585122839035357,6.580567007000768,3.5505622432244914
"labour productivity, thsd AZN 2015 prices per employee",23,2026,140.8074043379503,177.74677736818495,206.48546323984272,235.48697668717602,278.4293290207255,308.313602416081,329.55543556083387,243.76395505561212
"labour productivity, thsd AZN 2015 prices per employee",23,2027,126.1769213677225,148.61987615864646,186.97686309473423,248.48923032412733,327.45515070771864,395.7070679621305,424.99147190096124,266.5818250785142
"labour productivity, thsd AZN 2015 prices per employee",23,2028,135.566404860451,147.04623887681814,187.84430815751767,245.98846847555225,344.0337588327021,475.84567437988846,545.1072304272549,288.6112226491585
"labour productivity, thsd AZN 2015 prices per employee",23,2029,146.27701542106254,162.49191183526042,197.7983727573397,253.56979355395737,347.7029564624154,561.0029575743894,637.8074061283013,313.3759559465943
"labour productivity, thsd AZN 2015 prices per employee",23,2030,127.11047606840997,158.6514402078063,216.6974718013767,282.48143304802596,359.7032119770556,487.15368823974666,656.7083632652201,336.74599846443164
"labour productivity, thsd AZN 2015 prices per employee",23,2026-2030 growth % pa,-11.054025174186926,-7.022290170101706,-1.039760324429384,4.348949613871711,9.516348344225023,16.365238578285872,23.526865719487343,8.081307306811048
"branch nominal output, mn AZN",24,2026,693.4526474914942,784.4261066263574,991.5063127988349,1339.6124675809665,1681.4651505149334,1968.3336036048042,2152.425221786054,1289.3886843901312
"branch nominal output, mn AZN",24,2027,488.08543645633443,576.7842720445968,828.8734625302025,1321.4900477111664,2092.478526604314,2842.637478803493,3244.078672804759,1471.4448604911418
"branch nominal output, mn AZN",24,2028,403.9733129436455,503.90824240263834,822.0313313247755,1488.4679763964305,2392.727621986156,3295.144853989844,4245.587140631722,1670.0771707792037
"branch nominal output, mn AZN",24,2029,462.8213110675107,560.8932295660464,873.0841267200067,1549.8022131574085,2483.3531727436803,3407.8311202473333,4194.071393712761,1901.010800537791
"branch nominal output, mn AZN",24,2030,694.984132578045,819.5982916922447,1154.8562126272868,1775.756705194215,2562.703309797395,3319.3896462872235,3853.3978462734476,2147.792574825699
"branch nominal output, mn AZN",24,2026-2030 growth % pa,-9.218259524201352,-6.171367225519742,0.48951198440059795,9.519615167239214,17.85686397680081,24.11572294938738,27.87451072015515,13.766313171181533
"branch real output, mn AZN 2015 prices",24,2026,199.82009252753295,223.6706953535353,263.33635206308736,375.65666778904915,448.78260353287124,526.7121161979968,565.1176623883164,348.2168761427137
"branch real output, mn AZN 2015 prices",24,2027,135.6951399202606,157.94966101091896,224.5562272661993,334.4534756191798,551.7540185792319,720.1230149518157,772.0439241924054,381.11641080355076
"branch real output, mn AZN 2015 prices",24,2028,108.80049486969166,132.58705128219677,215.13318535487426,370.1326505652456,568.1866749012372,741.6837174104622,928.4624772573197,415.6919541031019
"branch real output, mn AZN 2015 prices",24,2029,127.07287406144837,147.04356803864167,220.02915894162732,401.99804978250916,554.4691583048971,700.0880383156983,881.8469808658629,454.379658263405
"branch real output, mn AZN 2015 prices",24,2030,171.63998909204153,205.1401099595812,304.72456437979923,412.7912259341986,549.4310914784797,655.6332310669081,735.3982271483576,493.68574409837834
"branch real output, mn AZN 2015 prices",24,2026-2030 growth % pa,-11.356346368247314,-8.138400022624763,-0.573005573227009,5.650129519315983,11.86818355399419,15.892714984324058,18.584646738417934,9.499987573632907
"branch share of industry, %",24,2026,1.0075628001324353,1.226134339286491,1.5292220526087534,2.0858988207281586,2.6129865714411586,3.050372565856762,3.3604058676000426,2.009669928418472
"branch share of industry, %",24,2027,0.7463756622793654,0.8863882925061832,1.2376630857156405,1.9555220173823762,3.241770969623397,4.321052055885054,4.935760606896022,2.2542765434544263
"branch share of industry, %",24,2028,0.5846088106584082,0.7165989080395915,1.2174772739176127,2.109042587952179,3.3815079856644914,4.458143386076641,5.755615096470832,2.486182521946097
"branch share of industry, %",24,2029,0.6672630901845618,0.7818324778589314,1.195866001238459,2.1876353914231323,3.138404390883811,3.9470714538419878,4.730232407825423,2.617636862091429
"branch share of industry, %",24,2030,0.9319418409714887,1.0511087684878022,1.618305094999605,2.289601576767604,2.9057703657876255,3.4524196081052914,3.8271804199266133,2.77367802900156
"labour productivity, thsd AZN 2015 prices per employee",24,2026,28.466121492816583,31.661081430020463,37.52670593631883,53.20536939030643,63.942226913495034,75.04095301759016,81.38411840686825,49.44040559540887
"labour productivity, thsd AZN 2015 prices per employee",24,2027,19.059997596740015,22.355160572174743,31.533489892875306,46.62341991758111,79.12582353476843,101.39502935848863,110.79607553036622,53.740522242898585
"labour productivity, thsd AZN 2015 prices per employee",24,2028,15.019123587632365,18.740989588359678,29.94687399198096,52.1931893104745,79.46993166076362,105.85012164499678,128.21012260558092,58.16717259610733
"labour productivity, thsd AZN 2015 prices per employee",24,2029,17.483916638276554,20.530949117040517,30.3612927945356,55.71534085960333,76.61879009822603,97.77708860863545,126.80368834135048,63.254138537597285
"labour productivity, thsd AZN 2015 prices per employee",24,2030,23.45891687560252,28.689087062456952,42.475188089157584,56.76938910146234,75.91495972347225,90.74902042686833,101.21587166542274,68.23971196205277
"labour productivity, thsd AZN 2015 prices per employee",24,2026-2030 growth % pa,-12.202560100689931,-8.59633095079987,-1.1339131429246363,4.771496316589241,11.04160230921361,15.077052082380655,17.61698858147957,8.699558015710164
"branch nominal output, mn AZN",25,2026,473.5443707415853,521.9229194279484,613.346962375504,752.8075143044647,979.3124919402582,1354.4553617984216,1575.4045365194909,828.2164358732789
"branch nominal output, mn AZN",25,2027,433.91052588750927,500.3680961580562,635.6899192665226,818.0145045398385,1078.846381086401,1568.356754607917,1915.323065140767,950.9226112637107
"branch nominal output, mn AZN",25,2028,447.423088723157,501.7258141762669,648.07582380392,919.0041609579682,1312.4902121181933,1905.4800264842356,2273.4134389713836,1079.553892224837
"branch nominal output, mn AZN",25,2029,415.17644100007305,506.7958110572782,720.7959101313843,1030.2146488477288,1475.1568076578237,1953.7867765316491,2298.563963860405,1226.9697005117296
"branch nominal output, mn AZN",25,2030,489.4916306287474,584.096941211678,798.2899977933043,1149.4161245817236,1682.4797697936551,2319.743766296325,2533.5570469303966,1380.7979157876591
"branch nominal output, mn AZN",25,2026-2030 growth % pa,-8.069522375174662,-4.762797357334911,1.3777296271945128,9.045030888348492,17.679395523626603,25.486609217462544,27.71930853886297,13.119244268134512
"branch real output, mn AZN 2015 prices",25,2026,381.2939669480677,405.40850923102346,471.5136290669865,587.9750446308988,742.251480472841,1038.497700580627,1196.8688741336089,635.6552241726197
"branch real output, mn AZN 2015 prices",25,2027,351.89441863940954,394.61917076203184,494.54636737660735,605.5425020954928,772.0069214934399,1213.7773912827995,1432.371740522691,699.9558489561892
"branch real output, mn AZN 2015 prices",25,2028,362.8103638369122,393.84841305694323,481.11515611316975,636.5232089652884,864.9434019487102,1252.4926849762383,1433.9662716096652,763.6444890775208
"branch real output, mn AZN 2015 prices",25,2029,348.23727332687315,396.8205295008678,518.5161302329263,699.3084515814219,951.1464994885314,1259.5751741483953,1494.9582493295266,833.4507652092794
"branch real output, mn AZN 2015 prices",25,2030,377.5418309944387,430.87690580837904,575.0042254607223,765.0176759904156,1035.7938990449238,1346.0376648593447,1528.7301599435148,901.9868124263185
"branch real output, mn AZN 2015 prices",25,2026-2030 growth % pa,-8.527646044198093,-6.078162557996873,-0.49819530802356904,5.34917336884646,11.931164788185853,17.952798904757145,20.9937454159609,8.877184259823135
"branch share of industry, %",25,2026,0.7444127264879699,0.7944829906849925,0.9437274935882289,1.1643673189765082,1.5545782588408952,2.1191350090366763,2.4702135788091564,1.290876587910898
"branch share of industry, %",25,2027,0.6597272355629015,0.7713726481275874,0.9575951352021858,1.2585374820291584,1.6475409036543487,2.3261013346441577,2.872865621293094,1.4568283153313033
"branch share of industry, %",25,2028,0.6583787368633763,0.7405371741990807,1.0035287807025164,1.3171421031204087,1.8147899817563435,2.497251248479536,2.949454912379248,1.607092214245416
"branch share of industry, %",25,2029,0.635918074218409,0.7920621125523524,1.0404632103393097,1.3967579295508996,1.7919533820656433,2.3776388200224816,2.751305770371216,1.6895017723309018
"branch share of industry, %",25,2030,0.7322084902017367,0.869710067741764,1.0920249231931467,1.4729791145377318,1.981399396906594,2.537145917346894,2.7301541793389092,1.7831744491537718
"labour productivity, thsd AZN 2015 prices per employee",25,2026,56.097070854673554,58.749172114739466,68.87328192554368,85.32102760153344,108.0560252569654,152.71833604147758,174.28923241926788,92.69706832009405
"labour productivity, thsd AZN 2015 prices per employee",25,2027,50.82045839052496,56.60973079839151,71.66182832197944,87.62657845054605,112.13905697395643,173.59909280601997,211.37075701148098,101.37410859846263
"labour productivity, thsd AZN 2015 prices per employee",25,2028,51.664322948375435,56.37850317812732,69.23739108842439,91.4971297211384,124.55438003102441,179.69013836303154,203.74071539078153,109.75131338737681
"labour productivity, thsd AZN 2015 prices per employee",25,2029,50.743426929870814,56.78479898059495,73.98149313191593,99.81551105701796,135.45318717296777,180.35809234581689,214.98457329093523,119.16869494355315
"labour productivity, thsd AZN 2015 prices per employee",25,2030,53.97599822154608,61.35984379182579,81.37987454516582,109.24301263562454,146.31797024129622,192.32150421404538,213.31825559289993,128.05571200653623
"labour productivity, thsd AZN 2015 prices per employee",25,2026-2030 growth % pa,-9.069229286592455,-6.707348655687598,-1.2870503594681504,4.700686247730113,11.001763230021133,17.24008552837247,19.694964450236117,8.081307306811048
"branch nominal output, mn AZN",26,2026,31.941377428220886,37.299936687336654,57.19811834228004,75.72799349998286,99.76459665751219,123.68098951109431,135.97877225019786,79.05657328425741
"branch nominal output, mn AZN",26,2027,30.69038565418526,35.79040922230571,48.13004163800653,77.05307124068231,125.23868453580471,183.37624511923238,213.81959284863572,90.21902383313036
"branch nominal output, mn AZN",26,2028,26.496950522670993,34.74508458832353,47.46191279235822,75.32083738513688,173.6360237120191,291.60899265590973,378.51590166458004,102.39781055975422
"branch nominal output, mn AZN",26,2029,25.600403953403532,30.432711003516378,45.80175817255508,74.51287508303864,240.1901744530561,461.5224065067098,584.1527257163625,116.55709522374566
"branch nominal output, mn AZN",26,2030,26.254048320074737,32.39014531942666,48.42789108426823,76.00977665453664,252.74359825819627,695.0405369371153,896.4026567823455,131.68808067476112
"branch nominal output, mn AZN",26,2026-2030 growth % pa,-17.596910823273745,-14.061695681339033,-6.862732123517287,1.923969254585034,29.577624613245522,58.674222081612335,66.95714131477192,13.766313171181533
"branch real output, mn AZN 2015 prices",26,2026,74.22102720761886,80.85985655132693,129.21886971742583,168.55025797003898,223.78202850387274,267.5489547972448,297.1129522258293,173.63266299741588
"branch real output, mn AZN 2015 prices",26,2027,68.29230152342653,77.09968989161749,106.09765896721204,160.8192992287165,276.87055530125303,395.79261589798716,441.37874665708534,190.037479093106
"branch real output, mn AZN 2015 prices",26,2028,59.30566782521437,71.88140544743905,102.93188775344288,143.03409993002387,367.37059915631164,590.6638762530125,671.7832872293278,207.27800954695758
"branch real output, mn AZN 2015 prices",26,2029,55.504988454797406,64.97572066797848,96.36855434176294,133.09592374838084,547.079674709596,908.3715287147863,1051.3127966221607,226.56900191074095
"branch real output, mn AZN 2015 prices",26,2030,53.174270859478625,65.76753452808113,96.9886938880507,139.07356433644867,619.2501787493152,1300.3383888934713,1556.7604445353684,246.16834020569001
"branch real output, mn AZN 2015 prices",26,2026-2030 growth % pa,-19.405033082729368,-15.905044968962653,-9.110954095788708,-2.3177017171744083,31.68635503204947,52.749175232105806,58.347782899811,9.499987573632907
"branch share of industry, %",26,2026,0.04976223790526515,0.05978405964418839,0.08961358544155815,0.11740528772255934,0.154003752326813,0.19195866362217362,0.20938976865255915,0.1232193363387014
"branch share of industry, %",26,2027,0.04681063004584517,0.05407804567944039,0.07165648145797682,0.11656183827994798,0.18997825297974807,0.27882590160600335,0.32785757345740785,0.13821695576992094
"branch share of industry, %",26,2028,0.04168086679559736,0.05116080908356063,0.06922061706595085,0.10504941966147535,0.250346328574659,0.4117730151291831,0.5244772442481862,0.15243585826661524
"branch share of industry, %",26,2029,0.03649503958248862,0.042454972084308304,0.06618603439973446,0.09303821215821045,0.34332930986400295,0.6043201599079969,0.6976911780718654,0.16049574726754015
"branch share of industry, %",26,2030,0.03721191567711272,0.04329110602690942,0.06347989438395857,0.09491713134771063,0.4210329275723069,0.8484224868231167,0.9605609588173739,0.17006313381012225
"labour productivity, thsd AZN 2015 prices per employee",26,2026,295.9296863921689,323.807308341345,518.9448440483282,673.1879694519562,887.443365685685,1071.756175600459,1184.628793408757,696.0631228561348
"labour productivity, thsd AZN 2015 prices per employee",26,2027,268.83888958951087,308.72651095711484,422.21423837176,630.7390488371825,1100.1939680903122,1571.5025150726526,1766.5543525567366,756.6037391041393
"labour productivity, thsd AZN 2015 prices per employee",26,2028,235.9506361106744,283.4808451455005,406.9484386141614,566.0994126092844,1431.9439562870034,2337.041436792608,2705.3208448122755,818.925802031002
"labour productivity, thsd AZN 2015 prices per employee",26,2029,218.18787680035012,254.86263141654044,376.70795913494817,528.6443920830457,2182.2463267670073,3555.7968132420774,4100.354367568375,890.5443366375443
"labour productivity, thsd AZN 2015 prices per employee",26,2030,204.42220713020313,255.67356834324252,373.9853459213733,541.8930833134114,2382.3169100872774,4978.984787325875,6015.350010896658,960.7353831158784
"labour productivity, thsd AZN 2015 prices per employee",26,2026-2030 growth % pa,-20.234951700031303,-16.584996997362992,-9.992667504807152,-3.0629633878602402,30.347413491087572,51.05502628229253,56.87686627776197,8.699558015710164
"branch nominal output, mn AZN",27,2026,182.76988609709184,197.0080605567464,233.0643035404343,289.00545555262283,371.13528300561916,493.20234941115746,562.4647836107135,315.1339242428663
"branch nominal output, mn AZN",27,2027,126.54750582925179,147.13705400280443,205.83721970798726,315.06274993466906,461.2304419663717,661.3756220009077,801.2725285360298,358.21977907019715
"branch nominal output, mn AZN",27,2028,93.35577373864948,120.50946946076637,205.4566522594763,362.1789257945445,569.9099643019601,850.541173822756,1082.017059938331,404.86398752674603
"branch nominal output, mn AZN",27,2029,85.89134149164224,108.76250705194319,209.09474236057437,367.12508216849653,669.8102985180303,1159.0155514516084,1402.0111188321087,458.68715588381076
"branch nominal output, mn AZN",27,2030,113.12608663999175,158.73640670431774,221.8734834833745,366.9335981697981,762.5591031199704,1481.9786550326376,1903.12270493123,515.8621433383503
"branch nominal output, mn AZN",27,2026-2030 growth % pa,-16.34964583862787,-10.486317678465,-4.285809322644076,5.845542485128763,22.52083644652214,39.93410870956297,47.111991204599654,13.308371242024597
"branch real output, mn AZN 2015 prices",27,2026,201.2243815897265,217.10249384755454,255.70025945398012,312.0374285678306,399.9917615127964,539.7786174757186,590.126907696367,339.92940940686714
"branch real output, mn AZN 2015 prices",27,2027,133.70148665445078,159.9273251128063,216.5273017836446,328.13470759906676,480.722796136425,665.8112759787025,784.1420392573556,370.5875633735475
"branch real output, mn AZN 2015 prices",27,2028,101.07987379773076,119.46463854156417,207.89892767969394,361.66322843830324,554.1907164792284,804.2276623574223,1097.793228835317,402.5055275953479
"branch real output, mn AZN 2015 prices",27,2029,92.261100862896,111.80463711318417,208.43699268453082,356.53925641322553,623.2836491719439,1130.5719323457606,1364.6777265637481,437.9035813462771
"branch real output, mn AZN 2015 prices",27,2030,116.62324166605433,171.47018734646255,218.74031767475492,320.017688610395,683.9864610540147,1415.9158383234728,1688.6069906610307,473.6085451973709
"branch real output, mn AZN 2015 prices",27,2026-2030 growth % pa,-17.598555658442873,-10.994925400677158,-6.5532408041524715,0.8354562633246854,17.37625959366619,35.76431944141296,40.63188720722019,9.05921882448062
"branch share of industry, %",27,2026,0.28084024977283545,0.30486716668393665,0.3637059695285989,0.4438751608481578,0.5702306531366975,0.7424423079432878,0.8825869188127243,0.4911747548606304
"branch share of industry, %",27,2027,0.18712937359340645,0.21582547501403096,0.30835022332132817,0.4672391759811084,0.6960308721406019,1.0202461874295425,1.1774058385468529,0.5487983050141848
"branch share of industry, %",27,2028,0.13461326582492242,0.17035722108095344,0.2992340468512467,0.5165402989403471,0.8057566652734809,1.1801946344165506,1.482915906930877,0.6027061426657115
"branch share of industry, %",27,2029,0.1229061059938114,0.15965273904474772,0.296752753583095,0.5181284015946184,0.8502243406450287,1.5234348434339913,1.9115218272393721,0.6315989404529803
"branch share of industry, %",27,2030,0.1456257467708504,0.2211245015302355,0.3017244160648576,0.44008159473043457,0.9488850267551409,1.928638448537525,2.153670745459329,0.6661888628082966
"labour productivity, thsd AZN 2015 prices per employee",27,2026,68.51262540185462,73.86516974468235,86.5469375589581,106.2459172857622,135.78547141683222,185.1002663906055,202.4606072156763,115.62738054188968
"labour productivity, thsd AZN 2015 prices per employee",27,2027,45.23859273446616,54.17103601191566,73.153642552419,111.09280909231438,164.49568470808683,228.3277455368358,269.6313109482371,125.19149075770336
"labour productivity, thsd AZN 2015 prices per employee",27,2028,33.78357387385181,40.493139033263624,69.61352287872678,119.16508451507072,187.40863826673376,274.2934561690324,365.11902890538596,134.9329209715152
"labour productivity, thsd AZN 2015 prices per employee",27,2029,30.898574499812554,37.56368612895299,68.36502359934084,118.81401909013948,206.36818315365076,374.65827436623255,464.5895782478628,146.04554021509477
"labour productivity, thsd AZN 2015 prices per employee",27,2030,37.93921910523085,55.70804456926487,72.77506003428098,106.74249112862425,222.85256038508206,461.09957627259365,566.7645584080195,156.83603914204966
"labour productivity, thsd AZN 2015 prices per employee",27,2026-2030 growth % pa,-18.491182166566148,-11.982208860578314,-7.149679733501058,0.24307584486528144,16.14229516362234,34.3211527938284,39.98047224060811,8.262011224321043
"branch nominal output, mn AZN",28,2026,91.42130954866852,98.3671245924629,113.90091322968914,140.6145331042927,173.09936304088654,202.97747422399908,221.28080182255985,148.89564487217254
"branch nominal output, mn AZN",28,2027,72.47174702633282,86.3073575373229,112.06430040403592,154.405706416342,193.85494231738818,250.35748747966198,278.59123154992994,169.25300930000262
"branch nominal output, mn AZN",28,2028,58.30621581974682,83.31653482019588,124.20494169421549,171.8241184764676,239.79520917330225,300.5323675029571,326.50100707481215,191.2916378430136
"branch nominal output, mn AZN",28,2029,64.55783131683225,77.89480233491355,116.00101488741359,190.07520689944613,281.34322663844046,368.43459389306054,419.5139835154228,216.72220797551518
"branch nominal output, mn AZN",28,2030,60.895269143509765,70.41649453817207,109.97182776581658,196.83560772085985,346.4100854910189,529.0247772706289,637.2992233858442,243.73645802192144
"branch nominal output, mn AZN",28,2026-2030 growth % pa,-14.139332230085497,-11.6080519131951,-3.365060041389772,8.567186919808966,21.56148497096825,32.304027626802515,37.32403224752224,13.308371242024597
"branch real output, mn AZN 2015 prices",28,2026,36.94363311040786,39.388613900320046,45.103633829001524,55.918397839241536,67.81986827232951,80.0017061397099,86.30121985580166,58.37445968017802
"branch real output, mn AZN 2015 prices",28,2027,28.721867754057,33.40202455526047,42.91429773959358,58.8300283778224,72.93232766246426,90.8627601296587,103.78625447688995,63.63923855211906
"branch real output, mn AZN 2015 prices",28,2028,24.141444739524008,31.059955505153262,47.169992468103544,63.110761742330766,83.76970798652182,98.8365071804195,109.3065638594594,69.12035864346359
"branch real output, mn AZN 2015 prices",28,2029,25.719802961201772,31.066605299031362,40.24061246702486,68.12214888957052,92.63796248313639,120.06640395884176,138.41667820341144,75.19909794714985
"branch real output, mn AZN 2015 prices",28,2030,21.964499344047073,25.617140421834254,38.987027685941015,64.81747777383904,109.07193213276118,163.83946578476954,196.8088766329779,81.33054146168615
"branch real output, mn AZN 2015 prices",28,2026-2030 growth % pa,-16.062525148943518,-13.439901882612322,-5.855357678695156,4.219650513976059,15.652283594563615,25.457130337524642,30.142924139084244,9.05921882448062
"branch share of industry, %",28,2026,0.1412437571381783,0.15297524214243108,0.17642796043976153,0.2170315400826249,0.27110521656815295,0.31510662045129556,0.344568081647816,0.2320720691865035
"branch share of industry, %",28,2027,0.10864084068522377,0.12668771974284615,0.17444978666285882,0.23332998231349514,0.301175506661439,0.36841874816461356,0.41480798365207316,0.25929825779996785
"branch share of industry, %",28,2028,0.09311084851616809,0.12039325472142061,0.17827223593832708,0.25410290757145737,0.328922383012901,0.4107204702078468,0.4585270726440474,0.2847688327946247
"branch share of industry, %",28,2029,0.10166924480757758,0.11445144506757783,0.15586746922960448,0.2569785912500644,0.37014417795558463,0.45653447961886634,0.49869356312291624,0.2984202090119982
"branch share of industry, %",28,2030,0.08145566953514191,0.10033143347781778,0.14594779692642357,0.2405227273292919,0.4133919510717913,0.5948997666998618,0.6970113521175637,0.31476338376713503
"labour productivity, thsd AZN 2015 prices per employee",28,2026,13.131053114872577,14.036350204163057,16.02126035000976,19.760435248208086,23.988557466307608,28.262750116527688,30.46624293231499,20.665435414905588
"labour productivity, thsd AZN 2015 prices per employee",28,2027,9.9282189354242,11.682915456662109,15.097306730629384,20.680350707516652,25.666751087903943,31.783737336403128,36.56599163766547,22.374775374348257
"labour productivity, thsd AZN 2015 prices per employee",28,2028,8.47067533306077,10.937862389843117,16.45284439740486,21.90509726661519,29.39761440284711,34.68743023474057,39.13582171236736,24.11580674588753
"labour productivity, thsd AZN 2015 prices per employee",28,2029,8.966577690350803,10.784717157471375,14.110271105083758,23.57917392110008,32.48945209195446,41.7497660245178,47.48703853775168,26.101903068336288
"labour productivity, thsd AZN 2015 prices per employee",28,2030,7.544092995633977,8.800143365368932,13.401040342855717,22.269228242757148,37.584071015418345,57.10949752658336,67.59778262869168,28.03042862711437
"labour productivity, thsd AZN 2015 prices per employee",28,2026-2030 growth % pa,-16.733271739870393,-14.12869201851138,-6.593340323657898,3.39300419244406,14.802360322547925,24.822192329189,29.103059140890696,8.262011224321043
"branch nominal output, mn AZN",29,2026,130.70815688792314,169.9974395931796,257.0524401116106,349.00594482946144,485.50875824269656,1503.5645189402885,3399.236552193887,387.0145803880528
"branch nominal output, mn AZN",29,2027,11.420987900867278,75.37810123679418,203.33912088989348,383.0175786727043,818.3526313401863,3717.836423548128,4517.514547895807,439.92812838743936
"branch nominal output, mn AZN",29,2028,35.25442580078986,52.32792749832094,142.35553876645847,369.1520649910095,964.3265080745691,5026.3813932861785,6289.90959211889,497.21167476130427
"branch nominal output, mn AZN",29,2029,25.177565031075126,52.378357186136604,116.9709206096366,263.4536849809069,2934.0748722068884,5668.316601389345,7227.767077804324,563.311670078887
"branch nominal output, mn AZN",29,2030,52.252210434927896,66.9426321631494,103.7877684142858,246.8015004316942,2919.961038460857,6046.296763855368,10279.084091571438,633.5280196247949
"branch nominal output, mn AZN",29,2026-2030 growth % pa,-31.209294303738815,-27.71541973369036,-21.089440576169224,-6.162488495535806,53.809865074717614,77.91254117916934,97.83344375230804,13.308371242024597
"branch real output, mn AZN 2015 prices",29,2026,98.70854059791428,127.83322595104701,192.6488011586947,260.73416465818866,345.5409247689087,1172.678088692438,2620.233130055813,284.4673521301528
"branch real output, mn AZN 2015 prices",29,2027,8.214504599063723,52.48815995002703,144.95061636201515,274.0603792610618,584.5890687146061,2865.8243404698287,3342.91933306607,310.12339611680727
"branch real output, mn AZN 2015 prices",29,2028,22.757778005144555,37.35057177515599,95.57696280813586,228.09291672061377,566.0068887030473,3561.5230851747942,4284.446741270381,336.833702775485
"branch real output, mn AZN 2015 prices",29,2029,16.109123879186374,36.321061792633394,74.46891607373597,158.35351889217236,1973.425758613361,4083.2902171165288,4498.011688024896,366.4562960034666
"branch real output, mn AZN 2015 prices",29,2030,36.495222953180594,42.102124288427014,62.991327290607586,150.33711024281922,2212.525598782604,3753.678679112107,5679.882542483701,396.3357246246793
"branch real output, mn AZN 2015 prices",29,2026-2030 growth % pa,-32.31431089785034,-30.351723478639784,-24.507228267891936,-10.161605057122387,53.825158548760704,70.97832590297949,85.74518419799266,9.05921882448062
"branch share of industry, %",29,2026,0.21171146795410845,0.27201480536337447,0.39276566918313305,0.5472132518298775,0.7620802615296687,2.1494767106388717,5.361508783859275,0.6032095468817006
"branch share of industry, %",29,2027,0.018027948562263463,0.12349426685238765,0.31292192979393535,0.5993641945479434,1.23877459031614,5.460273066508017,7.351631456212641,0.6739767742969272
"branch share of industry, %",29,2028,0.04945115933988968,0.07716967610700648,0.21092468819837973,0.5179367219267129,1.2765907791905187,7.193623196258014,8.746021025980225,0.7401807516010476
"branch share of industry, %",29,2029,0.03199021100160492,0.07156888145463801,0.1524906151322033,0.3214680391780175,4.010607542293064,7.8800685759025715,8.9440659367531,0.775663868941531
"branch share of industry, %",29,2030,0.07144761938496665,0.08689920255776495,0.12377512073790434,0.29990895534224826,4.224467742134126,7.687863835194609,9.372759049946378,0.818143599799327
"labour productivity, thsd AZN 2015 prices per employee",29,2026,103.63028557729896,135.0049403166525,201.29023484407136,272.53440477259016,362.21021338537264,1216.814211341296,2730.2173668063706,297.4381040467161
"labour productivity, thsd AZN 2015 prices per employee",29,2027,8.62057432688063,55.78953751178732,150.67362819888464,286.25773128800074,611.3420145822238,2990.9645774859014,3500.5193265788103,322.04067478864215
"labour productivity, thsd AZN 2015 prices per employee",29,2028,23.46715752977398,38.55242339626755,98.80268629185079,235.02710470162702,599.1370808999422,3678.241315148809,4445.624231740817,347.0993807795638
"labour productivity, thsd AZN 2015 prices per employee",29,2029,16.549309129702337,37.02509129370558,76.32102211349478,165.41367881417688,2035.8264629533314,4172.956629892121,4717.312173855899,375.6853124448229
"labour productivity, thsd AZN 2015 prices per employee",29,2030,36.63628468362292,42.6674809331681,64.45684732831455,155.31062019779833,2243.94582251124,3836.376314725477,5826.158307754531,403.44262673759835
"labour productivity, thsd AZN 2015 prices per employee",29,2026-2030 growth % pa,-32.995809825382224,-30.922113469606707,-24.980738421738998,-10.554386278259969,52.58788998243294,69.86501956806488,84.66978145581385,8.262011224321043
"branch nominal output, mn AZN",30,2026,23.715800840660954,29.205563196410214,39.550099549391405,46.60523326956259,54.48024553813919,64.80474832111214,71.35235684315465,47.57814859133788
"branch nominal output, mn AZN",30,2027,23.268694324968568,27.638667162600058,36.98633924641575,49.24308104184491,63.21007181889511,86.21047173147605,100.35635877370682,54.08314550046058
"branch nominal output, mn AZN",30,2028,23.108978242301998,27.205759291475314,36.693445278713924,53.01501638260757,75.2336809883768,104.11113736497576,116.89539776682788,61.12537393144571
"branch nominal output, mn AZN",30,2029,18.424983170628277,26.63938377144124,38.82038219854837,54.77286501519432,88.26619411558984,132.56520156155185,195.57666924042317,69.25146415769333
"branch nominal output, mn AZN",30,2030,21.08519818231139,25.072973306141026,35.9737501942309,54.53898335187023,85.83808304352523,229.48801919850698,467.4954642407015,77.88360382769442
"branch nominal output, mn AZN",30,2026-2030 growth % pa,-12.749554066838702,-9.673755108319897,-2.9110231057792313,5.514873540995547,15.533674776499279,40.644632341345044,62.153827719493854,13.308371242024597
"branch real output, mn AZN 2015 prices",30,2026,60.485478728382105,73.57595496699112,105.09421472090011,119.711511480558,136.0870864919019,161.41485853154984,179.03091502438807,120.8107015199913
"branch real output, mn AZN 2015 prices",30,2027,57.82106794755636,70.33836790581952,94.54923286706823,120.84849673309779,155.91039851800247,207.03086205650038,242.37796955986408,131.70659044729902
"branch real output, mn AZN 2015 prices",30,2028,56.36052155439985,64.02513763399783,87.77761900158458,129.04374331514356,174.99002541325066,220.03410347466777,237.17129216774939,143.05021515883544
"branch real output, mn AZN 2015 prices",30,2029,47.78379675715199,62.40649718443809,88.43712364434802,130.82339515830185,192.2559947442993,296.218392023748,407.5684558327758,155.63066153313997
"branch real output, mn AZN 2015 prices",30,2030,46.48067007021933,57.998714427935596,85.42345971720223,120.96154966614188,182.29468201996752,403.882358262039,952.1329628610455,168.32018356691503
"branch real output, mn AZN 2015 prices",30,2026-2030 growth % pa,-15.687961426580127,-11.87104453281798,-4.775092829119327,2.0855937418612913,10.812785122077555,29.92300506753515,54.22871435604593,9.05921882448062
"branch share of industry, %",30,2026,0.03605703972558084,0.04571158549602686,0.06109712234479306,0.0730772687615742,0.0842044055108637,0.10076287297310113,0.11211017884947623,0.07415636233775627
"branch share of industry, %",30,2027,0.03513107266222946,0.042030765698392016,0.05428136608048837,0.07391884837138343,0.09841017148612816,0.13347459846291748,0.15717853647367191,0.08285622490619657
"branch share of industry, %",30,2028,0.033420584469196324,0.03999249714644608,0.05226183948498116,0.07687778640265655,0.10570811858694489,0.14070193034588285,0.1581647098111911,0.09099509829529387
"branch share of industry, %",30,2029,0.027578466379429085,0.039341042378612225,0.05285676580804719,0.07674933762255978,0.11233701701498797,0.16514200851774194,0.2536239735534864,0.09535726219004077
"branch share of industry, %",30,2030,0.027831150346629873,0.032234501590030475,0.050435325462787756,0.06839542165362703,0.099380025551249,0.2772520235475928,0.6025740476677126,0.10057956400834887
"labour productivity, thsd AZN 2015 prices per employee",30,2026,43.845778364515276,53.21722233122021,76.13020708525106,86.5489842800391,98.58234117760809,117.0677415319335,128.10310327851766,87.38081898868589
"labour productivity, thsd AZN 2015 prices per employee",30,2027,41.58449763537761,50.501181518643406,67.64896817112374,86.66698258248783,111.83102531794479,148.9110120988321,175.23940534899072,94.60851695813945
"labour productivity, thsd AZN 2015 prices per employee",30,2028,39.83487017277497,45.119063646609085,61.31386326293849,92.52458696176816,124.71799442863569,155.52091140928457,171.0109472808406,101.97021750185829
"labour productivity, thsd AZN 2015 prices per employee",30,2029,34.2296849243667,44.51995867852689,62.92259995559138,93.46253868793784,135.07990049052364,207.08632370659552,290.2702457359759,110.3681399148946
"labour productivity, thsd AZN 2015 prices per employee",30,2030,32.48399483349367,39.96793741718487,58.95050416091739,85.1744461878944,128.8869943522925,278.53423041999645,653.8916321465806,118.52263264070936
"labour productivity, thsd AZN 2015 prices per employee",30,2026-2030 growth % pa,-16.43014628096181,-12.892020496229238,-5.8515226509660145,1.3392521233609567,10.092477874542855,28.435444939912525,52.33709969379907,8.262011224321043
"branch nominal output, mn AZN",31,2026,260.3601919459475,287.87986424765967,360.8012941366728,428.70160379477875,502.42962050885876,587.6575122027276,640.3972941330996,449.05506532664276
"branch nominal output, mn AZN",31,2027,224.71799529115006,260.2384023301637,341.43383382449707,466.42400908448263,601.3778754075186,758.2808049133617,837.2320956722785,512.4597229305882
"branch nominal output, mn AZN",31,2028,209.48801764191967,240.22793355277793,346.48713101274404,535.8211736878905,749.0786472003966,959.972471179201,1112.7497847085585,581.6373465224821
"branch nominal output, mn AZN",31,2029,187.63145007986847,237.4922558778437,365.6803885025702,577.2803119231305,872.782574780251,1207.6547925247546,1366.6412684385043,662.0645423345896
"branch nominal output, mn AZN",31,2030,187.10480022945376,246.92220861451048,414.4172194087255,661.9057400981148,991.6735071178257,1332.4274413455837,1533.9779572504144,748.0111673638744
"branch nominal output, mn AZN",31,2026-2030 growth % pa,-13.771855119776266,-8.852639399101697,1.0926597167033814,11.017393265889229,20.36651389139554,27.69111412463272,31.339659491868325,13.766313171181533
"branch real output, mn AZN 2015 prices",31,2026,233.5310765851547,253.8101630203016,315.4649014167709,370.0104742023923,422.2347332449354,485.8646822832236,536.6818460697365,380.77955062704956
"branch real output, mn AZN 2015 prices",31,2027,201.9031442602527,224.97933728027678,281.74741332018084,387.9607407117447,489.215226282965,583.8463179229581,656.0100188844368,416.75560716618844
"branch real output, mn AZN 2015 prices",31,2028,188.55676178097784,214.27457908925143,281.7121641579185,416.28571383197095,567.0732539098229,684.7214508430035,739.1301092730939,454.56440031294375
"branch real output, mn AZN 2015 prices",31,2029,162.54565977495153,202.3756921955296,286.6466784645993,438.7014101810988,637.3088816137825,836.632471557572,894.6102236950571,496.8698932808228
"branch real output, mn AZN 2015 prices",31,2030,147.42915734606206,191.39471116348219,336.84761118533,490.62885757126685,648.092854028565,820.7556824919891,966.4010743383989,539.8515944176032
"branch real output, mn AZN 2015 prices",31,2026-2030 growth % pa,-15.535313234664399,-11.009188077111189,-0.3572108087908171,7.4260998966175995,13.576006464083967,19.06989219908428,23.024060672263026,9.499987573632907
"branch share of industry, %",31,2026,0.4184214788004758,0.4610556778280993,0.5591906073687162,0.6641740734697265,0.7731606756237692,0.8954764951439114,1.0013950997492231,0.6999072288413932
"branch share of industry, %",31,2027,0.348165790420638,0.3895271807312262,0.5214618352442926,0.6968238473763915,0.9275875830386714,1.157709867487416,1.2411534093041765,0.7850963117177124
"branch share of industry, %",31,2028,0.33163371763928473,0.3666559075117758,0.5119111763041522,0.753426267995536,1.0503670332863213,1.3259369220215367,1.4594021450657566,0.8658621471728862
"branch share of industry, %",31,2029,0.2976711856381735,0.3409413310584231,0.4965566027810379,0.7921934111520001,1.1362760584400482,1.4341136214951569,1.559916312195345,0.911643716389428
"branch share of industry, %",31,2030,0.2709653924880031,0.3239058283354088,0.5764439051648313,0.8527908004938018,1.1238721831723266,1.4362447527918916,1.57623415238022,0.9659881334366565
"labour productivity, thsd AZN 2015 prices per employee",31,2026,26.55761869138011,28.706356461698228,35.80579442000952,42.03304982955416,47.83027576195363,55.24093520565286,60.360015784751596,43.31804892570379
"labour productivity, thsd AZN 2015 prices per employee",31,2027,22.22429237065816,25.506295507058702,31.78459410865616,43.482765324051314,55.509570032097145,66.26710882815188,74.77159001406073,47.08566897410183
"labour productivity, thsd AZN 2015 prices per employee",31,2028,20.998659575651306,24.04553559661633,31.428146271282095,46.25904982243672,62.832108992012095,76.9647624739147,83.99466507680953,50.96415367235614
"labour productivity, thsd AZN 2015 prices per employee",31,2029,18.386055560183276,22.333278608844953,31.95760541450143,49.33420928219461,70.34775791711573,94.42663015557264,100.53104400437086,55.42118505960092
"labour productivity, thsd AZN 2015 prices per employee",31,2030,16.381718251340438,21.178971665217013,37.51635366439376,54.073566358859026,71.81024954716369,93.57762160848209,108.18623174281096,59.789379675368934
"labour productivity, thsd AZN 2015 prices per employee",31,2026-2030 growth % pa,-16.097508190377837,-11.675019913463206,-0.9744890207947526,6.536869161217562,12.756153460466091,18.887821478079662,22.387585629371593,8.699558015710164
"branch nominal output, mn AZN",32,2026,60.39875532668665,78.37592380259724,98.97188317343068,122.64993142439576,156.30921299055402,233.63904563558623,458.76977121172115,138.09158314630776
"branch nominal output, mn AZN",32,2027,64.75982877767476,72.25878730968182,92.94152747173572,122.61356784234174,164.28442387379567,343.29438360804966,698.2191213567394,157.58952498782682
"branch nominal output, mn AZN",32,2028,58.12990134260898,68.73298746468062,95.12593429832273,141.58005545660293,229.39257903142865,440.19184235918317,584.9388505858898,178.86274579684994
"branch nominal output, mn AZN",32,2029,52.27726541366426,65.49746488717125,99.34540556932676,153.88173323979322,250.92994933929685,480.96077409162945,621.3972552015098,203.59538919690448
"branch nominal output, mn AZN",32,2030,53.4667779380643,69.30921756309895,108.88440910594271,165.40826627459086,287.16173530376074,497.7775742438033,634.6490455645142,230.02534497024118
"branch nominal output, mn AZN",32,2026-2030 growth % pa,-15.028369427441401,-10.501557469081588,-2.03942748250997,6.504706953362726,18.92792640342791,32.759441841527824,39.368696728752994,13.766313171181533
"branch real output, mn AZN 2015 prices",32,2026,101.69853659693179,144.69899630237236,180.99055562893676,227.91462630807223,279.16288695237006,429.73419526834556,840.0606330873718,250.59179881367504
"branch real output, mn AZN 2015 prices",32,2027,127.47249848894471,141.88644148114219,168.91668647671258,212.7294524430826,274.3840157575621,634.4614404311482,1399.602509381663,274.26771499015905
"branch real output, mn AZN 2015 prices",32,2028,108.9403950879721,128.5811011874051,171.87651725060223,229.11646139584403,348.9689621046817,692.5605513907352,1018.0932679588897,299.14975886572245
"branch real output, mn AZN 2015 prices",32,2029,92.76150793639111,113.26800215990936,172.84279435787408,242.80716914593123,391.17970115689684,721.2377857173869,1025.1176571059752,326.9910900639504
"branch real output, mn AZN 2015 prices",32,2030,93.37636164065351,127.32992342331737,178.1351419351664,248.55350859787544,406.7171750182435,762.8051348155532,1006.7642592900784,355.2774352371632
"branch real output, mn AZN 2015 prices",32,2026-2030 growth % pa,-16.17999154056754,-10.816077861882544,-4.621610244802785,1.9493642144907564,12.501688312345443,27.58016279713355,34.86090593292456,9.499987573632907
"branch share of industry, %",32,2026,0.09132599243193272,0.12186524563123262,0.1562436955194295,0.19177351520231983,0.2417654538266551,0.3757315658079077,0.6890316317436994,0.215232617888296
"branch share of industry, %",32,2027,0.09685904253459426,0.10949491880082912,0.1409670755174835,0.18311126967762764,0.25825210299472495,0.5376330264939075,1.1430114504556617,0.24142961738682278
"branch share of industry, %",32,2028,0.0924282280911902,0.10620997938820036,0.14138161672915986,0.20387056490407665,0.3015106844190228,0.5957015646219974,0.8720788073500501,0.2662663978694711
"branch share of industry, %",32,2029,0.07341751397697914,0.09037971375821827,0.14655351913661666,0.20560328190858906,0.3012396748320222,0.6116254347412511,0.8328408087163767,0.28034495940943693
"branch share of industry, %",32,2030,0.07605425648811028,0.09746486907625465,0.14177076215259743,0.202595306991348,0.3304306853057878,0.6476836216365166,0.7818668867893412,0.29705673300841906
"labour productivity, thsd AZN 2015 prices per employee",32,2026,52.876501886883126,74.41197608730882,94.31123152041827,118.43810952630955,145.42316064592796,224.0724255467541,436.66966634878986,130.32089754988345
"labour productivity, thsd AZN 2015 prices per employee",32,2027,66.380772700541,72.56008285829206,87.38905504551097,109.51824452845227,142.68946511496867,324.0627144529576,716.4250577570795,141.6556561207576
"labour productivity, thsd AZN 2015 prices per employee",32,2028,55.26853447120677,64.41777447054038,88.25774705329252,117.64298439796728,176.76992589597137,357.2199852920588,529.3595605622335,153.32394727294917
"labour productivity, thsd AZN 2015 prices per employee",32,2029,48.47417749018741,57.835572460741794,87.6703711307249,124.22785667724118,202.5189391417543,368.69958589677555,516.7619515638712,166.732776737775
"labour productivity, thsd AZN 2015 prices per employee",32,2030,46.82426706712096,64.10331994260177,89.51977395726894,126.2755886230373,202.46700081239396,381.2685201231624,497.72665133020774,179.87434375469726
"labour productivity, thsd AZN 2015 prices per employee",32,2026-2030 growth % pa,-16.95228358463335,-11.567906065174563,-5.459549951253675,1.2739285865947747,11.302465228512325,26.32232502574594,33.239202120817474,8.699558015710164
"branch nominal output, mn AZN",33,2026,548.9090352078633,687.2566348279976,992.8303848748023,1220.2141086197898,1477.6624550409929,1823.6494374923664,2222.7005234604253,1251.065705765035
"branch nominal output, mn AZN",33,2027,489.6649394499806,578.462688254732,790.2886595686947,1234.987747182954,1970.2605038644388,2887.407240364306,3485.3055516000363,1422.1143654977222
"branch nominal output, mn AZN",33,2028,507.95242250475144,585.4691146122146,794.3594361393662,1244.8056783307256,2391.827155861205,3982.2915426201334,4717.679013698958,1607.289508772907
"branch nominal output, mn AZN",33,2029,409.26082991082086,523.059695174604,773.2544996843159,1389.646690887763,2730.0506088152642,4968.889736532826,6396.993624679066,1820.9647589666847
"branch nominal output, mn AZN",33,2030,390.90894408937964,479.2253655158538,720.9775189359328,1445.1649624510273,3173.876571806154,6235.977185713286,8128.124493178369,2047.9465610807415
"branch nominal output, mn AZN",33,2026-2030 growth % pa,-18.639607710071736,-15.256532293665776,-8.043484628866286,5.6773052309031735,23.683933136771024,41.57217530726659,49.27817481903929,13.308371242024597
"branch real output, mn AZN 2015 prices",33,2026,222.46222749051503,276.7361334481541,389.0298770686712,484.8463858888432,583.3481026379003,688.7106262435602,1002.240806872515,490.6088078457245
"branch real output, mn AZN 2015 prices",33,2027,199.5068257156719,223.21497549541624,297.72992881964524,464.9796103759356,752.1263217274785,1082.0063986186235,1284.960424579268,534.8567015322066
"branch real output, mn AZN 2015 prices",33,2028,197.5090116054925,224.70401866910214,276.932600428132,445.3173782845648,884.2330214118412,1434.7193515967026,1738.368909040112,580.922837448612
"branch real output, mn AZN 2015 prices",33,2029,155.5852967786519,180.36378234052268,283.6149223982869,469.1880230700898,916.7344991542988,1831.193327755343,2157.9602412363975,632.0116708069985
"branch real output, mn AZN 2015 prices",33,2030,141.8217386189563,168.87358647744682,253.07890733429105,483.69705987766315,1137.5254445379605,2229.492196434246,2860.7480076997244,683.5434573026861
"branch real output, mn AZN 2015 prices",33,2026-2030 growth % pa,-20.373596193877482,-17.544153834549164,-10.595302598478495,1.7709486718428868,20.75378734821574,38.149605234872254,45.212853640265365,9.05921882448062
"branch share of industry, %",33,2026,0.8870970020370893,1.1054960705815071,1.52421844854723,1.8945378639028023,2.3374208959876985,2.8229757586610114,3.53611233172799,1.949938880176252
"branch share of industry, %",33,2027,0.7582198350930979,0.8932514478675537,1.1619933369732636,1.9047445918124817,3.071938967136898,4.190493542051113,5.333831774981994,2.178701453468694
"branch share of industry, %",33,2028,0.766110217395642,0.885667917559922,1.1478475734636975,1.7678849620718422,3.590767345762243,5.50028935622437,6.384343622773909,2.392712836469778
"branch share of industry, %",33,2029,0.6181405890917393,0.7034776820344908,1.0841906787614257,1.8066534812019657,3.3470768677548084,6.6738594507970666,8.325831137861865,2.5074157791697775
"branch share of industry, %",33,2030,0.5349669084342394,0.6232328620598693,0.9283033680900681,1.7657064837652903,4.051546523191918,8.64966841474532,10.506821117405531,2.644736017629605
"labour productivity, thsd AZN 2015 prices per employee",33,2026,21.84604334685788,27.343646845541194,38.042431266262675,47.603116540077764,57.51569841834902,67.75959177784151,96.97611876483687,48.18399449088204
"labour productivity, thsd AZN 2015 prices per employee",33,2027,19.387141936068154,21.718319970681975,29.209353643885485,45.41108880002686,73.4965332547528,104.20456583743277,126.6780829419273,52.169530025711545
"labour productivity, thsd AZN 2015 prices per employee",33,2028,19.05043127810612,21.923711544946606,26.948681880915856,43.36861018085358,86.1801905172076,138.61130098766114,167.9794024406524,56.2289579705103
"labour productivity, thsd AZN 2015 prices per employee",33,2029,14.992223177141302,17.173982850815623,27.28860088963041,44.932596100391294,88.50149464585652,179.6368555002731,207.0573553136019,60.85978487243016
"labour productivity, thsd AZN 2015 prices per employee",33,2030,13.196418729910294,16.230146131249676,24.37063401327452,46.338843260404644,105.9436593209681,211.40622530038442,280.20674025907596,65.35637848558308
"labour productivity, thsd AZN 2015 prices per employee",33,2026-2030 growth % pa,-21.38422509362111,-18.06261163250931,-11.122494168321689,1.0664804952333684,19.24316333258066,36.91216633269517,44.8485661453291,8.262011224321043
"branch nominal output, mn AZN",35,2026,2559.2440614009142,2785.652792995824,3259.485000569909,3613.4062650719598,4109.873498990909,4665.380259211629,4950.6475117086375,3615.0250664373407
"branch nominal output, mn AZN",35,2027,2033.4993105705285,2373.7849302351347,3184.936227701684,4080.9449232949173,5275.211102421956,6800.328872449952,8035.374005902289,4091.8572688991567
"branch nominal output, mn AZN",35,2028,1773.2803678137923,2257.0983641774305,3365.055530586966,4533.703741771988,6524.612652102051,9734.958778257223,12161.508798866424,4536.951513844389
"branch nominal output, mn AZN",35,2029,1734.2363756712807,2337.089354227232,3341.8450156019217,4986.183418435086,7573.113103528859,11588.807004136019,16911.658680910863,5005.961995693634
"branch nominal output, mn AZN",35,2030,1738.5713411729985,2429.59579191519,3567.836033564253,5486.27528384313,8575.826620941534,13543.110110794081,21964.565515198217,5479.047041118701
"branch nominal output, mn AZN",35,2026-2030 growth % pa,-13.60899439326765,-7.6292483183039295,-0.2501852312339736,8.714186669099512,18.873762564290853,30.248913100981063,43.474761086037645,8.685653689528872
"branch real output, mn AZN 2015 prices",35,2026,2071.552735832663,2077.7418008838094,2118.447259711911,2190.527900170416,2270.0732364759097,2311.1847923888163,2318.65147525021,2190.5279001704166
"branch real output, mn AZN 2015 prices",35,2027,2064.6022394672573,2106.3569403156794,2247.776956204038,2322.8469401667526,2399.3722554217256,2557.6348788945547,2619.576637862945,2322.8469401667517
"branch real output, mn AZN 2015 prices",35,2028,2130.471907524567,2162.5852268008075,2368.377197261153,2427.2555510152442,2479.8356807939995,2725.414227778654,2765.2152554600025,2427.2555510152442
"branch real output, mn AZN 2015 prices",35,2029,2171.348179616927,2336.486023783422,2409.080812444847,2518.4628974484917,2641.022417929612,2720.899622693661,2953.840751250955,2518.4628974484917
"branch real output, mn AZN 2015 prices",35,2030,2295.648795378156,2414.2143556921387,2471.223040217902,2603.158452675576,2746.713772183808,2813.4573520478607,2988.930671459829,2603.1584526755764
"branch real output, mn AZN 2015 prices",35,2026-2030 growth % pa,0.34966267724218003,1.365483650810122,1.839749113569139,2.9046545936579182,4.015392531002221,4.516052521858942,5.788406288811634,2.9046625180640717
"branch share of industry, %",35,2026,3.954748141548627,4.327665206856839,4.955884407876368,5.611311614770262,6.456566465603214,7.249507197020426,7.783251739569376,5.634458603872729
"branch share of industry, %",35,2027,3.040310878680689,3.661519820434584,5.133705123022122,6.285842906109695,7.889069446467483,9.636718584984521,11.129471026287474,6.268789343124957
"branch share of industry, %",35,2028,2.799444966049825,3.61546647309352,5.164367910206488,6.914405496402423,8.789208682114111,11.639369523551366,14.68527977432547,6.753993021396772
"branch share of industry, %",35,2029,2.720942492328014,3.3867928488525343,4.989447697931912,6.9528437537334336,9.46680318772695,13.641352747757065,17.067080102416327,6.893064808705665
"branch share of industry, %",35,2030,2.379989043829941,3.2438905161394005,4.993150554074003,7.296438622270699,10.268351085662594,14.589894008649116,18.98431846712804,7.075689047416624
"labour productivity, thsd AZN 2015 prices per employee",35,2026,69.09321419284602,69.33262146444841,70.44646740022816,73.2222461579779,76.13625124840488,77.36285205522223,77.61399126365036,73.19500098370764
"labour productivity, thsd AZN 2015 prices per employee",35,2027,68.2723938011524,69.06922266428447,73.47732325195025,77.03801313481786,80.72147676775889,85.69605899568872,86.79513966912533,77.00360169810105
"labour productivity, thsd AZN 2015 prices per employee",35,2028,69.54239693101529,70.66345650276872,75.62383000435157,79.80626910672612,84.37225989790015,89.9811017121384,91.58266021507416,79.86998051083879
"labour productivity, thsd AZN 2015 prices per employee",35,2029,71.47449129258844,75.14747118647392,78.53421918575614,82.81652150850144,87.47755702653222,91.29509015789957,96.08813322363193,82.68845201942403
"labour productivity, thsd AZN 2015 prices per employee",35,2030,75.24849344866904,77.11503646565734,80.18801840290877,85.12931149726529,90.47771695944586,94.11624040878326,96.30528056196997,85.04260565797435
"labour productivity, thsd AZN 2015 prices per employee",35,2026-2030 growth % pa,-0.09875326423721485,0.3920222593097081,1.1796796217987349,2.3969906458106816,3.6524883752560022,4.473060697394636,4.954552915585435,2.376132162534672
"branch nominal output, mn AZN",36,2026,587.2973778591776,606.5262145073592,639.6874764364898,679.1402204584876,721.8193673979681,751.6500229911758,777.6197476253622,679.8889195204864
"branch nominal output, mn AZN",36,2027,595.175002461604,628.8741317464178,692.5163128039297,759.0344155218065,838.318430237293,923.9286924508588,993.3325556335305,759.2913931620776
"branch nominal output, mn AZN",36,2028,581.3452986465177,612.989531680685,725.1533449739514,831.9035717489128,976.9178285446799,1144.7150180393821,1277.9845633756804,835.556393149549
"branch nominal output, mn AZN",36,2029,575.6078488059412,645.5384578716054,775.7512305302332,926.3525793350848,1117.5443575890556,1318.989551767407,1515.2715682651212,917.6333112253827
"branch nominal output, mn AZN",36,2030,607.1084263747983,672.9179884886005,794.1148186895504,997.1823421758118,1277.1110762770634,1492.4844136843756,1650.0645370764876,1001.1890567065282
"branch nominal output, mn AZN",36,2026-2030 growth % pa,-1.7962399743321071,0.2460444412724998,3.621888951553276,8.450034947206309,13.951644818177877,17.559207594001435,19.942876787398276,8.537067398166819
"branch real output, mn AZN 2015 prices",36,2026,349.0896583556359,354.52828123078564,364.61395692711193,377.7199580768837,388.0114110528482,399.2916802862858,407.00593853626947,377.7199580768838
"branch real output, mn AZN 2015 prices",36,2027,369.1392416661058,376.049534469613,389.75180257746655,405.0408918973579,420.9582146873968,437.2496165790044,444.76454274823715,405.04089189735794
"branch real output, mn AZN 2015 prices",36,2028,349.1285176585507,384.7233743150759,409.81040575906854,428.71621489195724,450.58592573504757,483.8383349137483,523.3718134302138,428.7162148919571
"branch real output, mn AZN 2015 prices",36,2029,374.2731865590687,391.9320389777785,423.67318260187744,452.5767180429633,482.288771470323,521.838888343911,544.1685207307595,452.5767180429632
"branch real output, mn AZN 2015 prices",36,2030,389.2643837221607,398.0024544261338,426.5308945410941,475.2268329449371,522.4676350866048,563.6913336617174,587.0536348082074,475.226832944937
"branch real output, mn AZN 2015 prices",36,2026-2030 growth % pa,0.4453326003170577,0.8922843907238546,2.298889687354333,4.534829932161077,6.535096941380414,8.165583676021518,9.047667734167224,4.534830251741306
"branch share of industry, %",36,2026,0.9005484469179922,0.9266079051226169,0.982727239802184,1.0516434033058397,1.1289515627931965,1.197605069010782,1.2339652800204621,1.0596900164914353
"branch share of industry, %",36,2027,0.8640204880595788,0.9341794444764655,1.0451816171852333,1.1627081901051657,1.2957642910986067,1.426559435192356,1.4946807816464265,1.1632462915944979
"branch share of industry, %",36,2028,0.8541033585722457,0.9138744291315539,1.0616855544697559,1.2129716315772463,1.3964330239012361,1.5695712559052846,1.6750473475472127,1.2438621023599217
"branch share of industry, %",36,2029,0.8547033498482781,0.9056523727246926,1.0703612733927363,1.256638684119077,1.4648893006445722,1.677227584853551,1.8837686267473157,1.2635545156645351
"branch share of industry, %",36,2030,0.7822850004121649,0.8743712001898947,1.0529920523488259,1.2678598993649097,1.5395551147731141,1.8193343260777999,2.0506319380719895,1.2929442638049233
"labour productivity, thsd AZN 2015 prices per employee",36,2026,7.221010252422269,7.283710028329865,7.427881022521726,7.748640841195363,8.002302785130997,8.143817135684543,8.210999103807856,7.73470197613495
"labour productivity, thsd AZN 2015 prices per employee",36,2027,7.550304904631548,7.646545305415958,7.884479829909745,8.227162841579464,8.576010010060042,8.872241075215038,8.981470846604388,8.221356462132087
"labour productivity, thsd AZN 2015 prices per employee",36,2028,7.246422895713549,7.664696853236254,8.251700669505588,8.638241048508405,9.03527183761798,9.659234120055583,10.250674142370357,8.628786548626884
"labour productivity, thsd AZN 2015 prices per employee",36,2029,7.696247716759621,7.915845340609856,8.531592445255281,9.100449910808141,9.633327920582026,10.28219277880919,10.707528048928424,9.076528516349741
"labour productivity, thsd AZN 2015 prices per employee",36,2030,8.026597919468774,8.149886866649181,8.533134203506503,9.408992565755176,10.341556024231165,10.969884768579385,11.282095673312924,9.471433021918427
"labour productivity, thsd AZN 2015 prices per employee",36,2026-2030 growth % pa,0.48638751183824436,0.7932034024882406,1.7238168579716662,3.7312364315940982,5.710495831525753,6.964913712119183,7.566957893764958,3.868550406759086
"branch share of manufacturing, %",10,2026,18.310493128603245,19.24308816914881,20.637298661039207,22.19097162242791,24.112509572345978,25.78120298276321,27.497760818521815,23.96355414067427
"branch share of manufacturing, %",10,2027,14.94072953591726,15.80222507634378,19.963555212036436,21.584355036349603,23.309728769522145,27.868548744667127,30.946468195891804,24.64153210169814
"branch share of manufacturing, %",10,2028,12.582091128110733,15.052305836838922,18.759576700150905,20.96004789411193,23.543340935887926,31.205744004065387,35.17385902670508,25.224837601046968
"branch share of manufacturing, %",10,2029,12.627277084047524,13.524795841259916,17.942857590105547,20.57686668513786,25.716167248132336,33.42496247443186,36.77223376431643,25.754377444196606
"branch share of manufacturing, %",10,2030,13.314130588488068,14.267442677337897,16.480763838210123,19.869146877062434,29.247542525652026,35.07769513574176,37.38307851872392,26.191136881596748
"GOS-proxy margin, % of output",10,2026,20.90557646495296,20.90557646495296,20.90557646495296,20.90557646495296,20.905576464952965,20.905576464952965,20.905576464952965,20.90557646495296
"GOS-proxy margin, % of output",10,2027,20.90557646495296,20.90557646495296,20.90557646495296,20.90557646495296,20.905576464952965,20.905576464952965,20.905576464952965,20.90557646495296
"GOS-proxy margin, % of output",10,2028,20.90557646495296,20.90557646495296,20.90557646495296,20.90557646495296,20.905576464952965,20.905576464952965,20.905576464952965,20.905576464952965
"GOS-proxy margin, % of output",10,2029,20.90557646495296,20.90557646495296,20.90557646495296,20.90557646495296,20.905576464952965,20.905576464952965,20.905576464952965,20.905576464952965
"GOS-proxy margin, % of output",10,2030,20.90557646495296,20.90557646495296,20.90557646495296,20.90557646495296,20.905576464952965,20.905576464952965,20.905576464952965,20.90557646495296
"branch share of manufacturing, %",11,2026,3.1948258621878534,3.4199875291009736,3.7658882354390024,4.139485954317034,4.74517065969269,5.111466045020277,5.272807005758729,4.404736343401697
"branch share of manufacturing, %",11,2027,2.473156664171915,3.1052910006673233,3.505728754721586,4.1851507478927665,4.765085572369013,5.306462136189454,6.018613977165879,4.529355343881199
"branch share of manufacturing, %",11,2028,2.2148946709604003,2.559257297547868,3.4126720629480465,4.178659033562139,5.133461385527043,5.646939367927333,5.896188328941101,4.636572617128944
"branch share of manufacturing, %",11,2029,2.2462888588683882,2.382933347439485,3.1143317133882116,4.1750402007658485,5.006358009606778,5.77014532457314,6.6317242456264935,4.733907235304027
"branch share of manufacturing, %",11,2030,2.019387892198394,2.1941003141172124,3.036701693325755,4.272566354781627,5.1485116509328455,5.698515524869948,6.4511352761022875,4.814187904688321
"GOS-proxy margin, % of output",11,2026,26.47516348200166,26.47516348200166,26.47516348200166,26.47516348200166,26.47516348200166,26.475163482001662,26.475163482001662,26.475163482001662
"GOS-proxy margin, % of output",11,2027,26.47516348200166,26.47516348200166,26.47516348200166,26.47516348200166,26.475163482001662,26.475163482001662,26.475163482001662,26.47516348200166
"GOS-proxy margin, % of output",11,2028,26.47516348200166,26.47516348200166,26.47516348200166,26.47516348200166,26.475163482001662,26.475163482001662,26.475163482001662,26.47516348200166
"GOS-proxy margin, % of output",11,2029,26.47516348200166,26.47516348200166,26.47516348200166,26.47516348200166,26.475163482001662,26.475163482001662,26.475163482001662,26.47516348200166
"GOS-proxy margin, % of output",11,2030,26.47516348200166,26.47516348200166,26.47516348200166,26.47516348200166,26.475163482001662,26.475163482001662,26.475163482001662,26.47516348200166
"branch share of manufacturing, %",12,2026,3.1377895278600216,3.348160120413814,3.8456110789250904,4.354597775326518,5.8820005564825,6.941029614556562,15.213097450036566,5.378471921814379
"branch share of manufacturing, %",12,2027,2.18234487111112,2.516287606750193,2.987224356774936,4.508095852216522,5.401419839811635,17.56261140715955,20.85988750420425,5.546977083433457
"branch share of manufacturing, %",12,2028,1.728503845321923,1.9184233436916212,2.6069350956660102,4.110177297988901,6.392264700151648,21.778629412328964,25.052153136128478,5.694551720854014
"branch share of manufacturing, %",12,2029,1.6966075908455132,1.8883549064538345,2.136793474320769,3.4754113572660454,13.226353380190456,21.33833843041371,24.527778544324114,5.829525969120352
"branch share of manufacturing, %",12,2030,1.3549290815554353,1.5326421471470686,1.765714837821514,3.2747579202255177,18.228899638396157,22.442903081582777,23.973638524193756,5.944761419622938
"GOS-proxy margin, % of output",12,2026,40.62661428932026,40.62661428932026,40.62661428932026,40.626614289320266,40.626614289320266,40.626614289320266,40.626614289320266,40.626614289320266
"GOS-proxy margin, % of output",12,2027,40.62661428932026,40.62661428932026,40.62661428932026,40.62661428932026,40.626614289320266,40.626614289320266,40.626614289320266,40.626614289320266
"GOS-proxy margin, % of output",12,2028,40.62661428932026,40.62661428932026,40.62661428932026,40.62661428932026,40.626614289320266,40.626614289320266,40.626614289320266,40.62661428932026
"GOS-proxy margin, % of output",12,2029,40.62661428932026,40.62661428932026,40.62661428932026,40.62661428932026,40.626614289320266,40.626614289320266,40.626614289320266,40.62661428932026
"GOS-proxy margin, % of output",12,2030,40.62661428932026,40.62661428932026,40.62661428932026,40.62661428932026,40.626614289320266,40.626614289320266,40.626614289320266,40.626614289320266
"branch share of manufacturing, %",13,2026,1.0775635468255458,1.126247513352253,1.4067657176403277,1.8671811724098784,2.634672260962334,3.092881059494557,4.301927230950202,1.986408512622823
"branch share of manufacturing, %",13,2027,0.7391382847377241,1.0618085378407187,1.289972820848231,1.6834232692632258,2.3714155663969496,3.8014051180027644,6.274381856692461,2.0486418183510615
"branch share of manufacturing, %",13,2028,0.5638041955180646,0.9559562872069546,1.2746302585624694,1.6568935987357973,2.121103550611291,4.206075078913686,7.425065910952415,2.103144941223279
"branch share of manufacturing, %",13,2029,0.5508086498801925,0.7787208153442179,1.2847308647891613,1.5889166519334585,2.3770080930740685,5.223457811563041,7.018679368548874,2.152994415133086
"branch share of manufacturing, %",13,2030,0.8009516828795137,0.89471338264709,1.1553342020023165,1.5200367687666505,2.679934525167676,4.8411818686812875,5.465937064182907,2.1955538415206926
"GOS-proxy margin, % of output",13,2026,22.459085641601046,22.45908564160105,22.45908564160105,22.45908564160105,22.45908564160105,22.45908564160105,22.45908564160105,22.45908564160105
"GOS-proxy margin, % of output",13,2027,22.459085641601046,22.45908564160105,22.45908564160105,22.45908564160105,22.45908564160105,22.45908564160105,22.45908564160105,22.45908564160105
"GOS-proxy margin, % of output",13,2028,22.459085641601046,22.45908564160105,22.45908564160105,22.45908564160105,22.45908564160105,22.45908564160105,22.45908564160105,22.45908564160105
"GOS-proxy margin, % of output",13,2029,22.459085641601046,22.45908564160105,22.45908564160105,22.45908564160105,22.45908564160105,22.45908564160105,22.45908564160105,22.45908564160105
"GOS-proxy margin, % of output",13,2030,22.459085641601046,22.45908564160105,22.45908564160105,22.45908564160105,22.45908564160105,22.45908564160105,22.45908564160105,22.45908564160105
"branch share of manufacturing, %",14,2026,0.6344528054792029,0.7156945364122382,0.793038702926735,0.8959599165363868,0.9779902403828578,1.078340347173709,1.643079590030205,0.9534760860589554
"branch share of manufacturing, %",14,2027,0.5790426395637996,0.6206211044505423,0.7302151854398804,0.8815805743339262,1.03884125567509,1.2130606270717859,1.342865305554234,0.9833480728085098
"branch share of manufacturing, %",14,2028,0.5152376439912292,0.5588934803133586,0.6795538596593987,0.8785369710273717,1.0713825228614993,1.2998455634491433,1.3849506120594746,1.0095095717871743
"branch share of manufacturing, %",14,2029,0.5082345493478323,0.5804438565935214,0.6627823223740799,0.8375761573947856,1.1325855572310388,1.3022771501325925,1.4008042541676082,1.033437319263882
"branch share of manufacturing, %",14,2030,0.5001485631402265,0.538097718214197,0.6031141182118256,0.8128863721712779,1.1998228026073767,1.3800210757485165,1.4389038163527383,1.0538658439299327
"GOS-proxy margin, % of output",14,2026,7.644134363312068,7.644134363312068,7.644134363312069,7.644134363312069,7.64413436331207,7.64413436331207,7.644134363312071,7.644134363312071
"GOS-proxy margin, % of output",14,2027,7.644134363312068,7.644134363312068,7.644134363312069,7.644134363312069,7.64413436331207,7.64413436331207,7.64413436331207,7.644134363312069
"GOS-proxy margin, % of output",14,2028,7.644134363312068,7.644134363312069,7.644134363312069,7.644134363312069,7.64413436331207,7.64413436331207,7.644134363312071,7.644134363312069
"GOS-proxy margin, % of output",14,2029,7.644134363312068,7.644134363312068,7.644134363312069,7.644134363312069,7.64413436331207,7.64413436331207,7.644134363312071,7.64413436331207
"GOS-proxy margin, % of output",14,2030,7.644134363312068,7.644134363312068,7.644134363312069,7.644134363312069,7.64413436331207,7.64413436331207,7.644134363312071,7.64413436331207
"branch share of manufacturing, %",15,2026,0.0971664253682024,0.10193768400534149,0.11294718291909832,0.16051481488121933,0.21167559310201403,0.243934892260412,0.32535473086612765,0.16998841332263184
"branch share of manufacturing, %",15,2027,0.06360170786786612,0.07791244255603634,0.11158609907868475,0.1558630093213825,0.23458992935217443,0.3361727570812227,0.4923912979652426,0.1753140756067696
"branch share of manufacturing, %",15,2028,0.04463993047217814,0.05522903819839721,0.11200191678941944,0.1578038770730506,0.22857351994399738,0.44218977058669495,0.48184508252018454,0.17997822163680427
"branch share of manufacturing, %",15,2029,0.040776538473200424,0.05692427312271817,0.09271169470358627,0.16659189450329032,0.22297140319277614,0.4981801665385196,0.6061260916771228,0.18424412813138896
"branch share of manufacturing, %",15,2030,0.05594160189918155,0.06056176379844673,0.08757884934161088,0.14073662986104624,0.25258838044644555,0.47148124207630865,0.7049597675351292,0.187886183286498
"GOS-proxy margin, % of output",15,2026,11.97842493767558,11.97842493767558,11.97842493767558,11.978424937675582,11.978424937675582,11.978424937675582,11.978424937675584,11.97842493767558
"GOS-proxy margin, % of output",15,2027,11.97842493767558,11.97842493767558,11.97842493767558,11.978424937675582,11.978424937675582,11.978424937675582,11.978424937675584,11.978424937675582
"GOS-proxy margin, % of output",15,2028,11.97842493767558,11.97842493767558,11.97842493767558,11.978424937675582,11.978424937675582,11.978424937675584,11.978424937675584,11.978424937675582
"GOS-proxy margin, % of output",15,2029,11.97842493767558,11.97842493767558,11.97842493767558,11.978424937675582,11.978424937675582,11.978424937675582,11.978424937675584,11.97842493767558
"GOS-proxy margin, % of output",15,2030,11.97842493767558,11.97842493767558,11.97842493767558,11.978424937675582,11.978424937675582,11.978424937675582,11.978424937675584,11.97842493767558
"branch share of manufacturing, %",16,2026,0.11560433538646689,0.12051619648782916,0.13204578601339173,0.15751872341180062,0.1888631617590316,0.2296285357751269,0.7361675133894829,0.18106414563543796
"branch share of manufacturing, %",16,2027,0.10480661053048708,0.11041448901883961,0.12299626575629526,0.14152304023389986,0.17714513634595805,0.4977666826792363,0.5347403655755439,0.18673680574545437
"branch share of manufacturing, %",16,2028,0.07091872566173597,0.08803560228680675,0.11616171545163585,0.13913986461067565,0.20554468808692447,0.4727564727607533,0.59940520078963,0.1917048479757462
"branch share of manufacturing, %",16,2029,0.055330782669767854,0.07658478343175436,0.10839542091813785,0.1416643975694225,0.19470321931836782,0.43623614472295297,0.49301555990048745,0.1962487030521311
"branch share of manufacturing, %",16,2030,0.06016825092833462,0.06291583775484552,0.10032372167653031,0.11998226973234842,0.31992985941177676,0.49575177647787927,0.5646996101492628,0.2001280592513407
"GOS-proxy margin, % of output",16,2026,19.271555322771718,19.271555322771718,19.271555322771718,19.271555322771718,19.27155532277172,19.27155532277172,19.27155532277172,19.271555322771718
"GOS-proxy margin, % of output",16,2027,19.271555322771718,19.271555322771718,19.271555322771718,19.271555322771718,19.27155532277172,19.27155532277172,19.27155532277172,19.27155532277172
"GOS-proxy margin, % of output",16,2028,19.271555322771718,19.271555322771718,19.271555322771718,19.271555322771718,19.27155532277172,19.27155532277172,19.27155532277172,19.27155532277172
"GOS-proxy margin, % of output",16,2029,19.271555322771718,19.271555322771718,19.271555322771718,19.271555322771718,19.27155532277172,19.27155532277172,19.27155532277172,19.271555322771718
"GOS-proxy margin, % of output",16,2030,19.271555322771718,19.271555322771718,19.271555322771718,19.271555322771718,19.27155532277172,19.27155532277172,19.27155532277172,19.271555322771718
"branch share of manufacturing, %",17,2026,0.6373203431683756,0.9243504859900069,1.0335690669554252,1.2018501857879853,1.5197546192456346,1.8822840958420426,2.243231235194142,1.307899520068749
"branch share of manufacturing, %",17,2027,0.6991410899351114,0.847400641937665,0.9722332957305507,1.1060485252259882,1.58119976962182,1.8423855287845157,1.909804153958174,1.3488754372464207
"branch share of manufacturing, %",17,2028,0.5665720125247287,0.7414862168291808,0.9257284793634389,1.1188074834989412,1.6021748107730442,2.154318739899247,2.324125030568849,1.3847616146333162
"branch share of manufacturing, %",17,2029,0.5282176057634392,0.6592965146064151,0.8627553116297846,1.2011537574914573,1.4932489883270983,2.5174082751379716,2.9678771468712757,1.4175837167276282
"branch share of manufacturing, %",17,2030,0.6244878250997985,0.6662980412423071,0.7628392940541733,1.1552613814801669,1.640188560795223,2.1588000914811762,2.834153028588926,1.4456058748048972
"GOS-proxy margin, % of output",17,2026,17.66694790386246,17.66694790386246,17.666947903862464,17.666947903862464,17.666947903862464,17.666947903862464,17.666947903862468,17.66694790386246
"GOS-proxy margin, % of output",17,2027,17.66694790386246,17.66694790386246,17.666947903862464,17.666947903862464,17.666947903862464,17.666947903862464,17.666947903862468,17.66694790386246
"GOS-proxy margin, % of output",17,2028,17.66694790386246,17.66694790386246,17.666947903862464,17.666947903862464,17.666947903862464,17.666947903862464,17.666947903862468,17.666947903862464
"GOS-proxy margin, % of output",17,2029,17.66694790386246,17.66694790386246,17.666947903862464,17.666947903862464,17.666947903862464,17.666947903862464,17.666947903862468,17.666947903862464
"GOS-proxy margin, % of output",17,2030,17.66694790386246,17.66694790386246,17.666947903862464,17.666947903862464,17.666947903862464,17.666947903862464,17.666947903862468,17.666947903862464
"branch share of manufacturing, %",18,2026,0.3790967451345547,0.4735836177040473,0.5986119292784158,0.7522260784363148,0.8271548640758286,0.9693452265405261,1.096894959576332,0.7425556185368225
"branch share of manufacturing, %",18,2027,0.3682791035710882,0.39123519368738974,0.5249423187087545,0.7062558981028448,0.9589811425343453,1.1326782202041512,1.1906047722858082,0.7658195597326876
"branch share of manufacturing, %",18,2028,0.3248507055870128,0.349078781512877,0.46914001249891557,0.744713844485053,1.0180712672221106,1.1696370517992065,1.2896778035849914,0.7861938180281931
"branch share of manufacturing, %",18,2029,0.31013915132701925,0.348940212042985,0.4759696697560439,0.6738742354972017,0.9477065035040795,1.238055656525264,1.420545152475151,0.8048284577297501
"branch share of manufacturing, %",18,2030,0.35353498451491994,0.4027426396636267,0.48225487909067966,0.7894394268438354,0.9348620553242576,1.0550391258888916,1.1312166160540986,0.8207379451211895
"GOS-proxy margin, % of output",18,2026,27.854087621694173,27.854087621694173,27.85408762169418,27.85408762169418,27.85408762169418,27.85408762169418,27.854087621694184,27.85408762169418
"GOS-proxy margin, % of output",18,2027,27.854087621694173,27.854087621694173,27.85408762169418,27.85408762169418,27.85408762169418,27.85408762169418,27.854087621694184,27.854087621694184
"GOS-proxy margin, % of output",18,2028,27.854087621694173,27.854087621694173,27.85408762169418,27.85408762169418,27.85408762169418,27.85408762169418,27.854087621694184,27.85408762169418
"GOS-proxy margin, % of output",18,2029,27.854087621694173,27.854087621694173,27.85408762169418,27.85408762169418,27.85408762169418,27.85408762169418,27.85408762169418,27.85408762169418
"GOS-proxy margin, % of output",18,2030,27.854087621694173,27.854087621694173,27.85408762169418,27.85408762169418,27.85408762169418,27.85408762169418,27.854087621694184,27.85408762169418
"branch share of manufacturing, %",19,2026,17.850469676517516,18.573616318928174,20.20177691141798,22.631598836202713,24.845775693396714,26.584913102589827,27.752903599792123,22.288989923058036
"branch share of manufacturing, %",19,2027,13.385763016285829,14.703019981963179,17.02115918859594,20.53823372365136,23.860803333218026,28.071807820145004,29.834254407833622,19.91148673948392
"branch share of manufacturing, %",19,2028,11.07666468859285,12.028873411582147,14.566534691987375,18.260069993292156,21.820822005418858,25.820830262651693,27.45799407219327,17.903787407989416
"branch share of manufacturing, %",19,2029,10.104985054267019,11.229736010343029,13.649336351529264,16.41709330157214,19.47045724659687,23.39809957247911,26.367891547570792,16.10165685248489
"branch share of manufacturing, %",19,2030,9.048425662195822,10.282929503764649,12.144768848936403,14.616131945689975,17.766498437450963,21.33742756288311,24.407485203409856,14.619529731096195
"GOS-proxy margin, % of output",19,2026,38.15960241470939,38.1596024147094,38.1596024147094,38.1596024147094,38.159602414709404,38.159602414709404,38.159602414709404,38.1596024147094
"GOS-proxy margin, % of output",19,2027,38.15960241470939,38.1596024147094,38.1596024147094,38.1596024147094,38.159602414709404,38.159602414709404,38.159602414709404,38.1596024147094
"GOS-proxy margin, % of output",19,2028,38.15960241470939,38.1596024147094,38.1596024147094,38.1596024147094,38.159602414709404,38.159602414709404,38.159602414709404,38.1596024147094
"GOS-proxy margin, % of output",19,2029,38.15960241470939,38.1596024147094,38.1596024147094,38.1596024147094,38.159602414709404,38.159602414709404,38.159602414709404,38.1596024147094
"GOS-proxy margin, % of output",19,2030,38.15960241470939,38.1596024147094,38.1596024147094,38.1596024147094,38.1596024147094,38.159602414709404,38.159602414709404,38.1596024147094
"branch share of manufacturing, %",20,2026,5.330526567250264,5.779703183949137,6.255823364892643,6.836609734210562,8.369996227044611,10.230777339562675,13.162461011434221,7.614806741843568
"branch share of manufacturing, %",20,2027,4.379122290231536,4.837862066513257,5.839570187803931,6.6938773870242745,8.028677037532303,12.089802265822591,13.390453503686103,7.853375290566145
"branch share of manufacturing, %",20,2028,3.8622871074831373,4.275014887497218,5.294478267880444,6.419148351764456,8.660852789281432,11.288729773801844,12.127602266043006,8.062310534682116
"branch share of manufacturing, %",20,2029,3.4090815959136878,3.666321955875407,5.290727598541887,6.7523223430795145,9.39529970816964,10.573989327396493,11.103167885012908,8.253406227030185
"branch share of manufacturing, %",20,2030,2.922403716186304,3.844591965658747,4.837179922374239,8.146576462483036,9.33227245514625,10.831572815600625,12.20868852432414,8.41655585356769
"GOS-proxy margin, % of output",20,2026,27.576687241536096,27.576687241536103,27.576687241536103,27.576687241536103,27.576687241536103,27.576687241536106,27.576687241536106,27.576687241536103
"GOS-proxy margin, % of output",20,2027,27.576687241536096,27.576687241536103,27.576687241536103,27.576687241536103,27.576687241536103,27.576687241536106,27.576687241536106,27.576687241536106
"GOS-proxy margin, % of output",20,2028,27.576687241536096,27.576687241536103,27.576687241536103,27.576687241536103,27.576687241536103,27.576687241536103,27.576687241536106,27.576687241536103
"GOS-proxy margin, % of output",20,2029,27.576687241536096,27.576687241536103,27.576687241536103,27.576687241536103,27.576687241536103,27.576687241536103,27.576687241536106,27.576687241536103
"GOS-proxy margin, % of output",20,2030,27.576687241536096,27.576687241536103,27.576687241536103,27.576687241536103,27.576687241536103,27.576687241536106,27.576687241536106,27.576687241536103
"branch share of manufacturing, %",21,2026,0.037070928145962675,0.06723563638503204,0.10898474026696542,0.14062395962389967,0.213112582604154,0.24752720234099213,0.2648203967359983,0.14398452006647863
"branch share of manufacturing, %",21,2027,0.035597477638967104,0.03946240733933278,0.09261217546306515,0.13971888590082276,0.19551688179827884,0.2551183916276534,0.4194031267570032,0.14849549180290125
"branch share of manufacturing, %",21,2028,0.01836904120060434,0.03149115120583546,0.07172512081958439,0.1571310103317668,0.26577765684298765,0.36890295381508603,0.4206230689419695,0.15244614240624502
"branch share of manufacturing, %",21,2029,0.02275758594163559,0.026145237222222506,0.06165310246589177,0.1514966497233101,0.3064100289579602,0.4284625357054332,0.507660547198974,0.15605947396964684
"branch share of manufacturing, %",21,2030,0.018715447390183184,0.02023191910184872,0.08206792973525441,0.11543701460320535,0.3407012688275365,0.4671923320914611,0.6180139032630378,0.15914438754295449
"GOS-proxy margin, % of output",21,2026,0.9643204589981293,0.9643204589981299,0.9643204589981308,0.964320458998132,0.9643204589981333,0.9643204589981342,0.9643204589981346,0.9643204589981346
"GOS-proxy margin, % of output",21,2027,0.9643204589981297,0.96432045899813,0.9643204589981309,0.964320458998132,0.9643204589981333,0.9643204589981342,0.9643204589981346,0.9643204589981306
"GOS-proxy margin, % of output",21,2028,0.9643204589981296,0.9643204589981299,0.9643204589981306,0.9643204589981318,0.9643204589981332,0.9643204589981342,0.9643204589981348,0.9643204589981308
"GOS-proxy margin, % of output",21,2029,0.9643204589981297,0.96432045899813,0.9643204589981309,0.9643204589981321,0.9643204589981333,0.9643204589981342,0.9643204589981346,0.9643204589981325
"GOS-proxy margin, % of output",21,2030,0.9643204589981293,0.9643204589981299,0.9643204589981308,0.964320458998132,0.9643204589981333,0.964320458998134,0.9643204589981345,0.9643204589981302
"branch share of manufacturing, %",22,2026,1.87847706137784,2.0409777044601527,2.431999150072939,3.0494349205186326,3.5687697951265753,4.759591742944047,4.977176748147252,3.157546816307359
"branch share of manufacturing, %",22,2027,1.7907937332616486,1.9098067145482913,2.2298778436685445,3.054078475085685,3.6573467054144553,4.5697433454727525,5.018308540260803,3.2564713704067683
"branch share of manufacturing, %",22,2028,1.593272722785853,1.8282780511991374,2.237639756398179,2.773961387975473,4.124485444085757,5.274318278821056,5.532432955251948,3.3431082132366177
"branch share of manufacturing, %",22,2029,1.4527785315784845,1.6657263941311726,2.1947647287178604,2.935101639598656,3.8131463692397762,4.599727534532369,5.136303748403278,3.422347728491552
"branch share of manufacturing, %",22,2030,1.5153199395112604,1.575564029835511,2.113665053127051,3.0755536182529126,3.7478764403532856,4.862704155088992,5.155909258340163,3.4899991609336203
"GOS-proxy margin, % of output",22,2026,14.870303374930058,14.870303374930058,14.870303374930058,14.870303374930058,14.87030337493006,14.87030337493006,14.87030337493006,14.870303374930058
"GOS-proxy margin, % of output",22,2027,14.870303374930058,14.870303374930058,14.870303374930058,14.870303374930058,14.87030337493006,14.87030337493006,14.87030337493006,14.870303374930058
"GOS-proxy margin, % of output",22,2028,14.870303374930058,14.870303374930058,14.870303374930058,14.870303374930058,14.87030337493006,14.87030337493006,14.87030337493006,14.870303374930058
"GOS-proxy margin, % of output",22,2029,14.870303374930058,14.870303374930058,14.870303374930058,14.870303374930058,14.87030337493006,14.87030337493006,14.87030337493006,14.87030337493006
"GOS-proxy margin, % of output",22,2030,14.870303374930058,14.870303374930058,14.870303374930058,14.870303374930058,14.87030337493006,14.87030337493006,14.87030337493006,14.87030337493006
"branch share of manufacturing, %",23,2026,3.646488550256075,5.309902101971693,5.902542131257433,6.772559511484948,7.854783492341492,8.357971598882067,8.596362504269042,6.94115622137531
"branch share of manufacturing, %",23,2027,3.554913818078663,3.7720809493450074,5.130433907611952,6.860298234891845,8.935094767538441,10.042751124066154,10.31623296021567,7.2022878819085605
"branch share of manufacturing, %",23,2028,3.735486339772832,4.089818072281565,4.809119433891666,6.751584029043347,7.564259517160699,11.671002477879085,12.326716776364933,7.3957164640786655
"branch share of manufacturing, %",23,2029,3.9521720351815057,4.305528412169232,4.89279718542706,5.944302654197076,7.490972810564514,13.647949118033296,14.302951944420505,7.559540849118818
"branch share of manufacturing, %",23,2030,2.9678019944312233,3.297056704206836,5.504670812865476,6.232261923378034,7.767288822141647,8.942369924632347,15.177922510340688,7.678654712241584
"GOS-proxy margin, % of output",23,2026,24.385430026913546,24.385430026913546,24.38543002691355,24.38543002691355,24.38543002691355,24.38543002691355,24.38543002691355,24.385430026913546
"GOS-proxy margin, % of output",23,2027,24.385430026913546,24.385430026913546,24.38543002691355,24.38543002691355,24.38543002691355,24.38543002691355,24.38543002691355,24.38543002691355
"GOS-proxy margin, % of output",23,2028,24.385430026913546,24.385430026913546,24.38543002691355,24.38543002691355,24.38543002691355,24.38543002691355,24.38543002691355,24.38543002691355
"GOS-proxy margin, % of output",23,2029,24.385430026913546,24.385430026913546,24.38543002691355,24.38543002691355,24.38543002691355,24.38543002691355,24.38543002691355,24.38543002691355
"GOS-proxy margin, % of output",23,2030,24.385430026913546,24.385430026913546,24.38543002691355,24.38543002691355,24.38543002691355,24.38543002691355,24.38543002691355,24.38543002691355
"branch share of manufacturing, %",24,2026,3.3945240197223367,3.5856789693096367,3.9041031209469126,6.022668767819397,6.786295094087093,8.113225280821764,8.485743224700292,5.4271088332749615
"branch share of manufacturing, %",24,2027,2.0063292136893693,2.319698975950125,3.2413093332698475,4.735769004809484,8.130983899048632,10.152091155398184,10.858356025375409,5.597137767955507
"branch share of manufacturing, %",24,2028,1.4251160553331974,1.891662702629421,2.929695555107134,5.115713176210077,7.665278177524836,10.297714202037058,11.697888931448965,5.746046906081542
"branch share of manufacturing, %",24,2029,1.6800662538228257,1.813878496902806,3.1273657041464396,5.1540529272902464,7.001967982862122,8.334117671157294,9.190108825926767,5.882241711163611
"branch share of manufacturing, %",24,2030,2.1509201486332636,2.3218587436170024,3.9926252032311798,5.20346163822367,6.389401510095247,7.087636426807005,7.326750998742704,5.998519222772899
"GOS-proxy margin, % of output",24,2026,24.168272387669873,24.168272387669873,24.168272387669877,24.168272387669877,24.16827238766988,24.16827238766988,24.16827238766988,24.16827238766988
"GOS-proxy margin, % of output",24,2027,24.168272387669873,24.168272387669873,24.168272387669877,24.168272387669877,24.16827238766988,24.16827238766988,24.16827238766988,24.16827238766988
"GOS-proxy margin, % of output",24,2028,24.168272387669873,24.168272387669873,24.168272387669877,24.168272387669877,24.16827238766988,24.16827238766988,24.16827238766988,24.16827238766988
"GOS-proxy margin, % of output",24,2029,24.168272387669873,24.168272387669873,24.168272387669877,24.168272387669877,24.16827238766988,24.16827238766988,24.16827238766988,24.16827238766988
"GOS-proxy margin, % of output",24,2030,24.168272387669873,24.168272387669873,24.168272387669877,24.168272387669877,24.16827238766988,24.16827238766988,24.16827238766988,24.16827238766988
"branch share of manufacturing, %",25,2026,2.224954430039392,2.2834372248693158,2.554679160066532,3.1607547134785463,3.8172674572437075,5.446141025107043,6.729621698503332,3.4860091370488377
"branch share of manufacturing, %",25,2027,1.895959387099257,2.0219860752496914,2.659197221659772,3.068313109358005,3.8620286253269196,6.04867871152241,7.441151915820618,3.6171554944508433
"branch share of manufacturing, %",25,2028,1.910399938210605,2.01106478851131,2.2666097330786648,3.1531353590145095,3.6918202740246944,5.962854090662376,6.6147992004442475,3.7142998005730563
"branch share of manufacturing, %",25,2029,1.5942641139932094,1.9965396565394156,2.4298250993601345,3.3472064304268327,3.8517260317723774,5.1009694909424965,6.552087736871585,3.7965761944341687
"branch share of manufacturing, %",25,2030,1.771158602644623,2.0139998603145464,2.4486439275114944,3.2994797556571758,4.170600518845685,5.531289720371946,5.71854722379372,3.85639793046086
"GOS-proxy margin, % of output",25,2026,16.813528867849143,16.813528867849143,16.813528867849147,16.813528867849147,16.813528867849147,16.813528867849147,16.81352886784915,16.813528867849147
"GOS-proxy margin, % of output",25,2027,16.813528867849143,16.813528867849143,16.813528867849147,16.813528867849147,16.813528867849147,16.813528867849147,16.81352886784915,16.813528867849147
"GOS-proxy margin, % of output",25,2028,16.813528867849143,16.813528867849143,16.813528867849147,16.813528867849147,16.813528867849147,16.813528867849147,16.813528867849147,16.813528867849147
"GOS-proxy margin, % of output",25,2029,16.813528867849143,16.813528867849143,16.813528867849147,16.813528867849147,16.813528867849147,16.813528867849147,16.81352886784915,16.813528867849143
"GOS-proxy margin, % of output",25,2030,16.813528867849143,16.813528867849143,16.813528867849147,16.813528867849147,16.813528867849147,16.813528867849147,16.81352886784915,16.813528867849147
"branch share of manufacturing, %",26,2026,0.14225750969344225,0.15103639610357308,0.248106068073306,0.3279609242006677,0.43117642902416575,0.4787751675415411,0.5155311816575915,0.3327535229629991
"branch share of manufacturing, %",26,2027,0.13123163344939007,0.1416854590334032,0.1983964080554911,0.2747625421251956,0.48489123821233704,0.6822399489911755,0.748236240792149,0.3431785446013537
"branch share of manufacturing, %",26,2028,0.09822256653303478,0.1321234586143705,0.18553098409360982,0.22087771187840424,0.6593629829832466,1.0016696978976065,1.076033939267168,0.3523086434873422
"branch share of manufacturing, %",26,2029,0.09028465430500583,0.09801578003812861,0.16594729235780253,0.20770977536338897,0.9018309878510645,1.3727621871115103,1.4481272289985974,0.36065918566229416
"branch share of manufacturing, %",26,2030,0.08533676137807115,0.09662669070629985,0.15897894506542168,0.2089105664840014,1.0061435947180777,1.8672992336990923,2.010743061817941,0.36778853442201176
"GOS-proxy margin, % of output",26,2026,21.14357140382554,21.14357140382554,21.143571403825543,21.143571403825543,21.143571403825547,21.143571403825547,21.143571403825547,21.143571403825543
"GOS-proxy margin, % of output",26,2027,21.14357140382554,21.14357140382554,21.143571403825543,21.143571403825543,21.143571403825547,21.143571403825547,21.143571403825547,21.143571403825543
"GOS-proxy margin, % of output",26,2028,21.14357140382554,21.14357140382554,21.143571403825543,21.143571403825543,21.143571403825547,21.143571403825547,21.143571403825547,21.143571403825543
"GOS-proxy margin, % of output",26,2029,21.14357140382554,21.14357140382554,21.143571403825543,21.143571403825543,21.143571403825543,21.143571403825547,21.143571403825547,21.143571403825543
"GOS-proxy margin, % of output",26,2030,21.14357140382554,21.14357140382554,21.143571403825543,21.143571403825543,21.143571403825547,21.143571403825547,21.143571403825547,21.143571403825543
"branch share of manufacturing, %",27,2026,0.8077618423279,0.8439812217471674,0.9843827750518265,1.224720971525038,1.500585128367334,2.048937128993573,2.21962798625231,1.3264162502961645
"branch share of manufacturing, %",27,2027,0.5009417032491608,0.5809359604994956,0.7772250261399304,1.2581598627895578,1.6254835627033266,2.3268466598164292,2.4883250925502725,1.3626099818604438
"branch share of manufacturing, %",27,2028,0.34872859311846227,0.4037937139637801,0.7032197602210591,1.4180245964676446,1.9495608056723663,2.3571754815122783,3.458203303211821,1.3929700397176783
"branch share of manufacturing, %",27,2029,0.286904791012725,0.3751565366715573,0.6996370234768559,1.255753600316412,1.7907586389866728,3.7876738479391685,4.167494623498095,1.4193021522820748
"branch share of manufacturing, %",27,2030,0.2899497543564144,0.5960123142428733,0.6495300445789167,0.9210726271182634,2.3910102689876496,3.996238043700119,4.991769418537907,1.4407392126155596
"GOS-proxy margin, % of output",27,2026,13.443053547271397,13.443053547271397,13.443053547271397,13.443053547271397,13.4430535472714,13.4430535472714,13.4430535472714,13.443053547271397
"GOS-proxy margin, % of output",27,2027,13.443053547271397,13.443053547271397,13.443053547271397,13.443053547271397,13.4430535472714,13.4430535472714,13.4430535472714,13.4430535472714
"GOS-proxy margin, % of output",27,2028,13.443053547271397,13.443053547271397,13.443053547271397,13.4430535472714,13.4430535472714,13.4430535472714,13.4430535472714,13.4430535472714
"GOS-proxy margin, % of output",27,2029,13.443053547271397,13.443053547271397,13.443053547271397,13.4430535472714,13.4430535472714,13.4430535472714,13.4430535472714,13.4430535472714
"GOS-proxy margin, % of output",27,2030,13.443053547271397,13.443053547271397,13.443053547271397,13.443053547271397,13.4430535472714,13.4430535472714,13.4430535472714,13.443053547271397
"branch share of manufacturing, %",28,2026,0.40947375595652125,0.42827962793930535,0.48170673904101674,0.6084206287862162,0.722361672043684,0.8102800371007066,0.9080735527283468,0.6267100675729524
"branch share of manufacturing, %",28,2027,0.2975141319237187,0.3278197088263428,0.4420198975766061,0.610443998102306,0.7234291138118673,0.9209014961143582,1.0010101084826986,0.6438110160491959
"branch share of manufacturing, %",28,2028,0.21870719011672798,0.30851131763221656,0.46426469775337664,0.6264204153813149,0.7886589244889084,0.8744361172300139,0.922408362213853,0.6581556487442325
"branch share of manufacturing, %",28,2029,0.2536089922254919,0.28076792305604537,0.35565565036752766,0.55208357005891,0.8169557730922546,0.9931872428238384,1.0289916772299383,0.6705971429138694
"branch share of manufacturing, %",28,2030,0.17989598968211568,0.2387451992715695,0.31539428785542156,0.5467521180294806,0.9900551071553452,1.362394892433163,1.456791937828169,0.6807258046572429
"GOS-proxy margin, % of output",28,2026,21.928349099702388,21.928349099702388,21.92834909970239,21.92834909970239,21.92834909970239,21.928349099702395,21.928349099702395,21.92834909970239
"GOS-proxy margin, % of output",28,2027,21.928349099702388,21.928349099702388,21.92834909970239,21.92834909970239,21.92834909970239,21.928349099702395,21.928349099702395,21.92834909970239
"GOS-proxy margin, % of output",28,2028,21.928349099702388,21.928349099702388,21.928349099702388,21.92834909970239,21.92834909970239,21.928349099702395,21.928349099702395,21.92834909970239
"GOS-proxy margin, % of output",28,2029,21.928349099702388,21.928349099702388,21.928349099702388,21.92834909970239,21.92834909970239,21.928349099702395,21.928349099702395,21.92834909970239
"GOS-proxy margin, % of output",28,2030,21.928349099702388,21.928349099702388,21.928349099702388,21.92834909970239,21.92834909970239,21.928349099702395,21.928349099702395,21.92834909970239
"branch share of manufacturing, %",29,2026,0.6452311618988774,0.6950194386165569,1.113579699196997,1.5039761133767073,1.9230672139651994,7.010860642218679,15.612976671758771,1.6289659380900026
"branch share of manufacturing, %",29,2027,0.03943966651833379,0.26638211964519687,0.7913705346851991,1.5518938464001846,3.022793649955811,16.397285459754393,17.57014992750176,1.6734152999531575
"branch share of manufacturing, %",29,2028,0.10781919261085621,0.19075624187147977,0.4964553819053095,1.123813811698425,2.3842363849599364,18.217731256573,20.004168579917344,1.7107003529045488
"branch share of manufacturing, %",29,2029,0.07032199421555008,0.18943446071289602,0.32952900551149433,0.6736877178656882,10.488795602272592,17.59673349191486,21.618074988257927,1.743038704033598
"branch share of manufacturing, %",29,2030,0.1504126331310141,0.20890331275597254,0.2684179466611073,0.6245198668528033,10.115275777782202,17.096835664513367,18.73268547134035,1.769365463139745
"GOS-proxy margin, % of output",29,2026,20.062462577310352,20.062462577310356,20.062462577310356,20.062462577310356,20.06246257731036,20.06246257731036,20.06246257731036,20.062462577310356
"GOS-proxy margin, % of output",29,2027,20.062462577310352,20.062462577310356,20.062462577310356,20.062462577310356,20.06246257731036,20.06246257731036,20.06246257731036,20.062462577310356
"GOS-proxy margin, % of output",29,2028,20.062462577310356,20.062462577310356,20.062462577310356,20.062462577310356,20.06246257731036,20.06246257731036,20.06246257731036,20.062462577310356
"GOS-proxy margin, % of output",29,2029,20.062462577310352,20.062462577310356,20.062462577310356,20.062462577310356,20.06246257731036,20.06246257731036,20.06246257731036,20.062462577310356
"GOS-proxy margin, % of output",29,2030,20.062462577310352,20.062462577310356,20.062462577310356,20.062462577310356,20.06246257731036,20.06246257731036,20.06246257731036,20.062462577310356
"branch share of manufacturing, %",30,2026,0.1030543464312352,0.11588351275402792,0.18097697059508852,0.19673550786351401,0.22056857882453385,0.25380674262034925,0.27012725276531113,0.20025907906354107
"branch share of manufacturing, %",30,2027,0.09130763891633645,0.10158056708786224,0.15300837781317514,0.18882824939444975,0.23802879226183837,0.3388048562894771,0.35869089606608223,0.20572352007089237
"branch share of manufacturing, %",30,2028,0.08720553946468101,0.09526545937967984,0.12082025920321829,0.18523091646593057,0.25263421944537023,0.3091349788527207,0.33146624484762843,0.21030720729988112
"branch share of manufacturing, %",30,2029,0.0571987513071529,0.10213346504334976,0.12146989375673486,0.182449259246806,0.2647266325232951,0.3284382153205751,0.6047375452238226,0.21428276520696052
"branch share of manufacturing, %",30,2030,0.06439981497371385,0.06808365222664918,0.1146894351685135,0.14602627948633784,0.21315835305878317,0.5782998408945642,1.3876257014592108,0.21751928010886606
"GOS-proxy margin, % of output",30,2026,-43.91519924500391,-43.91519924500391,-43.915199245003905,-43.915199245003905,-43.9151992450039,-43.9151992450039,-43.9151992450039,-43.9151992450039
"GOS-proxy margin, % of output",30,2027,-43.91519924500391,-43.91519924500391,-43.915199245003905,-43.915199245003905,-43.9151992450039,-43.9151992450039,-43.9151992450039,-43.915199245003905
"GOS-proxy margin, % of output",30,2028,-43.91519924500391,-43.91519924500391,-43.915199245003905,-43.915199245003905,-43.9151992450039,-43.9151992450039,-43.9151992450039,-43.9151992450039
"GOS-proxy margin, % of output",30,2029,-43.91519924500391,-43.91519924500391,-43.915199245003905,-43.915199245003905,-43.9151992450039,-43.9151992450039,-43.9151992450039,-43.91519924500391
"GOS-proxy margin, % of output",30,2030,-43.91519924500391,-43.91519924500391,-43.915199245003905,-43.915199245003905,-43.9151992450039,-43.9151992450039,-43.9151992450039,-43.91519924500391
"branch share of manufacturing, %",31,2026,1.1775815008097128,1.2929745028225001,1.592317452079515,1.8365478458199809,2.048946591612037,2.2619426171319037,2.626898908688457,1.890097796859292
"branch share of manufacturing, %",31,2027,0.9873596544378035,1.0771178145721316,1.3874405639244871,1.8218860842598006,2.2251703690724254,2.620855697265428,2.7789033310587348,1.949313730188585
"branch share of manufacturing, %",31,2028,0.8985270896984614,0.9734248982823244,1.180355798426057,1.9415623211512467,2.362568281641348,2.886165313572443,3.057746908270754,2.0011742774063928
"branch share of manufacturing, %",31,2029,0.7304044660655391,0.8131286712426029,1.1681762877156534,1.8423199242182875,2.5766084017854056,3.1877897134062225,3.396103398798376,2.0486068071266335
"branch share of manufacturing, %",31,2030,0.60676446360339,0.6977359640654901,1.447242071932408,1.889029571150843,2.5042030708297545,3.019430032269782,3.228776674774991,2.089102746174234
"GOS-proxy margin, % of output",31,2026,19.350988536746474,19.350988536746474,19.350988536746474,19.350988536746474,19.350988536746478,19.350988536746478,19.350988536746478,19.350988536746478
"GOS-proxy margin, % of output",31,2027,19.350988536746474,19.350988536746474,19.350988536746474,19.350988536746474,19.350988536746478,19.350988536746478,19.350988536746478,19.350988536746474
"GOS-proxy margin, % of output",31,2028,19.350988536746474,19.350988536746474,19.350988536746474,19.350988536746474,19.350988536746478,19.350988536746478,19.350988536746478,19.350988536746474
"GOS-proxy margin, % of output",31,2029,19.350988536746474,19.350988536746474,19.350988536746474,19.350988536746474,19.350988536746478,19.350988536746478,19.350988536746478,19.350988536746474
"GOS-proxy margin, % of output",31,2030,19.350988536746474,19.350988536746474,19.350988536746474,19.350988536746474,19.350988536746478,19.350988536746478,19.350988536746478,19.350988536746474
"branch share of manufacturing, %",32,2026,0.21614399210242125,0.3469257292753681,0.4272758908933772,0.532241034547606,0.6298700849223121,1.0189971479613502,2.007624373930574,0.5812351696329086
"branch share of manufacturing, %",32,2027,0.29730687199886063,0.32435116758445526,0.3764550422699328,0.4705519701399039,0.5959218709408303,1.445813492873711,3.3901613512924396,0.599445012060541
"branch share of manufacturing, %",32,2028,0.2413601800600157,0.2754146648468309,0.35567641852547105,0.47126031886053277,0.6742590657475288,1.342491200030592,2.3692934586951715,0.6153929561349086
"branch share of manufacturing, %",32,2029,0.1822707868939423,0.20338740909685407,0.3751144192773848,0.4414250499795735,0.6274095027239345,1.4855488537707688,2.08805687146287,0.6299792143189421
"branch share of manufacturing, %",32,2030,0.1635515338693972,0.24266738045016462,0.3509833047865514,0.4371559132035629,0.7482606290373952,1.3614117643818862,1.7031213840037147,0.6424323604158729
"GOS-proxy margin, % of output",32,2026,17.436232617189162,17.436232617189162,17.436232617189162,17.436232617189166,17.436232617189166,17.436232617189166,17.436232617189166,17.436232617189162
"GOS-proxy margin, % of output",32,2027,17.436232617189162,17.436232617189162,17.436232617189162,17.436232617189166,17.436232617189166,17.436232617189166,17.436232617189166,17.436232617189162
"GOS-proxy margin, % of output",32,2028,17.436232617189162,17.436232617189162,17.436232617189162,17.436232617189166,17.436232617189166,17.436232617189166,17.436232617189166,17.436232617189166
"GOS-proxy margin, % of output",32,2029,17.436232617189162,17.436232617189162,17.436232617189162,17.436232617189166,17.436232617189166,17.436232617189166,17.43623261718917,17.436232617189166
"GOS-proxy margin, % of output",32,2030,17.436232617189162,17.436232617189162,17.436232617189162,17.436232617189166,17.436232617189166,17.436232617189166,17.436232617189166,17.43623261718917
"branch share of manufacturing, %",33,2026,2.638979138840269,2.8124807748543224,4.300503997353765,5.129536570241893,6.219493584512788,7.161748369218048,11.562806955854352,5.265805280411815
"branch share of manufacturing, %",33,2027,2.144668342060814,2.2833125841533075,2.9705858622326415,4.510799163147821,7.724242083969931,11.324481000405955,12.992379239491408,5.409492560137493
"branch share of manufacturing, %",33,2028,2.117081561210149,2.2415215925135423,2.5557160827747434,4.07597013223175,9.386069380135753,12.377656895888192,17.180963387580714,5.530020450942918
"branch share of manufacturing, %",33,2029,1.517195968375043,1.5833114533321564,2.6424725646829557,3.91562431607979,7.822410513752454,16.269548044701487,20.57240390406134,5.63455760310389
"branch share of manufacturing, %",33,2030,1.296092298158046,1.3421597638764564,1.9725093493286088,3.9410059992717805,10.48572573298394,20.093377941361023,24.313369526315647,5.719661646028096
"GOS-proxy margin, % of output",33,2026,17.386650308673314,17.386650308673314,17.386650308673314,17.386650308673318,17.386650308673318,17.386650308673318,17.38665030867332,17.386650308673314
"GOS-proxy margin, % of output",33,2027,17.386650308673314,17.386650308673314,17.386650308673314,17.386650308673318,17.386650308673318,17.386650308673318,17.38665030867332,17.386650308673314
"GOS-proxy margin, % of output",33,2028,17.386650308673314,17.386650308673314,17.386650308673314,17.386650308673318,17.386650308673318,17.386650308673318,17.38665030867332,17.386650308673318
"GOS-proxy margin, % of output",33,2029,17.386650308673314,17.386650308673314,17.386650308673314,17.386650308673318,17.386650308673318,17.386650308673318,17.38665030867332,17.386650308673314
"GOS-proxy margin, % of output",33,2030,17.386650308673314,17.386650308673314,17.386650308673314,17.386650308673318,17.386650308673318,17.386650308673318,17.38665030867332,17.386650308673318
"section output, mn AZN",Mining,2026,27399.50942918408,28714.20796412719,31979.015502362654,36093.57147593435,40312.74393603068,45586.625504412055,46905.57469233365,36106.014761177335
"section output, mn AZN",Mining,2027,22005.94264717393,23478.59590447462,28298.316877433095,33991.08660651038,39192.22143419499,50615.485828581055,55843.264622978175,34133.098447516524
"section output, mn AZN",Mining,2028,21098.609769092738,22981.070652389415,26263.02396419825,32649.071229427045,43260.49976779902,47835.48630495959,51196.97870032413,32737.048760438083
"section output, mn AZN",Mining,2029,20829.474916147137,23129.71703937998,27240.558918201867,34265.372151226264,42448.380337112176,50737.732155803984,57485.05731673065,34381.77739327494
"section output, mn AZN",Mining,2030,19430.589677796735,21331.61455171915,26535.45251685494,35274.98339139235,46312.139693878955,54713.67791615176,60162.718690110996,35149.20384067504
"section output, mn AZN",Mining,2026-2030 growth % pa,-12.09674050666485,-10.440338247168844,-6.443701587651063,-0.9622210302273837,4.579547725724209,8.125211417494473,10.19788269999253,-1.0328899524560953
"section GOS, % of value added",Mining,2026,94.38854395171077,94.38854395171077,94.38854395171077,94.38854395171077,94.38854395171077,94.38854395171079,94.38854395171079,94.38854395171077
"section GOS, % of value added",Mining,2027,94.38854395171077,94.38854395171077,94.38854395171077,94.38854395171077,94.38854395171077,94.38854395171079,94.38854395171079,94.38854395171077
"section GOS, % of value added",Mining,2028,94.38854395171077,94.38854395171077,94.38854395171077,94.38854395171077,94.38854395171077,94.38854395171079,94.38854395171079,94.38854395171077
"section GOS, % of value added",Mining,2029,94.38854395171077,94.38854395171077,94.38854395171077,94.38854395171077,94.38854395171077,94.38854395171079,94.38854395171079,94.38854395171077
"section GOS, % of value added",Mining,2030,94.38854395171077,94.38854395171077,94.38854395171077,94.38854395171077,94.38854395171077,94.38854395171079,94.38854395171079,94.38854395171079
"section output, mn AZN",Manufacturing,2026,19862.394866558112,20623.939711998366,21953.116398609804,23506.82555600041,25553.56123264527,27424.324134833423,28713.42609685824,23758.297907802524
"section output, mn AZN",Manufacturing,2027,19137.789265433734,20568.939571978844,22542.92319553034,25670.906696084974,29711.059285693216,32910.778211241704,34495.38312058958,26289.237847876375
"section output, mn AZN",Manufacturing,2028,19397.970730456494,21053.393059615948,24087.411904538636,28790.723158386252,35505.6240903164,41193.099113427896,44204.73078398937,29064.802255818962
"section output, mn AZN",Manufacturing,2029,19418.635363094145,21592.89786156328,25882.433398838217,31978.307801530027,39657.38073635844,47339.27568850918,51606.57321237951,32317.79470962504
"section output, mn AZN",Manufacturing,2030,21313.68819653771,23334.403202959315,28484.449781264484,35318.681045026795,45356.800547181614,55042.39461870208,60446.98969736025,35805.37954553477
"section output, mn AZN",Manufacturing,2026-2030 growth % pa,-0.36940680229514744,1.4522693314054471,5.580544970805762,10.22074161780948,15.8753097096196,20.44844649435667,22.726196736333836,10.52285388858234
"section GOS, % of value added",Manufacturing,2026,65.8088082198983,65.80880821989831,65.80880821989831,65.80880821989831,65.80880821989831,65.80880821989832,65.80880821989832,65.80880821989832
"section GOS, % of value added",Manufacturing,2027,65.8088082198983,65.80880821989831,65.80880821989831,65.80880821989831,65.80880821989831,65.80880821989832,65.80880821989832,65.80880821989831
"section GOS, % of value added",Manufacturing,2028,65.8088082198983,65.80880821989831,65.80880821989831,65.80880821989831,65.80880821989831,65.80880821989832,65.80880821989832,65.80880821989831
"section GOS, % of value added",Manufacturing,2029,65.8088082198983,65.80880821989831,65.80880821989831,65.80880821989831,65.80880821989831,65.80880821989832,65.80880821989832,65.80880821989831
"section GOS, % of value added",Manufacturing,2030,65.8088082198983,65.80880821989831,65.80880821989831,65.80880821989831,65.80880821989831,65.80880821989832,65.80880821989832,65.8088082198983
"section output, mn AZN",Electricity,2026,2559.2440614009142,2785.652792995824,3259.485000569909,3613.4062650719598,4109.873498990909,4665.380259211629,4950.6475117086375,3615.0250664373407
"section output, mn AZN",Electricity,2027,2033.4993105705285,2373.7849302351347,3184.936227701684,4080.9449232949173,5275.211102421956,6800.328872449952,8035.374005902289,4091.8572688991567
"section output, mn AZN",Electricity,2028,1773.2803678137923,2257.0983641774305,3365.055530586966,4533.703741771988,6524.612652102051,9734.958778257223,12161.508798866424,4536.951513844389
"section output, mn AZN",Electricity,2029,1734.2363756712807,2337.089354227232,3341.8450156019217,4986.183418435086,7573.113103528859,11588.807004136019,16911.658680910863,5005.961995693634
"section output, mn AZN",Electricity,2030,1738.5713411729985,2429.59579191519,3567.836033564253,5486.27528384313,8575.826620941534,13543.110110794081,21964.565515198217,5479.047041118701
"section output, mn AZN",Electricity,2026-2030 growth % pa,-13.60899439326765,-7.6292483183039295,-0.2501852312339736,8.714186669099512,18.873762564290853,30.248913100981063,43.474761086037645,8.685653689528872
"section GOS, % of value added",Electricity,2026,65.89404906572513,65.89404906572513,65.89404906572514,65.89404906572514,65.89404906572514,65.89404906572514,65.89404906572514,65.89404906572514
"section GOS, % of value added",Electricity,2027,65.89404906572513,65.89404906572513,65.89404906572514,65.89404906572514,65.89404906572514,65.89404906572514,65.89404906572514,65.89404906572514
"section GOS, % of value added",Electricity,2028,65.89404906572513,65.89404906572513,65.89404906572514,65.89404906572514,65.89404906572514,65.89404906572514,65.89404906572514,65.89404906572513
"section GOS, % of value added",Electricity,2029,65.89404906572513,65.89404906572513,65.89404906572514,65.89404906572514,65.89404906572514,65.89404906572514,65.89404906572514,65.89404906572514
"section GOS, % of value added",Electricity,2030,65.89404906572513,65.89404906572513,65.89404906572514,65.89404906572514,65.89404906572514,65.89404906572514,65.89404906572514,65.89404906572513
"section output, mn AZN",Water,2026,587.2973778591776,606.5262145073592,639.6874764364898,679.1402204584876,721.8193673979681,751.6500229911758,777.6197476253622,679.8889195204864
"section output, mn AZN",Water,2027,595.175002461604,628.8741317464178,692.5163128039297,759.0344155218065,838.318430237293,923.9286924508588,993.3325556335305,759.2913931620776
"section output, mn AZN",Water,2028,581.3452986465177,612.989531680685,725.1533449739514,831.9035717489128,976.9178285446799,1144.7150180393821,1277.9845633756804,835.556393149549
"section output, mn AZN",Water,2029,575.6078488059412,645.5384578716054,775.7512305302332,926.3525793350848,1117.5443575890556,1318.989551767407,1515.2715682651212,917.6333112253827
"section output, mn AZN",Water,2030,607.1084263747983,672.9179884886005,794.1148186895504,997.1823421758118,1277.1110762770634,1492.4844136843756,1650.0645370764876,1001.1890567065282
"section output, mn AZN",Water,2026-2030 growth % pa,-1.7962399743321071,0.2460444412724998,3.621888951553276,8.450034947206309,13.951644818177877,17.559207594001435,19.942876787398276,8.537067398166819
"section GOS, % of value added",Water,2026,-40.052029059648206,-40.052029059648206,-40.052029059648206,-40.0520290596482,-40.0520290596482,-40.05202905964819,-40.05202905964819,-40.05202905964819
"section GOS, % of value added",Water,2027,-40.052029059648206,-40.052029059648206,-40.052029059648206,-40.0520290596482,-40.0520290596482,-40.05202905964819,-40.05202905964819,-40.0520290596482
"section GOS, % of value added",Water,2028,-40.052029059648206,-40.052029059648206,-40.052029059648206,-40.0520290596482,-40.05202905964819,-40.05202905964819,-40.052029059648184,-40.05202905964819
"section GOS, % of value added",Water,2029,-40.05202905964821,-40.052029059648206,-40.052029059648206,-40.0520290596482,-40.05202905964819,-40.05202905964819,-40.052029059648184,-40.052029059648206
"section GOS, % of value added",Water,2030,-40.052029059648206,-40.052029059648206,-40.052029059648206,-40.0520290596482,-40.05202905964819,-40.05202905964819,-40.05202905964819,-40.0520290596482
"industry output, mn AZN",Industry,2026,52614.340873935005,56939.48618289824,61114.25885431865,64071.33209001813,67865.45728916713,73313.91374785594,78999.37434511338,64159.22665493767
"industry output, mn AZN",Industry,2027,47036.58603235157,52415.68072442534,60481.767289563126,65915.76114069321,72509.73695152724,80416.68803827158,93931.73806394215,65273.48495745413
"industry output, mn AZN",Industry,2028,48674.33136651993,52203.22935502866,60170.594469126685,71352.59537601244,80950.48152368264,92040.75297728494,97398.03695207689,67174.35892325095
"industry output, mn AZN",Industry,2029,49270.29818522585,52330.88668648769,61309.85039055595,73281.95169631515,92972.83787470001,103846.52003970234,110576.23264112987,72623.16740981898
"industry output, mn AZN",Industry,2030,50635.072822780254,53800.86826665565,64824.794946601374,79688.16578568876,100702.36018463517,114916.45511175935,124362.16956710754,77434.81948403503
"industry output, mn AZN",Industry,2026-2030 growth % pa,-4.279047859064043,-3.1109756976520972,0.5691826136226708,4.8082532488722745,9.830928234391179,12.769889298992817,14.56562665637139,4.20870132568929
"non-state share of industry, %",Industry,2026,75.31524406693416,76.08651456260237,77.15909917815283,78.39248662305253,79.36340186920292,80.04196860636476,80.29531007136856,78.38146287047246
"non-state share of industry, %",Industry,2027,72.63525813348338,73.48483619658356,75.58178882370761,77.38103774895166,79.18785294612155,80.53939644566475,81.38638054497613,77.64636120805439
"non-state share of industry, %",Industry,2028,70.52799841233801,72.19787661123806,74.72371120897317,77.05754332481018,79.00873499700504,80.86295089132751,81.95486431146631,77.12195194675344
"non-state share of industry, %",Industry,2029,68.43524956865801,71.02416685869821,74.08240851571136,76.93083072232312,79.36659363974584,81.39213543488907,82.20695383642371,77.35584303686494
"non-state share of industry, %",Industry,2030,66.00792710076564,69.59161463654851,73.71527646305475,76.61570768378951,79.39331113333066,81.85699049853733,83.25978811314728,77.36438982278833
HHI across manufacturing branches,Manufacturing,2026,1159.3499331542769,1188.1010118078875,1242.6280403390797,1317.630825917157,1394.7008299473137,1484.5954603943972,1575.228298608984,1320.9163153268346
HHI across manufacturing branches,Manufacturing,2027,1096.419701830088,1126.8096319305455,1178.959060805792,1287.8097772615176,1452.2588462006095,1586.559072073153,1770.8164599512709,1269.8321351090997
HHI across manufacturing branches,Manufacturing,2028,1070.1340269747727,1088.7984187150143,1137.7289547217842,1303.7179948492353,1472.63574836142,1723.3348341578755,1781.4653819947714,1236.9539743996493
HHI across manufacturing branches,Manufacturing,2029,1027.6208531890454,1059.023263410669,1157.7770708031355,1323.85365501779,1506.5028435244817,1659.2164857218065,1895.947224323318,1215.4148385344333
HHI across manufacturing branches,Manufacturing,2030,967.818457893909,1012.7837964494254,1145.9558371685525,1358.170368883204,1531.1633320948977,1851.9724750645019,2032.9956309369347,1203.1962865142893
"regional share of industrial output, %",Baku city,2026,75.40127534323045,76.1455062458769,77.7961502147045,79.29391081429216,80.93683321779494,81.67225688625727,82.30901420358207,79.54295551430285
"regional share of industrial output, %",Baku city,2027,71.60277828505899,72.84542767774612,75.21225973004086,77.7265506793484,81.69256774909596,83.47964285521104,84.52597128126384,78.98944439012945
"regional share of industrial output, %",Baku city,2028,68.58035211435526,70.0569121730178,73.52383088707656,76.94065857407963,81.31812923674468,83.31380478385236,84.5481139934794,78.477823930039
"regional share of industrial output, %",Baku city,2029,67.42680308984983,68.82302328826279,71.95302362411493,76.66806161953478,80.72059145929084,84.0593593519159,85.34841912111459,78.26917790491615
"regional share of industrial output, %",Baku city,2030,67.21372539137619,68.69983668716247,71.01581237942648,75.16255388407541,80.29456014099443,83.54012854931408,85.7878522908217,77.97207856587114
"regional share of industrial output, %",Nakhchivan AR,2026,0.504329795503343,0.7106115465666889,0.7459732784009776,0.8150036206643009,0.9085278114220623,1.2032317474009662,1.2496807547303483,0.8343746669568229
"regional share of industrial output, %",Nakhchivan AR,2027,0.3105957341293938,0.5435979572597471,0.7553481699117224,0.834182952844741,1.2362087558069252,1.363188123972598,1.4316176593501642,0.8498917189739231
"regional share of industrial output, %",Nakhchivan AR,2028,0.20405198085037318,0.3432410485991529,0.712240974576062,0.8805393647486974,1.3584630613559017,1.7427506033488542,2.1251555989693838,0.8639820443460386
"regional share of industrial output, %",Nakhchivan AR,2029,0.1670585924501114,0.21993740578390364,0.572335476275385,1.2181594809402876,1.5320531841105878,2.2062051036821724,2.4056435680452837,0.8696594352926036
"regional share of industrial output, %",Nakhchivan AR,2030,0.15647999026491818,0.18298684320148081,0.4580184523002033,1.375868166605016,2.1610550381512548,2.4584866768629867,2.725372628646974,0.8776754493677615
"regional share of industrial output, %",Absheron-Khizi,2026,5.5114946733879115,5.699974552460219,6.218697497846771,7.35726395652697,7.877177494636285,9.553217708060222,9.88783337645523,7.30187731210327
"regional share of industrial output, %",Absheron-Khizi,2027,4.857194457034084,5.085342060394638,5.510657455758672,7.676844330065487,9.797401445361132,10.553765926646347,10.997572388570275,7.440874760664765
"regional share of industrial output, %",Absheron-Khizi,2028,4.016501921412976,4.298169800401914,5.3350186782866755,7.9473179439198764,9.769595210023168,11.730265893762617,12.285592045177278,7.567177604385189
"regional share of industrial output, %",Absheron-Khizi,2029,3.0879948922211433,3.460295455684071,6.08439508656955,8.81186967971709,10.526945212820157,11.871622066760706,12.608408528471326,7.618091933513246
"regional share of industrial output, %",Absheron-Khizi,2030,2.8479479310657623,3.8478638891415424,5.696868221006337,8.459572652095972,11.386826894405278,12.309807855919505,12.84570133969178,7.690001905362243
"regional share of industrial output, %",Daghlig Shirvan,2026,0.14032270043124578,0.16015890641747466,0.17722808899869227,0.22419549862294597,0.26159126420926726,0.2886398797878138,0.302507066127257,0.21493430472826403
"regional share of industrial output, %",Daghlig Shirvan,2027,0.13519164464731603,0.14479552941294555,0.17015360797223228,0.24017642345307105,0.29802880539739524,0.3413001801517384,0.37066496851089337,0.22808902109694176
"regional share of industrial output, %",Daghlig Shirvan,2028,0.13857651193612347,0.15112698376748676,0.18472929100939978,0.23089025271334107,0.3085888199028831,0.3910781610345486,0.43750966501865673,0.24060961806641917
"regional share of industrial output, %",Daghlig Shirvan,2029,0.11345389664607573,0.12891229695179615,0.19659561099181042,0.2510831677888011,0.32092626517875755,0.3879665930610471,0.4316558359563052,0.24581551225895387
"regional share of industrial output, %",Daghlig Shirvan,2030,0.10818284063047562,0.1370087206247198,0.19026764082015682,0.27322296320220363,0.33216261764802374,0.3849494545921688,0.42346859567617867,0.2533283076025088
"regional share of industrial output, %",Ganja-Dashkasan,2026,1.0037751901664875,1.4264721602900703,1.746878743161286,1.9569906614691874,2.38905636974714,2.9589756464805226,3.0339327905004767,1.9735742802188447
"regional share of industrial output, %",Ganja-Dashkasan,2027,0.9404904080287438,0.9848831308855878,1.4548214882258341,2.3091377770654447,2.8718236555526966,3.2374878408850636,3.374245136567983,2.023586598283967
"regional share of industrial output, %",Ganja-Dashkasan,2028,0.6711058820846139,0.7853342390301181,1.667014633647848,2.246332665095008,3.261149753137154,3.706047870597258,3.928818749696388,2.0694282058589373
"regional share of industrial output, %",Ganja-Dashkasan,2029,0.5530827410174182,0.7660909138021085,1.5539741772106663,2.397054346824496,3.4263432246535652,3.9634949242535855,4.201369137273784,2.08801606746188
"regional share of industrial output, %",Ganja-Dashkasan,2030,0.6190900069303961,0.6553675655914061,1.7659788394212985,2.395277466000812,3.222460583935602,4.145091464738587,4.406607898698313,2.1143766119476726
"regional share of industrial output, %",Garabagh,2026,1.5054942685816883,1.550448015105186,2.0126452254867138,2.239054225325278,2.443908395102123,2.6295607903171487,2.722847575569717,2.1608046040342366
"regional share of industrial output, %",Garabagh,2027,1.5046754981587083,1.5955412119574373,1.8502492469883804,2.3255959196710747,2.6309300583256423,2.945057319776235,3.1274597898089174,2.2339659868655217
"regional share of industrial output, %",Garabagh,2028,1.5723187848846025,1.6653708249379242,1.9319834301199614,2.2922698867295113,2.7250010858606792,3.065955947871928,3.278369905429841,2.301700852104838
"regional share of industrial output, %",Garabagh,2029,1.6670088685535176,1.764911873101537,1.9988278797565684,2.3261337920569014,2.575596196160376,2.893323939369802,3.052846227683642,2.3293505995609776
"regional share of industrial output, %",Garabagh,2030,1.4316988191707674,1.571931292304988,1.8217079785805135,2.102387736103651,2.380176799366739,2.974764537436942,8.48059885549019,2.3687456339046835
"regional share of industrial output, %",Gazakh-Tovuz,2026,0.8298142784275709,0.8541524167800246,0.918792073098885,1.0342846931407927,1.3926679688156758,1.6399847521480255,2.0037074782101816,1.1627641289853794
"regional share of industrial output, %",Gazakh-Tovuz,2027,0.7592422813197127,0.7966593105653453,0.9170925210413547,1.0783385530628076,1.539874663481173,2.1206008798465716,2.559055400341469,1.2302755219887598
"regional share of industrial output, %",Gazakh-Tovuz,2028,0.6501333970661399,0.7271486745357558,0.8729821497854559,1.26485482063416,1.8261957952047732,2.154481059141572,2.4038088831514517,1.29433948817454
"regional share of industrial output, %",Gazakh-Tovuz,2029,0.6299411684252574,0.7223475132275123,0.9637038457708202,1.3229920658124728,1.7650217347295265,2.140864497564469,2.360931934939228,1.320923277544742
"regional share of industrial output, %",Gazakh-Tovuz,2030,0.8240459572358121,0.9098878630342258,1.1085743757929991,1.3495242630510251,1.5895098382720116,1.9047552850290428,2.102458103750289,1.3592339667130569
"regional share of industrial output, %",Guba-Khachmaz,2026,0.48400673051988063,0.5342077024504797,0.6213444853882821,0.6900457640303966,0.7926089091326315,0.8526892670057259,0.8855022085602807,0.694913581488109
"regional share of industrial output, %",Guba-Khachmaz,2027,0.5230189912542721,0.5828325505821835,0.6421497613576177,0.7209524552241181,0.7961296994666145,0.8721146082549301,0.924836172625527,0.7173481913409138
"regional share of industrial output, %",Guba-Khachmaz,2028,0.5524540339167023,0.5754457982517177,0.6441649046309501,0.7462332616288803,0.8264228389579635,0.9010664912419636,0.9521763154314548,0.7380822620352232
"regional share of industrial output, %",Guba-Khachmaz,2029,0.5364301166366454,0.586623659318381,0.6579488002001559,0.7159047606774218,0.8098603456544435,0.9414430822260987,1.0376380569816126,0.7465360821666124
"regional share of industrial output, %",Guba-Khachmaz,2030,0.47710799179275365,0.5424758557530645,0.6255134555933652,0.735605751214826,0.8757704135224067,1.062349921160137,1.1452123281804532,0.7585711415500964
"regional share of industrial output, %",Lankaran-Astara,2026,0.6078255156691863,0.6275089102740692,0.6731080251479955,0.7499390878836245,0.8375075193161599,0.9026149160414417,0.9425658097634223,0.7600958257816324
"regional share of industrial output, %",Lankaran-Astara,2027,0.6169892348557631,0.638927905434574,0.6931921239860742,0.7675555966740351,0.863732586010056,0.9892496668797515,1.1067847091888263,0.8053322621272525
"regional share of industrial output, %",Lankaran-Astara,2028,0.5967302720253352,0.64934793956396,0.727536562951224,0.8231441199781075,0.9350273399967184,1.0526234806494432,1.1484765039131972,0.8483186489822275
"regional share of industrial output, %",Lankaran-Astara,2029,0.6360525371125513,0.6731585257970528,0.7484333673116308,0.8404710884414875,0.9349501012119541,1.0624243898592345,1.122634621536388,0.8661726719576083
"regional share of industrial output, %",Lankaran-Astara,2030,0.6570735865006594,0.6970092189322015,0.7583030890469205,0.8543152361712101,0.9655868483457299,1.0862181541756726,1.2040268605798625,0.8919192070282302
"regional share of industrial output, %",Central Aran,2026,1.2276920462598027,1.2498447670111896,1.33036805666227,1.5116312865577897,1.780855916210842,1.9555173926108462,2.0307953510938557,1.5423663946136108
"regional share of industrial output, %",Central Aran,2027,1.0224696165456375,1.1278824832794132,1.249003252525602,1.5531940367167782,2.0633776337022347,2.506212506458072,2.6755834737437767,1.6027248343891694
"regional share of industrial output, %",Central Aran,2028,1.0046748462996302,1.0833690222519319,1.2065169794296222,1.4933323427468554,2.3071666964329385,2.7913672300340244,3.0073489467594317,1.658925690204308
"regional share of industrial output, %",Central Aran,2029,0.880754362938287,0.9348075654443256,1.1487154397998411,1.5323897120021481,2.4815391809675678,3.0355532294492003,3.3283831350314177,1.6819545440580694
"regional share of industrial output, %",Central Aran,2030,0.7500636746925823,0.8261757789175551,1.20086262014673,1.808826036204057,2.4621590065934855,2.9650404267002264,3.3325536810915843,1.7148526019174164
"regional share of industrial output, %",Mil-Mughan,2026,0.9227714537322288,0.9397437719379463,1.0180989807521486,1.0886562732864205,1.296781308409109,1.6778251753740783,1.9322659609439892,1.1716164027100113
"regional share of industrial output, %",Mil-Mughan,2027,0.8448030741374847,0.8820095329514828,1.0582677213148841,1.1916004165274656,1.3395904748389245,1.7306761357675378,1.8972440186551405,1.1870183167999278
"regional share of industrial output, %",Mil-Mughan,2028,0.8308277460458712,0.8758478415266991,1.004009379277484,1.1635496545888406,1.3677281078233285,1.9488071204929154,2.197356797089752,1.200865613432369
"regional share of industrial output, %",Mil-Mughan,2029,0.8054333659528767,0.8414543042232776,0.9831857498529051,1.1167487401674856,1.4901321226746864,2.0862036832887143,2.1979257145023596,1.206407431286796
"regional share of industrial output, %",Mil-Mughan,2030,0.8726573311166818,0.915510923422167,0.9845559415236425,1.1107345581756558,1.4379920687891032,2.0220802181910056,2.202619977054166,1.2141948646231873
"regional share of industrial output, %",Shaki-Zagatala,2026,0.46097214055556696,0.5635314523645828,0.9133087605775543,0.9884266194807501,1.0820869999149079,1.2346650159598564,1.748952104402329,0.961459207239139
"regional share of industrial output, %",Shaki-Zagatala,2027,0.486927634804297,0.7432532028279243,0.8564434429923877,0.9788945631794739,1.1558583089911623,1.5904547436044647,1.7560872015495697,0.9937867155493582
"regional share of industrial output, %",Shaki-Zagatala,2028,0.5558029051262903,0.6163709241643823,0.8140975337909699,0.9591895079382029,1.3009484248082754,1.8285925119335062,1.9574622996491133,1.023708629502719
"regional share of industrial output, %",Shaki-Zagatala,2029,0.5868776545949396,0.6537238556057672,0.7732985745545795,0.9286994589194186,1.5818835199811785,1.8191975020685345,1.9109854104319748,1.0359207946086577
"regional share of industrial output, %",Shaki-Zagatala,2030,0.5390231449539375,0.6174737804218384,0.759744378627118,1.013031187550435,1.5514020571975502,1.7230453023428234,1.8381833845193913,1.0533184370070992
"regional share of industrial output, %",Eastern Zangezur,2026,0.09025817541610887,0.09159828071822944,0.1128163117793348,0.13742388207075606,0.15451503927637833,0.17487626286822824,0.30564130530329975,0.13779065934085835
"regional share of industrial output, %",Eastern Zangezur,2027,0.06027452080832846,0.06876186960964621,0.0834361299195809,0.1491568502146572,0.18245907105266884,0.3197949108309576,0.3325150603107676,0.13892537725665505
"regional share of industrial output, %",Eastern Zangezur,2028,0.044059861187525313,0.04651147377052871,0.05831593365692055,0.14626070147479367,0.22086068228188827,0.3413461005491126,0.7579432262358067,0.13993081997797774
"regional share of industrial output, %",Eastern Zangezur,2029,0.023795721756802668,0.02477468029772671,0.0411984197537156,0.1206752361838099,0.2510946310917273,0.5914265782118099,2.0909211771545175,0.1403291691575868
"regional share of industrial output, %",Eastern Zangezur,2030,0.01592954864956533,0.02185843370535006,0.03191642375830818,0.12923658368504742,0.2759059419213523,1.666648010847757,1.7780316274431576,0.14088492824943394
"regional share of industrial output, %",Shirvan-Salyan,2026,1.2817340442369707,1.3234851972268744,1.406165222214962,1.5391787775990886,1.7005809729214918,1.775743214379925,1.825933567194437,1.5404731174969775
"regional share of industrial output, %",Shirvan-Salyan,2027,1.1279646862921768,1.2430142419123094,1.346566514686323,1.5921176804506578,1.7900428908616157,1.9910163329382935,2.073551957712126,1.5587363045333913
"regional share of industrial output, %",Shirvan-Salyan,2028,1.106025430666065,1.1676055819047093,1.3542406168735335,1.6491854945442865,1.870596189492478,2.0198713665344794,2.1179124429858276,1.5751065928902483
"regional share of industrial output, %",Shirvan-Salyan,2029,1.0137041055756202,1.120734880995181,1.3807146175399203,1.6216988022681615,1.866373398062308,2.022630856478432,2.147257796574841,1.5816445762161342
"regional share of industrial output, %",Shirvan-Salyan,2030,1.0570027190075295,1.180272884129471,1.3428396525751056,1.6158696474976608,1.883187122117397,2.075501532412346,2.2007734484655717,1.5908183788554717
"industry output, mn AZN — FR1 prices held at baseline",Industry,2026,61055.8871005192,61504.420359405936,62384.403097917224,64168.66302134408,66242.80546951522,67651.50669161219,68613.72190176349,64159.22665493767
"industry output, mn AZN — FR1 prices held at baseline",Industry,2027,60157.84425116175,60869.48423397422,62468.69938669773,65100.288927369096,68146.7850279728,70326.74287440804,72013.6886787556,65273.48495745413
"industry output, mn AZN — FR1 prices held at baseline",Industry,2028,61209.746745962475,62226.81380971543,64149.08149000218,67410.96727386847,70502.93440769178,74705.39789876598,76392.07515186636,67174.35892325095
"industry output, mn AZN — FR1 prices held at baseline",Industry,2029,63878.71996693883,65660.59619041154,68761.96741506267,72737.98862647888,77034.64430523105,82397.3925784942,85665.28567153771,72623.16740981898
"industry output, mn AZN — FR1 prices held at baseline",Industry,2030,67092.5173606397,68515.24703351453,72693.88118498333,77254.25189984473,84043.83440125932,90111.39074796584,93492.78859138624,77434.81948403503
"industry output, mn AZN — FR1 prices held at baseline",Industry,2026-2030 growth % pa,1.2631756189756582,1.6890455036049556,2.900218358312162,4.160051028856615,5.929736225044435,7.416910375005409,8.21123169762685,4.20870132568929
"section output, mn AZN — FR1 prices held at baseline",Mining,2026,34372.81242618293,35120.13424952336,35363.91784437657,36106.01476117733,36886.955824376244,37199.69251190761,38147.098630126915,36106.014761177335
"section output, mn AZN — FR1 prices held at baseline",Mining,2027,31382.64787750509,32522.639453434138,33698.69744559127,34133.09844751653,34481.985991330264,35693.96190117014,37308.53772309066,34133.098447516524
"section output, mn AZN — FR1 prices held at baseline",Mining,2028,30849.26745711378,31895.481609787992,32263.5114399376,32737.048760438087,33357.40031260393,33830.926805938645,35073.71180479047,32737.048760438083
"section output, mn AZN — FR1 prices held at baseline",Mining,2029,31892.589162347154,33028.09515504913,33447.561818448514,34381.77739327495,35363.89129873386,35750.44707757893,37268.383697426194,34381.77739327494
"section output, mn AZN — FR1 prices held at baseline",Mining,2030,33170.06980385644,33439.102395699105,34433.30080191788,35149.203840675036,35879.25148347291,37073.08025837343,37275.48680168062,35149.20384067504
"section output, mn AZN — FR1 prices held at baseline",Mining,2026-2030 growth % pa,-2.173375846880089,-2.0152024419953802,-1.4393586601091997,-1.0328899525277657,-0.6251548675572954,0.027525285045282323,0.13651086480284125,-1.0328899524560953
"section output, mn AZN — FR1 prices held at baseline",Manufacturing,2026,21099.84907186428,21631.322350484756,22571.466596391852,23758.29790780252,25338.732728296203,26491.33085029329,27381.297420589864,23758.297907802524
"section output, mn AZN — FR1 prices held at baseline",Manufacturing,2027,22141.10955640269,22631.642944162893,23844.424764069794,26289.23784787637,28722.688534838482,30577.87226538836,31681.647374100772,26289.237847876375
"section output, mn AZN — FR1 prices held at baseline",Manufacturing,2028,23227.021994540686,24037.31040158427,25700.166080252242,29064.802255818962,32293.22296845328,36205.053513263,38134.701931061696,29064.802255818962
"section output, mn AZN — FR1 prices held at baseline",Manufacturing,2029,23844.606835104732,25517.826068705723,28480.95677623797,32317.794709625035,36915.82916904282,41775.11913714712,44674.29942836292,32317.79470962504
"section output, mn AZN — FR1 prices held at baseline",Manufacturing,2030,25294.735635835284,27075.63416469516,30808.929783619013,35805.37954553477,42558.12698149468,48377.06306984174,52035.10557424347,35805.37954553477
"section output, mn AZN — FR1 prices held at baseline",Manufacturing,2026-2030 growth % pa,3.1023243460966046,4.514887591348671,7.250097303779585,10.522853208785765,14.408567531591494,17.378980754559507,19.102723457518238,10.52285388858234
"section output, mn AZN — FR1 prices held at baseline",Electricity,2026,3418.680522580575,3428.894327798927,3496.070488391526,3615.0250664373407,3746.2986213827844,3814.144963414691,3826.4672194813566,3615.0250664373407
"section output, mn AZN — FR1 prices held at baseline",Electricity,2027,3636.941175445296,3710.4949999452697,3959.6162442141967,4091.857268899158,4226.661961393611,4505.4526363426285,4614.567374942242,4091.8572688991567
"section output, mn AZN — FR1 prices held at baseline",Electricity,2028,3982.212644236661,4042.2378741486773,4426.897903673199,4536.951513844389,4635.232677234078,5094.260553406289,5168.655411712793,4536.951513844389
"section output, mn AZN — FR1 prices held at baseline",Electricity,2029,4316.000238714336,4644.245603291981,4788.542647926898,5005.961995693633,5249.574201519856,5408.346543084299,5871.364853964791,5005.961995693634
"section output, mn AZN — FR1 prices held at baseline",Electricity,2030,4831.810267575729,5081.3633755508545,5201.353483701171,5479.047041118699,5781.197817910638,5921.677631343411,6291.008422763828,5479.047041118701
"section output, mn AZN — FR1 prices held at baseline",Electricity,2026-2030 growth % pa,5.987118743868632,7.060006636818912,7.560915444845789,8.685645319944435,9.858782433890385,10.387568565159267,11.731400783270015,8.685653689528872
"section output, mn AZN — FR1 prices held at baseline",Water,2026,628.3549109864052,638.1443312995153,656.2983605086725,679.8889195204863,698.4133440167426,718.7176194383263,732.6031412232668,679.8889195204864
"section output, mn AZN — FR1 prices held at baseline",Water,2027,691.9900056572006,704.944070184746,730.6304007484484,759.2913931620776,789.1300747333244,819.6700065927892,833.7575194209824,759.2913931620776
"section output, mn AZN — FR1 prices held at baseline",Water,2028,680.4421079196741,749.8155279338824,798.7094787107488,835.5563931495491,878.1798724501427,942.9879252173799,1020.0376134970683,835.556393149549
"section output, mn AZN — FR1 prices held at baseline",Water,2029,758.8670158955684,794.6716664032042,859.0292207462833,917.6333112253828,977.8767326893773,1058.0675672135164,1103.3425751595598,917.6333112253827
"section output, mn AZN — FR1 prices held at baseline",Water,2030,820.0867756838018,838.4957967218866,898.5983836718015,1001.1890567065282,1100.7141063363674,1187.5625606515584,1236.7813307752947,1001.1890567065282
"section output, mn AZN — FR1 prices held at baseline",Water,2026-2030 growth % pa,4.2909985888678905,4.755062446648952,6.215521257509832,8.537067066351089,10.61391661660282,12.306828425837915,13.222684094606404,8.537067398166819
