series,year,unit,value
output_nominal_mn_AZN,1995,06,344.3
output_nominal_mn_AZN,1995,07,0.7
output_nominal_mn_AZN,1995,08,1.5
output_nominal_mn_AZN,1995,10,179.5
output_nominal_mn_AZN,1995,11,5.0
output_nominal_mn_AZN,1995,12,7.0
output_nominal_mn_AZN,1995,13,148.7
output_nominal_mn_AZN,1995,14,12.5
output_nominal_mn_AZN,1995,15,6.9
output_nominal_mn_AZN,1995,16,1.4
output_nominal_mn_AZN,1995,17,0.3
output_nominal_mn_AZN,1995,18,2.4
output_nominal_mn_AZN,1995,19,474.2
output_nominal_mn_AZN,1995,20,52.9
output_nominal_mn_AZN,1995,21,0.7
output_nominal_mn_AZN,1995,22,45.5
output_nominal_mn_AZN,1995,23,28.8
output_nominal_mn_AZN,1995,24,20.7
output_nominal_mn_AZN,1995,25,4.4
output_nominal_mn_AZN,1995,26,2.5
output_nominal_mn_AZN,1995,27,6.3
output_nominal_mn_AZN,1995,28,38.9
output_nominal_mn_AZN,1995,29,1.6
output_nominal_mn_AZN,1995,30,0.2
output_nominal_mn_AZN,1995,31,1.7
output_nominal_mn_AZN,1995,32,5.5
output_nominal_mn_AZN,1995,33,4.1
output_nominal_mn_AZN,1995,35,340.6
output_nominal_mn_AZN,1995,36,32.4
output_nominal_mn_AZN,1996,06,496.7
output_nominal_mn_AZN,1996,07,0.8
output_nominal_mn_AZN,1996,08,1.7
output_nominal_mn_AZN,1996,09,92.2
output_nominal_mn_AZN,1996,10,386.6
output_nominal_mn_AZN,1996,11,10.0
output_nominal_mn_AZN,1996,12,5.7
output_nominal_mn_AZN,1996,13,174.2
output_nominal_mn_AZN,1996,14,10.1
output_nominal_mn_AZN,1996,15,4.5
output_nominal_mn_AZN,1996,16,1.3
output_nominal_mn_AZN,1996,17,0.6
output_nominal_mn_AZN,1996,18,3.0
output_nominal_mn_AZN,1996,19,607.7
output_nominal_mn_AZN,1996,20,88.8
output_nominal_mn_AZN,1996,21,3.3
output_nominal_mn_AZN,1996,22,9.1
output_nominal_mn_AZN,1996,23,26.3
output_nominal_mn_AZN,1996,24,5.3
output_nominal_mn_AZN,1996,25,11.6
output_nominal_mn_AZN,1996,26,3.7
output_nominal_mn_AZN,1996,27,14.2
output_nominal_mn_AZN,1996,28,46.9
output_nominal_mn_AZN,1996,29,1.8
output_nominal_mn_AZN,1996,30,0.2
output_nominal_mn_AZN,1996,31,1.9
output_nominal_mn_AZN,1996,32,2.2
output_nominal_mn_AZN,1996,33,15.2
output_nominal_mn_AZN,1996,35,364.7
output_nominal_mn_AZN,1996,36,2.5
output_nominal_mn_AZN,1997,06,543.4
output_nominal_mn_AZN,1997,07,0.4
output_nominal_mn_AZN,1997,08,1.7
output_nominal_mn_AZN,1997,09,105.8
output_nominal_mn_AZN,1997,10,643.9
output_nominal_mn_AZN,1997,11,24.1
output_nominal_mn_AZN,1997,12,10.5
output_nominal_mn_AZN,1997,13,94.1
output_nominal_mn_AZN,1997,14,6.1
output_nominal_mn_AZN,1997,15,5.0
output_nominal_mn_AZN,1997,16,2.8
output_nominal_mn_AZN,1997,17,0.4
output_nominal_mn_AZN,1997,18,4.1
output_nominal_mn_AZN,1997,19,715.2
output_nominal_mn_AZN,1997,20,73.7
output_nominal_mn_AZN,1997,21,0.8
output_nominal_mn_AZN,1997,22,9.1
output_nominal_mn_AZN,1997,23,29.4
output_nominal_mn_AZN,1997,24,18.0
output_nominal_mn_AZN,1997,25,12.5
output_nominal_mn_AZN,1997,26,9.2
output_nominal_mn_AZN,1997,27,7.7
output_nominal_mn_AZN,1997,28,45.5
output_nominal_mn_AZN,1997,29,0.4
output_nominal_mn_AZN,1997,30,2.6
output_nominal_mn_AZN,1997,31,3.0
output_nominal_mn_AZN,1997,32,3.8
output_nominal_mn_AZN,1997,33,17.0
output_nominal_mn_AZN,1997,35,349.4
output_nominal_mn_AZN,1997,36,3.1
output_nominal_mn_AZN,1998,06,538.8
output_nominal_mn_AZN,1998,07,0.2
output_nominal_mn_AZN,1998,08,5.5
output_nominal_mn_AZN,1998,09,102.4
output_nominal_mn_AZN,1998,10,656.4
output_nominal_mn_AZN,1998,11,10.2
output_nominal_mn_AZN,1998,12,4.2
output_nominal_mn_AZN,1998,13,49.1
output_nominal_mn_AZN,1998,14,8.6
output_nominal_mn_AZN,1998,15,5.1
output_nominal_mn_AZN,1998,16,1.2
output_nominal_mn_AZN,1998,17,0.2
output_nominal_mn_AZN,1998,18,6.6
output_nominal_mn_AZN,1998,19,565.7
output_nominal_mn_AZN,1998,20,67.6
output_nominal_mn_AZN,1998,21,0.6
output_nominal_mn_AZN,1998,22,7.9
output_nominal_mn_AZN,1998,23,30.5
output_nominal_mn_AZN,1998,24,12.4
output_nominal_mn_AZN,1998,25,13.4
output_nominal_mn_AZN,1998,26,7.1
output_nominal_mn_AZN,1998,27,9.4
output_nominal_mn_AZN,1998,28,35.7
output_nominal_mn_AZN,1998,29,0.1
output_nominal_mn_AZN,1998,30,1.2
output_nominal_mn_AZN,1998,31,2.4
output_nominal_mn_AZN,1998,32,3.0
output_nominal_mn_AZN,1998,33,13.0
output_nominal_mn_AZN,1998,35,402.4
output_nominal_mn_AZN,1998,36,14.6
output_nominal_mn_AZN,1999,06,898.1
output_nominal_mn_AZN,1999,07,0.1
output_nominal_mn_AZN,1999,08,5.1
output_nominal_mn_AZN,1999,09,169.9
output_nominal_mn_AZN,1999,10,648.6
output_nominal_mn_AZN,1999,11,22.8
output_nominal_mn_AZN,1999,12,4.8
output_nominal_mn_AZN,1999,13,28.6
output_nominal_mn_AZN,1999,14,3.5
output_nominal_mn_AZN,1999,15,3.0
output_nominal_mn_AZN,1999,16,3.3
output_nominal_mn_AZN,1999,17,0.4
output_nominal_mn_AZN,1999,18,8.0
output_nominal_mn_AZN,1999,19,414.7
output_nominal_mn_AZN,1999,20,78.9
output_nominal_mn_AZN,1999,21,0.6
output_nominal_mn_AZN,1999,22,3.6
output_nominal_mn_AZN,1999,23,20.3
output_nominal_mn_AZN,1999,24,5.5
output_nominal_mn_AZN,1999,25,12.1
output_nominal_mn_AZN,1999,26,4.2
output_nominal_mn_AZN,1999,27,5.0
output_nominal_mn_AZN,1999,28,23.2
output_nominal_mn_AZN,1999,29,0.1
output_nominal_mn_AZN,1999,30,0.2
output_nominal_mn_AZN,1999,31,2.8
output_nominal_mn_AZN,1999,32,2.8
output_nominal_mn_AZN,1999,33,17.6
output_nominal_mn_AZN,1999,35,438.4
output_nominal_mn_AZN,1999,36,56.3
output_nominal_mn_AZN,2000,06,1420.7
output_nominal_mn_AZN,2000,07,0.2
output_nominal_mn_AZN,2000,08,2.7
output_nominal_mn_AZN,2000,09,202.2
output_nominal_mn_AZN,2000,10,657.1
output_nominal_mn_AZN,2000,11,24.1
output_nominal_mn_AZN,2000,12,17.7
output_nominal_mn_AZN,2000,13,24.6
output_nominal_mn_AZN,2000,14,8.1
output_nominal_mn_AZN,2000,15,2.7
output_nominal_mn_AZN,2000,16,1.9
output_nominal_mn_AZN,2000,17,0.4
output_nominal_mn_AZN,2000,18,5.6
output_nominal_mn_AZN,2000,19,560.9
output_nominal_mn_AZN,2000,20,101.7
output_nominal_mn_AZN,2000,21,0.5
output_nominal_mn_AZN,2000,22,3.1
output_nominal_mn_AZN,2000,23,23.1
output_nominal_mn_AZN,2000,24,3.1
output_nominal_mn_AZN,2000,25,8.5
output_nominal_mn_AZN,2000,26,3.3
output_nominal_mn_AZN,2000,27,7.5
output_nominal_mn_AZN,2000,28,34.0
output_nominal_mn_AZN,2000,29,0.3
output_nominal_mn_AZN,2000,30,5.4
output_nominal_mn_AZN,2000,31,3.6
output_nominal_mn_AZN,2000,32,3.4
output_nominal_mn_AZN,2000,33,52.0
output_nominal_mn_AZN,2000,35,411.7
output_nominal_mn_AZN,2000,36,49.5
output_nominal_mn_AZN,2001,06,1769.0
output_nominal_mn_AZN,2001,07,0.09
output_nominal_mn_AZN,2001,08,3.4
output_nominal_mn_AZN,2001,09,72.2
output_nominal_mn_AZN,2001,10,703.1
output_nominal_mn_AZN,2001,11,23.9
output_nominal_mn_AZN,2001,12,49.4
output_nominal_mn_AZN,2001,13,17.8
output_nominal_mn_AZN,2001,14,11.2
output_nominal_mn_AZN,2001,15,3.0
output_nominal_mn_AZN,2001,16,2.0
output_nominal_mn_AZN,2001,17,0.8
output_nominal_mn_AZN,2001,18,8.3
output_nominal_mn_AZN,2001,19,467.5
output_nominal_mn_AZN,2001,20,107.6
output_nominal_mn_AZN,2001,21,0.7
output_nominal_mn_AZN,2001,22,5.5
output_nominal_mn_AZN,2001,23,33.2
output_nominal_mn_AZN,2001,24,16.9
output_nominal_mn_AZN,2001,25,7.9
output_nominal_mn_AZN,2001,26,3.3
output_nominal_mn_AZN,2001,27,7.0
output_nominal_mn_AZN,2001,28,30.5
output_nominal_mn_AZN,2001,29,0.4
output_nominal_mn_AZN,2001,30,5.7
output_nominal_mn_AZN,2001,31,2.5
output_nominal_mn_AZN,2001,32,2.3
output_nominal_mn_AZN,2001,33,31.9
output_nominal_mn_AZN,2001,35,338.5
output_nominal_mn_AZN,2001,36,43.4
output_nominal_mn_AZN,2002,06,1918.6
output_nominal_mn_AZN,2002,07,0.1
output_nominal_mn_AZN,2002,08,7.4
output_nominal_mn_AZN,2002,09,76.4
output_nominal_mn_AZN,2002,10,745.0
output_nominal_mn_AZN,2002,11,27.7
output_nominal_mn_AZN,2002,12,28.8
output_nominal_mn_AZN,2002,13,16.2
output_nominal_mn_AZN,2002,14,11.8
output_nominal_mn_AZN,2002,15,5.7
output_nominal_mn_AZN,2002,16,2.8
output_nominal_mn_AZN,2002,17,1.4
output_nominal_mn_AZN,2002,18,11.9
output_nominal_mn_AZN,2002,19,471.4
output_nominal_mn_AZN,2002,20,113.8
output_nominal_mn_AZN,2002,21,0.6
output_nominal_mn_AZN,2002,22,8.3
output_nominal_mn_AZN,2002,23,47.1
output_nominal_mn_AZN,2002,24,36.6
output_nominal_mn_AZN,2002,25,9.3
output_nominal_mn_AZN,2002,26,2.9
output_nominal_mn_AZN,2002,27,4.7
output_nominal_mn_AZN,2002,28,42.7
output_nominal_mn_AZN,2002,29,0.1
output_nominal_mn_AZN,2002,30,8.2
output_nominal_mn_AZN,2002,31,3.8
output_nominal_mn_AZN,2002,32,2.8
output_nominal_mn_AZN,2002,33,60.4
output_nominal_mn_AZN,2002,35,314.2
output_nominal_mn_AZN,2002,36,38.8
output_nominal_mn_AZN,2003,06,2218.1
output_nominal_mn_AZN,2003,07,0.2
output_nominal_mn_AZN,2003,08,10.2
output_nominal_mn_AZN,2003,09,118.1
output_nominal_mn_AZN,2003,10,959.0
output_nominal_mn_AZN,2003,11,34.9
output_nominal_mn_AZN,2003,12,28.7
output_nominal_mn_AZN,2003,13,20.7
output_nominal_mn_AZN,2003,14,12.3
output_nominal_mn_AZN,2003,15,3.2
output_nominal_mn_AZN,2003,16,1.9
output_nominal_mn_AZN,2003,17,2.7
output_nominal_mn_AZN,2003,18,17.1
output_nominal_mn_AZN,2003,19,634.3
output_nominal_mn_AZN,2003,20,136.7
output_nominal_mn_AZN,2003,21,0.9
output_nominal_mn_AZN,2003,22,12.0
output_nominal_mn_AZN,2003,23,67.7
output_nominal_mn_AZN,2003,24,108.8
output_nominal_mn_AZN,2003,25,41.6
output_nominal_mn_AZN,2003,26,3.0
output_nominal_mn_AZN,2003,27,6.9
output_nominal_mn_AZN,2003,28,38.6
output_nominal_mn_AZN,2003,29,2.2
output_nominal_mn_AZN,2003,30,4.6
output_nominal_mn_AZN,2003,31,5.3
output_nominal_mn_AZN,2003,32,3.7
output_nominal_mn_AZN,2003,33,72.3
output_nominal_mn_AZN,2003,35,377.0
output_nominal_mn_AZN,2003,36,39.4
output_nominal_mn_AZN,2004,06,2729.5
output_nominal_mn_AZN,2004,07,0.6
output_nominal_mn_AZN,2004,08,12.9
output_nominal_mn_AZN,2004,09,215.3
output_nominal_mn_AZN,2004,10,986.6
output_nominal_mn_AZN,2004,11,49.8
output_nominal_mn_AZN,2004,12,21.0
output_nominal_mn_AZN,2004,13,19.7
output_nominal_mn_AZN,2004,14,9.9
output_nominal_mn_AZN,2004,15,4.7
output_nominal_mn_AZN,2004,16,4.6
output_nominal_mn_AZN,2004,17,2.3
output_nominal_mn_AZN,2004,18,18.7
output_nominal_mn_AZN,2004,19,709.7
output_nominal_mn_AZN,2004,20,179.3
output_nominal_mn_AZN,2004,21,0.9
output_nominal_mn_AZN,2004,22,19.8
output_nominal_mn_AZN,2004,23,106.3
output_nominal_mn_AZN,2004,24,192.7
output_nominal_mn_AZN,2004,25,53.1
output_nominal_mn_AZN,2004,26,3.1
output_nominal_mn_AZN,2004,27,11.0
output_nominal_mn_AZN,2004,28,44.0
output_nominal_mn_AZN,2004,29,2.6
output_nominal_mn_AZN,2004,30,13.6
output_nominal_mn_AZN,2004,31,12.4
output_nominal_mn_AZN,2004,32,9.0
output_nominal_mn_AZN,2004,33,67.6
output_nominal_mn_AZN,2004,35,413.2
output_nominal_mn_AZN,2004,36,47.5
output_nominal_mn_AZN,2005,06,5370.2
output_nominal_mn_AZN,2005,07,0.2
output_nominal_mn_AZN,2005,08,23.8
output_nominal_mn_AZN,2005,09,278.5
output_nominal_mn_AZN,2005,10,1094.5
output_nominal_mn_AZN,2005,11,72.5
output_nominal_mn_AZN,2005,12,30.5
output_nominal_mn_AZN,2005,13,34.8
output_nominal_mn_AZN,2005,14,16.3
output_nominal_mn_AZN,2005,15,4.5
output_nominal_mn_AZN,2005,16,9.6
output_nominal_mn_AZN,2005,17,3.1
output_nominal_mn_AZN,2005,18,23.1
output_nominal_mn_AZN,2005,19,836.8
output_nominal_mn_AZN,2005,20,198.3
output_nominal_mn_AZN,2005,21,0.7
output_nominal_mn_AZN,2005,22,23.5
output_nominal_mn_AZN,2005,23,135.4
output_nominal_mn_AZN,2005,24,271.9
output_nominal_mn_AZN,2005,25,56.3
output_nominal_mn_AZN,2005,26,7.3
output_nominal_mn_AZN,2005,27,18.6
output_nominal_mn_AZN,2005,28,32.8
output_nominal_mn_AZN,2005,29,5.2
output_nominal_mn_AZN,2005,30,13.4
output_nominal_mn_AZN,2005,31,17.5
output_nominal_mn_AZN,2005,32,18.7
output_nominal_mn_AZN,2005,33,147.8
output_nominal_mn_AZN,2005,35,480.8
output_nominal_mn_AZN,2005,36,82.2
output_nominal_mn_AZN,2006,06,10207.8
output_nominal_mn_AZN,2006,07,0.3
output_nominal_mn_AZN,2006,08,28.2
output_nominal_mn_AZN,2006,09,329.6
output_nominal_mn_AZN,2006,10,1154.3
output_nominal_mn_AZN,2006,11,97.0
output_nominal_mn_AZN,2006,12,27.0
output_nominal_mn_AZN,2006,13,52.9
output_nominal_mn_AZN,2006,14,19.1
output_nominal_mn_AZN,2006,15,6.9
output_nominal_mn_AZN,2006,16,12.2
output_nominal_mn_AZN,2006,17,5.5
output_nominal_mn_AZN,2006,18,26.3
output_nominal_mn_AZN,2006,19,1821.2
output_nominal_mn_AZN,2006,20,193.5
output_nominal_mn_AZN,2006,21,1.2
output_nominal_mn_AZN,2006,22,27.7
output_nominal_mn_AZN,2006,23,165.2
output_nominal_mn_AZN,2006,24,351.8
output_nominal_mn_AZN,2006,25,51.6
output_nominal_mn_AZN,2006,26,10.9
output_nominal_mn_AZN,2006,27,23.5
output_nominal_mn_AZN,2006,28,55.7
output_nominal_mn_AZN,2006,29,4.8
output_nominal_mn_AZN,2006,30,16.0
output_nominal_mn_AZN,2006,31,19.4
output_nominal_mn_AZN,2006,32,12.0
output_nominal_mn_AZN,2006,33,155.3
output_nominal_mn_AZN,2006,35,569.3
output_nominal_mn_AZN,2006,36,97.8
output_nominal_mn_AZN,2007,06,15972.1
output_nominal_mn_AZN,2007,07,0.2
output_nominal_mn_AZN,2007,08,48.9
output_nominal_mn_AZN,2007,09,391.6
output_nominal_mn_AZN,2007,10,1254.9
output_nominal_mn_AZN,2007,11,132.0
output_nominal_mn_AZN,2007,12,22.4
output_nominal_mn_AZN,2007,13,36.0
output_nominal_mn_AZN,2007,14,23.3
output_nominal_mn_AZN,2007,15,16.2
output_nominal_mn_AZN,2007,16,18.4
output_nominal_mn_AZN,2007,17,6.6
output_nominal_mn_AZN,2007,18,30.6
output_nominal_mn_AZN,2007,19,2118.2
output_nominal_mn_AZN,2007,20,212.3
output_nominal_mn_AZN,2007,21,0.7
output_nominal_mn_AZN,2007,22,37.1
output_nominal_mn_AZN,2007,23,253.0
output_nominal_mn_AZN,2007,24,278.7
output_nominal_mn_AZN,2007,25,125.0
output_nominal_mn_AZN,2007,26,18.0
output_nominal_mn_AZN,2007,27,35.0
output_nominal_mn_AZN,2007,28,81.6
output_nominal_mn_AZN,2007,29,17.1
output_nominal_mn_AZN,2007,30,16.1
output_nominal_mn_AZN,2007,31,25.9
output_nominal_mn_AZN,2007,32,13.3
output_nominal_mn_AZN,2007,33,146.8
output_nominal_mn_AZN,2007,35,1024.6
output_nominal_mn_AZN,2007,36,139.0
output_nominal_mn_AZN,2008,06,22149.3
output_nominal_mn_AZN,2008,07,2.5
output_nominal_mn_AZN,2008,08,48.0
output_nominal_mn_AZN,2008,09,431.5
output_nominal_mn_AZN,2008,10,1381.0
output_nominal_mn_AZN,2008,11,147.2
output_nominal_mn_AZN,2008,12,21.7
output_nominal_mn_AZN,2008,13,50.4
output_nominal_mn_AZN,2008,14,26.1
output_nominal_mn_AZN,2008,15,17.0
output_nominal_mn_AZN,2008,16,15.6
output_nominal_mn_AZN,2008,17,10.6
output_nominal_mn_AZN,2008,18,46.3
output_nominal_mn_AZN,2008,19,2400.0
output_nominal_mn_AZN,2008,20,219.1
output_nominal_mn_AZN,2008,21,0.7
output_nominal_mn_AZN,2008,22,70.0
output_nominal_mn_AZN,2008,23,352.5
output_nominal_mn_AZN,2008,24,348.9
output_nominal_mn_AZN,2008,25,166.7
output_nominal_mn_AZN,2008,26,21.6
output_nominal_mn_AZN,2008,27,45.7
output_nominal_mn_AZN,2008,28,91.0
output_nominal_mn_AZN,2008,29,17.3
output_nominal_mn_AZN,2008,30,16.5
output_nominal_mn_AZN,2008,31,32.8
output_nominal_mn_AZN,2008,32,13.2
output_nominal_mn_AZN,2008,33,188.1
output_nominal_mn_AZN,2008,35,1280.4
output_nominal_mn_AZN,2008,36,161.6
output_nominal_mn_AZN,2009,06,15981.3
output_nominal_mn_AZN,2009,07,6.2
output_nominal_mn_AZN,2009,08,36.8
output_nominal_mn_AZN,2009,09,435.4
output_nominal_mn_AZN,2009,10,1520.3
output_nominal_mn_AZN,2009,11,153.2
output_nominal_mn_AZN,2009,12,21.7
output_nominal_mn_AZN,2009,13,33.9
output_nominal_mn_AZN,2009,14,26.4
output_nominal_mn_AZN,2009,15,17.1
output_nominal_mn_AZN,2009,16,10.6
output_nominal_mn_AZN,2009,17,10.9
output_nominal_mn_AZN,2009,18,43.2
output_nominal_mn_AZN,2009,19,1844.8
output_nominal_mn_AZN,2009,20,132.1
output_nominal_mn_AZN,2009,21,0.7
output_nominal_mn_AZN,2009,22,59.8
output_nominal_mn_AZN,2009,23,369.6
output_nominal_mn_AZN,2009,24,88.8
output_nominal_mn_AZN,2009,25,101.2
output_nominal_mn_AZN,2009,26,36.2
output_nominal_mn_AZN,2009,27,40.3
output_nominal_mn_AZN,2009,28,93.3
output_nominal_mn_AZN,2009,29,0.5
output_nominal_mn_AZN,2009,30,21.1
output_nominal_mn_AZN,2009,31,35.7
output_nominal_mn_AZN,2009,32,8.4
output_nominal_mn_AZN,2009,33,166.3
output_nominal_mn_AZN,2009,35,1148.3
output_nominal_mn_AZN,2009,36,119.5
output_nominal_mn_AZN,2010,06,20198.7
output_nominal_mn_AZN,2010,07,62.5
output_nominal_mn_AZN,2010,08,59.0
output_nominal_mn_AZN,2010,09,542.4
output_nominal_mn_AZN,2010,10,1924.6
output_nominal_mn_AZN,2010,11,170.2
output_nominal_mn_AZN,2010,12,22.3
output_nominal_mn_AZN,2010,13,29.4
output_nominal_mn_AZN,2010,14,34.7
output_nominal_mn_AZN,2010,15,20.9
output_nominal_mn_AZN,2010,16,12.1
output_nominal_mn_AZN,2010,17,11.5
output_nominal_mn_AZN,2010,18,38.4
output_nominal_mn_AZN,2010,19,2160.6
output_nominal_mn_AZN,2010,20,120.3
output_nominal_mn_AZN,2010,21,1.0
output_nominal_mn_AZN,2010,22,43.3
output_nominal_mn_AZN,2010,23,452.2
output_nominal_mn_AZN,2010,24,135.2
output_nominal_mn_AZN,2010,25,135.1
output_nominal_mn_AZN,2010,26,54.6
output_nominal_mn_AZN,2010,27,75.0
output_nominal_mn_AZN,2010,28,151.2
output_nominal_mn_AZN,2010,29,3.0
output_nominal_mn_AZN,2010,30,10.2
output_nominal_mn_AZN,2010,31,51.5
output_nominal_mn_AZN,2010,32,12.1
output_nominal_mn_AZN,2010,33,66.3
output_nominal_mn_AZN,2010,35,1225.5
output_nominal_mn_AZN,2010,36,154.5
output_nominal_mn_AZN,2011,06,26055.4
output_nominal_mn_AZN,2011,07,74.3
output_nominal_mn_AZN,2011,08,83.2
output_nominal_mn_AZN,2011,09,681.4
output_nominal_mn_AZN,2011,10,2107.6
output_nominal_mn_AZN,2011,11,169.0
output_nominal_mn_AZN,2011,12,22.8
output_nominal_mn_AZN,2011,13,52.3
output_nominal_mn_AZN,2011,14,38.5
output_nominal_mn_AZN,2011,15,20.0
output_nominal_mn_AZN,2011,16,14.4
output_nominal_mn_AZN,2011,17,27.9
output_nominal_mn_AZN,2011,18,45.4
output_nominal_mn_AZN,2011,19,2483.8
output_nominal_mn_AZN,2011,20,189.0
output_nominal_mn_AZN,2011,21,1.9
output_nominal_mn_AZN,2011,22,78.9
output_nominal_mn_AZN,2011,23,280.7
output_nominal_mn_AZN,2011,24,195.6
output_nominal_mn_AZN,2011,25,105.1
output_nominal_mn_AZN,2011,26,72.5
output_nominal_mn_AZN,2011,27,171.6
output_nominal_mn_AZN,2011,28,156.7
output_nominal_mn_AZN,2011,29,3.8
output_nominal_mn_AZN,2011,30,10.3
output_nominal_mn_AZN,2011,31,45.7
output_nominal_mn_AZN,2011,32,4.9
output_nominal_mn_AZN,2011,33,94.0
output_nominal_mn_AZN,2011,35,1555.9
output_nominal_mn_AZN,2011,36,184.3
output_nominal_mn_AZN,2012,06,24747.0
output_nominal_mn_AZN,2012,07,68.1
output_nominal_mn_AZN,2012,08,66.4
output_nominal_mn_AZN,2012,09,725.7
output_nominal_mn_AZN,2012,10,2574.8
output_nominal_mn_AZN,2012,11,175.5
output_nominal_mn_AZN,2012,12,19.6
output_nominal_mn_AZN,2012,13,57.7
output_nominal_mn_AZN,2012,14,36.8
output_nominal_mn_AZN,2012,15,29.6
output_nominal_mn_AZN,2012,16,11.8
output_nominal_mn_AZN,2012,17,17.3
output_nominal_mn_AZN,2012,18,43.0
output_nominal_mn_AZN,2012,19,2376.0
output_nominal_mn_AZN,2012,20,180.6
output_nominal_mn_AZN,2012,21,1.7
output_nominal_mn_AZN,2012,22,71.6
output_nominal_mn_AZN,2012,23,323.0
output_nominal_mn_AZN,2012,24,347.1
output_nominal_mn_AZN,2012,25,171.2
output_nominal_mn_AZN,2012,26,66.5
output_nominal_mn_AZN,2012,27,186.1
output_nominal_mn_AZN,2012,28,151.5
output_nominal_mn_AZN,2012,29,4.5
output_nominal_mn_AZN,2012,30,10.5
output_nominal_mn_AZN,2012,31,38.7
output_nominal_mn_AZN,2012,32,10.0
output_nominal_mn_AZN,2012,33,126.7
output_nominal_mn_AZN,2012,35,1724.3
output_nominal_mn_AZN,2012,36,201.7
output_nominal_mn_AZN,2013,06,23657.8
output_nominal_mn_AZN,2013,07,51.2
output_nominal_mn_AZN,2013,08,65.3
output_nominal_mn_AZN,2013,09,881.0
output_nominal_mn_AZN,2013,10,2286.4
output_nominal_mn_AZN,2013,11,218.6
output_nominal_mn_AZN,2013,12,13.1
output_nominal_mn_AZN,2013,13,52.0
output_nominal_mn_AZN,2013,14,73.3
output_nominal_mn_AZN,2013,15,21.8
output_nominal_mn_AZN,2013,16,54.9
output_nominal_mn_AZN,2013,17,21.9
output_nominal_mn_AZN,2013,18,50.3
output_nominal_mn_AZN,2013,19,2434.2
output_nominal_mn_AZN,2013,20,200.3
output_nominal_mn_AZN,2013,21,3.2
output_nominal_mn_AZN,2013,22,130.7
output_nominal_mn_AZN,2013,23,411.6
output_nominal_mn_AZN,2013,24,305.2
output_nominal_mn_AZN,2013,25,131.0
output_nominal_mn_AZN,2013,26,106.3
output_nominal_mn_AZN,2013,27,180.4
output_nominal_mn_AZN,2013,28,257.0
output_nominal_mn_AZN,2013,29,5.7
output_nominal_mn_AZN,2013,30,12.5
output_nominal_mn_AZN,2013,31,49.5
output_nominal_mn_AZN,2013,32,38.4
output_nominal_mn_AZN,2013,33,186.6
output_nominal_mn_AZN,2013,35,1772.8
output_nominal_mn_AZN,2013,36,225.1
output_nominal_mn_AZN,2014,06,20976.7
output_nominal_mn_AZN,2014,07,55.0
output_nominal_mn_AZN,2014,08,49.0
output_nominal_mn_AZN,2014,09,900.2
output_nominal_mn_AZN,2014,10,2422.0
output_nominal_mn_AZN,2014,11,220.2
output_nominal_mn_AZN,2014,12,24.6
output_nominal_mn_AZN,2014,13,49.6
output_nominal_mn_AZN,2014,14,67.8
output_nominal_mn_AZN,2014,15,19.6
output_nominal_mn_AZN,2014,16,49.9
output_nominal_mn_AZN,2014,17,25.4
output_nominal_mn_AZN,2014,18,34.1
output_nominal_mn_AZN,2014,19,2852.7
output_nominal_mn_AZN,2014,20,247.2
output_nominal_mn_AZN,2014,21,2.7
output_nominal_mn_AZN,2014,22,123.5
output_nominal_mn_AZN,2014,23,523.7
output_nominal_mn_AZN,2014,24,281.2
output_nominal_mn_AZN,2014,25,154.5
output_nominal_mn_AZN,2014,26,65.4
output_nominal_mn_AZN,2014,27,162.3
output_nominal_mn_AZN,2014,28,278.5
output_nominal_mn_AZN,2014,29,82.4
output_nominal_mn_AZN,2014,30,13.4
output_nominal_mn_AZN,2014,31,43.5
output_nominal_mn_AZN,2014,32,37.5
output_nominal_mn_AZN,2014,33,278.9
output_nominal_mn_AZN,2014,35,1835.4
output_nominal_mn_AZN,2014,36,233.4
output_nominal_mn_AZN,2015,06,14723.3
output_nominal_mn_AZN,2015,07,87.4
output_nominal_mn_AZN,2015,08,53.8
output_nominal_mn_AZN,2015,09,1497.8
output_nominal_mn_AZN,2015,10,2307.6
output_nominal_mn_AZN,2015,11,197.7
output_nominal_mn_AZN,2015,12,27.2
output_nominal_mn_AZN,2015,13,31.7
output_nominal_mn_AZN,2015,14,75.2
output_nominal_mn_AZN,2015,15,12.2
output_nominal_mn_AZN,2015,16,56.4
output_nominal_mn_AZN,2015,17,34.4
output_nominal_mn_AZN,2015,18,39.6
output_nominal_mn_AZN,2015,19,2473.6
output_nominal_mn_AZN,2015,20,353.2
output_nominal_mn_AZN,2015,21,3.0
output_nominal_mn_AZN,2015,22,157.4
output_nominal_mn_AZN,2015,23,474.9
output_nominal_mn_AZN,2015,24,212.6
output_nominal_mn_AZN,2015,25,174.1
output_nominal_mn_AZN,2015,26,74.8
output_nominal_mn_AZN,2015,27,102.5
output_nominal_mn_AZN,2015,28,198.8
output_nominal_mn_AZN,2015,29,105.6
output_nominal_mn_AZN,2015,30,11.2
output_nominal_mn_AZN,2015,31,48.6
output_nominal_mn_AZN,2015,32,40.6
output_nominal_mn_AZN,2015,33,667.5
output_nominal_mn_AZN,2015,35,1887.2
output_nominal_mn_AZN,2015,36,239.5
output_nominal_mn_AZN,2016,06,18853.0
output_nominal_mn_AZN,2016,07,127.6
output_nominal_mn_AZN,2016,08,37.5
output_nominal_mn_AZN,2016,09,2173.8
output_nominal_mn_AZN,2016,10,2964.7
output_nominal_mn_AZN,2016,11,223.9
output_nominal_mn_AZN,2016,12,41.5
output_nominal_mn_AZN,2016,13,96.8
output_nominal_mn_AZN,2016,14,86.7
output_nominal_mn_AZN,2016,15,13.6
output_nominal_mn_AZN,2016,16,55.0
output_nominal_mn_AZN,2016,17,61.2
output_nominal_mn_AZN,2016,18,59.4
output_nominal_mn_AZN,2016,19,2472.8
output_nominal_mn_AZN,2016,20,374.2
output_nominal_mn_AZN,2016,21,1.0
output_nominal_mn_AZN,2016,22,253.1
output_nominal_mn_AZN,2016,23,471.9
output_nominal_mn_AZN,2016,24,287.5
output_nominal_mn_AZN,2016,25,161.6
output_nominal_mn_AZN,2016,26,89.4
output_nominal_mn_AZN,2016,27,82.2
output_nominal_mn_AZN,2016,28,154.9
output_nominal_mn_AZN,2016,29,155.1
output_nominal_mn_AZN,2016,30,11.2
output_nominal_mn_AZN,2016,31,57.9
output_nominal_mn_AZN,2016,32,40.7
output_nominal_mn_AZN,2016,33,683.2
output_nominal_mn_AZN,2016,35,1937.8
output_nominal_mn_AZN,2016,36,271.0
output_nominal_mn_AZN,2017,06,24374.9
output_nominal_mn_AZN,2017,07,262.1
output_nominal_mn_AZN,2017,08,59.3
output_nominal_mn_AZN,2017,09,3337.2
output_nominal_mn_AZN,2017,10,2999.8
output_nominal_mn_AZN,2017,11,263.4
output_nominal_mn_AZN,2017,12,39.2
output_nominal_mn_AZN,2017,13,182.3
output_nominal_mn_AZN,2017,14,104.0
output_nominal_mn_AZN,2017,15,18.0
output_nominal_mn_AZN,2017,16,58.3
output_nominal_mn_AZN,2017,17,73.0
output_nominal_mn_AZN,2017,18,66.4
output_nominal_mn_AZN,2017,19,2555.7
output_nominal_mn_AZN,2017,20,513.9
output_nominal_mn_AZN,2017,21,1.3
output_nominal_mn_AZN,2017,22,304.2
output_nominal_mn_AZN,2017,23,674.0
output_nominal_mn_AZN,2017,24,498.6
output_nominal_mn_AZN,2017,25,300.3
output_nominal_mn_AZN,2017,26,80.0
output_nominal_mn_AZN,2017,27,159.5
output_nominal_mn_AZN,2017,28,196.4
output_nominal_mn_AZN,2017,29,84.2
output_nominal_mn_AZN,2017,30,13.7
output_nominal_mn_AZN,2017,31,66.5
output_nominal_mn_AZN,2017,32,50.5
output_nominal_mn_AZN,2017,33,420.3
output_nominal_mn_AZN,2017,35,1839.8
output_nominal_mn_AZN,2017,36,295.7
output_nominal_mn_AZN,2018,06,31417.2
output_nominal_mn_AZN,2018,07,249.1
output_nominal_mn_AZN,2018,08,55.8
output_nominal_mn_AZN,2018,09,3209.4
output_nominal_mn_AZN,2018,10,3050.8
output_nominal_mn_AZN,2018,11,295.0
output_nominal_mn_AZN,2018,12,56.1
output_nominal_mn_AZN,2018,13,248.3
output_nominal_mn_AZN,2018,14,103.6
output_nominal_mn_AZN,2018,15,26.1
output_nominal_mn_AZN,2018,16,57.6
output_nominal_mn_AZN,2018,17,76.7
output_nominal_mn_AZN,2018,18,111.7
output_nominal_mn_AZN,2018,19,2830.2
output_nominal_mn_AZN,2018,20,528.0
output_nominal_mn_AZN,2018,21,1.3
output_nominal_mn_AZN,2018,22,334.0
output_nominal_mn_AZN,2018,23,731.5
output_nominal_mn_AZN,2018,24,624.9
output_nominal_mn_AZN,2018,25,220.7
output_nominal_mn_AZN,2018,26,89.9
output_nominal_mn_AZN,2018,27,205.2
output_nominal_mn_AZN,2018,28,169.8
output_nominal_mn_AZN,2018,29,116.5
output_nominal_mn_AZN,2018,30,7.1
output_nominal_mn_AZN,2018,31,111.8
output_nominal_mn_AZN,2018,32,60.5
output_nominal_mn_AZN,2018,33,408.10000000000036
output_nominal_mn_AZN,2018,35,1961.2
output_nominal_mn_AZN,2018,36,318.9
output_nominal_mn_AZN,2019,06,29258.1
output_nominal_mn_AZN,2019,07,314.1
output_nominal_mn_AZN,2019,08,71.9
output_nominal_mn_AZN,2019,09,3213.4
output_nominal_mn_AZN,2019,10,3584.8
output_nominal_mn_AZN,2019,11,433.1
output_nominal_mn_AZN,2019,12,248.9
output_nominal_mn_AZN,2019,13,304.3
output_nominal_mn_AZN,2019,14,111.7
output_nominal_mn_AZN,2019,15,21.8
output_nominal_mn_AZN,2019,16,63.0
output_nominal_mn_AZN,2019,17,107.3
output_nominal_mn_AZN,2019,18,92.6
output_nominal_mn_AZN,2019,19,2918.1
output_nominal_mn_AZN,2019,20,599.6
output_nominal_mn_AZN,2019,21,3.5
output_nominal_mn_AZN,2019,22,391.5
output_nominal_mn_AZN,2019,23,746.3
output_nominal_mn_AZN,2019,24,575.9
output_nominal_mn_AZN,2019,25,245.8
output_nominal_mn_AZN,2019,26,85.9
output_nominal_mn_AZN,2019,27,231.2
output_nominal_mn_AZN,2019,28,220.8
output_nominal_mn_AZN,2019,29,97.6
output_nominal_mn_AZN,2019,30,7.2
output_nominal_mn_AZN,2019,31,120.7
output_nominal_mn_AZN,2019,32,78.3
output_nominal_mn_AZN,2019,33,503.9
output_nominal_mn_AZN,2019,35,2011.6
output_nominal_mn_AZN,2019,36,336.3
output_nominal_mn_AZN,2020,06,19341.2
output_nominal_mn_AZN,2020,07,391.1
output_nominal_mn_AZN,2020,08,81.5
output_nominal_mn_AZN,2020,09,3022.5
output_nominal_mn_AZN,2020,10,3884.3
output_nominal_mn_AZN,2020,11,427.6
output_nominal_mn_AZN,2020,12,436.0
output_nominal_mn_AZN,2020,13,240.9
output_nominal_mn_AZN,2020,14,112.8
output_nominal_mn_AZN,2020,15,25.8
output_nominal_mn_AZN,2020,16,67.1
output_nominal_mn_AZN,2020,17,104.3
output_nominal_mn_AZN,2020,18,85.8
output_nominal_mn_AZN,2020,19,2726.6
output_nominal_mn_AZN,2020,20,662.8
output_nominal_mn_AZN,2020,21,7.2
output_nominal_mn_AZN,2020,22,375.4
output_nominal_mn_AZN,2020,23,742.9
output_nominal_mn_AZN,2020,24,529.6
output_nominal_mn_AZN,2020,25,265.2
output_nominal_mn_AZN,2020,26,75.5
output_nominal_mn_AZN,2020,27,215.4
output_nominal_mn_AZN,2020,28,262.1
output_nominal_mn_AZN,2020,29,74.9
output_nominal_mn_AZN,2020,30,6.1
output_nominal_mn_AZN,2020,31,119.1
output_nominal_mn_AZN,2020,32,76.4
output_nominal_mn_AZN,2020,33,324.5
output_nominal_mn_AZN,2020,35,2253.2
output_nominal_mn_AZN,2020,36,332.1
output_nominal_mn_AZN,2021,06,33710.1
output_nominal_mn_AZN,2021,07,387.5
output_nominal_mn_AZN,2021,08,100.0
output_nominal_mn_AZN,2021,09,2024.8
output_nominal_mn_AZN,2021,10,4495.6
output_nominal_mn_AZN,2021,11,490.9
output_nominal_mn_AZN,2021,12,677.9
output_nominal_mn_AZN,2021,13,369.5
output_nominal_mn_AZN,2021,14,130.0
output_nominal_mn_AZN,2021,15,22.3
output_nominal_mn_AZN,2021,16,65.2
output_nominal_mn_AZN,2021,17,125.4
output_nominal_mn_AZN,2021,18,88.6
output_nominal_mn_AZN,2021,19,3721.8
output_nominal_mn_AZN,2021,20,1699.3
output_nominal_mn_AZN,2021,21,10.4
output_nominal_mn_AZN,2021,22,393.5
output_nominal_mn_AZN,2021,23,881.6
output_nominal_mn_AZN,2021,24,846.8
output_nominal_mn_AZN,2021,25,381.6
output_nominal_mn_AZN,2021,26,48.5
output_nominal_mn_AZN,2021,27,210.3
output_nominal_mn_AZN,2021,28,363.3
output_nominal_mn_AZN,2021,29,87.5
output_nominal_mn_AZN,2021,30,4.7
output_nominal_mn_AZN,2021,31,176.3
output_nominal_mn_AZN,2021,32,80.0
output_nominal_mn_AZN,2021,33,516.0
output_nominal_mn_AZN,2021,35,2672.1
output_nominal_mn_AZN,2021,36,447.6
output_nominal_mn_AZN,2022,06,62296.3
output_nominal_mn_AZN,2022,07,361.4
output_nominal_mn_AZN,2022,08,180.3
output_nominal_mn_AZN,2022,09,1907.3
output_nominal_mn_AZN,2022,10,4890.9
output_nominal_mn_AZN,2022,11,563.0
output_nominal_mn_AZN,2022,12,768.9
output_nominal_mn_AZN,2022,13,388.6
output_nominal_mn_AZN,2022,14,162.3
output_nominal_mn_AZN,2022,15,25.3
output_nominal_mn_AZN,2022,16,69.2
output_nominal_mn_AZN,2022,17,153.9
output_nominal_mn_AZN,2022,18,90.7
output_nominal_mn_AZN,2022,19,4436.9
output_nominal_mn_AZN,2022,20,1836.3
output_nominal_mn_AZN,2022,21,16.4
output_nominal_mn_AZN,2022,22,482.3
output_nominal_mn_AZN,2022,23,1082.3
output_nominal_mn_AZN,2022,24,1058.7
output_nominal_mn_AZN,2022,25,423.9
output_nominal_mn_AZN,2022,26,50.8
output_nominal_mn_AZN,2022,27,186.9
output_nominal_mn_AZN,2022,28,383.8
output_nominal_mn_AZN,2022,29,130.0
output_nominal_mn_AZN,2022,30,12.2
output_nominal_mn_AZN,2022,31,223.5
output_nominal_mn_AZN,2022,32,98.5
output_nominal_mn_AZN,2022,33,581.1
output_nominal_mn_AZN,2022,35,3016.3
output_nominal_mn_AZN,2022,36,505.4
output_nominal_mn_AZN,2023,06,42131.2
output_nominal_mn_AZN,2023,07,338.1
output_nominal_mn_AZN,2023,08,234.1
output_nominal_mn_AZN,2023,09,2414.1
output_nominal_mn_AZN,2023,10,4547.6
output_nominal_mn_AZN,2023,11,703.1
output_nominal_mn_AZN,2023,12,949.3
output_nominal_mn_AZN,2023,13,372.3
output_nominal_mn_AZN,2023,14,125.2
output_nominal_mn_AZN,2023,15,24.8
output_nominal_mn_AZN,2023,16,36.9
output_nominal_mn_AZN,2023,17,168.8
output_nominal_mn_AZN,2023,18,122.3
output_nominal_mn_AZN,2023,19,4525.4
output_nominal_mn_AZN,2023,20,1615.2
output_nominal_mn_AZN,2023,21,21.1
output_nominal_mn_AZN,2023,22,634.5
output_nominal_mn_AZN,2023,23,1191.0
output_nominal_mn_AZN,2023,24,1009.8
output_nominal_mn_AZN,2023,25,353.1
output_nominal_mn_AZN,2023,26,66.1
output_nominal_mn_AZN,2023,27,217.3
output_nominal_mn_AZN,2023,28,564.7
output_nominal_mn_AZN,2023,29,193.7
output_nominal_mn_AZN,2023,30,8.7
output_nominal_mn_AZN,2023,31,306.1
output_nominal_mn_AZN,2023,32,90.6
output_nominal_mn_AZN,2023,33,583.6
output_nominal_mn_AZN,2023,35,3140.4
output_nominal_mn_AZN,2023,36,606.9
output_nominal_mn_AZN,2024,06,38241.700000000004
output_nominal_mn_AZN,2024,07,383.1
output_nominal_mn_AZN,2024,08,264.2
output_nominal_mn_AZN,2024,09,2564.3999999999996
output_nominal_mn_AZN,2024,10,4690.6
output_nominal_mn_AZN,2024,11,811.4
output_nominal_mn_AZN,2024,12,996.5
output_nominal_mn_AZN,2024,13,349.8
output_nominal_mn_AZN,2024,14,156.89999999999998
output_nominal_mn_AZN,2024,15,44.3
output_nominal_mn_AZN,2024,16,28.200000000000003
output_nominal_mn_AZN,2024,17,228.8
output_nominal_mn_AZN,2024,18,148.79999999999998
output_nominal_mn_AZN,2024,19,4847.2
output_nominal_mn_AZN,2024,20,1539.1
output_nominal_mn_AZN,2024,21,20.2
output_nominal_mn_AZN,2024,22,542.8
output_nominal_mn_AZN,2024,23,1438.6000000000001
output_nominal_mn_AZN,2024,24,966.8
output_nominal_mn_AZN,2024,25,429.90000000000003
output_nominal_mn_AZN,2024,26,74.1
output_nominal_mn_AZN,2024,27,253.5
output_nominal_mn_AZN,2024,28,528.1
output_nominal_mn_AZN,2024,29,267.7
output_nominal_mn_AZN,2024,30,17.5
output_nominal_mn_AZN,2024,31,397.8
output_nominal_mn_AZN,2024,32,91.1
output_nominal_mn_AZN,2024,33,656.1
output_nominal_mn_AZN,2024,35,3243.7
output_nominal_mn_AZN,2024,36,644.5
output_nominal_mn_AZN,2025,06,33349.0
output_nominal_mn_AZN,2025,07,729.9
output_nominal_mn_AZN,2025,08,244.8
output_nominal_mn_AZN,2025,09,2698.4
output_nominal_mn_AZN,2025,10,4984.5
output_nominal_mn_AZN,2025,11,916.2
output_nominal_mn_AZN,2025,12,1116.9
output_nominal_mn_AZN,2025,13,412.5
output_nominal_mn_AZN,2025,14,198.0
output_nominal_mn_AZN,2025,15,35.3
output_nominal_mn_AZN,2025,16,37.6
output_nominal_mn_AZN,2025,17,271.6
output_nominal_mn_AZN,2025,18,154.2
output_nominal_mn_AZN,2025,19,5494.4
output_nominal_mn_AZN,2025,20,1581.3
output_nominal_mn_AZN,2025,21,29.9
output_nominal_mn_AZN,2025,22,655.7
output_nominal_mn_AZN,2025,23,1484.4
output_nominal_mn_AZN,2025,24,1127.0
output_nominal_mn_AZN,2025,25,745.5
output_nominal_mn_AZN,2025,26,69.1
output_nominal_mn_AZN,2025,27,276.2
output_nominal_mn_AZN,2025,28,130.5
output_nominal_mn_AZN,2025,29,339.2
output_nominal_mn_AZN,2025,30,41.7
output_nominal_mn_AZN,2025,31,392.5
output_nominal_mn_AZN,2025,32,120.7
output_nominal_mn_AZN,2025,33,1096.5
output_nominal_mn_AZN,2025,35,3612.8
output_nominal_mn_AZN,2025,36,664.7
output_real_mn_AZN_2015,1991,06,5790.291537850952
output_real_mn_AZN_2015,1991,07,7.3876137317668915
output_real_mn_AZN_2015,1991,08,57.94969581060861
output_real_mn_AZN_2015,1991,10,11363.189215230692
output_real_mn_AZN_2015,1991,11,257.4846674593387
output_real_mn_AZN_2015,1991,12,91.1133927294534
output_real_mn_AZN_2015,1991,13,1561.8279428715155
output_real_mn_AZN_2015,1991,14,483.7522282201969
output_real_mn_AZN_2015,1991,15,25.805087316857755
output_real_mn_AZN_2015,1991,16,463.46518907811384
output_real_mn_AZN_2015,1991,17,80.91608035033022
output_real_mn_AZN_2015,1991,18,7.32677749002107
output_real_mn_AZN_2015,1991,19,4611.748743394346
output_real_mn_AZN_2015,1991,20,588.4401922200956
output_real_mn_AZN_2015,1991,21,47.659686394099225
output_real_mn_AZN_2015,1991,22,4928.719349847032
output_real_mn_AZN_2015,1991,23,194.63742723958617
output_real_mn_AZN_2015,1991,24,517.482239137144
output_real_mn_AZN_2015,1991,25,74.40326973584655
output_real_mn_AZN_2015,1991,26,951.1976720051042
output_real_mn_AZN_2015,1991,27,127.7277779597983
output_real_mn_AZN_2015,1991,28,510.0211771104854
output_real_mn_AZN_2015,1991,29,0.020414113578841604
output_real_mn_AZN_2015,1991,30,0.09432459393293507
output_real_mn_AZN_2015,1991,31,202.30274861134916
output_real_mn_AZN_2015,1991,35,1604.0579897479124
output_real_mn_AZN_2015,1991,36,301.9807132825116
output_real_mn_AZN_2015,1992,06,5454.454628655598
output_real_mn_AZN_2015,1992,07,5.067903019992087
output_real_mn_AZN_2015,1992,08,49.89468809293401
output_real_mn_AZN_2015,1992,10,8067.864342813791
output_real_mn_AZN_2015,1992,11,187.19135324293924
output_real_mn_AZN_2015,1992,12,83.27764095472041
output_real_mn_AZN_2015,1992,13,1210.4166557254246
output_real_mn_AZN_2015,1992,14,341.529073123459
output_real_mn_AZN_2015,1992,15,20.54084950421877
output_real_mn_AZN_2015,1992,16,412.4840182795213
output_real_mn_AZN_2015,1992,17,40.86262057691676
output_real_mn_AZN_2015,1992,18,6.967765393010037
output_real_mn_AZN_2015,1992,19,3375.8000801646613
output_real_mn_AZN_2015,1992,20,255.97148361574156
output_real_mn_AZN_2015,1992,21,50.757566009715674
output_real_mn_AZN_2015,1992,22,2222.8524267810117
output_real_mn_AZN_2015,1992,23,160.9651523271378
output_real_mn_AZN_2015,1992,24,362.23756739600077
output_real_mn_AZN_2015,1992,25,38.61529699290436
output_real_mn_AZN_2015,1992,26,965.4656370851807
output_real_mn_AZN_2015,1992,27,90.4312667955372
output_real_mn_AZN_2015,1992,28,434.53804289813354
output_real_mn_AZN_2015,1992,29,0.011513560058466665
output_real_mn_AZN_2015,1992,30,0.1054548960170214
output_real_mn_AZN_2015,1992,31,141.40962127933307
output_real_mn_AZN_2015,1992,35,1308.9113196342964
output_real_mn_AZN_2015,1992,36,301.9807132825116
output_real_mn_AZN_2015,1993,06,4979.91707596256
output_real_mn_AZN_2015,1993,07,4.545909008932902
output_real_mn_AZN_2015,1993,08,32.33175788422124
output_real_mn_AZN_2015,1993,10,6058.966121453156
output_real_mn_AZN_2015,1993,11,150.876230713809
output_real_mn_AZN_2015,1993,12,72.2017147077426
output_real_mn_AZN_2015,1993,13,1065.1666570383736
output_real_mn_AZN_2015,1993,14,336.4061370266071
output_real_mn_AZN_2015,1993,15,21.19815668835377
output_real_mn_AZN_2015,1993,16,375.77294065264385
output_real_mn_AZN_2015,1993,17,23.98635827865014
output_real_mn_AZN_2015,1993,18,6.912023269865957
output_real_mn_AZN_2015,1993,19,3200.2584759960987
output_real_mn_AZN_2015,1993,20,185.3233541377969
output_real_mn_AZN_2015,1993,21,24.6174195147121
output_real_mn_AZN_2015,1993,22,2365.114982094997
output_real_mn_AZN_2015,1993,23,105.91507023125665
output_real_mn_AZN_2015,1993,24,222.05162881374847
output_real_mn_AZN_2015,1993,25,30.89223759432349
output_real_mn_AZN_2015,1993,26,1137.3185204863428
output_real_mn_AZN_2015,1993,27,73.79191370515835
output_real_mn_AZN_2015,1993,28,462.7830156865122
output_real_mn_AZN_2015,1993,29,0.009015117525779397
output_real_mn_AZN_2015,1993,30,0.1044003470568512
output_real_mn_AZN_2015,1993,31,141.83385014317105
output_real_mn_AZN_2015,1993,35,1235.612285734776
output_real_mn_AZN_2015,1993,36,276.3123526534981
output_real_mn_AZN_2015,1994,06,4641.282714797107
output_real_mn_AZN_2015,1994,07,1.3501349756530718
output_real_mn_AZN_2015,1994,08,17.038836404984593
output_real_mn_AZN_2015,1994,10,3920.1510805801922
output_real_mn_AZN_2015,1994,11,89.01697612114731
output_real_mn_AZN_2015,1994,12,47.00331627474043
output_real_mn_AZN_2015,1994,13,703.0099936453266
output_real_mn_AZN_2015,1994,14,282.91756123937654
output_real_mn_AZN_2015,1994,15,20.943778808093523
output_real_mn_AZN_2015,1994,16,111.98033631448787
output_real_mn_AZN_2015,1994,17,11.89723370621047
output_real_mn_AZN_2015,1994,18,5.156369359320004
output_real_mn_AZN_2015,1994,19,2883.4328868724847
output_real_mn_AZN_2015,1994,20,114.71515621129629
output_real_mn_AZN_2015,1994,21,13.244171698915109
output_real_mn_AZN_2015,1994,22,1511.3084735587029
output_real_mn_AZN_2015,1994,23,73.82280395118589
output_real_mn_AZN_2015,1994,24,58.84368163564334
output_real_mn_AZN_2015,1994,25,20.450661287442152
output_real_mn_AZN_2015,1994,26,1062.2554981342441
output_real_mn_AZN_2015,1994,27,51.359171938790205
output_real_mn_AZN_2015,1994,28,336.4432524040944
output_real_mn_AZN_2015,1994,29,0.003993697063920273
output_real_mn_AZN_2015,1994,30,0.11264797447434244
output_real_mn_AZN_2015,1994,31,124.10461887527467
output_real_mn_AZN_2015,1994,35,1093.5168728752767
output_real_mn_AZN_2015,1994,36,289.02272087555906
output_real_mn_AZN_2015,1995,06,3415.98407809067
output_real_mn_AZN_2015,1995,07,0.4752475114298813
output_real_mn_AZN_2015,1995,08,7.224466635713467
output_real_mn_AZN_2015,1995,10,2285.448079978252
output_real_mn_AZN_2015,1995,11,34.894654639489744
output_real_mn_AZN_2015,1995,12,26.69788364405256
output_real_mn_AZN_2015,1995,13,646.0661841600552
output_real_mn_AZN_2015,1995,14,157.30216404909336
output_real_mn_AZN_2015,1995,15,15.184239635867804
output_real_mn_AZN_2015,1995,16,57.44591252933228
output_real_mn_AZN_2015,1995,17,11.361858189430999
output_real_mn_AZN_2015,1995,18,4.460259495811803
output_real_mn_AZN_2015,1995,19,2597.9730310721084
output_real_mn_AZN_2015,1995,20,84.65978528393666
output_real_mn_AZN_2015,1995,21,7.840549645757745
output_real_mn_AZN_2015,1995,22,1615.5887582342532
output_real_mn_AZN_2015,1995,23,27.314437461938777
output_real_mn_AZN_2015,1995,24,31.128307585255328
output_real_mn_AZN_2015,1995,25,12.883916611088555
output_real_mn_AZN_2015,1995,26,1148.298193483118
output_real_mn_AZN_2015,1995,27,26.347255204599374
output_real_mn_AZN_2015,1995,28,197.49218916120344
output_real_mn_AZN_2015,1995,29,0.0016094599167598698
output_real_mn_AZN_2015,1995,30,0.11084560688275297
output_real_mn_AZN_2015,1995,31,92.83025491870545
output_real_mn_AZN_2015,1995,32,49.30687983321289
output_real_mn_AZN_2015,1995,33,11.951100869793462
output_real_mn_AZN_2015,1995,35,1025.7188267570095
output_real_mn_AZN_2015,1995,36,286.13249366680344
output_real_mn_AZN_2015,1996,06,3344.2484124507664
output_real_mn_AZN_2015,1996,07,0.35358414850383174
output_real_mn_AZN_2015,1996,08,5.663981842399359
output_real_mn_AZN_2015,1996,09,144.39480145983882
output_real_mn_AZN_2015,1996,10,1938.0599718215576
output_real_mn_AZN_2015,1996,11,27.70635578375486
output_real_mn_AZN_2015,1996,12,14.92411695702538
output_real_mn_AZN_2015,1996,13,500.0552265398827
output_real_mn_AZN_2015,1996,14,130.87540048884568
output_real_mn_AZN_2015,1996,15,9.596439449868452
output_real_mn_AZN_2015,1996,16,59.51396538038825
output_real_mn_AZN_2015,1996,17,15.838430316066814
output_real_mn_AZN_2015,1996,18,4.326451710937449
output_real_mn_AZN_2015,1996,19,2543.415597419594
output_real_mn_AZN_2015,1996,20,91.60188767721947
output_real_mn_AZN_2015,1996,21,29.033555338240934
output_real_mn_AZN_2015,1996,22,1256.928053906249
output_real_mn_AZN_2015,1996,23,33.21435595371755
output_real_mn_AZN_2015,1996,24,10.98829257759513
output_real_mn_AZN_2015,1996,25,11.041516535702891
output_real_mn_AZN_2015,1996,26,1462.9318984974923
output_real_mn_AZN_2015,1996,27,26.689769522259162
output_real_mn_AZN_2015,1996,28,165.6959467062497
output_real_mn_AZN_2015,1996,29,0.00531121772530757
output_real_mn_AZN_2015,1996,30,0.1381136261759102
output_real_mn_AZN_2015,1996,31,84.75402274077807
output_real_mn_AZN_2015,1996,32,27.611852706599223
output_real_mn_AZN_2015,1996,33,12.536704812413344
output_real_mn_AZN_2015,1996,35,1085.2105187089162
output_real_mn_AZN_2015,1996,36,271.82586898346324
output_real_mn_AZN_2015,1997,06,3324.182921976062
output_real_mn_AZN_2015,1997,07,0.27119904190243893
output_real_mn_AZN_2015,1997,08,6.111436407948908
output_real_mn_AZN_2015,1997,09,141.21811582772236
output_real_mn_AZN_2015,1997,10,1837.2808532868364
output_real_mn_AZN_2015,1997,11,30.44928500634659
output_real_mn_AZN_2015,1997,12,23.401015388615797
output_real_mn_AZN_2015,1997,13,214.0236369590698
output_real_mn_AZN_2015,1997,14,107.31782840085346
output_real_mn_AZN_2015,1997,15,10.133840059061086
output_real_mn_AZN_2015,1997,16,12.557446695261921
output_real_mn_AZN_2015,1997,17,12.243106634319648
output_real_mn_AZN_2015,1997,18,3.703442664562456
output_real_mn_AZN_2015,1997,19,2617.174649744763
output_real_mn_AZN_2015,1997,20,74.19752901854777
output_real_mn_AZN_2015,1997,21,8.41973104808987
output_real_mn_AZN_2015,1997,22,1018.1117236640619
output_real_mn_AZN_2015,1997,23,38.7943677539421
output_real_mn_AZN_2015,1997,24,27.37183681078947
output_real_mn_AZN_2015,1997,25,9.66132696874003
output_real_mn_AZN_2015,1997,26,3784.6048214130124
output_real_mn_AZN_2015,1997,27,27.33032399079338
output_real_mn_AZN_2015,1997,28,163.3762034523622
output_real_mn_AZN_2015,1997,29,0.005964497505520401
output_real_mn_AZN_2015,1997,30,0.15261555692438075
output_real_mn_AZN_2015,1997,31,74.32927794366236
output_real_mn_AZN_2015,1997,32,37.60734338638814
output_real_mn_AZN_2015,1997,33,16.962161611195256
output_real_mn_AZN_2015,1997,35,1013.5866244741277
output_real_mn_AZN_2015,1997,36,250.6234512027531
output_real_mn_AZN_2015,1998,06,4138.607737860198
output_real_mn_AZN_2015,1998,07,0.130989137238878
output_real_mn_AZN_2015,1998,08,17.17313630633643
output_real_mn_AZN_2015,1998,09,154.2101824838728
output_real_mn_AZN_2015,1998,10,1344.8895846059643
output_real_mn_AZN_2015,1998,11,28.652777190972138
output_real_mn_AZN_2015,1998,12,13.127969633013464
output_real_mn_AZN_2015,1998,13,129.91234763415537
output_real_mn_AZN_2015,1998,14,88.64452625910495
output_real_mn_AZN_2015,1998,15,16.59923001674206
output_real_mn_AZN_2015,1998,16,9.480872254922751
output_real_mn_AZN_2015,1998,17,6.856139715219004
output_real_mn_AZN_2015,1998,18,4.414503656158447
output_real_mn_AZN_2015,1998,19,2384.246105917479
output_real_mn_AZN_2015,1998,20,67.14876376178573
output_real_mn_AZN_2015,1998,21,7.5104000948961644
output_real_mn_AZN_2015,1998,22,819.5799375495699
output_real_mn_AZN_2015,1998,23,34.21663235897693
output_real_mn_AZN_2015,1998,24,21.10368618111868
output_real_mn_AZN_2015,1998,25,13.38093785170494
output_real_mn_AZN_2015,1998,26,2876.2996642738894
output_real_mn_AZN_2015,1998,27,25.1985587195115
output_real_mn_AZN_2015,1998,28,129.39395313427087
output_real_mn_AZN_2015,1998,29,0.0012227219886316821
output_real_mn_AZN_2015,1998,30,0.1753552749061135
output_real_mn_AZN_2015,1998,31,79.53232739971872
output_real_mn_AZN_2015,1998,32,29.596979245087464
output_real_mn_AZN_2015,1998,33,20.083199347655185
output_real_mn_AZN_2015,1998,35,1073.3882353181014
output_real_mn_AZN_2015,1998,36,224.30798882646403
output_real_mn_AZN_2015,1999,06,4966.329285432237
output_real_mn_AZN_2015,1999,07,0.07623567787302701
output_real_mn_AZN_2015,1999,08,14.97497485912537
output_real_mn_AZN_2015,1999,09,156.98596576858253
output_real_mn_AZN_2015,1999,10,1375.8220450519013
output_real_mn_AZN_2015,1999,11,41.5465269269096
output_real_mn_AZN_2015,1999,12,13.206737450811545
output_real_mn_AZN_2015,1999,13,82.49434074768867
output_real_mn_AZN_2015,1999,14,39.80139229033812
output_real_mn_AZN_2015,1999,15,10.689904130781885
output_real_mn_AZN_2015,1999,16,9.774779294825356
output_real_mn_AZN_2015,1999,17,11.723998913024497
output_real_mn_AZN_2015,1999,18,3.906835735700226
output_real_mn_AZN_2015,1999,19,2160.1269719612355
output_real_mn_AZN_2015,1999,20,82.3915331357111
output_real_mn_AZN_2015,1999,21,7.292598492144175
output_real_mn_AZN_2015,1999,22,330.2907148324766
output_real_mn_AZN_2015,1999,23,36.166980403438615
output_real_mn_AZN_2015,1999,24,13.063181746112463
output_real_mn_AZN_2015,1999,25,7.867991456802504
output_real_mn_AZN_2015,1999,26,1418.0157344870274
output_real_mn_AZN_2015,1999,27,16.958630018231236
output_real_mn_AZN_2015,1999,28,88.24667603757274
output_real_mn_AZN_2015,1999,29,0.0005355522310206767
output_real_mn_AZN_2015,1999,30,0.1546633524671921
output_real_mn_AZN_2015,1999,31,73.96506448173842
output_real_mn_AZN_2015,1999,32,27.909951428117477
output_real_mn_AZN_2015,1999,33,17.211301840940493
output_real_mn_AZN_2015,1999,35,1089.4890588478727
output_real_mn_AZN_2015,1999,36,216.68151720636425
output_real_mn_AZN_2015,2000,06,5025.925236857424
output_real_mn_AZN_2015,2000,07,0.4815807771239116
output_real_mn_AZN_2015,2000,08,10.452532451669507
output_real_mn_AZN_2015,2000,09,167.03306757777182
output_real_mn_AZN_2015,2000,10,1472.1295882055344
output_real_mn_AZN_2015,2000,11,49.10799482760714
output_real_mn_AZN_2015,2000,12,51.57230974541908
output_real_mn_AZN_2015,2000,13,101.05556741591863
output_real_mn_AZN_2015,2000,14,65.91110563279993
output_real_mn_AZN_2015,2000,15,26.2009550245464
output_real_mn_AZN_2015,2000,16,19.011945728435318
output_real_mn_AZN_2015,2000,17,12.052270882589182
output_real_mn_AZN_2015,2000,18,4.195941580142043
output_real_mn_AZN_2015,2000,19,2406.3814467648167
output_real_mn_AZN_2015,2000,20,118.14945851660973
output_real_mn_AZN_2015,2000,21,9.086577721211642
output_real_mn_AZN_2015,2000,22,253.33297827650958
output_real_mn_AZN_2015,2000,23,46.40223585761175
output_real_mn_AZN_2015,2000,24,12.98480265563579
output_real_mn_AZN_2015,2000,25,7.254288123171909
output_real_mn_AZN_2015,2000,26,523.2478060257131
output_real_mn_AZN_2015,2000,27,17.518264808832864
output_real_mn_AZN_2015,2000,28,116.83859907374631
output_real_mn_AZN_2015,2000,29,0.006193125999523106
output_real_mn_AZN_2015,2000,30,0.22116859402808467
output_real_mn_AZN_2015,2000,31,72.85558851451235
output_real_mn_AZN_2015,2000,32,27.686671816692538
output_real_mn_AZN_2015,2000,33,25.90300927061544
output_real_mn_AZN_2015,2000,35,1124.3527087310047
output_real_mn_AZN_2015,2000,36,198.48026976102963
output_real_mn_AZN_2015,2001,06,5322.454825832013
output_real_mn_AZN_2015,2001,07,0.2590904580926644
output_real_mn_AZN_2015,2001,08,10.536152711282863
output_real_mn_AZN_2015,2001,09,172.87922494299383
output_real_mn_AZN_2015,2001,10,1570.7622706153052
output_real_mn_AZN_2015,2001,11,49.79550675519364
output_real_mn_AZN_2015,2001,12,114.64524456406664
output_real_mn_AZN_2015,2001,13,79.32862042149613
output_real_mn_AZN_2015,2001,14,82.45479314663271
output_real_mn_AZN_2015,2001,15,13.650697567788674
output_real_mn_AZN_2015,2001,16,15.836950791786618
output_real_mn_AZN_2015,2001,17,20.163449186571704
output_real_mn_AZN_2015,2001,18,4.309232002805879
output_real_mn_AZN_2015,2001,19,1812.0052294139068
output_real_mn_AZN_2015,2001,20,101.72668378280098
output_real_mn_AZN_2015,2001,21,8.532296480217733
output_real_mn_AZN_2015,2001,22,134.01314550827357
output_real_mn_AZN_2015,2001,23,86.07614751586979
output_real_mn_AZN_2015,2001,24,26.99540472106681
output_real_mn_AZN_2015,2001,25,4.59921867009099
output_real_mn_AZN_2015,2001,26,525.8640450558416
output_real_mn_AZN_2015,2001,27,20.63651594480511
output_real_mn_AZN_2015,2001,28,123.14788342372862
output_real_mn_AZN_2015,2001,29,0.016009230708767228
output_real_mn_AZN_2015,2001,30,0.2264766402847587
output_real_mn_AZN_2015,2001,31,68.84853114621417
output_real_mn_AZN_2015,2001,32,23.14605763875496
output_real_mn_AZN_2015,2001,33,26.13613635405098
output_real_mn_AZN_2015,2001,35,1132.223177692122
output_real_mn_AZN_2015,2001,36,177.83832170588252
output_real_mn_AZN_2015,2002,06,5450.193741651981
output_real_mn_AZN_2015,2002,07,0.09819528361711981
output_real_mn_AZN_2015,2002,08,20.851046215628788
output_real_mn_AZN_2015,2002,09,184.4621330141744
output_real_mn_AZN_2015,2002,10,1603.7482782982265
output_real_mn_AZN_2015,2002,11,54.32689786991626
output_real_mn_AZN_2015,2002,12,81.39812364048731
output_real_mn_AZN_2015,2002,13,100.1127189719281
output_real_mn_AZN_2015,2002,14,50.95706216461901
output_real_mn_AZN_2015,2002,15,24.20268678768932
output_real_mn_AZN_2015,2002,16,19.71700373577434
output_real_mn_AZN_2015,2002,17,12.360194351368454
output_real_mn_AZN_2015,2002,18,4.718609043072437
output_real_mn_AZN_2015,2002,19,1830.1252817080458
output_real_mn_AZN_2015,2002,20,142.31563061213856
output_real_mn_AZN_2015,2002,21,7.107402968021371
output_real_mn_AZN_2015,2002,22,116.45742344668975
output_real_mn_AZN_2015,2002,23,120.42053037470184
output_real_mn_AZN_2015,2002,24,52.99197946745415
output_real_mn_AZN_2015,2002,25,5.730626462933373
output_real_mn_AZN_2015,2002,26,286.07004051037785
output_real_mn_AZN_2015,2002,27,17.25212732985707
output_real_mn_AZN_2015,2002,28,92.11461680094901
output_real_mn_AZN_2015,2002,29,0.008853104581948277
output_real_mn_AZN_2015,2002,30,0.40448727954857905
output_real_mn_AZN_2015,2002,31,32.42765816986687
output_real_mn_AZN_2015,2002,32,27.65953887831218
output_real_mn_AZN_2015,2002,33,48.58707748218077
output_real_mn_AZN_2015,2002,35,1110.7109373159715
output_real_mn_AZN_2015,2002,36,217.8519440897061
output_real_mn_AZN_2015,2003,06,5466.544322876936
output_real_mn_AZN_2015,2003,07,0.8143334870367746
output_real_mn_AZN_2015,2003,08,27.815295651648803
output_real_mn_AZN_2015,2003,09,189.99599700459964
output_real_mn_AZN_2015,2003,10,1680.7281956565414
output_real_mn_AZN_2015,2003,11,67.69131474591566
output_real_mn_AZN_2015,2003,12,83.51447485513998
output_real_mn_AZN_2015,2003,13,116.63131760229625
output_real_mn_AZN_2015,2003,14,40.40895029654287
output_real_mn_AZN_2015,2003,15,17.42593448713631
output_real_mn_AZN_2015,2003,16,19.145210627436885
output_real_mn_AZN_2015,2003,17,14.387266224992882
output_real_mn_AZN_2015,2003,18,7.629990822648131
output_real_mn_AZN_2015,2003,19,1906.9905435397839
output_real_mn_AZN_2015,2003,20,153.70088106110967
output_real_mn_AZN_2015,2003,21,10.582923019383822
output_real_mn_AZN_2015,2003,22,149.53133170554963
output_real_mn_AZN_2015,2003,23,142.577907963647
output_real_mn_AZN_2015,2003,24,95.06761116461274
output_real_mn_AZN_2015,2003,25,49.90229523922382
output_real_mn_AZN_2015,2003,26,290.07502107752316
output_real_mn_AZN_2015,2003,27,42.40572897678868
output_real_mn_AZN_2015,2003,28,100.40493231303442
output_real_mn_AZN_2015,2003,29,0.01057945997542819
output_real_mn_AZN_2015,2003,30,0.47486806619003186
output_real_mn_AZN_2015,2003,31,25.326001030666024
output_real_mn_AZN_2015,2003,32,36.67654855264195
output_real_mn_AZN_2015,2003,33,57.47851266141985
output_real_mn_AZN_2015,2003,35,1267.3211794775234
output_real_mn_AZN_2015,2003,36,300.19997895561505
output_real_mn_AZN_2015,2004,06,5510.276677459952
output_real_mn_AZN_2015,2004,07,2.6416978319472966
output_real_mn_AZN_2015,2004,08,46.81314258172494
output_real_mn_AZN_2015,2004,09,199.30580085782506
output_real_mn_AZN_2015,2004,10,1682.4089238521979
output_real_mn_AZN_2015,2004,11,88.26947442867403
output_real_mn_AZN_2015,2004,12,51.611945460476505
output_real_mn_AZN_2015,2004,13,123.62919665843403
output_real_mn_AZN_2015,2004,14,28.003402555504206
output_real_mn_AZN_2015,2004,15,18.854861115081487
output_real_mn_AZN_2015,2004,16,19.16435583806432
output_real_mn_AZN_2015,2004,17,11.13574405814449
output_real_mn_AZN_2015,2004,18,6.058212713182616
output_real_mn_AZN_2015,2004,19,2080.526683001904
output_real_mn_AZN_2015,2004,20,192.1261013263871
output_real_mn_AZN_2015,2004,21,10.921576556004105
output_real_mn_AZN_2015,2004,22,189.15713460752028
output_real_mn_AZN_2015,2004,23,216.43326428881613
output_real_mn_AZN_2015,2004,24,143.9323633032237
output_real_mn_AZN_2015,2004,25,120.76355447892163
output_real_mn_AZN_2015,2004,26,195.80063922732813
output_real_mn_AZN_2015,2004,27,43.88992949097628
output_real_mn_AZN_2015,2004,28,70.68507234837624
output_real_mn_AZN_2015,2004,29,0.012325070871373842
output_real_mn_AZN_2015,2004,30,0.4648958368000412
output_real_mn_AZN_2015,2004,31,25.30067502963536
output_real_mn_AZN_2015,2004,32,66.5312590744925
output_real_mn_AZN_2015,2004,33,54.02980190173466
output_real_mn_AZN_2015,2004,35,1286.330997169686
output_real_mn_AZN_2015,2004,36,244.66298284882623
output_real_mn_AZN_2015,2005,06,7841.123712025513
output_real_mn_AZN_2015,2005,07,0.9404444281732377
output_real_mn_AZN_2015,2005,08,54.20961910963748
output_real_mn_AZN_2015,2005,09,257.90170631002565
output_real_mn_AZN_2015,2005,10,1727.8339647962075
output_real_mn_AZN_2015,2005,11,114.39723885956155
output_real_mn_AZN_2015,2005,12,71.1728727899971
output_real_mn_AZN_2015,2005,13,173.3281337151245
output_real_mn_AZN_2015,2005,14,58.86315217166984
output_real_mn_AZN_2015,2005,15,19.26966805961328
output_real_mn_AZN_2015,2005,16,15.925579701431449
output_real_mn_AZN_2015,2005,17,6.080116255746892
output_real_mn_AZN_2015,2005,18,7.209273128687313
output_real_mn_AZN_2015,2005,19,2375.9614719881747
output_real_mn_AZN_2015,2005,20,195.77649725158847
output_real_mn_AZN_2015,2005,21,8.595280749575231
output_real_mn_AZN_2015,2005,22,195.58847718417599
output_real_mn_AZN_2015,2005,23,273.13877953248596
output_real_mn_AZN_2015,2005,24,215.6106802282291
output_real_mn_AZN_2015,2005,25,120.88431803340055
output_real_mn_AZN_2015,2005,26,148.2210838950874
output_real_mn_AZN_2015,2005,27,44.67994822181385
output_real_mn_AZN_2015,2005,28,64.81821134346102
output_real_mn_AZN_2015,2005,29,0.02607984996382705
output_real_mn_AZN_2015,2005,30,0.9679131322176857
output_real_mn_AZN_2015,2005,31,41.82201582398725
output_real_mn_AZN_2015,2005,32,79.30526081679506
output_real_mn_AZN_2015,2005,33,118.10914695719195
output_real_mn_AZN_2015,2005,35,1354.5065400196793
output_real_mn_AZN_2015,2005,36,216.2820768383624
output_real_mn_AZN_2015,2006,06,11346.106011300915
output_real_mn_AZN_2015,2006,07,1.455807974812172
output_real_mn_AZN_2015,2006,08,64.61786597868787
output_real_mn_AZN_2015,2006,09,305.0977185647604
output_real_mn_AZN_2015,2006,10,1767.57414598652
output_real_mn_AZN_2015,2006,11,142.99654857445194
output_real_mn_AZN_2015,2006,12,65.40787009400734
output_real_mn_AZN_2015,2006,13,132.94267855950048
output_real_mn_AZN_2015,2006,14,54.15409999793626
output_real_mn_AZN_2015,2006,15,15.435004115750235
output_real_mn_AZN_2015,2006,16,15.702621585611409
output_real_mn_AZN_2015,2006,17,9.077613569830111
output_real_mn_AZN_2015,2006,18,6.913692930411133
output_real_mn_AZN_2015,2006,19,2432.984547315891
output_real_mn_AZN_2015,2006,20,223.57675986131406
output_real_mn_AZN_2015,2006,21,12.721015509371341
output_real_mn_AZN_2015,2006,22,155.49283936141993
output_real_mn_AZN_2015,2006,23,278.8746939026681
output_real_mn_AZN_2015,2006,24,247.95228226246346
output_real_mn_AZN_2015,2006,25,103.83962919069108
output_real_mn_AZN_2015,2006,26,96.19548344791173
output_real_mn_AZN_2015,2006,27,78.18990938817424
output_real_mn_AZN_2015,2006,28,102.4127739226684
output_real_mn_AZN_2015,2006,29,0.58176321314309
output_real_mn_AZN_2015,2006,30,1.0230841807540938
output_real_mn_AZN_2015,2006,31,50.73010519449654
output_real_mn_AZN_2015,2006,32,55.037851006855774
output_real_mn_AZN_2015,2006,33,124.13271345200873
output_real_mn_AZN_2015,2006,35,1492.6662071016867
output_real_mn_AZN_2015,2006,36,213.47040983946368
output_real_mn_AZN_2015,2007,06,14647.82286058948
output_real_mn_AZN_2015,2007,07,2.2157397376641255
output_real_mn_AZN_2015,2007,08,74.37516374146975
output_real_mn_AZN_2015,2007,09,362.45608965493534
output_real_mn_AZN_2015,2007,10,1838.277111825981
output_real_mn_AZN_2015,2007,11,177.6017133294693
output_real_mn_AZN_2015,2007,12,49.644573401351565
output_real_mn_AZN_2015,2007,13,93.99047374156684
output_real_mn_AZN_2015,2007,14,57.45750009781037
output_real_mn_AZN_2015,2007,15,24.078606420570367
output_real_mn_AZN_2015,2007,16,24.511792295139408
output_real_mn_AZN_2015,2007,17,9.540571861891447
output_real_mn_AZN_2015,2007,18,9.298916991402974
output_real_mn_AZN_2015,2007,19,2620.3243574592148
output_real_mn_AZN_2015,2007,20,150.24358262680306
output_real_mn_AZN_2015,2007,21,8.141449925997659
output_real_mn_AZN_2015,2007,22,207.89392622621844
output_real_mn_AZN_2015,2007,23,354.1708612563885
output_real_mn_AZN_2015,2007,24,163.40055401096342
output_real_mn_AZN_2015,2007,25,197.60681434988513
output_real_mn_AZN_2015,2007,26,88.78843122242252
output_real_mn_AZN_2015,2007,27,87.49450860536697
output_real_mn_AZN_2015,2007,28,160.58322951074408
output_real_mn_AZN_2015,2007,29,0.8517013440414837
output_real_mn_AZN_2015,2007,30,1.3883252332833054
output_real_mn_AZN_2015,2007,31,53.114420138637875
output_real_mn_AZN_2015,2007,32,39.35206346990188
output_real_mn_AZN_2015,2007,33,117.30541421214825
output_real_mn_AZN_2015,2007,35,1389.6722388116702
output_real_mn_AZN_2015,2007,36,178.03432180611273
output_real_mn_AZN_2015,2008,06,15424.15747220072
output_real_mn_AZN_2015,2008,07,3.538536361049608
output_real_mn_AZN_2015,2008,08,81.14330364194349
output_real_mn_AZN_2015,2008,09,399.4266107997388
output_real_mn_AZN_2015,2008,10,1867.6895456151967
output_real_mn_AZN_2015,2008,11,168.54402594966638
output_real_mn_AZN_2015,2008,12,38.275966092442054
output_real_mn_AZN_2015,2008,13,70.96280767488297
output_real_mn_AZN_2015,2008,14,46.71294757951983
output_real_mn_AZN_2015,2008,15,18.08303342184834
output_real_mn_AZN_2015,2008,16,42.331865293705754
output_real_mn_AZN_2015,2008,17,10.895333066280033
output_real_mn_AZN_2015,2008,18,9.326813742377182
output_real_mn_AZN_2015,2008,19,2843.051927843248
output_real_mn_AZN_2015,2008,20,189.75764485765225
output_real_mn_AZN_2015,2008,21,7.02607128613598
output_real_mn_AZN_2015,2008,22,228.6833188488403
output_real_mn_AZN_2015,2008,23,320.1704585757752
output_real_mn_AZN_2015,2008,24,189.21784154469563
output_real_mn_AZN_2015,2008,25,284.15859903513484
output_real_mn_AZN_2015,2008,26,39.51085189397802
output_real_mn_AZN_2015,2008,27,51.796749094377255
output_real_mn_AZN_2015,2008,28,171.18172265845317
output_real_mn_AZN_2015,2008,29,0.9777531429596232
output_real_mn_AZN_2015,2008,30,1.7284649154377154
output_real_mn_AZN_2015,2008,31,55.982598826124324
output_real_mn_AZN_2015,2008,32,33.252493632067086
output_real_mn_AZN_2015,2008,33,150.2682356057619
output_real_mn_AZN_2015,2008,35,1507.7943791106622
output_real_mn_AZN_2015,2008,36,178.7464590933372
output_real_mn_AZN_2015,2009,06,17352.17715622581
output_real_mn_AZN_2015,2009,07,8.082017048637306
output_real_mn_AZN_2015,2009,08,58.747751836767094
output_real_mn_AZN_2015,2009,09,403.0214502969365
output_real_mn_AZN_2015,2009,10,1916.249473801192
output_real_mn_AZN_2015,2009,11,147.4760227059581
output_real_mn_AZN_2015,2009,12,33.83595402571878
output_real_mn_AZN_2015,2009,13,50.95129591056597
output_real_mn_AZN_2015,2009,14,55.40155582931051
output_real_mn_AZN_2015,2009,15,19.077600260049998
output_real_mn_AZN_2015,2009,16,14.308170469272543
output_real_mn_AZN_2015,2009,17,22.20468878907871
output_real_mn_AZN_2015,2009,18,9.4014282523162
output_real_mn_AZN_2015,2009,19,2541.688423491864
output_real_mn_AZN_2015,2009,20,119.54731626032091
output_real_mn_AZN_2015,2009,21,7.7567826998941225
output_real_mn_AZN_2015,2009,22,193.0087211084212
output_real_mn_AZN_2015,2009,23,268.62301474507547
output_real_mn_AZN_2015,2009,24,64.14484828365181
output_real_mn_AZN_2015,2009,25,148.89910589441067
output_real_mn_AZN_2015,2009,26,34.532484555336794
output_real_mn_AZN_2015,2009,27,40.40146429361426
output_real_mn_AZN_2015,2009,28,144.99091909170983
output_real_mn_AZN_2015,2009,29,0.22488322288071336
output_real_mn_AZN_2015,2009,30,1.5971015818644492
output_real_mn_AZN_2015,2009,31,55.81465102964595
output_real_mn_AZN_2015,2009,32,20.683051039145727
output_real_mn_AZN_2015,2009,33,132.83712027549353
output_real_mn_AZN_2015,2009,35,1320.8278761009399
output_real_mn_AZN_2015,2009,36,176.9589945024038
output_real_mn_AZN_2015,2010,06,17560.40328210052
output_real_mn_AZN_2015,2010,07,70.60450093689552
output_real_mn_AZN_2015,2010,08,64.85751802779087
output_real_mn_AZN_2015,2010,09,444.53265967752094
output_real_mn_AZN_2015,2010,10,1960.3232116986192
output_real_mn_AZN_2015,2010,11,163.40343315820155
output_real_mn_AZN_2015,2010,12,32.27950014053572
output_real_mn_AZN_2015,2010,13,47.996120747753146
output_real_mn_AZN_2015,2010,14,60.99711296807087
output_real_mn_AZN_2015,2010,15,22.626033908419295
output_real_mn_AZN_2015,2010,16,17.012414687965055
output_real_mn_AZN_2015,2010,17,24.691613933455525
output_real_mn_AZN_2015,2010,18,9.486041106587047
output_real_mn_AZN_2015,2010,19,2765.357004759148
output_real_mn_AZN_2015,2010,20,160.91068768639192
output_real_mn_AZN_2015,2010,21,6.686346687308734
output_real_mn_AZN_2015,2010,22,170.61970945984436
output_real_mn_AZN_2015,2010,23,244.1783204032736
output_real_mn_AZN_2015,2010,24,92.56101607330956
output_real_mn_AZN_2015,2010,25,139.22066401127398
output_real_mn_AZN_2015,2010,26,41.300851528182804
output_real_mn_AZN_2015,2010,27,73.85387672872687
output_real_mn_AZN_2015,2010,28,273.16289156878133
output_real_mn_AZN_2015,2010,29,189.80144011132208
output_real_mn_AZN_2015,2010,30,1.1547044436879967
output_real_mn_AZN_2015,2010,31,13.451330898144676
output_real_mn_AZN_2015,2010,32,15.739801840789896
output_real_mn_AZN_2015,2010,33,68.54395406215467
output_real_mn_AZN_2015,2010,35,1427.814934065116
output_real_mn_AZN_2015,2010,36,174.30460958486776
output_real_mn_AZN_2015,2011,06,15892.164970300972
output_real_mn_AZN_2015,2011,07,70.53389643595864
output_real_mn_AZN_2015,2011,08,77.76416411532126
output_real_mn_AZN_2015,2011,09,617.4558642920766
output_real_mn_AZN_2015,2011,10,2034.8154937431668
output_real_mn_AZN_2015,2011,11,163.40343315820155
output_real_mn_AZN_2015,2011,12,29.955376130417143
output_real_mn_AZN_2015,2011,13,55.09954661842061
output_real_mn_AZN_2015,2011,14,93.02059727630808
output_real_mn_AZN_2015,2011,15,14.344905497937832
output_real_mn_AZN_2015,2011,16,18.50950718050598
output_real_mn_AZN_2015,2011,17,97.75409956255041
output_real_mn_AZN_2015,2011,18,11.326333081264933
output_real_mn_AZN_2015,2011,19,2790.2452178019807
output_real_mn_AZN_2015,2011,20,196.9546817281437
output_real_mn_AZN_2015,2011,21,5.596472177277411
output_real_mn_AZN_2015,2011,22,202.69621483829508
output_real_mn_AZN_2015,2011,23,253.7012748990013
output_real_mn_AZN_2015,2011,24,175.77336952321485
output_real_mn_AZN_2015,2011,25,133.7910581148343
output_real_mn_AZN_2015,2011,26,52.94769165913034
output_real_mn_AZN_2015,2011,27,53.8394761352419
output_real_mn_AZN_2015,2011,28,342.27310313568296
output_real_mn_AZN_2015,2011,29,178.22355226453143
output_real_mn_AZN_2015,2011,30,1.2101302569850207
output_real_mn_AZN_2015,2011,31,18.051686065310154
output_real_mn_AZN_2015,2011,32,16.038858075764907
output_real_mn_AZN_2015,2011,33,97.5380466304461
output_real_mn_AZN_2015,2011,35,1547.7513885265857
output_real_mn_AZN_2015,2011,36,195.2211627350519
output_real_mn_AZN_2015,2012,06,15177.017546637428
output_real_mn_AZN_2015,2012,07,62.21089665651552
output_real_mn_AZN_2015,2012,08,75.89782417655356
output_real_mn_AZN_2015,2012,09,674.8792596712398
output_real_mn_AZN_2015,2012,10,2097.894774049205
output_real_mn_AZN_2015,2012,11,179.74377647402173
output_real_mn_AZN_2015,2012,12,25.70171271989791
output_real_mn_AZN_2015,2012,13,88.26947368270982
output_real_mn_AZN_2015,2012,14,110.22940777242508
output_real_mn_AZN_2015,2012,15,21.51735824690675
output_real_mn_AZN_2015,2012,16,12.031179667328889
output_real_mn_AZN_2015,2012,17,40.56795131845842
output_real_mn_AZN_2015,2012,18,20.11556755232652
output_real_mn_AZN_2015,2012,19,2664.6841830008916
output_real_mn_AZN_2015,2012,20,160.1241562449808
output_real_mn_AZN_2015,2012,21,5.411788595427256
output_real_mn_AZN_2015,2012,22,271.8156240981537
output_real_mn_AZN_2015,2012,23,296.3230890820335
output_real_mn_AZN_2015,2012,24,203.721335277406
output_real_mn_AZN_2015,2012,25,190.25088463929436
output_real_mn_AZN_2015,2012,26,68.9378945401877
output_real_mn_AZN_2015,2012,27,92.06550419126366
output_real_mn_AZN_2015,2012,28,245.40981494828472
output_real_mn_AZN_2015,2012,29,49.546147529539745
output_real_mn_AZN_2015,2012,30,1.4981412581474556
output_real_mn_AZN_2015,2012,31,38.95553852893931
output_real_mn_AZN_2015,2012,32,13.296213344809107
output_real_mn_AZN_2015,2012,33,135.77296090958097
output_real_mn_AZN_2015,2012,35,1728.8383009841962
output_real_mn_AZN_2015,2012,36,197.75903785060757
output_real_mn_AZN_2015,2013,06,15237.725616823976
output_real_mn_AZN_2015,2013,07,60.59341334344612
output_real_mn_AZN_2015,2013,08,55.025922528001324
output_real_mn_AZN_2015,2013,09,786.2343375169944
output_real_mn_AZN_2015,2013,10,2198.5937232035667
output_real_mn_AZN_2015,2013,11,202.21174853327443
output_real_mn_AZN_2015,2013,12,18.22251431840762
output_real_mn_AZN_2015,2013,13,67.26133894622488
output_real_mn_AZN_2015,2013,14,100.1985316651344
output_real_mn_AZN_2015,2013,15,20.075695244363995
output_real_mn_AZN_2015,2013,16,11.020560575273262
output_real_mn_AZN_2015,2013,17,37.64705882352941
output_real_mn_AZN_2015,2013,18,26.713473709489623
output_real_mn_AZN_2015,2013,19,2827.229918163946
output_real_mn_AZN_2015,2013,20,191.34836671275207
output_real_mn_AZN_2015,2013,21,6.099085747046518
output_real_mn_AZN_2015,2013,22,287.30911467174843
output_real_mn_AZN_2015,2013,23,358.5509377892605
output_real_mn_AZN_2015,2013,24,206.7771553065671
output_real_mn_AZN_2015,2013,25,108.63325512903708
output_real_mn_AZN_2015,2013,26,53.63368195226603
output_real_mn_AZN_2015,2013,27,89.57973557809953
output_real_mn_AZN_2015,2013,28,312.4066944291664
output_real_mn_AZN_2015,2013,29,63.815438018047196
output_real_mn_AZN_2015,2013,30,3.4831784251928344
output_real_mn_AZN_2015,2013,31,41.25391530214673
output_real_mn_AZN_2015,2013,32,18.508328975974276
output_real_mn_AZN_2015,2013,33,178.94876247882775
output_real_mn_AZN_2015,2013,35,1784.1611266156906
output_real_mn_AZN_2015,2013,36,220.69908624127802
output_real_mn_AZN_2015,2014,06,14872.020202020201
output_real_mn_AZN_2015,2014,07,72.77268942547879
output_real_mn_AZN_2015,2014,08,53.32011892963329
output_real_mn_AZN_2015,2014,09,818.4699453551912
output_real_mn_AZN_2015,2014,10,2242.565597667638
output_real_mn_AZN_2015,2014,11,222.63513513513513
output_real_mn_AZN_2015,2014,12,30.121816168327793
output_real_mn_AZN_2015,2014,13,70.75892857142858
output_real_mn_AZN_2015,2014,14,134.76702508960577
output_real_mn_AZN_2015,2014,15,11.844660194174756
output_real_mn_AZN_2015,2014,16,33.711894799760906
output_real_mn_AZN_2015,2014,17,32.0
output_real_mn_AZN_2015,2014,18,21.210498125334762
output_real_mn_AZN_2015,2014,19,2601.0515247108306
output_real_mn_AZN_2015,2014,20,246.64804469273744
output_real_mn_AZN_2015,2014,21,7.751937984496124
output_real_mn_AZN_2015,2014,22,200.25445292620867
output_real_mn_AZN_2015,2014,23,446.7544684854186
output_real_mn_AZN_2015,2014,24,221.45833333333334
output_real_mn_AZN_2015,2014,25,112.97858533419857
output_real_mn_AZN_2015,2014,26,36.36363636363637
output_real_mn_AZN_2015,2014,27,100.68762278978389
output_real_mn_AZN_2015,2014,28,278.0419580419581
output_real_mn_AZN_2015,2014,29,100.95602294455065
output_real_mn_AZN_2015,2014,30,11.839323467230443
output_real_mn_AZN_2015,2014,31,44.141689373297005
output_real_mn_AZN_2015,2014,32,19.970486965076244
output_real_mn_AZN_2015,2014,33,251.6019600452318
output_real_mn_AZN_2015,2014,35,1894.7791164658636
output_real_mn_AZN_2015,2014,36,235.26522593320234
output_real_mn_AZN_2015,2015,06,14723.3
output_real_mn_AZN_2015,2015,07,87.4
output_real_mn_AZN_2015,2015,08,53.8
output_real_mn_AZN_2015,2015,09,1497.8
output_real_mn_AZN_2015,2015,10,2307.6
output_real_mn_AZN_2015,2015,11,197.7
output_real_mn_AZN_2015,2015,12,27.2
output_real_mn_AZN_2015,2015,13,31.7
output_real_mn_AZN_2015,2015,14,75.2
output_real_mn_AZN_2015,2015,15,12.2
output_real_mn_AZN_2015,2015,16,56.4
output_real_mn_AZN_2015,2015,17,34.4
output_real_mn_AZN_2015,2015,18,39.6
output_real_mn_AZN_2015,2015,19,2473.6
output_real_mn_AZN_2015,2015,20,353.2
output_real_mn_AZN_2015,2015,21,3.0
output_real_mn_AZN_2015,2015,22,157.4
output_real_mn_AZN_2015,2015,23,474.9
output_real_mn_AZN_2015,2015,24,212.6
output_real_mn_AZN_2015,2015,25,174.1
output_real_mn_AZN_2015,2015,26,74.8
output_real_mn_AZN_2015,2015,27,102.5
output_real_mn_AZN_2015,2015,28,198.8
output_real_mn_AZN_2015,2015,29,105.6
output_real_mn_AZN_2015,2015,30,11.2
output_real_mn_AZN_2015,2015,31,48.6
output_real_mn_AZN_2015,2015,32,40.6
output_real_mn_AZN_2015,2015,33,667.5
output_real_mn_AZN_2015,2015,35,1887.2
output_real_mn_AZN_2015,2015,36,239.5
output_real_mn_AZN_2015,2016,06,14561.343700000001
output_real_mn_AZN_2015,2016,07,77.2616
output_real_mn_AZN_2015,2016,08,49.3346
output_real_mn_AZN_2015,2016,09,1869.2544
output_real_mn_AZN_2015,2016,10,2418.3648
output_real_mn_AZN_2015,2016,11,186.6288
output_real_mn_AZN_2015,2016,12,24.9696
output_real_mn_AZN_2015,2016,13,82.7053
output_real_mn_AZN_2015,2016,14,106.03200000000001
output_real_mn_AZN_2015,2016,15,8.3204
output_real_mn_AZN_2015,2016,16,98.41799999999999
output_real_mn_AZN_2015,2016,17,35.294399999999996
output_real_mn_AZN_2015,2016,18,43.0452
output_real_mn_AZN_2015,2016,19,2248.5024000000003
output_real_mn_AZN_2015,2016,20,313.6416
output_real_mn_AZN_2015,2016,21,3.6720000000000006
output_real_mn_AZN_2015,2016,22,195.963
output_real_mn_AZN_2015,2016,23,427.41
output_real_mn_AZN_2015,2016,24,213.2378
output_real_mn_AZN_2015,2016,25,210.1387
output_real_mn_AZN_2015,2016,26,75.7724
output_real_mn_AZN_2015,2016,27,342.145
output_real_mn_AZN_2015,2016,28,166.59439999999998
output_real_mn_AZN_2015,2016,29,123.55199999999999
output_real_mn_AZN_2015,2016,30,11.558399999999999
output_real_mn_AZN_2015,2016,31,52.974000000000004
output_real_mn_AZN_2015,2016,32,26.917800000000003
output_real_mn_AZN_2015,2016,33,738.9225
output_real_mn_AZN_2015,2016,35,1877.764
output_real_mn_AZN_2015,2016,36,237.8235
output_real_mn_AZN_2015,2017,06,13789.5924839
output_real_mn_AZN_2015,2017,07,236.88406560000004
output_real_mn_AZN_2015,2017,08,103.355987
output_real_mn_AZN_2015,2017,09,2164.5965951999997
output_real_mn_AZN_2015,2017,10,2442.548448
output_real_mn_AZN_2015,2017,11,218.7289536
output_real_mn_AZN_2015,2017,12,26.942198400000002
output_real_mn_AZN_2015,2017,13,119.67456909999999
output_real_mn_AZN_2015,2017,14,122.46696000000001
output_real_mn_AZN_2015,2017,15,7.929341199999999
output_real_mn_AZN_2015,2017,16,132.569046
output_real_mn_AZN_2015,2017,17,35.50616639999999
output_real_mn_AZN_2015,2017,18,42.0121152
output_real_mn_AZN_2015,2017,19,2073.1192128000002
output_real_mn_AZN_2015,2017,20,365.39246399999996
output_real_mn_AZN_2015,2017,21,9.135936000000001
output_real_mn_AZN_2015,2017,22,336.46847099999997
output_real_mn_AZN_2015,2017,23,626.58306
output_real_mn_AZN_2015,2017,24,194.68611139999996
output_real_mn_AZN_2015,2017,25,184.922056
output_real_mn_AZN_2015,2017,26,95.094362
output_real_mn_AZN_2015,2017,27,460.52716999999996
output_real_mn_AZN_2015,2017,28,238.0633976
output_real_mn_AZN_2015,2017,29,1.482624
output_real_mn_AZN_2015,2017,30,13.2574848
output_real_mn_AZN_2015,2017,31,61.555788
output_real_mn_AZN_2015,2017,32,35.531496000000004
output_real_mn_AZN_2015,2017,33,410.84091
output_real_mn_AZN_2015,2017,35,1828.942136
output_real_mn_AZN_2015,2017,36,234.96961799999997
output_real_mn_AZN_2015,2018,06,13899.9092237712
output_real_mn_AZN_2015,2018,07,159.18609208320004
output_real_mn_AZN_2015,2018,08,172.19107434199998
output_real_mn_AZN_2015,2018,09,1922.1617765375997
output_real_mn_AZN_2015,2018,10,2474.301577824
output_real_mn_AZN_2015,2018,11,245.41388593920001
output_real_mn_AZN_2015,2018,12,71.47765235520001
output_real_mn_AZN_2015,2018,13,170.4165863984
output_real_mn_AZN_2015,2018,14,120.38502168000001
output_real_mn_AZN_2015,2018,15,9.776877699599998
output_real_mn_AZN_2015,2018,16,145.16310536999998
output_real_mn_AZN_2015,2018,17,35.68369723199999
output_real_mn_AZN_2015,2018,18,76.50406177919999
output_real_mn_AZN_2015,2018,19,2135.3127891840004
output_real_mn_AZN_2015,2018,20,370.507958496
output_real_mn_AZN_2015,2018,21,7.756409664000001
output_real_mn_AZN_2015,2018,22,383.57405693999993
output_real_mn_AZN_2015,2018,23,791.3744047800001
output_real_mn_AZN_2015,2018,24,216.88032809959998
output_real_mn_AZN_2015,2018,25,134.253412656
output_real_mn_AZN_2015,2018,26,92.71700295000001
output_real_mn_AZN_2015,2018,27,1134.73894688
output_real_mn_AZN_2015,2018,28,192.5932886584
output_real_mn_AZN_2015,2018,29,459.61343999999997
output_real_mn_AZN_2015,2018,30,4.3351975296
output_real_mn_AZN_2015,2018,31,132.16027683599998
output_real_mn_AZN_2015,2018,32,40.50590544000001
output_real_mn_AZN_2015,2018,33,350.44729623
output_real_mn_AZN_2015,2018,35,1956.96808552
output_real_mn_AZN_2015,2018,36,243.66349386599998
output_real_mn_AZN_2015,2019,06,13886.009314547427
output_real_mn_AZN_2015,2019,07,172.39853772610564
output_real_mn_AZN_2015,2019,08,183.039112025546
output_real_mn_AZN_2015,2019,09,2093.2341746494462
output_real_mn_AZN_2015,2019,10,2741.526148228992
output_real_mn_AZN_2015,2019,11,347.0152347180288
output_real_mn_AZN_2015,2019,12,129.1601178058464
output_real_mn_AZN_2015,2019,13,226.9948930826688
output_real_mn_AZN_2015,2019,14,147.59203657968
output_real_mn_AZN_2015,2019,15,9.493348246311598
output_real_mn_AZN_2015,2019,16,265.50331972172995
output_real_mn_AZN_2015,2019,17,44.78304002615999
output_real_mn_AZN_2015,2019,18,108.78877585002238
output_real_mn_AZN_2015,2019,19,2066.9827799301124
output_real_mn_AZN_2015,2019,20,465.357995870976
output_real_mn_AZN_2015,2019,21,9.354230054784
output_real_mn_AZN_2015,2019,22,467.96034946679987
output_real_mn_AZN_2015,2019,23,830.9431250190001
output_real_mn_AZN_2015,2019,24,196.27669693013797
output_real_mn_AZN_2015,2019,25,241.6561427808
output_real_mn_AZN_2015,2019,26,140.7444104781
output_real_mn_AZN_2015,2019,27,1147.2210752956798
output_real_mn_AZN_2015,2019,28,194.51922154498402
output_real_mn_AZN_2015,2019,29,378.26186111999993
output_real_mn_AZN_2015,2019,30,3.5808731594495997
output_real_mn_AZN_2015,2019,31,171.14755850261997
output_real_mn_AZN_2015,2019,32,45.893190863520005
output_real_mn_AZN_2015,2019,33,446.82030269324997
output_real_mn_AZN_2015,2019,35,2025.4619685131997
output_real_mn_AZN_2015,2019,36,258.28330349796
output_real_mn_AZN_2015,2020,06,13094.506783618224
output_real_mn_AZN_2015,2020,07,163.60621230207428
output_real_mn_AZN_2015,2020,08,127.39522196978
output_real_mn_AZN_2015,2020,09,1775.0625801027304
output_real_mn_AZN_2015,2020,10,2667.5049422268094
output_real_mn_AZN_2015,2020,11,305.72042178658336
output_real_mn_AZN_2015,2020,12,118.95646849918452
output_real_mn_AZN_2015,2020,13,191.12969997560714
output_real_mn_AZN_2015,2020,14,200.42998567520547
output_real_mn_AZN_2015,2020,15,11.088230751691947
output_real_mn_AZN_2015,2020,16,679.6884984876286
output_real_mn_AZN_2015,2020,17,59.56144323479279
output_real_mn_AZN_2015,2020,18,106.50421155717191
output_real_mn_AZN_2015,2020,19,2007.040279312139
output_real_mn_AZN_2015,2020,20,549.5877931236226
output_real_mn_AZN_2015,2020,21,1047.6737661358081
output_real_mn_AZN_2015,2020,22,540.9621639836206
output_real_mn_AZN_2015,2020,23,863.3499068947411
output_real_mn_AZN_2015,2020,24,234.5506528315149
output_real_mn_AZN_2015,2020,25,291.195652050864
output_real_mn_AZN_2015,2020,26,173.2563692985411
output_real_mn_AZN_2015,2020,27,97513.79140013279
output_real_mn_AZN_2015,2020,28,184.9877796892798
output_real_mn_AZN_2015,2020,29,396.4184304537599
output_real_mn_AZN_2015,2020,30,4.282724298701721
output_real_mn_AZN_2015,2020,31,128.36066887696498
output_real_mn_AZN_2015,2020,32,58.605604732715044
output_real_mn_AZN_2015,2020,33,362.3712654842257
output_real_mn_AZN_2015,2020,35,2035.5892783557658
output_real_mn_AZN_2015,2020,36,246.66055484055178
output_real_mn_AZN_2015,2021,06,13840.893670284464
output_real_mn_AZN_2015,2021,07,155.2622954746685
output_real_mn_AZN_2015,2021,08,164.3398363410162
output_real_mn_AZN_2015,2021,09,850.2549758692079
output_real_mn_AZN_2015,2021,10,3003.6105649473875
output_real_mn_AZN_2015,2021,11,313.97487317482114
output_real_mn_AZN_2015,2021,12,194.25591305916834
output_real_mn_AZN_2015,2021,13,243.11697836897227
output_real_mn_AZN_2015,2021,14,174.37408753742875
output_real_mn_AZN_2015,2021,15,12.906700594969427
output_real_mn_AZN_2015,2021,16,447.9147205033473
output_real_mn_AZN_2015,2021,17,75.76215579465642
output_real_mn_AZN_2015,2021,18,60.38788795291648
output_real_mn_AZN_2015,2021,19,2277.990717019278
output_real_mn_AZN_2015,2021,20,685.3359780251574
output_real_mn_AZN_2015,2021,21,1658.4675717929845
output_real_mn_AZN_2015,2021,22,622.6474507451472
output_real_mn_AZN_2015,2021,23,1527.265985296797
output_real_mn_AZN_2015,2021,24,285.2135938431221
output_real_mn_AZN_2015,2021,25,304.00826074110205
output_real_mn_AZN_2015,2021,26,194.91341546085874
output_real_mn_AZN_2015,2021,27,76938.38141470478
output_real_mn_AZN_2015,2021,28,174.62846402668012
output_real_mn_AZN_2015,2021,29,481.25197457086455
output_real_mn_AZN_2015,2021,30,0.5353405373377151
output_real_mn_AZN_2015,2021,31,169.8211649242247
output_real_mn_AZN_2015,2021,32,64.75919322965012
output_real_mn_AZN_2015,2021,33,523.264107359222
output_real_mn_AZN_2015,2021,35,2186.222884954093
output_real_mn_AZN_2015,2021,36,280.20639029886684
output_real_mn_AZN_2015,2022,06,13605.598477889627
output_real_mn_AZN_2015,2022,07,149.3623282466311
output_real_mn_AZN_2015,2022,08,185.04665571998422
output_real_mn_AZN_2015,2022,09,697.2090802127505
output_real_mn_AZN_2015,2022,10,3249.9066312730733
output_real_mn_AZN_2015,2022,11,307.0674259649751
output_real_mn_AZN_2015,2022,12,170.5566916659498
output_real_mn_AZN_2015,2022,13,238.49775577996178
output_real_mn_AZN_2015,2022,14,286.1478776489206
output_real_mn_AZN_2015,2022,15,19.463304497213898
output_real_mn_AZN_2015,2022,16,500.7686575227423
output_real_mn_AZN_2015,2022,17,89.09629521451593
output_real_mn_AZN_2015,2022,18,86.29429188471767
output_real_mn_AZN_2015,2022,19,2189.149079055526
output_real_mn_AZN_2015,2022,20,718.9174409483901
output_real_mn_AZN_2015,2022,21,1621.9812852135387
output_real_mn_AZN_2015,2022,22,674.9498366077397
output_real_mn_AZN_2015,2022,23,1747.1922871795357
output_real_mn_AZN_2015,2022,24,340.8302446425309
output_real_mn_AZN_2015,2022,25,371.49809462562666
output_real_mn_AZN_2015,2022,26,178.9305153930683
output_real_mn_AZN_2015,2022,27,93710.94856311042
output_real_mn_AZN_2015,2022,28,275.21445930604784
output_real_mn_AZN_2015,2022,29,898.0161845492331
output_real_mn_AZN_2015,2022,30,2.0931815009904664
output_real_mn_AZN_2015,2022,31,210.06878101126594
output_real_mn_AZN_2015,2022,32,89.88576020275437
output_real_mn_AZN_2015,2022,33,396.110929270931
output_real_mn_AZN_2015,2022,35,2253.99579438767
output_real_mn_AZN_2015,2022,36,304.58434625486825
output_real_mn_AZN_2015,2023,06,13292.669712898165
output_real_mn_AZN_2015,2023,07,124.26945710119709
output_real_mn_AZN_2015,2023,08,176.53450955686495
output_real_mn_AZN_2015,2023,09,697.9062892929632
output_real_mn_AZN_2015,2023,10,3548.898041350196
output_real_mn_AZN_2015,2023,11,376.77173165902445
output_real_mn_AZN_2015,2023,12,194.26407180751684
output_real_mn_AZN_2015,2023,13,263.3015223810778
output_real_mn_AZN_2015,2023,14,243.5118438792314
output_real_mn_AZN_2015,2023,15,19.035111798275192
output_real_mn_AZN_2015,2023,16,826.7690535700474
output_real_mn_AZN_2015,2023,17,100.41152470675947
output_real_mn_AZN_2015,2023,18,90.00494643576052
output_real_mn_AZN_2015,2023,19,2405.8748378820233
output_real_mn_AZN_2015,2023,20,773.5551664604677
output_real_mn_AZN_2015,2023,21,1498.7107075373099
output_real_mn_AZN_2015,2023,22,827.4884996810889
output_real_mn_AZN_2015,2023,23,2313.2825882257052
output_real_mn_AZN_2015,2023,24,259.71264641760854
output_real_mn_AZN_2015,2023,25,497.80744679833975
output_real_mn_AZN_2015,2023,26,142.42869025288235
output_real_mn_AZN_2015,2023,27,109548.09887027608
output_real_mn_AZN_2015,2023,28,441.4439927269008
output_real_mn_AZN_2015,2023,29,1358.6984872229898
output_real_mn_AZN_2015,2023,30,2.051317870970657
output_real_mn_AZN_2015,2023,31,256.4939816147557
output_real_mn_AZN_2015,2023,32,75.59392433051642
output_real_mn_AZN_2015,2023,33,341.4476210315426
output_real_mn_AZN_2015,2023,35,2276.5357523315465
output_real_mn_AZN_2015,2023,36,353.0132573093924
output_real_mn_AZN_2015,2024,06,13438.889079740045
output_real_mn_AZN_2015,2024,07,109.72993062035702
output_real_mn_AZN_2015,2024,08,252.44434866631687
output_real_mn_AZN_2015,2024,09,657.4277245139714
output_real_mn_AZN_2015,2024,10,3988.96139847762
output_real_mn_AZN_2015,2024,11,431.403632749583
output_real_mn_AZN_2015,2024,12,192.12716701763418
output_real_mn_AZN_2015,2024,13,265.9345376048886
output_real_mn_AZN_2015,2024,14,302.6852219418846
output_real_mn_AZN_2015,2024,15,21.623887002840615
output_real_mn_AZN_2015,2024,16,1040.9022384446898
output_real_mn_AZN_2015,2024,17,106.43621618916502
output_real_mn_AZN_2015,2024,18,70.47387305920047
output_real_mn_AZN_2015,2024,19,2126.7933566877086
output_real_mn_AZN_2015,2024,20,851.6842382729749
output_real_mn_AZN_2015,2024,21,3124.811825215291
output_real_mn_AZN_2015,2024,22,987.193780119539
output_real_mn_AZN_2015,2024,23,2824.518040223586
output_real_mn_AZN_2015,2024,24,324.6408080220107
output_real_mn_AZN_2015,2024,25,706.8865744536424
output_real_mn_AZN_2015,2024,26,152.11384119007835
output_real_mn_AZN_2015,2024,27,147999.481573743
output_real_mn_AZN_2015,2024,28,219.83910837799655
output_real_mn_AZN_2015,2024,29,1966.036711011666
output_real_mn_AZN_2015,2024,30,1.1261735111628908
output_real_mn_AZN_2015,2024,31,373.9682251943138
output_real_mn_AZN_2015,2024,32,79.29802662271172
output_real_mn_AZN_2015,2024,33,337.6916972001956
output_real_mn_AZN_2015,2024,35,2246.9407875512366
output_real_mn_AZN_2015,2024,36,368.1928273736962
output_real_mn_AZN_2015,2025,06,13089.477963666804
output_real_mn_AZN_2015,2025,07,160.20569870572126
output_real_mn_AZN_2015,2025,08,257.7456799883095
output_real_mn_AZN_2015,2025,09,641.6494591256361
output_real_mn_AZN_2015,2025,10,4339.990001543651
output_real_mn_AZN_2015,2025,11,440.03170540457467
output_real_mn_AZN_2015,2025,12,220.17773340220876
output_real_mn_AZN_2015,2025,13,331.3544338556912
output_real_mn_AZN_2015,2025,14,259.40123520419513
output_real_mn_AZN_2015,2025,15,18.380303952414522
output_real_mn_AZN_2015,2025,16,1663.3617770346143
output_real_mn_AZN_2015,2025,17,85.14897295133201
output_real_mn_AZN_2015,2025,18,53.982986763347554
output_real_mn_AZN_2015,2025,19,2416.037253197237
output_real_mn_AZN_2015,2025,20,886.6032920421669
output_real_mn_AZN_2015,2025,21,5827.774054026518
output_real_mn_AZN_2015,2025,22,1149.0935600591436
output_real_mn_AZN_2015,2025,23,2720.010872735313
output_real_mn_AZN_2015,2025,24,313.6030205492623
output_real_mn_AZN_2015,2025,25,589.5434030943378
output_real_mn_AZN_2015,2025,26,156.37302874340054
output_real_mn_AZN_2015,2025,27,118399.5852589944
output_real_mn_AZN_2015,2025,28,184.88469014589506
output_real_mn_AZN_2015,2025,29,1413.580395217388
output_real_mn_AZN_2015,2025,30,5.581315921323287
output_real_mn_AZN_2015,2025,31,342.9288625031857
output_real_mn_AZN_2015,2025,32,225.68218376823756
output_real_mn_AZN_2015,2025,33,443.0515067266566
output_real_mn_AZN_2015,2025,35,2255.9285507014415
output_real_mn_AZN_2015,2025,36,380.7113835044019
deflator_2015_1,1995,06,0.1007908679107319
deflator_2015_1,1995,07,1.472916707956879
deflator_2015_1,1995,08,0.2076277842553652
deflator_2015_1,1995,10,0.07854039720810814
deflator_2015_1,1995,11,0.14328842201354178
deflator_2015_1,1995,12,0.26219306718565977
deflator_2015_1,1995,13,0.23016217787860777
deflator_2015_1,1995,14,0.07946489532145788
deflator_2015_1,1995,15,0.45441853958238415
deflator_2015_1,1995,16,0.024370750473937552
deflator_2015_1,1995,17,0.026404131700839682
deflator_2015_1,1995,18,0.5380852845565616
deflator_2015_1,1995,19,0.18252691399352647
deflator_2015_1,1995,20,0.6248539353434581
deflator_2015_1,1995,21,0.0892794550926345
deflator_2015_1,1995,22,0.02816310757802556
deflator_2015_1,1995,23,1.0543874476687018
deflator_2015_1,1995,24,0.6649895739852253
deflator_2015_1,1995,25,0.34151105854047026
deflator_2015_1,1995,26,0.0021771348367419984
deflator_2015_1,1995,27,0.23911409181250215
deflator_2015_1,1995,28,0.1969698151872112
deflator_2015_1,1995,29,994.1223035992632
deflator_2015_1,1995,30,1.804311470923247
deflator_2015_1,1995,31,0.018312995062749172
deflator_2015_1,1995,32,0.11154629979841525
deflator_2015_1,1995,33,0.3430646301683215
deflator_2015_1,1995,35,0.3320598112417092
deflator_2015_1,1995,36,0.11323425586794508
deflator_2015_1,1996,06,0.1485236557639578
deflator_2015_1,1996,07,2.262544866293209
deflator_2015_1,1996,08,0.3001422051310551
deflator_2015_1,1996,09,0.6385271427215751
deflator_2015_1,1996,10,0.1994778312441176
deflator_2015_1,1996,11,0.36092801514746037
deflator_2015_1,1996,12,0.38193214489094324
deflator_2015_1,1996,13,0.3483615223969795
deflator_2015_1,1996,14,0.0771726387256466
deflator_2015_1,1996,15,0.46892391949200346
deflator_2015_1,1996,16,0.02184361253179731
deflator_2015_1,1996,17,0.037882541895035406
deflator_2015_1,1996,18,0.6934088718512391
deflator_2015_1,1996,19,0.23893067283873629
deflator_2015_1,1996,20,0.9694123369259313
deflator_2015_1,1996,21,0.1136615878267404
deflator_2015_1,1996,22,0.0072398734133741795
deflator_2015_1,1996,23,0.7918262824860328
deflator_2015_1,1996,24,0.4823315326356139
deflator_2015_1,1996,25,1.050580322231212
deflator_2015_1,1996,26,0.0025291676282403123
deflator_2015_1,1996,27,0.5320390641873942
deflator_2015_1,1996,28,0.2830485653529328
deflator_2015_1,1996,29,338.9053307724761
deflator_2015_1,1996,30,1.4480830424745161
deflator_2015_1,1996,31,0.022417814972761695
deflator_2015_1,1996,32,0.07967592842743947
deflator_2015_1,1996,33,1.212439809937103
deflator_2015_1,1996,35,0.3360638269834378
deflator_2015_1,1996,36,0.009197064316759674
deflator_2015_1,1997,06,0.16346874186964885
deflator_2015_1,1997,07,1.4749314643371636
deflator_2015_1,1997,08,0.2781670112428685
deflator_2015_1,1997,09,0.749195663600764
deflator_2015_1,1997,10,0.3504635662251003
deflator_2015_1,1997,11,0.7914799968201816
deflator_2015_1,1997,12,0.4486984784902998
deflator_2015_1,1997,13,0.43967106314521615
deflator_2015_1,1997,14,0.05684050908312536
deflator_2015_1,1997,15,0.4933963799368723
deflator_2015_1,1997,16,0.22297526463373116
deflator_2015_1,1997,17,0.032671446222540236
deflator_2015_1,1997,18,1.1070780274883492
deflator_2015_1,1997,19,0.2732717895115441
deflator_2015_1,1997,20,0.9932945338594309
deflator_2015_1,1997,21,0.0950149114539105
deflator_2015_1,1997,22,0.008938115325153307
deflator_2015_1,1997,23,0.7578419678462864
deflator_2015_1,1997,24,0.6576102336290685
deflator_2015_1,1997,25,1.293818130826616
deflator_2015_1,1997,26,0.0024309010938069636
deflator_2015_1,1997,27,0.28173833587168073
deflator_2015_1,1997,28,0.2784983310820235
deflator_2015_1,1997,29,67.06348684525103
deflator_2015_1,1997,30,17.036271087935486
deflator_2015_1,1997,31,0.04036094635917008
deflator_2015_1,1997,32,0.101044095589464
deflator_2015_1,1997,33,1.0022307527585264
deflator_2015_1,1997,35,0.34471646681533197
deflator_2015_1,1997,36,0.01236915374488286
deflator_2015_1,1998,06,0.1301887093746599
deflator_2015_1,1998,07,1.5268441659805005
deflator_2015_1,1998,08,0.3202676495364825
deflator_2015_1,1998,09,0.6640287842906153
deflator_2015_1,1998,10,0.48806980700376
deflator_2015_1,1998,11,0.35598643482328113
deflator_2015_1,1998,12,0.31992761389682695
deflator_2015_1,1998,13,0.3779471381601842
deflator_2015_1,1998,14,0.09701670664765573
deflator_2015_1,1998,15,0.3072431669936567
deflator_2015_1,1998,16,0.12657063271545763
deflator_2015_1,1998,17,0.029170934127268067
deflator_2015_1,1998,18,1.49507181646405
deflator_2015_1,1998,19,0.2372657749533426
deflator_2015_1,1998,20,1.0067199485580263
deflator_2015_1,1998,21,0.07988921927178572
deflator_2015_1,1998,22,0.009639084167457665
deflator_2015_1,1998,23,0.8913793642815392
deflator_2015_1,1998,24,0.5875750754431799
deflator_2015_1,1998,25,1.0014245749069548
deflator_2015_1,1998,26,0.0024684493372467736
deflator_2015_1,1998,27,0.37303720838293364
deflator_2015_1,1998,28,0.2759016100462937
deflator_2015_1,1998,29,81.78474005518419
deflator_2015_1,1998,30,6.843250085533434
deflator_2015_1,1998,31,0.03017640849283744
deflator_2015_1,1998,32,0.10136169556891327
deflator_2015_1,1998,33,0.6473072230654233
deflator_2015_1,1998,35,0.3748876564505551
deflator_2015_1,1998,36,0.06508907719419345
deflator_2015_1,1999,06,0.18083778750523088
deflator_2015_1,1999,07,1.3117217920794675
deflator_2015_1,1999,08,0.34056818445289
deflator_2015_1,1999,09,1.0822623485366483
deflator_2015_1,1999,10,0.4714272476826989
deflator_2015_1,1999,11,0.5487823336018127
deflator_2015_1,1999,12,0.3634508536175256
deflator_2015_1,1999,13,0.3466904485905758
deflator_2015_1,1999,14,0.08793662227865413
deflator_2015_1,1999,15,0.2806386253138991
deflator_2015_1,1999,16,0.33760353052134673
deflator_2015_1,1999,17,0.03411805161083985
deflator_2015_1,1999,18,2.0476929518425613
deflator_2015_1,1999,19,0.19197945555185725
deflator_2015_1,1999,20,0.9576226706455381
deflator_2015_1,1999,21,0.08227520007392969
deflator_2015_1,1999,22,0.010899488960281306
deflator_2015_1,1999,23,0.5612854535699628
deflator_2015_1,1999,24,0.42103065753002883
deflator_2015_1,1999,25,1.5378766063019282
deflator_2015_1,1999,26,0.002961885328810802
deflator_2015_1,1999,27,0.29483513671946326
deflator_2015_1,1999,28,0.2628994205982574
deflator_2015_1,1999,29,186.72315081092285
deflator_2015_1,1999,30,1.2931311575082076
deflator_2015_1,1999,31,0.03785570957882832
deflator_2015_1,1999,32,0.10032263965816796
deflator_2015_1,1999,33,1.022583890669729
deflator_2015_1,1999,35,0.40239045673722046
deflator_2015_1,1999,36,0.2598283449639164
deflator_2015_1,2000,06,0.28267432025875605
deflator_2015_1,2000,07,0.4152989685228645
deflator_2015_1,2000,08,0.25831060678206735
deflator_2015_1,2000,09,1.2105387450054115
deflator_2015_1,2000,10,0.44636016099708853
deflator_2015_1,2000,11,0.4907551221466622
deflator_2015_1,2000,12,0.343207432193246
deflator_2015_1,2000,13,0.24343042772450874
deflator_2015_1,2000,14,0.12289279510992036
deflator_2015_1,2000,15,0.10304967881783322
deflator_2015_1,2000,16,0.09993716724944438
deflator_2015_1,2000,17,0.03318876615840452
deflator_2015_1,2000,18,1.3346229667502725
deflator_2015_1,2000,19,0.23308856571932277
deflator_2015_1,2000,20,0.8607741523055967
deflator_2015_1,2000,21,0.05502621727790911
deflator_2015_1,2000,22,0.012236859255712027
deflator_2015_1,2000,23,0.4978208392992924
deflator_2015_1,2000,24,0.23874063258516356
deflator_2015_1,2000,25,1.171720760972947
deflator_2015_1,2000,26,0.0063067631856211425
deflator_2015_1,2000,27,0.42812459349389637
deflator_2015_1,2000,28,0.29099972328955986
deflator_2015_1,2000,29,48.44080356561471
deflator_2015_1,2000,30,24.415763113791336
deflator_2015_1,2000,31,0.049412818884620006
deflator_2015_1,2000,32,0.122802770318898
deflator_2015_1,2000,33,2.007488761508076
deflator_2015_1,2000,35,0.3661662366293076
deflator_2015_1,2000,36,0.24939506611714116
deflator_2015_1,2001,06,0.33236543247193606
deflator_2015_1,2001,07,0.3473690257161507
deflator_2015_1,2001,08,0.32269843586824987
deflator_2015_1,2001,09,0.4176325988493275
deflator_2015_1,2001,10,0.4476170666644412
deflator_2015_1,2001,11,0.4799629837587152
deflator_2015_1,2001,12,0.43089445347551275
deflator_2015_1,2001,13,0.22438307770163407
deflator_2015_1,2001,14,0.1358320065163778
deflator_2015_1,2001,15,0.21976898873498235
deflator_2015_1,2001,16,0.1262869365633972
deflator_2015_1,2001,17,0.039675751534255246
deflator_2015_1,2001,18,1.9260972708351756
deflator_2015_1,2001,19,0.258001462915873
deflator_2015_1,2001,20,1.0577362398811632
deflator_2015_1,2001,21,0.0820412185187143
deflator_2015_1,2001,22,0.04104074998866769
deflator_2015_1,2001,23,0.38570499445132517
deflator_2015_1,2001,24,0.6260324738458725
deflator_2015_1,2001,25,1.71768306024982
deflator_2015_1,2001,26,0.006275386254349396
deflator_2015_1,2001,27,0.33920454493008206
deflator_2015_1,2001,28,0.24766970533350752
deflator_2015_1,2001,29,24.9855853336504
deflator_2015_1,2001,30,25.168158591690286
deflator_2015_1,2001,31,0.03631159530027925
deflator_2015_1,2001,32,0.09936897401261799
deflator_2015_1,2001,33,1.2205323529028669
deflator_2015_1,2001,35,0.2989693257207336
deflator_2015_1,2001,36,0.24404188919290964
deflator_2015_1,2002,06,0.3520241831657277
deflator_2015_1,2002,07,1.0183788499447397
deflator_2015_1,2002,08,0.35489825898776106
deflator_2015_1,2002,09,0.41417714710113046
deflator_2015_1,2002,10,0.4645367418822961
deflator_2015_1,2002,11,0.5098763427708798
deflator_2015_1,2002,12,0.3538165096679811
deflator_2015_1,2002,13,0.16181760086390748
deflator_2015_1,2002,14,0.23156750995337186
deflator_2015_1,2002,15,0.23551104263760092
deflator_2015_1,2002,16,0.14200940657731412
deflator_2015_1,2002,17,0.11326682738164222
deflator_2015_1,2002,18,2.5219296388775474
deflator_2015_1,2002,19,0.2575779946387304
deflator_2015_1,2002,20,0.7996310701116595
deflator_2015_1,2002,21,0.08441902094191149
deflator_2015_1,2002,22,0.07127068206003595
deflator_2015_1,2002,23,0.3911293186755043
deflator_2015_1,2002,24,0.6906705574657475
deflator_2015_1,2002,25,1.6228592214400848
deflator_2015_1,2002,26,0.010137377527636613
deflator_2015_1,2002,27,0.2724301710819183
deflator_2015_1,2002,28,0.4635529244210034
deflator_2015_1,2002,29,11.295472573983002
deflator_2015_1,2002,30,20.272578186269456
deflator_2015_1,2002,31,0.11718391689262093
deflator_2015_1,2002,32,0.10123089948529393
deflator_2015_1,2002,33,1.2431288961998508
deflator_2015_1,2002,35,0.28288188172456735
deflator_2015_1,2002,36,0.178102610753031
deflator_2015_1,2003,06,0.4057590808726228
deflator_2015_1,2003,07,0.2455996261774363
deflator_2015_1,2003,08,0.3667047126783057
deflator_2015_1,2003,09,0.6215920433162647
deflator_2015_1,2003,10,0.5705860129426737
deflator_2015_1,2003,11,0.5155757445545226
deflator_2015_1,2003,12,0.3436530020667864
deflator_2015_1,2003,13,0.17748234715640782
deflator_2015_1,2003,14,0.3043880108177992
deflator_2015_1,2003,15,0.1836343412378955
deflator_2015_1,2003,16,0.0992415302695663
deflator_2015_1,2003,17,0.18766595111096834
deflator_2015_1,2003,18,2.2411560377296924
deflator_2015_1,2003,19,0.33261832479913767
deflator_2015_1,2003,20,0.889389826891426
deflator_2015_1,2003,21,0.08504266716780876
deflator_2015_1,2003,22,0.08025073984915657
deflator_2015_1,2003,23,0.4748281200567302
deflator_2015_1,2003,24,1.1444486578253152
deflator_2015_1,2003,25,0.8336289904217049
deflator_2015_1,2003,26,0.010342152140008786
deflator_2015_1,2003,27,0.1627138635861396
deflator_2015_1,2003,28,0.38444326499475173
deflator_2015_1,2003,29,207.9501227009423
deflator_2015_1,2003,30,9.686901115307215
deflator_2015_1,2003,31,0.20927109627700352
deflator_2015_1,2003,32,0.10088190263294215
deflator_2015_1,2003,33,1.2578613581372031
deflator_2015_1,2003,35,0.29747786599402154
deflator_2015_1,2003,36,0.1312458453097538
deflator_2015_1,2004,06,0.49534717760455643
deflator_2015_1,2004,07,0.22712665799393
deflator_2015_1,2004,08,0.2755636406481274
deflator_2015_1,2004,09,1.0802495415253088
deflator_2015_1,2004,10,0.5864210454501098
deflator_2015_1,2004,11,0.564181449162709
deflator_2015_1,2004,12,0.40688255039875254
deflator_2015_1,2004,13,0.1593474723808784
deflator_2015_1,2004,14,0.35352846784877956
deflator_2015_1,2004,15,0.24927258659256837
deflator_2015_1,2004,16,0.24002893908197326
deflator_2015_1,2004,17,0.20654210333774864
deflator_2015_1,2004,18,3.0867189524905534
deflator_2015_1,2004,19,0.34111554819186646
deflator_2015_1,2004,20,0.9332412345962411
deflator_2015_1,2004,21,0.08240568524012476
deflator_2015_1,2004,22,0.10467487806411727
deflator_2015_1,2004,23,0.4911444659363893
deflator_2015_1,2004,24,1.3388232887834757
deflator_2015_1,2004,25,0.43970219516243375
deflator_2015_1,2004,26,0.01583243043655666
deflator_2015_1,2004,27,0.2506269690467739
deflator_2015_1,2004,28,0.622479379849015
deflator_2015_1,2004,29,210.9521338363051
deflator_2015_1,2004,30,29.253864895007798
deflator_2015_1,2004,31,0.49010550056374175
deflator_2015_1,2004,32,0.13527475843983422
deflator_2015_1,2004,33,1.2511613520802056
deflator_2015_1,2004,35,0.3212236981843428
deflator_2015_1,2004,36,0.19414461250703205
deflator_2015_1,2005,06,0.6848763260505648
deflator_2015_1,2005,07,0.21266541010667603
deflator_2015_1,2005,08,0.43903647343223623
deflator_2015_1,2005,09,1.0798687763050818
deflator_2015_1,2005,10,0.633452069064456
deflator_2015_1,2005,11,0.633756554989966
deflator_2015_1,2005,12,0.428534058053177
deflator_2015_1,2005,13,0.20077525358460244
deflator_2015_1,2005,14,0.27691347470591293
deflator_2015_1,2005,15,0.23352763452274589
deflator_2015_1,2005,16,0.6028038024347155
deflator_2015_1,2005,17,0.5098586720393541
deflator_2015_1,2005,18,3.2042065250766996
deflator_2015_1,2005,19,0.3521942631922294
deflator_2015_1,2005,20,1.0128897124212446
deflator_2015_1,2005,21,0.0814400390626674
deflator_2015_1,2005,22,0.12015022734632375
deflator_2015_1,2005,23,0.49571869740267366
deflator_2015_1,2005,24,1.2610692555312533
deflator_2015_1,2005,25,0.465734521366487
deflator_2015_1,2005,26,0.04925075305188717
deflator_2015_1,2005,27,0.41629412611805633
deflator_2015_1,2005,28,0.5060306250383585
deflator_2015_1,2005,29,199.38765012883277
deflator_2015_1,2005,30,13.844217579007195
deflator_2015_1,2005,31,0.41843989715012203
deflator_2015_1,2005,32,0.23579772397696677
deflator_2015_1,2005,33,1.2513848741416222
deflator_2015_1,2005,35,0.3549632178173275
deflator_2015_1,2005,36,0.38005923191421853
deflator_2015_1,2006,06,0.8996743014592721
deflator_2015_1,2006,07,0.20607113382429845
deflator_2015_1,2006,08,0.43641181231984455
deflator_2015_1,2006,09,1.0803096186707104
deflator_2015_1,2006,10,0.6530419120583827
deflator_2015_1,2006,11,0.6783380505823636
deflator_2015_1,2006,12,0.41279436191996927
deflator_2015_1,2006,13,0.397915857971252
deflator_2015_1,2006,14,0.3526972103816309
deflator_2015_1,2006,15,0.4470358380377159
deflator_2015_1,2006,16,0.7769403302171579
deflator_2015_1,2006,17,0.60588611287437
deflator_2015_1,2006,18,3.804045141246392
deflator_2015_1,2006,19,0.7485456502422829
deflator_2015_1,2006,20,0.8654745695394689
deflator_2015_1,2006,21,0.09433209157837924
deflator_2015_1,2006,22,0.17814325157196131
deflator_2015_1,2006,23,0.5923807488163753
deflator_2015_1,2006,24,1.4188213828482177
deflator_2015_1,2006,25,0.4969201103871603
deflator_2015_1,2006,26,0.11331093320927246
deflator_2015_1,2006,27,0.3005502907457549
deflator_2015_1,2006,28,0.5438774663213294
deflator_2015_1,2006,29,8.250779512281392
deflator_2015_1,2006,30,15.63898680185509
deflator_2015_1,2006,31,0.38241592296371996
deflator_2015_1,2006,32,0.21803176869142699
deflator_2015_1,2006,33,1.2510803613427894
deflator_2015_1,2006,35,0.3813980629369315
deflator_2015_1,2006,36,0.45814312191347084
deflator_2015_1,2007,06,1.09040777950514
deflator_2015_1,2007,07,0.0902633087272442
deflator_2015_1,2007,08,0.657477544116445
deflator_2015_1,2007,09,1.0804067338827448
deflator_2015_1,2007,10,0.6826500705073208
deflator_2015_1,2007,11,0.743236073151651
deflator_2015_1,2007,12,0.4512074223884893
deflator_2015_1,2007,13,0.3830175396177322
deflator_2015_1,2007,14,0.4055171206602484
deflator_2015_1,2007,15,0.6727964117624486
deflator_2015_1,2007,16,0.7506591022986372
deflator_2015_1,2007,17,0.6917824314455223
deflator_2015_1,2007,18,3.290705791684159
deflator_2015_1,2007,19,0.8083732053896956
deflator_2015_1,2007,20,1.413038722108629
deflator_2015_1,2007,21,0.0859797709698769
deflator_2015_1,2007,22,0.178456392033454
deflator_2015_1,2007,23,0.7143444808037166
deflator_2015_1,2007,24,1.7056245720029843
deflator_2015_1,2007,25,0.6325692786012602
deflator_2015_1,2007,26,0.20272911405438035
deflator_2015_1,2007,27,0.4000251050938879
deflator_2015_1,2007,28,0.508147707880918
deflator_2015_1,2007,29,20.0774603910536
deflator_2015_1,2007,30,11.596706314934918
deflator_2015_1,2007,31,0.48762652274837026
deflator_2015_1,2007,32,0.33797465309976443
deflator_2015_1,2007,33,1.2514341387048893
deflator_2015_1,2007,35,0.7372961561613628
deflator_2015_1,2007,36,0.7807483331858739
deflator_2015_1,2008,06,1.4360136065726858
deflator_2015_1,2008,07,0.7065067996809972
deflator_2015_1,2008,08,0.5915460407159032
deflator_2015_1,2008,09,1.0802985788454187
deflator_2015_1,2008,10,0.739416250009106
deflator_2015_1,2008,11,0.8733623109487101
deflator_2015_1,2008,12,0.5669353961593373
deflator_2015_1,2008,13,0.7102311992911591
deflator_2015_1,2008,14,0.5587316012454526
deflator_2015_1,2008,15,0.9401077575546702
deflator_2015_1,2008,16,0.3685167164679496
deflator_2015_1,2008,17,0.9728936174338663
deflator_2015_1,2008,18,4.964181903797646
deflator_2015_1,2008,19,0.8441632657130715
deflator_2015_1,2008,20,1.1546306878142332
deflator_2015_1,2008,21,0.09962893507517602
deflator_2015_1,2008,22,0.3061001578618422
deflator_2015_1,2008,23,1.1009760287318116
deflator_2015_1,2008,24,1.8439064580365452
deflator_2015_1,2008,25,0.5866442211005846
deflator_2015_1,2008,26,0.5466852513825987
deflator_2015_1,2008,27,0.8822947539956889
deflator_2015_1,2008,28,0.531598809655432
deflator_2015_1,2008,29,17.693627603828027
deflator_2015_1,2008,30,9.546042764669915
deflator_2015_1,2008,31,0.5858963443600237
deflator_2015_1,2008,32,0.39696271040769593
deflator_2015_1,2008,33,1.251761553210035
deflator_2015_1,2008,35,0.8491874076060786
deflator_2015_1,2008,36,0.9040738530972313
deflator_2015_1,2009,06,0.9209968210972331
deflator_2015_1,2009,07,0.7671352290756885
deflator_2015_1,2009,08,0.626406949192715
deflator_2015_1,2009,09,1.0803395195943237
deflator_2015_1,2009,10,0.7933726901352975
deflator_2015_1,2009,11,1.038812935072534
deflator_2015_1,2009,12,0.6413296336644088
deflator_2015_1,2009,13,0.6653412713879575
deflator_2015_1,2009,14,0.4765209136244677
deflator_2015_1,2009,15,0.8963391499406114
deflator_2015_1,2009,16,0.7408354564103069
deflator_2015_1,2009,17,0.4908873122941999
deflator_2015_1,2009,18,4.5950465015096995
deflator_2015_1,2009,19,0.7258167377831256
deflator_2015_1,2009,20,1.1050018029040896
deflator_2015_1,2009,21,0.09024360061157247
deflator_2015_1,2009,22,0.3098305592440447
deflator_2015_1,2009,23,1.3759059340122148
deflator_2015_1,2009,24,1.3843668256462598
deflator_2015_1,2009,25,0.6796548534802104
deflator_2015_1,2009,26,1.048288313630926
deflator_2015_1,2009,27,0.9974885986092761
deflator_2015_1,2009,28,0.6434885755913153
deflator_2015_1,2009,29,2.2233761753993497
deflator_2015_1,2009,30,13.211432660011493
deflator_2015_1,2009,31,0.6396170063132339
deflator_2015_1,2009,32,0.4061296364884349
deflator_2015_1,2009,33,1.2519091023285296
deflator_2015_1,2009,35,0.8693789862989271
deflator_2015_1,2009,36,0.6752976888008748
deflator_2015_1,2010,06,1.1502412373745836
deflator_2015_1,2010,07,0.8852126871608496
deflator_2015_1,2010,08,0.9096863678119631
deflator_2015_1,2010,09,1.2201578178608414
deflator_2015_1,2010,10,0.981776876646956
deflator_2015_1,2010,11,1.041593782397572
deflator_2015_1,2010,12,0.6908409331901726
deflator_2015_1,2010,13,0.6125495048758979
deflator_2015_1,2010,14,0.5688793831630002
deflator_2015_1,2010,15,0.9237146945237703
deflator_2015_1,2010,16,0.7112453006779689
deflator_2015_1,2010,17,0.4657451728749999
deflator_2015_1,2010,18,4.048053299424907
deflator_2015_1,2010,19,0.7813096089516225
deflator_2015_1,2010,20,0.7476196996588541
deflator_2015_1,2010,21,0.149558502836547
deflator_2015_1,2010,22,0.2537807627095434
deflator_2015_1,2010,23,1.8519252620509774
deflator_2015_1,2010,24,1.4606581229933753
deflator_2015_1,2010,25,0.9704019224406206
deflator_2015_1,2010,26,1.3220066410190634
deflator_2015_1,2010,27,1.0155187963318832
deflator_2015_1,2010,28,0.5535158861866434
deflator_2015_1,2010,29,0.015805991768241823
deflator_2015_1,2010,30,8.833429243090414
deflator_2015_1,2010,31,3.82861743495607
deflator_2015_1,2010,32,0.7687517366732468
deflator_2015_1,2010,33,0.9672625530164208
deflator_2015_1,2010,35,0.8583045118535724
deflator_2015_1,2010,36,0.8863793124459797
deflator_2015_1,2011,06,1.6395123036220631
deflator_2015_1,2011,07,1.0533942367335511
deflator_2015_1,2011,08,1.0699015535821566
deflator_2015_1,2011,09,1.1035606581876687
deflator_2015_1,2011,10,1.0357695852428082
deflator_2015_1,2011,11,1.0342499954476478
deflator_2015_1,2011,12,0.7611321554012649
deflator_2015_1,2011,13,0.949191113353287
deflator_2015_1,2011,14,0.4138868285874334
deflator_2015_1,2011,15,1.3942231967213115
deflator_2015_1,2011,16,0.777978573906383
deflator_2015_1,2011,17,0.28541002499999996
deflator_2015_1,2011,18,4.008358192740849
deflator_2015_1,2011,19,0.8901726572822932
deflator_2015_1,2011,20,0.9596116139086069
deflator_2015_1,2011,21,0.3394995882789
deflator_2015_1,2011,22,0.3892524587247179
deflator_2015_1,2011,23,1.1064193513089238
deflator_2015_1,2011,24,1.1127965546235181
deflator_2015_1,2011,25,0.7855532460905686
deflator_2015_1,2011,26,1.3692759349499997
deflator_2015_1,2011,27,3.1872524087892296
deflator_2015_1,2011,28,0.45782154240113165
deflator_2015_1,2011,29,0.021321536641575763
deflator_2015_1,2011,30,8.511480429934823
deflator_2015_1,2011,31,2.5316194750262966
deflator_2015_1,2011,32,0.30550803410399996
deflator_2015_1,2011,33,0.9637264969653214
deflator_2015_1,2011,35,1.0052648064371446
deflator_2015_1,2011,36,0.9440574854588191
deflator_2015_1,2012,06,1.6305575139486392
deflator_2015_1,2012,07,1.0946635342036608
deflator_2015_1,2012,08,0.8748603892193312
deflator_2015_1,2012,09,1.0753034555447993
deflator_2015_1,2012,10,1.2273256179719192
deflator_2015_1,2012,11,0.976389855842185
deflator_2015_1,2012,12,0.7625950929264708
deflator_2015_1,2012,13,0.6536801183091483
deflator_2015_1,2012,14,0.3338492036170212
deflator_2015_1,2012,15,1.3756335540983606
deflator_2015_1,2012,16,0.980784954283688
deflator_2015_1,2012,17,0.426445
deflator_2015_1,2012,18,2.137647863434344
deflator_2015_1,2012,19,0.8916628901681761
deflator_2015_1,2012,20,1.127874795628539
deflator_2015_1,2012,21,0.3141290481
deflator_2015_1,2012,22,0.26341384987547645
deflator_2015_1,2012,23,1.0900264336491894
deflator_2015_1,2012,24,1.7037979823142049
deflator_2015_1,2012,25,0.8998644096955772
deflator_2015_1,2012,26,0.9646363649999998
deflator_2015_1,2012,27,2.021386855313171
deflator_2015_1,2012,28,0.6173347224597583
deflator_2015_1,2012,29,0.09082441772727273
deflator_2015_1,2012,30,7.008684890625
deflator_2015_1,2012,31,0.9934402516666668
deflator_2015_1,2012,32,0.7520938285714285
deflator_2015_1,2012,33,0.9331754949674907
deflator_2015_1,2012,35,0.9973749419008056
deflator_2015_1,2012,36,1.019928101351148
deflator_2015_1,2013,06,1.5525807850142292
deflator_2015_1,2013,07,0.8449763295194506
deflator_2015_1,2013,08,1.1867134070631973
deflator_2015_1,2013,09,1.1205310655628256
deflator_2015_1,2013,10,1.0399374726989081
deflator_2015_1,2013,11,1.0810450015174506
deflator_2015_1,2013,12,0.7188909154411766
deflator_2015_1,2013,13,0.7731038485804416
deflator_2015_1,2013,14,0.7315476462765955
deflator_2015_1,2013,15,1.0858901639344263
deflator_2015_1,2013,16,4.981597771276596
deflator_2015_1,2013,17,0.58171875
deflator_2015_1,2013,18,1.8829449343434344
deflator_2015_1,2013,19,0.8609840976714102
deflator_2015_1,2013,20,1.0467818640996605
deflator_2015_1,2013,21,0.5246688
deflator_2015_1,2013,22,0.45491073316391356
deflator_2015_1,2013,23,1.1479540467466838
deflator_2015_1,2013,24,1.4759850987770458
deflator_2015_1,2013,25,1.2058922458357266
deflator_2015_1,2013,26,1.9819634999999998
deflator_2015_1,2013,27,2.0138483200000006
deflator_2015_1,2013,28,0.8226456237424545
deflator_2015_1,2013,29,0.08932007954545455
deflator_2015_1,2013,30,3.588676339285714
deflator_2015_1,2013,31,1.1998861111111112
deflator_2015_1,2013,32,2.074741596059113
deflator_2015_1,2013,33,1.04275658247191
deflator_2015_1,2013,35,0.9936322306061891
deflator_2015_1,2013,36,1.0199407883089768
deflator_2015_1,2014,06,1.4104808704570309
deflator_2015_1,2014,07,0.7557780320366131
deflator_2015_1,2014,08,0.9189776951672864
deflator_2015_1,2014,09,1.0998571237815464
deflator_2015_1,2014,10,1.080013000520021
deflator_2015_1,2014,11,0.9890622154779969
deflator_2015_1,2014,12,0.8166838235294119
deflator_2015_1,2014,13,0.7009716088328075
deflator_2015_1,2014,14,0.5030904255319147
deflator_2015_1,2014,15,1.6547540983606561
deflator_2015_1,2014,16,1.4801897163120568
deflator_2015_1,2014,17,0.79375
deflator_2015_1,2014,18,1.6076944444444445
deflator_2015_1,2014,19,1.0967487467658474
deflator_2015_1,2014,20,1.0022378255945639
deflator_2015_1,2014,21,0.34830000000000005
deflator_2015_1,2014,22,0.6167153748411689
deflator_2015_1,2014,23,1.1722322594230365
deflator_2015_1,2014,24,1.2697648165569142
deflator_2015_1,2014,25,1.3675157955198163
deflator_2015_1,2014,26,1.7985
deflator_2015_1,2014,27,1.6119160975609759
deflator_2015_1,2014,28,1.0016473843058349
deflator_2015_1,2014,29,0.8161969696969699
deflator_2015_1,2014,30,1.1318214285714288
deflator_2015_1,2014,31,0.9854629629629629
deflator_2015_1,2014,32,1.877770935960591
deflator_2015_1,2014,33,1.1084969288389512
deflator_2015_1,2014,35,0.9686617210682492
deflator_2015_1,2014,36,0.9920718162839249
deflator_2015_1,2015,06,1.0
deflator_2015_1,2015,07,1.0
deflator_2015_1,2015,08,1.0
deflator_2015_1,2015,09,1.0
deflator_2015_1,2015,10,1.0
deflator_2015_1,2015,11,1.0
deflator_2015_1,2015,12,1.0
deflator_2015_1,2015,13,1.0
deflator_2015_1,2015,14,1.0
deflator_2015_1,2015,15,1.0
deflator_2015_1,2015,16,1.0
deflator_2015_1,2015,17,1.0
deflator_2015_1,2015,18,1.0
deflator_2015_1,2015,19,1.0
deflator_2015_1,2015,20,1.0
deflator_2015_1,2015,21,1.0
deflator_2015_1,2015,22,1.0
deflator_2015_1,2015,23,1.0
deflator_2015_1,2015,24,1.0
deflator_2015_1,2015,25,1.0
deflator_2015_1,2015,26,1.0
deflator_2015_1,2015,27,1.0
deflator_2015_1,2015,28,1.0
deflator_2015_1,2015,29,1.0
deflator_2015_1,2015,30,1.0
deflator_2015_1,2015,31,1.0
deflator_2015_1,2015,32,1.0
deflator_2015_1,2015,33,1.0
deflator_2015_1,2015,35,1.0
deflator_2015_1,2015,36,1.0
deflator_2015_1,2016,06,1.294729414291622
deflator_2015_1,2016,07,1.6515319382461662
deflator_2015_1,2016,08,0.7601156186530346
deflator_2015_1,2016,09,1.1629235699538811
deflator_2015_1,2016,10,1.2259109957273608
deflator_2015_1,2016,11,1.199707654981439
deflator_2015_1,2016,12,1.6620210175573498
deflator_2015_1,2016,13,1.1704207590081894
deflator_2015_1,2016,14,0.8176776822091444
deflator_2015_1,2016,15,1.6345368011153312
deflator_2015_1,2016,16,0.5588408624438619
deflator_2015_1,2016,17,1.7339861281109754
deflator_2015_1,2016,18,1.3799448022079117
deflator_2015_1,2016,19,1.0997542186301423
deflator_2015_1,2016,20,1.1930815300011224
deflator_2015_1,2016,21,0.2723311546840958
deflator_2015_1,2016,22,1.2915703474635518
deflator_2015_1,2016,23,1.1040920895627149
deflator_2015_1,2016,24,1.3482600176891715
deflator_2015_1,2016,25,0.7690158928364932
deflator_2015_1,2016,26,1.1798491271228047
deflator_2015_1,2016,27,0.2402490172295372
deflator_2015_1,2016,28,0.9298031626513258
deflator_2015_1,2016,29,1.2553418803418803
deflator_2015_1,2016,30,0.9689922480620156
deflator_2015_1,2016,31,1.09298901347831
deflator_2015_1,2016,32,1.5120106397996864
deflator_2015_1,2016,33,0.9245895205518847
deflator_2015_1,2016,35,1.0319720689074878
deflator_2015_1,2016,36,1.1395005119342707
deflator_2015_1,2017,06,1.7676301912807684
deflator_2015_1,2017,07,1.1064484195512725
deflator_2015_1,2017,08,0.5737451861400152
deflator_2015_1,2017,09,1.5417191394462377
deflator_2015_1,2017,10,1.228143500062931
deflator_2015_1,2017,11,1.2042301472428383
deflator_2015_1,2017,12,1.4549666444442781
deflator_2015_1,2017,13,1.523297734606174
deflator_2015_1,2017,14,0.849208635537291
deflator_2015_1,2017,15,2.2700498750135765
deflator_2015_1,2017,16,0.43977083458833977
deflator_2015_1,2017,17,2.0559809013906953
deflator_2015_1,2017,18,1.5804964754547757
deflator_2015_1,2017,19,1.2327800467143495
deflator_2015_1,2017,20,1.4064329471228505
deflator_2015_1,2017,21,0.14229521747963206
deflator_2015_1,2017,22,0.9040965981029468
deflator_2015_1,2017,23,1.0756754260161454
deflator_2015_1,2017,24,2.561045553863788
deflator_2015_1,2017,25,1.6239274345943895
deflator_2015_1,2017,26,0.8412696433044053
deflator_2015_1,2017,27,0.3463422147275263
deflator_2015_1,2017,28,0.8249903260222982
deflator_2015_1,2017,29,56.79120262453596
deflator_2015_1,2017,30,1.0333785183747675
deflator_2015_1,2017,31,1.0803208302686338
deflator_2015_1,2017,32,1.4212742407468573
deflator_2015_1,2017,33,1.0230237295502047
deflator_2015_1,2017,35,1.0059366908259584
deflator_2015_1,2017,36,1.2584605725494264
deflator_2015_1,2018,06,2.260244976727709
deflator_2015_1,2018,07,1.5648351984783044
deflator_2015_1,2018,08,0.324058608805541
deflator_2015_1,2018,09,1.6696825621936513
deflator_2015_1,2018,10,1.232994404296907
deflator_2015_1,2018,11,1.2020509714478205
deflator_2015_1,2018,12,0.7848606963364924
deflator_2015_1,2018,13,1.4570178011870518
deflator_2015_1,2018,14,0.8605721754603582
deflator_2015_1,2018,15,2.669563924387418
deflator_2015_1,2018,16,0.3967950386097476
deflator_2015_1,2018,17,2.149440947817983
deflator_2015_1,2018,18,1.4600531972064408
deflator_2015_1,2018,19,1.3254264266742612
deflator_2015_1,2018,20,1.4250706034583067
deflator_2015_1,2018,21,0.16760331858613906
deflator_2015_1,2018,22,0.8707575341891423
deflator_2015_1,2018,23,0.9243412417455616
deflator_2015_1,2018,24,2.8813124983517238
deflator_2015_1,2018,25,1.6439060701235482
deflator_2015_1,2018,26,0.9696171914495646
deflator_2015_1,2018,27,0.1808345439840624
deflator_2015_1,2018,28,0.8816506597027473
deflator_2015_1,2018,29,0.25347387578570374
deflator_2015_1,2018,30,1.6377569768211004
deflator_2015_1,2018,31,0.845942537928659
deflator_2015_1,2018,32,1.4936093723325492
deflator_2015_1,2018,33,1.1645117665058617
deflator_2015_1,2018,35,1.0021624851786357
deflator_2015_1,2018,36,1.308772171572716
deflator_2015_1,2019,06,2.1070200471022495
deflator_2015_1,2019,07,1.821941207523578
deflator_2015_1,2019,08,0.39281222031914814
deflator_2015_1,2019,09,1.5351364118341646
deflator_2015_1,2019,10,1.307592853825508
deflator_2015_1,2019,11,1.2480720056913939
deflator_2015_1,2019,12,1.9270654458069378
deflator_2015_1,2019,13,1.34055879349311
deflator_2015_1,2019,14,0.756815900021116
deflator_2015_1,2019,15,2.2963447073028047
deflator_2015_1,2019,16,0.23728516866014843
deflator_2015_1,2019,17,2.3959963400725086
deflator_2015_1,2019,18,0.8511907526899609
deflator_2015_1,2019,19,1.4117679297254062
deflator_2015_1,2019,20,1.2884703933748323
deflator_2015_1,2019,21,0.37416227519548845
deflator_2015_1,2019,22,0.8366093418942016
deflator_2015_1,2019,23,0.8981360787875046
deflator_2015_1,2019,24,2.9341231486332977
deflator_2015_1,2019,25,1.0171477421244732
deflator_2015_1,2019,26,0.6103261913436068
deflator_2015_1,2019,27,0.20153046782235193
deflator_2015_1,2019,28,1.1351063316328271
deflator_2015_1,2019,29,0.25802231213851434
deflator_2015_1,2019,30,2.0106827802598515
deflator_2015_1,2019,31,0.7052393914117816
deflator_2015_1,2019,32,1.7061354533585027
deflator_2015_1,2019,33,1.1277464272834
deflator_2015_1,2019,35,0.9931561447567563
deflator_2015_1,2019,36,1.3020586133344707
deflator_2015_1,2020,06,1.4770468502255198
deflator_2015_1,2020,07,2.3904960239400483
deflator_2015_1,2020,08,0.6397414183974105
deflator_2015_1,2020,09,1.7027568683381715
deflator_2015_1,2020,10,1.4561547528970729
deflator_2015_1,2020,11,1.398663515839639
deflator_2015_1,2020,12,3.665206318755074
deflator_2015_1,2020,13,1.2604006600269073
deflator_2015_1,2020,14,0.5627900417195615
deflator_2015_1,2020,15,2.326791404125784
deflator_2015_1,2020,16,0.09872169405441442
deflator_2015_1,2020,17,1.7511328526551417
deflator_2015_1,2020,18,0.805601945176996
deflator_2015_1,2020,19,1.3585178275218628
deflator_2015_1,2020,20,1.2059947624253577
deflator_2015_1,2020,21,0.006872368319917134
deflator_2015_1,2020,22,0.6939487176618261
deflator_2015_1,2020,23,0.8604854116125754
deflator_2015_1,2020,24,2.2579344529918166
deflator_2015_1,2020,25,0.9107278839234754
deflator_2015_1,2020,26,0.43577041528501975
deflator_2015_1,2020,27,0.0022089183171654083
deflator_2015_1,2020,28,1.4168503478459176
deflator_2015_1,2020,29,0.18894177022563205
deflator_2015_1,2020,30,1.4243270345114611
deflator_2015_1,2020,31,0.9278543111531973
deflator_2015_1,2020,32,1.3036295819903332
deflator_2015_1,2020,33,0.8954904290393458
deflator_2015_1,2020,35,1.106903059452154
deflator_2015_1,2020,36,1.346384711632059
deflator_2015_1,2021,06,2.435543600220951
deflator_2015_1,2021,07,2.4957765748299257
deflator_2015_1,2021,08,0.6084951903718177
deflator_2015_1,2021,09,2.381403293676777
deflator_2015_1,2021,10,1.4967319839876603
deflator_2015_1,2021,11,1.5635009102357913
deflator_2015_1,2021,12,3.4897264609572973
deflator_2015_1,2021,13,1.5198444900019263
deflator_2015_1,2021,14,0.745523614407995
deflator_2015_1,2021,15,1.7277847142972966
deflator_2015_1,2021,16,0.14556342315950466
deflator_2015_1,2021,17,1.65517993363178
deflator_2015_1,2021,18,1.4671816320034254
deflator_2015_1,2021,19,1.6338082381959522
deflator_2015_1,2021,20,2.4795137778942373
deflator_2015_1,2021,21,0.006270849172381746
deflator_2015_1,2021,22,0.6319788180760761
deflator_2015_1,2021,23,0.577240643402843
deflator_2015_1,2021,24,2.969002944739622
deflator_2015_1,2021,25,1.2552290489401412
deflator_2015_1,2021,26,0.248828434334934
deflator_2015_1,2021,27,0.0027333561758527795
deflator_2015_1,2021,28,2.080416855435974
deflator_2015_1,2021,29,0.18181743582044377
deflator_2015_1,2021,30,8.779458442234581
deflator_2015_1,2021,31,1.0381509282348065
deflator_2015_1,2021,32,1.2353458406484878
deflator_2015_1,2021,33,0.9861177037426052
deflator_2015_1,2021,35,1.2222450045646236
deflator_2015_1,2021,36,1.5973939763564704
deflator_2015_1,2022,06,4.578725449030216
deflator_2015_1,2022,07,2.4196194866703373
deflator_2015_1,2022,08,0.9743488705509656
deflator_2015_1,2022,09,2.735621285107181
deflator_2015_1,2022,10,1.5049355427433022
deflator_2015_1,2022,11,1.8334735383629304
deflator_2015_1,2022,12,4.508178439025763
deflator_2015_1,2022,13,1.6293654367067616
deflator_2015_1,2022,14,0.5671892496058576
deflator_2015_1,2022,15,1.2998820423130926
deflator_2015_1,2022,16,0.13818756218155948
deflator_2015_1,2022,17,1.7273445504042235
deflator_2015_1,2022,18,1.0510544558517037
deflator_2015_1,2022,19,2.0267692330548046
deflator_2015_1,2022,20,2.5542571308015116
deflator_2015_1,2022,21,0.010111090768745145
deflator_2015_1,2022,22,0.7145716227209017
deflator_2015_1,2022,23,0.6194509945709178
deflator_2015_1,2022,24,3.1062384182201446
deflator_2015_1,2022,25,1.1410556504392864
deflator_2015_1,2022,26,0.2839090911262639
deflator_2015_1,2022,27,0.0019944307774681274
deflator_2015_1,2022,28,1.3945488219178244
deflator_2015_1,2022,29,0.14476353793696337
deflator_2015_1,2022,30,5.828448223064802
deflator_2015_1,2022,31,1.0639372443828945
deflator_2015_1,2022,32,1.095835422405224
deflator_2015_1,2022,33,1.467013296173256
deflator_2015_1,2022,35,1.3382012546387299
deflator_2015_1,2022,36,1.6593104872733493
deflator_2015_1,2023,06,3.1695062699947463
deflator_2015_1,2023,07,2.720700708659836
deflator_2015_1,2023,08,1.3260863305856476
deflator_2015_1,2023,09,3.4590603882445063
deflator_2015_1,2023,10,1.2814118486959527
deflator_2015_1,2023,11,1.8661166454926617
deflator_2015_1,2023,12,4.8866472897808775
deflator_2015_1,2023,13,1.4139682772557922
deflator_2015_1,2023,14,0.5141433698070652
deflator_2015_1,2023,15,1.3028554947729372
deflator_2015_1,2023,16,0.04463156892564275
deflator_2015_1,2023,17,1.6810819325068649
deflator_2015_1,2023,18,1.3588142079201115
deflator_2015_1,2023,19,1.8809789805956278
deflator_2015_1,2023,20,2.088021733977449
deflator_2015_1,2023,21,0.014078767766109874
deflator_2015_1,2023,22,0.7667780280264125
deflator_2015_1,2023,23,0.5148527923315676
deflator_2015_1,2023,24,3.888143353544202
deflator_2015_1,2023,25,0.7093104015839276
deflator_2015_1,2023,26,0.4640918896511605
deflator_2015_1,2023,27,0.001983603569947123
deflator_2015_1,2023,28,1.279210974220577
deflator_2015_1,2023,29,0.14256290252880066
deflator_2015_1,2023,30,4.241175940169269
deflator_2015_1,2023,31,1.1934003210248836
deflator_2015_1,2023,32,1.1985090177865763
deflator_2015_1,2023,33,1.7091933405097224
deflator_2015_1,2023,35,1.3794643887247169
deflator_2015_1,2023,36,1.7191988896555603
deflator_2015_1,2024,06,2.845599794230888
deflator_2015_1,2024,07,3.491299026930466
deflator_2015_1,2024,08,1.046567298479008
deflator_2015_1,2024,09,3.9006569153983133
deflator_2015_1,2024,10,1.175895059247793
deflator_2015_1,2024,11,1.8808371983992858
deflator_2015_1,2024,12,5.186668889509714
deflator_2015_1,2024,13,1.315361303388559
deflator_2015_1,2024,14,0.5183602919012832
deflator_2015_1,2024,15,2.048660353903095
deflator_2015_1,2024,16,0.027091881406784448
deflator_2015_1,2024,17,2.1496442488463
deflator_2015_1,2024,18,2.1114207796555027
deflator_2015_1,2024,19,2.279111877398885
deflator_2015_1,2024,20,1.8071251419668755
deflator_2015_1,2024,21,0.0064643892592182815
deflator_2015_1,2024,22,0.5498413897363418
deflator_2015_1,2024,23,0.5093258317040602
deflator_2015_1,2024,24,2.9780606014708133
deflator_2015_1,2024,25,0.6081598031937058
deflator_2015_1,2024,26,0.4871351575916497
deflator_2015_1,2024,27,0.001712843837724457
deflator_2015_1,2024,28,2.402211343997868
deflator_2015_1,2024,29,0.13616225907717117
deflator_2015_1,2024,30,15.539346136750666
deflator_2015_1,2024,31,1.0637267371935228
deflator_2015_1,2024,32,1.1488306062575848
deflator_2015_1,2024,33,1.9428964509335882
deflator_2015_1,2024,35,1.4436072450022381
deflator_2015_1,2024,36,1.7504414863189788
deflator_2015_1,2025,06,2.547771583600865
deflator_2015_1,2025,07,4.556017706590694
deflator_2015_1,2025,08,0.9497734356250057
deflator_2015_1,2025,09,4.205411477595664
deflator_2015_1,2025,10,1.148504950063735
deflator_2015_1,2025,11,2.082122694221831
deflator_2015_1,2025,12,5.0727200373150705
deflator_2015_1,2025,13,1.2448905397162988
deflator_2015_1,2025,14,0.7632962882545206
deflator_2015_1,2025,15,1.9205340723085718
deflator_2015_1,2025,16,0.022604823868823065
deflator_2015_1,2025,17,3.189703769594925
deflator_2015_1,2025,18,2.8564555102515383
deflator_2015_1,2025,19,2.2741371196694273
deflator_2015_1,2025,20,1.7835485320133384
deflator_2015_1,2025,21,0.005130603850254203
deflator_2015_1,2025,22,0.5706236835634614
deflator_2015_1,2025,23,0.5457331126427628
deflator_2015_1,2025,24,3.593715385859829
deflator_2015_1,2025,25,1.2645379391696905
deflator_2015_1,2025,26,0.4418920612798852
deflator_2015_1,2025,27,0.0023327784417134863
deflator_2015_1,2025,28,0.7058453563516841
deflator_2015_1,2025,29,0.23995805342775425
deflator_2015_1,2025,30,7.4713563231004585
deflator_2015_1,2025,31,1.144552246594157
deflator_2015_1,2025,32,0.5348228999944092
deflator_2015_1,2025,33,2.4748815506827575
deflator_2015_1,2025,35,1.6014691595071409
deflator_2015_1,2025,36,1.7459420148709963
nonstate_share,1997,06,0.027000000000000003
nonstate_share,1997,08,0.49700000000000005
nonstate_share,1997,10,0.919
nonstate_share,1997,12,0.35700000000000004
nonstate_share,1997,13,0.07200000000000001
nonstate_share,1997,14,0.162
nonstate_share,1997,15,0.228
nonstate_share,1997,16,0.653
nonstate_share,1997,17,0.539
nonstate_share,1997,18,0.215
nonstate_share,1997,19,0.006999999999999999
nonstate_share,1997,20,0.057999999999999996
nonstate_share,1997,22,0.022000000000000002
nonstate_share,1997,23,0.10300000000000001
nonstate_share,1997,24,0.11599999999999999
nonstate_share,1997,25,0.44299999999999995
nonstate_share,1997,26,0.278
nonstate_share,1997,27,0.21100000000000002
nonstate_share,1997,28,0.05
nonstate_share,1997,30,0.505
nonstate_share,1997,36,0.25
nonstate_share,1998,06,0.24
nonstate_share,1998,08,0.815
nonstate_share,1998,10,0.9670000000000001
nonstate_share,1998,12,0.611
nonstate_share,1998,13,0.48200000000000004
nonstate_share,1998,14,0.9109999999999999
nonstate_share,1998,15,0.986
nonstate_share,1998,16,0.423
nonstate_share,1998,17,0.483
nonstate_share,1998,18,0.127
nonstate_share,1998,19,0.001
nonstate_share,1998,20,0.046
nonstate_share,1998,22,0.13
nonstate_share,1998,23,0.132
nonstate_share,1998,24,0.012
nonstate_share,1998,25,0.08199999999999999
nonstate_share,1998,26,0.023
nonstate_share,1998,27,0.124
nonstate_share,1998,28,0.028999999999999998
nonstate_share,1998,29,0.096
nonstate_share,1998,30,0.134
nonstate_share,1998,36,0.013999999999999999
nonstate_share,1999,06,0.511
nonstate_share,1999,08,0.8009999999999999
nonstate_share,1999,10,0.975
nonstate_share,1999,12,0.7240000000000001
nonstate_share,1999,13,0.5589999999999999
nonstate_share,1999,14,0.899
nonstate_share,1999,15,1.0
nonstate_share,1999,16,0.9790000000000001
nonstate_share,1999,17,0.759
nonstate_share,1999,18,0.428
nonstate_share,1999,19,0.001
nonstate_share,1999,20,0.064
nonstate_share,1999,22,0.222
nonstate_share,1999,23,0.157
nonstate_share,1999,24,0.335
nonstate_share,1999,25,0.10300000000000001
nonstate_share,1999,26,0.192
nonstate_share,1999,27,0.14300000000000002
nonstate_share,1999,28,0.07400000000000001
nonstate_share,1999,29,0.7040000000000001
nonstate_share,1999,30,0.086
nonstate_share,1999,35,0.0001
nonstate_share,1999,36,0.013000000000000001
nonstate_share,2000,06,0.6859999999999999
nonstate_share,2000,08,0.705
nonstate_share,2000,09,0.057999999999999996
nonstate_share,2000,10,0.98
nonstate_share,2000,11,0.813
nonstate_share,2000,12,0.078
nonstate_share,2000,13,0.555
nonstate_share,2000,14,0.5920000000000001
nonstate_share,2000,15,0.992
nonstate_share,2000,16,0.9059999999999999
nonstate_share,2000,17,0.93
nonstate_share,2000,18,0.595
nonstate_share,2000,19,0.001
nonstate_share,2000,20,0.172
nonstate_share,2000,21,0.564
nonstate_share,2000,22,0.43200000000000005
nonstate_share,2000,23,0.23600000000000002
nonstate_share,2000,24,0.159
nonstate_share,2000,25,0.17
nonstate_share,2000,26,0.022000000000000002
nonstate_share,2000,27,0.469
nonstate_share,2000,28,0.055999999999999994
nonstate_share,2000,29,0.97
nonstate_share,2000,30,0.021
nonstate_share,2000,31,0.973
nonstate_share,2000,32,0.9
nonstate_share,2000,33,0.7809999999999999
nonstate_share,2000,35,0.002
nonstate_share,2000,36,0.036000000000000004
nonstate_share,2001,06,0.575
nonstate_share,2001,08,0.903
nonstate_share,2001,09,0.113
nonstate_share,2001,10,0.996
nonstate_share,2001,11,0.88
nonstate_share,2001,12,1.0
nonstate_share,2001,13,0.7490000000000001
nonstate_share,2001,14,0.826
nonstate_share,2001,15,0.996
nonstate_share,2001,16,0.9790000000000001
nonstate_share,2001,17,0.9690000000000001
nonstate_share,2001,18,0.647
nonstate_share,2001,19,0.001
nonstate_share,2001,20,0.098
nonstate_share,2001,21,0.715
nonstate_share,2001,22,0.853
nonstate_share,2001,23,0.821
nonstate_share,2001,24,0.5429999999999999
nonstate_share,2001,25,0.28300000000000003
nonstate_share,2001,26,0.005
nonstate_share,2001,27,0.547
nonstate_share,2001,28,0.037000000000000005
nonstate_share,2001,29,0.9520000000000001
nonstate_share,2001,31,0.981
nonstate_share,2001,32,0.88
nonstate_share,2001,33,0.619
nonstate_share,2001,35,0.01
nonstate_share,2001,36,0.03
nonstate_share,2002,06,0.611
nonstate_share,2002,08,0.882
nonstate_share,2002,09,0.302
nonstate_share,2002,10,0.991
nonstate_share,2002,11,0.8690000000000001
nonstate_share,2002,12,0.983
nonstate_share,2002,13,0.5329999999999999
nonstate_share,2002,14,0.6779999999999999
nonstate_share,2002,15,0.992
nonstate_share,2002,16,0.971
nonstate_share,2002,17,0.972
nonstate_share,2002,18,0.71
nonstate_share,2002,19,0.005
nonstate_share,2002,20,0.17
nonstate_share,2002,21,0.945
nonstate_share,2002,22,0.753
nonstate_share,2002,23,0.855
nonstate_share,2002,24,0.8109999999999999
nonstate_share,2002,25,0.21600000000000003
nonstate_share,2002,26,0.015
nonstate_share,2002,27,0.444
nonstate_share,2002,28,0.018000000000000002
nonstate_share,2002,29,0.7140000000000001
nonstate_share,2002,31,0.981
nonstate_share,2002,32,0.8859999999999999
nonstate_share,2002,33,0.82
nonstate_share,2002,35,0.064
nonstate_share,2002,36,0.022000000000000002
nonstate_share,2003,06,0.6409999999999999
nonstate_share,2003,07,0.08900000000000001
nonstate_share,2003,08,0.919
nonstate_share,2003,09,0.42100000000000004
nonstate_share,2003,10,0.991
nonstate_share,2003,11,0.922
nonstate_share,2003,12,0.992
nonstate_share,2003,13,0.613
nonstate_share,2003,14,0.519
nonstate_share,2003,15,0.948
nonstate_share,2003,16,0.929
nonstate_share,2003,17,0.9590000000000001
nonstate_share,2003,18,0.721
nonstate_share,2003,19,0.006
nonstate_share,2003,20,0.255
nonstate_share,2003,21,0.9640000000000001
nonstate_share,2003,22,0.976
nonstate_share,2003,23,0.8059999999999999
nonstate_share,2003,24,0.45899999999999996
nonstate_share,2003,25,0.5720000000000001
nonstate_share,2003,26,0.11800000000000001
nonstate_share,2003,27,0.49700000000000005
nonstate_share,2003,28,0.23399999999999999
nonstate_share,2003,29,0.015
nonstate_share,2003,31,0.985
nonstate_share,2003,32,0.898
nonstate_share,2003,33,0.843
nonstate_share,2003,35,0.098
nonstate_share,2003,36,0.025
nonstate_share,2004,06,0.662
nonstate_share,2004,07,0.023
nonstate_share,2004,08,0.935
nonstate_share,2004,09,0.6609999999999999
nonstate_share,2004,10,0.985
nonstate_share,2004,11,0.924
nonstate_share,2004,12,0.9890000000000001
nonstate_share,2004,13,0.5589999999999999
nonstate_share,2004,14,0.5529999999999999
nonstate_share,2004,15,0.99
nonstate_share,2004,16,0.83
nonstate_share,2004,17,0.966
nonstate_share,2004,18,0.812
nonstate_share,2004,19,0.006999999999999999
nonstate_share,2004,20,0.22399999999999998
nonstate_share,2004,21,0.98
nonstate_share,2004,22,0.9790000000000001
nonstate_share,2004,23,0.861
nonstate_share,2004,24,0.473
nonstate_share,2004,25,0.642
nonstate_share,2004,26,0.14800000000000002
nonstate_share,2004,27,0.457
nonstate_share,2004,28,0.391
nonstate_share,2004,29,0.001
nonstate_share,2004,30,0.040999999999999995
nonstate_share,2004,31,0.9940000000000001
nonstate_share,2004,32,0.955
nonstate_share,2004,33,0.778
nonstate_share,2004,35,0.111
nonstate_share,2004,36,0.03
nonstate_share,2005,06,0.833
nonstate_share,2005,08,0.972
nonstate_share,2005,09,0.716
nonstate_share,2005,10,0.9990000000000001
nonstate_share,2005,11,0.982
nonstate_share,2005,12,1.0
nonstate_share,2005,13,0.563
nonstate_share,2005,14,0.966
nonstate_share,2005,15,0.955
nonstate_share,2005,16,0.9179999999999999
nonstate_share,2005,17,0.912
nonstate_share,2005,18,0.8240000000000001
nonstate_share,2005,19,0.004
nonstate_share,2005,20,0.303
nonstate_share,2005,21,0.995
nonstate_share,2005,22,0.987
nonstate_share,2005,23,0.909
nonstate_share,2005,24,0.083
nonstate_share,2005,25,0.866
nonstate_share,2005,26,0.179
nonstate_share,2005,27,0.655
nonstate_share,2005,28,0.254
nonstate_share,2005,29,0.09
nonstate_share,2005,30,0.46
nonstate_share,2005,31,0.9990000000000001
nonstate_share,2005,32,0.978
nonstate_share,2005,33,0.846
nonstate_share,2005,35,0.107
nonstate_share,2005,36,0.12300000000000001
nonstate_share,2006,06,0.905
nonstate_share,2006,08,0.976
nonstate_share,2006,09,0.634
nonstate_share,2006,10,0.998
nonstate_share,2006,11,0.9570000000000001
nonstate_share,2006,12,1.0
nonstate_share,2006,13,0.45799999999999996
nonstate_share,2006,14,0.9229999999999999
nonstate_share,2006,15,1.0
nonstate_share,2006,16,0.987
nonstate_share,2006,17,0.915
nonstate_share,2006,18,0.9
nonstate_share,2006,19,0.0002
nonstate_share,2006,20,0.187
nonstate_share,2006,21,0.987
nonstate_share,2006,22,0.992
nonstate_share,2006,23,0.9470000000000001
nonstate_share,2006,24,0.371
nonstate_share,2006,25,0.484
nonstate_share,2006,26,0.134
nonstate_share,2006,27,0.595
nonstate_share,2006,28,0.382
nonstate_share,2006,29,0.815
nonstate_share,2006,30,0.4
nonstate_share,2006,31,0.998
nonstate_share,2006,32,0.953
nonstate_share,2006,33,0.841
nonstate_share,2006,35,0.102
nonstate_share,2006,36,0.17800000000000002
nonstate_share,2007,06,0.941
nonstate_share,2007,08,0.973
nonstate_share,2007,09,0.6559999999999999
nonstate_share,2007,10,0.998
nonstate_share,2007,11,0.9540000000000001
nonstate_share,2007,12,1.0
nonstate_share,2007,13,0.9129999999999999
nonstate_share,2007,14,0.953
nonstate_share,2007,15,0.9990000000000001
nonstate_share,2007,16,0.982
nonstate_share,2007,17,0.958
nonstate_share,2007,18,0.893
nonstate_share,2007,19,0.003
nonstate_share,2007,20,0.27899999999999997
nonstate_share,2007,21,1.0
nonstate_share,2007,22,0.965
nonstate_share,2007,23,0.9279999999999999
nonstate_share,2007,24,0.424
nonstate_share,2007,25,0.5379999999999999
nonstate_share,2007,26,0.096
nonstate_share,2007,27,0.69
nonstate_share,2007,28,0.39899999999999997
nonstate_share,2007,29,0.42700000000000005
nonstate_share,2007,30,0.38
nonstate_share,2007,31,1.0
nonstate_share,2007,32,0.958
nonstate_share,2007,33,0.8270000000000001
nonstate_share,2007,35,0.006999999999999999
nonstate_share,2007,36,0.2
nonstate_share,2008,06,0.95
nonstate_share,2008,08,0.965
nonstate_share,2008,09,0.544
nonstate_share,2008,10,0.9998
nonstate_share,2008,11,1.0
nonstate_share,2008,12,1.0
nonstate_share,2008,13,0.888
nonstate_share,2008,14,0.94
nonstate_share,2008,15,1.0
nonstate_share,2008,16,0.978
nonstate_share,2008,17,0.9590000000000001
nonstate_share,2008,18,0.912
nonstate_share,2008,19,0.004
nonstate_share,2008,20,0.22899999999999998
nonstate_share,2008,21,1.0
nonstate_share,2008,22,0.948
nonstate_share,2008,23,0.9309999999999999
nonstate_share,2008,24,0.47
nonstate_share,2008,25,0.5539999999999999
nonstate_share,2008,26,0.14
nonstate_share,2008,27,0.752
nonstate_share,2008,28,0.42
nonstate_share,2008,29,0.153
nonstate_share,2008,30,0.42
nonstate_share,2008,31,1.0
nonstate_share,2008,32,0.9690000000000001
nonstate_share,2008,33,0.8390000000000001
nonstate_share,2008,35,0.006
nonstate_share,2008,36,0.235
nonstate_share,2009,06,0.9179999999999999
nonstate_share,2009,07,0.992
nonstate_share,2009,08,0.945
nonstate_share,2009,09,0.38299999999999995
nonstate_share,2009,10,0.9995
nonstate_share,2009,11,0.997
nonstate_share,2009,12,1.0
nonstate_share,2009,13,0.9570000000000001
nonstate_share,2009,14,0.912
nonstate_share,2009,15,1.0
nonstate_share,2009,16,0.981
nonstate_share,2009,17,0.9690000000000001
nonstate_share,2009,18,0.8059999999999999
nonstate_share,2009,19,0.0001
nonstate_share,2009,20,0.39
nonstate_share,2009,21,0.9990000000000001
nonstate_share,2009,22,0.9740000000000001
nonstate_share,2009,23,0.9690000000000001
nonstate_share,2009,24,0.385
nonstate_share,2009,25,0.41600000000000004
nonstate_share,2009,26,0.193
nonstate_share,2009,27,0.8320000000000001
nonstate_share,2009,28,0.3
nonstate_share,2009,29,0.8079999999999999
nonstate_share,2009,30,0.332
nonstate_share,2009,31,1.0
nonstate_share,2009,32,0.9390000000000001
nonstate_share,2009,33,0.81
nonstate_share,2009,35,0.006
nonstate_share,2009,36,0.141
nonstate_share,2010,06,0.9329999999999999
nonstate_share,2010,07,0.998
nonstate_share,2010,08,0.976
nonstate_share,2010,09,0.41100000000000003
nonstate_share,2010,10,0.9998
nonstate_share,2010,11,0.998
nonstate_share,2010,12,1.0
nonstate_share,2010,13,0.973
nonstate_share,2010,14,0.9620000000000001
nonstate_share,2010,15,1.0
nonstate_share,2010,16,0.98
nonstate_share,2010,17,1.0
nonstate_share,2010,18,0.748
nonstate_share,2010,19,0.001
nonstate_share,2010,20,0.18899999999999997
nonstate_share,2010,21,1.0
nonstate_share,2010,22,0.924
nonstate_share,2010,23,0.943
nonstate_share,2010,24,0.76
nonstate_share,2010,25,0.563
nonstate_share,2010,26,0.16399999999999998
nonstate_share,2010,27,0.825
nonstate_share,2010,28,0.23600000000000002
nonstate_share,2010,29,0.963
nonstate_share,2010,30,0.01
nonstate_share,2010,31,1.0
nonstate_share,2010,32,0.7759999999999999
nonstate_share,2010,33,0.6809999999999999
nonstate_share,2010,35,0.034
nonstate_share,2010,36,0.233
nonstate_share,2011,06,0.9329999999999999
nonstate_share,2011,07,0.924
nonstate_share,2011,08,0.976
nonstate_share,2011,09,0.531
nonstate_share,2011,10,0.9998
nonstate_share,2011,11,0.998
nonstate_share,2011,12,1.0
nonstate_share,2011,13,0.9840000000000001
nonstate_share,2011,14,0.9359999999999999
nonstate_share,2011,15,1.0
nonstate_share,2011,16,0.997
nonstate_share,2011,17,0.998
nonstate_share,2011,18,0.77
nonstate_share,2011,19,0.0004
nonstate_share,2011,20,0.129
nonstate_share,2011,21,1.0
nonstate_share,2011,22,0.9159999999999999
nonstate_share,2011,23,0.907
nonstate_share,2011,24,0.722
nonstate_share,2011,25,0.37799999999999995
nonstate_share,2011,26,0.18600000000000003
nonstate_share,2011,27,0.779
nonstate_share,2011,28,0.226
nonstate_share,2011,29,1.0
nonstate_share,2011,30,0.012
nonstate_share,2011,31,1.0
nonstate_share,2011,32,0.45
nonstate_share,2011,33,0.932
nonstate_share,2011,35,0.009000000000000001
nonstate_share,2011,36,0.237
nonstate_share,2012,06,0.9259999999999999
nonstate_share,2012,07,0.9359999999999999
nonstate_share,2012,08,0.941
nonstate_share,2012,09,0.584
nonstate_share,2012,10,0.9998999999999999
nonstate_share,2012,11,0.998
nonstate_share,2012,12,1.0
nonstate_share,2012,13,0.973
nonstate_share,2012,14,0.961
nonstate_share,2012,15,1.0
nonstate_share,2012,16,0.997
nonstate_share,2012,17,0.992
nonstate_share,2012,18,0.9159999999999999
nonstate_share,2012,19,0.0
nonstate_share,2012,20,0.24600000000000002
nonstate_share,2012,21,1.0
nonstate_share,2012,22,0.795
nonstate_share,2012,23,0.94
nonstate_share,2012,24,0.888
nonstate_share,2012,25,0.502
nonstate_share,2012,26,0.16699999999999998
nonstate_share,2012,27,0.995
nonstate_share,2012,28,0.19699999999999998
nonstate_share,2012,29,1.0
nonstate_share,2012,30,0.006999999999999999
nonstate_share,2012,31,1.0
nonstate_share,2012,32,0.763
nonstate_share,2012,33,0.94
nonstate_share,2012,35,0.011000000000000001
nonstate_share,2012,36,0.28600000000000003
nonstate_share,2013,06,0.953
nonstate_share,2013,07,0.938
nonstate_share,2013,08,0.927
nonstate_share,2013,09,0.5920000000000001
nonstate_share,2013,10,0.9998
nonstate_share,2013,11,0.9990000000000001
nonstate_share,2013,12,1.0
nonstate_share,2013,13,0.995
nonstate_share,2013,14,0.993
nonstate_share,2013,15,1.0
nonstate_share,2013,16,0.9990000000000001
nonstate_share,2013,17,0.997
nonstate_share,2013,18,0.922
nonstate_share,2013,20,0.22399999999999998
nonstate_share,2013,21,1.0
nonstate_share,2013,22,0.935
nonstate_share,2013,23,0.958
nonstate_share,2013,24,0.9209999999999999
nonstate_share,2013,25,0.963
nonstate_share,2013,26,0.145
nonstate_share,2013,27,0.9940000000000001
nonstate_share,2013,28,0.129
nonstate_share,2013,29,1.0
nonstate_share,2013,30,0.006999999999999999
nonstate_share,2013,31,1.0
nonstate_share,2013,32,0.935
nonstate_share,2013,33,0.909
nonstate_share,2013,35,0.002
nonstate_share,2013,36,0.312
nonstate_share,2014,06,0.951
nonstate_share,2014,07,0.966
nonstate_share,2014,08,0.912
nonstate_share,2014,09,0.7120000000000001
nonstate_share,2014,10,0.9998
nonstate_share,2014,11,1.0
nonstate_share,2014,12,1.0
nonstate_share,2014,13,0.995
nonstate_share,2014,14,0.993
nonstate_share,2014,15,1.0
nonstate_share,2014,16,0.997
nonstate_share,2014,17,0.9990000000000001
nonstate_share,2014,18,0.772
nonstate_share,2014,20,0.256
nonstate_share,2014,21,1.0
nonstate_share,2014,22,0.987
nonstate_share,2014,23,0.9540000000000001
nonstate_share,2014,24,0.9590000000000001
nonstate_share,2014,25,0.983
nonstate_share,2014,26,0.22899999999999998
nonstate_share,2014,27,0.993
nonstate_share,2014,28,0.172
nonstate_share,2014,29,0.14800000000000002
nonstate_share,2014,30,0.052000000000000005
nonstate_share,2014,31,1.0
nonstate_share,2014,32,0.9279999999999999
nonstate_share,2014,33,0.9420000000000001
nonstate_share,2014,35,0.002
nonstate_share,2014,36,0.295
nonstate_share,2015,06,0.94
nonstate_share,2015,07,0.95
nonstate_share,2015,08,0.922
nonstate_share,2015,09,0.843
nonstate_share,2015,10,0.9998999999999999
nonstate_share,2015,11,1.0
nonstate_share,2015,12,1.0
nonstate_share,2015,13,0.991
nonstate_share,2015,14,0.9840000000000001
nonstate_share,2015,15,1.0
nonstate_share,2015,16,0.9990000000000001
nonstate_share,2015,17,1.0
nonstate_share,2015,18,0.7120000000000001
nonstate_share,2015,20,0.546
nonstate_share,2015,21,1.0
nonstate_share,2015,22,0.9790000000000001
nonstate_share,2015,23,0.993
nonstate_share,2015,24,0.9890000000000001
nonstate_share,2015,25,0.985
nonstate_share,2015,26,0.314
nonstate_share,2015,27,0.991
nonstate_share,2015,28,0.11
nonstate_share,2015,29,0.059000000000000004
nonstate_share,2015,30,0.035
nonstate_share,2015,31,1.0
nonstate_share,2015,32,0.737
nonstate_share,2015,33,0.941
nonstate_share,2015,35,0.002
nonstate_share,2015,36,0.27
nonstate_share,2016,06,0.9540000000000001
nonstate_share,2016,07,0.996
nonstate_share,2016,08,0.862
nonstate_share,2016,09,0.9079999999999999
nonstate_share,2016,10,0.9998999999999999
nonstate_share,2016,11,1.0
nonstate_share,2016,12,1.0
nonstate_share,2016,13,0.997
nonstate_share,2016,14,0.992
nonstate_share,2016,15,1.0
nonstate_share,2016,16,0.9997
nonstate_share,2016,17,1.0
nonstate_share,2016,18,0.609
nonstate_share,2016,20,0.41600000000000004
nonstate_share,2016,21,1.0
nonstate_share,2016,22,0.982
nonstate_share,2016,23,0.991
nonstate_share,2016,24,0.998
nonstate_share,2016,25,0.991
nonstate_share,2016,26,0.364
nonstate_share,2016,27,0.992
nonstate_share,2016,28,0.13
nonstate_share,2016,29,0.026000000000000002
nonstate_share,2016,30,0.043
nonstate_share,2016,31,1.0
nonstate_share,2016,32,0.9309999999999999
nonstate_share,2016,33,0.935
nonstate_share,2016,35,0.004
nonstate_share,2016,36,0.28800000000000003
nonstate_share,2017,06,0.9640000000000001
nonstate_share,2017,07,0.498
nonstate_share,2017,08,0.897
nonstate_share,2017,09,0.536
nonstate_share,2017,10,0.9998999999999999
nonstate_share,2017,11,1.0
nonstate_share,2017,12,1.0
nonstate_share,2017,13,0.997
nonstate_share,2017,14,0.996
nonstate_share,2017,15,1.0
nonstate_share,2017,16,0.9995
nonstate_share,2017,17,1.0
nonstate_share,2017,18,0.946
nonstate_share,2017,19,0.0001
nonstate_share,2017,20,0.309
nonstate_share,2017,21,1.0
nonstate_share,2017,22,0.996
nonstate_share,2017,23,0.9940000000000001
nonstate_share,2017,24,0.9998999999999999
nonstate_share,2017,25,0.998
nonstate_share,2017,26,0.439
nonstate_share,2017,27,0.995
nonstate_share,2017,28,0.11699999999999999
nonstate_share,2017,29,0.018000000000000002
nonstate_share,2017,30,0.07
nonstate_share,2017,31,1.0
nonstate_share,2017,32,0.932
nonstate_share,2017,33,0.9279999999999999
nonstate_share,2017,35,0.006
nonstate_share,2017,36,0.38299999999999995
nonstate_share,2018,06,0.9740000000000001
nonstate_share,2018,07,0.601
nonstate_share,2018,08,0.9209999999999999
nonstate_share,2018,09,0.527
nonstate_share,2018,10,0.9998999999999999
nonstate_share,2018,11,0.9990000000000001
nonstate_share,2018,12,1.0
nonstate_share,2018,13,0.996
nonstate_share,2018,14,0.997
nonstate_share,2018,15,1.0
nonstate_share,2018,16,0.9998
nonstate_share,2018,17,1.0
nonstate_share,2018,18,0.8340000000000001
nonstate_share,2018,19,0.0001
nonstate_share,2018,20,0.33299999999999996
nonstate_share,2018,21,1.0
nonstate_share,2018,22,0.997
nonstate_share,2018,23,0.996
nonstate_share,2018,24,1.0
nonstate_share,2018,25,0.9840000000000001
nonstate_share,2018,26,0.445
nonstate_share,2018,27,0.998
nonstate_share,2018,28,0.133
nonstate_share,2018,29,0.114
nonstate_share,2018,30,0.426
nonstate_share,2018,31,1.0
nonstate_share,2018,32,0.95
nonstate_share,2018,33,0.9390000000000001
nonstate_share,2018,35,0.025
nonstate_share,2018,36,0.366
nonstate_share,2019,06,0.9740520376769541
nonstate_share,2019,07,0.534
nonstate_share,2019,08,0.9794206850496675
nonstate_share,2019,09,0.48657899569514457
nonstate_share,2019,10,0.9999287820676315
nonstate_share,2019,11,0.9990000000000001
nonstate_share,2019,12,1.0
nonstate_share,2019,13,0.985
nonstate_share,2019,14,0.998
nonstate_share,2019,15,1.0
nonstate_share,2019,16,0.9995
nonstate_share,2019,17,1.0
nonstate_share,2019,18,0.8109999999999999
nonstate_share,2019,19,0.0007000000000000001
nonstate_share,2019,20,0.3057038428358468
nonstate_share,2019,21,1.0
nonstate_share,2019,22,0.997
nonstate_share,2019,23,0.997
nonstate_share,2019,24,1.0
nonstate_share,2019,25,0.9998
nonstate_share,2019,26,0.429
nonstate_share,2019,27,0.997
nonstate_share,2019,28,0.17037190668347024
nonstate_share,2019,29,0.342
nonstate_share,2019,30,0.606
nonstate_share,2019,31,1.0
nonstate_share,2019,32,0.9556608824886236
nonstate_share,2019,33,0.9473039950059943
nonstate_share,2019,35,0.03280950901014027
nonstate_share,2019,36,0.3135107876319779
nonstate_share,2020,06,0.9620000000000001
nonstate_share,2020,07,0.52
nonstate_share,2020,08,0.9390000000000001
nonstate_share,2020,09,0.5710000000000001
nonstate_share,2020,10,0.9998
nonstate_share,2020,11,0.9990000000000001
nonstate_share,2020,12,1.0
nonstate_share,2020,13,0.968
nonstate_share,2020,14,0.995
nonstate_share,2020,15,1.0
nonstate_share,2020,16,0.9990000000000001
nonstate_share,2020,17,1.0
nonstate_share,2020,18,0.841
nonstate_share,2020,19,0.001
nonstate_share,2020,20,0.5720000000000001
nonstate_share,2020,21,1.0
nonstate_share,2020,22,0.998
nonstate_share,2020,23,0.997
nonstate_share,2020,24,1.0
nonstate_share,2020,25,0.9995999999999999
nonstate_share,2020,26,0.48100000000000004
nonstate_share,2020,27,0.9990000000000001
nonstate_share,2020,28,0.114
nonstate_share,2020,29,0.38299999999999995
nonstate_share,2020,30,0.848
nonstate_share,2020,31,1.0
nonstate_share,2020,32,0.951
nonstate_share,2020,33,0.7240000000000001
nonstate_share,2020,35,0.03
nonstate_share,2020,36,0.268
nonstate_share,2021,06,0.978
nonstate_share,2021,07,0.493
nonstate_share,2021,08,0.9890000000000001
nonstate_share,2021,09,0.94
nonstate_share,2021,10,0.9998
nonstate_share,2021,11,0.9995999999999999
nonstate_share,2021,12,1.0
nonstate_share,2021,13,0.9470000000000001
nonstate_share,2021,14,0.995
nonstate_share,2021,15,1.0
nonstate_share,2021,16,0.9990000000000001
nonstate_share,2021,17,1.0
nonstate_share,2021,18,0.958
nonstate_share,2021,19,0.002
nonstate_share,2021,20,0.424
nonstate_share,2021,21,1.0
nonstate_share,2021,22,1.0
nonstate_share,2021,23,0.998
nonstate_share,2021,24,1.0
nonstate_share,2021,25,0.9998999999999999
nonstate_share,2021,26,0.745
nonstate_share,2021,27,0.998
nonstate_share,2021,28,0.191
nonstate_share,2021,29,0.43
nonstate_share,2021,30,0.85
nonstate_share,2021,31,1.0
nonstate_share,2021,32,0.87
nonstate_share,2021,33,0.802
nonstate_share,2021,35,0.027000000000000003
nonstate_share,2021,36,0.271
nonstate_share,2022,06,0.985
nonstate_share,2022,07,0.434
nonstate_share,2022,08,0.9940000000000001
nonstate_share,2022,09,0.9329999999999999
nonstate_share,2022,10,0.9997
nonstate_share,2022,11,0.9968
nonstate_share,2022,12,1.0
nonstate_share,2022,13,0.8959999999999999
nonstate_share,2022,14,0.997
nonstate_share,2022,15,1.0
nonstate_share,2022,16,0.9990000000000001
nonstate_share,2022,17,1.0
nonstate_share,2022,18,0.97
nonstate_share,2022,19,0.002
nonstate_share,2022,20,0.386
nonstate_share,2022,21,1.0
nonstate_share,2022,22,1.0
nonstate_share,2022,23,0.997
nonstate_share,2022,24,1.0
nonstate_share,2022,25,0.9995
nonstate_share,2022,26,0.758
nonstate_share,2022,27,0.9740000000000001
nonstate_share,2022,28,0.218
nonstate_share,2022,29,0.312
nonstate_share,2022,30,0.634
nonstate_share,2022,31,1.0
nonstate_share,2022,32,0.884
nonstate_share,2022,33,0.812
nonstate_share,2022,35,0.040999999999999995
nonstate_share,2022,36,0.298
nonstate_share,2023,06,0.953
nonstate_share,2023,07,0.3
nonstate_share,2023,08,0.996
nonstate_share,2023,09,0.941
nonstate_share,2023,10,0.9998999999999999
nonstate_share,2023,11,0.992
nonstate_share,2023,12,1.0
nonstate_share,2023,13,0.9420000000000001
nonstate_share,2023,14,0.998
nonstate_share,2023,15,1.0
nonstate_share,2023,16,0.9990000000000001
nonstate_share,2023,17,1.0
nonstate_share,2023,18,0.977
nonstate_share,2023,19,0.001
nonstate_share,2023,20,0.5579999999999999
nonstate_share,2023,21,1.0
nonstate_share,2023,22,1.0
nonstate_share,2023,23,0.9990000000000001
nonstate_share,2023,24,1.0
nonstate_share,2023,25,0.9994
nonstate_share,2023,26,0.573
nonstate_share,2023,27,0.981
nonstate_share,2023,28,0.17
nonstate_share,2023,29,0.545
nonstate_share,2023,30,0.38
nonstate_share,2023,31,1.0
nonstate_share,2023,32,0.888
nonstate_share,2023,33,0.86
nonstate_share,2023,35,0.057999999999999996
nonstate_share,2023,36,0.38
nonstate_share,2024,06,0.9470000000000001
nonstate_share,2024,07,0.188
nonstate_share,2024,08,0.9840000000000001
nonstate_share,2024,09,0.9420000000000001
nonstate_share,2024,10,1.0
nonstate_share,2024,11,0.973
nonstate_share,2024,12,1.0
nonstate_share,2024,13,0.93
nonstate_share,2024,14,0.9990000000000001
nonstate_share,2024,15,1.0
nonstate_share,2024,16,0.998
nonstate_share,2024,17,1.0
nonstate_share,2024,18,0.982
nonstate_share,2024,19,0.032
nonstate_share,2024,20,0.48700000000000004
nonstate_share,2024,21,1.0
nonstate_share,2024,22,1.0
nonstate_share,2024,23,0.997
nonstate_share,2024,24,1.0
nonstate_share,2024,25,0.9997
nonstate_share,2024,26,0.992
nonstate_share,2024,27,0.992
nonstate_share,2024,28,0.154
nonstate_share,2024,29,0.679
nonstate_share,2024,30,0.8059999999999999
nonstate_share,2024,31,1.0
nonstate_share,2024,32,0.953
nonstate_share,2024,33,0.665
nonstate_share,2024,35,0.054000000000000006
nonstate_share,2024,36,0.344
nonstate_share,2025,06,0.9571
nonstate_share,2025,07,0.3961
nonstate_share,2025,08,0.9802
nonstate_share,2025,09,0.885
nonstate_share,2025,10,0.9998999999999999
nonstate_share,2025,11,0.9911
nonstate_share,2025,12,1.0
nonstate_share,2025,13,0.9175
nonstate_share,2025,14,0.9573
nonstate_share,2025,15,0.9494
nonstate_share,2025,16,0.9984000000000001
nonstate_share,2025,17,1.0
nonstate_share,2025,18,0.9843999999999999
nonstate_share,2025,19,0.018600000000000002
nonstate_share,2025,20,0.20129999999999998
nonstate_share,2025,21,1.0
nonstate_share,2025,22,1.0
nonstate_share,2025,23,0.996
nonstate_share,2025,24,1.0
nonstate_share,2025,25,0.6039
nonstate_share,2025,26,0.9274
nonstate_share,2025,27,0.9883
nonstate_share,2025,28,0.9375
nonstate_share,2025,29,0.7646999999999999
nonstate_share,2025,30,0.8795999999999999
nonstate_share,2025,31,1.0
nonstate_share,2025,32,0.898
nonstate_share,2025,33,0.5415
nonstate_share,2025,35,0.0337
nonstate_share,2025,36,0.29100000000000004
enterprises,1995,06,16.0
enterprises,1995,07,4.0
enterprises,1995,08,68.0
enterprises,1995,10,630.0
enterprises,1995,11,128.0
enterprises,1995,12,7.0
enterprises,1995,13,88.0
enterprises,1995,14,76.0
enterprises,1995,15,24.0
enterprises,1995,16,63.0
enterprises,1995,17,6.0
enterprises,1995,18,41.0
enterprises,1995,19,3.0
enterprises,1995,20,25.0
enterprises,1995,21,3.0
enterprises,1995,22,9.0
enterprises,1995,23,255.0
enterprises,1995,24,12.0
enterprises,1995,25,34.0
enterprises,1995,26,9.0
enterprises,1995,27,17.0
enterprises,1995,28,92.0
enterprises,1995,29,2.0
enterprises,1995,30,1.0
enterprises,1995,31,15.0
enterprises,1995,32,32.0
enterprises,1995,33,272.0
enterprises,1995,35,118.0
enterprises,1995,36,44.0
enterprises,1996,06,14.0
enterprises,1996,07,3.0
enterprises,1996,08,74.0
enterprises,1996,09,6.0
enterprises,1996,10,640.0
enterprises,1996,11,124.0
enterprises,1996,12,8.0
enterprises,1996,13,90.0
enterprises,1996,14,70.0
enterprises,1996,15,21.0
enterprises,1996,16,57.0
enterprises,1996,17,14.0
enterprises,1996,18,40.0
enterprises,1996,19,3.0
enterprises,1996,20,30.0
enterprises,1996,21,3.0
enterprises,1996,22,9.0
enterprises,1996,23,163.0
enterprises,1996,24,12.0
enterprises,1996,25,48.0
enterprises,1996,26,9.0
enterprises,1996,27,48.0
enterprises,1996,28,89.0
enterprises,1996,29,2.0
enterprises,1996,30,4.0
enterprises,1996,31,20.0
enterprises,1996,32,45.0
enterprises,1996,33,265.0
enterprises,1996,35,116.0
enterprises,1996,36,40.0
enterprises,1997,06,18.0
enterprises,1997,07,3.0
enterprises,1997,08,58.0
enterprises,1997,09,10.0
enterprises,1997,10,625.0
enterprises,1997,11,105.0
enterprises,1997,12,6.0
enterprises,1997,13,89.0
enterprises,1997,14,64.0
enterprises,1997,15,17.0
enterprises,1997,16,41.0
enterprises,1997,17,8.0
enterprises,1997,18,56.0
enterprises,1997,19,6.0
enterprises,1997,20,34.0
enterprises,1997,21,3.0
enterprises,1997,22,28.0
enterprises,1997,23,184.0
enterprises,1997,24,12.0
enterprises,1997,25,43.0
enterprises,1997,26,11.0
enterprises,1997,27,43.0
enterprises,1997,28,88.0
enterprises,1997,29,2.0
enterprises,1997,30,4.0
enterprises,1997,31,32.0
enterprises,1997,32,49.0
enterprises,1997,33,249.0
enterprises,1997,35,115.0
enterprises,1997,36,20.0
enterprises,1998,06,18.0
enterprises,1998,07,3.0
enterprises,1998,08,37.0
enterprises,1998,09,18.0
enterprises,1998,10,296.0
enterprises,1998,11,37.0
enterprises,1998,12,10.0
enterprises,1998,13,95.0
enterprises,1998,14,55.0
enterprises,1998,15,20.0
enterprises,1998,16,35.0
enterprises,1998,17,8.0
enterprises,1998,18,65.0
enterprises,1998,19,12.0
enterprises,1998,20,45.0
enterprises,1998,21,4.0
enterprises,1998,22,39.0
enterprises,1998,23,124.0
enterprises,1998,24,21.0
enterprises,1998,25,50.0
enterprises,1998,26,13.0
enterprises,1998,27,39.0
enterprises,1998,28,81.0
enterprises,1998,29,2.0
enterprises,1998,30,4.0
enterprises,1998,31,36.0
enterprises,1998,32,29.0
enterprises,1998,33,31.0
enterprises,1998,35,45.0
enterprises,1998,36,27.0
enterprises,1999,06,19.0
enterprises,1999,07,2.0
enterprises,1999,08,54.0
enterprises,1999,09,26.0
enterprises,1999,10,365.0
enterprises,1999,11,51.0
enterprises,1999,12,14.0
enterprises,1999,13,113.0
enterprises,1999,14,61.0
enterprises,1999,15,24.0
enterprises,1999,16,66.0
enterprises,1999,17,10.0
enterprises,1999,18,146.0
enterprises,1999,19,13.0
enterprises,1999,20,47.0
enterprises,1999,21,6.0
enterprises,1999,22,41.0
enterprises,1999,23,165.0
enterprises,1999,24,27.0
enterprises,1999,25,73.0
enterprises,1999,26,15.0
enterprises,1999,27,41.0
enterprises,1999,28,78.0
enterprises,1999,29,4.0
enterprises,1999,30,2.0
enterprises,1999,31,47.0
enterprises,1999,32,44.0
enterprises,1999,33,37.0
enterprises,1999,35,115.0
enterprises,1999,36,50.0
enterprises,2000,06,31.0
enterprises,2000,07,2.0
enterprises,2000,08,64.0
enterprises,2000,09,27.0
enterprises,2000,10,405.0
enterprises,2000,11,65.0
enterprises,2000,12,11.0
enterprises,2000,13,90.0
enterprises,2000,14,103.0
enterprises,2000,15,30.0
enterprises,2000,16,63.0
enterprises,2000,17,11.0
enterprises,2000,18,132.0
enterprises,2000,19,14.0
enterprises,2000,20,68.0
enterprises,2000,21,5.0
enterprises,2000,22,52.0
enterprises,2000,23,189.0
enterprises,2000,24,25.0
enterprises,2000,25,73.0
enterprises,2000,26,23.0
enterprises,2000,27,59.0
enterprises,2000,28,65.0
enterprises,2000,29,5.0
enterprises,2000,30,5.0
enterprises,2000,31,54.0
enterprises,2000,32,56.0
enterprises,2000,33,31.0
enterprises,2000,35,161.0
enterprises,2000,36,55.0
enterprises,2001,06,41.0
enterprises,2001,07,2.0
enterprises,2001,08,87.0
enterprises,2001,09,31.0
enterprises,2001,10,443.0
enterprises,2001,11,77.0
enterprises,2001,12,10.0
enterprises,2001,13,101.0
enterprises,2001,14,105.0
enterprises,2001,15,37.0
enterprises,2001,16,87.0
enterprises,2001,17,13.0
enterprises,2001,18,122.0
enterprises,2001,19,11.0
enterprises,2001,20,80.0
enterprises,2001,21,9.0
enterprises,2001,22,75.0
enterprises,2001,23,198.0
enterprises,2001,24,29.0
enterprises,2001,25,82.0
enterprises,2001,26,29.0
enterprises,2001,27,55.0
enterprises,2001,28,67.0
enterprises,2001,29,6.0
enterprises,2001,30,4.0
enterprises,2001,31,65.0
enterprises,2001,32,60.0
enterprises,2001,33,36.0
enterprises,2001,35,151.0
enterprises,2001,36,60.0
enterprises,2002,06,35.0
enterprises,2002,07,2.0
enterprises,2002,08,108.0
enterprises,2002,09,28.0
enterprises,2002,10,470.0
enterprises,2002,11,130.0
enterprises,2002,12,10.0
enterprises,2002,13,91.0
enterprises,2002,14,139.0
enterprises,2002,15,36.0
enterprises,2002,16,89.0
enterprises,2002,17,12.0
enterprises,2002,18,151.0
enterprises,2002,19,10.0
enterprises,2002,20,83.0
enterprises,2002,21,10.0
enterprises,2002,22,76.0
enterprises,2002,23,197.0
enterprises,2002,24,29.0
enterprises,2002,25,79.0
enterprises,2002,26,24.0
enterprises,2002,27,58.0
enterprises,2002,28,65.0
enterprises,2002,29,8.0
enterprises,2002,30,4.0
enterprises,2002,31,73.0
enterprises,2002,32,60.0
enterprises,2002,33,37.0
enterprises,2002,35,182.0
enterprises,2002,36,61.0
enterprises,2003,06,32.0
enterprises,2003,07,3.0
enterprises,2003,08,136.0
enterprises,2003,09,34.0
enterprises,2003,10,522.0
enterprises,2003,11,106.0
enterprises,2003,12,10.0
enterprises,2003,13,102.0
enterprises,2003,14,93.0
enterprises,2003,15,26.0
enterprises,2003,16,71.0
enterprises,2003,17,13.0
enterprises,2003,18,139.0
enterprises,2003,19,8.0
enterprises,2003,20,85.0
enterprises,2003,21,7.0
enterprises,2003,22,75.0
enterprises,2003,23,191.0
enterprises,2003,24,27.0
enterprises,2003,25,82.0
enterprises,2003,26,23.0
enterprises,2003,27,54.0
enterprises,2003,28,60.0
enterprises,2003,29,10.0
enterprises,2003,30,4.0
enterprises,2003,31,62.0
enterprises,2003,32,60.0
enterprises,2003,33,33.0
enterprises,2003,35,201.0
enterprises,2003,36,152.0
enterprises,2004,06,31.0
enterprises,2004,07,3.0
enterprises,2004,08,147.0
enterprises,2004,09,28.0
enterprises,2004,10,528.0
enterprises,2004,11,108.0
enterprises,2004,12,11.0
enterprises,2004,13,109.0
enterprises,2004,14,83.0
enterprises,2004,15,25.0
enterprises,2004,16,67.0
enterprises,2004,17,13.0
enterprises,2004,18,149.0
enterprises,2004,19,7.0
enterprises,2004,20,82.0
enterprises,2004,21,7.0
enterprises,2004,22,78.0
enterprises,2004,23,201.0
enterprises,2004,24,32.0
enterprises,2004,25,71.0
enterprises,2004,26,21.0
enterprises,2004,27,52.0
enterprises,2004,28,58.0
enterprises,2004,29,8.0
enterprises,2004,30,6.0
enterprises,2004,31,70.0
enterprises,2004,32,60.0
enterprises,2004,33,31.0
enterprises,2004,35,202.0
enterprises,2004,36,151.0
enterprises,2005,06,31.0
enterprises,2005,07,3.0
enterprises,2005,08,177.0
enterprises,2005,09,32.0
enterprises,2005,10,534.0
enterprises,2005,11,110.0
enterprises,2005,12,12.0
enterprises,2005,13,94.0
enterprises,2005,14,93.0
enterprises,2005,15,29.0
enterprises,2005,16,74.0
enterprises,2005,17,14.0
enterprises,2005,18,179.0
enterprises,2005,19,7.0
enterprises,2005,20,95.0
enterprises,2005,21,9.0
enterprises,2005,22,87.0
enterprises,2005,23,227.0
enterprises,2005,24,34.0
enterprises,2005,25,75.0
enterprises,2005,26,22.0
enterprises,2005,27,53.0
enterprises,2005,28,58.0
enterprises,2005,29,6.0
enterprises,2005,30,6.0
enterprises,2005,31,87.0
enterprises,2005,32,65.0
enterprises,2005,33,40.0
enterprises,2005,35,203.0
enterprises,2005,36,165.0
enterprises,2006,06,37.0
enterprises,2006,07,3.0
enterprises,2006,08,216.0
enterprises,2006,09,43.0
enterprises,2006,10,492.0
enterprises,2006,11,104.0
enterprises,2006,12,11.0
enterprises,2006,13,98.0
enterprises,2006,14,98.0
enterprises,2006,15,30.0
enterprises,2006,16,77.0
enterprises,2006,17,17.0
enterprises,2006,18,188.0
enterprises,2006,19,5.0
enterprises,2006,20,95.0
enterprises,2006,21,10.0
enterprises,2006,22,90.0
enterprises,2006,23,253.0
enterprises,2006,24,36.0
enterprises,2006,25,84.0
enterprises,2006,26,23.0
enterprises,2006,27,56.0
enterprises,2006,28,67.0
enterprises,2006,29,6.0
enterprises,2006,30,9.0
enterprises,2006,31,90.0
enterprises,2006,32,67.0
enterprises,2006,33,47.0
enterprises,2006,35,211.0
enterprises,2006,36,169.0
enterprises,2007,06,36.0
enterprises,2007,07,3.0
enterprises,2007,08,257.0
enterprises,2007,09,47.0
enterprises,2007,10,499.0
enterprises,2007,11,113.0
enterprises,2007,12,12.0
enterprises,2007,13,97.0
enterprises,2007,14,93.0
enterprises,2007,15,26.0
enterprises,2007,16,79.0
enterprises,2007,17,18.0
enterprises,2007,18,200.0
enterprises,2007,19,6.0
enterprises,2007,20,95.0
enterprises,2007,21,9.0
enterprises,2007,22,93.0
enterprises,2007,23,270.0
enterprises,2007,24,37.0
enterprises,2007,25,87.0
enterprises,2007,26,28.0
enterprises,2007,27,57.0
enterprises,2007,28,76.0
enterprises,2007,29,6.0
enterprises,2007,30,9.0
enterprises,2007,31,95.0
enterprises,2007,32,69.0
enterprises,2007,33,48.0
enterprises,2007,35,219.0
enterprises,2007,36,141.0
enterprises,2008,06,35.0
enterprises,2008,07,2.0
enterprises,2008,08,255.0
enterprises,2008,09,48.0
enterprises,2008,10,472.0
enterprises,2008,11,116.0
enterprises,2008,12,10.0
enterprises,2008,13,101.0
enterprises,2008,14,99.0
enterprises,2008,15,25.0
enterprises,2008,16,79.0
enterprises,2008,17,23.0
enterprises,2008,18,200.0
enterprises,2008,19,5.0
enterprises,2008,20,99.0
enterprises,2008,21,8.0
enterprises,2008,22,95.0
enterprises,2008,23,298.0
enterprises,2008,24,42.0
enterprises,2008,25,84.0
enterprises,2008,26,32.0
enterprises,2008,27,56.0
enterprises,2008,28,73.0
enterprises,2008,29,6.0
enterprises,2008,30,12.0
enterprises,2008,31,97.0
enterprises,2008,32,75.0
enterprises,2008,33,42.0
enterprises,2008,35,222.0
enterprises,2008,36,176.0
enterprises,2009,06,35.0
enterprises,2009,07,3.0
enterprises,2009,08,229.0
enterprises,2009,09,47.0
enterprises,2009,10,416.0
enterprises,2009,11,136.0
enterprises,2009,12,9.0
enterprises,2009,13,114.0
enterprises,2009,14,95.0
enterprises,2009,15,25.0
enterprises,2009,16,87.0
enterprises,2009,17,19.0
enterprises,2009,18,200.0
enterprises,2009,19,7.0
enterprises,2009,20,90.0
enterprises,2009,21,5.0
enterprises,2009,22,85.0
enterprises,2009,23,307.0
enterprises,2009,24,42.0
enterprises,2009,25,74.0
enterprises,2009,26,41.0
enterprises,2009,27,56.0
enterprises,2009,28,89.0
enterprises,2009,29,5.0
enterprises,2009,30,9.0
enterprises,2009,31,94.0
enterprises,2009,32,63.0
enterprises,2009,33,35.0
enterprises,2009,35,230.0
enterprises,2009,36,147.0
enterprises,2010,06,27.0
enterprises,2010,07,3.0
enterprises,2010,08,227.0
enterprises,2010,09,54.0
enterprises,2010,10,409.0
enterprises,2010,11,134.0
enterprises,2010,12,8.0
enterprises,2010,13,85.0
enterprises,2010,14,90.0
enterprises,2010,15,21.0
enterprises,2010,16,73.0
enterprises,2010,17,20.0
enterprises,2010,18,156.0
enterprises,2010,19,9.0
enterprises,2010,20,77.0
enterprises,2010,21,8.0
enterprises,2010,22,87.0
enterprises,2010,23,280.0
enterprises,2010,24,30.0
enterprises,2010,25,79.0
enterprises,2010,26,33.0
enterprises,2010,27,45.0
enterprises,2010,28,72.0
enterprises,2010,29,7.0
enterprises,2010,30,9.0
enterprises,2010,31,85.0
enterprises,2010,32,55.0
enterprises,2010,33,37.0
enterprises,2010,35,226.0
enterprises,2010,36,204.0
enterprises,2011,06,28.0
enterprises,2011,07,3.0
enterprises,2011,08,204.0
enterprises,2011,09,54.0
enterprises,2011,10,396.0
enterprises,2011,11,127.0
enterprises,2011,12,8.0
enterprises,2011,13,77.0
enterprises,2011,14,80.0
enterprises,2011,15,20.0
enterprises,2011,16,72.0
enterprises,2011,17,18.0
enterprises,2011,18,149.0
enterprises,2011,19,8.0
enterprises,2011,20,76.0
enterprises,2011,21,5.0
enterprises,2011,22,84.0
enterprises,2011,23,244.0
enterprises,2011,24,30.0
enterprises,2011,25,79.0
enterprises,2011,26,33.0
enterprises,2011,27,45.0
enterprises,2011,28,64.0
enterprises,2011,29,6.0
enterprises,2011,30,8.0
enterprises,2011,31,77.0
enterprises,2011,32,43.0
enterprises,2011,33,42.0
enterprises,2011,35,216.0
enterprises,2011,36,212.0
enterprises,2012,06,28.0
enterprises,2012,07,3.0
enterprises,2012,08,200.0
enterprises,2012,09,58.0
enterprises,2012,10,427.0
enterprises,2012,11,127.0
enterprises,2012,12,8.0
enterprises,2012,13,72.0
enterprises,2012,14,75.0
enterprises,2012,15,21.0
enterprises,2012,16,68.0
enterprises,2012,17,24.0
enterprises,2012,18,140.0
enterprises,2012,19,4.0
enterprises,2012,20,73.0
enterprises,2012,21,8.0
enterprises,2012,22,93.0
enterprises,2012,23,220.0
enterprises,2012,24,24.0
enterprises,2012,25,93.0
enterprises,2012,26,25.0
enterprises,2012,27,38.0
enterprises,2012,28,57.0
enterprises,2012,29,6.0
enterprises,2012,30,8.0
enterprises,2012,31,72.0
enterprises,2012,32,40.0
enterprises,2012,33,72.0
enterprises,2012,35,215.0
enterprises,2012,36,215.0
enterprises,2013,06,29.0
enterprises,2013,07,3.0
enterprises,2013,08,208.0
enterprises,2013,09,78.0
enterprises,2013,10,439.0
enterprises,2013,11,110.0
enterprises,2013,12,8.0
enterprises,2013,13,72.0
enterprises,2013,14,75.0
enterprises,2013,15,23.0
enterprises,2013,16,51.0
enterprises,2013,17,20.0
enterprises,2013,18,142.0
enterprises,2013,19,4.0
enterprises,2013,20,70.0
enterprises,2013,21,8.0
enterprises,2013,22,89.0
enterprises,2013,23,209.0
enterprises,2013,24,20.0
enterprises,2013,25,86.0
enterprises,2013,26,23.0
enterprises,2013,27,39.0
enterprises,2013,28,59.0
enterprises,2013,29,6.0
enterprises,2013,30,8.0
enterprises,2013,31,84.0
enterprises,2013,32,36.0
enterprises,2013,33,83.0
enterprises,2013,35,220.0
enterprises,2013,36,225.0
enterprises,2014,06,29.0
enterprises,2014,07,3.0
enterprises,2014,08,203.0
enterprises,2014,09,87.0
enterprises,2014,10,389.0
enterprises,2014,11,118.0
enterprises,2014,12,6.0
enterprises,2014,13,66.0
enterprises,2014,14,57.0
enterprises,2014,15,22.0
enterprises,2014,16,48.0
enterprises,2014,17,19.0
enterprises,2014,18,147.0
enterprises,2014,19,4.0
enterprises,2014,20,72.0
enterprises,2014,21,8.0
enterprises,2014,22,95.0
enterprises,2014,23,230.0
enterprises,2014,24,27.0
enterprises,2014,25,85.0
enterprises,2014,26,24.0
enterprises,2014,27,40.0
enterprises,2014,28,61.0
enterprises,2014,29,6.0
enterprises,2014,30,9.0
enterprises,2014,31,94.0
enterprises,2014,32,31.0
enterprises,2014,33,104.0
enterprises,2014,35,223.0
enterprises,2014,36,227.0
enterprises,2015,06,31.0
enterprises,2015,07,4.0
enterprises,2015,08,203.0
enterprises,2015,09,87.0
enterprises,2015,10,382.0
enterprises,2015,11,120.0
enterprises,2015,12,7.0
enterprises,2015,13,68.0
enterprises,2015,14,52.0
enterprises,2015,15,23.0
enterprises,2015,16,35.0
enterprises,2015,17,23.0
enterprises,2015,18,157.0
enterprises,2015,19,3.0
enterprises,2015,20,69.0
enterprises,2015,21,11.0
enterprises,2015,22,98.0
enterprises,2015,23,239.0
enterprises,2015,24,27.0
enterprises,2015,25,75.0
enterprises,2015,26,24.0
enterprises,2015,27,41.0
enterprises,2015,28,59.0
enterprises,2015,29,5.0
enterprises,2015,30,9.0
enterprises,2015,31,97.0
enterprises,2015,32,34.0
enterprises,2015,33,120.0
enterprises,2015,35,239.0
enterprises,2015,36,241.0
enterprises,2016,06,32.0
enterprises,2016,07,5.0
enterprises,2016,08,173.0
enterprises,2016,09,88.0
enterprises,2016,10,391.0
enterprises,2016,11,119.0
enterprises,2016,12,7.0
enterprises,2016,13,66.0
enterprises,2016,14,60.0
enterprises,2016,15,21.0
enterprises,2016,16,34.0
enterprises,2016,17,22.0
enterprises,2016,18,140.0
enterprises,2016,19,3.0
enterprises,2016,20,75.0
enterprises,2016,21,10.0
enterprises,2016,22,92.0
enterprises,2016,23,224.0
enterprises,2016,24,29.0
enterprises,2016,25,83.0
enterprises,2016,26,25.0
enterprises,2016,27,43.0
enterprises,2016,28,58.0
enterprises,2016,29,5.0
enterprises,2016,30,9.0
enterprises,2016,31,97.0
enterprises,2016,32,32.0
enterprises,2016,33,130.0
enterprises,2016,35,239.0
enterprises,2016,36,249.0
enterprises,2017,06,31.0
enterprises,2017,07,5.0
enterprises,2017,08,156.0
enterprises,2017,09,89.0
enterprises,2017,10,361.0
enterprises,2017,11,110.0
enterprises,2017,12,9.0
enterprises,2017,13,67.0
enterprises,2017,14,57.0
enterprises,2017,15,27.0
enterprises,2017,16,38.0
enterprises,2017,17,20.0
enterprises,2017,18,153.0
enterprises,2017,19,4.0
enterprises,2017,20,81.0
enterprises,2017,21,11.0
enterprises,2017,22,103.0
enterprises,2017,23,229.0
enterprises,2017,24,41.0
enterprises,2017,25,93.0
enterprises,2017,26,23.0
enterprises,2017,27,48.0
enterprises,2017,28,58.0
enterprises,2017,29,5.0
enterprises,2017,30,9.0
enterprises,2017,31,87.0
enterprises,2017,32,42.0
enterprises,2017,33,150.0
enterprises,2017,35,228.0
enterprises,2017,36,247.0
enterprises,2018,06,32.0
enterprises,2018,07,6.0
enterprises,2018,08,161.0
enterprises,2018,09,110.0
enterprises,2018,10,393.0
enterprises,2018,11,120.0
enterprises,2018,12,10.0
enterprises,2018,13,74.0
enterprises,2018,14,77.0
enterprises,2018,15,29.0
enterprises,2018,16,45.0
enterprises,2018,17,28.0
enterprises,2018,18,150.0
enterprises,2018,19,7.0
enterprises,2018,20,93.0
enterprises,2018,21,12.0
enterprises,2018,22,118.0
enterprises,2018,23,236.0
enterprises,2018,24,52.0
enterprises,2018,25,114.0
enterprises,2018,26,26.0
enterprises,2018,27,54.0
enterprises,2018,28,64.0
enterprises,2018,29,9.0
enterprises,2018,30,9.0
enterprises,2018,31,92.0
enterprises,2018,32,48.0
enterprises,2018,33,174.0
enterprises,2018,35,232.0
enterprises,2018,36,262.0
enterprises,2019,06,31.0
enterprises,2019,07,6.0
enterprises,2019,08,164.0
enterprises,2019,09,130.0
enterprises,2019,10,449.0
enterprises,2019,11,126.0
enterprises,2019,12,11.0
enterprises,2019,13,80.0
enterprises,2019,14,99.0
enterprises,2019,15,29.0
enterprises,2019,16,55.0
enterprises,2019,17,40.0
enterprises,2019,18,172.0
enterprises,2019,19,8.0
enterprises,2019,20,99.0
enterprises,2019,21,13.0
enterprises,2019,22,134.0
enterprises,2019,23,254.0
enterprises,2019,24,57.0
enterprises,2019,25,143.0
enterprises,2019,26,31.0
enterprises,2019,27,61.0
enterprises,2019,28,77.0
enterprises,2019,29,12.0
enterprises,2019,30,10.0
enterprises,2019,31,112.0
enterprises,2019,32,60.0
enterprises,2019,33,198.0
enterprises,2019,35,236.0
enterprises,2019,36,272.0
enterprises,2020,06,32.0
enterprises,2020,07,8.0
enterprises,2020,08,164.0
enterprises,2020,09,133.0
enterprises,2020,10,487.0
enterprises,2020,11,131.0
enterprises,2020,12,13.0
enterprises,2020,13,89.0
enterprises,2020,14,112.0
enterprises,2020,15,30.0
enterprises,2020,16,56.0
enterprises,2020,17,44.0
enterprises,2020,18,172.0
enterprises,2020,19,9.0
enterprises,2020,20,110.0
enterprises,2020,21,17.0
enterprises,2020,22,147.0
enterprises,2020,23,266.0
enterprises,2020,24,59.0
enterprises,2020,25,155.0
enterprises,2020,26,32.0
enterprises,2020,27,63.0
enterprises,2020,28,82.0
enterprises,2020,29,13.0
enterprises,2020,30,12.0
enterprises,2020,31,123.0
enterprises,2020,32,68.0
enterprises,2020,33,225.0
enterprises,2020,35,249.0
enterprises,2020,36,288.0
enterprises,2021,06,33.0
enterprises,2021,07,8.0
enterprises,2021,08,175.0
enterprises,2021,09,135.0
enterprises,2021,10,540.0
enterprises,2021,11,146.0
enterprises,2021,12,17.0
enterprises,2021,13,93.0
enterprises,2021,14,120.0
enterprises,2021,15,32.0
enterprises,2021,16,55.0
enterprises,2021,17,53.0
enterprises,2021,18,184.0
enterprises,2021,19,10.0
enterprises,2021,20,132.0
enterprises,2021,21,19.0
enterprises,2021,22,162.0
enterprises,2021,23,289.0
enterprises,2021,24,68.0
enterprises,2021,25,174.0
enterprises,2021,26,32.0
enterprises,2021,27,69.0
enterprises,2021,28,84.0
enterprises,2021,29,12.0
enterprises,2021,30,13.0
enterprises,2021,31,147.0
enterprises,2021,32,74.0
enterprises,2021,33,252.0
enterprises,2021,35,259.0
enterprises,2021,36,302.0
enterprises,2022,06,35.0
enterprises,2022,07,8.0
enterprises,2022,08,181.0
enterprises,2022,09,143.0
enterprises,2022,10,587.0
enterprises,2022,11,165.0
enterprises,2022,12,18.0
enterprises,2022,13,95.0
enterprises,2022,14,132.0
enterprises,2022,15,32.0
enterprises,2022,16,61.0
enterprises,2022,17,61.0
enterprises,2022,18,195.0
enterprises,2022,19,12.0
enterprises,2022,20,156.0
enterprises,2022,21,20.0
enterprises,2022,22,182.0
enterprises,2022,23,320.0
enterprises,2022,24,86.0
enterprises,2022,25,192.0
enterprises,2022,26,35.0
enterprises,2022,27,80.0
enterprises,2022,28,92.0
enterprises,2022,29,14.0
enterprises,2022,30,16.0
enterprises,2022,31,184.0
enterprises,2022,32,86.0
enterprises,2022,33,309.0
enterprises,2022,35,273.0
enterprises,2022,36,325.0
enterprises,2023,06,34.0
enterprises,2023,07,8.0
enterprises,2023,08,199.0
enterprises,2023,09,159.0
enterprises,2023,10,641.0
enterprises,2023,11,182.0
enterprises,2023,12,21.0
enterprises,2023,13,102.0
enterprises,2023,14,162.0
enterprises,2023,15,33.0
enterprises,2023,16,76.0
enterprises,2023,17,71.0
enterprises,2023,18,232.0
enterprises,2023,19,14.0
enterprises,2023,20,187.0
enterprises,2023,21,22.0
enterprises,2023,22,219.0
enterprises,2023,23,359.0
enterprises,2023,24,99.0
enterprises,2023,25,225.0
enterprises,2023,26,39.0
enterprises,2023,27,93.0
enterprises,2023,28,110.0
enterprises,2023,29,19.0
enterprises,2023,30,21.0
enterprises,2023,31,221.0
enterprises,2023,32,100.0
enterprises,2023,33,412.0
enterprises,2023,35,277.0
enterprises,2023,36,354.0
enterprises,2024,06,35.0
enterprises,2024,07,8.0
enterprises,2024,08,216.0
enterprises,2024,09,168.0
enterprises,2024,10,714.0
enterprises,2024,11,209.0
enterprises,2024,12,23.0
enterprises,2024,13,116.0
enterprises,2024,14,195.0
enterprises,2024,15,37.0
enterprises,2024,16,88.0
enterprises,2024,17,86.0
enterprises,2024,18,277.0
enterprises,2024,19,20.0
enterprises,2024,20,218.0
enterprises,2024,21,24.0
enterprises,2024,22,249.0
enterprises,2024,23,408.0
enterprises,2024,24,114.0
enterprises,2024,25,257.0
enterprises,2024,26,42.0
enterprises,2024,27,108.0
enterprises,2024,28,120.0
enterprises,2024,29,25.0
enterprises,2024,30,31.0
enterprises,2024,31,278.0
enterprises,2024,32,114.0
enterprises,2024,33,506.0
enterprises,2024,35,284.0
enterprises,2024,36,385.0
enterprises,2025,06,33.0
enterprises,2025,07,8.0
enterprises,2025,08,167.0
enterprises,2025,09,157.0
enterprises,2025,10,612.0
enterprises,2025,11,181.0
enterprises,2025,12,22.0
enterprises,2025,13,109.0
enterprises,2025,14,177.0
enterprises,2025,15,28.0
enterprises,2025,16,68.0
enterprises,2025,17,83.0
enterprises,2025,18,253.0
enterprises,2025,19,16.0
enterprises,2025,20,206.0
enterprises,2025,21,21.0
enterprises,2025,22,226.0
enterprises,2025,23,358.0
enterprises,2025,24,100.0
enterprises,2025,25,229.0
enterprises,2025,26,36.0
enterprises,2025,27,109.0
enterprises,2025,28,110.0
enterprises,2025,29,25.0
enterprises,2025,30,30.0
enterprises,2025,31,255.0
enterprises,2025,32,103.0
enterprises,2025,33,467.0
enterprises,2025,35,297.0
enterprises,2025,36,345.0
investment_mn_AZN,2005,06,3606.0
investment_mn_AZN,2005,08,0.9
investment_mn_AZN,2005,10,28.0
investment_mn_AZN,2005,11,3.2
investment_mn_AZN,2005,12,8.1
investment_mn_AZN,2005,13,2.1
investment_mn_AZN,2005,14,0.6
investment_mn_AZN,2005,15,0.7
investment_mn_AZN,2005,16,0.1
investment_mn_AZN,2005,19,26.8
investment_mn_AZN,2005,20,5.6
investment_mn_AZN,2005,22,1.8
investment_mn_AZN,2005,23,9.5
investment_mn_AZN,2005,24,4.5
investment_mn_AZN,2005,25,2.9
investment_mn_AZN,2005,26,1.0
investment_mn_AZN,2005,27,8.8
investment_mn_AZN,2005,28,3.1
investment_mn_AZN,2005,29,7.8
investment_mn_AZN,2005,30,0.2
investment_mn_AZN,2005,31,0.08
investment_mn_AZN,2005,35,299.8
investment_mn_AZN,2005,36,30.0
investment_mn_AZN,2006,06,3255.0
investment_mn_AZN,2006,08,0.7
investment_mn_AZN,2006,10,31.3
investment_mn_AZN,2006,11,18.2
investment_mn_AZN,2006,13,4.9
investment_mn_AZN,2006,14,6.7
investment_mn_AZN,2006,15,0.3
investment_mn_AZN,2006,16,1.4
investment_mn_AZN,2006,17,0.6
investment_mn_AZN,2006,18,0.018
investment_mn_AZN,2006,19,23.5
investment_mn_AZN,2006,20,3.2
investment_mn_AZN,2006,22,0.6
investment_mn_AZN,2006,23,6.1
investment_mn_AZN,2006,24,3.5
investment_mn_AZN,2006,25,0.8
investment_mn_AZN,2006,26,3.8
investment_mn_AZN,2006,27,0.8
investment_mn_AZN,2006,28,0.5
investment_mn_AZN,2006,29,0.08
investment_mn_AZN,2006,30,0.2
investment_mn_AZN,2006,31,5.1
investment_mn_AZN,2006,35,648.3
investment_mn_AZN,2006,36,150.3
investment_mn_AZN,2007,06,3470.0
investment_mn_AZN,2007,07,3.5
investment_mn_AZN,2007,08,6.1
investment_mn_AZN,2007,10,33.2
investment_mn_AZN,2007,11,18.2
investment_mn_AZN,2007,12,12.5
investment_mn_AZN,2007,13,16.3
investment_mn_AZN,2007,15,0.03
investment_mn_AZN,2007,16,0.9
investment_mn_AZN,2007,17,2.2
investment_mn_AZN,2007,18,0.01
investment_mn_AZN,2007,19,41.8
investment_mn_AZN,2007,20,8.9
investment_mn_AZN,2007,22,14.2
investment_mn_AZN,2007,23,29.6
investment_mn_AZN,2007,24,54.1
investment_mn_AZN,2007,25,62.4
investment_mn_AZN,2007,26,0.02
investment_mn_AZN,2007,27,0.09
investment_mn_AZN,2007,28,0.8
investment_mn_AZN,2007,29,2.0
investment_mn_AZN,2007,30,0.7
investment_mn_AZN,2007,31,1.1
investment_mn_AZN,2007,35,538.1
investment_mn_AZN,2007,36,255.5
investment_mn_AZN,2008,06,2825.0
investment_mn_AZN,2008,08,4.0
investment_mn_AZN,2008,10,29.0
investment_mn_AZN,2008,11,42.1
investment_mn_AZN,2008,12,6.2
investment_mn_AZN,2008,13,2.6
investment_mn_AZN,2008,15,1.1
investment_mn_AZN,2008,16,0.5
investment_mn_AZN,2008,17,0.5
investment_mn_AZN,2008,18,0.02
investment_mn_AZN,2008,19,43.8
investment_mn_AZN,2008,20,6.6
investment_mn_AZN,2008,22,6.4
investment_mn_AZN,2008,23,89.3
investment_mn_AZN,2008,24,30.4
investment_mn_AZN,2008,25,84.2
investment_mn_AZN,2008,27,41.2
investment_mn_AZN,2008,28,9.4
investment_mn_AZN,2008,29,0.01
investment_mn_AZN,2008,30,0.6
investment_mn_AZN,2008,31,0.3
investment_mn_AZN,2008,35,608.0
investment_mn_AZN,2008,36,363.4
investment_mn_AZN,2009,06,1960.0
investment_mn_AZN,2009,07,56.0
investment_mn_AZN,2009,08,7.6
investment_mn_AZN,2009,10,33.6
investment_mn_AZN,2009,11,31.3
investment_mn_AZN,2009,12,4.3
investment_mn_AZN,2009,13,1.5
investment_mn_AZN,2009,14,0.7
investment_mn_AZN,2009,15,1.0
investment_mn_AZN,2009,16,0.5
investment_mn_AZN,2009,17,0.8
investment_mn_AZN,2009,19,33.6
investment_mn_AZN,2009,20,3.6
investment_mn_AZN,2009,21,5.0
investment_mn_AZN,2009,22,2.0
investment_mn_AZN,2009,23,35.3
investment_mn_AZN,2009,24,19.7
investment_mn_AZN,2009,25,154.9
investment_mn_AZN,2009,27,20.2
investment_mn_AZN,2009,28,0.3
investment_mn_AZN,2009,29,2.3
investment_mn_AZN,2009,30,0.2
investment_mn_AZN,2009,31,2.6
investment_mn_AZN,2009,35,450.3
investment_mn_AZN,2009,36,331.9
investment_mn_AZN,2010,06,2933.0
investment_mn_AZN,2010,08,18.8
investment_mn_AZN,2010,10,27.1
investment_mn_AZN,2010,11,12.1
investment_mn_AZN,2010,12,32.5
investment_mn_AZN,2010,13,9.8
investment_mn_AZN,2010,14,13.6
investment_mn_AZN,2010,15,1.1
investment_mn_AZN,2010,16,0.2
investment_mn_AZN,2010,18,0.5
investment_mn_AZN,2010,19,25.4
investment_mn_AZN,2010,20,1.3
investment_mn_AZN,2010,22,0.0
investment_mn_AZN,2010,23,195.2
investment_mn_AZN,2010,24,21.5
investment_mn_AZN,2010,25,149.0
investment_mn_AZN,2010,26,1.1
investment_mn_AZN,2010,27,17.9
investment_mn_AZN,2010,28,0.2
investment_mn_AZN,2010,29,1.1
investment_mn_AZN,2010,33,0.5
investment_mn_AZN,2010,35,422.6
investment_mn_AZN,2010,36,391.5
investment_mn_AZN,2011,06,3022.0
investment_mn_AZN,2011,08,222.7
investment_mn_AZN,2011,10,46.5
investment_mn_AZN,2011,11,41.5
investment_mn_AZN,2011,13,0.2
investment_mn_AZN,2011,14,14.0
investment_mn_AZN,2011,15,1.6
investment_mn_AZN,2011,16,98.3
investment_mn_AZN,2011,17,18.5
investment_mn_AZN,2011,19,48.4
investment_mn_AZN,2011,20,1.5
investment_mn_AZN,2011,22,27.8
investment_mn_AZN,2011,23,139.7
investment_mn_AZN,2011,24,100.0
investment_mn_AZN,2011,25,294.3
investment_mn_AZN,2011,26,0.0
investment_mn_AZN,2011,27,0.0
investment_mn_AZN,2011,28,0.1
investment_mn_AZN,2011,31,14.7
investment_mn_AZN,2011,33,0.8
investment_mn_AZN,2011,35,768.9
investment_mn_AZN,2011,36,508.5
investment_mn_AZN,2012,06,3822.0
investment_mn_AZN,2012,08,35.2
investment_mn_AZN,2012,10,75.3
investment_mn_AZN,2012,11,12.2
investment_mn_AZN,2012,12,75.4
investment_mn_AZN,2012,13,5.7
investment_mn_AZN,2012,16,30.1
investment_mn_AZN,2012,17,4.4
investment_mn_AZN,2012,19,32.5
investment_mn_AZN,2012,20,1.5
investment_mn_AZN,2012,22,35.3
investment_mn_AZN,2012,23,26.7
investment_mn_AZN,2012,24,54.4
investment_mn_AZN,2012,25,259.1
investment_mn_AZN,2012,26,0.0
investment_mn_AZN,2012,27,17.3
investment_mn_AZN,2012,30,173.7
investment_mn_AZN,2012,31,23.3
investment_mn_AZN,2012,33,34.3
investment_mn_AZN,2012,35,565.8
investment_mn_AZN,2012,36,755.7
investment_mn_AZN,2013,06,5069.0
investment_mn_AZN,2013,08,26.2
investment_mn_AZN,2013,10,160.8
investment_mn_AZN,2013,11,16.8
investment_mn_AZN,2013,12,0.0
investment_mn_AZN,2013,13,10.4
investment_mn_AZN,2013,14,0.0
investment_mn_AZN,2013,16,23.4
investment_mn_AZN,2013,17,3.5
investment_mn_AZN,2013,19,25.6
investment_mn_AZN,2013,20,3.5
investment_mn_AZN,2013,22,50.3
investment_mn_AZN,2013,23,43.3
investment_mn_AZN,2013,24,51.0
investment_mn_AZN,2013,25,366.2
investment_mn_AZN,2013,26,2.7
investment_mn_AZN,2013,27,9.7
investment_mn_AZN,2013,28,1.7
investment_mn_AZN,2013,30,68.2
investment_mn_AZN,2013,31,27.5
investment_mn_AZN,2013,33,24.3
investment_mn_AZN,2013,35,489.4
investment_mn_AZN,2013,36,1026.1
investment_mn_AZN,2014,06,5926.3
investment_mn_AZN,2014,07,0.2
investment_mn_AZN,2014,08,21.4
investment_mn_AZN,2014,10,92.4
investment_mn_AZN,2014,11,14.6
investment_mn_AZN,2014,12,0.0
investment_mn_AZN,2014,13,38.8
investment_mn_AZN,2014,14,9.0
investment_mn_AZN,2014,16,15.0
investment_mn_AZN,2014,17,21.1
investment_mn_AZN,2014,19,33.1
investment_mn_AZN,2014,20,2.1
investment_mn_AZN,2014,22,16.4
investment_mn_AZN,2014,23,56.5
investment_mn_AZN,2014,24,2.3
investment_mn_AZN,2014,25,170.8
investment_mn_AZN,2014,26,0.0
investment_mn_AZN,2014,27,18.5
investment_mn_AZN,2014,28,0.1
investment_mn_AZN,2014,30,113.4
investment_mn_AZN,2014,31,20.8
investment_mn_AZN,2014,33,19.7
investment_mn_AZN,2014,35,423.7
investment_mn_AZN,2014,36,623.3
investment_mn_AZN,2015,06,7120.9
investment_mn_AZN,2015,08,24.2
investment_mn_AZN,2015,10,87.9
investment_mn_AZN,2015,11,23.7
investment_mn_AZN,2015,13,10.2
investment_mn_AZN,2015,14,10.4
investment_mn_AZN,2015,15,8.8
investment_mn_AZN,2015,16,17.6
investment_mn_AZN,2015,17,4.1
investment_mn_AZN,2015,18,21.9
investment_mn_AZN,2015,19,16.3
investment_mn_AZN,2015,20,6.8
investment_mn_AZN,2015,22,22.2
investment_mn_AZN,2015,23,37.3
investment_mn_AZN,2015,24,5.2
investment_mn_AZN,2015,25,98.5
investment_mn_AZN,2015,26,0.1
investment_mn_AZN,2015,27,31.1
investment_mn_AZN,2015,28,19.5
investment_mn_AZN,2015,30,5.9
investment_mn_AZN,2015,31,31.6
investment_mn_AZN,2015,33,23.8
investment_mn_AZN,2015,35,287.2
investment_mn_AZN,2015,36,584.7
investment_mn_AZN,2016,06,8559.7
investment_mn_AZN,2016,08,17.0
investment_mn_AZN,2016,10,63.6
investment_mn_AZN,2016,11,4.1
investment_mn_AZN,2016,12,0.8
investment_mn_AZN,2016,14,10.5
investment_mn_AZN,2016,15,0.0
investment_mn_AZN,2016,16,17.8
investment_mn_AZN,2016,18,1.0
investment_mn_AZN,2016,19,88.4
investment_mn_AZN,2016,20,18.5
investment_mn_AZN,2016,22,17.1
investment_mn_AZN,2016,23,27.6
investment_mn_AZN,2016,24,1.3
investment_mn_AZN,2016,25,95.6
investment_mn_AZN,2016,26,0.5
investment_mn_AZN,2016,27,18.2
investment_mn_AZN,2016,28,10.0
investment_mn_AZN,2016,30,1.3
investment_mn_AZN,2016,31,26.3
investment_mn_AZN,2016,33,21.7
investment_mn_AZN,2016,35,370.2
investment_mn_AZN,2016,36,578.6
investment_mn_AZN,2017,06,8400.1
investment_mn_AZN,2017,08,28.8
investment_mn_AZN,2017,10,125.5
investment_mn_AZN,2017,11,26.9
investment_mn_AZN,2017,12,0.4
investment_mn_AZN,2017,13,5.9
investment_mn_AZN,2017,14,15.3
investment_mn_AZN,2017,15,0.1
investment_mn_AZN,2017,16,20.7
investment_mn_AZN,2017,17,5.7
investment_mn_AZN,2017,18,0.0
investment_mn_AZN,2017,19,83.9
investment_mn_AZN,2017,20,87.4
investment_mn_AZN,2017,22,30.7
investment_mn_AZN,2017,23,33.3
investment_mn_AZN,2017,24,0.9
investment_mn_AZN,2017,25,99.3
investment_mn_AZN,2017,26,0.3
investment_mn_AZN,2017,27,36.5
investment_mn_AZN,2017,28,0.2
investment_mn_AZN,2017,30,4.3
investment_mn_AZN,2017,31,51.6
investment_mn_AZN,2017,33,23.7
investment_mn_AZN,2017,35,870.5
investment_mn_AZN,2017,36,658.1
investment_mn_AZN,2018,06,5672.5
investment_mn_AZN,2018,08,29.7
investment_mn_AZN,2018,09,0.1
investment_mn_AZN,2018,10,196.6
investment_mn_AZN,2018,11,39.3
investment_mn_AZN,2018,12,60.7
investment_mn_AZN,2018,13,42.9
investment_mn_AZN,2018,14,23.7
investment_mn_AZN,2018,15,1.9
investment_mn_AZN,2018,16,27.2
investment_mn_AZN,2018,17,7.8
investment_mn_AZN,2018,18,0.0
investment_mn_AZN,2018,19,322.6
investment_mn_AZN,2018,20,230.6
investment_mn_AZN,2018,22,36.9
investment_mn_AZN,2018,23,138.4
investment_mn_AZN,2018,24,4.3
investment_mn_AZN,2018,25,83.1
investment_mn_AZN,2018,26,0.6
investment_mn_AZN,2018,27,45.9
investment_mn_AZN,2018,28,0.3
investment_mn_AZN,2018,29,23.9
investment_mn_AZN,2018,30,0.5
investment_mn_AZN,2018,31,71.4
investment_mn_AZN,2018,33,73.3
investment_mn_AZN,2018,35,602.9
investment_mn_AZN,2018,36,760.1
investment_mn_AZN,2019,06,5640.1
investment_mn_AZN,2019,07,10.0
investment_mn_AZN,2019,08,20.3
investment_mn_AZN,2019,09,0.1
investment_mn_AZN,2019,10,140.4
investment_mn_AZN,2019,11,21.3
investment_mn_AZN,2019,12,35.1
investment_mn_AZN,2019,13,88.3
investment_mn_AZN,2019,14,20.0
investment_mn_AZN,2019,15,0.7
investment_mn_AZN,2019,16,17.1
investment_mn_AZN,2019,18,1.1
investment_mn_AZN,2019,19,208.7
investment_mn_AZN,2019,20,172.3
investment_mn_AZN,2019,22,1430.1
investment_mn_AZN,2019,23,100.4
investment_mn_AZN,2019,24,16.1
investment_mn_AZN,2019,25,44.6
investment_mn_AZN,2019,26,0.3
investment_mn_AZN,2019,27,44.4
investment_mn_AZN,2019,28,8.1
investment_mn_AZN,2019,29,34.5
investment_mn_AZN,2019,30,0.1
investment_mn_AZN,2019,31,54.5
investment_mn_AZN,2019,32,0.3
investment_mn_AZN,2019,33,28.0
investment_mn_AZN,2019,35,490.0
investment_mn_AZN,2019,36,631.1
investment_mn_AZN,2020,06,5522.1
investment_mn_AZN,2020,07,50.1
investment_mn_AZN,2020,08,40.0
investment_mn_AZN,2020,09,1.6
investment_mn_AZN,2020,10,225.10000000000002
investment_mn_AZN,2020,11,39.4
investment_mn_AZN,2020,12,4.3
investment_mn_AZN,2020,13,15.4
investment_mn_AZN,2020,14,26.5
investment_mn_AZN,2020,16,18.6
investment_mn_AZN,2020,18,1.1
investment_mn_AZN,2020,19,463.9
investment_mn_AZN,2020,20,1427.9
investment_mn_AZN,2020,21,1.8
investment_mn_AZN,2020,22,33.8
investment_mn_AZN,2020,23,119.3
investment_mn_AZN,2020,24,1.8
investment_mn_AZN,2020,25,55.2
investment_mn_AZN,2020,26,0.7
investment_mn_AZN,2020,27,16.9
investment_mn_AZN,2020,28,0.9
investment_mn_AZN,2020,30,0.7
investment_mn_AZN,2020,31,54.300000000000004
investment_mn_AZN,2020,32,88.0
investment_mn_AZN,2020,33,14.9
investment_mn_AZN,2020,35,486.59999999999997
investment_mn_AZN,2020,36,354.4
investment_mn_AZN,2021,06,4727.4
investment_mn_AZN,2021,07,46.2
investment_mn_AZN,2021,08,39.3
investment_mn_AZN,2021,09,4.2
investment_mn_AZN,2021,10,197.8
investment_mn_AZN,2021,11,39.1
investment_mn_AZN,2021,12,2.2
investment_mn_AZN,2021,13,25.3
investment_mn_AZN,2021,14,26.9
investment_mn_AZN,2021,15,0.2
investment_mn_AZN,2021,16,23.3
investment_mn_AZN,2021,17,3.0
investment_mn_AZN,2021,18,1.5
investment_mn_AZN,2021,19,1081.8
investment_mn_AZN,2021,20,285.1
investment_mn_AZN,2021,21,0.3
investment_mn_AZN,2021,22,39.0
investment_mn_AZN,2021,23,179.4
investment_mn_AZN,2021,24,0.7
investment_mn_AZN,2021,25,3.3
investment_mn_AZN,2021,26,0.5
investment_mn_AZN,2021,27,5.3
investment_mn_AZN,2021,28,6.6
investment_mn_AZN,2021,29,7.0
investment_mn_AZN,2021,30,0.1
investment_mn_AZN,2021,31,67.1
investment_mn_AZN,2021,32,2.9
investment_mn_AZN,2021,33,19.6
investment_mn_AZN,2021,35,482.9
investment_mn_AZN,2021,36,189.3
investment_mn_AZN,2022,06,4518.200000000001
investment_mn_AZN,2022,07,41.8849
investment_mn_AZN,2022,08,34.1
investment_mn_AZN,2022,09,389.6257
investment_mn_AZN,2022,10,206.5
investment_mn_AZN,2022,11,45.400000000000006
investment_mn_AZN,2022,12,1.1
investment_mn_AZN,2022,13,23.3
investment_mn_AZN,2022,14,25.5
investment_mn_AZN,2022,15,0.5
investment_mn_AZN,2022,16,19.1
investment_mn_AZN,2022,17,1.0
investment_mn_AZN,2022,18,1.3
investment_mn_AZN,2022,19,557.1
investment_mn_AZN,2022,20,100.3
investment_mn_AZN,2022,22,28.0
investment_mn_AZN,2022,23,103.80000000000001
investment_mn_AZN,2022,24,1.8
investment_mn_AZN,2022,25,8.3
investment_mn_AZN,2022,27,2.6
investment_mn_AZN,2022,28,0.8
investment_mn_AZN,2022,30,0.1
investment_mn_AZN,2022,31,60.6
investment_mn_AZN,2022,32,0.5
investment_mn_AZN,2022,33,14.6
investment_mn_AZN,2022,35,689.8
investment_mn_AZN,2022,36,296.3
investment_mn_AZN,2023,06,5635.9
investment_mn_AZN,2023,07,386.5
investment_mn_AZN,2023,08,7.1
investment_mn_AZN,2023,09,106.0
investment_mn_AZN,2023,10,132.2
investment_mn_AZN,2023,11,16.7
investment_mn_AZN,2023,12,2.6
investment_mn_AZN,2023,13,26.0
investment_mn_AZN,2023,14,0.8
investment_mn_AZN,2023,15,0.1
investment_mn_AZN,2023,16,1.7
investment_mn_AZN,2023,17,12.6
investment_mn_AZN,2023,18,3.2
investment_mn_AZN,2023,19,565.4
investment_mn_AZN,2023,20,41.6
investment_mn_AZN,2023,21,6.2
investment_mn_AZN,2023,22,9.9
investment_mn_AZN,2023,23,53.4
investment_mn_AZN,2023,24,11.3
investment_mn_AZN,2023,25,18.8
investment_mn_AZN,2023,27,2.7
investment_mn_AZN,2023,28,1.8
investment_mn_AZN,2023,29,2.9
investment_mn_AZN,2023,30,0.8
investment_mn_AZN,2023,31,2.7
investment_mn_AZN,2023,32,0.7
investment_mn_AZN,2023,33,2.7
investment_mn_AZN,2023,35,1082.4
investment_mn_AZN,2023,36,271.0
investment_mn_AZN,2024,06,4878.4
investment_mn_AZN,2024,07,15.2
investment_mn_AZN,2024,08,2.4
investment_mn_AZN,2024,09,15.7
investment_mn_AZN,2024,10,118.4
investment_mn_AZN,2024,11,49.4
investment_mn_AZN,2024,12,39.1
investment_mn_AZN,2024,13,16.5
investment_mn_AZN,2024,14,3.2
investment_mn_AZN,2024,15,9.7
investment_mn_AZN,2024,16,1.4
investment_mn_AZN,2024,17,7.8
investment_mn_AZN,2024,18,2.1
investment_mn_AZN,2024,19,958.0
investment_mn_AZN,2024,20,29.5
investment_mn_AZN,2024,21,2.7
investment_mn_AZN,2024,22,8.7
investment_mn_AZN,2024,23,48.4
investment_mn_AZN,2024,24,25.8
investment_mn_AZN,2024,25,34.2
investment_mn_AZN,2024,26,0.0
investment_mn_AZN,2024,27,19.3
investment_mn_AZN,2024,28,1.4
investment_mn_AZN,2024,29,2.9
investment_mn_AZN,2024,30,5.6
investment_mn_AZN,2024,31,4.8
investment_mn_AZN,2024,32,0.2
investment_mn_AZN,2024,33,20.3
investment_mn_AZN,2024,35,1321.1
investment_mn_AZN,2024,36,221.3
investment_mn_AZN,2025,06,5203.799999999999
investment_mn_AZN,2025,07,38.0
investment_mn_AZN,2025,08,3.2
investment_mn_AZN,2025,09,9.0
investment_mn_AZN,2025,10,61.2
investment_mn_AZN,2025,11,81.9
investment_mn_AZN,2025,12,35.5
investment_mn_AZN,2025,13,24.0
investment_mn_AZN,2025,14,3.8
investment_mn_AZN,2025,15,0.8
investment_mn_AZN,2025,17,5.9
investment_mn_AZN,2025,18,1.2
investment_mn_AZN,2025,19,167.6
investment_mn_AZN,2025,20,57.7
investment_mn_AZN,2025,21,21.0
investment_mn_AZN,2025,22,9.1
investment_mn_AZN,2025,23,84.3
investment_mn_AZN,2025,24,14.0
investment_mn_AZN,2025,25,45.2
investment_mn_AZN,2025,26,0.0
investment_mn_AZN,2025,27,14.0
investment_mn_AZN,2025,28,1.4
investment_mn_AZN,2025,29,1.6
investment_mn_AZN,2025,30,0.2
investment_mn_AZN,2025,31,5.0
investment_mn_AZN,2025,32,8.4
investment_mn_AZN,2025,33,18.9
investment_mn_AZN,2025,35,1894.9
investment_mn_AZN,2025,36,397.4
stocks_end_year_mn_AZN,1999,10,8.5
stocks_end_year_mn_AZN,1999,11,2.5
stocks_end_year_mn_AZN,1999,12,0.5
stocks_end_year_mn_AZN,1999,13,9.4
stocks_end_year_mn_AZN,1999,14,0.3
stocks_end_year_mn_AZN,1999,15,1.1
stocks_end_year_mn_AZN,1999,16,0.3
stocks_end_year_mn_AZN,1999,17,0.02
stocks_end_year_mn_AZN,1999,18,2.3
stocks_end_year_mn_AZN,1999,19,33.0
stocks_end_year_mn_AZN,1999,20,14.0
stocks_end_year_mn_AZN,1999,22,7.3
stocks_end_year_mn_AZN,1999,23,2.0
stocks_end_year_mn_AZN,1999,24,2.4
stocks_end_year_mn_AZN,1999,25,1.4
stocks_end_year_mn_AZN,1999,26,3.5
stocks_end_year_mn_AZN,1999,27,1.9
stocks_end_year_mn_AZN,1999,28,16.7
stocks_end_year_mn_AZN,1999,29,0.0
stocks_end_year_mn_AZN,1999,31,0.1
stocks_end_year_mn_AZN,2000,10,5.0
stocks_end_year_mn_AZN,2000,11,1.9
stocks_end_year_mn_AZN,2000,12,3.4
stocks_end_year_mn_AZN,2000,13,7.0
stocks_end_year_mn_AZN,2000,14,0.6
stocks_end_year_mn_AZN,2000,15,1.2
stocks_end_year_mn_AZN,2000,16,0.1
stocks_end_year_mn_AZN,2000,17,0.0
stocks_end_year_mn_AZN,2000,18,0.2
stocks_end_year_mn_AZN,2000,19,34.7
stocks_end_year_mn_AZN,2000,20,12.6
stocks_end_year_mn_AZN,2000,22,4.6
stocks_end_year_mn_AZN,2000,23,1.7
stocks_end_year_mn_AZN,2000,24,1.2
stocks_end_year_mn_AZN,2000,25,2.0
stocks_end_year_mn_AZN,2000,26,2.8
stocks_end_year_mn_AZN,2000,27,1.7
stocks_end_year_mn_AZN,2000,28,15.0
stocks_end_year_mn_AZN,2000,29,0.0
stocks_end_year_mn_AZN,2000,31,0.1
stocks_end_year_mn_AZN,2001,10,3.5
stocks_end_year_mn_AZN,2001,11,2.1
stocks_end_year_mn_AZN,2001,12,24.2
stocks_end_year_mn_AZN,2001,13,8.2
stocks_end_year_mn_AZN,2001,14,0.5
stocks_end_year_mn_AZN,2001,15,1.0
stocks_end_year_mn_AZN,2001,16,0.1
stocks_end_year_mn_AZN,2001,17,0.0
stocks_end_year_mn_AZN,2001,18,0.6
stocks_end_year_mn_AZN,2001,19,19.2
stocks_end_year_mn_AZN,2001,20,8.8
stocks_end_year_mn_AZN,2001,22,8.7
stocks_end_year_mn_AZN,2001,23,1.4
stocks_end_year_mn_AZN,2001,24,2.2
stocks_end_year_mn_AZN,2001,25,2.3
stocks_end_year_mn_AZN,2001,26,3.0
stocks_end_year_mn_AZN,2001,27,1.7
stocks_end_year_mn_AZN,2001,28,12.2
stocks_end_year_mn_AZN,2001,29,0.0
stocks_end_year_mn_AZN,2001,31,0.2
stocks_end_year_mn_AZN,2002,10,3.9
stocks_end_year_mn_AZN,2002,11,4.2
stocks_end_year_mn_AZN,2002,12,19.7
stocks_end_year_mn_AZN,2002,13,6.4
stocks_end_year_mn_AZN,2002,14,0.3
stocks_end_year_mn_AZN,2002,15,1.0
stocks_end_year_mn_AZN,2002,16,0.1
stocks_end_year_mn_AZN,2002,17,0.02
stocks_end_year_mn_AZN,2002,18,0.2
stocks_end_year_mn_AZN,2002,19,27.7
stocks_end_year_mn_AZN,2002,20,9.8
stocks_end_year_mn_AZN,2002,22,1.9
stocks_end_year_mn_AZN,2002,23,1.5
stocks_end_year_mn_AZN,2002,24,3.2
stocks_end_year_mn_AZN,2002,25,2.1
stocks_end_year_mn_AZN,2002,26,3.7
stocks_end_year_mn_AZN,2002,27,1.8
stocks_end_year_mn_AZN,2002,28,14.7
stocks_end_year_mn_AZN,2002,29,0.0
stocks_end_year_mn_AZN,2002,31,0.1
stocks_end_year_mn_AZN,2003,10,4.7
stocks_end_year_mn_AZN,2003,11,3.1
stocks_end_year_mn_AZN,2003,12,17.6
stocks_end_year_mn_AZN,2003,13,8.42
stocks_end_year_mn_AZN,2003,14,0.4
stocks_end_year_mn_AZN,2003,15,1.4
stocks_end_year_mn_AZN,2003,16,0.2
stocks_end_year_mn_AZN,2003,17,0.06
stocks_end_year_mn_AZN,2003,18,1.6
stocks_end_year_mn_AZN,2003,19,34.6
stocks_end_year_mn_AZN,2003,20,6.4
stocks_end_year_mn_AZN,2003,22,5.1
stocks_end_year_mn_AZN,2003,23,1.2
stocks_end_year_mn_AZN,2003,24,5.7
stocks_end_year_mn_AZN,2003,25,17.2
stocks_end_year_mn_AZN,2003,26,2.1
stocks_end_year_mn_AZN,2003,27,2.7
stocks_end_year_mn_AZN,2003,28,24.0
stocks_end_year_mn_AZN,2003,29,1.0
stocks_end_year_mn_AZN,2003,31,1.4
stocks_end_year_mn_AZN,2004,10,5.1
stocks_end_year_mn_AZN,2004,11,4.1
stocks_end_year_mn_AZN,2004,12,8.1
stocks_end_year_mn_AZN,2004,13,6.2
stocks_end_year_mn_AZN,2004,14,0.3
stocks_end_year_mn_AZN,2004,15,1.3
stocks_end_year_mn_AZN,2004,16,0.1
stocks_end_year_mn_AZN,2004,17,0.03
stocks_end_year_mn_AZN,2004,18,1.5
stocks_end_year_mn_AZN,2004,19,21.9
stocks_end_year_mn_AZN,2004,20,9.6
stocks_end_year_mn_AZN,2004,22,5.2
stocks_end_year_mn_AZN,2004,23,2.1
stocks_end_year_mn_AZN,2004,24,22.2
stocks_end_year_mn_AZN,2004,25,21.2
stocks_end_year_mn_AZN,2004,26,2.0
stocks_end_year_mn_AZN,2004,27,2.0
stocks_end_year_mn_AZN,2004,28,25.3
stocks_end_year_mn_AZN,2004,29,0.8
stocks_end_year_mn_AZN,2004,31,0.4
stocks_end_year_mn_AZN,2005,10,13.01
stocks_end_year_mn_AZN,2005,11,6.3
stocks_end_year_mn_AZN,2005,12,10.2
stocks_end_year_mn_AZN,2005,13,10.9
stocks_end_year_mn_AZN,2005,14,0.7
stocks_end_year_mn_AZN,2005,15,1.5
stocks_end_year_mn_AZN,2005,16,0.02
stocks_end_year_mn_AZN,2005,17,0.02
stocks_end_year_mn_AZN,2005,18,0.8
stocks_end_year_mn_AZN,2005,19,24.0
stocks_end_year_mn_AZN,2005,20,6.8
stocks_end_year_mn_AZN,2005,22,5.2
stocks_end_year_mn_AZN,2005,23,2.7
stocks_end_year_mn_AZN,2005,24,4.5
stocks_end_year_mn_AZN,2005,25,11.9
stocks_end_year_mn_AZN,2005,26,2.2
stocks_end_year_mn_AZN,2005,27,3.4
stocks_end_year_mn_AZN,2005,28,26.8
stocks_end_year_mn_AZN,2005,29,1.7
stocks_end_year_mn_AZN,2005,31,1.7
stocks_end_year_mn_AZN,2006,10,11.2
stocks_end_year_mn_AZN,2006,11,6.6
stocks_end_year_mn_AZN,2006,12,1.9
stocks_end_year_mn_AZN,2006,13,25.5
stocks_end_year_mn_AZN,2006,14,0.4
stocks_end_year_mn_AZN,2006,15,1.4
stocks_end_year_mn_AZN,2006,16,0.01
stocks_end_year_mn_AZN,2006,17,0.06
stocks_end_year_mn_AZN,2006,18,0.6
stocks_end_year_mn_AZN,2006,19,17.6
stocks_end_year_mn_AZN,2006,20,8.0
stocks_end_year_mn_AZN,2006,22,5.2
stocks_end_year_mn_AZN,2006,23,2.2
stocks_end_year_mn_AZN,2006,24,11.0
stocks_end_year_mn_AZN,2006,25,2.3
stocks_end_year_mn_AZN,2006,26,2.2
stocks_end_year_mn_AZN,2006,27,2.6
stocks_end_year_mn_AZN,2006,28,17.0
stocks_end_year_mn_AZN,2006,29,0.3
stocks_end_year_mn_AZN,2006,31,0.4
stocks_end_year_mn_AZN,2007,10,26.7
stocks_end_year_mn_AZN,2007,11,8.7
stocks_end_year_mn_AZN,2007,12,1.2
stocks_end_year_mn_AZN,2007,13,19.6
stocks_end_year_mn_AZN,2007,14,0.5
stocks_end_year_mn_AZN,2007,15,4.2
stocks_end_year_mn_AZN,2007,16,0.3
stocks_end_year_mn_AZN,2007,17,0.03
stocks_end_year_mn_AZN,2007,18,0.6
stocks_end_year_mn_AZN,2007,19,46.2
stocks_end_year_mn_AZN,2007,20,31.0
stocks_end_year_mn_AZN,2007,22,4.8
stocks_end_year_mn_AZN,2007,23,4.0
stocks_end_year_mn_AZN,2007,24,8.6
stocks_end_year_mn_AZN,2007,25,6.1
stocks_end_year_mn_AZN,2007,26,2.1
stocks_end_year_mn_AZN,2007,27,2.5
stocks_end_year_mn_AZN,2007,28,18.4
stocks_end_year_mn_AZN,2007,29,4.7
stocks_end_year_mn_AZN,2007,31,0.8
stocks_end_year_mn_AZN,2008,10,16.2
stocks_end_year_mn_AZN,2008,11,8.3
stocks_end_year_mn_AZN,2008,12,0.5
stocks_end_year_mn_AZN,2008,13,27.5
stocks_end_year_mn_AZN,2008,14,0.2
stocks_end_year_mn_AZN,2008,15,2.1
stocks_end_year_mn_AZN,2008,16,0.2
stocks_end_year_mn_AZN,2008,17,0.05
stocks_end_year_mn_AZN,2008,18,0.3
stocks_end_year_mn_AZN,2008,19,53.6
stocks_end_year_mn_AZN,2008,20,21.6
stocks_end_year_mn_AZN,2008,22,5.3
stocks_end_year_mn_AZN,2008,23,5.0
stocks_end_year_mn_AZN,2008,24,12.8
stocks_end_year_mn_AZN,2008,25,9.8
stocks_end_year_mn_AZN,2008,26,3.2
stocks_end_year_mn_AZN,2008,27,4.1
stocks_end_year_mn_AZN,2008,28,26.4
stocks_end_year_mn_AZN,2008,29,4.0
stocks_end_year_mn_AZN,2008,31,1.0
stocks_end_year_mn_AZN,2009,10,14.0
stocks_end_year_mn_AZN,2009,11,11.1
stocks_end_year_mn_AZN,2009,12,0.8
stocks_end_year_mn_AZN,2009,13,17.2
stocks_end_year_mn_AZN,2009,14,0.4
stocks_end_year_mn_AZN,2009,15,1.9
stocks_end_year_mn_AZN,2009,16,0.3
stocks_end_year_mn_AZN,2009,17,0.02
stocks_end_year_mn_AZN,2009,18,0.3
stocks_end_year_mn_AZN,2009,19,47.9
stocks_end_year_mn_AZN,2009,20,25.5
stocks_end_year_mn_AZN,2009,22,4.1
stocks_end_year_mn_AZN,2009,23,6.2
stocks_end_year_mn_AZN,2009,24,6.5
stocks_end_year_mn_AZN,2009,25,9.7
stocks_end_year_mn_AZN,2009,26,4.8
stocks_end_year_mn_AZN,2009,27,1.8
stocks_end_year_mn_AZN,2009,28,27.1
stocks_end_year_mn_AZN,2009,29,3.7
stocks_end_year_mn_AZN,2009,31,1.6
stocks_end_year_mn_AZN,2010,10,11.5
stocks_end_year_mn_AZN,2010,11,13.9
stocks_end_year_mn_AZN,2010,12,0.6
stocks_end_year_mn_AZN,2010,13,15.1
stocks_end_year_mn_AZN,2010,14,0.5
stocks_end_year_mn_AZN,2010,15,1.3
stocks_end_year_mn_AZN,2010,16,0.5
stocks_end_year_mn_AZN,2010,17,0.0
stocks_end_year_mn_AZN,2010,18,0.3
stocks_end_year_mn_AZN,2010,19,34.2
stocks_end_year_mn_AZN,2010,20,9.8
stocks_end_year_mn_AZN,2010,22,5.1
stocks_end_year_mn_AZN,2010,23,9.7
stocks_end_year_mn_AZN,2010,24,3.3
stocks_end_year_mn_AZN,2010,25,16.7
stocks_end_year_mn_AZN,2010,26,5.4
stocks_end_year_mn_AZN,2010,27,2.6
stocks_end_year_mn_AZN,2010,28,19.7
stocks_end_year_mn_AZN,2010,29,5.7
stocks_end_year_mn_AZN,2010,31,1.8
stocks_end_year_mn_AZN,2011,10,19.6
stocks_end_year_mn_AZN,2011,11,15.5
stocks_end_year_mn_AZN,2011,12,1.0
stocks_end_year_mn_AZN,2011,13,20.1
stocks_end_year_mn_AZN,2011,14,0.9
stocks_end_year_mn_AZN,2011,15,1.8
stocks_end_year_mn_AZN,2011,16,0.5
stocks_end_year_mn_AZN,2011,17,0.04
stocks_end_year_mn_AZN,2011,18,0.16
stocks_end_year_mn_AZN,2011,19,47.3
stocks_end_year_mn_AZN,2011,20,14.5
stocks_end_year_mn_AZN,2011,22,6.0
stocks_end_year_mn_AZN,2011,23,10.0
stocks_end_year_mn_AZN,2011,24,9.0
stocks_end_year_mn_AZN,2011,25,7.0
stocks_end_year_mn_AZN,2011,26,6.8
stocks_end_year_mn_AZN,2011,27,8.7
stocks_end_year_mn_AZN,2011,28,24.5
stocks_end_year_mn_AZN,2011,29,6.0
stocks_end_year_mn_AZN,2011,31,1.6
stocks_end_year_mn_AZN,2012,10,18.7
stocks_end_year_mn_AZN,2012,11,22.6
stocks_end_year_mn_AZN,2012,12,0.6
stocks_end_year_mn_AZN,2012,13,33.6
stocks_end_year_mn_AZN,2012,14,0.6
stocks_end_year_mn_AZN,2012,15,2.4
stocks_end_year_mn_AZN,2012,16,0.3
stocks_end_year_mn_AZN,2012,17,0.1
stocks_end_year_mn_AZN,2012,18,0.2
stocks_end_year_mn_AZN,2012,19,30.4
stocks_end_year_mn_AZN,2012,20,12.9
stocks_end_year_mn_AZN,2012,22,6.1
stocks_end_year_mn_AZN,2012,23,14.6
stocks_end_year_mn_AZN,2012,24,3.0
stocks_end_year_mn_AZN,2012,25,6.7
stocks_end_year_mn_AZN,2012,26,4.5
stocks_end_year_mn_AZN,2012,27,39.1
stocks_end_year_mn_AZN,2012,28,29.9
stocks_end_year_mn_AZN,2012,29,2.0
stocks_end_year_mn_AZN,2012,31,2.0
stocks_end_year_mn_AZN,2013,10,14.8
stocks_end_year_mn_AZN,2013,11,27.5
stocks_end_year_mn_AZN,2013,12,0.2
stocks_end_year_mn_AZN,2013,13,28.8
stocks_end_year_mn_AZN,2013,14,0.3
stocks_end_year_mn_AZN,2013,15,2.5
stocks_end_year_mn_AZN,2013,16,0.9
stocks_end_year_mn_AZN,2013,17,0.1
stocks_end_year_mn_AZN,2013,18,0.1
stocks_end_year_mn_AZN,2013,19,38.0
stocks_end_year_mn_AZN,2013,20,7.5
stocks_end_year_mn_AZN,2013,22,5.1
stocks_end_year_mn_AZN,2013,23,18.3
stocks_end_year_mn_AZN,2013,24,6.8
stocks_end_year_mn_AZN,2013,25,3.3
stocks_end_year_mn_AZN,2013,26,5.2
stocks_end_year_mn_AZN,2013,27,16.8
stocks_end_year_mn_AZN,2013,28,26.2
stocks_end_year_mn_AZN,2013,29,1.8
stocks_end_year_mn_AZN,2013,31,2.5
stocks_end_year_mn_AZN,2014,10,17.8
stocks_end_year_mn_AZN,2014,11,32.1
stocks_end_year_mn_AZN,2014,13,24.5
stocks_end_year_mn_AZN,2014,14,0.8
stocks_end_year_mn_AZN,2014,15,3.0
stocks_end_year_mn_AZN,2014,16,0.2
stocks_end_year_mn_AZN,2014,17,0.1
stocks_end_year_mn_AZN,2014,18,0.1
stocks_end_year_mn_AZN,2014,19,58.7
stocks_end_year_mn_AZN,2014,20,18.3
stocks_end_year_mn_AZN,2014,22,6.5
stocks_end_year_mn_AZN,2014,23,23.6
stocks_end_year_mn_AZN,2014,24,26.2
stocks_end_year_mn_AZN,2014,25,2.6
stocks_end_year_mn_AZN,2014,26,3.5
stocks_end_year_mn_AZN,2014,27,15.9
stocks_end_year_mn_AZN,2014,28,25.5
stocks_end_year_mn_AZN,2014,29,3.1
stocks_end_year_mn_AZN,2014,31,3.0
stocks_end_year_mn_AZN,2015,10,21.1
stocks_end_year_mn_AZN,2015,11,27.7
stocks_end_year_mn_AZN,2015,13,21.6
stocks_end_year_mn_AZN,2015,14,0.6
stocks_end_year_mn_AZN,2015,15,0.9
stocks_end_year_mn_AZN,2015,16,0.2
stocks_end_year_mn_AZN,2015,17,1.2
stocks_end_year_mn_AZN,2015,18,0.1
stocks_end_year_mn_AZN,2015,19,74.3
stocks_end_year_mn_AZN,2015,20,16.0
stocks_end_year_mn_AZN,2015,22,5.8
stocks_end_year_mn_AZN,2015,23,12.8
stocks_end_year_mn_AZN,2015,24,25.7
stocks_end_year_mn_AZN,2015,25,5.0
stocks_end_year_mn_AZN,2015,26,3.3
stocks_end_year_mn_AZN,2015,27,12.3
stocks_end_year_mn_AZN,2015,28,24.9
stocks_end_year_mn_AZN,2015,29,3.1
stocks_end_year_mn_AZN,2015,31,2.1
stocks_end_year_mn_AZN,2016,10,47.6
stocks_end_year_mn_AZN,2016,11,27.7
stocks_end_year_mn_AZN,2016,12,0.2
stocks_end_year_mn_AZN,2016,13,27.3
stocks_end_year_mn_AZN,2016,14,0.6
stocks_end_year_mn_AZN,2016,15,0.9
stocks_end_year_mn_AZN,2016,16,0.2
stocks_end_year_mn_AZN,2016,17,0.2
stocks_end_year_mn_AZN,2016,18,0.2
stocks_end_year_mn_AZN,2016,19,52.4
stocks_end_year_mn_AZN,2016,20,15.8
stocks_end_year_mn_AZN,2016,22,6.2
stocks_end_year_mn_AZN,2016,23,11.9
stocks_end_year_mn_AZN,2016,24,21.7
stocks_end_year_mn_AZN,2016,25,7.7
stocks_end_year_mn_AZN,2016,26,7.9
stocks_end_year_mn_AZN,2016,27,14.1
stocks_end_year_mn_AZN,2016,28,28.1
stocks_end_year_mn_AZN,2016,29,2.3
stocks_end_year_mn_AZN,2016,31,6.3
stocks_end_year_mn_AZN,2017,10,29.2
stocks_end_year_mn_AZN,2017,11,32.8
stocks_end_year_mn_AZN,2017,12,0.2
stocks_end_year_mn_AZN,2017,13,45.2
stocks_end_year_mn_AZN,2017,14,0.3
stocks_end_year_mn_AZN,2017,15,0.7
stocks_end_year_mn_AZN,2017,16,0.2
stocks_end_year_mn_AZN,2017,17,0.3
stocks_end_year_mn_AZN,2017,18,0.1
stocks_end_year_mn_AZN,2017,19,70.7
stocks_end_year_mn_AZN,2017,20,19.2
stocks_end_year_mn_AZN,2017,22,6.1
stocks_end_year_mn_AZN,2017,23,15.1
stocks_end_year_mn_AZN,2017,24,20.3
stocks_end_year_mn_AZN,2017,25,7.1
stocks_end_year_mn_AZN,2017,26,10.3
stocks_end_year_mn_AZN,2017,27,11.9
stocks_end_year_mn_AZN,2017,28,33.2
stocks_end_year_mn_AZN,2017,29,2.5
stocks_end_year_mn_AZN,2017,31,4.8
stocks_end_year_mn_AZN,2018,10,38.6
stocks_end_year_mn_AZN,2018,11,24.0
stocks_end_year_mn_AZN,2018,12,1.6
stocks_end_year_mn_AZN,2018,13,50.3
stocks_end_year_mn_AZN,2018,14,0.4
stocks_end_year_mn_AZN,2018,15,2.2
stocks_end_year_mn_AZN,2018,16,0.2
stocks_end_year_mn_AZN,2018,17,0.5
stocks_end_year_mn_AZN,2018,18,0.1
stocks_end_year_mn_AZN,2018,19,110.2
stocks_end_year_mn_AZN,2018,20,38.2
stocks_end_year_mn_AZN,2018,22,7.8
stocks_end_year_mn_AZN,2018,23,21.2
stocks_end_year_mn_AZN,2018,24,58.5
stocks_end_year_mn_AZN,2018,25,8.4
stocks_end_year_mn_AZN,2018,26,23.1
stocks_end_year_mn_AZN,2018,27,8.9
stocks_end_year_mn_AZN,2018,28,26.6
stocks_end_year_mn_AZN,2018,29,2.9
stocks_end_year_mn_AZN,2018,31,25.2
stocks_end_year_mn_AZN,2019,10,52.2
stocks_end_year_mn_AZN,2019,11,28.2
stocks_end_year_mn_AZN,2019,12,2.7
stocks_end_year_mn_AZN,2019,13,49.6
stocks_end_year_mn_AZN,2019,14,0.4
stocks_end_year_mn_AZN,2019,15,0.8
stocks_end_year_mn_AZN,2019,16,0.3
stocks_end_year_mn_AZN,2019,17,0.1
stocks_end_year_mn_AZN,2019,18,0.1
stocks_end_year_mn_AZN,2019,19,86.5
stocks_end_year_mn_AZN,2019,20,23.5
stocks_end_year_mn_AZN,2019,22,9.1
stocks_end_year_mn_AZN,2019,23,15.8
stocks_end_year_mn_AZN,2019,24,38.1
stocks_end_year_mn_AZN,2019,25,7.6
stocks_end_year_mn_AZN,2019,26,22.0
stocks_end_year_mn_AZN,2019,27,8.2
stocks_end_year_mn_AZN,2019,28,24.4
stocks_end_year_mn_AZN,2019,29,21.5
stocks_end_year_mn_AZN,2019,30,0.3
stocks_end_year_mn_AZN,2019,31,22.3
stocks_end_year_mn_AZN,2020,10,53.9
stocks_end_year_mn_AZN,2020,11,30.6
stocks_end_year_mn_AZN,2020,12,6.7
stocks_end_year_mn_AZN,2020,13,45.7
stocks_end_year_mn_AZN,2020,14,2.1
stocks_end_year_mn_AZN,2020,15,0.8
stocks_end_year_mn_AZN,2020,16,0.3
stocks_end_year_mn_AZN,2020,17,0.0
stocks_end_year_mn_AZN,2020,19,128.9
stocks_end_year_mn_AZN,2020,20,38.0
stocks_end_year_mn_AZN,2020,22,7.1
stocks_end_year_mn_AZN,2020,23,28.2
stocks_end_year_mn_AZN,2020,24,39.4
stocks_end_year_mn_AZN,2020,25,5.1
stocks_end_year_mn_AZN,2020,26,41.3
stocks_end_year_mn_AZN,2020,27,4.2
stocks_end_year_mn_AZN,2020,28,26.5
stocks_end_year_mn_AZN,2020,29,12.9
stocks_end_year_mn_AZN,2020,30,0.1
stocks_end_year_mn_AZN,2020,31,21.9
stocks_end_year_mn_AZN,2021,10,92.9
stocks_end_year_mn_AZN,2021,11,34.4
stocks_end_year_mn_AZN,2021,12,22.3
stocks_end_year_mn_AZN,2021,13,34.5
stocks_end_year_mn_AZN,2021,14,0.6
stocks_end_year_mn_AZN,2021,15,0.9
stocks_end_year_mn_AZN,2021,16,0.3
stocks_end_year_mn_AZN,2021,17,1.8
stocks_end_year_mn_AZN,2021,19,105.8
stocks_end_year_mn_AZN,2021,20,119.5
stocks_end_year_mn_AZN,2021,22,7.9
stocks_end_year_mn_AZN,2021,23,36.7
stocks_end_year_mn_AZN,2021,24,46.0
stocks_end_year_mn_AZN,2021,25,3.8
stocks_end_year_mn_AZN,2021,26,13.1
stocks_end_year_mn_AZN,2021,27,9.1
stocks_end_year_mn_AZN,2021,28,56.8
stocks_end_year_mn_AZN,2021,29,14.6
stocks_end_year_mn_AZN,2021,30,0.1
stocks_end_year_mn_AZN,2021,31,18.2
stocks_end_year_mn_AZN,2022,10,160.4
stocks_end_year_mn_AZN,2022,11,31.8
stocks_end_year_mn_AZN,2022,12,25.4
stocks_end_year_mn_AZN,2022,13,88.0
stocks_end_year_mn_AZN,2022,14,0.7
stocks_end_year_mn_AZN,2022,15,1.0
stocks_end_year_mn_AZN,2022,16,0.4
stocks_end_year_mn_AZN,2022,17,1.6
stocks_end_year_mn_AZN,2022,19,152.5
stocks_end_year_mn_AZN,2022,20,135.6
stocks_end_year_mn_AZN,2022,22,8.6
stocks_end_year_mn_AZN,2022,23,43.5
stocks_end_year_mn_AZN,2022,24,100.4
stocks_end_year_mn_AZN,2022,25,4.2
stocks_end_year_mn_AZN,2022,26,10.7
stocks_end_year_mn_AZN,2022,27,11.5
stocks_end_year_mn_AZN,2022,28,145.6
stocks_end_year_mn_AZN,2022,29,9.5
stocks_end_year_mn_AZN,2022,30,0.1
stocks_end_year_mn_AZN,2022,31,17.8
stocks_end_year_mn_AZN,2023,10,121.7
stocks_end_year_mn_AZN,2023,11,30.5
stocks_end_year_mn_AZN,2023,12,23.8
stocks_end_year_mn_AZN,2023,13,105.0
stocks_end_year_mn_AZN,2023,14,1.0
stocks_end_year_mn_AZN,2023,15,0.6
stocks_end_year_mn_AZN,2023,16,0.5
stocks_end_year_mn_AZN,2023,17,1.8
stocks_end_year_mn_AZN,2023,19,110.4
stocks_end_year_mn_AZN,2023,20,65.8
stocks_end_year_mn_AZN,2023,22,9.5
stocks_end_year_mn_AZN,2023,23,43.2
stocks_end_year_mn_AZN,2023,24,71.7
stocks_end_year_mn_AZN,2023,25,10.0
stocks_end_year_mn_AZN,2023,26,9.6
stocks_end_year_mn_AZN,2023,27,11.0
stocks_end_year_mn_AZN,2023,28,143.3
stocks_end_year_mn_AZN,2023,29,3.6
stocks_end_year_mn_AZN,2023,31,17.6
stocks_end_year_mn_AZN,2024,10,96.7
stocks_end_year_mn_AZN,2024,11,36.2
stocks_end_year_mn_AZN,2024,12,32.1
stocks_end_year_mn_AZN,2024,13,93.3
stocks_end_year_mn_AZN,2024,14,1.2
stocks_end_year_mn_AZN,2024,15,1.5
stocks_end_year_mn_AZN,2024,16,0.6
stocks_end_year_mn_AZN,2024,17,1.2
stocks_end_year_mn_AZN,2024,19,63.0
stocks_end_year_mn_AZN,2024,20,66.8
stocks_end_year_mn_AZN,2024,22,12.2
stocks_end_year_mn_AZN,2024,23,56.6
stocks_end_year_mn_AZN,2024,24,66.4
stocks_end_year_mn_AZN,2024,25,7.5
stocks_end_year_mn_AZN,2024,26,5.3
stocks_end_year_mn_AZN,2024,27,11.3
stocks_end_year_mn_AZN,2024,28,78.8
stocks_end_year_mn_AZN,2024,29,5.2
stocks_end_year_mn_AZN,2024,31,25.6
stocks_end_year_mn_AZN,2025,10,125.2
stocks_end_year_mn_AZN,2025,11,47.3
stocks_end_year_mn_AZN,2025,12,30.2
stocks_end_year_mn_AZN,2025,13,97.2
stocks_end_year_mn_AZN,2025,14,1.4
stocks_end_year_mn_AZN,2025,15,3.2
stocks_end_year_mn_AZN,2025,16,0.6
stocks_end_year_mn_AZN,2025,17,1.5
stocks_end_year_mn_AZN,2025,19,210.2
stocks_end_year_mn_AZN,2025,20,72.9
stocks_end_year_mn_AZN,2025,22,15.0
stocks_end_year_mn_AZN,2025,23,65.3
stocks_end_year_mn_AZN,2025,24,54.6
stocks_end_year_mn_AZN,2025,25,28.1
stocks_end_year_mn_AZN,2025,26,5.3
stocks_end_year_mn_AZN,2025,27,5.6
stocks_end_year_mn_AZN,2025,28,17.7
stocks_end_year_mn_AZN,2025,29,4.6
stocks_end_year_mn_AZN,2025,31,22.7
employees,2016,06,21659.0
employees,2016,07,1242.0
employees,2016,08,2360.0
employees,2016,09,8800.0
employees,2016,10,19922.0
employees,2016,11,6241.0
employees,2016,12,315.0
employees,2016,13,5383.0
employees,2016,14,2454.0
employees,2016,15,885.0
employees,2016,16,1284.0
employees,2016,17,1213.0
employees,2016,18,1796.0
employees,2016,19,4005.0
employees,2016,20,6278.0
employees,2016,21,180.0
employees,2016,22,5572.0
employees,2016,23,11789.0
employees,2016,24,5256.0
employees,2016,25,3641.0
employees,2016,26,1636.0
employees,2016,27,4331.0
employees,2016,28,4213.0
employees,2016,29,637.0
employees,2016,30,2016.0
employees,2016,31,4142.0
employees,2016,32,667.0
employees,2016,33,6853.0
employees,2016,35,27283.0
employees,2016,36,30560.0
employees,2017,06,21090.0
employees,2017,07,1336.0
employees,2017,08,2445.0
employees,2017,09,8816.0
employees,2017,10,21639.0
employees,2017,11,6747.0
employees,2017,12,409.0
employees,2017,13,7400.0
employees,2017,14,2553.0
employees,2017,15,876.0
employees,2017,16,1049.0
employees,2017,17,1291.0
employees,2017,18,1754.0
employees,2017,19,3939.0
employees,2017,20,6821.0
employees,2017,21,160.0
employees,2017,22,5526.0
employees,2017,23,13180.0
employees,2017,24,4737.0
employees,2017,25,3339.0
employees,2017,26,1589.0
employees,2017,27,4164.0
employees,2017,28,4226.0
employees,2017,29,646.0
employees,2017,30,1791.0
employees,2017,31,4007.0
employees,2017,32,989.0
employees,2017,33,6302.0
employees,2017,35,27516.0
employees,2017,36,30758.0
employees,2018,06,21052.0
employees,2018,07,1394.0
employees,2018,08,2486.0
employees,2018,09,9196.0
employees,2018,10,22014.0
employees,2018,11,6476.0
employees,2018,12,731.0
employees,2018,13,8541.0
employees,2018,14,2712.0
employees,2018,15,938.0
employees,2018,16,1043.0
employees,2018,17,1393.0
employees,2018,18,1922.0
employees,2018,19,3930.0
employees,2018,20,7436.0
employees,2018,21,163.0
employees,2018,22,5710.0
employees,2018,23,12065.0
employees,2018,24,5137.0
employees,2018,25,3472.0
employees,2018,26,1680.0
employees,2018,27,4643.0
employees,2018,28,4425.0
employees,2018,29,698.0
employees,2018,30,1699.0
employees,2018,31,4355.0
employees,2018,32,986.0
employees,2018,33,6886.0
employees,2018,35,27494.0
employees,2018,36,41119.0
employees,2019,06,20189.0
employees,2019,07,1466.0
employees,2019,08,2619.0
employees,2019,09,10610.0
employees,2019,10,26584.0
employees,2019,11,7236.0
employees,2019,12,1193.0
employees,2019,13,8197.0
employees,2019,14,3020.0
employees,2019,15,856.0
employees,2019,16,1265.0
employees,2019,17,1495.0
employees,2019,18,2011.0
employees,2019,19,3960.0
employees,2019,20,8098.0
employees,2019,21,255.0
employees,2019,22,6172.0
employees,2019,23,14406.0
employees,2019,24,5353.0
employees,2019,25,4492.0
employees,2019,26,1597.0
employees,2019,27,4989.0
employees,2019,28,4701.0
employees,2019,29,765.0
employees,2019,30,1604.0
employees,2019,31,5320.0
employees,2019,32,1263.0
employees,2019,33,7117.0
employees,2019,35,30439.0
employees,2019,36,30169.0
employees,2020,06,20241.0
employees,2020,07,1581.0
employees,2020,08,2576.0
employees,2020,09,9729.0
employees,2020,10,30366.0
employees,2020,11,7732.0
employees,2020,12,1094.0
employees,2020,13,8958.0
employees,2020,14,3149.0
employees,2020,15,792.0
employees,2020,16,1438.0
employees,2020,17,1549.0
employees,2020,18,2116.0
employees,2020,19,3868.0
employees,2020,20,8655.0
employees,2020,21,270.0
employees,2020,22,6990.0
employees,2020,23,13514.0
employees,2020,24,5747.0
employees,2020,25,4586.0
employees,2020,26,1634.0
employees,2020,27,4292.0
employees,2020,28,4400.0
employees,2020,29,732.0
employees,2020,30,1587.0
employees,2020,31,6211.0
employees,2020,32,1163.0
employees,2020,33,6289.0
employees,2020,35,28338.0
employees,2020,36,29938.0
employees,2021,06,19163.0
employees,2021,07,1629.0
employees,2021,08,2675.0
employees,2021,09,8847.0
employees,2021,10,30249.0
employees,2021,11,7809.0
employees,2021,12,1183.0
employees,2021,13,8640.0
employees,2021,14,3298.0
employees,2021,15,879.0
employees,2021,16,1151.0
employees,2021,17,1882.0
employees,2021,18,2036.0
employees,2021,19,3730.0
employees,2021,20,8742.0
employees,2021,21,281.0
employees,2021,22,6574.0
employees,2021,23,12353.0
employees,2021,24,6537.0
employees,2021,25,5224.0
employees,2021,26,940.0
employees,2021,27,4033.0
employees,2021,28,5252.0
employees,2021,29,788.0
employees,2021,30,932.0
employees,2021,31,6813.0
employees,2021,32,1307.0
employees,2021,33,6552.0
employees,2021,35,27232.0
employees,2021,36,32714.0
employees,2022,06,19928.0
employees,2022,07,1765.0
employees,2022,08,2817.0
employees,2022,09,9192.0
employees,2022,10,32581.0
employees,2022,11,8637.0
employees,2022,12,1205.0
employees,2022,13,8522.0
employees,2022,14,3383.0
employees,2022,15,851.0
employees,2022,16,1107.0
employees,2022,17,1966.0
employees,2022,18,2055.0
employees,2022,19,3307.0
employees,2022,20,9035.0
employees,2022,21,278.0
employees,2022,22,6656.0
employees,2022,23,12376.0
employees,2022,24,6497.0
employees,2022,25,4225.0
employees,2022,26,958.0
employees,2022,27,3508.0
employees,2022,28,5344.0
employees,2022,29,717.0
employees,2022,30,916.0
employees,2022,31,7491.0
employees,2022,32,1301.0
employees,2022,33,6744.0
employees,2022,35,27887.0
employees,2022,36,33641.0
employees,2023,06,20048.0
employees,2023,07,1920.0
employees,2023,08,2703.0
employees,2023,09,8642.0
employees,2023,10,33526.0
employees,2023,11,7046.0
employees,2023,12,1334.0
employees,2023,13,8064.0
employees,2023,14,3449.0
employees,2023,15,631.0
employees,2023,16,707.0
employees,2023,17,1918.0
employees,2023,18,2215.0
employees,2023,19,3208.0
employees,2023,20,8740.0
employees,2023,21,319.0
employees,2023,22,6360.0
employees,2023,23,12021.0
employees,2023,24,6646.0
employees,2023,25,4164.0
employees,2023,26,999.0
employees,2023,27,3683.0
employees,2023,28,5523.0
employees,2023,29,820.0
employees,2023,30,928.0
employees,2023,31,7922.0
employees,2023,32,1658.0
employees,2023,33,7439.0
employees,2023,35,29096.0
employees,2023,36,34584.0
employees,2024,06,19638.0
employees,2024,07,1987.0
employees,2024,08,2705.0
employees,2024,09,8633.0
employees,2024,10,35054.0
employees,2024,11,6991.0
employees,2024,12,1302.0
employees,2024,13,8446.0
employees,2024,14,4517.0
employees,2024,15,663.0
employees,2024,16,752.0
employees,2024,17,2255.0
employees,2024,18,2481.0
employees,2024,19,3991.0
employees,2024,20,8464.0
employees,2024,21,371.0
employees,2024,22,6863.0
employees,2024,23,11941.0
employees,2024,24,6455.0
employees,2024,25,4223.0
employees,2024,26,390.0
employees,2024,27,3510.0
employees,2024,28,6273.0
employees,2024,29,879.0
employees,2024,30,1517.0
employees,2024,31,8592.0
employees,2024,32,1866.0
employees,2024,33,8176.0
employees,2024,35,29709.0
employees,2024,36,45276.0
employees,2025,06,18387.0
employees,2025,07,2447.0
employees,2025,08,2467.0
employees,2025,09,8700.0
employees,2025,10,36944.0
employees,2025,11,7703.0
employees,2025,12,1322.0
employees,2025,13,8895.0
employees,2025,14,5309.0
employees,2025,15,571.0
employees,2025,16,799.0
employees,2025,17,2326.0
employees,2025,18,2596.0
employees,2025,19,3793.0
employees,2025,20,8704.0
employees,2025,21,578.0
employees,2025,22,7087.0
employees,2025,23,11913.0
employees,2025,24,6974.0
employees,2025,25,6790.0
employees,2025,26,247.0
employees,2025,27,2911.0
employees,2025,28,2797.0
employees,2025,29,947.0
employees,2025,30,1369.0
employees,2025,31,8704.0
employees,2025,32,1904.0
employees,2025,33,10082.0
employees,2025,35,29832.0
employees,2025,36,48596.0
wage_AZN_month,2016,06,3013.9
wage_AZN_month,2016,07,955.4
wage_AZN_month,2016,08,310.3
wage_AZN_month,2016,09,3156.3
wage_AZN_month,2016,10,371.6
wage_AZN_month,2016,11,494.8
wage_AZN_month,2016,12,416.8
wage_AZN_month,2016,13,299.4
wage_AZN_month,2016,14,405.2
wage_AZN_month,2016,15,520.1
wage_AZN_month,2016,16,528.7
wage_AZN_month,2016,17,528.3
wage_AZN_month,2016,18,414.6
wage_AZN_month,2016,19,890.7
wage_AZN_month,2016,20,718.8
wage_AZN_month,2016,21,577.9
wage_AZN_month,2016,22,472.0
wage_AZN_month,2016,23,592.1
wage_AZN_month,2016,24,610.6
wage_AZN_month,2016,25,572.2
wage_AZN_month,2016,26,487.6
wage_AZN_month,2016,27,586.8
wage_AZN_month,2016,28,373.5
wage_AZN_month,2016,29,439.9
wage_AZN_month,2016,30,455.8
wage_AZN_month,2016,31,348.4
wage_AZN_month,2016,32,408.0
wage_AZN_month,2016,33,1042.0
wage_AZN_month,2016,35,504.7
wage_AZN_month,2016,36,321.4
wage_AZN_month,2017,06,3420.2
wage_AZN_month,2017,07,1027.3
wage_AZN_month,2017,08,341.0
wage_AZN_month,2017,09,3203.8
wage_AZN_month,2017,10,332.8
wage_AZN_month,2017,11,521.3
wage_AZN_month,2017,12,561.4
wage_AZN_month,2017,13,360.8
wage_AZN_month,2017,14,386.5
wage_AZN_month,2017,15,510.2
wage_AZN_month,2017,16,506.3
wage_AZN_month,2017,17,505.8
wage_AZN_month,2017,18,409.8
wage_AZN_month,2017,19,988.4
wage_AZN_month,2017,20,789.2
wage_AZN_month,2017,21,725.7
wage_AZN_month,2017,22,458.7
wage_AZN_month,2017,23,561.8
wage_AZN_month,2017,24,791.3
wage_AZN_month,2017,25,553.9
wage_AZN_month,2017,26,493.4
wage_AZN_month,2017,27,586.5
wage_AZN_month,2017,28,403.0
wage_AZN_month,2017,29,478.5
wage_AZN_month,2017,30,455.9
wage_AZN_month,2017,31,331.8
wage_AZN_month,2017,32,360.6
wage_AZN_month,2017,33,1244.7
wage_AZN_month,2017,35,547.8
wage_AZN_month,2017,36,324.6
wage_AZN_month,2018,06,3376.9
wage_AZN_month,2018,07,1144.9
wage_AZN_month,2018,08,378.6
wage_AZN_month,2018,09,2964.2
wage_AZN_month,2018,10,334.9
wage_AZN_month,2018,11,576.1
wage_AZN_month,2018,12,673.1
wage_AZN_month,2018,13,368.0
wage_AZN_month,2018,14,386.3
wage_AZN_month,2018,15,404.3
wage_AZN_month,2018,16,371.8
wage_AZN_month,2018,17,380.9
wage_AZN_month,2018,18,377.5
wage_AZN_month,2018,19,1108.5
wage_AZN_month,2018,20,848.7
wage_AZN_month,2018,21,739.0
wage_AZN_month,2018,22,400.7
wage_AZN_month,2018,23,589.8
wage_AZN_month,2018,24,797.7
wage_AZN_month,2018,25,462.5
wage_AZN_month,2018,26,504.5
wage_AZN_month,2018,27,591.0
wage_AZN_month,2018,28,412.2
wage_AZN_month,2018,29,502.4
wage_AZN_month,2018,30,492.1
wage_AZN_month,2018,31,265.1
wage_AZN_month,2018,32,398.1
wage_AZN_month,2018,33,1217.5
wage_AZN_month,2018,35,583.3
wage_AZN_month,2018,36,304.6
wage_AZN_month,2019,06,3364.2
wage_AZN_month,2019,07,1183.3
wage_AZN_month,2019,08,503.5
wage_AZN_month,2019,09,3336.4
wage_AZN_month,2019,10,454.3
wage_AZN_month,2019,11,727.1
wage_AZN_month,2019,12,781.4
wage_AZN_month,2019,13,460.8
wage_AZN_month,2019,14,402.4
wage_AZN_month,2019,15,339.9
wage_AZN_month,2019,16,336.0
wage_AZN_month,2019,17,618.1
wage_AZN_month,2019,18,423.3
wage_AZN_month,2019,19,1207.0
wage_AZN_month,2019,20,898.4
wage_AZN_month,2019,21,589.9
wage_AZN_month,2019,22,457.8
wage_AZN_month,2019,23,715.9
wage_AZN_month,2019,24,766.4
wage_AZN_month,2019,25,557.4
wage_AZN_month,2019,26,561.6
wage_AZN_month,2019,27,661.0
wage_AZN_month,2019,28,497.7
wage_AZN_month,2019,29,528.6
wage_AZN_month,2019,30,542.8
wage_AZN_month,2019,31,308.6
wage_AZN_month,2019,32,468.3
wage_AZN_month,2019,33,1252.0
wage_AZN_month,2019,35,638.9
wage_AZN_month,2019,36,468.9
wage_AZN_month,2020,06,3454.9
wage_AZN_month,2020,07,1439.6
wage_AZN_month,2020,08,447.3
wage_AZN_month,2020,09,3936.5
wage_AZN_month,2020,10,489.8
wage_AZN_month,2020,11,656.5
wage_AZN_month,2020,12,778.5
wage_AZN_month,2020,13,471.6
wage_AZN_month,2020,14,396.2
wage_AZN_month,2020,15,393.9
wage_AZN_month,2020,16,415.1
wage_AZN_month,2020,17,679.6
wage_AZN_month,2020,18,496.3
wage_AZN_month,2020,19,1305.8
wage_AZN_month,2020,20,970.0
wage_AZN_month,2020,21,826.5
wage_AZN_month,2020,22,511.0
wage_AZN_month,2020,23,764.3
wage_AZN_month,2020,24,771.6
wage_AZN_month,2020,25,656.9
wage_AZN_month,2020,26,648.7
wage_AZN_month,2020,27,704.1
wage_AZN_month,2020,28,553.2
wage_AZN_month,2020,29,559.6
wage_AZN_month,2020,30,520.5
wage_AZN_month,2020,31,359.2
wage_AZN_month,2020,32,447.9
wage_AZN_month,2020,33,1009.5
wage_AZN_month,2020,35,698.3
wage_AZN_month,2020,36,558.3
wage_AZN_month,2021,06,3143.5
wage_AZN_month,2021,07,1784.1
wage_AZN_month,2021,08,496.7
wage_AZN_month,2021,09,3934.7
wage_AZN_month,2021,10,492.4
wage_AZN_month,2021,11,675.0
wage_AZN_month,2021,12,906.1
wage_AZN_month,2021,13,525.1
wage_AZN_month,2021,14,416.8
wage_AZN_month,2021,15,381.0
wage_AZN_month,2021,16,459.6
wage_AZN_month,2021,17,688.0
wage_AZN_month,2021,18,533.7
wage_AZN_month,2021,19,1325.1
wage_AZN_month,2021,20,982.2
wage_AZN_month,2021,21,869.1
wage_AZN_month,2021,22,512.0
wage_AZN_month,2021,23,757.2
wage_AZN_month,2021,24,851.5
wage_AZN_month,2021,25,738.3
wage_AZN_month,2021,26,690.9
wage_AZN_month,2021,27,615.7
wage_AZN_month,2021,28,695.0
wage_AZN_month,2021,29,589.2
wage_AZN_month,2021,30,575.1
wage_AZN_month,2021,31,358.5
wage_AZN_month,2021,32,591.8
wage_AZN_month,2021,33,1423.4
wage_AZN_month,2021,35,770.0
wage_AZN_month,2021,36,549.6
wage_AZN_month,2022,06,3361.6
wage_AZN_month,2022,07,2162.9
wage_AZN_month,2022,08,686.3
wage_AZN_month,2022,09,3904.1
wage_AZN_month,2022,10,542.0
wage_AZN_month,2022,11,684.3
wage_AZN_month,2022,12,1100.9
wage_AZN_month,2022,13,637.0
wage_AZN_month,2022,14,440.8
wage_AZN_month,2022,15,403.2
wage_AZN_month,2022,16,509.4
wage_AZN_month,2022,17,756.7
wage_AZN_month,2022,18,594.8
wage_AZN_month,2022,19,1784.5
wage_AZN_month,2022,20,1129.0
wage_AZN_month,2022,21,923.0
wage_AZN_month,2022,22,610.7
wage_AZN_month,2022,23,823.2
wage_AZN_month,2022,24,983.6
wage_AZN_month,2022,25,749.4
wage_AZN_month,2022,26,780.6
wage_AZN_month,2022,27,707.0
wage_AZN_month,2022,28,817.0
wage_AZN_month,2022,29,723.0
wage_AZN_month,2022,30,675.9
wage_AZN_month,2022,31,396.3
wage_AZN_month,2022,32,629.2
wage_AZN_month,2022,33,1512.1
wage_AZN_month,2022,35,897.2
wage_AZN_month,2022,36,647.3
wage_AZN_month,2023,06,3425.9
wage_AZN_month,2023,07,1963.5
wage_AZN_month,2023,08,921.2
wage_AZN_month,2023,09,4206.0
wage_AZN_month,2023,10,619.5
wage_AZN_month,2023,11,810.6
wage_AZN_month,2023,12,1381.8
wage_AZN_month,2023,13,737.9
wage_AZN_month,2023,14,436.6
wage_AZN_month,2023,15,435.7
wage_AZN_month,2023,16,558.1
wage_AZN_month,2023,17,857.3
wage_AZN_month,2023,18,633.4
wage_AZN_month,2023,19,1723.6
wage_AZN_month,2023,20,1271.3
wage_AZN_month,2023,21,1051.5
wage_AZN_month,2023,22,749.2
wage_AZN_month,2023,23,881.1
wage_AZN_month,2023,24,1025.3
wage_AZN_month,2023,25,847.2
wage_AZN_month,2023,26,922.5
wage_AZN_month,2023,27,784.9
wage_AZN_month,2023,28,926.7
wage_AZN_month,2023,29,829.7
wage_AZN_month,2023,30,854.5
wage_AZN_month,2023,31,424.1
wage_AZN_month,2023,32,684.6
wage_AZN_month,2023,33,1526.3
wage_AZN_month,2023,35,965.5
wage_AZN_month,2023,36,711.5
wage_AZN_month,2024,06,3669.6
wage_AZN_month,2024,07,2397.6
wage_AZN_month,2024,08,1106.3
wage_AZN_month,2024,09,4340.0
wage_AZN_month,2024,10,655.7
wage_AZN_month,2024,11,988.3
wage_AZN_month,2024,12,1402.0
wage_AZN_month,2024,13,743.5
wage_AZN_month,2024,14,471.1
wage_AZN_month,2024,15,457.4
wage_AZN_month,2024,16,581.6
wage_AZN_month,2024,17,968.4
wage_AZN_month,2024,18,676.7
wage_AZN_month,2024,19,1799.1
wage_AZN_month,2024,20,1446.3
wage_AZN_month,2024,21,1140.6
wage_AZN_month,2024,22,773.0
wage_AZN_month,2024,23,1015.1
wage_AZN_month,2024,24,1109.4
wage_AZN_month,2024,25,829.0
wage_AZN_month,2024,26,1200.7
wage_AZN_month,2024,27,959.3
wage_AZN_month,2024,28,1046.8
wage_AZN_month,2024,29,955.8
wage_AZN_month,2024,30,838.6
wage_AZN_month,2024,31,493.9
wage_AZN_month,2024,32,697.9
wage_AZN_month,2024,33,1520.4
wage_AZN_month,2024,35,1097.1
wage_AZN_month,2024,36,685.9
wage_AZN_month,2025,06,3788.8
wage_AZN_month,2025,07,2602.2
wage_AZN_month,2025,08,1075.5
wage_AZN_month,2025,09,4660.4
wage_AZN_month,2025,10,715.6
wage_AZN_month,2025,11,1101.6
wage_AZN_month,2025,12,1343.0
wage_AZN_month,2025,13,800.0
wage_AZN_month,2025,14,499.6
wage_AZN_month,2025,15,592.1
wage_AZN_month,2025,16,620.1
wage_AZN_month,2025,17,1020.3
wage_AZN_month,2025,18,706.6
wage_AZN_month,2025,19,2822.4
wage_AZN_month,2025,20,1604.0
wage_AZN_month,2025,21,1736.4
wage_AZN_month,2025,22,841.3
wage_AZN_month,2025,23,1082.5
wage_AZN_month,2025,24,1144.5
wage_AZN_month,2025,25,977.7
wage_AZN_month,2025,26,1875.8
wage_AZN_month,2025,27,1194.9
wage_AZN_month,2025,28,938.0
wage_AZN_month,2025,29,1104.7
wage_AZN_month,2025,30,1092.2
wage_AZN_month,2025,31,522.6
wage_AZN_month,2025,32,711.4
wage_AZN_month,2025,33,1544.1
wage_AZN_month,2025,35,1133.0
wage_AZN_month,2025,36,766.1
va_nominal_NA,2005,B,5283.900000000001
va_nominal_NA,2005,06,5142.8
va_nominal_NA,2005,C,812.4000000000001
va_nominal_NA,2005,10,220.0
va_nominal_NA,2005,11,15.6
va_nominal_NA,2005,12,5.100000000000001
va_nominal_NA,2005,13,6.299999999999997
va_nominal_NA,2005,14,3.4000000000000004
va_nominal_NA,2005,15,1.3000000000000003
va_nominal_NA,2005,16,2.0999999999999996
va_nominal_NA,2005,17,1.0
va_nominal_NA,2005,18,7.400000000000002
va_nominal_NA,2005,19,243.2
va_nominal_NA,2005,20,55.19999999999999
va_nominal_NA,2005,21,0.19999999999999996
va_nominal_NA,2005,22,5.5
va_nominal_NA,2005,23,49.80000000000001
va_nominal_NA,2005,24,85.40000000000003
va_nominal_NA,2005,25,23.0
va_nominal_NA,2005,26,2.8
va_nominal_NA,2005,27,7.300000000000001
va_nominal_NA,2005,28,17.0
va_nominal_NA,2005,29,2.6
va_nominal_NA,2005,30,5.5
va_nominal_NA,2005,31,4.800000000000001
va_nominal_NA,2005,32,5.6
va_nominal_NA,2005,33,42.3
va_nominal_NA,2005,D,80.0
va_nominal_NA,2005,E,25.6
va_nominal_NA,2006,B,9534.0
va_nominal_NA,2006,06,9359.2
va_nominal_NA,2006,C,1082.1999999999998
va_nominal_NA,2006,10,185.3
va_nominal_NA,2006,11,16.6
va_nominal_NA,2006,12,3.3000000000000007
va_nominal_NA,2006,13,9.100000000000001
va_nominal_NA,2006,14,3.799999999999999
va_nominal_NA,2006,15,2.0
va_nominal_NA,2006,16,2.200000000000001
va_nominal_NA,2006,17,1.7000000000000002
va_nominal_NA,2006,18,7.899999999999999
va_nominal_NA,2006,19,565.7
va_nominal_NA,2006,20,45.0
va_nominal_NA,2006,21,0.29999999999999993
va_nominal_NA,2006,22,5.5
va_nominal_NA,2006,23,54.3
va_nominal_NA,2006,24,79.40000000000003
va_nominal_NA,2006,25,24.6
va_nominal_NA,2006,26,4.300000000000001
va_nominal_NA,2006,27,9.9
va_nominal_NA,2006,28,15.800000000000004
va_nominal_NA,2006,29,2.4
va_nominal_NA,2006,30,6.5
va_nominal_NA,2006,31,3.6999999999999993
va_nominal_NA,2006,32,2.9000000000000004
va_nominal_NA,2006,33,29.8
va_nominal_NA,2006,D,104.59999999999991
va_nominal_NA,2006,E,47.5
va_nominal_NA,2007,B,15219.2
va_nominal_NA,2007,06,15007.5
va_nominal_NA,2007,C,1413.5
va_nominal_NA,2007,10,218.4000000000001
va_nominal_NA,2007,11,37.0
va_nominal_NA,2007,12,2.8999999999999986
va_nominal_NA,2007,13,7.0
va_nominal_NA,2007,14,4.800000000000001
va_nominal_NA,2007,15,4.799999999999999
va_nominal_NA,2007,16,4.699999999999999
va_nominal_NA,2007,17,2.3999999999999995
va_nominal_NA,2007,18,12.400000000000002
va_nominal_NA,2007,19,707.8999999999999
va_nominal_NA,2007,20,71.60000000000002
va_nominal_NA,2007,21,0.29999999999999993
va_nominal_NA,2007,22,10.400000000000002
va_nominal_NA,2007,23,98.30000000000001
va_nominal_NA,2007,24,106.60000000000002
va_nominal_NA,2007,25,37.300000000000004
va_nominal_NA,2007,26,7.699999999999999
va_nominal_NA,2007,27,10.599999999999998
va_nominal_NA,2007,28,13.799999999999997
va_nominal_NA,2007,29,9.900000000000002
va_nominal_NA,2007,30,6.700000000000001
va_nominal_NA,2007,31,3.1999999999999993
va_nominal_NA,2007,32,8.0
va_nominal_NA,2007,33,26.799999999999997
va_nominal_NA,2007,D,234.89999999999986
va_nominal_NA,2007,E,59.3
va_nominal_NA,2008,B,21164.5
va_nominal_NA,2008,06,20890.1
va_nominal_NA,2008,C,1888.7
va_nominal_NA,2008,10,238.6
va_nominal_NA,2008,11,41.0
va_nominal_NA,2008,12,2.3000000000000007
va_nominal_NA,2008,13,8.100000000000001
va_nominal_NA,2008,14,4.5
va_nominal_NA,2008,15,1.5999999999999996
va_nominal_NA,2008,16,3.5
va_nominal_NA,2008,17,3.3
va_nominal_NA,2008,18,17.4
va_nominal_NA,2008,19,1100.0
va_nominal_NA,2008,20,71.19999999999999
va_nominal_NA,2008,21,0.29999999999999993
va_nominal_NA,2008,22,13.099999999999994
va_nominal_NA,2008,23,96.0
va_nominal_NA,2008,24,97.69999999999999
va_nominal_NA,2008,25,59.900000000000006
va_nominal_NA,2008,26,9.100000000000001
va_nominal_NA,2008,27,14.600000000000001
va_nominal_NA,2008,28,25.099999999999994
va_nominal_NA,2008,29,10.0
va_nominal_NA,2008,30,6.699999999999999
va_nominal_NA,2008,31,5.799999999999997
va_nominal_NA,2008,32,8.1
va_nominal_NA,2008,33,50.79999999999998
va_nominal_NA,2008,D,438.0
va_nominal_NA,2008,E,82.8
va_nominal_NA,2009,B,15090.399999999998
va_nominal_NA,2009,06,14946.7
va_nominal_NA,2009,C,1967.2999999999997
va_nominal_NA,2009,10,445.5999999999999
va_nominal_NA,2009,11,61.999999999999986
va_nominal_NA,2009,12,2.3999999999999986
va_nominal_NA,2009,13,10.799999999999997
va_nominal_NA,2009,14,4.5
va_nominal_NA,2009,15,6.300000000000001
va_nominal_NA,2009,16,4.8
va_nominal_NA,2009,17,4.4
va_nominal_NA,2009,18,17.000000000000004
va_nominal_NA,2009,19,999.3
va_nominal_NA,2009,20,57.19999999999999
va_nominal_NA,2009,21,0.29999999999999993
va_nominal_NA,2009,22,17.599999999999994
va_nominal_NA,2009,23,97.10000000000002
va_nominal_NA,2009,24,33.4
va_nominal_NA,2009,25,38.800000000000004
va_nominal_NA,2009,26,14.500000000000004
va_nominal_NA,2009,27,12.199999999999996
va_nominal_NA,2009,28,36.60000000000001
va_nominal_NA,2009,29,0.4
va_nominal_NA,2009,30,16.5
va_nominal_NA,2009,31,8.800000000000004
va_nominal_NA,2009,32,5.5
va_nominal_NA,2009,33,71.30000000000001
va_nominal_NA,2009,D,386.7
va_nominal_NA,2009,E,65.8
va_nominal_NA,2010,B,19482.2
va_nominal_NA,2010,06,19236.3
va_nominal_NA,2010,C,2011.9
va_nominal_NA,2010,10,467.60000000000014
va_nominal_NA,2010,11,74.9
va_nominal_NA,2010,12,5.8
va_nominal_NA,2010,13,9.5
va_nominal_NA,2010,14,7.1
va_nominal_NA,2010,15,7.8
va_nominal_NA,2010,16,5.6
va_nominal_NA,2010,17,4.4
va_nominal_NA,2010,18,11.7
va_nominal_NA,2010,19,985.6
va_nominal_NA,2010,20,44.0
va_nominal_NA,2010,21,0.4
va_nominal_NA,2010,22,12.599999999999998
va_nominal_NA,2010,23,113.0
va_nominal_NA,2010,24,53.5
va_nominal_NA,2010,25,51.19999999999999
va_nominal_NA,2010,26,21.8
va_nominal_NA,2010,27,22.0
va_nominal_NA,2010,28,56.4
va_nominal_NA,2010,29,1.5
va_nominal_NA,2010,30,8.0
va_nominal_NA,2010,31,12.1
va_nominal_NA,2010,32,8.1
va_nominal_NA,2010,33,27.3
va_nominal_NA,2010,D,402.0
va_nominal_NA,2010,E,46.1
va_nominal_NA,2011,B,24980.0
va_nominal_NA,2011,06,24616.5
va_nominal_NA,2011,C,2077.2000000000003
va_nominal_NA,2011,10,526.1999999999998
va_nominal_NA,2011,11,65.2
va_nominal_NA,2011,12,5.199999999999999
va_nominal_NA,2011,13,26.299999999999997
va_nominal_NA,2011,14,5.899999999999999
va_nominal_NA,2011,15,5.5
va_nominal_NA,2011,16,3.700000000000001
va_nominal_NA,2011,17,6.399999999999999
va_nominal_NA,2011,18,19.9
va_nominal_NA,2011,19,916.6000000000001
va_nominal_NA,2011,20,78.8
va_nominal_NA,2011,21,0.5999999999999999
va_nominal_NA,2011,22,23.000000000000007
va_nominal_NA,2011,23,93.19999999999999
va_nominal_NA,2011,24,91.1
va_nominal_NA,2011,25,42.699999999999996
va_nominal_NA,2011,26,30.799999999999997
va_nominal_NA,2011,27,35.5
va_nominal_NA,2011,28,41.39999999999999
va_nominal_NA,2011,29,1.6999999999999997
va_nominal_NA,2011,30,7.6000000000000005
va_nominal_NA,2011,31,10.900000000000006
va_nominal_NA,2011,32,2.7
va_nominal_NA,2011,33,36.3
va_nominal_NA,2011,D,887.0
va_nominal_NA,2011,E,66.50000000000001
va_nominal_NA,2012,B,23570.1
va_nominal_NA,2012,06,23206.9
va_nominal_NA,2012,C,2321.8
va_nominal_NA,2012,10,600.0
va_nominal_NA,2012,11,69.6
va_nominal_NA,2012,12,4.400000000000002
va_nominal_NA,2012,13,29.400000000000002
va_nominal_NA,2012,14,5.700000000000003
va_nominal_NA,2012,15,8.3
va_nominal_NA,2012,16,3.1000000000000014
va_nominal_NA,2012,17,4.1
va_nominal_NA,2012,18,18.9
va_nominal_NA,2012,19,960.8
va_nominal_NA,2012,20,74.6
va_nominal_NA,2012,21,0.5
va_nominal_NA,2012,22,20.299999999999997
va_nominal_NA,2012,23,113.1
va_nominal_NA,2012,24,158.90000000000003
va_nominal_NA,2012,25,67.19999999999999
va_nominal_NA,2012,26,28.799999999999997
va_nominal_NA,2012,27,40.2
va_nominal_NA,2012,28,39.2
va_nominal_NA,2012,29,2.0
va_nominal_NA,2012,30,7.5
va_nominal_NA,2012,31,9.600000000000001
va_nominal_NA,2012,32,5.6
va_nominal_NA,2012,33,50.0
va_nominal_NA,2012,D,1082.1999999999998
va_nominal_NA,2012,E,66.29999999999998
va_nominal_NA,2013,B,22790.2
va_nominal_NA,2013,06,22419.5
va_nominal_NA,2013,C,2452.8
va_nominal_NA,2013,10,576.5
va_nominal_NA,2013,11,93.8
va_nominal_NA,2013,12,3.7
va_nominal_NA,2013,13,23.5
va_nominal_NA,2013,14,7.5
va_nominal_NA,2013,15,5.4
va_nominal_NA,2013,16,4.5
va_nominal_NA,2013,17,4.3
va_nominal_NA,2013,18,22.1
va_nominal_NA,2013,19,1027.6
va_nominal_NA,2013,20,70.5
va_nominal_NA,2013,21,1.1
va_nominal_NA,2013,22,17.0
va_nominal_NA,2013,23,156.0
va_nominal_NA,2013,24,135.8
va_nominal_NA,2013,25,38.4
va_nominal_NA,2013,26,45.8
va_nominal_NA,2013,27,41.6
va_nominal_NA,2013,28,73.6
va_nominal_NA,2013,29,1.9
va_nominal_NA,2013,30,8.2
va_nominal_NA,2013,31,12.5
va_nominal_NA,2013,32,5.4
va_nominal_NA,2013,33,76.1
va_nominal_NA,2013,D,1107.6
va_nominal_NA,2013,E,91.1
va_nominal_NA,2014,B,20222.3
va_nominal_NA,2014,06,19846.8
va_nominal_NA,2014,C,2777.8
va_nominal_NA,2014,10,596.4
va_nominal_NA,2014,11,104.39999999999999
va_nominal_NA,2014,12,7.100000000000001
va_nominal_NA,2014,13,22.200000000000003
va_nominal_NA,2014,14,10.399999999999999
va_nominal_NA,2014,15,5.000000000000002
va_nominal_NA,2014,16,5.699999999999999
va_nominal_NA,2014,17,6.100000000000001
va_nominal_NA,2014,18,15.7
va_nominal_NA,2014,19,1218.1
va_nominal_NA,2014,20,88.0
va_nominal_NA,2014,21,0.9000000000000001
va_nominal_NA,2014,22,16.200000000000003
va_nominal_NA,2014,23,201.10000000000002
va_nominal_NA,2014,24,124.29999999999998
va_nominal_NA,2014,25,49.099999999999994
va_nominal_NA,2014,26,28.200000000000003
va_nominal_NA,2014,27,37.000000000000014
va_nominal_NA,2014,28,102.89999999999998
va_nominal_NA,2014,29,1.5
va_nominal_NA,2014,30,8.8
va_nominal_NA,2014,31,12.000000000000004
va_nominal_NA,2014,32,3.5
va_nominal_NA,2014,33,113.19999999999999
va_nominal_NA,2014,D,1078.2
va_nominal_NA,2014,E,91.1
va_nominal_NA,2015,B,14370.2
va_nominal_NA,2015,06,13756.3
va_nominal_NA,2015,C,2714.0
va_nominal_NA,2015,10,584.3
va_nominal_NA,2015,11,88.8
va_nominal_NA,2015,12,8.0
va_nominal_NA,2015,13,13.5
va_nominal_NA,2015,14,10.0
va_nominal_NA,2015,15,3.2
va_nominal_NA,2015,16,4.9
va_nominal_NA,2015,17,7.0
va_nominal_NA,2015,18,17.5
va_nominal_NA,2015,19,1061.9
va_nominal_NA,2015,20,126.1
va_nominal_NA,2015,21,1.0
va_nominal_NA,2015,22,22.2
va_nominal_NA,2015,23,172.7
va_nominal_NA,2015,24,96.3
va_nominal_NA,2015,25,55.0
va_nominal_NA,2015,26,33.2
va_nominal_NA,2015,27,23.3
va_nominal_NA,2015,28,86.5
va_nominal_NA,2015,29,2.1
va_nominal_NA,2015,30,7.4
va_nominal_NA,2015,31,12.8
va_nominal_NA,2015,32,5.1
va_nominal_NA,2015,33,271.0
va_nominal_NA,2015,D,734.7
va_nominal_NA,2015,E,93.5
va_nominal_NA,2016,B,18557.0
va_nominal_NA,2016,06,17684.0
va_nominal_NA,2016,C,2956.4
va_nominal_NA,2016,10,626.2
va_nominal_NA,2016,11,100.4
va_nominal_NA,2016,12,12.1
va_nominal_NA,2016,13,42.0
va_nominal_NA,2016,14,16.7
va_nominal_NA,2016,15,3.6
va_nominal_NA,2016,16,16.5
va_nominal_NA,2016,17,13.4
va_nominal_NA,2016,18,27.7
va_nominal_NA,2016,19,1051.3
va_nominal_NA,2016,20,133.4
va_nominal_NA,2016,21,0.3
va_nominal_NA,2016,22,59.7
va_nominal_NA,2016,23,190.5
va_nominal_NA,2016,24,130.1
va_nominal_NA,2016,25,60.4
va_nominal_NA,2016,26,38.8
va_nominal_NA,2016,27,18.7
va_nominal_NA,2016,28,87.3
va_nominal_NA,2016,29,2.9
va_nominal_NA,2016,30,7.5
va_nominal_NA,2016,31,16.5
va_nominal_NA,2016,32,23.0
va_nominal_NA,2016,33,277.4
va_nominal_NA,2016,D,762.9
va_nominal_NA,2016,E,121.7
va_nominal_NA,2017,B,24039.4
va_nominal_NA,2017,06,22675.1
va_nominal_NA,2017,C,3305.5
va_nominal_NA,2017,10,689.7
va_nominal_NA,2017,11,118.1
va_nominal_NA,2017,12,11.4
va_nominal_NA,2017,13,82.7
va_nominal_NA,2017,14,19.3
va_nominal_NA,2017,15,4.8
va_nominal_NA,2017,16,17.5
va_nominal_NA,2017,17,16.1
va_nominal_NA,2017,18,30.9
va_nominal_NA,2017,19,1073.6
va_nominal_NA,2017,20,183.8
va_nominal_NA,2017,21,0.4
va_nominal_NA,2017,22,71.8
va_nominal_NA,2017,23,270.2
va_nominal_NA,2017,24,223.6
va_nominal_NA,2017,25,112.6
va_nominal_NA,2017,26,34.5
va_nominal_NA,2017,27,36.0
va_nominal_NA,2017,28,80.7
va_nominal_NA,2017,29,0.0
va_nominal_NA,2017,30,9.5
va_nominal_NA,2017,31,19.0
va_nominal_NA,2017,32,28.6
va_nominal_NA,2017,33,170.7
va_nominal_NA,2017,D,729.4
va_nominal_NA,2017,E,134.2
va_nominal_NA,2018,B,31041.4
va_nominal_NA,2018,06,29714.6
va_nominal_NA,2018,C,3700.1
va_nominal_NA,2018,10,668.6
va_nominal_NA,2018,11,133.6
va_nominal_NA,2018,12,16.7
va_nominal_NA,2018,13,114.0
va_nominal_NA,2018,14,19.4
va_nominal_NA,2018,15,6.9
va_nominal_NA,2018,16,17.3
va_nominal_NA,2018,17,17.1
va_nominal_NA,2018,18,52.2
va_nominal_NA,2018,19,1295.5
va_nominal_NA,2018,20,185.7
va_nominal_NA,2018,21,0.4
va_nominal_NA,2018,22,75.0
va_nominal_NA,2018,23,314.1
va_nominal_NA,2018,24,282.6
va_nominal_NA,2018,25,94.4
va_nominal_NA,2018,26,39.2
va_nominal_NA,2018,27,46.8
va_nominal_NA,2018,28,82.1
va_nominal_NA,2018,29,0.8
va_nominal_NA,2018,30,4.5
va_nominal_NA,2018,31,31.8
va_nominal_NA,2018,32,34.3
va_nominal_NA,2018,33,167.1
va_nominal_NA,2018,D,777.9
va_nominal_NA,2018,E,145.7
va_nominal_NA,2019,B,28846.8
va_nominal_NA,2019,06,27507.2
va_nominal_NA,2019,C,4097.8
va_nominal_NA,2019,10,797.4
va_nominal_NA,2019,11,195.8
va_nominal_NA,2019,12,72.8
va_nominal_NA,2019,13,138.5
va_nominal_NA,2019,14,21.0
va_nominal_NA,2019,15,5.8
va_nominal_NA,2019,16,18.9
va_nominal_NA,2019,17,23.9
va_nominal_NA,2019,18,43.2
va_nominal_NA,2019,19,1338.2
va_nominal_NA,2019,20,214.3
va_nominal_NA,2019,21,1.2
va_nominal_NA,2019,22,91.9
va_nominal_NA,2019,23,314.7
va_nominal_NA,2019,24,261.1
va_nominal_NA,2019,25,92.3
va_nominal_NA,2019,26,37.3
va_nominal_NA,2019,27,53.1
va_nominal_NA,2019,28,63.9
va_nominal_NA,2019,29,43.7
va_nominal_NA,2019,30,4.9
va_nominal_NA,2019,31,35.5
va_nominal_NA,2019,32,22.1
va_nominal_NA,2019,33,206.3
va_nominal_NA,2019,D,791.7
va_nominal_NA,2019,E,149.6
va_nominal_NA,2020,B,19248.2
va_nominal_NA,2020,06,17652.6
va_nominal_NA,2020,C,4428.4
va_nominal_NA,2020,10,1103.1
va_nominal_NA,2020,11,192.9
va_nominal_NA,2020,12,154.2
va_nominal_NA,2020,13,115.3
va_nominal_NA,2020,14,24.1
va_nominal_NA,2020,15,6.8
va_nominal_NA,2020,16,23.9
va_nominal_NA,2020,17,25.2
va_nominal_NA,2020,18,37.2
va_nominal_NA,2020,19,1347.3
va_nominal_NA,2020,20,238.4
va_nominal_NA,2020,21,2.4
va_nominal_NA,2020,22,93.7
va_nominal_NA,2020,23,319.9
va_nominal_NA,2020,24,256.9
va_nominal_NA,2020,25,96.9
va_nominal_NA,2020,26,32.2
va_nominal_NA,2020,27,62.7
va_nominal_NA,2020,28,74.4
va_nominal_NA,2020,29,33.2
va_nominal_NA,2020,30,4.0
va_nominal_NA,2020,31,34.4
va_nominal_NA,2020,32,21.8
va_nominal_NA,2020,33,127.5
va_nominal_NA,2020,D,890.2
va_nominal_NA,2020,E,165.8
va_nominal_NA,2021,B,32649.9
va_nominal_NA,2021,06,31195.3
va_nominal_NA,2021,C,5982.8
va_nominal_NA,2021,10,1051.0
va_nominal_NA,2021,11,209.2
va_nominal_NA,2021,12,271.1
va_nominal_NA,2021,13,160.4
va_nominal_NA,2021,14,28.4
va_nominal_NA,2021,15,6.2
va_nominal_NA,2021,16,22.2
va_nominal_NA,2021,17,32.0
va_nominal_NA,2021,18,38.5
va_nominal_NA,2021,19,2091.7
va_nominal_NA,2021,20,642.7
va_nominal_NA,2021,21,3.5
va_nominal_NA,2021,22,83.2
va_nominal_NA,2021,23,347.9
va_nominal_NA,2021,24,369.7
va_nominal_NA,2021,25,133.5
va_nominal_NA,2021,26,19.6
va_nominal_NA,2021,27,55.7
va_nominal_NA,2021,28,115.0
va_nominal_NA,2021,29,25.1
va_nominal_NA,2021,30,2.8
va_nominal_NA,2021,31,41.6
va_nominal_NA,2021,32,21.4
va_nominal_NA,2021,33,210.4
va_nominal_NA,2021,D,1092.7
va_nominal_NA,2021,E,231.2
va_nominal_NA,2022,B,60143.1
va_nominal_NA,2022,06,58722.7
va_nominal_NA,2022,C,7078.3
va_nominal_NA,2022,10,1148.0
va_nominal_NA,2022,11,229.5
va_nominal_NA,2022,12,330.2
va_nominal_NA,2022,13,177.2
va_nominal_NA,2022,14,37.5
va_nominal_NA,2022,15,6.8
va_nominal_NA,2022,16,25.6
va_nominal_NA,2022,17,39.8
va_nominal_NA,2022,18,39.5
va_nominal_NA,2022,19,2592.0
va_nominal_NA,2022,20,715.2
va_nominal_NA,2022,21,6.4
va_nominal_NA,2022,22,119.9
va_nominal_NA,2022,23,453.6
va_nominal_NA,2022,24,433.3
va_nominal_NA,2022,25,138.4
va_nominal_NA,2022,26,20.2
va_nominal_NA,2022,27,51.2
va_nominal_NA,2022,28,132.9
va_nominal_NA,2022,29,31.7
va_nominal_NA,2022,30,7.2
va_nominal_NA,2022,31,69.8
va_nominal_NA,2022,32,31.3
va_nominal_NA,2022,33,241.1
va_nominal_NA,2022,D,1271.1
va_nominal_NA,2022,E,240.1
va_nominal_NA,2023,B,40897.200000000004
va_nominal_NA,2023,06,39086.2
va_nominal_NA,2023,C,6321.0
va_nominal_NA,2023,10,1182.4000000000005
va_nominal_NA,2023,11,277.7
va_nominal_NA,2023,12,401.4
va_nominal_NA,2023,13,174.7
va_nominal_NA,2023,14,31.599999999999994
va_nominal_NA,2023,15,6.199999999999999
va_nominal_NA,2023,16,14.299999999999997
va_nominal_NA,2023,17,48.099999999999994
va_nominal_NA,2023,18,55.5
va_nominal_NA,2023,19,1639.8000000000002
va_nominal_NA,2023,20,626.2
va_nominal_NA,2023,21,8.3
va_nominal_NA,2023,22,170.10000000000002
va_nominal_NA,2023,23,430.5999999999999
va_nominal_NA,2023,24,397.4
va_nominal_NA,2023,25,119.69999999999999
va_nominal_NA,2023,26,26.4
va_nominal_NA,2023,27,67.5
va_nominal_NA,2023,28,213.5
va_nominal_NA,2023,29,46.099999999999994
va_nominal_NA,2023,30,4.8999999999999995
va_nominal_NA,2023,31,91.79999999999998
va_nominal_NA,2023,32,32.50000000000001
va_nominal_NA,2023,33,254.30000000000007
va_nominal_NA,2023,D,1320.2000000000003
va_nominal_NA,2023,E,271.29999999999995
va_nominal_NA,2024,B,36722.6
va_nominal_NA,2024,06,34808.8
va_nominal_NA,2024,C,7019.4
va_nominal_NA,2024,10,1327.8
va_nominal_NA,2024,11,318.6
va_nominal_NA,2024,12,431.6
va_nominal_NA,2024,13,165.9
va_nominal_NA,2024,14,42.9
va_nominal_NA,2024,15,11.5
va_nominal_NA,2024,16,11.1
va_nominal_NA,2024,17,73.2
va_nominal_NA,2024,18,66.9
va_nominal_NA,2024,19,1962.8
va_nominal_NA,2024,20,602.6
va_nominal_NA,2024,21,6.9
va_nominal_NA,2024,22,151.6
va_nominal_NA,2024,23,535.6
va_nominal_NA,2024,24,338.6
va_nominal_NA,2024,25,140.5
va_nominal_NA,2024,26,24.8
va_nominal_NA,2024,27,82.6
va_nominal_NA,2024,28,185.2
va_nominal_NA,2024,29,66.7
va_nominal_NA,2024,30,9.5
va_nominal_NA,2024,31,147.3
va_nominal_NA,2024,32,32.9
va_nominal_NA,2024,33,282.3
va_nominal_NA,2024,D,1356.2
va_nominal_NA,2024,E,302.1
va_nominal_NA,2025,B,33108.4
va_nominal_NA,2025,06,30992.0
va_nominal_NA,2025,C,7719.5
va_nominal_NA,2025,10,1413.0
va_nominal_NA,2025,11,346.4
va_nominal_NA,2025,12,455.8
va_nominal_NA,2025,13,198.0
va_nominal_NA,2025,14,52.6
va_nominal_NA,2025,15,8.5
va_nominal_NA,2025,16,13.9
va_nominal_NA,2025,17,85.6
va_nominal_NA,2025,18,66.9
va_nominal_NA,2025,19,2240.2
va_nominal_NA,2025,20,619.1
va_nominal_NA,2025,21,10.3
va_nominal_NA,2025,22,181.8
va_nominal_NA,2025,23,545.2
va_nominal_NA,2025,24,316.6
va_nominal_NA,2025,25,147.1
va_nominal_NA,2025,26,21.5
va_nominal_NA,2025,27,94.4
va_nominal_NA,2025,28,150.1
va_nominal_NA,2025,29,83.2
va_nominal_NA,2025,30,19.9
va_nominal_NA,2025,31,140.5
va_nominal_NA,2025,32,43.1
va_nominal_NA,2025,33,465.8
va_nominal_NA,2025,D,1455.7
va_nominal_NA,2025,E,301.7
