scenario,group,entity,key,year,metric,value
ACTUAL,1 Sectors (value added),"Agriculture, forestry & fishing",va_agr,2005,deflator,0.46893097808334117
ACTUAL,1 Sectors (value added),"Agriculture, forestry & fishing",va_agr,2006,deflator,0.5429618731216865
ACTUAL,1 Sectors (value added),"Agriculture, forestry & fishing",va_agr,2007,deflator,0.7465560814048023
ACTUAL,1 Sectors (value added),"Agriculture, forestry & fishing",va_agr,2008,deflator,0.8313323652937197
ACTUAL,1 Sectors (value added),"Agriculture, forestry & fishing",va_agr,2009,deflator,0.7794377939343211
ACTUAL,1 Sectors (value added),"Agriculture, forestry & fishing",va_agr,2010,deflator,0.8573427760623176
ACTUAL,1 Sectors (value added),"Agriculture, forestry & fishing",va_agr,2011,deflator,0.9136489916501759
ACTUAL,1 Sectors (value added),"Agriculture, forestry & fishing",va_agr,2012,deflator,0.91226423827857
ACTUAL,1 Sectors (value added),"Agriculture, forestry & fishing",va_agr,2013,deflator,0.965001727979043
ACTUAL,1 Sectors (value added),"Agriculture, forestry & fishing",va_agr,2014,deflator,0.9961561039502275
ACTUAL,1 Sectors (value added),"Agriculture, forestry & fishing",va_agr,2015,deflator,1.0
ACTUAL,1 Sectors (value added),"Agriculture, forestry & fishing",va_agr,2016,deflator,0.9826376503644795
ACTUAL,1 Sectors (value added),"Agriculture, forestry & fishing",va_agr,2017,deflator,1.0982065963677385
ACTUAL,1 Sectors (value added),"Agriculture, forestry & fishing",va_agr,2018,deflator,1.1113225341635093
ACTUAL,1 Sectors (value added),"Agriculture, forestry & fishing",va_agr,2019,deflator,1.1571292941703477
ACTUAL,1 Sectors (value added),"Agriculture, forestry & fishing",va_agr,2020,deflator,1.1907708720173171
ACTUAL,1 Sectors (value added),"Agriculture, forestry & fishing",va_agr,2021,deflator,1.257798712767374
ACTUAL,1 Sectors (value added),"Agriculture, forestry & fishing",va_agr,2022,deflator,1.4084288199966104
ACTUAL,1 Sectors (value added),"Agriculture, forestry & fishing",va_agr,2023,deflator,1.5015116548627043
ACTUAL,1 Sectors (value added),"Agriculture, forestry & fishing",va_agr,2024,deflator,1.5415169372542383
ACTUAL,1 Sectors (value added),"Agriculture, forestry & fishing",va_agr,2025,deflator,1.6544500975984655
ACTUAL,1 Sectors (value added),"Agriculture, forestry & fishing",va_agr,2006,deflator_growth_pct,15.787162396677523
ACTUAL,1 Sectors (value added),"Agriculture, forestry & fishing",va_agr,2007,deflator_growth_pct,37.49696219231347
ACTUAL,1 Sectors (value added),"Agriculture, forestry & fishing",va_agr,2008,deflator_growth_pct,11.355648423544128
ACTUAL,1 Sectors (value added),"Agriculture, forestry & fishing",va_agr,2009,deflator_growth_pct,-6.2423374243421375
ACTUAL,1 Sectors (value added),"Agriculture, forestry & fishing",va_agr,2010,deflator_growth_pct,9.995022403873977
ACTUAL,1 Sectors (value added),"Agriculture, forestry & fishing",va_agr,2011,deflator_growth_pct,6.567526683605673
ACTUAL,1 Sectors (value added),"Agriculture, forestry & fishing",va_agr,2012,deflator_growth_pct,-0.15156295078976312
ACTUAL,1 Sectors (value added),"Agriculture, forestry & fishing",va_agr,2013,deflator_growth_pct,5.780944542996447
ACTUAL,1 Sectors (value added),"Agriculture, forestry & fishing",va_agr,2014,deflator_growth_pct,3.228426962139186
ACTUAL,1 Sectors (value added),"Agriculture, forestry & fishing",va_agr,2015,deflator_growth_pct,0.3858728601400685
ACTUAL,1 Sectors (value added),"Agriculture, forestry & fishing",va_agr,2016,deflator_growth_pct,-1.7362349635520524
ACTUAL,1 Sectors (value added),"Agriculture, forestry & fishing",va_agr,2017,deflator_growth_pct,11.761094841052788
ACTUAL,1 Sectors (value added),"Agriculture, forestry & fishing",va_agr,2018,deflator_growth_pct,1.1943051370435276
ACTUAL,1 Sectors (value added),"Agriculture, forestry & fishing",va_agr,2019,deflator_growth_pct,4.121824096846649
ACTUAL,1 Sectors (value added),"Agriculture, forestry & fishing",va_agr,2020,deflator_growth_pct,2.907330928052443
ACTUAL,1 Sectors (value added),"Agriculture, forestry & fishing",va_agr,2021,deflator_growth_pct,5.628945276138908
ACTUAL,1 Sectors (value added),"Agriculture, forestry & fishing",va_agr,2022,deflator_growth_pct,11.97569258898541
ACTUAL,1 Sectors (value added),"Agriculture, forestry & fishing",va_agr,2023,deflator_growth_pct,6.608983964579629
ACTUAL,1 Sectors (value added),"Agriculture, forestry & fishing",va_agr,2024,deflator_growth_pct,2.6643337906818942
ACTUAL,1 Sectors (value added),"Agriculture, forestry & fishing",va_agr,2025,deflator_growth_pct,7.326105708924913
ACTUAL,1 Sectors (value added),"Agriculture, forestry & fishing",va_agr,2005,nominal,1137.9
ACTUAL,1 Sectors (value added),"Agriculture, forestry & fishing",va_agr,2006,nominal,1329.4
ACTUAL,1 Sectors (value added),"Agriculture, forestry & fishing",va_agr,2007,nominal,1901.0
ACTUAL,1 Sectors (value added),"Agriculture, forestry & fishing",va_agr,2008,nominal,2246.0
ACTUAL,1 Sectors (value added),"Agriculture, forestry & fishing",va_agr,2009,nominal,2179.5
ACTUAL,1 Sectors (value added),"Agriculture, forestry & fishing",va_agr,2010,nominal,2344.6
ACTUAL,1 Sectors (value added),"Agriculture, forestry & fishing",va_agr,2011,nominal,2643.5
ACTUAL,1 Sectors (value added),"Agriculture, forestry & fishing",va_agr,2012,nominal,2813.7
ACTUAL,1 Sectors (value added),"Agriculture, forestry & fishing",va_agr,2013,nominal,3122.2
ACTUAL,1 Sectors (value added),"Agriculture, forestry & fishing",va_agr,2014,nominal,3139.2
ACTUAL,1 Sectors (value added),"Agriculture, forestry & fishing",va_agr,2015,nominal,3359.3
ACTUAL,1 Sectors (value added),"Agriculture, forestry & fishing",va_agr,2016,nominal,3386.8
ACTUAL,1 Sectors (value added),"Agriculture, forestry & fishing",va_agr,2017,nominal,3944.1
ACTUAL,1 Sectors (value added),"Agriculture, forestry & fishing",va_agr,2018,nominal,4174.8
ACTUAL,1 Sectors (value added),"Agriculture, forestry & fishing",va_agr,2019,nominal,4664.2
ACTUAL,1 Sectors (value added),"Agriculture, forestry & fishing",va_agr,2020,nominal,4891.0
ACTUAL,1 Sectors (value added),"Agriculture, forestry & fishing",va_agr,2021,nominal,5336.8
ACTUAL,1 Sectors (value added),"Agriculture, forestry & fishing",va_agr,2022,nominal,6179.1
ACTUAL,1 Sectors (value added),"Agriculture, forestry & fishing",va_agr,2023,nominal,6785.1
ACTUAL,1 Sectors (value added),"Agriculture, forestry & fishing",va_agr,2024,nominal,7063.4
ACTUAL,1 Sectors (value added),"Agriculture, forestry & fishing",va_agr,2025,nominal,7649.1
ACTUAL,1 Sectors (value added),"Agriculture, forestry & fishing",va_agr,2006,nominal_growth_pct,16.82924685824765
ACTUAL,1 Sectors (value added),"Agriculture, forestry & fishing",va_agr,2007,nominal_growth_pct,42.996840680006
ACTUAL,1 Sectors (value added),"Agriculture, forestry & fishing",va_agr,2008,nominal_growth_pct,18.148342977380327
ACTUAL,1 Sectors (value added),"Agriculture, forestry & fishing",va_agr,2009,nominal_growth_pct,-2.960819234194123
ACTUAL,1 Sectors (value added),"Agriculture, forestry & fishing",va_agr,2010,nominal_growth_pct,7.575131910988753
ACTUAL,1 Sectors (value added),"Agriculture, forestry & fishing",va_agr,2011,nominal_growth_pct,12.748443231254814
ACTUAL,1 Sectors (value added),"Agriculture, forestry & fishing",va_agr,2012,nominal_growth_pct,6.4384338944581065
ACTUAL,1 Sectors (value added),"Agriculture, forestry & fishing",va_agr,2013,nominal_growth_pct,10.964210825603304
ACTUAL,1 Sectors (value added),"Agriculture, forestry & fishing",va_agr,2014,nominal_growth_pct,0.544487861123577
ACTUAL,1 Sectors (value added),"Agriculture, forestry & fishing",va_agr,2015,nominal_growth_pct,7.011340468909277
ACTUAL,1 Sectors (value added),"Agriculture, forestry & fishing",va_agr,2016,nominal_growth_pct,0.8186229273955847
ACTUAL,1 Sectors (value added),"Agriculture, forestry & fishing",va_agr,2017,nominal_growth_pct,16.45506082437698
ACTUAL,1 Sectors (value added),"Agriculture, forestry & fishing",va_agr,2018,nominal_growth_pct,5.84924317334754
ACTUAL,1 Sectors (value added),"Agriculture, forestry & fishing",va_agr,2019,nominal_growth_pct,11.722717255916448
ACTUAL,1 Sectors (value added),"Agriculture, forestry & fishing",va_agr,2020,nominal_growth_pct,4.862570215685436
ACTUAL,1 Sectors (value added),"Agriculture, forestry & fishing",va_agr,2021,nominal_growth_pct,9.114700470251492
ACTUAL,1 Sectors (value added),"Agriculture, forestry & fishing",va_agr,2022,nominal_growth_pct,15.782866137010942
ACTUAL,1 Sectors (value added),"Agriculture, forestry & fishing",va_agr,2023,nominal_growth_pct,9.807253483517009
ACTUAL,1 Sectors (value added),"Agriculture, forestry & fishing",va_agr,2024,nominal_growth_pct,4.101634463751447
ACTUAL,1 Sectors (value added),"Agriculture, forestry & fishing",va_agr,2025,nominal_growth_pct,8.292040660305243
ACTUAL,1 Sectors (value added),"Agriculture, forestry & fishing",va_agr,2005,real,2426.583128824059
ACTUAL,1 Sectors (value added),"Agriculture, forestry & fishing",va_agr,2006,real,2448.4223769834757
ACTUAL,1 Sectors (value added),"Agriculture, forestry & fishing",va_agr,2007,real,2546.359272062815
ACTUAL,1 Sectors (value added),"Agriculture, forestry & fishing",va_agr,2008,real,2701.6871876586465
ACTUAL,1 Sectors (value added),"Agriculture, forestry & fishing",va_agr,2009,real,2796.246239226699
ACTUAL,1 Sectors (value added),"Agriculture, forestry & fishing",va_agr,2010,real,2734.7288219637117
ACTUAL,1 Sectors (value added),"Agriculture, forestry & fishing",va_agr,2011,real,2893.343093637607
ACTUAL,1 Sectors (value added),"Agriculture, forestry & fishing",va_agr,2012,real,3084.3037378176887
ACTUAL,1 Sectors (value added),"Agriculture, forestry & fishing",va_agr,2013,real,3235.434620970756
ACTUAL,1 Sectors (value added),"Agriculture, forestry & fishing",va_agr,2014,real,3151.3133208255167
ACTUAL,1 Sectors (value added),"Agriculture, forestry & fishing",va_agr,2015,real,3359.3
ACTUAL,1 Sectors (value added),"Agriculture, forestry & fishing",va_agr,2016,real,3446.6418
ACTUAL,1 Sectors (value added),"Agriculture, forestry & fishing",va_agr,2017,real,3591.4007555999997
ACTUAL,1 Sectors (value added),"Agriculture, forestry & fishing",va_agr,2018,real,3756.6051903575994
ACTUAL,1 Sectors (value added),"Agriculture, forestry & fishing",va_agr,2019,real,4030.8373692537043
ACTUAL,1 Sectors (value added),"Agriculture, forestry & fishing",va_agr,2020,real,4107.423279269525
ACTUAL,1 Sectors (value added),"Agriculture, forestry & fishing",va_agr,2021,real,4242.968247485419
ACTUAL,1 Sectors (value added),"Agriculture, forestry & fishing",va_agr,2022,real,4387.229167899924
ACTUAL,1 Sectors (value added),"Agriculture, forestry & fishing",va_agr,2023,real,4518.846042936922
ACTUAL,1 Sectors (value added),"Agriculture, forestry & fishing",va_agr,2024,real,4582.1098875380385
ACTUAL,1 Sectors (value added),"Agriculture, forestry & fishing",va_agr,2025,real,4623.348876525882
ACTUAL,1 Sectors (value added),"Agriculture, forestry & fishing",va_agr,2006,real_growth_pct,0.9000000000000119
ACTUAL,1 Sectors (value added),"Agriculture, forestry & fishing",va_agr,2007,real_growth_pct,4.0000000000000036
ACTUAL,1 Sectors (value added),"Agriculture, forestry & fishing",va_agr,2008,real_growth_pct,6.099999999999994
ACTUAL,1 Sectors (value added),"Agriculture, forestry & fishing",va_agr,2009,real_growth_pct,3.499999999999992
ACTUAL,1 Sectors (value added),"Agriculture, forestry & fishing",va_agr,2010,real_growth_pct,-2.199999999999991
ACTUAL,1 Sectors (value added),"Agriculture, forestry & fishing",va_agr,2011,real_growth_pct,5.800000000000005
ACTUAL,1 Sectors (value added),"Agriculture, forestry & fishing",va_agr,2012,real_growth_pct,6.599999999999984
ACTUAL,1 Sectors (value added),"Agriculture, forestry & fishing",va_agr,2013,real_growth_pct,4.9000000000000155
ACTUAL,1 Sectors (value added),"Agriculture, forestry & fishing",va_agr,2014,real_growth_pct,-2.599999999999991
ACTUAL,1 Sectors (value added),"Agriculture, forestry & fishing",va_agr,2015,real_growth_pct,6.599999999999984
ACTUAL,1 Sectors (value added),"Agriculture, forestry & fishing",va_agr,2016,real_growth_pct,2.59999999999998
ACTUAL,1 Sectors (value added),"Agriculture, forestry & fishing",va_agr,2017,real_growth_pct,4.200000000000004
ACTUAL,1 Sectors (value added),"Agriculture, forestry & fishing",va_agr,2018,real_growth_pct,4.600000000000004
ACTUAL,1 Sectors (value added),"Agriculture, forestry & fishing",va_agr,2019,real_growth_pct,7.299999999999995
ACTUAL,1 Sectors (value added),"Agriculture, forestry & fishing",va_agr,2020,real_growth_pct,1.8999999999999906
ACTUAL,1 Sectors (value added),"Agriculture, forestry & fishing",va_agr,2021,real_growth_pct,3.299999999999992
ACTUAL,1 Sectors (value added),"Agriculture, forestry & fishing",va_agr,2022,real_growth_pct,3.400000000000003
ACTUAL,1 Sectors (value added),"Agriculture, forestry & fishing",va_agr,2023,real_growth_pct,3.0000000000000027
ACTUAL,1 Sectors (value added),"Agriculture, forestry & fishing",va_agr,2024,real_growth_pct,1.4000000000000012
ACTUAL,1 Sectors (value added),"Agriculture, forestry & fishing",va_agr,2025,real_growth_pct,0.9000000000000119
ACTUAL,1 Sectors (value added),Construction,va_con,2005,deflator,0.5493513670110846
ACTUAL,1 Sectors (value added),Construction,va_con,2006,deflator,0.6424137674783834
ACTUAL,1 Sectors (value added),Construction,va_con,2007,deflator,0.6945634841922269
ACTUAL,1 Sectors (value added),Construction,va_con,2008,deflator,0.783464915338255
ACTUAL,1 Sectors (value added),Construction,va_con,2009,deflator,0.7784741835738985
ACTUAL,1 Sectors (value added),Construction,va_con,2010,deflator,0.8564686285893717
ACTUAL,1 Sectors (value added),Construction,va_con,2011,deflator,0.8592407746287438
ACTUAL,1 Sectors (value added),Construction,va_con,2012,deflator,0.9685313591201786
ACTUAL,1 Sectors (value added),Construction,va_con,2013,deflator,0.9790584152011693
ACTUAL,1 Sectors (value added),Construction,va_con,2014,deflator,0.9932318486037387
ACTUAL,1 Sectors (value added),Construction,va_con,2015,deflator,1.0
ACTUAL,1 Sectors (value added),Construction,va_con,2016,deflator,1.2600651252640582
ACTUAL,1 Sectors (value added),Construction,va_con,2017,deflator,1.3392256069991857
ACTUAL,1 Sectors (value added),Construction,va_con,2018,deflator,1.3450668612300678
ACTUAL,1 Sectors (value added),Construction,va_con,2019,deflator,1.3648805911629616
ACTUAL,1 Sectors (value added),Construction,va_con,2020,deflator,1.38653453389964
ACTUAL,1 Sectors (value added),Construction,va_con,2021,deflator,1.365933902876071
ACTUAL,1 Sectors (value added),Construction,va_con,2022,deflator,1.412422851877074
ACTUAL,1 Sectors (value added),Construction,va_con,2023,deflator,1.449907989797925
ACTUAL,1 Sectors (value added),Construction,va_con,2024,deflator,1.4132716263393954
ACTUAL,1 Sectors (value added),Construction,va_con,2025,deflator,1.43730153537132
ACTUAL,1 Sectors (value added),Construction,va_con,2006,deflator_growth_pct,16.940414833885555
ACTUAL,1 Sectors (value added),Construction,va_con,2007,deflator_growth_pct,8.117776945930455
ACTUAL,1 Sectors (value added),Construction,va_con,2008,deflator_growth_pct,12.799612010904937
ACTUAL,1 Sectors (value added),Construction,va_con,2009,deflator_growth_pct,-0.6370076906636934
ACTUAL,1 Sectors (value added),Construction,va_con,2010,deflator_growth_pct,10.0188865168795
ACTUAL,1 Sectors (value added),Construction,va_con,2011,deflator_growth_pct,0.32367163803044274
ACTUAL,1 Sectors (value added),Construction,va_con,2012,deflator_growth_pct,12.719436474445311
ACTUAL,1 Sectors (value added),Construction,va_con,2013,deflator_growth_pct,1.086909162193117
ACTUAL,1 Sectors (value added),Construction,va_con,2014,deflator_growth_pct,1.4476596270976527
ACTUAL,1 Sectors (value added),Construction,va_con,2015,deflator_growth_pct,0.6814271416865969
ACTUAL,1 Sectors (value added),Construction,va_con,2016,deflator_growth_pct,26.00651252640582
ACTUAL,1 Sectors (value added),Construction,va_con,2017,deflator_growth_pct,6.282253206439514
ACTUAL,1 Sectors (value added),Construction,va_con,2018,deflator_growth_pct,0.43616655777443114
ACTUAL,1 Sectors (value added),Construction,va_con,2019,deflator_growth_pct,1.4730665444224966
ACTUAL,1 Sectors (value added),Construction,va_con,2020,deflator_growth_pct,1.5865082174132183
ACTUAL,1 Sectors (value added),Construction,va_con,2021,deflator_growth_pct,-1.4857640051437748
ACTUAL,1 Sectors (value added),Construction,va_con,2022,deflator_growth_pct,3.4034552406318586
ACTUAL,1 Sectors (value added),Construction,va_con,2023,deflator_growth_pct,2.653960028403257
ACTUAL,1 Sectors (value added),Construction,va_con,2024,deflator_growth_pct,-2.5268060950292215
ACTUAL,1 Sectors (value added),Construction,va_con,2025,deflator_growth_pct,1.700303648928836
ACTUAL,1 Sectors (value added),Construction,va_con,2005,nominal,1126.8
ACTUAL,1 Sectors (value added),Construction,va_con,2006,nominal,1445.5
ACTUAL,1 Sectors (value added),Construction,va_con,2007,nominal,1825.4
ACTUAL,1 Sectors (value added),Construction,va_con,2008,nominal,2800.3
ACTUAL,1 Sectors (value added),Construction,va_con,2009,nominal,2554.3
ACTUAL,1 Sectors (value added),Construction,va_con,2010,nominal,3439.7
ACTUAL,1 Sectors (value added),Construction,va_con,2011,nominal,4141.0
ACTUAL,1 Sectors (value added),Construction,va_con,2012,nominal,5507.9
ACTUAL,1 Sectors (value added),Construction,va_con,2013,nominal,6753.7
ACTUAL,1 Sectors (value added),Construction,va_con,2014,nominal,7454.4
ACTUAL,1 Sectors (value added),Construction,va_con,2015,nominal,6499.5
ACTUAL,1 Sectors (value added),Construction,va_con,2016,nominal,6338.900000000001
ACTUAL,1 Sectors (value added),Construction,va_con,2017,nominal,6750.6
ACTUAL,1 Sectors (value added),Construction,va_con,2018,nominal,6183.4
ACTUAL,1 Sectors (value added),Construction,va_con,2019,nominal,6098.8
ACTUAL,1 Sectors (value added),Construction,va_con,2020,nominal,5718.5
ACTUAL,1 Sectors (value added),Construction,va_con,2021,nominal,5543.4
ACTUAL,1 Sectors (value added),Construction,va_con,2022,nominal,6488.699999999999
ACTUAL,1 Sectors (value added),Construction,va_con,2023,nominal,7633.4
ACTUAL,1 Sectors (value added),Construction,va_con,2024,nominal,8318.5
ACTUAL,1 Sectors (value added),Construction,va_con,2025,nominal,8426.1
ACTUAL,1 Sectors (value added),Construction,va_con,2006,nominal_growth_pct,28.28363507277245
ACTUAL,1 Sectors (value added),Construction,va_con,2007,nominal_growth_pct,26.28156347284678
ACTUAL,1 Sectors (value added),Construction,va_con,2008,nominal_growth_pct,53.40747233483072
ACTUAL,1 Sectors (value added),Construction,va_con,2009,nominal_growth_pct,-8.784773060029282
ACTUAL,1 Sectors (value added),Construction,va_con,2010,nominal_growth_pct,34.66311709666052
ACTUAL,1 Sectors (value added),Construction,va_con,2011,nominal_growth_pct,20.388405965636537
ACTUAL,1 Sectors (value added),Construction,va_con,2012,nominal_growth_pct,33.00893503984543
ACTUAL,1 Sectors (value added),Construction,va_con,2013,nominal_growth_pct,22.618420813740258
ACTUAL,1 Sectors (value added),Construction,va_con,2014,nominal_growth_pct,10.375053674282242
ACTUAL,1 Sectors (value added),Construction,va_con,2015,nominal_growth_pct,-12.809884095299417
ACTUAL,1 Sectors (value added),Construction,va_con,2016,nominal_growth_pct,-2.4709593045618816
ACTUAL,1 Sectors (value added),Construction,va_con,2017,nominal_growth_pct,6.494817712852385
ACTUAL,1 Sectors (value added),Construction,va_con,2018,nominal_growth_pct,-8.402216099309701
ACTUAL,1 Sectors (value added),Construction,va_con,2019,nominal_growth_pct,-1.3681793188213498
ACTUAL,1 Sectors (value added),Construction,va_con,2020,nominal_growth_pct,-6.235652915327606
ACTUAL,1 Sectors (value added),Construction,va_con,2021,nominal_growth_pct,-3.0619917810614683
ACTUAL,1 Sectors (value added),Construction,va_con,2022,nominal_growth_pct,17.052711332395276
ACTUAL,1 Sectors (value added),Construction,va_con,2023,nominal_growth_pct,17.64143819255013
ACTUAL,1 Sectors (value added),Construction,va_con,2024,nominal_growth_pct,8.975030785757344
ACTUAL,1 Sectors (value added),Construction,va_con,2025,nominal_growth_pct,1.293502434333127
ACTUAL,1 Sectors (value added),Construction,va_con,2005,real,2051.1462565947595
ACTUAL,1 Sectors (value added),Construction,va_con,2006,real,2250.1074434844513
ACTUAL,1 Sectors (value added),Construction,va_con,2007,real,2628.125493989839
ACTUAL,1 Sectors (value added),Construction,va_con,2008,real,3574.250671826181
ACTUAL,1 Sectors (value added),Construction,va_con,2009,real,3281.162116736434
ACTUAL,1 Sectors (value added),Construction,va_con,2010,real,4016.1424308853952
ACTUAL,1 Sectors (value added),Construction,va_con,2011,real,4819.370917062474
ACTUAL,1 Sectors (value added),Construction,va_con,2012,real,5686.857682133719
ACTUAL,1 Sectors (value added),Construction,va_con,2013,real,6898.158368428202
ACTUAL,1 Sectors (value added),Construction,va_con,2014,real,7505.196304849885
ACTUAL,1 Sectors (value added),Construction,va_con,2015,real,6499.5
ACTUAL,1 Sectors (value added),Construction,va_con,2016,real,5030.613
ACTUAL,1 Sectors (value added),Construction,va_con,2017,real,5040.674226
ACTUAL,1 Sectors (value added),Construction,va_con,2018,real,4597.0948941120005
ACTUAL,1 Sectors (value added),Construction,va_con,2019,real,4468.3762370768645
ACTUAL,1 Sectors (value added),Construction,va_con,2020,real,4124.3112668219455
ACTUAL,1 Sectors (value added),Construction,va_con,2021,real,4058.3222865527946
ACTUAL,1 Sectors (value added),Construction,va_con,2022,real,4594.020828377764
ACTUAL,1 Sectors (value added),Construction,va_con,2023,real,5264.747869320917
ACTUAL,1 Sectors (value added),Construction,va_con,2024,real,5885.988117900785
ACTUAL,1 Sectors (value added),Construction,va_con,2025,real,5862.444165429182
ACTUAL,1 Sectors (value added),Construction,va_con,2006,real_growth_pct,9.699999999999998
ACTUAL,1 Sectors (value added),Construction,va_con,2007,real_growth_pct,16.799999999999994
ACTUAL,1 Sectors (value added),Construction,va_con,2008,real_growth_pct,36.00000000000001
ACTUAL,1 Sectors (value added),Construction,va_con,2009,real_growth_pct,-8.200000000000006
ACTUAL,1 Sectors (value added),Construction,va_con,2010,real_growth_pct,22.4
ACTUAL,1 Sectors (value added),Construction,va_con,2011,real_growth_pct,19.999999999999996
ACTUAL,1 Sectors (value added),Construction,va_con,2012,real_growth_pct,17.999999999999993
ACTUAL,1 Sectors (value added),Construction,va_con,2013,real_growth_pct,21.300000000000008
ACTUAL,1 Sectors (value added),Construction,va_con,2014,real_growth_pct,8.800000000000008
ACTUAL,1 Sectors (value added),Construction,va_con,2015,real_growth_pct,-13.4
ACTUAL,1 Sectors (value added),Construction,va_con,2016,real_growth_pct,-22.599999999999998
ACTUAL,1 Sectors (value added),Construction,va_con,2017,real_growth_pct,0.20000000000000018
ACTUAL,1 Sectors (value added),Construction,va_con,2018,real_growth_pct,-8.799999999999997
ACTUAL,1 Sectors (value added),Construction,va_con,2019,real_growth_pct,-2.8000000000000025
ACTUAL,1 Sectors (value added),Construction,va_con,2020,real_growth_pct,-7.700000000000006
ACTUAL,1 Sectors (value added),Construction,va_con,2021,real_growth_pct,-1.5999999999999903
ACTUAL,1 Sectors (value added),Construction,va_con,2022,real_growth_pct,13.200000000000012
ACTUAL,1 Sectors (value added),Construction,va_con,2023,real_growth_pct,14.59999999999999
ACTUAL,1 Sectors (value added),Construction,va_con,2024,real_growth_pct,11.800000000000011
ACTUAL,1 Sectors (value added),Construction,va_con,2025,real_growth_pct,-0.40000000000000036
ACTUAL,1 Sectors (value added),"Electricity, gas & steam",va_elc,2005,deflator,0.1497627833290131
ACTUAL,1 Sectors (value added),"Electricity, gas & steam",va_elc,2006,deflator,0.18131003629878203
ACTUAL,1 Sectors (value added),"Electricity, gas & steam",va_elc,2007,deflator,0.44065754023350034
ACTUAL,1 Sectors (value added),"Electricity, gas & steam",va_elc,2008,deflator,0.7629157772831805
ACTUAL,1 Sectors (value added),"Electricity, gas & steam",va_elc,2009,deflator,0.7551127502595518
ACTUAL,1 Sectors (value added),"Electricity, gas & steam",va_elc,2010,deflator,0.739161210056263
ACTUAL,1 Sectors (value added),"Electricity, gas & steam",va_elc,2011,deflator,1.467988574946835
ACTUAL,1 Sectors (value added),"Electricity, gas & steam",va_elc,2012,deflator,1.6048793563413637
ACTUAL,1 Sectors (value added),"Electricity, gas & steam",va_elc,2013,deflator,1.5916153205389951
ACTUAL,1 Sectors (value added),"Electricity, gas & steam",va_elc,2014,deflator,1.4616676194365046
ACTUAL,1 Sectors (value added),"Electricity, gas & steam",va_elc,2015,deflator,1.0
ACTUAL,1 Sectors (value added),"Electricity, gas & steam",va_elc,2016,deflator,1.0436010185677262
ACTUAL,1 Sectors (value added),"Electricity, gas & steam",va_elc,2017,deflator,1.024409698622838
ACTUAL,1 Sectors (value added),"Electricity, gas & steam",va_elc,2018,deflator,1.0210521316441188
ACTUAL,1 Sectors (value added),"Electricity, gas & steam",va_elc,2019,deflator,1.0040247993609066
ACTUAL,1 Sectors (value added),"Electricity, gas & steam",va_elc,2020,deflator,1.123324738428709
ACTUAL,1 Sectors (value added),"Electricity, gas & steam",va_elc,2021,deflator,1.2838503239297283
ACTUAL,1 Sectors (value added),"Electricity, gas & steam",va_elc,2022,deflator,1.448553385142115
ACTUAL,1 Sectors (value added),"Electricity, gas & steam",va_elc,2023,deflator,1.4896119281300912
ACTUAL,1 Sectors (value added),"Electricity, gas & steam",va_elc,2024,deflator,1.5106037645819703
ACTUAL,1 Sectors (value added),"Electricity, gas & steam",va_elc,2025,deflator,1.6591559513241523
ACTUAL,1 Sectors (value added),"Electricity, gas & steam",va_elc,2006,deflator_growth_pct,21.064814814814792
ACTUAL,1 Sectors (value added),"Electricity, gas & steam",va_elc,2007,deflator_growth_pct,143.04089791661494
ACTUAL,1 Sectors (value added),"Electricity, gas & steam",va_elc,2008,deflator_growth_pct,73.13122042094604
ACTUAL,1 Sectors (value added),"Electricity, gas & steam",va_elc,2009,deflator_growth_pct,-1.0227900976718551
ACTUAL,1 Sectors (value added),"Electricity, gas & steam",va_elc,2010,deflator_growth_pct,-2.112471309457542
ACTUAL,1 Sectors (value added),"Electricity, gas & steam",va_elc,2011,deflator_growth_pct,98.60194974721355
ACTUAL,1 Sectors (value added),"Electricity, gas & steam",va_elc,2012,deflator_growth_pct,9.3250576830604
ACTUAL,1 Sectors (value added),"Electricity, gas & steam",va_elc,2013,deflator_growth_pct,-0.8264818006386787
ACTUAL,1 Sectors (value added),"Electricity, gas & steam",va_elc,2014,deflator_growth_pct,-8.164516854391934
ACTUAL,1 Sectors (value added),"Electricity, gas & steam",va_elc,2015,deflator_growth_pct,-31.58499328421085
ACTUAL,1 Sectors (value added),"Electricity, gas & steam",va_elc,2016,deflator_growth_pct,4.360101856772625
ACTUAL,1 Sectors (value added),"Electricity, gas & steam",va_elc,2017,deflator_growth_pct,-1.8389518219546375
ACTUAL,1 Sectors (value added),"Electricity, gas & steam",va_elc,2018,deflator_growth_pct,-0.3277562661924138
ACTUAL,1 Sectors (value added),"Electricity, gas & steam",va_elc,2019,deflator_growth_pct,-1.6676261432209571
ACTUAL,1 Sectors (value added),"Electricity, gas & steam",va_elc,2020,deflator_growth_pct,11.88217055432701
ACTUAL,1 Sectors (value added),"Electricity, gas & steam",va_elc,2021,deflator_growth_pct,14.290220806991227
ACTUAL,1 Sectors (value added),"Electricity, gas & steam",va_elc,2022,deflator_growth_pct,12.828836675310274
ACTUAL,1 Sectors (value added),"Electricity, gas & steam",va_elc,2023,deflator_growth_pct,2.8344514885758176
ACTUAL,1 Sectors (value added),"Electricity, gas & steam",va_elc,2024,deflator_growth_pct,1.4092151153911603
ACTUAL,1 Sectors (value added),"Electricity, gas & steam",va_elc,2025,deflator_growth_pct,9.833961110463063
ACTUAL,1 Sectors (value added),"Electricity, gas & steam",va_elc,2005,nominal,80.0
ACTUAL,1 Sectors (value added),"Electricity, gas & steam",va_elc,2006,nominal,104.59999999999998
ACTUAL,1 Sectors (value added),"Electricity, gas & steam",va_elc,2007,nominal,234.9
ACTUAL,1 Sectors (value added),"Electricity, gas & steam",va_elc,2008,nominal,438.0
ACTUAL,1 Sectors (value added),"Electricity, gas & steam",va_elc,2009,nominal,386.7
ACTUAL,1 Sectors (value added),"Electricity, gas & steam",va_elc,2010,nominal,402.0
ACTUAL,1 Sectors (value added),"Electricity, gas & steam",va_elc,2011,nominal,887.0
ACTUAL,1 Sectors (value added),"Electricity, gas & steam",va_elc,2012,nominal,1082.2
ACTUAL,1 Sectors (value added),"Electricity, gas & steam",va_elc,2013,nominal,1107.6
ACTUAL,1 Sectors (value added),"Electricity, gas & steam",va_elc,2014,nominal,1078.2
ACTUAL,1 Sectors (value added),"Electricity, gas & steam",va_elc,2015,nominal,734.7
ACTUAL,1 Sectors (value added),"Electricity, gas & steam",va_elc,2016,nominal,762.9
ACTUAL,1 Sectors (value added),"Electricity, gas & steam",va_elc,2017,nominal,729.4
ACTUAL,1 Sectors (value added),"Electricity, gas & steam",va_elc,2018,nominal,777.9000000000001
ACTUAL,1 Sectors (value added),"Electricity, gas & steam",va_elc,2019,nominal,791.7000000000002
ACTUAL,1 Sectors (value added),"Electricity, gas & steam",va_elc,2020,nominal,890.2000000000002
ACTUAL,1 Sectors (value added),"Electricity, gas & steam",va_elc,2021,nominal,1092.7
ACTUAL,1 Sectors (value added),"Electricity, gas & steam",va_elc,2022,nominal,1271.1
ACTUAL,1 Sectors (value added),"Electricity, gas & steam",va_elc,2023,nominal,1320.2
ACTUAL,1 Sectors (value added),"Electricity, gas & steam",va_elc,2024,nominal,1321.4
ACTUAL,1 Sectors (value added),"Electricity, gas & steam",va_elc,2025,nominal,1455.7
ACTUAL,1 Sectors (value added),"Electricity, gas & steam",va_elc,2006,nominal_growth_pct,30.749999999999964
ACTUAL,1 Sectors (value added),"Electricity, gas & steam",va_elc,2007,nominal_growth_pct,124.56978967495225
ACTUAL,1 Sectors (value added),"Electricity, gas & steam",va_elc,2008,nominal_growth_pct,86.46232439335888
ACTUAL,1 Sectors (value added),"Electricity, gas & steam",va_elc,2009,nominal_growth_pct,-11.712328767123292
ACTUAL,1 Sectors (value added),"Electricity, gas & steam",va_elc,2010,nominal_growth_pct,3.9565554693560934
ACTUAL,1 Sectors (value added),"Electricity, gas & steam",va_elc,2011,nominal_growth_pct,120.64676616915423
ACTUAL,1 Sectors (value added),"Electricity, gas & steam",va_elc,2012,nominal_growth_pct,22.006764374295386
ACTUAL,1 Sectors (value added),"Electricity, gas & steam",va_elc,2013,nominal_growth_pct,2.3470707817408787
ACTUAL,1 Sectors (value added),"Electricity, gas & steam",va_elc,2014,nominal_growth_pct,-2.654387865655461
ACTUAL,1 Sectors (value added),"Electricity, gas & steam",va_elc,2015,nominal_growth_pct,-31.858653311074015
ACTUAL,1 Sectors (value added),"Electricity, gas & steam",va_elc,2016,nominal_growth_pct,3.8383013474887706
ACTUAL,1 Sectors (value added),"Electricity, gas & steam",va_elc,2017,nominal_growth_pct,-4.391139074583828
ACTUAL,1 Sectors (value added),"Electricity, gas & steam",va_elc,2018,nominal_growth_pct,6.64930079517414
ACTUAL,1 Sectors (value added),"Electricity, gas & steam",va_elc,2019,nominal_growth_pct,1.774006941766304
ACTUAL,1 Sectors (value added),"Electricity, gas & steam",va_elc,2020,nominal_growth_pct,12.441581407098656
ACTUAL,1 Sectors (value added),"Electricity, gas & steam",va_elc,2021,nominal_growth_pct,22.74769714670859
ACTUAL,1 Sectors (value added),"Electricity, gas & steam",va_elc,2022,nominal_growth_pct,16.326530612244895
ACTUAL,1 Sectors (value added),"Electricity, gas & steam",va_elc,2023,nominal_growth_pct,3.862796003461577
ACTUAL,1 Sectors (value added),"Electricity, gas & steam",va_elc,2024,nominal_growth_pct,0.09089531889108216
ACTUAL,1 Sectors (value added),"Electricity, gas & steam",va_elc,2025,nominal_growth_pct,10.163462993794447
ACTUAL,1 Sectors (value added),"Electricity, gas & steam",va_elc,2005,real,534.1781063473453
ACTUAL,1 Sectors (value added),"Electricity, gas & steam",va_elc,2006,real,576.912354855133
ACTUAL,1 Sectors (value added),"Electricity, gas & steam",va_elc,2007,real,533.0670158861429
ACTUAL,1 Sectors (value added),"Electricity, gas & steam",va_elc,2008,real,574.1131761093759
ACTUAL,1 Sectors (value added),"Electricity, gas & steam",va_elc,2009,real,512.1089530895633
ACTUAL,1 Sectors (value added),"Electricity, gas & steam",va_elc,2010,real,543.8597081811163
ACTUAL,1 Sectors (value added),"Electricity, gas & steam",va_elc,2011,real,604.2281357892201
ACTUAL,1 Sectors (value added),"Electricity, gas & steam",va_elc,2012,real,674.3185995407696
ACTUAL,1 Sectors (value added),"Electricity, gas & steam",va_elc,2013,real,695.8967947260742
ACTUAL,1 Sectors (value added),"Electricity, gas & steam",va_elc,2014,real,737.6506024096386
ACTUAL,1 Sectors (value added),"Electricity, gas & steam",va_elc,2015,real,734.7
ACTUAL,1 Sectors (value added),"Electricity, gas & steam",va_elc,2016,real,731.0265
ACTUAL,1 Sectors (value added),"Electricity, gas & steam",va_elc,2017,real,712.019811
ACTUAL,1 Sectors (value added),"Electricity, gas & steam",va_elc,2018,real,761.86119777
ACTUAL,1 Sectors (value added),"Electricity, gas & steam",va_elc,2019,real,788.5263396919499
ACTUAL,1 Sectors (value added),"Electricity, gas & steam",va_elc,2020,real,792.4689713904097
ACTUAL,1 Sectors (value added),"Electricity, gas & steam",va_elc,2021,real,851.1116752733001
ACTUAL,1 Sectors (value added),"Electricity, gas & steam",va_elc,2022,real,877.4961372067723
ACTUAL,1 Sectors (value added),"Electricity, gas & steam",va_elc,2023,real,886.27109857884
ACTUAL,1 Sectors (value added),"Electricity, gas & steam",va_elc,2024,real,874.7495742973151
ACTUAL,1 Sectors (value added),"Electricity, gas & steam",va_elc,2025,real,877.373823020207
ACTUAL,1 Sectors (value added),"Electricity, gas & steam",va_elc,2006,real_growth_pct,8.000000000000007
ACTUAL,1 Sectors (value added),"Electricity, gas & steam",va_elc,2007,real_growth_pct,-7.599999999999996
ACTUAL,1 Sectors (value added),"Electricity, gas & steam",va_elc,2008,real_growth_pct,7.699999999999996
ACTUAL,1 Sectors (value added),"Electricity, gas & steam",va_elc,2009,real_growth_pct,-10.799999999999999
ACTUAL,1 Sectors (value added),"Electricity, gas & steam",va_elc,2010,real_growth_pct,6.2000000000000055
ACTUAL,1 Sectors (value added),"Electricity, gas & steam",va_elc,2011,real_growth_pct,11.099999999999998
ACTUAL,1 Sectors (value added),"Electricity, gas & steam",va_elc,2012,real_growth_pct,11.599999999999987
ACTUAL,1 Sectors (value added),"Electricity, gas & steam",va_elc,2013,real_growth_pct,3.200000000000003
ACTUAL,1 Sectors (value added),"Electricity, gas & steam",va_elc,2014,real_growth_pct,6.000000000000005
ACTUAL,1 Sectors (value added),"Electricity, gas & steam",va_elc,2015,real_growth_pct,-0.40000000000000036
ACTUAL,1 Sectors (value added),"Electricity, gas & steam",va_elc,2016,real_growth_pct,-0.5000000000000004
ACTUAL,1 Sectors (value added),"Electricity, gas & steam",va_elc,2017,real_growth_pct,-2.6000000000000023
ACTUAL,1 Sectors (value added),"Electricity, gas & steam",va_elc,2018,real_growth_pct,7.000000000000006
ACTUAL,1 Sectors (value added),"Electricity, gas & steam",va_elc,2019,real_growth_pct,3.499999999999992
ACTUAL,1 Sectors (value added),"Electricity, gas & steam",va_elc,2020,real_growth_pct,0.5000000000000115
ACTUAL,1 Sectors (value added),"Electricity, gas & steam",va_elc,2021,real_growth_pct,7.400000000000007
ACTUAL,1 Sectors (value added),"Electricity, gas & steam",va_elc,2022,real_growth_pct,3.0999999999999917
ACTUAL,1 Sectors (value added),"Electricity, gas & steam",va_elc,2023,real_growth_pct,1.0000000000000009
ACTUAL,1 Sectors (value added),"Electricity, gas & steam",va_elc,2024,real_growth_pct,-1.29999999999999
ACTUAL,1 Sectors (value added),"Electricity, gas & steam",va_elc,2025,real_growth_pct,0.29999999999998916
ACTUAL,1 Sectors (value added),Information & communication,va_ict,2005,deflator,1.3443558294180884
ACTUAL,1 Sectors (value added),Information & communication,va_ict,2006,deflator,1.4941267712755395
ACTUAL,1 Sectors (value added),Information & communication,va_ict,2007,deflator,1.4597683941142614
ACTUAL,1 Sectors (value added),Information & communication,va_ict,2008,deflator,1.491114517862301
ACTUAL,1 Sectors (value added),Information & communication,va_ict,2009,deflator,1.422227042567949
ACTUAL,1 Sectors (value added),Information & communication,va_ict,2010,deflator,1.2832642444942497
ACTUAL,1 Sectors (value added),Information & communication,va_ict,2011,deflator,1.2019063903785856
ACTUAL,1 Sectors (value added),Information & communication,va_ict,2012,deflator,1.182395673244093
ACTUAL,1 Sectors (value added),Information & communication,va_ict,2013,deflator,1.1436023620483589
ACTUAL,1 Sectors (value added),Information & communication,va_ict,2014,deflator,1.051504275075848
ACTUAL,1 Sectors (value added),Information & communication,va_ict,2015,deflator,1.0
ACTUAL,1 Sectors (value added),Information & communication,va_ict,2016,deflator,0.9291180649054958
ACTUAL,1 Sectors (value added),Information & communication,va_ict,2017,deflator,0.9423516808970018
ACTUAL,1 Sectors (value added),Information & communication,va_ict,2018,deflator,0.9417425078575846
ACTUAL,1 Sectors (value added),Information & communication,va_ict,2019,deflator,0.9423751961090682
ACTUAL,1 Sectors (value added),Information & communication,va_ict,2020,deflator,0.9771257424997677
ACTUAL,1 Sectors (value added),Information & communication,va_ict,2021,deflator,0.9812577561836131
ACTUAL,1 Sectors (value added),Information & communication,va_ict,2022,deflator,0.9566957386664207
ACTUAL,1 Sectors (value added),Information & communication,va_ict,2023,deflator,0.9500522744938147
ACTUAL,1 Sectors (value added),Information & communication,va_ict,2024,deflator,0.9580663482980081
ACTUAL,1 Sectors (value added),Information & communication,va_ict,2025,deflator,0.9628960191011524
ACTUAL,1 Sectors (value added),Information & communication,va_ict,2006,deflator_growth_pct,11.140721718168933
ACTUAL,1 Sectors (value added),Information & communication,va_ict,2007,deflator_growth_pct,-2.2995623813062527
ACTUAL,1 Sectors (value added),Information & communication,va_ict,2008,deflator_growth_pct,2.1473354180311155
ACTUAL,1 Sectors (value added),Information & communication,va_ict,2009,deflator_growth_pct,-4.619864837283649
ACTUAL,1 Sectors (value added),Information & communication,va_ict,2010,deflator_growth_pct,-9.770788623368498
ACTUAL,1 Sectors (value added),Information & communication,va_ict,2011,deflator_growth_pct,-6.3399143601735926
ACTUAL,1 Sectors (value added),Information & communication,va_ict,2012,deflator_growth_pct,-1.6233142023936664
ACTUAL,1 Sectors (value added),Information & communication,va_ict,2013,deflator_growth_pct,-3.280907742946859
ACTUAL,1 Sectors (value added),Information & communication,va_ict,2014,deflator_growth_pct,-8.05333130018634
ACTUAL,1 Sectors (value added),Information & communication,va_ict,2015,deflator_growth_pct,-4.898151752367619
ACTUAL,1 Sectors (value added),Information & communication,va_ict,2016,deflator_growth_pct,-7.0881935094504245
ACTUAL,1 Sectors (value added),Information & communication,va_ict,2017,deflator_growth_pct,1.4243201689176255
ACTUAL,1 Sectors (value added),Information & communication,va_ict,2018,deflator_growth_pct,-0.0646439171029356
ACTUAL,1 Sectors (value added),Information & communication,va_ict,2019,deflator_growth_pct,0.0671827220503074
ACTUAL,1 Sectors (value added),Information & communication,va_ict,2020,deflator_growth_pct,3.6875489225713487
ACTUAL,1 Sectors (value added),Information & communication,va_ict,2021,deflator_growth_pct,0.42287430410692384
ACTUAL,1 Sectors (value added),Information & communication,va_ict,2022,deflator_growth_pct,-2.503115757547847
ACTUAL,1 Sectors (value added),Information & communication,va_ict,2023,deflator_growth_pct,-0.6944176611329511
ACTUAL,1 Sectors (value added),Information & communication,va_ict,2024,deflator_growth_pct,0.8435402997654329
ACTUAL,1 Sectors (value added),Information & communication,va_ict,2025,deflator_growth_pct,0.5041060894920513
ACTUAL,1 Sectors (value added),Information & communication,va_ict,2005,nominal,266.3
ACTUAL,1 Sectors (value added),Information & communication,va_ict,2006,nominal,367.0
ACTUAL,1 Sectors (value added),Information & communication,va_ict,2007,nominal,473.30000000000007
ACTUAL,1 Sectors (value added),Information & communication,va_ict,2008,nominal,619.8
ACTUAL,1 Sectors (value added),Information & communication,va_ict,2009,nominal,669.2
ACTUAL,1 Sectors (value added),Information & communication,va_ict,2010,nominal,791.6
ACTUAL,1 Sectors (value added),Information & communication,va_ict,2011,nominal,828.9000000000001
ACTUAL,1 Sectors (value added),Information & communication,va_ict,2012,nominal,945.1
ACTUAL,1 Sectors (value added),Information & communication,va_ict,2013,nominal,1011.9
ACTUAL,1 Sectors (value added),Information & communication,va_ict,2014,nominal,1070.9
ACTUAL,1 Sectors (value added),Information & communication,va_ict,2015,nominal,1087.7
ACTUAL,1 Sectors (value added),Information & communication,va_ict,2016,nominal,1058.1
ACTUAL,1 Sectors (value added),Information & communication,va_ict,2017,nominal,1144.0
ACTUAL,1 Sectors (value added),Information & communication,va_ict,2018,nominal,1255.3
ACTUAL,1 Sectors (value added),Information & communication,va_ict,2019,nominal,1472.2
ACTUAL,1 Sectors (value added),Information & communication,va_ict,2020,nominal,1538.7
ACTUAL,1 Sectors (value added),Information & communication,va_ict,2021,nominal,1644.1
ACTUAL,1 Sectors (value added),Information & communication,va_ict,2022,nominal,1849.8
ACTUAL,1 Sectors (value added),Information & communication,va_ict,2023,nominal,2147.4
ACTUAL,1 Sectors (value added),Information & communication,va_ict,2024,nominal,2442.7
ACTUAL,1 Sectors (value added),Information & communication,va_ict,2025,nominal,2668.6
ACTUAL,1 Sectors (value added),Information & communication,va_ict,2006,nominal_growth_pct,37.81449493052946
ACTUAL,1 Sectors (value added),Information & communication,va_ict,2007,nominal_growth_pct,28.964577656675772
ACTUAL,1 Sectors (value added),Information & communication,va_ict,2008,nominal_growth_pct,30.95288400591587
ACTUAL,1 Sectors (value added),Information & communication,va_ict,2009,nominal_growth_pct,7.970313004194907
ACTUAL,1 Sectors (value added),Information & communication,va_ict,2010,nominal_growth_pct,18.290496114763897
ACTUAL,1 Sectors (value added),Information & communication,va_ict,2011,nominal_growth_pct,4.711975745325936
ACTUAL,1 Sectors (value added),Information & communication,va_ict,2012,nominal_growth_pct,14.018578839425743
ACTUAL,1 Sectors (value added),Information & communication,va_ict,2013,nominal_growth_pct,7.068035128557826
ACTUAL,1 Sectors (value added),Information & communication,va_ict,2014,nominal_growth_pct,5.830615673485529
ACTUAL,1 Sectors (value added),Information & communication,va_ict,2015,nominal_growth_pct,1.5687739284713675
ACTUAL,1 Sectors (value added),Information & communication,va_ict,2016,nominal_growth_pct,-2.7213386043946075
ACTUAL,1 Sectors (value added),Information & communication,va_ict,2017,nominal_growth_pct,8.118325300066175
ACTUAL,1 Sectors (value added),Information & communication,va_ict,2018,nominal_growth_pct,9.729020979020975
ACTUAL,1 Sectors (value added),Information & communication,va_ict,2019,nominal_growth_pct,17.278738150242965
ACTUAL,1 Sectors (value added),Information & communication,va_ict,2020,nominal_growth_pct,4.517049313951915
ACTUAL,1 Sectors (value added),Information & communication,va_ict,2021,nominal_growth_pct,6.8499382595697655
ACTUAL,1 Sectors (value added),Information & communication,va_ict,2022,nominal_growth_pct,12.511404415789794
ACTUAL,1 Sectors (value added),Information & communication,va_ict,2023,nominal_growth_pct,16.0882257541356
ACTUAL,1 Sectors (value added),Information & communication,va_ict,2024,nominal_growth_pct,13.751513458135411
ACTUAL,1 Sectors (value added),Information & communication,va_ict,2025,nominal_growth_pct,9.247963319277863
ACTUAL,1 Sectors (value added),Information & communication,va_ict,2005,real,198.08743650501324
ACTUAL,1 Sectors (value added),Information & communication,va_ict,2006,real,245.62842126621644
ACTUAL,1 Sectors (value added),Information & communication,va_ict,2007,real,324.2295160714057
ACTUAL,1 Sectors (value added),Information & communication,va_ict,2008,real,415.6622396035421
ACTUAL,1 Sectors (value added),Information & communication,va_ict,2009,real,470.5296552312097
ACTUAL,1 Sectors (value added),Information & communication,va_ict,2010,real,616.8643780081159
ACTUAL,1 Sectors (value added),Information & communication,va_ict,2011,real,689.6543746130735
ACTUAL,1 Sectors (value added),Information & communication,va_ict,2012,real,799.3094201765522
ACTUAL,1 Sectors (value added),Information & communication,va_ict,2013,real,884.8355281354433
ACTUAL,1 Sectors (value added),Information & communication,va_ict,2014,real,1018.4456928838952
ACTUAL,1 Sectors (value added),Information & communication,va_ict,2015,real,1087.7
ACTUAL,1 Sectors (value added),Information & communication,va_ict,2016,real,1138.8219
ACTUAL,1 Sectors (value added),Information & communication,va_ict,2017,real,1213.9841453999998
ACTUAL,1 Sectors (value added),Information & communication,va_ict,2018,real,1332.9545916491998
ACTUAL,1 Sectors (value added),Information & communication,va_ict,2019,real,1562.2227814128623
ACTUAL,1 Sectors (value added),Information & communication,va_ict,2020,real,1574.7205636641652
ACTUAL,1 Sectors (value added),Information & communication,va_ict,2021,real,1675.5026797386718
ACTUAL,1 Sectors (value added),Information & communication,va_ict,2022,real,1933.5300924184273
ACTUAL,1 Sectors (value added),Information & communication,va_ict,2023,real,2260.2966780371416
ACTUAL,1 Sectors (value added),Information & communication,va_ict,2024,real,2549.614652825896
ACTUAL,1 Sectors (value added),Information & communication,va_ict,2025,real,2771.431127621749
ACTUAL,1 Sectors (value added),Information & communication,va_ict,2006,real_growth_pct,24.0
ACTUAL,1 Sectors (value added),Information & communication,va_ict,2007,real_growth_pct,32.00000000000001
ACTUAL,1 Sectors (value added),Information & communication,va_ict,2008,real_growth_pct,28.19999999999998
ACTUAL,1 Sectors (value added),Information & communication,va_ict,2009,real_growth_pct,13.200000000000012
ACTUAL,1 Sectors (value added),Information & communication,va_ict,2010,real_growth_pct,31.099999999999994
ACTUAL,1 Sectors (value added),Information & communication,va_ict,2011,real_growth_pct,11.799999999999988
ACTUAL,1 Sectors (value added),Information & communication,va_ict,2012,real_growth_pct,15.900000000000002
ACTUAL,1 Sectors (value added),Information & communication,va_ict,2013,real_growth_pct,10.7
ACTUAL,1 Sectors (value added),Information & communication,va_ict,2014,real_growth_pct,15.100000000000001
ACTUAL,1 Sectors (value added),Information & communication,va_ict,2015,real_growth_pct,6.800000000000006
ACTUAL,1 Sectors (value added),Information & communication,va_ict,2016,real_growth_pct,4.699999999999993
ACTUAL,1 Sectors (value added),Information & communication,va_ict,2017,real_growth_pct,6.599999999999984
ACTUAL,1 Sectors (value added),Information & communication,va_ict,2018,real_growth_pct,9.800000000000008
ACTUAL,1 Sectors (value added),Information & communication,va_ict,2019,real_growth_pct,17.200000000000017
ACTUAL,1 Sectors (value added),Information & communication,va_ict,2020,real_growth_pct,0.8000000000000007
ACTUAL,1 Sectors (value added),Information & communication,va_ict,2021,real_growth_pct,6.400000000000006
ACTUAL,1 Sectors (value added),Information & communication,va_ict,2022,real_growth_pct,15.400000000000013
ACTUAL,1 Sectors (value added),Information & communication,va_ict,2023,real_growth_pct,16.900000000000006
ACTUAL,1 Sectors (value added),Information & communication,va_ict,2024,real_growth_pct,12.800000000000011
ACTUAL,1 Sectors (value added),Information & communication,va_ict,2025,real_growth_pct,8.699999999999996
ACTUAL,1 Sectors (value added),Manufacturing,va_man,2005,deflator,0.4583470689655095
ACTUAL,1 Sectors (value added),Manufacturing,va_man,2006,deflator,0.5601515930084542
ACTUAL,1 Sectors (value added),Manufacturing,va_man,2007,deflator,0.6639146686116721
ACTUAL,1 Sectors (value added),Manufacturing,va_man,2008,deflator,0.82830438552009
ACTUAL,1 Sectors (value added),Manufacturing,va_man,2009,deflator,0.9871567960876755
ACTUAL,1 Sectors (value added),Manufacturing,va_man,2010,deflator,0.9452587055134188
ACTUAL,1 Sectors (value added),Manufacturing,va_man,2011,deflator,0.9138004263641043
ACTUAL,1 Sectors (value added),Manufacturing,va_man,2012,deflator,0.9755536712377758
ACTUAL,1 Sectors (value added),Manufacturing,va_man,2013,deflator,1.0093987351044622
ACTUAL,1 Sectors (value added),Manufacturing,va_man,2014,deflator,1.1023584509377649
ACTUAL,1 Sectors (value added),Manufacturing,va_man,2015,deflator,1.0
ACTUAL,1 Sectors (value added),Manufacturing,va_man,2016,deflator,1.1025858330475302
ACTUAL,1 Sectors (value added),Manufacturing,va_man,2017,deflator,1.2464936898012529
ACTUAL,1 Sectors (value added),Manufacturing,va_man,2018,deflator,1.3113685272875168
ACTUAL,1 Sectors (value added),Manufacturing,va_man,2019,deflator,1.3155064432058994
ACTUAL,1 Sectors (value added),Manufacturing,va_man,2020,deflator,1.2971150830027462
ACTUAL,1 Sectors (value added),Manufacturing,va_man,2021,deflator,1.466453333086826
ACTUAL,1 Sectors (value added),Manufacturing,va_man,2022,deflator,1.6860768000741222
ACTUAL,1 Sectors (value added),Manufacturing,va_man,2023,deflator,1.3813625561194494
ACTUAL,1 Sectors (value added),Manufacturing,va_man,2024,deflator,1.6016291459639582
ACTUAL,1 Sectors (value added),Manufacturing,va_man,2025,deflator,1.5328139506284355
ACTUAL,1 Sectors (value added),Manufacturing,va_man,2006,deflator_growth_pct,22.211230514186077
ACTUAL,1 Sectors (value added),Manufacturing,va_man,2007,deflator_growth_pct,18.52410613454274
ACTUAL,1 Sectors (value added),Manufacturing,va_man,2008,deflator_growth_pct,24.76066950775122
ACTUAL,1 Sectors (value added),Manufacturing,va_man,2009,deflator_growth_pct,19.178023603948734
ACTUAL,1 Sectors (value added),Manufacturing,va_man,2010,deflator_growth_pct,-4.2443197210724986
ACTUAL,1 Sectors (value added),Manufacturing,va_man,2011,deflator_growth_pct,-3.328007345060935
ACTUAL,1 Sectors (value added),Manufacturing,va_man,2012,deflator_growth_pct,6.757848113442
ACTUAL,1 Sectors (value added),Manufacturing,va_man,2013,deflator_growth_pct,3.4693184869822646
ACTUAL,1 Sectors (value added),Manufacturing,va_man,2014,deflator_growth_pct,9.209414733780342
ACTUAL,1 Sectors (value added),Manufacturing,va_man,2015,deflator_growth_pct,-9.285405382495105
ACTUAL,1 Sectors (value added),Manufacturing,va_man,2016,deflator_growth_pct,10.25858330475302
ACTUAL,1 Sectors (value added),Manufacturing,va_man,2017,deflator_growth_pct,13.051850698640255
ACTUAL,1 Sectors (value added),Manufacturing,va_man,2018,deflator_growth_pct,5.20458611359742
ACTUAL,1 Sectors (value added),Manufacturing,va_man,2019,deflator_growth_pct,0.3155418047847691
ACTUAL,1 Sectors (value added),Manufacturing,va_man,2020,deflator_growth_pct,-1.3980440991480991
ACTUAL,1 Sectors (value added),Manufacturing,va_man,2021,deflator_growth_pct,13.05499044017524
ACTUAL,1 Sectors (value added),Manufacturing,va_man,2022,deflator_growth_pct,14.976505697934318
ACTUAL,1 Sectors (value added),Manufacturing,va_man,2023,deflator_growth_pct,-18.072382227267305
ACTUAL,1 Sectors (value added),Manufacturing,va_man,2024,deflator_growth_pct,15.94560304742052
ACTUAL,1 Sectors (value added),Manufacturing,va_man,2025,deflator_growth_pct,-4.296574866218828
ACTUAL,1 Sectors (value added),Manufacturing,va_man,2005,nominal,812.4
ACTUAL,1 Sectors (value added),Manufacturing,va_man,2006,nominal,1082.2
ACTUAL,1 Sectors (value added),Manufacturing,va_man,2007,nominal,1413.5
ACTUAL,1 Sectors (value added),Manufacturing,va_man,2008,nominal,1888.7
ACTUAL,1 Sectors (value added),Manufacturing,va_man,2009,nominal,1967.3
ACTUAL,1 Sectors (value added),Manufacturing,va_man,2010,nominal,2011.9
ACTUAL,1 Sectors (value added),Manufacturing,va_man,2011,nominal,2077.2
ACTUAL,1 Sectors (value added),Manufacturing,va_man,2012,nominal,2321.8
ACTUAL,1 Sectors (value added),Manufacturing,va_man,2013,nominal,2452.8
ACTUAL,1 Sectors (value added),Manufacturing,va_man,2014,nominal,2777.8
ACTUAL,1 Sectors (value added),Manufacturing,va_man,2015,nominal,2713.9
ACTUAL,1 Sectors (value added),Manufacturing,va_man,2016,nominal,2956.4
ACTUAL,1 Sectors (value added),Manufacturing,va_man,2017,nominal,3305.4999999999995
ACTUAL,1 Sectors (value added),Manufacturing,va_man,2018,nominal,3700.0999999999995
ACTUAL,1 Sectors (value added),Manufacturing,va_man,2019,nominal,4097.8
ACTUAL,1 Sectors (value added),Manufacturing,va_man,2020,nominal,4428.4
ACTUAL,1 Sectors (value added),Manufacturing,va_man,2021,nominal,5982.8
ACTUAL,1 Sectors (value added),Manufacturing,va_man,2022,nominal,7078.3
ACTUAL,1 Sectors (value added),Manufacturing,va_man,2023,nominal,6321.0
ACTUAL,1 Sectors (value added),Manufacturing,va_man,2024,nominal,7475.5
ACTUAL,1 Sectors (value added),Manufacturing,va_man,2025,nominal,7719.5
ACTUAL,1 Sectors (value added),Manufacturing,va_man,2006,nominal_growth_pct,33.21024126046284
ACTUAL,1 Sectors (value added),Manufacturing,va_man,2007,nominal_growth_pct,30.613564960266125
ACTUAL,1 Sectors (value added),Manufacturing,va_man,2008,nominal_growth_pct,33.61867704280157
ACTUAL,1 Sectors (value added),Manufacturing,va_man,2009,nominal_growth_pct,4.161592629851207
ACTUAL,1 Sectors (value added),Manufacturing,va_man,2010,nominal_growth_pct,2.267066537894591
ACTUAL,1 Sectors (value added),Manufacturing,va_man,2011,nominal_growth_pct,3.2456881554749017
ACTUAL,1 Sectors (value added),Manufacturing,va_man,2012,nominal_growth_pct,11.775466974773764
ACTUAL,1 Sectors (value added),Manufacturing,va_man,2013,nominal_growth_pct,5.642174175208892
ACTUAL,1 Sectors (value added),Manufacturing,va_man,2014,nominal_growth_pct,13.25016307893021
ACTUAL,1 Sectors (value added),Manufacturing,va_man,2015,nominal_growth_pct,-2.300381596947232
ACTUAL,1 Sectors (value added),Manufacturing,va_man,2016,nominal_growth_pct,8.93548030509599
ACTUAL,1 Sectors (value added),Manufacturing,va_man,2017,nominal_growth_pct,11.808280340955202
ACTUAL,1 Sectors (value added),Manufacturing,va_man,2018,nominal_growth_pct,11.937679624867648
ACTUAL,1 Sectors (value added),Manufacturing,va_man,2019,nominal_growth_pct,10.748358152482385
ACTUAL,1 Sectors (value added),Manufacturing,va_man,2020,nominal_growth_pct,8.067743667333671
ACTUAL,1 Sectors (value added),Manufacturing,va_man,2021,nominal_growth_pct,35.10071357600941
ACTUAL,1 Sectors (value added),Manufacturing,va_man,2022,nominal_growth_pct,18.31082436317444
ACTUAL,1 Sectors (value added),Manufacturing,va_man,2023,nominal_growth_pct,-10.698896627721343
ACTUAL,1 Sectors (value added),Manufacturing,va_man,2024,nominal_growth_pct,18.26451510836893
ACTUAL,1 Sectors (value added),Manufacturing,va_man,2025,nominal_growth_pct,3.263995719349877
ACTUAL,1 Sectors (value added),Manufacturing,va_man,2005,real,1772.4559727928204
ACTUAL,1 Sectors (value added),Manufacturing,va_man,2006,real,1931.9770103441745
ACTUAL,1 Sectors (value added),Manufacturing,va_man,2007,real,2129.0386653992805
ACTUAL,1 Sectors (value added),Manufacturing,va_man,2008,real,2280.2004106426293
ACTUAL,1 Sectors (value added),Manufacturing,va_man,2009,real,1992.8951589016583
ACTUAL,1 Sectors (value added),Manufacturing,va_man,2010,real,2128.412029706971
ACTUAL,1 Sectors (value added),Manufacturing,va_man,2011,real,2273.1440477270453
ACTUAL,1 Sectors (value added),Manufacturing,va_man,2012,real,2379.981817970216
ACTUAL,1 Sectors (value added),Manufacturing,va_man,2013,real,2429.9614361475906
ACTUAL,1 Sectors (value added),Manufacturing,va_man,2014,real,2519.8700092850513
ACTUAL,1 Sectors (value added),Manufacturing,va_man,2015,real,2713.9
ACTUAL,1 Sectors (value added),Manufacturing,va_man,2016,real,2681.3332
ACTUAL,1 Sectors (value added),Manufacturing,va_man,2017,real,2651.8385347999997
ACTUAL,1 Sectors (value added),Manufacturing,va_man,2018,real,2821.5562010271997
ACTUAL,1 Sectors (value added),Manufacturing,va_man,2019,real,3114.998045934028
ACTUAL,1 Sectors (value added),Manufacturing,va_man,2020,real,3414.037858343695
ACTUAL,1 Sectors (value added),Manufacturing,va_man,2021,real,4079.7752407207154
ACTUAL,1 Sectors (value added),Manufacturing,va_man,2022,real,4198.0887227016165
ACTUAL,1 Sectors (value added),Manufacturing,va_man,2023,real,4575.916707744762
ACTUAL,1 Sectors (value added),Manufacturing,va_man,2024,real,4667.435041899657
ACTUAL,1 Sectors (value added),Manufacturing,va_man,2025,real,5036.16241020973
ACTUAL,1 Sectors (value added),Manufacturing,va_man,2006,real_growth_pct,9.000000000000007
ACTUAL,1 Sectors (value added),Manufacturing,va_man,2007,real_growth_pct,10.20000000000001
ACTUAL,1 Sectors (value added),Manufacturing,va_man,2008,real_growth_pct,7.099999999999995
ACTUAL,1 Sectors (value added),Manufacturing,va_man,2009,real_growth_pct,-12.599999999999989
ACTUAL,1 Sectors (value added),Manufacturing,va_man,2010,real_growth_pct,6.800000000000006
ACTUAL,1 Sectors (value added),Manufacturing,va_man,2011,real_growth_pct,6.800000000000006
ACTUAL,1 Sectors (value added),Manufacturing,va_man,2012,real_growth_pct,4.699999999999993
ACTUAL,1 Sectors (value added),Manufacturing,va_man,2013,real_growth_pct,2.0999999999999908
ACTUAL,1 Sectors (value added),Manufacturing,va_man,2014,real_growth_pct,3.699999999999992
ACTUAL,1 Sectors (value added),Manufacturing,va_man,2015,real_growth_pct,7.699999999999996
ACTUAL,1 Sectors (value added),Manufacturing,va_man,2016,real_growth_pct,-1.200000000000001
ACTUAL,1 Sectors (value added),Manufacturing,va_man,2017,real_growth_pct,-1.100000000000012
ACTUAL,1 Sectors (value added),Manufacturing,va_man,2018,real_growth_pct,6.400000000000006
ACTUAL,1 Sectors (value added),Manufacturing,va_man,2019,real_growth_pct,10.399999999999988
ACTUAL,1 Sectors (value added),Manufacturing,va_man,2020,real_growth_pct,9.600000000000009
ACTUAL,1 Sectors (value added),Manufacturing,va_man,2021,real_growth_pct,19.500000000000007
ACTUAL,1 Sectors (value added),Manufacturing,va_man,2022,real_growth_pct,2.9000000000000137
ACTUAL,1 Sectors (value added),Manufacturing,va_man,2023,real_growth_pct,9.000000000000007
ACTUAL,1 Sectors (value added),Manufacturing,va_man,2024,real_growth_pct,2.0000000000000018
ACTUAL,1 Sectors (value added),Manufacturing,va_man,2025,real_growth_pct,7.899999999999996
ACTUAL,1 Sectors (value added),Mining & quarrying,va_min,2005,deflator,0.8877292266571587
ACTUAL,1 Sectors (value added),Mining & quarrying,va_min,2006,deflator,0.9649237325101635
ACTUAL,1 Sectors (value added),Mining & quarrying,va_min,2007,deflator,1.1121411016789375
ACTUAL,1 Sectors (value added),Mining & quarrying,va_min,2008,deflator,1.4494781087010913
ACTUAL,1 Sectors (value added),Mining & quarrying,va_min,2009,deflator,0.8971228539282459
ACTUAL,1 Sectors (value added),Mining & quarrying,va_min,2010,deflator,1.142223815478027
ACTUAL,1 Sectors (value added),Mining & quarrying,va_min,2011,deflator,1.6309074288931251
ACTUAL,1 Sectors (value added),Mining & quarrying,va_min,2012,deflator,1.6215565155919822
ACTUAL,1 Sectors (value added),Mining & quarrying,va_min,2013,deflator,1.5570025734784487
ACTUAL,1 Sectors (value added),Mining & quarrying,va_min,2014,deflator,1.4199037382917428
ACTUAL,1 Sectors (value added),Mining & quarrying,va_min,2015,deflator,1.0
ACTUAL,1 Sectors (value added),Mining & quarrying,va_min,2016,deflator,1.2823763045882892
ACTUAL,1 Sectors (value added),Mining & quarrying,va_min,2017,deflator,1.741337553574223
ACTUAL,1 Sectors (value added),Mining & quarrying,va_min,2018,deflator,2.239581800070734
ACTUAL,1 Sectors (value added),Mining & quarrying,va_min,2019,deflator,2.0688323194480582
ACTUAL,1 Sectors (value added),Mining & quarrying,va_min,2020,deflator,1.4795720802094878
ACTUAL,1 Sectors (value added),Mining & quarrying,va_min,2021,deflator,2.497248716653624
ACTUAL,1 Sectors (value added),Mining & quarrying,va_min,2022,deflator,4.713200716082158
ACTUAL,1 Sectors (value added),Mining & quarrying,va_min,2023,deflator,3.307500540103412
ACTUAL,1 Sectors (value added),Mining & quarrying,va_min,2024,deflator,2.916471184146299
ACTUAL,1 Sectors (value added),Mining & quarrying,va_min,2025,deflator,2.7298698721589174
ACTUAL,1 Sectors (value added),Mining & quarrying,va_min,2006,deflator_growth_pct,8.695726527298087
ACTUAL,1 Sectors (value added),Mining & quarrying,va_min,2007,deflator_growth_pct,15.256891732344592
ACTUAL,1 Sectors (value added),Mining & quarrying,va_min,2008,deflator_growth_pct,30.33221292809831
ACTUAL,1 Sectors (value added),Mining & quarrying,va_min,2009,deflator_growth_pct,-38.10718157501688
ACTUAL,1 Sectors (value added),Mining & quarrying,va_min,2010,deflator_growth_pct,27.3207800332534
ACTUAL,1 Sectors (value added),Mining & quarrying,va_min,2011,deflator_growth_pct,42.78352515444455
ACTUAL,1 Sectors (value added),Mining & quarrying,va_min,2012,deflator_growth_pct,-0.5733564723222395
ACTUAL,1 Sectors (value added),Mining & quarrying,va_min,2013,deflator_growth_pct,-3.980986261830455
ACTUAL,1 Sectors (value added),Mining & quarrying,va_min,2014,deflator_growth_pct,-8.805305625180694
ACTUAL,1 Sectors (value added),Mining & quarrying,va_min,2015,deflator_growth_pct,-29.57269052597329
ACTUAL,1 Sectors (value added),Mining & quarrying,va_min,2016,deflator_growth_pct,28.23763045882892
ACTUAL,1 Sectors (value added),Mining & quarrying,va_min,2017,deflator_growth_pct,35.78990405107998
ACTUAL,1 Sectors (value added),Mining & quarrying,va_min,2018,deflator_growth_pct,28.612731946992586
ACTUAL,1 Sectors (value added),Mining & quarrying,va_min,2019,deflator_growth_pct,-7.624168075364912
ACTUAL,1 Sectors (value added),Mining & quarrying,va_min,2020,deflator_growth_pct,-28.482745251958296
ACTUAL,1 Sectors (value added),Mining & quarrying,va_min,2021,deflator_growth_pct,68.78182212657369
ACTUAL,1 Sectors (value added),Mining & quarrying,va_min,2022,deflator_growth_pct,88.73573483693546
ACTUAL,1 Sectors (value added),Mining & quarrying,va_min,2023,deflator_growth_pct,-29.82474672004277
ACTUAL,1 Sectors (value added),Mining & quarrying,va_min,2024,deflator_growth_pct,-11.82250316261133
ACTUAL,1 Sectors (value added),Mining & quarrying,va_min,2025,deflator_growth_pct,-6.39818809120184
ACTUAL,1 Sectors (value added),Mining & quarrying,va_min,2005,nominal,5283.9
ACTUAL,1 Sectors (value added),Mining & quarrying,va_min,2006,nominal,9534.0
ACTUAL,1 Sectors (value added),Mining & quarrying,va_min,2007,nominal,15219.2
ACTUAL,1 Sectors (value added),Mining & quarrying,va_min,2008,nominal,21164.5
ACTUAL,1 Sectors (value added),Mining & quarrying,va_min,2009,nominal,15090.4
ACTUAL,1 Sectors (value added),Mining & quarrying,va_min,2010,nominal,19482.2
ACTUAL,1 Sectors (value added),Mining & quarrying,va_min,2011,nominal,24980.0
ACTUAL,1 Sectors (value added),Mining & quarrying,va_min,2012,nominal,23570.1
ACTUAL,1 Sectors (value added),Mining & quarrying,va_min,2013,nominal,22790.2
ACTUAL,1 Sectors (value added),Mining & quarrying,va_min,2014,nominal,20222.3
ACTUAL,1 Sectors (value added),Mining & quarrying,va_min,2015,nominal,14370.2
ACTUAL,1 Sectors (value added),Mining & quarrying,va_min,2016,nominal,18557.0
ACTUAL,1 Sectors (value added),Mining & quarrying,va_min,2017,nominal,24039.4
ACTUAL,1 Sectors (value added),Mining & quarrying,va_min,2018,nominal,31041.4
ACTUAL,1 Sectors (value added),Mining & quarrying,va_min,2019,nominal,28846.8
ACTUAL,1 Sectors (value added),Mining & quarrying,va_min,2020,nominal,19248.2
ACTUAL,1 Sectors (value added),Mining & quarrying,va_min,2021,nominal,32649.899999999998
ACTUAL,1 Sectors (value added),Mining & quarrying,va_min,2022,nominal,60143.100000000006
ACTUAL,1 Sectors (value added),Mining & quarrying,va_min,2023,nominal,40897.2
ACTUAL,1 Sectors (value added),Mining & quarrying,va_min,2024,nominal,36278.5
ACTUAL,1 Sectors (value added),Mining & quarrying,va_min,2025,nominal,33108.4
ACTUAL,1 Sectors (value added),Mining & quarrying,va_min,2006,nominal_growth_pct,80.43490603531484
ACTUAL,1 Sectors (value added),Mining & quarrying,va_min,2007,nominal_growth_pct,59.63079504929727
ACTUAL,1 Sectors (value added),Mining & quarrying,va_min,2008,nominal_growth_pct,39.06447119428089
ACTUAL,1 Sectors (value added),Mining & quarrying,va_min,2009,nominal_growth_pct,-28.69947317441943
ACTUAL,1 Sectors (value added),Mining & quarrying,va_min,2010,nominal_growth_pct,29.10327095371892
ACTUAL,1 Sectors (value added),Mining & quarrying,va_min,2011,nominal_growth_pct,28.21960558869121
ACTUAL,1 Sectors (value added),Mining & quarrying,va_min,2012,nominal_growth_pct,-5.644115292233797
ACTUAL,1 Sectors (value added),Mining & quarrying,va_min,2013,nominal_growth_pct,-3.3088531656632725
ACTUAL,1 Sectors (value added),Mining & quarrying,va_min,2014,nominal_growth_pct,-11.26756237330081
ACTUAL,1 Sectors (value added),Mining & quarrying,va_min,2015,nominal_growth_pct,-28.938844740707037
ACTUAL,1 Sectors (value added),Mining & quarrying,va_min,2016,nominal_growth_pct,29.135293872040748
ACTUAL,1 Sectors (value added),Mining & quarrying,va_min,2017,nominal_growth_pct,29.543568464730296
ACTUAL,1 Sectors (value added),Mining & quarrying,va_min,2018,nominal_growth_pct,29.127182874780576
ACTUAL,1 Sectors (value added),Mining & quarrying,va_min,2019,nominal_growth_pct,-7.069913083817103
ACTUAL,1 Sectors (value added),Mining & quarrying,va_min,2020,nominal_growth_pct,-33.2744013200771
ACTUAL,1 Sectors (value added),Mining & quarrying,va_min,2021,nominal_growth_pct,69.62573123720657
ACTUAL,1 Sectors (value added),Mining & quarrying,va_min,2022,nominal_growth_pct,84.20607720084902
ACTUAL,1 Sectors (value added),Mining & quarrying,va_min,2023,nominal_growth_pct,-32.00017957172145
ACTUAL,1 Sectors (value added),Mining & quarrying,va_min,2024,nominal_growth_pct,-11.293438181587002
ACTUAL,1 Sectors (value added),Mining & quarrying,va_min,2025,nominal_growth_pct,-8.738233388921813
ACTUAL,1 Sectors (value added),Mining & quarrying,va_min,2005,real,5952.152797646532
ACTUAL,1 Sectors (value added),Mining & quarrying,va_min,2006,real,9880.573644093243
ACTUAL,1 Sectors (value added),Mining & quarrying,va_min,2007,real,13684.594497069142
ACTUAL,1 Sectors (value added),Mining & quarrying,va_min,2008,real,14601.462328372774
ACTUAL,1 Sectors (value added),Mining & quarrying,va_min,2009,real,16820.884602285438
ACTUAL,1 Sectors (value added),Mining & quarrying,va_min,2010,real,17056.376986717434
ACTUAL,1 Sectors (value added),Mining & quarrying,va_min,2011,real,15316.626534072255
ACTUAL,1 Sectors (value added),Mining & quarrying,va_min,2012,real,14535.478580834571
ACTUAL,1 Sectors (value added),Mining & quarrying,va_min,2013,real,14637.226930900415
ACTUAL,1 Sectors (value added),Mining & quarrying,va_min,2014,real,14242.021803766103
ACTUAL,1 Sectors (value added),Mining & quarrying,va_min,2015,real,14370.2
ACTUAL,1 Sectors (value added),Mining & quarrying,va_min,2016,real,14470.791400000002
ACTUAL,1 Sectors (value added),Mining & quarrying,va_min,2017,real,13805.134995600003
ACTUAL,1 Sectors (value added),Mining & quarrying,va_min,2018,real,13860.355535582405
ACTUAL,1 Sectors (value added),Mining & quarrying,va_min,2019,real,13943.517668795897
ACTUAL,1 Sectors (value added),Mining & quarrying,va_min,2020,real,13009.301984986572
ACTUAL,1 Sectors (value added),Mining & quarrying,va_min,2021,real,13074.348494911506
ACTUAL,1 Sectors (value added),Mining & quarrying,va_min,2022,real,12760.56413103363
ACTUAL,1 Sectors (value added),Mining & quarrying,va_min,2023,real,12364.986642971588
ACTUAL,1 Sectors (value added),Mining & quarrying,va_min,2024,real,12439.176562829416
ACTUAL,1 Sectors (value added),Mining & quarrying,va_min,2025,real,12128.19714875868
ACTUAL,1 Sectors (value added),Mining & quarrying,va_min,2006,real_growth_pct,65.99999999999999
ACTUAL,1 Sectors (value added),Mining & quarrying,va_min,2007,real_growth_pct,38.5
ACTUAL,1 Sectors (value added),Mining & quarrying,va_min,2008,real_growth_pct,6.699999999999995
ACTUAL,1 Sectors (value added),Mining & quarrying,va_min,2009,real_growth_pct,15.200000000000014
ACTUAL,1 Sectors (value added),Mining & quarrying,va_min,2010,real_growth_pct,1.4000000000000012
ACTUAL,1 Sectors (value added),Mining & quarrying,va_min,2011,real_growth_pct,-10.20000000000001
ACTUAL,1 Sectors (value added),Mining & quarrying,va_min,2012,real_growth_pct,-5.099999999999993
ACTUAL,1 Sectors (value added),Mining & quarrying,va_min,2013,real_growth_pct,0.7000000000000117
ACTUAL,1 Sectors (value added),Mining & quarrying,va_min,2014,real_growth_pct,-2.7000000000000024
ACTUAL,1 Sectors (value added),Mining & quarrying,va_min,2015,real_growth_pct,0.9000000000000119
ACTUAL,1 Sectors (value added),Mining & quarrying,va_min,2016,real_growth_pct,0.7000000000000117
ACTUAL,1 Sectors (value added),Mining & quarrying,va_min,2017,real_growth_pct,-4.5999999999999925
ACTUAL,1 Sectors (value added),Mining & quarrying,va_min,2018,real_growth_pct,0.40000000000000036
ACTUAL,1 Sectors (value added),Mining & quarrying,va_min,2019,real_growth_pct,0.5999999999999783
ACTUAL,1 Sectors (value added),Mining & quarrying,va_min,2020,real_growth_pct,-6.699999999999995
ACTUAL,1 Sectors (value added),Mining & quarrying,va_min,2021,real_growth_pct,0.5000000000000115
ACTUAL,1 Sectors (value added),Mining & quarrying,va_min,2022,real_growth_pct,-2.400000000000002
ACTUAL,1 Sectors (value added),Mining & quarrying,va_min,2023,real_growth_pct,-3.1000000000000028
ACTUAL,1 Sectors (value added),Mining & quarrying,va_min,2024,real_growth_pct,0.6000000000000005
ACTUAL,1 Sectors (value added),Mining & quarrying,va_min,2025,real_growth_pct,-2.500000000000002
ACTUAL,1 Sectors (value added),Net taxes on products,va_nettax,2005,deflator,0.41486648462656206
ACTUAL,1 Sectors (value added),Net taxes on products,va_nettax,2006,deflator,0.4048794708533696
ACTUAL,1 Sectors (value added),Net taxes on products,va_nettax,2007,deflator,0.6653193899543943
ACTUAL,1 Sectors (value added),Net taxes on products,va_nettax,2008,deflator,0.8273904202053151
ACTUAL,1 Sectors (value added),Net taxes on products,va_nettax,2009,deflator,0.8494746219128825
ACTUAL,1 Sectors (value added),Net taxes on products,va_nettax,2010,deflator,0.8081437581397103
ACTUAL,1 Sectors (value added),Net taxes on products,va_nettax,2011,deflator,0.7927735241992511
ACTUAL,1 Sectors (value added),Net taxes on products,va_nettax,2012,deflator,0.8231404166454005
ACTUAL,1 Sectors (value added),Net taxes on products,va_nettax,2013,deflator,0.8673535278863966
ACTUAL,1 Sectors (value added),Net taxes on products,va_nettax,2014,deflator,0.9409071825478494
ACTUAL,1 Sectors (value added),Net taxes on products,va_nettax,2015,deflator,1.0
ACTUAL,1 Sectors (value added),Net taxes on products,va_nettax,2016,deflator,1.0594798420047862
ACTUAL,1 Sectors (value added),Net taxes on products,va_nettax,2017,deflator,1.05104995677577
ACTUAL,1 Sectors (value added),Net taxes on products,va_nettax,2018,deflator,1.2812982345384991
ACTUAL,1 Sectors (value added),Net taxes on products,va_nettax,2019,deflator,1.4761968621178834
ACTUAL,1 Sectors (value added),Net taxes on products,va_nettax,2020,deflator,1.418511076418655
ACTUAL,1 Sectors (value added),Net taxes on products,va_nettax,2021,deflator,1.4456397277108402
ACTUAL,1 Sectors (value added),Net taxes on products,va_nettax,2022,deflator,1.7645143732200637
ACTUAL,1 Sectors (value added),Net taxes on products,va_nettax,2023,deflator,1.881769074732467
ACTUAL,1 Sectors (value added),Net taxes on products,va_nettax,2024,deflator,1.9459900891991184
ACTUAL,1 Sectors (value added),Net taxes on products,va_nettax,2025,deflator,1.882867135901812
ACTUAL,1 Sectors (value added),Net taxes on products,va_nettax,2006,deflator_growth_pct,-2.4072838234166283
ACTUAL,1 Sectors (value added),Net taxes on products,va_nettax,2007,deflator_growth_pct,64.32529625473285
ACTUAL,1 Sectors (value added),Net taxes on products,va_nettax,2008,deflator_growth_pct,24.359883793861805
ACTUAL,1 Sectors (value added),Net taxes on products,va_nettax,2009,deflator_growth_pct,2.6691391594898084
ACTUAL,1 Sectors (value added),Net taxes on products,va_nettax,2010,deflator_growth_pct,-4.865461863957943
ACTUAL,1 Sectors (value added),Net taxes on products,va_nettax,2011,deflator_growth_pct,-1.9019182893697528
ACTUAL,1 Sectors (value added),Net taxes on products,va_nettax,2012,deflator_growth_pct,3.8304624863477743
ACTUAL,1 Sectors (value added),Net taxes on products,va_nettax,2013,deflator_growth_pct,5.3712720632988376
ACTUAL,1 Sectors (value added),Net taxes on products,va_nettax,2014,deflator_growth_pct,8.480239290741288
ACTUAL,1 Sectors (value added),Net taxes on products,va_nettax,2015,deflator_growth_pct,6.280408795704506
ACTUAL,1 Sectors (value added),Net taxes on products,va_nettax,2016,deflator_growth_pct,5.947984200478618
ACTUAL,1 Sectors (value added),Net taxes on products,va_nettax,2017,deflator_growth_pct,-0.7956626350780538
ACTUAL,1 Sectors (value added),Net taxes on products,va_nettax,2018,deflator_growth_pct,21.906501805969825
ACTUAL,1 Sectors (value added),Net taxes on products,va_nettax,2019,deflator_growth_pct,15.211027559839208
ACTUAL,1 Sectors (value added),Net taxes on products,va_nettax,2020,deflator_growth_pct,-3.9077298685262885
ACTUAL,1 Sectors (value added),Net taxes on products,va_nettax,2021,deflator_growth_pct,1.9124737016983584
ACTUAL,1 Sectors (value added),Net taxes on products,va_nettax,2022,deflator_growth_pct,22.057684179318947
ACTUAL,1 Sectors (value added),Net taxes on products,va_nettax,2023,deflator_growth_pct,6.64515423008003
ACTUAL,1 Sectors (value added),Net taxes on products,va_nettax,2024,deflator_growth_pct,3.4127999725886538
ACTUAL,1 Sectors (value added),Net taxes on products,va_nettax,2025,deflator_growth_pct,-3.24374484986637
ACTUAL,1 Sectors (value added),Net taxes on products,va_nettax,2005,nominal,946.5000000000001
ACTUAL,1 Sectors (value added),Net taxes on products,va_nettax,2006,nominal,1024.4
ACTUAL,1 Sectors (value added),Net taxes on products,va_nettax,2007,nominal,1870.1999999999998
ACTUAL,1 Sectors (value added),Net taxes on products,va_nettax,2008,nominal,2688.6
ACTUAL,1 Sectors (value added),Net taxes on products,va_nettax,2009,nominal,2810.049
ACTUAL,1 Sectors (value added),Net taxes on products,va_nettax,2010,nominal,2876.5
ACTUAL,1 Sectors (value added),Net taxes on products,va_nettax,2011,nominal,3056.0
ACTUAL,1 Sectors (value added),Net taxes on products,va_nettax,2012,nominal,3392.0
ACTUAL,1 Sectors (value added),Net taxes on products,va_nettax,2013,nominal,3878.0
ACTUAL,1 Sectors (value added),Net taxes on products,va_nettax,2014,nominal,4413.0
ACTUAL,1 Sectors (value added),Net taxes on products,va_nettax,2015,nominal,4859.0
ACTUAL,1 Sectors (value added),Net taxes on products,va_nettax,2016,nominal,4921.500000000001
ACTUAL,1 Sectors (value added),Net taxes on products,va_nettax,2017,nominal,5004.400000000001
ACTUAL,1 Sectors (value added),Net taxes on products,va_nettax,2018,nominal,6198.299999999999
ACTUAL,1 Sectors (value added),Net taxes on products,va_nettax,2019,nominal,7362.5
ACTUAL,1 Sectors (value added),Net taxes on products,va_nettax,2020,nominal,6848.4
ACTUAL,1 Sectors (value added),Net taxes on products,va_nettax,2021,nominal,7579.600000000001
ACTUAL,1 Sectors (value added),Net taxes on products,va_nettax,2022,nominal,9973.1
ACTUAL,1 Sectors (value added),Net taxes on products,va_nettax,2023,nominal,11369.7
ACTUAL,1 Sectors (value added),Net taxes on products,va_nettax,2024,nominal,12404.4
ACTUAL,1 Sectors (value added),Net taxes on products,va_nettax,2025,nominal,12398.1
ACTUAL,1 Sectors (value added),Net taxes on products,va_nettax,2006,nominal_growth_pct,8.230322239830956
ACTUAL,1 Sectors (value added),Net taxes on products,va_nettax,2007,nominal_growth_pct,82.56540413900817
ACTUAL,1 Sectors (value added),Net taxes on products,va_nettax,2008,nominal_growth_pct,43.760025665704205
ACTUAL,1 Sectors (value added),Net taxes on products,va_nettax,2009,nominal_growth_pct,4.517183664360647
ACTUAL,1 Sectors (value added),Net taxes on products,va_nettax,2010,nominal_growth_pct,2.3647630343812454
ACTUAL,1 Sectors (value added),Net taxes on products,va_nettax,2011,nominal_growth_pct,6.240222492612557
ACTUAL,1 Sectors (value added),Net taxes on products,va_nettax,2012,nominal_growth_pct,10.994764397905765
ACTUAL,1 Sectors (value added),Net taxes on products,va_nettax,2013,nominal_growth_pct,14.327830188679247
ACTUAL,1 Sectors (value added),Net taxes on products,va_nettax,2014,nominal_growth_pct,13.795771015987611
ACTUAL,1 Sectors (value added),Net taxes on products,va_nettax,2015,nominal_growth_pct,10.106503512349875
ACTUAL,1 Sectors (value added),Net taxes on products,va_nettax,2016,nominal_growth_pct,1.2862728956575697
ACTUAL,1 Sectors (value added),Net taxes on products,va_nettax,2017,nominal_growth_pct,1.684445799045009
ACTUAL,1 Sectors (value added),Net taxes on products,va_nettax,2018,nominal_growth_pct,23.857005834865298
ACTUAL,1 Sectors (value added),Net taxes on products,va_nettax,2019,nominal_growth_pct,18.782569414194228
ACTUAL,1 Sectors (value added),Net taxes on products,va_nettax,2020,nominal_growth_pct,-6.982682512733451
ACTUAL,1 Sectors (value added),Net taxes on products,va_nettax,2021,nominal_growth_pct,10.676946440044421
ACTUAL,1 Sectors (value added),Net taxes on products,va_nettax,2022,nominal_growth_pct,31.578183545305794
ACTUAL,1 Sectors (value added),Net taxes on products,va_nettax,2023,nominal_growth_pct,14.003669871955559
ACTUAL,1 Sectors (value added),Net taxes on products,va_nettax,2024,nominal_growth_pct,9.10050397108102
ACTUAL,1 Sectors (value added),Net taxes on products,va_nettax,2025,nominal_growth_pct,-0.050788429911963195
ACTUAL,1 Sectors (value added),Net taxes on products,va_nettax,2005,real,2281.4568905270394
ACTUAL,1 Sectors (value added),Net taxes on products,va_nettax,2006,real,2530.1356915944866
ACTUAL,1 Sectors (value added),Net taxes on products,va_nettax,2007,real,2810.9807533614744
ACTUAL,1 Sectors (value added),Net taxes on products,va_nettax,2008,real,3249.4937508858634
ACTUAL,1 Sectors (value added),Net taxes on products,va_nettax,2009,real,3307.984638401809
ACTUAL,1 Sectors (value added),Net taxes on products,va_nettax,2010,real,3559.3914709203464
ACTUAL,1 Sectors (value added),Net taxes on products,va_nettax,2011,real,3854.820963006735
ACTUAL,1 Sectors (value added),Net taxes on products,va_nettax,2012,real,4120.803609454199
ACTUAL,1 Sectors (value added),Net taxes on products,va_nettax,2013,real,4471.071916257806
ACTUAL,1 Sectors (value added),Net taxes on products,va_nettax,2014,real,4690.15444015444
ACTUAL,1 Sectors (value added),Net taxes on products,va_nettax,2015,real,4859.0
ACTUAL,1 Sectors (value added),Net taxes on products,va_nettax,2016,real,4645.204
ACTUAL,1 Sectors (value added),Net taxes on products,va_nettax,2017,real,4761.3341
ACTUAL,1 Sectors (value added),Net taxes on products,va_nettax,2018,real,4837.515445599999
ACTUAL,1 Sectors (value added),Net taxes on products,va_nettax,2019,real,4987.478424413599
ACTUAL,1 Sectors (value added),Net taxes on products,va_nettax,2020,real,4827.8791148323635
ACTUAL,1 Sectors (value added),Net taxes on products,va_nettax,2021,real,5243.076718707946
ACTUAL,1 Sectors (value added),Net taxes on products,va_nettax,2022,real,5652.0367027671655
ACTUAL,1 Sectors (value added),Net taxes on products,va_nettax,2023,real,6042.0272352581005
ACTUAL,1 Sectors (value added),Net taxes on products,va_nettax,2024,real,6374.338733197295
ACTUAL,1 Sectors (value added),Net taxes on products,va_nettax,2025,real,6584.691911392805
ACTUAL,1 Sectors (value added),Net taxes on products,va_nettax,2006,real_growth_pct,10.899999999999999
ACTUAL,1 Sectors (value added),Net taxes on products,va_nettax,2007,real_growth_pct,11.099999999999998
ACTUAL,1 Sectors (value added),Net taxes on products,va_nettax,2008,real_growth_pct,15.59999999999997
ACTUAL,1 Sectors (value added),Net taxes on products,va_nettax,2009,real_growth_pct,1.8000000000000016
ACTUAL,1 Sectors (value added),Net taxes on products,va_nettax,2010,real_growth_pct,7.5999999999999845
ACTUAL,1 Sectors (value added),Net taxes on products,va_nettax,2011,real_growth_pct,8.299999999999997
ACTUAL,1 Sectors (value added),Net taxes on products,va_nettax,2012,real_growth_pct,6.899999999999995
ACTUAL,1 Sectors (value added),Net taxes on products,va_nettax,2013,real_growth_pct,8.499999999999996
ACTUAL,1 Sectors (value added),Net taxes on products,va_nettax,2014,real_growth_pct,4.9000000000000155
ACTUAL,1 Sectors (value added),Net taxes on products,va_nettax,2015,real_growth_pct,3.600000000000003
ACTUAL,1 Sectors (value added),Net taxes on products,va_nettax,2016,real_growth_pct,-4.400000000000004
ACTUAL,1 Sectors (value added),Net taxes on products,va_nettax,2017,real_growth_pct,2.5000000000000133
ACTUAL,1 Sectors (value added),Net taxes on products,va_nettax,2018,real_growth_pct,1.5999999999999792
ACTUAL,1 Sectors (value added),Net taxes on products,va_nettax,2019,real_growth_pct,3.0999999999999917
ACTUAL,1 Sectors (value added),Net taxes on products,va_nettax,2020,real_growth_pct,-3.200000000000003
ACTUAL,1 Sectors (value added),Net taxes on products,va_nettax,2021,real_growth_pct,8.599999999999985
ACTUAL,1 Sectors (value added),Net taxes on products,va_nettax,2022,real_growth_pct,7.799999999999985
ACTUAL,1 Sectors (value added),Net taxes on products,va_nettax,2023,real_growth_pct,6.900000000000017
ACTUAL,1 Sectors (value added),Net taxes on products,va_nettax,2024,real_growth_pct,5.499999999999994
ACTUAL,1 Sectors (value added),Net taxes on products,va_nettax,2025,real_growth_pct,3.299999999999992
ACTUAL,1 Sectors (value added),Social & other services,va_oth,2005,deflator,0.22547989896912107
ACTUAL,1 Sectors (value added),Social & other services,va_oth,2006,deflator,0.2841231619098378
ACTUAL,1 Sectors (value added),Social & other services,va_oth,2007,deflator,0.32593685824522606
ACTUAL,1 Sectors (value added),Social & other services,va_oth,2008,deflator,0.4889828679281884
ACTUAL,1 Sectors (value added),Social & other services,va_oth,2009,deflator,0.5772189558086557
ACTUAL,1 Sectors (value added),Social & other services,va_oth,2010,deflator,0.659213249022378
ACTUAL,1 Sectors (value added),Social & other services,va_oth,2011,deflator,0.7550898851631552
ACTUAL,1 Sectors (value added),Social & other services,va_oth,2012,deflator,0.8344978626199487
ACTUAL,1 Sectors (value added),Social & other services,va_oth,2013,deflator,0.916970712526587
ACTUAL,1 Sectors (value added),Social & other services,va_oth,2014,deflator,0.9667742639650737
ACTUAL,1 Sectors (value added),Social & other services,va_oth,2015,deflator,1.0
ACTUAL,1 Sectors (value added),Social & other services,va_oth,2016,deflator,1.0155223908357862
ACTUAL,1 Sectors (value added),Social & other services,va_oth,2017,deflator,1.1089863392271073
ACTUAL,1 Sectors (value added),Social & other services,va_oth,2018,deflator,1.145428833540179
ACTUAL,1 Sectors (value added),Social & other services,va_oth,2019,deflator,1.2186175882988883
ACTUAL,1 Sectors (value added),Social & other services,va_oth,2020,deflator,1.3497887681149998
ACTUAL,1 Sectors (value added),Social & other services,va_oth,2021,deflator,1.4415465094039257
ACTUAL,1 Sectors (value added),Social & other services,va_oth,2022,deflator,1.6750115008794033
ACTUAL,1 Sectors (value added),Social & other services,va_oth,2023,deflator,1.8981350554035625
ACTUAL,1 Sectors (value added),Social & other services,va_oth,2024,deflator,2.021506380733043
ACTUAL,1 Sectors (value added),Social & other services,va_oth,2025,deflator,2.1887676518623356
ACTUAL,1 Sectors (value added),Social & other services,va_oth,2006,deflator_growth_pct,26.008199936592913
ACTUAL,1 Sectors (value added),Social & other services,va_oth,2007,deflator_growth_pct,14.716750318531657
ACTUAL,1 Sectors (value added),Social & other services,va_oth,2008,deflator_growth_pct,50.02380232808494
ACTUAL,1 Sectors (value added),Social & other services,va_oth,2009,deflator_growth_pct,18.044821949350087
ACTUAL,1 Sectors (value added),Social & other services,va_oth,2010,deflator_growth_pct,14.205058996867548
ACTUAL,1 Sectors (value added),Social & other services,va_oth,2011,deflator_growth_pct,14.544100301831552
ACTUAL,1 Sectors (value added),Social & other services,va_oth,2012,deflator_growth_pct,10.516360901806475
ACTUAL,1 Sectors (value added),Social & other services,va_oth,2013,deflator_growth_pct,9.882931233365966
ACTUAL,1 Sectors (value added),Social & other services,va_oth,2014,deflator_growth_pct,5.431313209694544
ACTUAL,1 Sectors (value added),Social & other services,va_oth,2015,deflator_growth_pct,3.4367625694395443
ACTUAL,1 Sectors (value added),Social & other services,va_oth,2016,deflator_growth_pct,1.5522390835786215
ACTUAL,1 Sectors (value added),Social & other services,va_oth,2017,deflator_growth_pct,9.203533987507573
ACTUAL,1 Sectors (value added),Social & other services,va_oth,2018,deflator_growth_pct,3.2861084960225773
ACTUAL,1 Sectors (value added),Social & other services,va_oth,2019,deflator_growth_pct,6.389637890684541
ACTUAL,1 Sectors (value added),Social & other services,va_oth,2020,deflator_growth_pct,10.763932924948016
ACTUAL,1 Sectors (value added),Social & other services,va_oth,2021,deflator_growth_pct,6.797933384574462
ACTUAL,1 Sectors (value added),Social & other services,va_oth,2022,deflator_growth_pct,16.195453282462214
ACTUAL,1 Sectors (value added),Social & other services,va_oth,2023,deflator_growth_pct,13.320717762655153
ACTUAL,1 Sectors (value added),Social & other services,va_oth,2024,deflator_growth_pct,6.499607337121249
ACTUAL,1 Sectors (value added),Social & other services,va_oth,2025,deflator_growth_pct,8.274090684227286
ACTUAL,1 Sectors (value added),Social & other services,va_oth,2005,nominal,1361.7
ACTUAL,1 Sectors (value added),Social & other services,va_oth,2006,nominal,1829.1000000000001
ACTUAL,1 Sectors (value added),Social & other services,va_oth,2007,nominal,2201.1
ACTUAL,1 Sectors (value added),Social & other services,va_oth,2008,nominal,3645.6
ACTUAL,1 Sectors (value added),Social & other services,va_oth,2009,nominal,4751.0
ACTUAL,1 Sectors (value added),Social & other services,va_oth,2010,nominal,5534.4
ACTUAL,1 Sectors (value added),Social & other services,va_oth,2011,nominal,6702.200000000001
ACTUAL,1 Sectors (value added),Social & other services,va_oth,2012,nominal,7799.6
ACTUAL,1 Sectors (value added),Social & other services,va_oth,2013,nominal,9187.5
ACTUAL,1 Sectors (value added),Social & other services,va_oth,2014,nominal,10190.200000000003
ACTUAL,1 Sectors (value added),Social & other services,va_oth,2015,nominal,10719.6
ACTUAL,1 Sectors (value added),Social & other services,va_oth,2016,nominal,10570.3
ACTUAL,1 Sectors (value added),Social & other services,va_oth,2017,nominal,11612.400000000001
ACTUAL,1 Sectors (value added),Social & other services,va_oth,2018,nominal,12185.900000000001
ACTUAL,1 Sectors (value added),Social & other services,va_oth,2019,nominal,13379.4
ACTUAL,1 Sectors (value added),Social & other services,va_oth,2020,nominal,14478.7
ACTUAL,1 Sectors (value added),Social & other services,va_oth,2021,nominal,16236.1
ACTUAL,1 Sectors (value added),Social & other services,va_oth,2022,nominal,19639.1
ACTUAL,1 Sectors (value added),Social & other services,va_oth,2023,nominal,23034.1
ACTUAL,1 Sectors (value added),Social & other services,va_oth,2024,nominal,25610.6
ACTUAL,1 Sectors (value added),Social & other services,va_oth,2025,nominal,28062.4
ACTUAL,1 Sectors (value added),Social & other services,va_oth,2006,nominal_growth_pct,34.32474113240802
ACTUAL,1 Sectors (value added),Social & other services,va_oth,2007,nominal_growth_pct,20.337871084139735
ACTUAL,1 Sectors (value added),Social & other services,va_oth,2008,nominal_growth_pct,65.6262777702058
ACTUAL,1 Sectors (value added),Social & other services,va_oth,2009,nominal_growth_pct,30.32148343208252
ACTUAL,1 Sectors (value added),Social & other services,va_oth,2010,nominal_growth_pct,16.489160176804884
ACTUAL,1 Sectors (value added),Social & other services,va_oth,2011,nominal_growth_pct,21.100751662330165
ACTUAL,1 Sectors (value added),Social & other services,va_oth,2012,nominal_growth_pct,16.37372802960222
ACTUAL,1 Sectors (value added),Social & other services,va_oth,2013,nominal_growth_pct,17.794502282168303
ACTUAL,1 Sectors (value added),Social & other services,va_oth,2014,nominal_growth_pct,10.913741496598671
ACTUAL,1 Sectors (value added),Social & other services,va_oth,2015,nominal_growth_pct,5.195187533120027
ACTUAL,1 Sectors (value added),Social & other services,va_oth,2016,nominal_growth_pct,-1.3927758498451515
ACTUAL,1 Sectors (value added),Social & other services,va_oth,2017,nominal_growth_pct,9.858755191432621
ACTUAL,1 Sectors (value added),Social & other services,va_oth,2018,nominal_growth_pct,4.938686231958944
ACTUAL,1 Sectors (value added),Social & other services,va_oth,2019,nominal_growth_pct,9.794106303186446
ACTUAL,1 Sectors (value added),Social & other services,va_oth,2020,nominal_growth_pct,8.216362467674188
ACTUAL,1 Sectors (value added),Social & other services,va_oth,2021,nominal_growth_pct,12.137830053803178
ACTUAL,1 Sectors (value added),Social & other services,va_oth,2022,nominal_growth_pct,20.959466867043176
ACTUAL,1 Sectors (value added),Social & other services,va_oth,2023,nominal_growth_pct,17.286942884348065
ACTUAL,1 Sectors (value added),Social & other services,va_oth,2024,nominal_growth_pct,11.185590059954587
ACTUAL,1 Sectors (value added),Social & other services,va_oth,2025,nominal_growth_pct,9.573379772437995
ACTUAL,1 Sectors (value added),Social & other services,va_oth,2005,real,6039.119257306753
ACTUAL,1 Sectors (value added),Social & other services,va_oth,2006,real,6437.701128288997
ACTUAL,1 Sectors (value added),Social & other services,va_oth,2007,real,6753.148483575159
ACTUAL,1 Sectors (value added),Social & other services,va_oth,2008,real,7455.4759258669765
ACTUAL,1 Sectors (value added),Social & other services,va_oth,2009,real,8230.845422157143
ACTUAL,1 Sectors (value added),Social & other services,va_oth,2010,real,8395.462330600285
ACTUAL,1 Sectors (value added),Social & other services,va_oth,2011,real,8876.029373048521
ACTUAL,1 Sectors (value added),Social & other services,va_oth,2012,real,9346.458929820092
ACTUAL,1 Sectors (value added),Social & other services,va_oth,2013,real,10019.403972767139
ACTUAL,1 Sectors (value added),Social & other services,va_oth,2014,real,10540.412979351031
ACTUAL,1 Sectors (value added),Social & other services,va_oth,2015,real,10719.6
ACTUAL,1 Sectors (value added),Social & other services,va_oth,2016,real,10408.731600000001
ACTUAL,1 Sectors (value added),Social & other services,va_oth,2017,real,10471.1839896
ACTUAL,1 Sectors (value added),Social & other services,va_oth,2018,real,10638.7229334336
ACTUAL,1 Sectors (value added),Social & other services,va_oth,2019,real,10979.162067303476
ACTUAL,1 Sectors (value added),Social & other services,va_oth,2020,real,10726.641339755495
ACTUAL,1 Sectors (value added),Social & other services,va_oth,2021,real,11262.97340674327
ACTUAL,1 Sectors (value added),Social & other services,va_oth,2022,real,11724.755316419743
ACTUAL,1 Sectors (value added),Social & other services,va_oth,2023,real,12135.121752494433
ACTUAL,1 Sectors (value added),Social & other services,va_oth,2024,real,12669.06710960419
ACTUAL,1 Sectors (value added),Social & other services,va_oth,2025,real,12821.095914919439
ACTUAL,1 Sectors (value added),Social & other services,va_oth,2006,real_growth_pct,6.599999999999984
ACTUAL,1 Sectors (value added),Social & other services,va_oth,2007,real_growth_pct,4.9000000000000155
ACTUAL,1 Sectors (value added),Social & other services,va_oth,2008,real_growth_pct,10.40000000000001
ACTUAL,1 Sectors (value added),Social & other services,va_oth,2009,real_growth_pct,10.40000000000001
ACTUAL,1 Sectors (value added),Social & other services,va_oth,2010,real_growth_pct,2.0000000000000018
ACTUAL,1 Sectors (value added),Social & other services,va_oth,2011,real_growth_pct,5.724128386552763
ACTUAL,1 Sectors (value added),Social & other services,va_oth,2012,real_growth_pct,5.299999999999994
ACTUAL,1 Sectors (value added),Social & other services,va_oth,2013,real_growth_pct,7.200000000000006
ACTUAL,1 Sectors (value added),Social & other services,va_oth,2014,real_growth_pct,5.200000000000005
ACTUAL,1 Sectors (value added),Social & other services,va_oth,2015,real_growth_pct,1.7000000000000126
ACTUAL,1 Sectors (value added),Social & other services,va_oth,2016,real_growth_pct,-2.8999999999999915
ACTUAL,1 Sectors (value added),Social & other services,va_oth,2017,real_growth_pct,0.6000000000000005
ACTUAL,1 Sectors (value added),Social & other services,va_oth,2018,real_growth_pct,1.6000000000000014
ACTUAL,1 Sectors (value added),Social & other services,va_oth,2019,real_growth_pct,3.200000000000003
ACTUAL,1 Sectors (value added),Social & other services,va_oth,2020,real_growth_pct,-2.300000000000002
ACTUAL,1 Sectors (value added),Social & other services,va_oth,2021,real_growth_pct,4.999999999999982
ACTUAL,1 Sectors (value added),Social & other services,va_oth,2022,real_growth_pct,4.0999999999999925
ACTUAL,1 Sectors (value added),Social & other services,va_oth,2023,real_growth_pct,3.499999999999992
ACTUAL,1 Sectors (value added),Social & other services,va_oth,2024,real_growth_pct,4.400000000000004
ACTUAL,1 Sectors (value added),Social & other services,va_oth,2025,real_growth_pct,1.1999999999999789
ACTUAL,1 Sectors (value added),Tourism & catering,va_tou,2005,deflator,0.39340419570012286
ACTUAL,1 Sectors (value added),Tourism & catering,va_tou,2006,deflator,0.4384133256670412
ACTUAL,1 Sectors (value added),Tourism & catering,va_tou,2007,deflator,0.5137796383861073
ACTUAL,1 Sectors (value added),Tourism & catering,va_tou,2008,deflator,0.7201406942913705
ACTUAL,1 Sectors (value added),Tourism & catering,va_tou,2009,deflator,0.6971523197342657
ACTUAL,1 Sectors (value added),Tourism & catering,va_tou,2010,deflator,0.7677117398146309
ACTUAL,1 Sectors (value added),Tourism & catering,va_tou,2011,deflator,1.0710476557864717
ACTUAL,1 Sectors (value added),Tourism & catering,va_tou,2012,deflator,1.0684834859232175
ACTUAL,1 Sectors (value added),Tourism & catering,va_tou,2013,deflator,1.0974448628884828
ACTUAL,1 Sectors (value added),Tourism & catering,va_tou,2014,deflator,1.1020521023765997
ACTUAL,1 Sectors (value added),Tourism & catering,va_tou,2015,deflator,1.0
ACTUAL,1 Sectors (value added),Tourism & catering,va_tou,2016,deflator,1.062468777249963
ACTUAL,1 Sectors (value added),Tourism & catering,va_tou,2017,deflator,1.1618767249029376
ACTUAL,1 Sectors (value added),Tourism & catering,va_tou,2018,deflator,1.1896861411269293
ACTUAL,1 Sectors (value added),Tourism & catering,va_tou,2019,deflator,1.2071274935885803
ACTUAL,1 Sectors (value added),Tourism & catering,va_tou,2020,deflator,1.2298766519487585
ACTUAL,1 Sectors (value added),Tourism & catering,va_tou,2021,deflator,1.3020137245099794
ACTUAL,1 Sectors (value added),Tourism & catering,va_tou,2022,deflator,1.499542978622211
ACTUAL,1 Sectors (value added),Tourism & catering,va_tou,2023,deflator,1.621687472914618
ACTUAL,1 Sectors (value added),Tourism & catering,va_tou,2024,deflator,1.6601120204504018
ACTUAL,1 Sectors (value added),Tourism & catering,va_tou,2025,deflator,1.7524343629867725
ACTUAL,1 Sectors (value added),Tourism & catering,va_tou,2006,deflator_growth_pct,11.440937961227826
ACTUAL,1 Sectors (value added),Tourism & catering,va_tou,2007,deflator_growth_pct,17.19069843609271
ACTUAL,1 Sectors (value added),Tourism & catering,va_tou,2008,deflator_growth_pct,40.16528497577052
ACTUAL,1 Sectors (value added),Tourism & catering,va_tou,2009,deflator_growth_pct,-3.1922060146490794
ACTUAL,1 Sectors (value added),Tourism & catering,va_tou,2010,deflator_growth_pct,10.121090912709052
ACTUAL,1 Sectors (value added),Tourism & catering,va_tou,2011,deflator_growth_pct,39.51169433009885
ACTUAL,1 Sectors (value added),Tourism & catering,va_tou,2012,deflator_growth_pct,-0.23940763507589446
ACTUAL,1 Sectors (value added),Tourism & catering,va_tou,2013,deflator_growth_pct,2.710512361381179
ACTUAL,1 Sectors (value added),Tourism & catering,va_tou,2014,deflator_growth_pct,0.41981512182676095
ACTUAL,1 Sectors (value added),Tourism & catering,va_tou,2015,deflator_growth_pct,-9.260188529791114
ACTUAL,1 Sectors (value added),Tourism & catering,va_tou,2016,deflator_growth_pct,6.246877724996303
ACTUAL,1 Sectors (value added),Tourism & catering,va_tou,2017,deflator_growth_pct,9.356317077879384
ACTUAL,1 Sectors (value added),Tourism & catering,va_tou,2018,deflator_growth_pct,2.3934911189751995
ACTUAL,1 Sectors (value added),Tourism & catering,va_tou,2019,deflator_growth_pct,1.4660465360325725
ACTUAL,1 Sectors (value added),Tourism & catering,va_tou,2020,deflator_growth_pct,1.884569648277079
ACTUAL,1 Sectors (value added),Tourism & catering,va_tou,2021,deflator_growth_pct,5.865390846059126
ACTUAL,1 Sectors (value added),Tourism & catering,va_tou,2022,deflator_growth_pct,15.171057754139493
ACTUAL,1 Sectors (value added),Tourism & catering,va_tou,2023,deflator_growth_pct,8.145448048753767
ACTUAL,1 Sectors (value added),Tourism & catering,va_tou,2024,deflator_growth_pct,2.3694175466943967
ACTUAL,1 Sectors (value added),Tourism & catering,va_tou,2025,deflator_growth_pct,5.5612116169921455
ACTUAL,1 Sectors (value added),Tourism & catering,va_tou,2005,nominal,70.5
ACTUAL,1 Sectors (value added),Tourism & catering,va_tou,2006,nominal,100.8
ACTUAL,1 Sectors (value added),Tourism & catering,va_tou,2007,nominal,160.3
ACTUAL,1 Sectors (value added),Tourism & catering,va_tou,2008,nominal,303.1
ACTUAL,1 Sectors (value added),Tourism & catering,va_tou,2009,nominal,343.6
ACTUAL,1 Sectors (value added),Tourism & catering,va_tou,2010,nominal,442.69999999999993
ACTUAL,1 Sectors (value added),Tourism & catering,va_tou,2011,nominal,757.2
ACTUAL,1 Sectors (value added),Tourism & catering,va_tou,2012,nominal,897.4
ACTUAL,1 Sectors (value added),Tourism & catering,va_tou,2013,nominal,1069.2
ACTUAL,1 Sectors (value added),Tourism & catering,va_tou,2014,nominal,1269.1000000000001
ACTUAL,1 Sectors (value added),Tourism & catering,va_tou,2015,nominal,1312.8
ACTUAL,1 Sectors (value added),Tourism & catering,va_tou,2016,nominal,1424.1
ACTUAL,1 Sectors (value added),Tourism & catering,va_tou,2017,nominal,1664.8
ACTUAL,1 Sectors (value added),Tourism & catering,va_tou,2018,nominal,1834.2
ACTUAL,1 Sectors (value added),Tourism & catering,va_tou,2019,nominal,1980.2
ACTUAL,1 Sectors (value added),Tourism & catering,va_tou,2020,nominal,829.2
ACTUAL,1 Sectors (value added),Tourism & catering,va_tou,2021,nominal,1176.3
ACTUAL,1 Sectors (value added),Tourism & catering,va_tou,2022,nominal,2036.2
ACTUAL,1 Sectors (value added),Tourism & catering,va_tou,2023,nominal,2675.5
ACTUAL,1 Sectors (value added),Tourism & catering,va_tou,2024,nominal,3119.6
ACTUAL,1 Sectors (value added),Tourism & catering,va_tou,2025,nominal,3573.0
ACTUAL,1 Sectors (value added),Tourism & catering,va_tou,2006,nominal_growth_pct,42.97872340425533
ACTUAL,1 Sectors (value added),Tourism & catering,va_tou,2007,nominal_growth_pct,59.02777777777779
ACTUAL,1 Sectors (value added),Tourism & catering,va_tou,2008,nominal_growth_pct,89.08296943231441
ACTUAL,1 Sectors (value added),Tourism & catering,va_tou,2009,nominal_growth_pct,13.361926756845932
ACTUAL,1 Sectors (value added),Tourism & catering,va_tou,2010,nominal_growth_pct,28.841676367869585
ACTUAL,1 Sectors (value added),Tourism & catering,va_tou,2011,nominal_growth_pct,71.04133724870118
ACTUAL,1 Sectors (value added),Tourism & catering,va_tou,2012,nominal_growth_pct,18.515583729529837
ACTUAL,1 Sectors (value added),Tourism & catering,va_tou,2013,nominal_growth_pct,19.14419433920216
ACTUAL,1 Sectors (value added),Tourism & catering,va_tou,2014,nominal_growth_pct,18.696221473999252
ACTUAL,1 Sectors (value added),Tourism & catering,va_tou,2015,nominal_growth_pct,3.443385076038119
ACTUAL,1 Sectors (value added),Tourism & catering,va_tou,2016,nominal_growth_pct,8.4780621572212
ACTUAL,1 Sectors (value added),Tourism & catering,va_tou,2017,nominal_growth_pct,16.901902956253068
ACTUAL,1 Sectors (value added),Tourism & catering,va_tou,2018,nominal_growth_pct,10.175396444017304
ACTUAL,1 Sectors (value added),Tourism & catering,va_tou,2019,nominal_growth_pct,7.959873514338667
ACTUAL,1 Sectors (value added),Tourism & catering,va_tou,2020,nominal_growth_pct,-58.12544187455813
ACTUAL,1 Sectors (value added),Tourism & catering,va_tou,2021,nominal_growth_pct,41.85962373371923
ACTUAL,1 Sectors (value added),Tourism & catering,va_tou,2022,nominal_growth_pct,73.10209980447166
ACTUAL,1 Sectors (value added),Tourism & catering,va_tou,2023,nominal_growth_pct,31.396719379235826
ACTUAL,1 Sectors (value added),Tourism & catering,va_tou,2024,nominal_growth_pct,16.59876658568491
ACTUAL,1 Sectors (value added),Tourism & catering,va_tou,2025,nominal_growth_pct,14.533914604436472
ACTUAL,1 Sectors (value added),Tourism & catering,va_tou,2005,real,179.2050028204058
ACTUAL,1 Sectors (value added),Tourism & catering,va_tou,2006,real,229.92001861858068
ACTUAL,1 Sectors (value added),Tourism & catering,va_tou,2007,real,312.00146526541397
ACTUAL,1 Sectors (value added),Tourism & catering,va_tou,2008,real,420.88997664304344
ACTUAL,1 Sectors (value added),Tourism & catering,va_tou,2009,real,492.8621626490039
ACTUAL,1 Sectors (value added),Tourism & catering,va_tou,2010,real,576.6487302993345
ACTUAL,1 Sectors (value added),Tourism & catering,va_tou,2011,real,706.9713433469841
ACTUAL,1 Sectors (value added),Tourism & catering,va_tou,2012,real,839.881955896217
ACTUAL,1 Sectors (value added),Tourism & catering,va_tou,2013,real,974.2630688396117
ACTUAL,1 Sectors (value added),Tourism & catering,va_tou,2014,real,1151.578947368421
ACTUAL,1 Sectors (value added),Tourism & catering,va_tou,2015,real,1312.8
ACTUAL,1 Sectors (value added),Tourism & catering,va_tou,2016,real,1340.3687999999997
ACTUAL,1 Sectors (value added),Tourism & catering,va_tou,2017,real,1432.8542472
ACTUAL,1 Sectors (value added),Tourism & catering,va_tou,2018,real,1541.7511699871998
ACTUAL,1 Sectors (value added),Tourism & catering,va_tou,2019,real,1640.4232448663806
ACTUAL,1 Sectors (value added),Tourism & catering,va_tou,2020,real,674.2139536400824
ACTUAL,1 Sectors (value added),Tourism & catering,va_tou,2021,real,903.4466978777104
ACTUAL,1 Sectors (value added),Tourism & catering,va_tou,2022,real,1357.880386910199
ACTUAL,1 Sectors (value added),Tourism & catering,va_tou,2023,real,1649.8246700958916
ACTUAL,1 Sectors (value added),Tourism & catering,va_tou,2024,real,1879.1502992392207
ACTUAL,1 Sectors (value added),Tourism & catering,va_tou,2025,real,2038.8780746745545
ACTUAL,1 Sectors (value added),Tourism & catering,va_tou,2006,real_growth_pct,28.300000000000015
ACTUAL,1 Sectors (value added),Tourism & catering,va_tou,2007,real_growth_pct,35.699999999999996
ACTUAL,1 Sectors (value added),Tourism & catering,va_tou,2008,real_growth_pct,34.9
ACTUAL,1 Sectors (value added),Tourism & catering,va_tou,2009,real_growth_pct,17.100000000000005
ACTUAL,1 Sectors (value added),Tourism & catering,va_tou,2010,real_growth_pct,16.999999999999993
ACTUAL,1 Sectors (value added),Tourism & catering,va_tou,2011,real_growth_pct,22.599999999999998
ACTUAL,1 Sectors (value added),Tourism & catering,va_tou,2012,real_growth_pct,18.799999999999994
ACTUAL,1 Sectors (value added),Tourism & catering,va_tou,2013,real_growth_pct,15.999999999999993
ACTUAL,1 Sectors (value added),Tourism & catering,va_tou,2014,real_growth_pct,18.199999999999996
ACTUAL,1 Sectors (value added),Tourism & catering,va_tou,2015,real_growth_pct,13.99999999999999
ACTUAL,1 Sectors (value added),Tourism & catering,va_tou,2016,real_growth_pct,2.0999999999999908
ACTUAL,1 Sectors (value added),Tourism & catering,va_tou,2017,real_growth_pct,6.900000000000017
ACTUAL,1 Sectors (value added),Tourism & catering,va_tou,2018,real_growth_pct,7.5999999999999845
ACTUAL,1 Sectors (value added),Tourism & catering,va_tou,2019,real_growth_pct,6.400000000000006
ACTUAL,1 Sectors (value added),Tourism & catering,va_tou,2020,real_growth_pct,-58.9
ACTUAL,1 Sectors (value added),Tourism & catering,va_tou,2021,real_growth_pct,34.00000000000001
ACTUAL,1 Sectors (value added),Tourism & catering,va_tou,2022,real_growth_pct,50.30000000000001
ACTUAL,1 Sectors (value added),Tourism & catering,va_tou,2023,real_growth_pct,21.499999999999986
ACTUAL,1 Sectors (value added),Tourism & catering,va_tou,2024,real_growth_pct,13.900000000000002
ACTUAL,1 Sectors (value added),Tourism & catering,va_tou,2025,real_growth_pct,8.499999999999996
ACTUAL,1 Sectors (value added),Trade & vehicle repair,va_trd,2005,deflator,0.43113461182349955
ACTUAL,1 Sectors (value added),Trade & vehicle repair,va_trd,2006,deflator,0.4835361201740364
ACTUAL,1 Sectors (value added),Trade & vehicle repair,va_trd,2007,deflator,0.5840272503846924
ACTUAL,1 Sectors (value added),Trade & vehicle repair,va_trd,2008,deflator,0.7934397016831816
ACTUAL,1 Sectors (value added),Trade & vehicle repair,va_trd,2009,deflator,0.7892585111556261
ACTUAL,1 Sectors (value added),Trade & vehicle repair,va_trd,2010,deflator,0.8188518956009414
ACTUAL,1 Sectors (value added),Trade & vehicle repair,va_trd,2011,deflator,0.8955389610745609
ACTUAL,1 Sectors (value added),Trade & vehicle repair,va_trd,2012,deflator,0.9092409787668436
ACTUAL,1 Sectors (value added),Trade & vehicle repair,va_trd,2013,deflator,0.9393895671702736
ACTUAL,1 Sectors (value added),Trade & vehicle repair,va_trd,2014,deflator,0.9575463083262185
ACTUAL,1 Sectors (value added),Trade & vehicle repair,va_trd,2015,deflator,1.0
ACTUAL,1 Sectors (value added),Trade & vehicle repair,va_trd,2016,deflator,1.1432140886809223
ACTUAL,1 Sectors (value added),Trade & vehicle repair,va_trd,2017,deflator,1.3006186693735649
ACTUAL,1 Sectors (value added),Trade & vehicle repair,va_trd,2018,deflator,1.3279830424628187
ACTUAL,1 Sectors (value added),Trade & vehicle repair,va_trd,2019,deflator,1.3685733577006465
ACTUAL,1 Sectors (value added),Trade & vehicle repair,va_trd,2020,deflator,1.4171907499582876
ACTUAL,1 Sectors (value added),Trade & vehicle repair,va_trd,2021,deflator,1.508253982048726
ACTUAL,1 Sectors (value added),Trade & vehicle repair,va_trd,2022,deflator,1.713699379231665
ACTUAL,1 Sectors (value added),Trade & vehicle repair,va_trd,2023,deflator,1.9421097993004963
ACTUAL,1 Sectors (value added),Trade & vehicle repair,va_trd,2024,deflator,1.9767667663611468
ACTUAL,1 Sectors (value added),Trade & vehicle repair,va_trd,2025,deflator,2.060036441809964
ACTUAL,1 Sectors (value added),Trade & vehicle repair,va_trd,2006,deflator_growth_pct,12.154326494201605
ACTUAL,1 Sectors (value added),Trade & vehicle repair,va_trd,2007,deflator_growth_pct,20.782548814447765
ACTUAL,1 Sectors (value added),Trade & vehicle repair,va_trd,2008,deflator_growth_pct,35.856623327173764
ACTUAL,1 Sectors (value added),Trade & vehicle repair,va_trd,2009,deflator_growth_pct,-0.5269701678256911
ACTUAL,1 Sectors (value added),Trade & vehicle repair,va_trd,2010,deflator_growth_pct,3.749517303523908
ACTUAL,1 Sectors (value added),Trade & vehicle repair,va_trd,2011,deflator_growth_pct,9.365193618723943
ACTUAL,1 Sectors (value added),Trade & vehicle repair,va_trd,2012,deflator_growth_pct,1.5300303267477666
ACTUAL,1 Sectors (value added),Trade & vehicle repair,va_trd,2013,deflator_growth_pct,3.315797363677886
ACTUAL,1 Sectors (value added),Trade & vehicle repair,va_trd,2014,deflator_growth_pct,1.9328233770615988
ACTUAL,1 Sectors (value added),Trade & vehicle repair,va_trd,2015,deflator_growth_pct,4.433591493657385
ACTUAL,1 Sectors (value added),Trade & vehicle repair,va_trd,2016,deflator_growth_pct,14.321408868092234
ACTUAL,1 Sectors (value added),Trade & vehicle repair,va_trd,2017,deflator_growth_pct,13.768600496715443
ACTUAL,1 Sectors (value added),Trade & vehicle repair,va_trd,2018,deflator_growth_pct,2.1039505070639786
ACTUAL,1 Sectors (value added),Trade & vehicle repair,va_trd,2019,deflator_growth_pct,3.056538671047382
ACTUAL,1 Sectors (value added),Trade & vehicle repair,va_trd,2020,deflator_growth_pct,3.5524140510322155
ACTUAL,1 Sectors (value added),Trade & vehicle repair,va_trd,2021,deflator_growth_pct,6.4256157537804
ACTUAL,1 Sectors (value added),Trade & vehicle repair,va_trd,2022,deflator_growth_pct,13.621405918907236
ACTUAL,1 Sectors (value added),Trade & vehicle repair,va_trd,2023,deflator_growth_pct,13.328499901262658
ACTUAL,1 Sectors (value added),Trade & vehicle repair,va_trd,2024,deflator_growth_pct,1.7845009109749066
ACTUAL,1 Sectors (value added),Trade & vehicle repair,va_trd,2025,deflator_growth_pct,4.212417816093739
ACTUAL,1 Sectors (value added),Trade & vehicle repair,va_trd,2005,nominal,760.0
ACTUAL,1 Sectors (value added),Trade & vehicle repair,va_trd,2006,nominal,1005.8
ACTUAL,1 Sectors (value added),Trade & vehicle repair,va_trd,2007,nominal,1400.7
ACTUAL,1 Sectors (value added),Trade & vehicle repair,va_trd,2008,nominal,2197.9
ACTUAL,1 Sectors (value added),Trade & vehicle repair,va_trd,2009,nominal,2380.9
ACTUAL,1 Sectors (value added),Trade & vehicle repair,va_trd,2010,nominal,2724.6
ACTUAL,1 Sectors (value added),Trade & vehicle repair,va_trd,2011,nominal,3283.7
ACTUAL,1 Sectors (value added),Trade & vehicle repair,va_trd,2012,nominal,3654.0
ACTUAL,1 Sectors (value added),Trade & vehicle repair,va_trd,2013,nominal,4148.9
ACTUAL,1 Sectors (value added),Trade & vehicle repair,va_trd,2014,nominal,4652.0
ACTUAL,1 Sectors (value added),Trade & vehicle repair,va_trd,2015,nominal,5387.8
ACTUAL,1 Sectors (value added),Trade & vehicle repair,va_trd,2016,nominal,6251.800000000001
ACTUAL,1 Sectors (value added),Trade & vehicle repair,va_trd,2017,nominal,7290.4
ACTUAL,1 Sectors (value added),Trade & vehicle repair,va_trd,2018,nominal,7667.100000000001
ACTUAL,1 Sectors (value added),Trade & vehicle repair,va_trd,2019,nominal,8185.9
ACTUAL,1 Sectors (value added),Trade & vehicle repair,va_trd,2020,nominal,8366.5
ACTUAL,1 Sectors (value added),Trade & vehicle repair,va_trd,2021,nominal,9340.4
ACTUAL,1 Sectors (value added),Trade & vehicle repair,va_trd,2022,nominal,10952.3
ACTUAL,1 Sectors (value added),Trade & vehicle repair,va_trd,2023,nominal,12846.5
ACTUAL,1 Sectors (value added),Trade & vehicle repair,va_trd,2024,nominal,13585.7
ACTUAL,1 Sectors (value added),Trade & vehicle repair,va_trd,2025,nominal,14625.200000000003
ACTUAL,1 Sectors (value added),Trade & vehicle repair,va_trd,2006,nominal_growth_pct,32.34210526315788
ACTUAL,1 Sectors (value added),Trade & vehicle repair,va_trd,2007,nominal_growth_pct,39.26227878305828
ACTUAL,1 Sectors (value added),Trade & vehicle repair,va_trd,2008,nominal_growth_pct,56.914399942885694
ACTUAL,1 Sectors (value added),Trade & vehicle repair,va_trd,2009,nominal_growth_pct,8.32612948723781
ACTUAL,1 Sectors (value added),Trade & vehicle repair,va_trd,2010,nominal_growth_pct,14.435717585786879
ACTUAL,1 Sectors (value added),Trade & vehicle repair,va_trd,2011,nominal_growth_pct,20.520443367833806
ACTUAL,1 Sectors (value added),Trade & vehicle repair,va_trd,2012,nominal_growth_pct,11.276913238115549
ACTUAL,1 Sectors (value added),Trade & vehicle repair,va_trd,2013,nominal_growth_pct,13.544061302681975
ACTUAL,1 Sectors (value added),Trade & vehicle repair,va_trd,2014,nominal_growth_pct,12.126105714767776
ACTUAL,1 Sectors (value added),Trade & vehicle repair,va_trd,2015,nominal_growth_pct,15.816852966466044
ACTUAL,1 Sectors (value added),Trade & vehicle repair,va_trd,2016,nominal_growth_pct,16.03623000111365
ACTUAL,1 Sectors (value added),Trade & vehicle repair,va_trd,2017,nominal_growth_pct,16.612815509133338
ACTUAL,1 Sectors (value added),Trade & vehicle repair,va_trd,2018,nominal_growth_pct,5.167069022275883
ACTUAL,1 Sectors (value added),Trade & vehicle repair,va_trd,2019,nominal_growth_pct,6.766574063205111
ACTUAL,1 Sectors (value added),Trade & vehicle repair,va_trd,2020,nominal_growth_pct,2.2062326683687905
ACTUAL,1 Sectors (value added),Trade & vehicle repair,va_trd,2021,nominal_growth_pct,11.64047092571565
ACTUAL,1 Sectors (value added),Trade & vehicle repair,va_trd,2022,nominal_growth_pct,17.25729090831227
ACTUAL,1 Sectors (value added),Trade & vehicle repair,va_trd,2023,nominal_growth_pct,17.294997397806867
ACTUAL,1 Sectors (value added),Trade & vehicle repair,va_trd,2024,nominal_growth_pct,5.754096446502954
ACTUAL,1 Sectors (value added),Trade & vehicle repair,va_trd,2025,nominal_growth_pct,7.651427604024841
ACTUAL,1 Sectors (value added),Trade & vehicle repair,va_trd,2005,real,1762.7905047696179
ACTUAL,1 Sectors (value added),Trade & vehicle repair,va_trd,2006,real,2080.092795628149
ACTUAL,1 Sectors (value added),Trade & vehicle repair,va_trd,2007,real,2398.3469933592555
ACTUAL,1 Sectors (value added),Trade & vehicle repair,va_trd,2008,real,2770.09077732994
ACTUAL,1 Sectors (value added),Trade & vehicle repair,va_trd,2009,real,3016.6288565123045
ACTUAL,1 Sectors (value added),Trade & vehicle repair,va_trd,2010,real,3327.341628733072
ACTUAL,1 Sectors (value added),Trade & vehicle repair,va_trd,2011,real,3666.7304748638458
ACTUAL,1 Sectors (value added),Trade & vehicle repair,va_trd,2012,real,4018.7366004507744
ACTUAL,1 Sectors (value added),Trade & vehicle repair,va_trd,2013,real,4416.591523895401
ACTUAL,1 Sectors (value added),Trade & vehicle repair,va_trd,2014,real,4858.250676284942
ACTUAL,1 Sectors (value added),Trade & vehicle repair,va_trd,2015,real,5387.8
ACTUAL,1 Sectors (value added),Trade & vehicle repair,va_trd,2016,real,5468.617000000001
ACTUAL,1 Sectors (value added),Trade & vehicle repair,va_trd,2017,real,5605.332425000001
ACTUAL,1 Sectors (value added),Trade & vehicle repair,va_trd,2018,real,5773.492397750001
ACTUAL,1 Sectors (value added),Trade & vehicle repair,va_trd,2019,real,5981.338124069001
ACTUAL,1 Sectors (value added),Trade & vehicle repair,va_trd,2020,real,5903.580728456104
ACTUAL,1 Sectors (value added),Trade & vehicle repair,va_trd,2021,real,6192.856184150453
ACTUAL,1 Sectors (value added),Trade & vehicle repair,va_trd,2022,real,6391.027582043269
ACTUAL,1 Sectors (value added),Trade & vehicle repair,va_trd,2023,real,6614.7135474147835
ACTUAL,1 Sectors (value added),Trade & vehicle repair,va_trd,2024,real,6872.6873757639605
ACTUAL,1 Sectors (value added),Trade & vehicle repair,va_trd,2025,real,7099.486059164171
ACTUAL,1 Sectors (value added),Trade & vehicle repair,va_trd,2006,real_growth_pct,17.999999999999993
ACTUAL,1 Sectors (value added),Trade & vehicle repair,va_trd,2007,real_growth_pct,15.300000000000002
ACTUAL,1 Sectors (value added),Trade & vehicle repair,va_trd,2008,real_growth_pct,15.500000000000004
ACTUAL,1 Sectors (value added),Trade & vehicle repair,va_trd,2009,real_growth_pct,8.899999999999997
ACTUAL,1 Sectors (value added),Trade & vehicle repair,va_trd,2010,real_growth_pct,10.299999999999997
ACTUAL,1 Sectors (value added),Trade & vehicle repair,va_trd,2011,real_growth_pct,10.20000000000001
ACTUAL,1 Sectors (value added),Trade & vehicle repair,va_trd,2012,real_growth_pct,9.599999999999987
ACTUAL,1 Sectors (value added),Trade & vehicle repair,va_trd,2013,real_growth_pct,9.899999999999999
ACTUAL,1 Sectors (value added),Trade & vehicle repair,va_trd,2014,real_growth_pct,10.000000000000009
ACTUAL,1 Sectors (value added),Trade & vehicle repair,va_trd,2015,real_growth_pct,10.899999999999999
ACTUAL,1 Sectors (value added),Trade & vehicle repair,va_trd,2016,real_growth_pct,1.5000000000000124
ACTUAL,1 Sectors (value added),Trade & vehicle repair,va_trd,2017,real_growth_pct,2.5000000000000133
ACTUAL,1 Sectors (value added),Trade & vehicle repair,va_trd,2018,real_growth_pct,3.0000000000000027
ACTUAL,1 Sectors (value added),Trade & vehicle repair,va_trd,2019,real_growth_pct,3.600000000000003
ACTUAL,1 Sectors (value added),Trade & vehicle repair,va_trd,2020,real_growth_pct,-1.3000000000000012
ACTUAL,1 Sectors (value added),Trade & vehicle repair,va_trd,2021,real_growth_pct,4.899999999999993
ACTUAL,1 Sectors (value added),Trade & vehicle repair,va_trd,2022,real_growth_pct,3.200000000000025
ACTUAL,1 Sectors (value added),Trade & vehicle repair,va_trd,2023,real_growth_pct,3.500000000000014
ACTUAL,1 Sectors (value added),Trade & vehicle repair,va_trd,2024,real_growth_pct,3.9000000000000146
ACTUAL,1 Sectors (value added),Trade & vehicle repair,va_trd,2025,real_growth_pct,3.299999999999992
ACTUAL,1 Sectors (value added),Transport & storage,va_tra,2005,deflator,0.44724106277981457
ACTUAL,1 Sectors (value added),Transport & storage,va_tra,2006,deflator,0.4521722126744228
ACTUAL,1 Sectors (value added),Transport & storage,va_tra,2007,deflator,0.7278218217191448
ACTUAL,1 Sectors (value added),Transport & storage,va_tra,2008,deflator,0.8262767954062609
ACTUAL,1 Sectors (value added),Transport & storage,va_tra,2009,deflator,0.8817651755112259
ACTUAL,1 Sectors (value added),Transport & storage,va_tra,2010,deflator,0.8326162465762488
ACTUAL,1 Sectors (value added),Transport & storage,va_tra,2011,deflator,0.9421256301932879
ACTUAL,1 Sectors (value added),Transport & storage,va_tra,2012,deflator,0.9090064252002837
ACTUAL,1 Sectors (value added),Transport & storage,va_tra,2013,deflator,0.8155447265183997
ACTUAL,1 Sectors (value added),Transport & storage,va_tra,2014,deflator,0.805314692001604
ACTUAL,1 Sectors (value added),Transport & storage,va_tra,2015,deflator,1.0
ACTUAL,1 Sectors (value added),Transport & storage,va_tra,2016,deflator,1.2660572556586691
ACTUAL,1 Sectors (value added),Transport & storage,va_tra,2017,deflator,1.3509353382514702
ACTUAL,1 Sectors (value added),Transport & storage,va_tra,2018,deflator,1.3099887978374485
ACTUAL,1 Sectors (value added),Transport & storage,va_tra,2019,deflator,1.2772223794770434
ACTUAL,1 Sectors (value added),Transport & storage,va_tra,2020,deflator,1.2944615452813888
ACTUAL,1 Sectors (value added),Transport & storage,va_tra,2021,deflator,1.3732886900428558
ACTUAL,1 Sectors (value added),Transport & storage,va_tra,2022,deflator,1.398638526854638
ACTUAL,1 Sectors (value added),Transport & storage,va_tra,2023,deflator,1.4493243260725417
ACTUAL,1 Sectors (value added),Transport & storage,va_tra,2024,deflator,1.4058159687055967
ACTUAL,1 Sectors (value added),Transport & storage,va_tra,2025,deflator,1.4265838537906612
ACTUAL,1 Sectors (value added),Transport & storage,va_tra,2006,deflator_growth_pct,1.102570918680601
ACTUAL,1 Sectors (value added),Transport & storage,va_tra,2007,deflator_growth_pct,60.96120047146678
ACTUAL,1 Sectors (value added),Transport & storage,va_tra,2008,deflator_growth_pct,13.52734567020284
ACTUAL,1 Sectors (value added),Transport & storage,va_tra,2009,deflator_growth_pct,6.715471185135091
ACTUAL,1 Sectors (value added),Transport & storage,va_tra,2010,deflator_growth_pct,-5.573924929217322
ACTUAL,1 Sectors (value added),Transport & storage,va_tra,2011,deflator_growth_pct,13.152443765942113
ACTUAL,1 Sectors (value added),Transport & storage,va_tra,2012,deflator_growth_pct,-3.5153703425104044
ACTUAL,1 Sectors (value added),Transport & storage,va_tra,2013,deflator_growth_pct,-10.28174236076399
ACTUAL,1 Sectors (value added),Transport & storage,va_tra,2014,deflator_growth_pct,-1.254380561133439
ACTUAL,1 Sectors (value added),Transport & storage,va_tra,2015,deflator_growth_pct,24.17505975390901
ACTUAL,1 Sectors (value added),Transport & storage,va_tra,2016,deflator_growth_pct,26.605725565866912
ACTUAL,1 Sectors (value added),Transport & storage,va_tra,2017,deflator_growth_pct,6.7041267062320165
ACTUAL,1 Sectors (value added),Transport & storage,va_tra,2018,deflator_growth_pct,-3.0309770760027055
ACTUAL,1 Sectors (value added),Transport & storage,va_tra,2019,deflator_growth_pct,-2.501274699027689
ACTUAL,1 Sectors (value added),Transport & storage,va_tra,2020,deflator_growth_pct,1.3497387832652752
ACTUAL,1 Sectors (value added),Transport & storage,va_tra,2021,deflator_growth_pct,6.089570219278451
ACTUAL,1 Sectors (value added),Transport & storage,va_tra,2022,deflator_growth_pct,1.8459219096161883
ACTUAL,1 Sectors (value added),Transport & storage,va_tra,2023,deflator_growth_pct,3.623938440469665
ACTUAL,1 Sectors (value added),Transport & storage,va_tra,2024,deflator_growth_pct,-3.001975236615695
ACTUAL,1 Sectors (value added),Transport & storage,va_tra,2025,deflator_growth_pct,1.4772833391689666
ACTUAL,1 Sectors (value added),Transport & storage,va_tra,2005,nominal,650.9
ACTUAL,1 Sectors (value added),Transport & storage,va_tra,2006,nominal,875.9
ACTUAL,1 Sectors (value added),Transport & storage,va_tra,2007,nominal,1601.5999999999997
ACTUAL,1 Sectors (value added),Transport & storage,va_tra,2008,nominal,2061.9
ACTUAL,1 Sectors (value added),Transport & storage,va_tra,2009,nominal,2402.8
ACTUAL,1 Sectors (value added),Transport & storage,va_tra,2010,nominal,2368.7
ACTUAL,1 Sectors (value added),Transport & storage,va_tra,2011,nominal,2658.8
ACTUAL,1 Sectors (value added),Transport & storage,va_tra,2012,nominal,2693.6
ACTUAL,1 Sectors (value added),Transport & storage,va_tra,2013,nominal,2568.9
ACTUAL,1 Sectors (value added),Transport & storage,va_tra,2014,nominal,2655.9
ACTUAL,1 Sectors (value added),Transport & storage,va_tra,2015,nominal,3241.9
ACTUAL,1 Sectors (value added),Transport & storage,va_tra,2016,nominal,4075.7000000000003
ACTUAL,1 Sectors (value added),Transport & storage,va_tra,2017,nominal,4718.6
ACTUAL,1 Sectors (value added),Transport & storage,va_tra,2018,nominal,4927.9
ACTUAL,1 Sectors (value added),Transport & storage,va_tra,2019,nominal,4867.1
ACTUAL,1 Sectors (value added),Transport & storage,va_tra,2020,nominal,5174.5
ACTUAL,1 Sectors (value added),Transport & storage,va_tra,2021,nominal,6389.899999999999
ACTUAL,1 Sectors (value added),Transport & storage,va_tra,2022,nominal,8121.8
ACTUAL,1 Sectors (value added),Transport & storage,va_tra,2023,nominal,7826.999999999999
ACTUAL,1 Sectors (value added),Transport & storage,va_tra,2024,nominal,8579.0
ACTUAL,1 Sectors (value added),Transport & storage,va_tra,2025,nominal,9106.2
ACTUAL,1 Sectors (value added),Transport & storage,va_tra,2006,nominal_growth_pct,34.567521892763864
ACTUAL,1 Sectors (value added),Transport & storage,va_tra,2007,nominal_growth_pct,82.85192373558623
ACTUAL,1 Sectors (value added),Transport & storage,va_tra,2008,nominal_growth_pct,28.74000999001003
ACTUAL,1 Sectors (value added),Transport & storage,va_tra,2009,nominal_growth_pct,16.53329453416752
ACTUAL,1 Sectors (value added),Transport & storage,va_tra,2010,nominal_growth_pct,-1.4191776261028966
ACTUAL,1 Sectors (value added),Transport & storage,va_tra,2011,nominal_growth_pct,12.24722421581459
ACTUAL,1 Sectors (value added),Transport & storage,va_tra,2012,nominal_growth_pct,1.3088611403640593
ACTUAL,1 Sectors (value added),Transport & storage,va_tra,2013,nominal_growth_pct,-4.629492129492119
ACTUAL,1 Sectors (value added),Transport & storage,va_tra,2014,nominal_growth_pct,3.3866635524932853
ACTUAL,1 Sectors (value added),Transport & storage,va_tra,2015,nominal_growth_pct,22.064083738092542
ACTUAL,1 Sectors (value added),Transport & storage,va_tra,2016,nominal_growth_pct,25.719485486905835
ACTUAL,1 Sectors (value added),Transport & storage,va_tra,2017,nominal_growth_pct,15.773977476261747
ACTUAL,1 Sectors (value added),Transport & storage,va_tra,2018,nominal_growth_pct,4.435637689145078
ACTUAL,1 Sectors (value added),Transport & storage,va_tra,2019,nominal_growth_pct,-1.2337912701150477
ACTUAL,1 Sectors (value added),Transport & storage,va_tra,2020,nominal_growth_pct,6.315875983645292
ACTUAL,1 Sectors (value added),Transport & storage,va_tra,2021,nominal_growth_pct,23.488259735240092
ACTUAL,1 Sectors (value added),Transport & storage,va_tra,2022,nominal_growth_pct,27.10371054320102
ACTUAL,1 Sectors (value added),Transport & storage,va_tra,2023,nominal_growth_pct,-3.6297372503632297
ACTUAL,1 Sectors (value added),Transport & storage,va_tra,2024,nominal_growth_pct,9.60776798262426
ACTUAL,1 Sectors (value added),Transport & storage,va_tra,2025,nominal_growth_pct,6.145238372770723
ACTUAL,1 Sectors (value added),Transport & storage,va_tra,2005,real,1455.3672597823395
ACTUAL,1 Sectors (value added),Transport & storage,va_tra,2006,real,1937.0938227702939
ACTUAL,1 Sectors (value added),Transport & storage,va_tra,2007,real,2200.5385826670536
ACTUAL,1 Sectors (value added),Transport & storage,va_tra,2008,real,2495.410752744439
ACTUAL,1 Sectors (value added),Transport & storage,va_tra,2009,real,2724.9885419969273
ACTUAL,1 Sectors (value added),Transport & storage,va_tra,2010,real,2844.888037844792
ACTUAL,1 Sectors (value added),Transport & storage,va_tra,2011,real,2822.128933542034
ACTUAL,1 Sectors (value added),Transport & storage,va_tra,2012,real,2963.2353802191355
ACTUAL,1 Sectors (value added),Transport & storage,va_tra,2013,real,3149.919209172941
ACTUAL,1 Sectors (value added),Transport & storage,va_tra,2014,real,3297.965412004069
ACTUAL,1 Sectors (value added),Transport & storage,va_tra,2015,real,3241.9
ACTUAL,1 Sectors (value added),Transport & storage,va_tra,2016,real,3219.2066999999997
ACTUAL,1 Sectors (value added),Transport & storage,va_tra,2017,real,3492.8392695
ACTUAL,1 Sectors (value added),Transport & storage,va_tra,2018,real,3761.7878932514996
ACTUAL,1 Sectors (value added),Transport & storage,va_tra,2019,real,3810.691135863769
ACTUAL,1 Sectors (value added),Transport & storage,va_tra,2020,real,3997.4150015210935
ACTUAL,1 Sectors (value added),Transport & storage,va_tra,2021,real,4652.991061770553
ACTUAL,1 Sectors (value added),Transport & storage,va_tra,2022,real,5806.93284508965
ACTUAL,1 Sectors (value added),Transport & storage,va_tra,2023,real,5400.447545933374
ACTUAL,1 Sectors (value added),Transport & storage,va_tra,2024,real,6102.505726904713
ACTUAL,1 Sectors (value added),Transport & storage,va_tra,2025,real,6383.220990342329
ACTUAL,1 Sectors (value added),Transport & storage,va_tra,2006,real_growth_pct,33.099999999999994
ACTUAL,1 Sectors (value added),Transport & storage,va_tra,2007,real_growth_pct,13.59999999999999
ACTUAL,1 Sectors (value added),Transport & storage,va_tra,2008,real_growth_pct,13.400000000000013
ACTUAL,1 Sectors (value added),Transport & storage,va_tra,2009,real_growth_pct,9.200000000000008
ACTUAL,1 Sectors (value added),Transport & storage,va_tra,2010,real_growth_pct,4.400000000000004
ACTUAL,1 Sectors (value added),Transport & storage,va_tra,2011,real_growth_pct,-0.8000000000000007
ACTUAL,1 Sectors (value added),Transport & storage,va_tra,2012,real_growth_pct,5.000000000000004
ACTUAL,1 Sectors (value added),Transport & storage,va_tra,2013,real_growth_pct,6.2999999999999945
ACTUAL,1 Sectors (value added),Transport & storage,va_tra,2014,real_growth_pct,4.699999999999993
ACTUAL,1 Sectors (value added),Transport & storage,va_tra,2015,real_growth_pct,-1.6999999999999904
ACTUAL,1 Sectors (value added),Transport & storage,va_tra,2016,real_growth_pct,-0.7000000000000117
ACTUAL,1 Sectors (value added),Transport & storage,va_tra,2017,real_growth_pct,8.499999999999996
ACTUAL,1 Sectors (value added),Transport & storage,va_tra,2018,real_growth_pct,7.699999999999996
ACTUAL,1 Sectors (value added),Transport & storage,va_tra,2019,real_growth_pct,1.29999999999999
ACTUAL,1 Sectors (value added),Transport & storage,va_tra,2020,real_growth_pct,4.899999999999993
ACTUAL,1 Sectors (value added),Transport & storage,va_tra,2021,real_growth_pct,16.39999999999999
ACTUAL,1 Sectors (value added),Transport & storage,va_tra,2022,real_growth_pct,24.8
ACTUAL,1 Sectors (value added),Transport & storage,va_tra,2023,real_growth_pct,-7.000000000000006
ACTUAL,1 Sectors (value added),Transport & storage,va_tra,2024,real_growth_pct,12.99999999999999
ACTUAL,1 Sectors (value added),Transport & storage,va_tra,2025,real_growth_pct,4.599999999999982
ACTUAL,1 Sectors (value added),Water supply & waste,va_wat,2009,deflator,0.9511352351599083
ACTUAL,1 Sectors (value added),Water supply & waste,va_wat,2010,deflator,0.6792791664865231
ACTUAL,1 Sectors (value added),Water supply & waste,va_wat,2011,deflator,0.874885043603846
ACTUAL,1 Sectors (value added),Water supply & waste,va_wat,2012,deflator,0.86106003
ACTUAL,1 Sectors (value added),Water supply & waste,va_wat,2013,deflator,1.060166517094017
ACTUAL,1 Sectors (value added),Water supply & waste,va_wat,2014,deflator,0.9908098290598291
ACTUAL,1 Sectors (value added),Water supply & waste,va_wat,2015,deflator,1.0
ACTUAL,1 Sectors (value added),Water supply & waste,va_wat,2016,deflator,1.3093793305273669
ACTUAL,1 Sectors (value added),Water supply & waste,va_wat,2017,deflator,1.4614046134282932
ACTUAL,1 Sectors (value added),Water supply & waste,va_wat,2018,deflator,1.5300257979102734
ACTUAL,1 Sectors (value added),Water supply & waste,va_wat,2019,deflator,1.4820570788216736
ACTUAL,1 Sectors (value added),Water supply & waste,va_wat,2020,deflator,1.7199447298809636
ACTUAL,1 Sectors (value added),Water supply & waste,va_wat,2021,deflator,2.1112490313104133
ACTUAL,1 Sectors (value added),Water supply & waste,va_wat,2022,deflator,2.0170387865463746
ACTUAL,1 Sectors (value added),Water supply & waste,va_wat,2023,deflator,1.9664750802711677
ACTUAL,1 Sectors (value added),Water supply & waste,va_wat,2024,deflator,1.9542029360154431
ACTUAL,1 Sectors (value added),Water supply & waste,va_wat,2025,deflator,2.045529701265861
ACTUAL,1 Sectors (value added),Water supply & waste,va_wat,2010,deflator_growth_pct,-28.582272911767358
ACTUAL,1 Sectors (value added),Water supply & waste,va_wat,2011,deflator_growth_pct,28.79609544468544
ACTUAL,1 Sectors (value added),Water supply & waste,va_wat,2012,deflator_growth_pct,-1.58020916061129
ACTUAL,1 Sectors (value added),Water supply & waste,va_wat,2013,deflator_growth_pct,23.123415343529196
ACTUAL,1 Sectors (value added),Water supply & waste,va_wat,2014,deflator_growth_pct,-6.542056074766355
ACTUAL,1 Sectors (value added),Water supply & waste,va_wat,2015,deflator_growth_pct,0.9275413576479652
ACTUAL,1 Sectors (value added),Water supply & waste,va_wat,2016,deflator_growth_pct,30.93793305273669
ACTUAL,1 Sectors (value added),Water supply & waste,va_wat,2017,deflator_growth_pct,11.610484399482356
ACTUAL,1 Sectors (value added),Water supply & waste,va_wat,2018,deflator_growth_pct,4.69556369614863
ACTUAL,1 Sectors (value added),Water supply & waste,va_wat,2019,deflator_growth_pct,-3.13515753486745
ACTUAL,1 Sectors (value added),Water supply & waste,va_wat,2020,deflator_growth_pct,16.051180110311634
ACTUAL,1 Sectors (value added),Water supply & waste,va_wat,2021,deflator_growth_pct,22.750981158361515
ACTUAL,1 Sectors (value added),Water supply & waste,va_wat,2022,deflator_growth_pct,-4.462299016689853
ACTUAL,1 Sectors (value added),Water supply & waste,va_wat,2023,deflator_growth_pct,-2.5068286545834484
ACTUAL,1 Sectors (value added),Water supply & waste,va_wat,2024,deflator_growth_pct,-0.6240681297640549
ACTUAL,1 Sectors (value added),Water supply & waste,va_wat,2025,deflator_growth_pct,4.673351143184257
ACTUAL,1 Sectors (value added),Water supply & waste,va_wat,2009,nominal,65.8
ACTUAL,1 Sectors (value added),Water supply & waste,va_wat,2010,nominal,46.1
ACTUAL,1 Sectors (value added),Water supply & waste,va_wat,2011,nominal,66.5
ACTUAL,1 Sectors (value added),Water supply & waste,va_wat,2012,nominal,66.3
ACTUAL,1 Sectors (value added),Water supply & waste,va_wat,2013,nominal,91.1
ACTUAL,1 Sectors (value added),Water supply & waste,va_wat,2014,nominal,91.1
ACTUAL,1 Sectors (value added),Water supply & waste,va_wat,2015,nominal,93.6
ACTUAL,1 Sectors (value added),Water supply & waste,va_wat,2016,nominal,121.70000000000002
ACTUAL,1 Sectors (value added),Water supply & waste,va_wat,2017,nominal,134.2
ACTUAL,1 Sectors (value added),Water supply & waste,va_wat,2018,nominal,145.7
ACTUAL,1 Sectors (value added),Water supply & waste,va_wat,2019,nominal,149.6
ACTUAL,1 Sectors (value added),Water supply & waste,va_wat,2020,nominal,165.8
ACTUAL,1 Sectors (value added),Water supply & waste,va_wat,2021,nominal,231.20000000000002
ACTUAL,1 Sectors (value added),Water supply & waste,va_wat,2022,nominal,240.09999999999997
ACTUAL,1 Sectors (value added),Water supply & waste,va_wat,2023,nominal,271.3
ACTUAL,1 Sectors (value added),Water supply & waste,va_wat,2024,nominal,281.2
ACTUAL,1 Sectors (value added),Water supply & waste,va_wat,2025,nominal,301.7
ACTUAL,1 Sectors (value added),Water supply & waste,va_wat,2010,nominal_growth_pct,-29.93920972644376
ACTUAL,1 Sectors (value added),Water supply & waste,va_wat,2011,nominal_growth_pct,44.25162689804771
ACTUAL,1 Sectors (value added),Water supply & waste,va_wat,2012,nominal_growth_pct,-0.300751879699257
ACTUAL,1 Sectors (value added),Water supply & waste,va_wat,2013,nominal_growth_pct,37.405731523378584
ACTUAL,1 Sectors (value added),Water supply & waste,va_wat,2014,nominal_growth_pct,0.0
ACTUAL,1 Sectors (value added),Water supply & waste,va_wat,2015,nominal_growth_pct,2.7442371020856227
ACTUAL,1 Sectors (value added),Water supply & waste,va_wat,2016,nominal_growth_pct,30.021367521367548
ACTUAL,1 Sectors (value added),Water supply & waste,va_wat,2017,nominal_growth_pct,10.271158586688545
ACTUAL,1 Sectors (value added),Water supply & waste,va_wat,2018,nominal_growth_pct,8.569299552906106
ACTUAL,1 Sectors (value added),Water supply & waste,va_wat,2019,nominal_growth_pct,2.6767330130405
ACTUAL,1 Sectors (value added),Water supply & waste,va_wat,2020,nominal_growth_pct,10.828877005347604
ACTUAL,1 Sectors (value added),Water supply & waste,va_wat,2021,nominal_growth_pct,39.44511459589868
ACTUAL,1 Sectors (value added),Water supply & waste,va_wat,2022,nominal_growth_pct,3.84948096885811
ACTUAL,1 Sectors (value added),Water supply & waste,va_wat,2023,nominal_growth_pct,12.994585589337792
ACTUAL,1 Sectors (value added),Water supply & waste,va_wat,2024,nominal_growth_pct,3.6490969406560936
ACTUAL,1 Sectors (value added),Water supply & waste,va_wat,2025,nominal_growth_pct,7.290184921763876
ACTUAL,1 Sectors (value added),Water supply & waste,va_wat,2009,real,69.18048829190674
ACTUAL,1 Sectors (value added),Water supply & waste,va_wat,2010,real,67.86605901436052
ACTUAL,1 Sectors (value added),Water supply & waste,va_wat,2011,real,76.0099860960838
ACTUAL,1 Sectors (value added),Water supply & waste,va_wat,2012,real,76.99811591533287
ACTUAL,1 Sectors (value added),Water supply & waste,va_wat,2013,real,85.92989736151148
ACTUAL,1 Sectors (value added),Water supply & waste,va_wat,2014,real,91.94499017681729
ACTUAL,1 Sectors (value added),Water supply & waste,va_wat,2015,real,93.6
ACTUAL,1 Sectors (value added),Water supply & waste,va_wat,2016,real,92.9448
ACTUAL,1 Sectors (value added),Water supply & waste,va_wat,2017,real,91.8294624
ACTUAL,1 Sectors (value added),Water supply & waste,va_wat,2018,real,95.22715250879999
ACTUAL,1 Sectors (value added),Water supply & waste,va_wat,2019,real,100.94078165932798
ACTUAL,1 Sectors (value added),Water supply & waste,va_wat,2020,real,96.39844648465822
ACTUAL,1 Sectors (value added),Water supply & waste,va_wat,2021,real,109.50863520657174
ACTUAL,1 Sectors (value added),Water supply & waste,va_wat,2022,real,119.03588646954347
ACTUAL,1 Sectors (value added),Water supply & waste,va_wat,2023,real,137.9625924182009
ACTUAL,1 Sectors (value added),Water supply & waste,va_wat,2024,real,143.89498389218355
ACTUAL,1 Sectors (value added),Water supply & waste,va_wat,2025,real,147.49235848948814
ACTUAL,1 Sectors (value added),Water supply & waste,va_wat,2010,real_growth_pct,-1.8999999999999906
ACTUAL,1 Sectors (value added),Water supply & waste,va_wat,2011,real_growth_pct,12.000000000000032
ACTUAL,1 Sectors (value added),Water supply & waste,va_wat,2012,real_growth_pct,1.29999999999999
ACTUAL,1 Sectors (value added),Water supply & waste,va_wat,2013,real_growth_pct,11.599999999999987
ACTUAL,1 Sectors (value added),Water supply & waste,va_wat,2014,real_growth_pct,7.000000000000006
ACTUAL,1 Sectors (value added),Water supply & waste,va_wat,2015,real_growth_pct,1.8000000000000016
ACTUAL,1 Sectors (value added),Water supply & waste,va_wat,2016,real_growth_pct,-0.6999999999999895
ACTUAL,1 Sectors (value added),Water supply & waste,va_wat,2017,real_growth_pct,-1.200000000000001
ACTUAL,1 Sectors (value added),Water supply & waste,va_wat,2018,real_growth_pct,3.699999999999992
ACTUAL,1 Sectors (value added),Water supply & waste,va_wat,2019,real_growth_pct,5.999999999999983
ACTUAL,1 Sectors (value added),Water supply & waste,va_wat,2020,real_growth_pct,-4.5000000000000036
ACTUAL,1 Sectors (value added),Water supply & waste,va_wat,2021,real_growth_pct,13.59999999999999
ACTUAL,1 Sectors (value added),Water supply & waste,va_wat,2022,real_growth_pct,8.699999999999996
ACTUAL,1 Sectors (value added),Water supply & waste,va_wat,2023,real_growth_pct,15.900000000000002
ACTUAL,1 Sectors (value added),Water supply & waste,va_wat,2024,real_growth_pct,4.300000000000015
ACTUAL,1 Sectors (value added),Water supply & waste,va_wat,2025,real_growth_pct,2.5000000000000133
ACTUAL,2 Aggregates,GDP at market prices,gdp,2005,deflator,0.5537940267285424
ACTUAL,2 Aggregates,GDP at market prices,gdp,2006,deflator,0.6163795032945815
ACTUAL,2 Aggregates,GDP at market prices,gdp,2007,deflator,0.7459999745307733
ACTUAL,2 Aggregates,GDP at market prices,gdp,2008,deflator,0.9528669011075158
ACTUAL,2 Aggregates,GDP at market prices,gdp,2009,deflator,0.7732738139968387
ACTUAL,2 Aggregates,GDP at market prices,gdp,2010,deflator,0.8784293468473641
ACTUAL,2 Aggregates,GDP at market prices,gdp,2011,deflator,1.0762899467776876
ACTUAL,2 Aggregates,GDP at market prices,gdp,2012,deflator,1.106942040280559
ACTUAL,2 Aggregates,GDP at market prices,gdp,2013,deflator,1.1119716450165502
ACTUAL,2 Aggregates,GDP at market prices,gdp,2014,deflator,1.0971543784479587
ACTUAL,2 Aggregates,GDP at market prices,gdp,2015,deflator,1.0
ACTUAL,2 Aggregates,GDP at market prices,gdp,2016,deflator,1.1467140039268062
ACTUAL,2 Aggregates,GDP at market prices,gdp,2017,deflator,1.3321651822461886
ACTUAL,2 Aggregates,GDP at market prices,gdp,2018,deflator,1.4944878705664213
ACTUAL,2 Aggregates,GDP at market prices,gdp,2019,deflator,1.490881553840909
ACTUAL,2 Aggregates,GDP at market prices,gdp,2020,deflator,1.3791753175832717
ACTUAL,2 Aggregates,GDP at market prices,gdp,2021,deflator,1.6771842937983827
ACTUAL,2 Aggregates,GDP at market prices,gdp,2022,deflator,2.30260578545834
ACTUAL,2 Aggregates,GDP at market prices,gdp,2023,deflator,2.0870053511566455
ACTUAL,2 Aggregates,GDP at market prices,gdp,2024,deflator,2.0581224387668198
ACTUAL,2 Aggregates,GDP at market prices,gdp,2025,deflator,2.0709313869779225
ACTUAL,2 Aggregates,GDP at market prices,gdp,2006,deflator_growth_pct,11.301219143831087
ACTUAL,2 Aggregates,GDP at market prices,gdp,2007,deflator_growth_pct,21.02932861059841
ACTUAL,2 Aggregates,GDP at market prices,gdp,2008,deflator_growth_pct,27.730151962385776
ACTUAL,2 Aggregates,GDP at market prices,gdp,2009,deflator_growth_pct,-18.84765720185435
ACTUAL,2 Aggregates,GDP at market prices,gdp,2010,deflator_growth_pct,13.5987448361927
ACTUAL,2 Aggregates,GDP at market prices,gdp,2011,deflator_growth_pct,22.52436130924298
ACTUAL,2 Aggregates,GDP at market prices,gdp,2012,deflator_growth_pct,2.8479401479722943
ACTUAL,2 Aggregates,GDP at market prices,gdp,2013,deflator_growth_pct,0.45436929423301464
ACTUAL,2 Aggregates,GDP at market prices,gdp,2014,deflator_growth_pct,-1.3325219788649312
ACTUAL,2 Aggregates,GDP at market prices,gdp,2015,deflator_growth_pct,-8.8551237962878
ACTUAL,2 Aggregates,GDP at market prices,gdp,2016,deflator_growth_pct,14.671400392680622
ACTUAL,2 Aggregates,GDP at market prices,gdp,2017,deflator_growth_pct,16.172400239669482
ACTUAL,2 Aggregates,GDP at market prices,gdp,2018,deflator_growth_pct,12.184876956965462
ACTUAL,2 Aggregates,GDP at market prices,gdp,2019,deflator_growth_pct,-0.24130786181258967
ACTUAL,2 Aggregates,GDP at market prices,gdp,2020,deflator_growth_pct,-7.492629845063958
ACTUAL,2 Aggregates,GDP at market prices,gdp,2021,deflator_growth_pct,21.60776606249828
ACTUAL,2 Aggregates,GDP at market prices,gdp,2022,deflator_growth_pct,37.28996831013374
ACTUAL,2 Aggregates,GDP at market prices,gdp,2023,deflator_growth_pct,-9.363323746655949
ACTUAL,2 Aggregates,GDP at market prices,gdp,2024,deflator_growth_pct,-1.383940504695802
ACTUAL,2 Aggregates,GDP at market prices,gdp,2025,deflator_growth_pct,0.6223608454887453
ACTUAL,2 Aggregates,GDP at market prices,gdp,2005,nominal,12522.499999999998
ACTUAL,2 Aggregates,GDP at market prices,gdp,2006,nominal,18746.2
ACTUAL,2 Aggregates,GDP at market prices,gdp,2007,nominal,28360.5
ACTUAL,2 Aggregates,GDP at market prices,gdp,2008,nominal,40137.2
ACTUAL,2 Aggregates,GDP at market prices,gdp,2009,nominal,35601.5
ACTUAL,2 Aggregates,GDP at market prices,gdp,2010,nominal,42465.0
ACTUAL,2 Aggregates,GDP at market prices,gdp,2011,nominal,52082.0
ACTUAL,2 Aggregates,GDP at market prices,gdp,2012,nominal,54743.7
ACTUAL,2 Aggregates,GDP at market prices,gdp,2013,nominal,58182.00000000001
ACTUAL,2 Aggregates,GDP at market prices,gdp,2014,nominal,59014.100000000006
ACTUAL,2 Aggregates,GDP at market prices,gdp,2015,nominal,54380.0
ACTUAL,2 Aggregates,GDP at market prices,gdp,2016,nominal,60425.19999999999
ACTUAL,2 Aggregates,GDP at market prices,gdp,2017,nominal,70337.8
ACTUAL,2 Aggregates,GDP at market prices,gdp,2018,nominal,80092.0
ACTUAL,2 Aggregates,GDP at market prices,gdp,2019,nominal,81896.2
ACTUAL,2 Aggregates,GDP at market prices,gdp,2020,nominal,72578.1
ACTUAL,2 Aggregates,GDP at market prices,gdp,2021,nominal,93203.2
ACTUAL,2 Aggregates,GDP at market prices,gdp,2022,nominal,133972.7
ACTUAL,2 Aggregates,GDP at market prices,gdp,2023,nominal,123128.39999999998
ACTUAL,2 Aggregates,GDP at market prices,gdp,2024,nominal,126524.19999999998
ACTUAL,2 Aggregates,GDP at market prices,gdp,2025,nominal,129094.0
ACTUAL,2 Aggregates,GDP at market prices,gdp,2006,nominal_growth_pct,49.70013974845282
ACTUAL,2 Aggregates,GDP at market prices,gdp,2007,nominal_growth_pct,51.286660763248015
ACTUAL,2 Aggregates,GDP at market prices,gdp,2008,nominal_growth_pct,41.52500837432343
ACTUAL,2 Aggregates,GDP at market prices,gdp,2009,nominal_growth_pct,-11.300489321626817
ACTUAL,2 Aggregates,GDP at market prices,gdp,2010,nominal_growth_pct,19.27868207800234
ACTUAL,2 Aggregates,GDP at market prices,gdp,2011,nominal_growth_pct,22.64688567055222
ACTUAL,2 Aggregates,GDP at market prices,gdp,2012,nominal_growth_pct,5.110594831227666
ACTUAL,2 Aggregates,GDP at market prices,gdp,2013,nominal_growth_pct,6.280722713298537
ACTUAL,2 Aggregates,GDP at market prices,gdp,2014,nominal_growth_pct,1.4301674057268565
ACTUAL,2 Aggregates,GDP at market prices,gdp,2015,nominal_growth_pct,-7.852530158046989
ACTUAL,2 Aggregates,GDP at market prices,gdp,2016,nominal_growth_pct,11.116586980507526
ACTUAL,2 Aggregates,GDP at market prices,gdp,2017,nominal_growth_pct,16.40474504014884
ACTUAL,2 Aggregates,GDP at market prices,gdp,2018,nominal_growth_pct,13.86765011131994
ACTUAL,2 Aggregates,GDP at market prices,gdp,2019,nominal_growth_pct,2.252659441642102
ACTUAL,2 Aggregates,GDP at market prices,gdp,2020,nominal_growth_pct,-11.377939391571267
ACTUAL,2 Aggregates,GDP at market prices,gdp,2021,nominal_growth_pct,28.417800961998175
ACTUAL,2 Aggregates,GDP at market prices,gdp,2022,nominal_growth_pct,43.74259682071005
ACTUAL,2 Aggregates,GDP at market prices,gdp,2023,nominal_growth_pct,-8.094410279109121
ACTUAL,2 Aggregates,GDP at market prices,gdp,2024,nominal_growth_pct,2.757933994106976
ACTUAL,2 Aggregates,GDP at market prices,gdp,2025,nominal_growth_pct,2.031073897325575
ACTUAL,2 Aggregates,GDP at market prices,gdp,2005,real,22612.19766846321
ACTUAL,2 Aggregates,GDP at market prices,gdp,2006,real,30413.405864083015
ACTUAL,2 Aggregates,GDP at market prices,gdp,2007,real,38016.75733010377
ACTUAL,2 Aggregates,GDP at market prices,gdp,2008,real,42122.567121754975
ACTUAL,2 Aggregates,GDP at market prices,gdp,2009,real,46039.965864078185
ACTUAL,2 Aggregates,GDP at market prices,gdp,2010,real,48341.9641572821
ACTUAL,2 Aggregates,GDP at market prices,gdp,2011,real,48390.306121439375
ACTUAL,2 Aggregates,GDP at market prices,gdp,2012,real,49454.892856111044
ACTUAL,2 Aggregates,GDP at market prices,gdp,2013,real,52323.276641765486
ACTUAL,2 Aggregates,GDP at market prices,gdp,2014,real,53788.328387734924
ACTUAL,2 Aggregates,GDP at market prices,gdp,2015,real,54380.0
ACTUAL,2 Aggregates,GDP at market prices,gdp,2016,real,52694.22
ACTUAL,2 Aggregates,GDP at market prices,gdp,2017,real,52799.60844
ACTUAL,2 Aggregates,GDP at market prices,gdp,2018,real,53591.602566600006
ACTUAL,2 Aggregates,GDP at market prices,gdp,2019,real,54931.39263076501
ACTUAL,2 Aggregates,GDP at market prices,gdp,2020,real,52624.27414027288
ACTUAL,2 Aggregates,GDP at market prices,gdp,2021,real,55571.23349212816
ACTUAL,2 Aggregates,GDP at market prices,gdp,2022,real,58183.08146625818
ACTUAL,2 Aggregates,GDP at market prices,gdp,2023,real,58997.644606785805
ACTUAL,2 Aggregates,GDP at market prices,gdp,2024,real,61475.54568027081
ACTUAL,2 Aggregates,GDP at market prices,gdp,2025,real,62336.2033197946
ACTUAL,2 Aggregates,GDP at market prices,gdp,2006,real_growth_pct,34.5
ACTUAL,2 Aggregates,GDP at market prices,gdp,2007,real_growth_pct,25.0
ACTUAL,2 Aggregates,GDP at market prices,gdp,2008,real_growth_pct,10.799999999999986
ACTUAL,2 Aggregates,GDP at market prices,gdp,2009,real_growth_pct,9.299999999999997
ACTUAL,2 Aggregates,GDP at market prices,gdp,2010,real_growth_pct,5.000000000000004
ACTUAL,2 Aggregates,GDP at market prices,gdp,2011,real_growth_pct,0.09999999999998899
ACTUAL,2 Aggregates,GDP at market prices,gdp,2012,real_growth_pct,2.200000000000002
ACTUAL,2 Aggregates,GDP at market prices,gdp,2013,real_growth_pct,5.800000000000005
ACTUAL,2 Aggregates,GDP at market prices,gdp,2014,real_growth_pct,2.8000000000000025
ACTUAL,2 Aggregates,GDP at market prices,gdp,2015,real_growth_pct,1.0999999999999899
ACTUAL,2 Aggregates,GDP at market prices,gdp,2016,real_growth_pct,-3.1000000000000028
ACTUAL,2 Aggregates,GDP at market prices,gdp,2017,real_growth_pct,0.20000000000000018
ACTUAL,2 Aggregates,GDP at market prices,gdp,2018,real_growth_pct,1.5000000000000124
ACTUAL,2 Aggregates,GDP at market prices,gdp,2019,real_growth_pct,2.5000000000000133
ACTUAL,2 Aggregates,GDP at market prices,gdp,2020,real_growth_pct,-4.200000000000004
ACTUAL,2 Aggregates,GDP at market prices,gdp,2021,real_growth_pct,5.600000000000005
ACTUAL,2 Aggregates,GDP at market prices,gdp,2022,real_growth_pct,4.699999999999993
ACTUAL,2 Aggregates,GDP at market prices,gdp,2023,real_growth_pct,1.4000000000000012
ACTUAL,2 Aggregates,GDP at market prices,gdp,2024,real_growth_pct,4.200000000000004
ACTUAL,2 Aggregates,GDP at market prices,gdp,2025,real_growth_pct,1.4000000000000012
ACTUAL,2 Aggregates,Goods production,goods,2009,deflator,0.8258763879315297
ACTUAL,2 Aggregates,Goods production,goods,2010,deflator,0.9907901182243327
ACTUAL,2 Aggregates,Goods production,goods,2011,deflator,1.2884828414797913
ACTUAL,2 Aggregates,Goods production,goods,2012,deflator,1.316051975528317
ACTUAL,2 Aggregates,Goods production,goods,2013,deflator,1.2946514556951083
ACTUAL,2 Aggregates,Goods production,goods,2014,deflator,1.2379950092181828
ACTUAL,2 Aggregates,Goods production,goods,2015,deflator,1.0
ACTUAL,2 Aggregates,Goods production,goods,2016,deflator,1.2137745151944954
ACTUAL,2 Aggregates,Goods production,goods,2017,deflator,1.5060797229529557
ACTUAL,2 Aggregates,Goods production,goods,2018,deflator,1.7835073478900758
ACTUAL,2 Aggregates,Goods production,goods,2019,deflator,1.7029982559075818
ACTUAL,2 Aggregates,Goods production,goods,2020,deflator,1.4085875743241782
ACTUAL,2 Aggregates,Goods production,goods,2021,deflator,1.9633151133696167
ACTUAL,2 Aggregates,Goods production,goods,2022,deflator,3.121827290215388
ACTUAL,2 Aggregates,Goods production,goods,2023,deflator,2.427323519006947
ACTUAL,2 Aggregates,Goods production,goods,2024,deflator,2.281550112282126
ACTUAL,2 Aggregates,Goods production,goods,2025,deflator,2.214566007536727
ACTUAL,2 Aggregates,Goods production,goods,2010,deflator_growth_pct,19.968330939432953
ACTUAL,2 Aggregates,Goods production,goods,2011,deflator_growth_pct,30.045992363042085
ACTUAL,2 Aggregates,Goods production,goods,2012,deflator_growth_pct,2.1396586094125425
ACTUAL,2 Aggregates,Goods production,goods,2013,deflator_growth_pct,-1.6261150950833692
ACTUAL,2 Aggregates,Goods production,goods,2014,deflator_growth_pct,-4.376193007600349
ACTUAL,2 Aggregates,Goods production,goods,2015,deflator_growth_pct,-19.224230101580233
ACTUAL,2 Aggregates,Goods production,goods,2016,deflator_growth_pct,21.377451519449544
ACTUAL,2 Aggregates,Goods production,goods,2017,deflator_growth_pct,24.082331940510482
ACTUAL,2 Aggregates,Goods production,goods,2018,deflator_growth_pct,18.42051391497195
ACTUAL,2 Aggregates,Goods production,goods,2019,deflator_growth_pct,-4.514088045543396
ACTUAL,2 Aggregates,Goods production,goods,2020,deflator_growth_pct,-17.287785267079016
ACTUAL,2 Aggregates,Goods production,goods,2021,deflator_growth_pct,39.38182823397327
ACTUAL,2 Aggregates,Goods production,goods,2022,deflator_growth_pct,59.007958985118236
ACTUAL,2 Aggregates,Goods production,goods,2023,deflator_growth_pct,-22.246707029091418
ACTUAL,2 Aggregates,Goods production,goods,2024,deflator_growth_pct,-6.005520301820299
ACTUAL,2 Aggregates,Goods production,goods,2025,deflator_growth_pct,-2.935903287190922
ACTUAL,2 Aggregates,Goods production,goods,2009,nominal,22244.0
ACTUAL,2 Aggregates,Goods production,goods,2010,nominal,27726.5
ACTUAL,2 Aggregates,Goods production,goods,2011,nominal,34795.2
ACTUAL,2 Aggregates,Goods production,goods,2012,nominal,35362.0
ACTUAL,2 Aggregates,Goods production,goods,2013,nominal,36317.6
ACTUAL,2 Aggregates,Goods production,goods,2014,nominal,34763.0
ACTUAL,2 Aggregates,Goods production,goods,2015,nominal,27771.2
ACTUAL,2 Aggregates,Goods production,goods,2016,nominal,32123.700000000004
ACTUAL,2 Aggregates,Goods production,goods,2017,nominal,38903.200000000004
ACTUAL,2 Aggregates,Goods production,goods,2018,nominal,46023.3
ACTUAL,2 Aggregates,Goods production,goods,2019,nominal,44648.899999999994
ACTUAL,2 Aggregates,Goods production,goods,2020,nominal,35342.1
ACTUAL,2 Aggregates,Goods production,goods,2021,nominal,50836.799999999996
ACTUAL,2 Aggregates,Goods production,goods,2022,nominal,81400.40000000002
ACTUAL,2 Aggregates,Goods production,goods,2023,nominal,63228.2
ACTUAL,2 Aggregates,Goods production,goods,2024,nominal,60738.5
ACTUAL,2 Aggregates,Goods production,goods,2025,nominal,58660.49999999999
ACTUAL,2 Aggregates,Goods production,goods,2010,nominal_growth_pct,24.647095846070854
ACTUAL,2 Aggregates,Goods production,goods,2011,nominal_growth_pct,25.494382630335586
ACTUAL,2 Aggregates,Goods production,goods,2012,nominal_growth_pct,1.6289603163654798
ACTUAL,2 Aggregates,Goods production,goods,2013,nominal_growth_pct,2.7023358407329834
ACTUAL,2 Aggregates,Goods production,goods,2014,nominal_growth_pct,-4.280569200607964
ACTUAL,2 Aggregates,Goods production,goods,2015,nominal_growth_pct,-20.112763570462842
ACTUAL,2 Aggregates,Goods production,goods,2016,nominal_growth_pct,15.67271129803538
ACTUAL,2 Aggregates,Goods production,goods,2017,nominal_growth_pct,21.104355973938247
ACTUAL,2 Aggregates,Goods production,goods,2018,nominal_growth_pct,18.302093401056972
ACTUAL,2 Aggregates,Goods production,goods,2019,nominal_growth_pct,-2.9863134542720937
ACTUAL,2 Aggregates,Goods production,goods,2020,nominal_growth_pct,-20.844410500594634
ACTUAL,2 Aggregates,Goods production,goods,2021,nominal_growth_pct,43.842046737460414
ACTUAL,2 Aggregates,Goods production,goods,2022,nominal_growth_pct,60.12101469801409
ACTUAL,2 Aggregates,Goods production,goods,2023,nominal_growth_pct,-22.324460322062322
ACTUAL,2 Aggregates,Goods production,goods,2024,nominal_growth_pct,-3.93764174846033
ACTUAL,2 Aggregates,Goods production,goods,2025,nominal_growth_pct,-3.4212237707549664
ACTUAL,2 Aggregates,Goods production,goods,2005,real,12052.393912041285
ACTUAL,2 Aggregates,Goods production,goods,2006,real,17295.185263779244
ACTUAL,2 Aggregates,Goods production,goods,2007,real,22483.740842913016
ACTUAL,2 Aggregates,Goods production,goods,2008,real,24552.245000461015
ACTUAL,2 Aggregates,Goods production,goods,2009,real,26933.812765505732
ACTUAL,2 Aggregates,Goods production,goods,2010,real,27984.23146336046
ACTUAL,2 Aggregates,Goods production,goods,2011,real,27004.78336214284
ACTUAL,2 Aggregates,Goods production,goods,2012,real,26869.759445332125
ACTUAL,2 Aggregates,Goods production,goods,2013,real,28052.02886092674
ACTUAL,2 Aggregates,Goods production,goods,2014,real,28080.080889787663
ACTUAL,2 Aggregates,Goods production,goods,2015,real,27771.2
ACTUAL,2 Aggregates,Goods production,goods,2016,real,26465.953599999997
ACTUAL,2 Aggregates,Goods production,goods,2017,real,25830.770713599995
ACTUAL,2 Aggregates,Goods production,goods,2018,real,25804.939942886398
ACTUAL,2 Aggregates,Goods production,goods,2019,real,26217.818981972578
ACTUAL,2 Aggregates,Goods production,goods,2020,real,25090.452765747756
ACTUAL,2 Aggregates,Goods production,goods,2021,real,25893.347254251683
ACTUAL,2 Aggregates,Goods production,goods,2022,real,26074.600685031448
ACTUAL,2 Aggregates,Goods production,goods,2023,real,26048.526084346417
ACTUAL,2 Aggregates,Goods production,goods,2024,real,26621.59365820204
ACTUAL,2 Aggregates,Goods production,goods,2025,real,26488.48568991103
ACTUAL,2 Aggregates,Goods production,goods,2006,real_growth_pct,43.50000000000001
ACTUAL,2 Aggregates,Goods production,goods,2007,real_growth_pct,30.000000000000004
ACTUAL,2 Aggregates,Goods production,goods,2008,real_growth_pct,9.200000000000008
ACTUAL,2 Aggregates,Goods production,goods,2009,real_growth_pct,9.699999999999998
ACTUAL,2 Aggregates,Goods production,goods,2010,real_growth_pct,3.9000000000000146
ACTUAL,2 Aggregates,Goods production,goods,2011,real_growth_pct,-3.500000000000003
ACTUAL,2 Aggregates,Goods production,goods,2012,real_growth_pct,-0.5000000000000004
ACTUAL,2 Aggregates,Goods production,goods,2013,real_growth_pct,4.400000000000004
ACTUAL,2 Aggregates,Goods production,goods,2014,real_growth_pct,0.09999999999998899
ACTUAL,2 Aggregates,Goods production,goods,2015,real_growth_pct,-1.0999999999999899
ACTUAL,2 Aggregates,Goods production,goods,2016,real_growth_pct,-4.700000000000015
ACTUAL,2 Aggregates,Goods production,goods,2017,real_growth_pct,-2.400000000000002
ACTUAL,2 Aggregates,Goods production,goods,2018,real_growth_pct,-0.09999999999998899
ACTUAL,2 Aggregates,Goods production,goods,2019,real_growth_pct,1.5999999999999792
ACTUAL,2 Aggregates,Goods production,goods,2020,real_growth_pct,-4.300000000000004
ACTUAL,2 Aggregates,Goods production,goods,2021,real_growth_pct,3.200000000000003
ACTUAL,2 Aggregates,Goods production,goods,2022,real_growth_pct,0.7000000000000117
ACTUAL,2 Aggregates,Goods production,goods,2023,real_growth_pct,-0.10000000000000009
ACTUAL,2 Aggregates,Goods production,goods,2024,real_growth_pct,2.200000000000002
ACTUAL,2 Aggregates,Goods production,goods,2025,real_growth_pct,-0.5000000000000004
ACTUAL,2 Aggregates,Industry (total),ind,2009,deflator,0.8872939712381757
ACTUAL,2 Aggregates,Industry (total),ind,2010,deflator,1.0890074511993295
ACTUAL,2 Aggregates,Industry (total),ind,2011,deflator,1.514369879424603
ACTUAL,2 Aggregates,Industry (total),ind,2012,deflator,1.5212399596201962
ACTUAL,2 Aggregates,Industry (total),ind,2013,deflator,1.4742896628927444
ACTUAL,2 Aggregates,Industry (total),ind,2014,deflator,1.3709000692257876
ACTUAL,2 Aggregates,Industry (total),ind,2015,deflator,1.0
ACTUAL,2 Aggregates,Industry (total),ind,2016,deflator,1.2466786683561564
ACTUAL,2 Aggregates,Industry (total),ind,2017,deflator,1.6389276115432239
ACTUAL,2 Aggregates,Industry (total),ind,2018,deflator,2.0455673339116864
ACTUAL,2 Aggregates,Industry (total),ind,2019,deflator,1.9110339638467346
ACTUAL,2 Aggregates,Industry (total),ind,2020,deflator,1.460547826869866
ACTUAL,2 Aggregates,Industry (total),ind,2021,deflator,2.262300162697779
ACTUAL,2 Aggregates,Industry (total),ind,2022,deflator,3.946822164184079
ACTUAL,2 Aggregates,Industry (total),ind,2023,deflator,2.8512638398097763
ACTUAL,2 Aggregates,Industry (total),ind,2024,deflator,2.6285196473907875
ACTUAL,2 Aggregates,Industry (total),ind,2025,deflator,2.487818968321689
ACTUAL,2 Aggregates,Industry (total),ind,2010,deflator_growth_pct,22.733556915716726
ACTUAL,2 Aggregates,Industry (total),ind,2011,deflator_growth_pct,39.05964350903381
ACTUAL,2 Aggregates,Industry (total),ind,2012,deflator_growth_pct,0.453659326491862
ACTUAL,2 Aggregates,Industry (total),ind,2013,deflator_growth_pct,-3.0863176075899057
ACTUAL,2 Aggregates,Industry (total),ind,2014,deflator_growth_pct,-7.012841252925384
ACTUAL,2 Aggregates,Industry (total),ind,2015,deflator_growth_pct,-27.055222882529463
ACTUAL,2 Aggregates,Industry (total),ind,2016,deflator_growth_pct,24.667866835615637
ACTUAL,2 Aggregates,Industry (total),ind,2017,deflator_growth_pct,31.463516072211185
ACTUAL,2 Aggregates,Industry (total),ind,2018,deflator_growth_pct,24.811329036403773
ACTUAL,2 Aggregates,Industry (total),ind,2019,deflator_growth_pct,-6.576824328128428
ACTUAL,2 Aggregates,Industry (total),ind,2020,deflator_growth_pct,-23.57290061292693
ACTUAL,2 Aggregates,Industry (total),ind,2021,deflator_growth_pct,54.8939460302486
ACTUAL,2 Aggregates,Industry (total),ind,2022,deflator_growth_pct,74.46058791232714
ACTUAL,2 Aggregates,Industry (total),ind,2023,deflator_growth_pct,-27.75798550834342
ACTUAL,2 Aggregates,Industry (total),ind,2024,deflator_growth_pct,-7.8121213936430784
ACTUAL,2 Aggregates,Industry (total),ind,2025,deflator_growth_pct,-5.352848673159649
ACTUAL,2 Aggregates,Industry (total),ind,2009,nominal,17510.2
ACTUAL,2 Aggregates,Industry (total),ind,2010,nominal,21942.2
ACTUAL,2 Aggregates,Industry (total),ind,2011,nominal,28010.7
ACTUAL,2 Aggregates,Industry (total),ind,2012,nominal,27040.399999999998
ACTUAL,2 Aggregates,Industry (total),ind,2013,nominal,26441.699999999997
ACTUAL,2 Aggregates,Industry (total),ind,2014,nominal,24169.399999999998
ACTUAL,2 Aggregates,Industry (total),ind,2015,nominal,17912.4
ACTUAL,2 Aggregates,Industry (total),ind,2016,nominal,22398.000000000004
ACTUAL,2 Aggregates,Industry (total),ind,2017,nominal,28208.500000000004
ACTUAL,2 Aggregates,Industry (total),ind,2018,nominal,35665.1
ACTUAL,2 Aggregates,Industry (total),ind,2019,nominal,33885.899999999994
ACTUAL,2 Aggregates,Industry (total),ind,2020,nominal,24732.6
ACTUAL,2 Aggregates,Industry (total),ind,2021,nominal,39956.59999999999
ACTUAL,2 Aggregates,Industry (total),ind,2022,nominal,68732.60000000002
ACTUAL,2 Aggregates,Industry (total),ind,2023,nominal,48809.7
ACTUAL,2 Aggregates,Industry (total),ind,2024,nominal,45356.6
ACTUAL,2 Aggregates,Industry (total),ind,2025,nominal,42585.299999999996
ACTUAL,2 Aggregates,Industry (total),ind,2010,nominal_growth_pct,25.31096161094677
ACTUAL,2 Aggregates,Industry (total),ind,2011,nominal_growth_pct,27.656752741293023
ACTUAL,2 Aggregates,Industry (total),ind,2012,nominal_growth_pct,-3.4640333872413165
ACTUAL,2 Aggregates,Industry (total),ind,2013,nominal_growth_pct,-2.214094466058192
ACTUAL,2 Aggregates,Industry (total),ind,2014,nominal_growth_pct,-8.593622951625646
ACTUAL,2 Aggregates,Industry (total),ind,2015,nominal_growth_pct,-25.88810644864993
ACTUAL,2 Aggregates,Industry (total),ind,2016,nominal_growth_pct,25.041870436122473
ACTUAL,2 Aggregates,Industry (total),ind,2017,nominal_growth_pct,25.942048397178308
ACTUAL,2 Aggregates,Industry (total),ind,2018,nominal_growth_pct,26.433876313876993
ACTUAL,2 Aggregates,Industry (total),ind,2019,nominal_growth_pct,-4.988630341706612
ACTUAL,2 Aggregates,Industry (total),ind,2020,nominal_growth_pct,-27.012120085345227
ACTUAL,2 Aggregates,Industry (total),ind,2021,nominal_growth_pct,61.55438570954932
ACTUAL,2 Aggregates,Industry (total),ind,2022,nominal_growth_pct,72.01813968155457
ACTUAL,2 Aggregates,Industry (total),ind,2023,nominal_growth_pct,-28.986099754701577
ACTUAL,2 Aggregates,Industry (total),ind,2024,nominal_growth_pct,-7.07461836479224
ACTUAL,2 Aggregates,Industry (total),ind,2025,nominal_growth_pct,-6.1100258837743615
ACTUAL,2 Aggregates,Industry (total),ind,2005,real,7738.887236903921
ACTUAL,2 Aggregates,Industry (total),ind,2006,real,12188.747398123674
ACTUAL,2 Aggregates,Industry (total),ind,2007,real,16454.80898746696
ACTUAL,2 Aggregates,Industry (total),ind,2008,real,17557.281189627247
ACTUAL,2 Aggregates,Industry (total),ind,2009,real,19734.384057141026
ACTUAL,2 Aggregates,Industry (total),ind,2010,real,20148.806122340986
ACTUAL,2 Aggregates,Industry (total),ind,2011,real,18496.604020309023
ACTUAL,2 Aggregates,Industry (total),ind,2012,real,17775.236463516972
ACTUAL,2 Aggregates,Industry (total),ind,2013,real,17935.21359168863
ACTUAL,2 Aggregates,Industry (total),ind,2014,real,17630.314960629923
ACTUAL,2 Aggregates,Industry (total),ind,2015,real,17912.4
ACTUAL,2 Aggregates,Industry (total),ind,2016,real,17966.1372
ACTUAL,2 Aggregates,Industry (total),ind,2017,real,17211.5594376
ACTUAL,2 Aggregates,Industry (total),ind,2018,real,17435.3097102888
ACTUAL,2 Aggregates,Industry (total),ind,2019,real,17731.70997536371
ACTUAL,2 Aggregates,Industry (total),ind,2020,real,16933.78302647234
ACTUAL,2 Aggregates,Industry (total),ind,2021,real,17661.935696610653
ACTUAL,2 Aggregates,Industry (total),ind,2022,real,17414.668596858104
ACTUAL,2 Aggregates,Industry (total),ind,2023,real,17118.619230711516
ACTUAL,2 Aggregates,Industry (total),ind,2024,real,17255.568184557207
ACTUAL,2 Aggregates,Industry (total),ind,2025,real,17117.52363908075
ACTUAL,2 Aggregates,Industry (total),ind,2006,real_growth_pct,57.49999999999999
ACTUAL,2 Aggregates,Industry (total),ind,2007,real_growth_pct,35.00000000000001
ACTUAL,2 Aggregates,Industry (total),ind,2008,real_growth_pct,6.699999999999995
ACTUAL,2 Aggregates,Industry (total),ind,2009,real_growth_pct,12.400000000000011
ACTUAL,2 Aggregates,Industry (total),ind,2010,real_growth_pct,2.0999999999999908
ACTUAL,2 Aggregates,Industry (total),ind,2011,real_growth_pct,-8.200000000000006
ACTUAL,2 Aggregates,Industry (total),ind,2012,real_growth_pct,-3.8999999999999924
ACTUAL,2 Aggregates,Industry (total),ind,2013,real_growth_pct,0.9000000000000119
ACTUAL,2 Aggregates,Industry (total),ind,2014,real_growth_pct,-1.7000000000000015
ACTUAL,2 Aggregates,Industry (total),ind,2015,real_growth_pct,1.6000000000000014
ACTUAL,2 Aggregates,Industry (total),ind,2016,real_growth_pct,0.29999999999998916
ACTUAL,2 Aggregates,Industry (total),ind,2017,real_growth_pct,-4.200000000000004
ACTUAL,2 Aggregates,Industry (total),ind,2018,real_growth_pct,1.29999999999999
ACTUAL,2 Aggregates,Industry (total),ind,2019,real_growth_pct,1.6999999999999904
ACTUAL,2 Aggregates,Industry (total),ind,2020,real_growth_pct,-4.5000000000000036
ACTUAL,2 Aggregates,Industry (total),ind,2021,real_growth_pct,4.300000000000015
ACTUAL,2 Aggregates,Industry (total),ind,2022,real_growth_pct,-1.4000000000000012
ACTUAL,2 Aggregates,Industry (total),ind,2023,real_growth_pct,-1.7000000000000015
ACTUAL,2 Aggregates,Industry (total),ind,2024,real_growth_pct,0.8000000000000007
ACTUAL,2 Aggregates,Industry (total),ind,2025,real_growth_pct,-0.7999999999999896
ACTUAL,2 Aggregates,Non-oil GDP,gdpnon,2005,deflator,0.40153065987330716
ACTUAL,2 Aggregates,Non-oil GDP,gdpnon,2006,deflator,0.4448350428081735
ACTUAL,2 Aggregates,Non-oil GDP,gdpnon,2007,deflator,0.5714885632415663
ACTUAL,2 Aggregates,Non-oil GDP,gdpnon,2008,deflator,0.7186296269803322
ACTUAL,2 Aggregates,Non-oil GDP,gdpnon,2009,deflator,0.7566112286518603
ACTUAL,2 Aggregates,Non-oil GDP,gdpnon,2010,deflator,0.8045576374064302
ACTUAL,2 Aggregates,Non-oil GDP,gdpnon,2011,deflator,0.8754539623041555
ACTUAL,2 Aggregates,Non-oil GDP,gdpnon,2012,deflator,0.9182453010516767
ACTUAL,2 Aggregates,Non-oil GDP,gdpnon,2013,deflator,0.9474944329437452
ACTUAL,2 Aggregates,Non-oil GDP,gdpnon,2014,deflator,0.964844284342992
ACTUAL,2 Aggregates,Non-oil GDP,gdpnon,2015,deflator,1.0
ACTUAL,2 Aggregates,Non-oil GDP,gdpnon,2016,deflator,1.1038775023414988
ACTUAL,2 Aggregates,Non-oil GDP,gdpnon,2017,deflator,1.1902823559483067
ACTUAL,2 Aggregates,Non-oil GDP,gdpnon,2018,deflator,1.229904785174988
ACTUAL,2 Aggregates,Non-oil GDP,gdpnon,2019,deflator,1.282561672362628
ACTUAL,2 Aggregates,Non-oil GDP,gdpnon,2020,deflator,1.3334182547700622
ACTUAL,2 Aggregates,Non-oil GDP,gdpnon,2021,deflator,1.3984448928270716
ACTUAL,2 Aggregates,Non-oil GDP,gdpnon,2022,deflator,1.5570251854516315
ACTUAL,2 Aggregates,Non-oil GDP,gdpnon,2023,deflator,1.6870234303599028
ACTUAL,2 Aggregates,Non-oil GDP,gdpnon,2024,deflator,1.729459992148704
ACTUAL,2 Aggregates,Non-oil GDP,gdpnon,2025,deflator,1.802446598960984
ACTUAL,2 Aggregates,Non-oil GDP,gdpnon,2006,deflator_growth_pct,10.784825982785451
ACTUAL,2 Aggregates,Non-oil GDP,gdpnon,2007,deflator_growth_pct,28.472019567938965
ACTUAL,2 Aggregates,Non-oil GDP,gdpnon,2008,deflator_growth_pct,25.746983089943278
ACTUAL,2 Aggregates,Non-oil GDP,gdpnon,2009,deflator_growth_pct,5.285281909559725
ACTUAL,2 Aggregates,Non-oil GDP,gdpnon,2010,deflator_growth_pct,6.336994078187486
ACTUAL,2 Aggregates,Non-oil GDP,gdpnon,2011,deflator_growth_pct,8.811839152539335
ACTUAL,2 Aggregates,Non-oil GDP,gdpnon,2012,deflator_growth_pct,4.88790280129594
ACTUAL,2 Aggregates,Non-oil GDP,gdpnon,2013,deflator_growth_pct,3.1853287850827305
ACTUAL,2 Aggregates,Non-oil GDP,gdpnon,2014,deflator_growth_pct,1.831129640027851
ACTUAL,2 Aggregates,Non-oil GDP,gdpnon,2015,deflator_growth_pct,3.64366729714809
ACTUAL,2 Aggregates,Non-oil GDP,gdpnon,2016,deflator_growth_pct,10.387750234149884
ACTUAL,2 Aggregates,Non-oil GDP,gdpnon,2017,deflator_growth_pct,7.827395107113744
ACTUAL,2 Aggregates,Non-oil GDP,gdpnon,2018,deflator_growth_pct,3.328826057840195
ACTUAL,2 Aggregates,Non-oil GDP,gdpnon,2019,deflator_growth_pct,4.281379162220933
ACTUAL,2 Aggregates,Non-oil GDP,gdpnon,2020,deflator_growth_pct,3.9652348501690637
ACTUAL,2 Aggregates,Non-oil GDP,gdpnon,2021,deflator_growth_pct,4.876687252809719
ACTUAL,2 Aggregates,Non-oil GDP,gdpnon,2022,deflator_growth_pct,11.33975986025282
ACTUAL,2 Aggregates,Non-oil GDP,gdpnon,2023,deflator_growth_pct,8.349142077015536
ACTUAL,2 Aggregates,Non-oil GDP,gdpnon,2024,deflator_growth_pct,2.515469615009902
ACTUAL,2 Aggregates,Non-oil GDP,gdpnon,2025,deflator_growth_pct,4.220196312352997
ACTUAL,2 Aggregates,Non-oil GDP,gdpnon,2005,nominal,6595.4
ACTUAL,2 Aggregates,Non-oil GDP,gdpnon,2006,nominal,8176.2
ACTUAL,2 Aggregates,Non-oil GDP,gdpnon,2007,nominal,11701.6
ACTUAL,2 Aggregates,Non-oil GDP,gdpnon,2008,nominal,17054.0
ACTUAL,2 Aggregates,Non-oil GDP,gdpnon,2009,nominal,18619.7
ACTUAL,2 Aggregates,Non-oil GDP,gdpnon,2010,nominal,21363.8
ACTUAL,2 Aggregates,Non-oil GDP,gdpnon,2011,nominal,25431.5
ACTUAL,2 Aggregates,Non-oil GDP,gdpnon,2012,nominal,29262.0
ACTUAL,2 Aggregates,Non-oil GDP,gdpnon,2013,nominal,33213.5
ACTUAL,2 Aggregates,Non-oil GDP,gdpnon,2014,nominal,36189.2
ACTUAL,2 Aggregates,Non-oil GDP,gdpnon,2015,nominal,37920.4
ACTUAL,2 Aggregates,Non-oil GDP,gdpnon,2016,nominal,39975.8
ACTUAL,2 Aggregates,Non-oil GDP,gdpnon,2017,nominal,44311.8
ACTUAL,2 Aggregates,Non-oil GDP,gdpnon,2018,nominal,46702.6
ACTUAL,2 Aggregates,Non-oil GDP,gdpnon,2019,nominal,50650.2
ACTUAL,2 Aggregates,Non-oil GDP,gdpnon,2020,nominal,51131.5
ACTUAL,2 Aggregates,Non-oil GDP,gdpnon,2021,nominal,57432.4
ACTUAL,2 Aggregates,Non-oil GDP,gdpnon,2022,nominal,69764.1
ACTUAL,2 Aggregates,Non-oil GDP,gdpnon,2023,nominal,78990.3
ACTUAL,2 Aggregates,Non-oil GDP,gdpnon,2024,nominal,86240.8
ACTUAL,2 Aggregates,Non-oil GDP,gdpnon,2025,nominal,92307.1
ACTUAL,2 Aggregates,Non-oil GDP,gdpnon,2006,nominal_growth_pct,23.96822027473695
ACTUAL,2 Aggregates,Non-oil GDP,gdpnon,2007,nominal_growth_pct,43.11782979868399
ACTUAL,2 Aggregates,Non-oil GDP,gdpnon,2008,nominal_growth_pct,45.74075340124426
ACTUAL,2 Aggregates,Non-oil GDP,gdpnon,2009,nominal_growth_pct,9.180837340213444
ACTUAL,2 Aggregates,Non-oil GDP,gdpnon,2010,nominal_growth_pct,14.73761661036428
ACTUAL,2 Aggregates,Non-oil GDP,gdpnon,2011,nominal_growth_pct,19.040152032878055
ACTUAL,2 Aggregates,Non-oil GDP,gdpnon,2012,nominal_growth_pct,15.062029373021657
ACTUAL,2 Aggregates,Non-oil GDP,gdpnon,2013,nominal_growth_pct,13.50386166359101
ACTUAL,2 Aggregates,Non-oil GDP,gdpnon,2014,nominal_growth_pct,8.959308714829795
ACTUAL,2 Aggregates,Non-oil GDP,gdpnon,2015,nominal_growth_pct,4.783747637416691
ACTUAL,2 Aggregates,Non-oil GDP,gdpnon,2016,nominal_growth_pct,5.420301473613143
ACTUAL,2 Aggregates,Non-oil GDP,gdpnon,2017,nominal_growth_pct,10.846562170112929
ACTUAL,2 Aggregates,Non-oil GDP,gdpnon,2018,nominal_growth_pct,5.3954025789969995
ACTUAL,2 Aggregates,Non-oil GDP,gdpnon,2019,nominal_growth_pct,8.452634328709753
ACTUAL,2 Aggregates,Non-oil GDP,gdpnon,2020,nominal_growth_pct,0.9502430395141648
ACTUAL,2 Aggregates,Non-oil GDP,gdpnon,2021,nominal_growth_pct,12.322932047759206
ACTUAL,2 Aggregates,Non-oil GDP,gdpnon,2022,nominal_growth_pct,21.47167800753582
ACTUAL,2 Aggregates,Non-oil GDP,gdpnon,2023,nominal_growth_pct,13.224853470481236
ACTUAL,2 Aggregates,Non-oil GDP,gdpnon,2024,nominal_growth_pct,9.178975139985535
ACTUAL,2 Aggregates,Non-oil GDP,gdpnon,2025,nominal_growth_pct,7.034141612786526
ACTUAL,2 Aggregates,Non-oil GDP,gdpnon,2005,real,16425.64481148466
ACTUAL,2 Aggregates,Non-oil GDP,gdpnon,2006,real,18380.296544051336
ACTUAL,2 Aggregates,Non-oil GDP,gdpnon,2007,real,20475.65035007319
ACTUAL,2 Aggregates,Non-oil GDP,gdpnon,2008,real,23731.278755734827
ACTUAL,2 Aggregates,Non-oil GDP,gdpnon,2009,real,24609.336069697016
ACTUAL,2 Aggregates,Non-oil GDP,gdpnon,2010,real,26553.47361920308
ACTUAL,2 Aggregates,Non-oil GDP,gdpnon,2011,real,29049.50013940817
ACTUAL,2 Aggregates,Non-oil GDP,gdpnon,2012,real,31867.30165293076
ACTUAL,2 Aggregates,Non-oil GDP,gdpnon,2013,real,35054.03181822384
ACTUAL,2 Aggregates,Non-oil GDP,gdpnon,2014,real,37507.81404549951
ACTUAL,2 Aggregates,Non-oil GDP,gdpnon,2015,real,37920.4
ACTUAL,2 Aggregates,Non-oil GDP,gdpnon,2016,real,36213.982
ACTUAL,2 Aggregates,Non-oil GDP,gdpnon,2017,real,37227.973496000006
ACTUAL,2 Aggregates,Non-oil GDP,gdpnon,2018,real,37972.53296592001
ACTUAL,2 Aggregates,Non-oil GDP,gdpnon,2019,real,39491.4342845568
ACTUAL,2 Aggregates,Non-oil GDP,gdpnon,2020,real,38346.18269030465
ACTUAL,2 Aggregates,Non-oil GDP,gdpnon,2021,real,41068.76166131628
ACTUAL,2 Aggregates,Non-oil GDP,gdpnon,2022,real,44806.018972496066
ACTUAL,2 Aggregates,Non-oil GDP,gdpnon,2023,real,46822.28982625839
ACTUAL,2 Aggregates,Non-oil GDP,gdpnon,2024,real,49865.73866496518
ACTUAL,2 Aggregates,Non-oil GDP,gdpnon,2025,real,51212.113608919244
ACTUAL,2 Aggregates,Non-oil GDP,gdpnon,2006,real_growth_pct,11.899999999999999
ACTUAL,2 Aggregates,Non-oil GDP,gdpnon,2007,real_growth_pct,11.40000000000001
ACTUAL,2 Aggregates,Non-oil GDP,gdpnon,2008,real_growth_pct,15.900000000000002
ACTUAL,2 Aggregates,Non-oil GDP,gdpnon,2009,real_growth_pct,3.699999999999992
ACTUAL,2 Aggregates,Non-oil GDP,gdpnon,2010,real_growth_pct,7.899999999999996
ACTUAL,2 Aggregates,Non-oil GDP,gdpnon,2011,real_growth_pct,9.40000000000001
ACTUAL,2 Aggregates,Non-oil GDP,gdpnon,2012,real_growth_pct,9.699999999999998
ACTUAL,2 Aggregates,Non-oil GDP,gdpnon,2013,real_growth_pct,10.000000000000009
ACTUAL,2 Aggregates,Non-oil GDP,gdpnon,2014,real_growth_pct,7.000000000000006
ACTUAL,2 Aggregates,Non-oil GDP,gdpnon,2015,real_growth_pct,1.0999999999999899
ACTUAL,2 Aggregates,Non-oil GDP,gdpnon,2016,real_growth_pct,-4.499999999999993
ACTUAL,2 Aggregates,Non-oil GDP,gdpnon,2017,real_growth_pct,2.8000000000000025
ACTUAL,2 Aggregates,Non-oil GDP,gdpnon,2018,real_growth_pct,2.0000000000000018
ACTUAL,2 Aggregates,Non-oil GDP,gdpnon,2019,real_growth_pct,3.9999999999999813
ACTUAL,2 Aggregates,Non-oil GDP,gdpnon,2020,real_growth_pct,-2.9000000000000026
ACTUAL,2 Aggregates,Non-oil GDP,gdpnon,2021,real_growth_pct,7.099999999999995
ACTUAL,2 Aggregates,Non-oil GDP,gdpnon,2022,real_growth_pct,9.099999999999998
ACTUAL,2 Aggregates,Non-oil GDP,gdpnon,2023,real_growth_pct,4.500000000000015
ACTUAL,2 Aggregates,Non-oil GDP,gdpnon,2024,real_growth_pct,6.499999999999995
ACTUAL,2 Aggregates,Non-oil GDP,gdpnon,2025,real_growth_pct,2.7000000000000135
ACTUAL,2 Aggregates,Non-oil industry,indnon,2009,deflator,1.5339937089137228
ACTUAL,2 Aggregates,Non-oil industry,indnon,2010,deflator,1.4739866344965618
ACTUAL,2 Aggregates,Non-oil industry,indnon,2011,deflator,1.6041868816860327
ACTUAL,2 Aggregates,Non-oil industry,indnon,2012,deflator,1.6548401643348354
ACTUAL,2 Aggregates,Non-oil industry,indnon,2013,deflator,1.724006758359023
ACTUAL,2 Aggregates,Non-oil industry,indnon,2014,deflator,1.715994783021105
ACTUAL,2 Aggregates,Non-oil industry,indnon,2015,deflator,1.3999683819460915
ACTUAL,2 Aggregates,Non-oil industry,indnon,2016,deflator,1.4868382108671812
ACTUAL,2 Aggregates,Non-oil industry,indnon,2017,deflator,1.5443489185373038
ACTUAL,2 Aggregates,Non-oil industry,indnon,2018,deflator,1.6021938442522285
ACTUAL,2 Aggregates,Non-oil industry,indnon,2019,deflator,1.5357408027862804
ACTUAL,2 Aggregates,Non-oil industry,indnon,2020,deflator,1.5058131642628654
ACTUAL,2 Aggregates,Non-oil industry,indnon,2021,deflator,1.7015685058070293
ACTUAL,2 Aggregates,Non-oil industry,indnon,2022,deflator,1.8942274598517974
ACTUAL,2 Aggregates,Non-oil industry,indnon,2023,deflator,1.6399716448782486
ACTUAL,2 Aggregates,Non-oil industry,indnon,2024,deflator,1.788553101516615
ACTUAL,2 Aggregates,Non-oil industry,indnon,2025,deflator,1.769785834547901
ACTUAL,2 Aggregates,Non-oil industry,indnon,2010,deflator_growth_pct,-3.9118201116779217
ACTUAL,2 Aggregates,Non-oil industry,indnon,2011,deflator_growth_pct,8.833204056422183
ACTUAL,2 Aggregates,Non-oil industry,indnon,2012,deflator_growth_pct,3.1575674397464892
ACTUAL,2 Aggregates,Non-oil industry,indnon,2013,deflator_growth_pct,4.179654054504378
ACTUAL,2 Aggregates,Non-oil industry,indnon,2014,deflator_growth_pct,-0.46472992632257126
ACTUAL,2 Aggregates,Non-oil industry,indnon,2015,deflator_growth_pct,-18.416512928939753
ACTUAL,2 Aggregates,Non-oil industry,indnon,2016,deflator_growth_pct,6.205127918698583
ACTUAL,2 Aggregates,Non-oil industry,indnon,2017,deflator_growth_pct,3.86798693023771
ACTUAL,2 Aggregates,Non-oil industry,indnon,2018,deflator_growth_pct,3.745586571829329
ACTUAL,2 Aggregates,Non-oil industry,indnon,2019,deflator_growth_pct,-4.147628060383846
ACTUAL,2 Aggregates,Non-oil industry,indnon,2020,deflator_growth_pct,-1.948742813182902
ACTUAL,2 Aggregates,Non-oil industry,indnon,2021,deflator_growth_pct,12.99997544117575
ACTUAL,2 Aggregates,Non-oil industry,indnon,2022,deflator_growth_pct,11.322433001508369
ACTUAL,2 Aggregates,Non-oil industry,indnon,2023,deflator_growth_pct,-13.422665459270744
ACTUAL,2 Aggregates,Non-oil industry,indnon,2024,deflator_growth_pct,9.060001561758524
ACTUAL,2 Aggregates,Non-oil industry,indnon,2025,deflator_growth_pct,-1.0492988412141746
ACTUAL,2 Aggregates,Non-oil industry,indnon,2009,nominal,2419.8
ACTUAL,2 Aggregates,Non-oil industry,indnon,2010,nominal,2460.0
ACTUAL,2 Aggregates,Non-oil industry,indnon,2011,nominal,3030.7
ACTUAL,2 Aggregates,Non-oil industry,indnon,2012,nominal,3470.3
ACTUAL,2 Aggregates,Non-oil industry,indnon,2013,nominal,3651.5
ACTUAL,2 Aggregates,Non-oil industry,indnon,2014,nominal,3947.1
ACTUAL,2 Aggregates,Non-oil industry,indnon,2015,nominal,3542.2000000000003
ACTUAL,2 Aggregates,Non-oil industry,indnon,2016,nominal,3841.0
ACTUAL,2 Aggregates,Non-oil industry,indnon,2017,nominal,4169.099999999999
ACTUAL,2 Aggregates,Non-oil industry,indnon,2018,nominal,4623.7
ACTUAL,2 Aggregates,Non-oil industry,indnon,2019,nominal,5039.1
ACTUAL,2 Aggregates,Non-oil industry,indnon,2020,nominal,5484.4
ACTUAL,2 Aggregates,Non-oil industry,indnon,2021,nominal,7306.7
ACTUAL,2 Aggregates,Non-oil industry,indnon,2022,nominal,8589.5
ACTUAL,2 Aggregates,Non-oil industry,indnon,2023,nominal,7912.5
ACTUAL,2 Aggregates,Non-oil industry,indnon,2024,nominal,9078.1
ACTUAL,2 Aggregates,Non-oil industry,indnon,2025,nominal,9476.900000000001
ACTUAL,2 Aggregates,Non-oil industry,indnon,2010,nominal_growth_pct,1.661294321844764
ACTUAL,2 Aggregates,Non-oil industry,indnon,2011,nominal_growth_pct,23.199186991869915
ACTUAL,2 Aggregates,Non-oil industry,indnon,2012,nominal_growth_pct,14.504899858118602
ACTUAL,2 Aggregates,Non-oil industry,indnon,2013,nominal_growth_pct,5.221450595049415
ACTUAL,2 Aggregates,Non-oil industry,indnon,2014,nominal_growth_pct,8.09530330001369
ACTUAL,2 Aggregates,Non-oil industry,indnon,2015,nominal_growth_pct,-10.258164221833743
ACTUAL,2 Aggregates,Non-oil industry,indnon,2016,nominal_growth_pct,8.435435604991248
ACTUAL,2 Aggregates,Non-oil industry,indnon,2017,nominal_growth_pct,8.54204634209841
ACTUAL,2 Aggregates,Non-oil industry,indnon,2018,nominal_growth_pct,10.904032045285561
ACTUAL,2 Aggregates,Non-oil industry,indnon,2019,nominal_growth_pct,8.98414689534357
ACTUAL,2 Aggregates,Non-oil industry,indnon,2020,nominal_growth_pct,8.83689547736697
ACTUAL,2 Aggregates,Non-oil industry,indnon,2021,nominal_growth_pct,33.22697104514625
ACTUAL,2 Aggregates,Non-oil industry,indnon,2022,nominal_growth_pct,17.556489249592833
ACTUAL,2 Aggregates,Non-oil industry,indnon,2023,nominal_growth_pct,-7.881716048664067
ACTUAL,2 Aggregates,Non-oil industry,indnon,2024,nominal_growth_pct,14.731121642969992
ACTUAL,2 Aggregates,Non-oil industry,indnon,2025,nominal_growth_pct,4.392989722519047
ACTUAL,2 Aggregates,Non-oil industry,indnon,2005,real,1429.24439141123
ACTUAL,2 Aggregates,Non-oil industry,indnon,2006,real,1590.749007640699
ACTUAL,2 Aggregates,Non-oil industry,indnon,2007,real,1735.5071673360023
ACTUAL,2 Aggregates,Non-oil industry,indnon,2008,real,1825.7535400374745
ACTUAL,2 Aggregates,Non-oil industry,indnon,2009,real,1577.451058592378
ACTUAL,2 Aggregates,Non-oil industry,indnon,2010,real,1668.943219990736
ACTUAL,2 Aggregates,Non-oil industry,indnon,2011,real,1889.2437250295134
ACTUAL,2 Aggregates,Non-oil industry,indnon,2012,real,2097.06053478276
ACTUAL,2 Aggregates,Non-oil industry,indnon,2013,real,2118.0311401305876
ACTUAL,2 Aggregates,Non-oil industry,indnon,2014,real,2300.181818181818
ACTUAL,2 Aggregates,Non-oil industry,indnon,2015,real,2530.2
ACTUAL,2 Aggregates,Non-oil industry,indnon,2016,real,2583.3341999999993
ACTUAL,2 Aggregates,Non-oil industry,indnon,2017,real,2699.5842389999993
ACTUAL,2 Aggregates,Non-oil industry,indnon,2018,real,2885.8555514909995
ACTUAL,2 Aggregates,Non-oil industry,indnon,2019,real,3281.2177620452667
ACTUAL,2 Aggregates,Non-oil industry,indnon,2020,real,3642.151715870246
ACTUAL,2 Aggregates,Non-oil industry,indnon,2021,real,4294.096873011021
ACTUAL,2 Aggregates,Non-oil industry,indnon,2022,real,4534.566297899638
ACTUAL,2 Aggregates,Non-oil industry,indnon,2023,real,4824.778540965215
ACTUAL,2 Aggregates,Non-oil industry,indnon,2024,real,5075.667025095407
ACTUAL,2 Aggregates,Non-oil industry,indnon,2025,real,5354.828711475654
ACTUAL,2 Aggregates,Non-oil industry,indnon,2006,real_growth_pct,11.299999999999999
ACTUAL,2 Aggregates,Non-oil industry,indnon,2007,real_growth_pct,9.099999999999998
ACTUAL,2 Aggregates,Non-oil industry,indnon,2008,real_growth_pct,5.200000000000005
ACTUAL,2 Aggregates,Non-oil industry,indnon,2009,real_growth_pct,-13.59999999999999
ACTUAL,2 Aggregates,Non-oil industry,indnon,2010,real_growth_pct,5.800000000000005
ACTUAL,2 Aggregates,Non-oil industry,indnon,2011,real_growth_pct,13.200000000000012
ACTUAL,2 Aggregates,Non-oil industry,indnon,2012,real_growth_pct,11.00000000000001
ACTUAL,2 Aggregates,Non-oil industry,indnon,2013,real_growth_pct,1.0000000000000009
ACTUAL,2 Aggregates,Non-oil industry,indnon,2014,real_growth_pct,8.599999999999985
ACTUAL,2 Aggregates,Non-oil industry,indnon,2015,real_growth_pct,10.000000000000009
ACTUAL,2 Aggregates,Non-oil industry,indnon,2016,real_growth_pct,2.0999999999999908
ACTUAL,2 Aggregates,Non-oil industry,indnon,2017,real_growth_pct,4.499999999999993
ACTUAL,2 Aggregates,Non-oil industry,indnon,2018,real_growth_pct,6.899999999999995
ACTUAL,2 Aggregates,Non-oil industry,indnon,2019,real_growth_pct,13.700000000000001
ACTUAL,2 Aggregates,Non-oil industry,indnon,2020,real_growth_pct,10.999999999999988
ACTUAL,2 Aggregates,Non-oil industry,indnon,2021,real_growth_pct,17.900000000000027
ACTUAL,2 Aggregates,Non-oil industry,indnon,2022,real_growth_pct,5.600000000000005
ACTUAL,2 Aggregates,Non-oil industry,indnon,2023,real_growth_pct,6.400000000000006
ACTUAL,2 Aggregates,Non-oil industry,indnon,2024,real_growth_pct,5.200000000000005
ACTUAL,2 Aggregates,Non-oil industry,indnon,2025,real_growth_pct,5.499999999999994
ACTUAL,2 Aggregates,Oil and gas GDP,gdpoil,2005,deflator,0.852128557523248
ACTUAL,2 Aggregates,Oil and gas GDP,gdpoil,2006,deflator,0.9311458209298462
ACTUAL,2 Aggregates,Oil and gas GDP,gdpoil,2007,deflator,1.0727608975728653
ACTUAL,2 Aggregates,Oil and gas GDP,gdpoil,2008,deflator,1.3918145603522007
ACTUAL,2 Aggregates,Oil and gas GDP,gdpoil,2009,deflator,0.8981817603882417
ACTUAL,2 Aggregates,Oil and gas GDP,gdpoil,2010,deflator,1.0963264336031198
ACTUAL,2 Aggregates,Oil and gas GDP,gdpoil,2011,deflator,1.526619502138387
ACTUAL,2 Aggregates,Oil and gas GDP,gdpoil,2012,deflator,1.5364917679095482
ACTUAL,2 Aggregates,Oil and gas GDP,gdpoil,2013,deflator,1.4906345352742474
ACTUAL,2 Aggregates,Oil and gas GDP,gdpoil,2014,deflator,1.4033633138107855
ACTUAL,2 Aggregates,Oil and gas GDP,gdpoil,2015,deflator,1.0
ACTUAL,2 Aggregates,Oil and gas GDP,gdpoil,2016,deflator,1.2423995722860826
ACTUAL,2 Aggregates,Oil and gas GDP,gdpoil,2017,deflator,1.6644261995239384
ACTUAL,2 Aggregates,Oil and gas GDP,gdpoil,2018,deflator,2.1225980070695702
ACTUAL,2 Aggregates,Oil and gas GDP,gdpoil,2019,deflator,1.9784261913959462
ACTUAL,2 Aggregates,Oil and gas GDP,gdpoil,2020,deflator,1.449253257890386
ACTUAL,2 Aggregates,Oil and gas GDP,gdpoil,2021,deflator,2.3698142946807157
ACTUAL,2 Aggregates,Oil and gas GDP,gdpoil,2022,deflator,4.358419658249399
ACTUAL,2 Aggregates,Oil and gas GDP,gdpoil,2023,deflator,3.05719684440799
ACTUAL,2 Aggregates,Oil and gas GDP,gdpoil,2024,deflator,2.790203551172906
ACTUAL,2 Aggregates,Oil and gas GDP,gdpoil,2025,deflator,2.5894519800950753
ACTUAL,2 Aggregates,Oil and gas GDP,gdpoil,2006,deflator_growth_pct,9.27292750712001
ACTUAL,2 Aggregates,Oil and gas GDP,gdpoil,2007,deflator_growth_pct,15.208689494154815
ACTUAL,2 Aggregates,Oil and gas GDP,gdpoil,2008,deflator_growth_pct,29.74135834939531
ACTUAL,2 Aggregates,Oil and gas GDP,gdpoil,2009,deflator_growth_pct,-35.466851262070755
ACTUAL,2 Aggregates,Oil and gas GDP,gdpoil,2010,deflator_growth_pct,22.060643174186634
ACTUAL,2 Aggregates,Oil and gas GDP,gdpoil,2011,deflator_growth_pct,39.248626626751324
ACTUAL,2 Aggregates,Oil and gas GDP,gdpoil,2012,deflator_growth_pct,0.6466749414201001
ACTUAL,2 Aggregates,Oil and gas GDP,gdpoil,2013,deflator_growth_pct,-2.984541381415351
ACTUAL,2 Aggregates,Oil and gas GDP,gdpoil,2014,deflator_growth_pct,-5.854635686902676
ACTUAL,2 Aggregates,Oil and gas GDP,gdpoil,2015,deflator_growth_pct,-28.742614962298397
ACTUAL,2 Aggregates,Oil and gas GDP,gdpoil,2016,deflator_growth_pct,24.239957228608255
ACTUAL,2 Aggregates,Oil and gas GDP,gdpoil,2017,deflator_growth_pct,33.96867132377581
ACTUAL,2 Aggregates,Oil and gas GDP,gdpoil,2018,deflator_growth_pct,27.527312876754696
ACTUAL,2 Aggregates,Oil and gas GDP,gdpoil,2019,deflator_growth_pct,-6.792233630364408
ACTUAL,2 Aggregates,Oil and gas GDP,gdpoil,2020,deflator_growth_pct,-26.74716579303795
ACTUAL,2 Aggregates,Oil and gas GDP,gdpoil,2021,deflator_growth_pct,63.51968034423119
ACTUAL,2 Aggregates,Oil and gas GDP,gdpoil,2022,deflator_growth_pct,83.91397452670894
ACTUAL,2 Aggregates,Oil and gas GDP,gdpoil,2023,deflator_growth_pct,-29.855381442641004
ACTUAL,2 Aggregates,Oil and gas GDP,gdpoil,2024,deflator_growth_pct,-8.733271255445963
ACTUAL,2 Aggregates,Oil and gas GDP,gdpoil,2025,deflator_growth_pct,-7.194871893609401
ACTUAL,2 Aggregates,Oil and gas GDP,gdpoil,2005,nominal,5927.1
ACTUAL,2 Aggregates,Oil and gas GDP,gdpoil,2006,nominal,10570.0
ACTUAL,2 Aggregates,Oil and gas GDP,gdpoil,2007,nominal,16658.9
ACTUAL,2 Aggregates,Oil and gas GDP,gdpoil,2008,nominal,23083.2
ACTUAL,2 Aggregates,Oil and gas GDP,gdpoil,2009,nominal,16981.8
ACTUAL,2 Aggregates,Oil and gas GDP,gdpoil,2010,nominal,21101.2
ACTUAL,2 Aggregates,Oil and gas GDP,gdpoil,2011,nominal,26650.5
ACTUAL,2 Aggregates,Oil and gas GDP,gdpoil,2012,nominal,25481.7
ACTUAL,2 Aggregates,Oil and gas GDP,gdpoil,2013,nominal,24968.4
ACTUAL,2 Aggregates,Oil and gas GDP,gdpoil,2014,nominal,22824.9
ACTUAL,2 Aggregates,Oil and gas GDP,gdpoil,2015,nominal,16459.6
ACTUAL,2 Aggregates,Oil and gas GDP,gdpoil,2016,nominal,20449.4
ACTUAL,2 Aggregates,Oil and gas GDP,gdpoil,2017,nominal,26026.0
ACTUAL,2 Aggregates,Oil and gas GDP,gdpoil,2018,nominal,33389.4
ACTUAL,2 Aggregates,Oil and gas GDP,gdpoil,2019,nominal,31246.0
ACTUAL,2 Aggregates,Oil and gas GDP,gdpoil,2020,nominal,21446.6
ACTUAL,2 Aggregates,Oil and gas GDP,gdpoil,2021,nominal,35770.8
ACTUAL,2 Aggregates,Oil and gas GDP,gdpoil,2022,nominal,64208.6
ACTUAL,2 Aggregates,Oil and gas GDP,gdpoil,2023,nominal,44138.1
ACTUAL,2 Aggregates,Oil and gas GDP,gdpoil,2024,nominal,40283.4
ACTUAL,2 Aggregates,Oil and gas GDP,gdpoil,2025,nominal,36786.9
ACTUAL,2 Aggregates,Oil and gas GDP,gdpoil,2006,nominal_growth_pct,78.33341769161983
ACTUAL,2 Aggregates,Oil and gas GDP,gdpoil,2007,nominal_growth_pct,57.6054872280038
ACTUAL,2 Aggregates,Oil and gas GDP,gdpoil,2008,nominal_growth_pct,38.56377071715418
ACTUAL,2 Aggregates,Oil and gas GDP,gdpoil,2009,nominal_growth_pct,-26.432210438760663
ACTUAL,2 Aggregates,Oil and gas GDP,gdpoil,2010,nominal_growth_pct,24.257734751322
ACTUAL,2 Aggregates,Oil and gas GDP,gdpoil,2011,nominal_growth_pct,26.29850435046348
ACTUAL,2 Aggregates,Oil and gas GDP,gdpoil,2012,nominal_growth_pct,-4.385658805650927
ACTUAL,2 Aggregates,Oil and gas GDP,gdpoil,2013,nominal_growth_pct,-2.014386795229517
ACTUAL,2 Aggregates,Oil and gas GDP,gdpoil,2014,nominal_growth_pct,-8.584851251982506
ACTUAL,2 Aggregates,Oil and gas GDP,gdpoil,2015,nominal_growth_pct,-27.88752634184598
ACTUAL,2 Aggregates,Oil and gas GDP,gdpoil,2016,nominal_growth_pct,24.239957228608255
ACTUAL,2 Aggregates,Oil and gas GDP,gdpoil,2017,nominal_growth_pct,27.27023775758701
ACTUAL,2 Aggregates,Oil and gas GDP,gdpoil,2018,nominal_growth_pct,28.292476754015226
ACTUAL,2 Aggregates,Oil and gas GDP,gdpoil,2019,nominal_growth_pct,-6.419402564885868
ACTUAL,2 Aggregates,Oil and gas GDP,gdpoil,2020,nominal_growth_pct,-31.362094348076564
ACTUAL,2 Aggregates,Oil and gas GDP,gdpoil,2021,nominal_growth_pct,66.79007395111583
ACTUAL,2 Aggregates,Oil and gas GDP,gdpoil,2022,nominal_growth_pct,79.50003913806792
ACTUAL,2 Aggregates,Oil and gas GDP,gdpoil,2023,nominal_growth_pct,-31.258273813788186
ACTUAL,2 Aggregates,Oil and gas GDP,gdpoil,2024,nominal_growth_pct,-8.733271255445974
ACTUAL,2 Aggregates,Oil and gas GDP,gdpoil,2025,nominal_growth_pct,-8.679753943311642
ACTUAL,2 Aggregates,Oil and gas GDP,gdpoil,2005,real,6955.640610411411
ACTUAL,2 Aggregates,Oil and gas GDP,gdpoil,2006,real,11351.605476191422
ACTUAL,2 Aggregates,Oil and gas GDP,gdpoil,2007,real,15528.996291429867
ACTUAL,2 Aggregates,Oil and gas GDP,gdpoil,2008,real,16584.9680392471
ACTUAL,2 Aggregates,Oil and gas GDP,gdpoil,2009,real,18906.863564741692
ACTUAL,2 Aggregates,Oil and gas GDP,gdpoil,2010,real,19247.187108907045
ACTUAL,2 Aggregates,Oil and gas GDP,gdpoil,2011,real,17457.19870777869
ACTUAL,2 Aggregates,Oil and gas GDP,gdpoil,2012,real,16584.338772389754
ACTUAL,2 Aggregates,Oil and gas GDP,gdpoil,2013,real,16750.18216011365
ACTUAL,2 Aggregates,Oil and gas GDP,gdpoil,2014,real,16264.426877470354
ACTUAL,2 Aggregates,Oil and gas GDP,gdpoil,2015,real,16459.6
ACTUAL,2 Aggregates,Oil and gas GDP,gdpoil,2016,real,16459.6
ACTUAL,2 Aggregates,Oil and gas GDP,gdpoil,2017,real,15636.619999999997
ACTUAL,2 Aggregates,Oil and gas GDP,gdpoil,2018,real,15730.439719999997
ACTUAL,2 Aggregates,Oil and gas GDP,gdpoil,2019,real,15793.361478879997
ACTUAL,2 Aggregates,Oil and gas GDP,gdpoil,2020,real,14798.379705710558
ACTUAL,2 Aggregates,Oil and gas GDP,gdpoil,2021,real,15094.347299824769
ACTUAL,2 Aggregates,Oil and gas GDP,gdpoil,2022,real,14732.082964628975
ACTUAL,2 Aggregates,Oil and gas GDP,gdpoil,2023,real,14437.441305336395
ACTUAL,2 Aggregates,Oil and gas GDP,gdpoil,2024,real,14437.441305336395
ACTUAL,2 Aggregates,Oil and gas GDP,gdpoil,2025,real,14206.442244451013
ACTUAL,2 Aggregates,Oil and gas GDP,gdpoil,2006,real_growth_pct,63.19999999999999
ACTUAL,2 Aggregates,Oil and gas GDP,gdpoil,2007,real_growth_pct,36.80000000000001
ACTUAL,2 Aggregates,Oil and gas GDP,gdpoil,2008,real_growth_pct,6.800000000000006
ACTUAL,2 Aggregates,Oil and gas GDP,gdpoil,2009,real_growth_pct,14.000000000000012
ACTUAL,2 Aggregates,Oil and gas GDP,gdpoil,2010,real_growth_pct,1.8000000000000016
ACTUAL,2 Aggregates,Oil and gas GDP,gdpoil,2011,real_growth_pct,-9.299999999999997
ACTUAL,2 Aggregates,Oil and gas GDP,gdpoil,2012,real_growth_pct,-5.000000000000016
ACTUAL,2 Aggregates,Oil and gas GDP,gdpoil,2013,real_growth_pct,1.0000000000000009
ACTUAL,2 Aggregates,Oil and gas GDP,gdpoil,2014,real_growth_pct,-2.9000000000000026
ACTUAL,2 Aggregates,Oil and gas GDP,gdpoil,2015,real_growth_pct,1.200000000000001
ACTUAL,2 Aggregates,Oil and gas GDP,gdpoil,2016,real_growth_pct,0.0
ACTUAL,2 Aggregates,Oil and gas GDP,gdpoil,2017,real_growth_pct,-5.000000000000004
ACTUAL,2 Aggregates,Oil and gas GDP,gdpoil,2018,real_growth_pct,0.6000000000000005
ACTUAL,2 Aggregates,Oil and gas GDP,gdpoil,2019,real_growth_pct,0.40000000000000036
ACTUAL,2 Aggregates,Oil and gas GDP,gdpoil,2020,real_growth_pct,-6.2999999999999945
ACTUAL,2 Aggregates,Oil and gas GDP,gdpoil,2021,real_growth_pct,2.0000000000000018
ACTUAL,2 Aggregates,Oil and gas GDP,gdpoil,2022,real_growth_pct,-2.400000000000002
ACTUAL,2 Aggregates,Oil and gas GDP,gdpoil,2023,real_growth_pct,-2.0000000000000018
ACTUAL,2 Aggregates,Oil and gas GDP,gdpoil,2024,real_growth_pct,0.0
ACTUAL,2 Aggregates,Oil and gas GDP,gdpoil,2025,real_growth_pct,-1.6000000000000014
ACTUAL,2 Aggregates,Services production,serv,2005,deflator,0.35255095876985626
ACTUAL,2 Aggregates,Services production,serv,2006,deflator,0.4052859931706632
ACTUAL,2 Aggregates,Services production,serv,2007,deflator,0.5036793858269973
ACTUAL,2 Aggregates,Services production,serv,2008,deflator,0.6647478610896308
ACTUAL,2 Aggregates,Services production,serv,2009,deflator,0.7206888539258205
ACTUAL,2 Aggregates,Services production,serv,2010,deflator,0.7610384220071359
ACTUAL,2 Aggregates,Services production,serv,2011,deflator,0.8572912100975895
ACTUAL,2 Aggregates,Services production,serv,2012,deflator,0.8952144836077203
ACTUAL,2 Aggregates,Services production,serv,2013,deflator,0.9289701294540638
ACTUAL,2 Aggregates,Services production,serv,2014,deflator,0.9522375562074135
ACTUAL,2 Aggregates,Services production,serv,2015,deflator,1.0
ACTUAL,2 Aggregates,Services production,serv,2016,deflator,1.0836213844309728
ACTUAL,2 Aggregates,Services production,serv,2017,deflator,1.187008454635061
ACTUAL,2 Aggregates,Services production,serv,2018,deflator,1.205866446803045
ACTUAL,2 Aggregates,Services production,serv,2019,deflator,1.2456872217792474
ACTUAL,2 Aggregates,Services production,serv,2020,deflator,1.3249429070020464
ACTUAL,2 Aggregates,Services production,serv,2021,deflator,1.407007728463001
ACTUAL,2 Aggregates,Services production,serv,2022,deflator,1.5692101399206766
ACTUAL,2 Aggregates,Services production,serv,2023,deflator,1.7373169368757406
ACTUAL,2 Aggregates,Services production,serv,2024,deflator,1.7945523416733493
ACTUAL,2 Aggregates,Services production,serv,2025,deflator,1.8938997059542255
ACTUAL,2 Aggregates,Services production,serv,2006,deflator_growth_pct,14.958131041485023
ACTUAL,2 Aggregates,Services production,serv,2007,deflator_growth_pct,24.277521136759674
ACTUAL,2 Aggregates,Services production,serv,2008,deflator_growth_pct,31.978373504044267
ACTUAL,2 Aggregates,Services production,serv,2009,deflator_growth_pct,8.41537011409006
ACTUAL,2 Aggregates,Services production,serv,2010,deflator_growth_pct,5.598750121015272
ACTUAL,2 Aggregates,Services production,serv,2011,deflator_growth_pct,12.647559611589632
ACTUAL,2 Aggregates,Services production,serv,2012,deflator_growth_pct,4.423616276879105
ACTUAL,2 Aggregates,Services production,serv,2013,deflator_growth_pct,3.770676912007498
ACTUAL,2 Aggregates,Services production,serv,2014,deflator_growth_pct,2.504647460195897
ACTUAL,2 Aggregates,Services production,serv,2015,deflator_growth_pct,5.015811808853199
ACTUAL,2 Aggregates,Services production,serv,2016,deflator_growth_pct,8.362138443097278
ACTUAL,2 Aggregates,Services production,serv,2017,deflator_growth_pct,9.540885007393829
ACTUAL,2 Aggregates,Services production,serv,2018,deflator_growth_pct,1.5886990605961326
ACTUAL,2 Aggregates,Services production,serv,2019,deflator_growth_pct,3.302254166020968
ACTUAL,2 Aggregates,Services production,serv,2020,deflator_growth_pct,6.362406536497667
ACTUAL,2 Aggregates,Services production,serv,2021,deflator_growth_pct,6.193838317655742
ACTUAL,2 Aggregates,Services production,serv,2022,deflator_growth_pct,11.528181983397046
ACTUAL,2 Aggregates,Services production,serv,2023,deflator_growth_pct,10.712828873484192
ACTUAL,2 Aggregates,Services production,serv,2024,deflator_growth_pct,3.294471122841669
ACTUAL,2 Aggregates,Services production,serv,2025,deflator_growth_pct,5.536052751085463
ACTUAL,2 Aggregates,Services production,serv,2005,nominal,3109.4
ACTUAL,2 Aggregates,Services production,serv,2006,nominal,4178.6
ACTUAL,2 Aggregates,Services production,serv,2007,nominal,5837.0
ACTUAL,2 Aggregates,Services production,serv,2008,nominal,8828.3
ACTUAL,2 Aggregates,Services production,serv,2009,nominal,10547.5
ACTUAL,2 Aggregates,Services production,serv,2010,nominal,11862.0
ACTUAL,2 Aggregates,Services production,serv,2011,nominal,14230.800000000001
ACTUAL,2 Aggregates,Services production,serv,2012,nominal,15989.7
ACTUAL,2 Aggregates,Services production,serv,2013,nominal,17986.4
ACTUAL,2 Aggregates,Services production,serv,2014,nominal,19838.100000000002
ACTUAL,2 Aggregates,Services production,serv,2015,nominal,21749.800000000003
ACTUAL,2 Aggregates,Services production,serv,2016,nominal,23380.0
ACTUAL,2 Aggregates,Services production,serv,2017,nominal,26430.2
ACTUAL,2 Aggregates,Services production,serv,2018,nominal,27870.4
ACTUAL,2 Aggregates,Services production,serv,2019,nominal,29884.800000000003
ACTUAL,2 Aggregates,Services production,serv,2020,nominal,30387.600000000002
ACTUAL,2 Aggregates,Services production,serv,2021,nominal,34786.799999999996
ACTUAL,2 Aggregates,Services production,serv,2022,nominal,42599.2
ACTUAL,2 Aggregates,Services production,serv,2023,nominal,48530.5
ACTUAL,2 Aggregates,Services production,serv,2024,nominal,53337.6
ACTUAL,2 Aggregates,Services production,serv,2025,nominal,58035.40000000001
ACTUAL,2 Aggregates,Services production,serv,2006,nominal_growth_pct,34.38605518749598
ACTUAL,2 Aggregates,Services production,serv,2007,nominal_growth_pct,39.687933757717886
ACTUAL,2 Aggregates,Services production,serv,2008,nominal_growth_pct,51.247216035634736
ACTUAL,2 Aggregates,Services production,serv,2009,nominal_growth_pct,19.47373786572728
ACTUAL,2 Aggregates,Services production,serv,2010,nominal_growth_pct,12.462668878881257
ACTUAL,2 Aggregates,Services production,serv,2011,nominal_growth_pct,19.969650986342955
ACTUAL,2 Aggregates,Services production,serv,2012,nominal_growth_pct,12.359811113921904
ACTUAL,2 Aggregates,Services production,serv,2013,nominal_growth_pct,12.48741377261613
ACTUAL,2 Aggregates,Services production,serv,2014,nominal_growth_pct,10.29500066717075
ACTUAL,2 Aggregates,Services production,serv,2015,nominal_growth_pct,9.636507528442738
ACTUAL,2 Aggregates,Services production,serv,2016,nominal_growth_pct,7.495241335552505
ACTUAL,2 Aggregates,Services production,serv,2017,nominal_growth_pct,13.046193327630462
ACTUAL,2 Aggregates,Services production,serv,2018,nominal_growth_pct,5.449069624898795
ACTUAL,2 Aggregates,Services production,serv,2019,nominal_growth_pct,7.22773982432976
ACTUAL,2 Aggregates,Services production,serv,2020,nominal_growth_pct,1.6824606488917482
ACTUAL,2 Aggregates,Services production,serv,2021,nominal_growth_pct,14.47695770643287
ACTUAL,2 Aggregates,Services production,serv,2022,nominal_growth_pct,22.457943817769976
ACTUAL,2 Aggregates,Services production,serv,2023,nominal_growth_pct,13.923500910815246
ACTUAL,2 Aggregates,Services production,serv,2024,nominal_growth_pct,9.90531727470354
ACTUAL,2 Aggregates,Services production,serv,2025,nominal_growth_pct,8.807670386369114
ACTUAL,2 Aggregates,Services production,serv,2005,real,8819.717895108046
ACTUAL,2 Aggregates,Services production,serv,2006,real,10310.250219381305
ACTUAL,2 Aggregates,Services production,serv,2007,real,11588.721246584588
ACTUAL,2 Aggregates,Services production,serv,2008,real,13280.674548585937
ACTUAL,2 Aggregates,Services production,serv,2009,real,14635.303352541705
ACTUAL,2 Aggregates,Services production,serv,2010,real,15586.598070456916
ACTUAL,2 Aggregates,Services production,serv,2011,real,16599.726945036615
ACTUAL,2 Aggregates,Services production,serv,2012,real,17861.306192859396
ACTUAL,2 Aggregates,Services production,serv,2013,real,19361.655913059585
ACTUAL,2 Aggregates,Services production,serv,2014,real,20833.14176245211
ACTUAL,2 Aggregates,Services production,serv,2015,real,21749.800000000003
ACTUAL,2 Aggregates,Services production,serv,2016,real,21575.801600000003
ACTUAL,2 Aggregates,Services production,serv,2017,real,22266.227251200005
ACTUAL,2 Aggregates,Services production,serv,2018,real,23112.343886745606
ACTUAL,2 Aggregates,Services production,serv,2019,real,23990.61295444194
ACTUAL,2 Aggregates,Services production,serv,2020,real,22935.02598444649
ACTUAL,2 Aggregates,Services production,serv,2021,real,24723.958011233313
ACTUAL,2 Aggregates,Services production,serv,2022,real,27146.905896334178
ACTUAL,2 Aggregates,Services production,serv,2023,real,27934.16616732787
ACTUAL,2 Aggregates,Services production,serv,2024,real,29721.952802036853
ACTUAL,2 Aggregates,Services production,serv,2025,real,30643.333338899993
ACTUAL,2 Aggregates,Services production,serv,2006,real_growth_pct,16.900000000000006
ACTUAL,2 Aggregates,Services production,serv,2007,real_growth_pct,12.400000000000011
ACTUAL,2 Aggregates,Services production,serv,2008,real_growth_pct,14.59999999999999
ACTUAL,2 Aggregates,Services production,serv,2009,real_growth_pct,10.20000000000001
ACTUAL,2 Aggregates,Services production,serv,2010,real_growth_pct,6.499999999999995
ACTUAL,2 Aggregates,Services production,serv,2011,real_growth_pct,6.499999999999995
ACTUAL,2 Aggregates,Services production,serv,2012,real_growth_pct,7.5999999999999845
ACTUAL,2 Aggregates,Services production,serv,2013,real_growth_pct,8.400000000000007
ACTUAL,2 Aggregates,Services production,serv,2014,real_growth_pct,7.5999999999999845
ACTUAL,2 Aggregates,Services production,serv,2015,real_growth_pct,4.400000000000004
ACTUAL,2 Aggregates,Services production,serv,2016,real_growth_pct,-0.8000000000000007
ACTUAL,2 Aggregates,Services production,serv,2017,real_growth_pct,3.200000000000003
ACTUAL,2 Aggregates,Services production,serv,2018,real_growth_pct,3.8000000000000034
ACTUAL,2 Aggregates,Services production,serv,2019,real_growth_pct,3.8000000000000034
ACTUAL,2 Aggregates,Services production,serv,2020,real_growth_pct,-4.400000000000015
ACTUAL,2 Aggregates,Services production,serv,2021,real_growth_pct,7.799999999999985
ACTUAL,2 Aggregates,Services production,serv,2022,real_growth_pct,9.800000000000008
ACTUAL,2 Aggregates,Services production,serv,2023,real_growth_pct,2.8999999999999915
ACTUAL,2 Aggregates,Services production,serv,2024,real_growth_pct,6.400000000000006
ACTUAL,2 Aggregates,Services production,serv,2025,real_growth_pct,3.0999999999999917
ACTUAL,3 Consumer markets,Catering turnover,cater,2005,deflator,0.4849330438905157
ACTUAL,3 Consumer markets,Catering turnover,cater,2006,deflator,0.5424352684920558
ACTUAL,3 Consumer markets,Catering turnover,cater,2007,deflator,0.6304612025836552
ACTUAL,3 Consumer markets,Catering turnover,cater,2008,deflator,0.8108251572566091
ACTUAL,3 Consumer markets,Catering turnover,cater,2009,deflator,0.7984525969612318
ACTUAL,3 Consumer markets,Catering turnover,cater,2010,deflator,0.8559796321381526
ACTUAL,3 Consumer markets,Catering turnover,cater,2011,deflator,0.9450115886565872
ACTUAL,3 Consumer markets,Catering turnover,cater,2012,deflator,0.9565264794816413
ACTUAL,3 Consumer markets,Catering turnover,cater,2013,deflator,0.9702292548596112
ACTUAL,3 Consumer markets,Catering turnover,cater,2014,deflator,0.9807775377969762
ACTUAL,3 Consumer markets,Catering turnover,cater,2015,deflator,1.0
ACTUAL,3 Consumer markets,Catering turnover,cater,2016,deflator,1.0926798183817625
ACTUAL,3 Consumer markets,Catering turnover,cater,2017,deflator,1.2188189745203752
ACTUAL,3 Consumer markets,Catering turnover,cater,2018,deflator,1.2482714396846186
ACTUAL,3 Consumer markets,Catering turnover,cater,2019,deflator,1.2628970726571034
ACTUAL,3 Consumer markets,Catering turnover,cater,2020,deflator,1.276575726092879
ACTUAL,3 Consumer markets,Catering turnover,cater,2021,deflator,1.3356047926556718
ACTUAL,3 Consumer markets,Catering turnover,cater,2022,deflator,1.5791869049647824
ACTUAL,3 Consumer markets,Catering turnover,cater,2023,deflator,1.7645227262448349
ACTUAL,3 Consumer markets,Catering turnover,cater,2024,deflator,1.8128715673291182
ACTUAL,3 Consumer markets,Catering turnover,cater,2025,deflator,1.9112983273128186
ACTUAL,3 Consumer markets,Catering turnover,cater,2006,deflator_growth_pct,11.85776579385307
ACTUAL,3 Consumer markets,Catering turnover,cater,2007,deflator_growth_pct,16.227914961412317
ACTUAL,3 Consumer markets,Catering turnover,cater,2008,deflator_growth_pct,28.60825597734089
ACTUAL,3 Consumer markets,Catering turnover,cater,2009,deflator_growth_pct,-1.5259221035074044
ACTUAL,3 Consumer markets,Catering turnover,cater,2010,deflator_growth_pct,7.204815338550907
ACTUAL,3 Consumer markets,Catering turnover,cater,2011,deflator_growth_pct,10.401176987826389
ACTUAL,3 Consumer markets,Catering turnover,cater,2012,deflator_growth_pct,1.2184920230897234
ACTUAL,3 Consumer markets,Catering turnover,cater,2013,deflator_growth_pct,1.4325557809330869
ACTUAL,3 Consumer markets,Catering turnover,cater,2014,deflator_growth_pct,1.0871948959002786
ACTUAL,3 Consumer markets,Catering turnover,cater,2015,deflator_growth_pct,1.9599207223078619
ACTUAL,3 Consumer markets,Catering turnover,cater,2016,deflator_growth_pct,9.267981838176254
ACTUAL,3 Consumer markets,Catering turnover,cater,2017,deflator_growth_pct,11.544018111858456
ACTUAL,3 Consumer markets,Catering turnover,cater,2018,deflator_growth_pct,2.4164757671116366
ACTUAL,3 Consumer markets,Catering turnover,cater,2019,deflator_growth_pct,1.1716708808286125
ACTUAL,3 Consumer markets,Catering turnover,cater,2020,deflator_growth_pct,1.0831170434971504
ACTUAL,3 Consumer markets,Catering turnover,cater,2021,deflator_growth_pct,4.624016057665359
ACTUAL,3 Consumer markets,Catering turnover,cater,2022,deflator_growth_pct,18.237588967076125
ACTUAL,3 Consumer markets,Catering turnover,cater,2023,deflator_growth_pct,11.736154897015538
ACTUAL,3 Consumer markets,Catering turnover,cater,2024,deflator_growth_pct,2.7400520472284695
ACTUAL,3 Consumer markets,Catering turnover,cater,2025,deflator_growth_pct,5.429328903244435
ACTUAL,3 Consumer markets,Catering turnover,cater,2005,nominal,74.0
ACTUAL,3 Consumer markets,Catering turnover,cater,2006,nominal,106.2
ACTUAL,3 Consumer markets,Catering turnover,cater,2007,nominal,167.5
ACTUAL,3 Consumer markets,Catering turnover,cater,2008,nominal,290.6
ACTUAL,3 Consumer markets,Catering turnover,cater,2009,nominal,335.1
ACTUAL,3 Consumer markets,Catering turnover,cater,2010,nominal,417.8
ACTUAL,3 Consumer markets,Catering turnover,cater,2011,nominal,565.5
ACTUAL,3 Consumer markets,Catering turnover,cater,2012,nominal,680.0
ACTUAL,3 Consumer markets,Catering turnover,cater,2013,nominal,800.1
ACTUAL,3 Consumer markets,Catering turnover,cater,2014,nominal,956.0
ACTUAL,3 Consumer markets,Catering turnover,cater,2015,nominal,1111.2
ACTUAL,3 Consumer markets,Catering turnover,cater,2016,nominal,1215.4
ACTUAL,3 Consumer markets,Catering turnover,cater,2017,nominal,1401.8
ACTUAL,3 Consumer markets,Catering turnover,cater,2018,nominal,1533.3
ACTUAL,3 Consumer markets,Catering turnover,cater,2019,nominal,1655.2
ACTUAL,3 Consumer markets,Catering turnover,cater,2020,nominal,759.6
ACTUAL,3 Consumer markets,Catering turnover,cater,2021,nominal,979.1
ACTUAL,3 Consumer markets,Catering turnover,cater,2022,nominal,1586.0
ACTUAL,3 Consumer markets,Catering turnover,cater,2023,nominal,2041.5
ACTUAL,3 Consumer markets,Catering turnover,cater,2024,nominal,2374.3
ACTUAL,3 Consumer markets,Catering turnover,cater,2025,nominal,2808.6
ACTUAL,3 Consumer markets,Catering turnover,cater,2006,nominal_growth_pct,43.513513513513516
ACTUAL,3 Consumer markets,Catering turnover,cater,2007,nominal_growth_pct,57.721280602636526
ACTUAL,3 Consumer markets,Catering turnover,cater,2008,nominal_growth_pct,73.49253731343286
ACTUAL,3 Consumer markets,Catering turnover,cater,2009,nominal_growth_pct,15.313145216792833
ACTUAL,3 Consumer markets,Catering turnover,cater,2010,nominal_growth_pct,24.679200238734712
ACTUAL,3 Consumer markets,Catering turnover,cater,2011,nominal_growth_pct,35.351842987075145
ACTUAL,3 Consumer markets,Catering turnover,cater,2012,nominal_growth_pct,20.247568523430594
ACTUAL,3 Consumer markets,Catering turnover,cater,2013,nominal_growth_pct,17.661764705882366
ACTUAL,3 Consumer markets,Catering turnover,cater,2014,nominal_growth_pct,19.48506436695412
ACTUAL,3 Consumer markets,Catering turnover,cater,2015,nominal_growth_pct,16.234309623430974
ACTUAL,3 Consumer markets,Catering turnover,cater,2016,nominal_growth_pct,9.377249820014399
ACTUAL,3 Consumer markets,Catering turnover,cater,2017,nominal_growth_pct,15.336514727661665
ACTUAL,3 Consumer markets,Catering turnover,cater,2018,nominal_growth_pct,9.380796119275224
ACTUAL,3 Consumer markets,Catering turnover,cater,2019,nominal_growth_pct,7.950172829844138
ACTUAL,3 Consumer markets,Catering turnover,cater,2020,nominal_growth_pct,-54.1082648622523
ACTUAL,3 Consumer markets,Catering turnover,cater,2021,nominal_growth_pct,28.8967877830437
ACTUAL,3 Consumer markets,Catering turnover,cater,2022,nominal_growth_pct,61.985496884894296
ACTUAL,3 Consumer markets,Catering turnover,cater,2023,nominal_growth_pct,28.72005044136192
ACTUAL,3 Consumer markets,Catering turnover,cater,2024,nominal_growth_pct,16.30173891746265
ACTUAL,3 Consumer markets,Catering turnover,cater,2025,nominal_growth_pct,18.291707029440254
ACTUAL,3 Consumer markets,Catering turnover,cater,2005,real,152.59838637992902
ACTUAL,3 Consumer markets,Catering turnover,cater,2006,real,195.78372972544898
ACTUAL,3 Consumer markets,Catering turnover,cater,2007,real,265.67852123743427
ACTUAL,3 Consumer markets,Catering turnover,cater,2008,real,358.4003251492988
ACTUAL,3 Consumer markets,Catering turnover,cater,2009,real,419.6867807498289
ACTUAL,3 Consumer markets,Catering turnover,cater,2010,real,488.09572601205105
ACTUAL,3 Consumer markets,Catering turnover,cater,2011,real,598.4053600907746
ACTUAL,3 Consumer markets,Catering turnover,cater,2012,real,710.9055677878401
ACTUAL,3 Consumer markets,Catering turnover,cater,2013,real,824.6504586338945
ACTUAL,3 Consumer markets,Catering turnover,cater,2014,real,974.7368421052632
ACTUAL,3 Consumer markets,Catering turnover,cater,2015,real,1111.2
ACTUAL,3 Consumer markets,Catering turnover,cater,2016,real,1112.3111999999999
ACTUAL,3 Consumer markets,Catering turnover,cater,2017,real,1150.1297808
ACTUAL,3 Consumer markets,Catering turnover,cater,2018,real,1228.3386058944
ACTUAL,3 Consumer markets,Catering turnover,cater,2019,real,1310.6372924893249
ACTUAL,3 Consumer markets,Catering turnover,cater,2020,real,595.0293307901535
ACTUAL,3 Consumer markets,Catering turnover,cater,2021,real,733.076135533469
ACTUAL,3 Consumer markets,Catering turnover,cater,2022,real,1004.3143056808526
ACTUAL,3 Consumer markets,Catering turnover,cater,2023,real,1156.9700801443423
ACTUAL,3 Consumer markets,Catering turnover,cater,2024,real,1309.6901307233957
ACTUAL,3 Consumer markets,Catering turnover,cater,2025,real,1469.4723266716499
ACTUAL,3 Consumer markets,Catering turnover,cater,2006,real_growth_pct,28.300000000000036
ACTUAL,3 Consumer markets,Catering turnover,cater,2007,real_growth_pct,35.699999999999996
ACTUAL,3 Consumer markets,Catering turnover,cater,2008,real_growth_pct,34.9
ACTUAL,3 Consumer markets,Catering turnover,cater,2009,real_growth_pct,17.100000000000005
ACTUAL,3 Consumer markets,Catering turnover,cater,2010,real_growth_pct,16.300000000000004
ACTUAL,3 Consumer markets,Catering turnover,cater,2011,real_growth_pct,22.599999999999998
ACTUAL,3 Consumer markets,Catering turnover,cater,2012,real_growth_pct,18.799999999999994
ACTUAL,3 Consumer markets,Catering turnover,cater,2013,real_growth_pct,15.999999999999993
ACTUAL,3 Consumer markets,Catering turnover,cater,2014,real_growth_pct,18.199999999999996
ACTUAL,3 Consumer markets,Catering turnover,cater,2015,real_growth_pct,13.99999999999999
ACTUAL,3 Consumer markets,Catering turnover,cater,2016,real_growth_pct,0.09999999999998899
ACTUAL,3 Consumer markets,Catering turnover,cater,2017,real_growth_pct,3.400000000000003
ACTUAL,3 Consumer markets,Catering turnover,cater,2018,real_growth_pct,6.800000000000006
ACTUAL,3 Consumer markets,Catering turnover,cater,2019,real_growth_pct,6.700000000000017
ACTUAL,3 Consumer markets,Catering turnover,cater,2020,real_growth_pct,-54.6
ACTUAL,3 Consumer markets,Catering turnover,cater,2021,real_growth_pct,23.199999999999974
ACTUAL,3 Consumer markets,Catering turnover,cater,2022,real_growth_pct,37.000000000000014
ACTUAL,3 Consumer markets,Catering turnover,cater,2023,real_growth_pct,15.200000000000014
ACTUAL,3 Consumer markets,Catering turnover,cater,2024,real_growth_pct,13.200000000000012
ACTUAL,3 Consumer markets,Catering turnover,cater,2025,real_growth_pct,12.199999999999989
ACTUAL,3 Consumer markets,Consumer market (total),cons_mkt,2005,deflator,0.5198767106119169
ACTUAL,3 Consumer markets,Consumer market (total),cons_mkt,2006,deflator,0.5631997908024311
ACTUAL,3 Consumer markets,Consumer market (total),cons_mkt,2007,deflator,0.6574764979118299
ACTUAL,3 Consumer markets,Consumer market (total),cons_mkt,2008,deflator,0.7918159377475625
ACTUAL,3 Consumer markets,Consumer market (total),cons_mkt,2009,deflator,0.8044172807360059
ACTUAL,3 Consumer markets,Consumer market (total),cons_mkt,2010,deflator,0.8494277920419447
ACTUAL,3 Consumer markets,Consumer market (total),cons_mkt,2011,deflator,0.9146154454222123
ACTUAL,3 Consumer markets,Consumer market (total),cons_mkt,2012,deflator,0.9238996324900057
ACTUAL,3 Consumer markets,Consumer market (total),cons_mkt,2013,deflator,0.945112996011092
ACTUAL,3 Consumer markets,Consumer market (total),cons_mkt,2014,deflator,0.9587838408402367
ACTUAL,3 Consumer markets,Consumer market (total),cons_mkt,2015,deflator,1.0
ACTUAL,3 Consumer markets,Consumer market (total),cons_mkt,2016,deflator,1.1332729346874164
ACTUAL,3 Consumer markets,Consumer market (total),cons_mkt,2017,deflator,1.281092906538853
ACTUAL,3 Consumer markets,Consumer market (total),cons_mkt,2018,deflator,1.3097456296178975
ACTUAL,3 Consumer markets,Consumer market (total),cons_mkt,2019,deflator,1.340981864602298
ACTUAL,3 Consumer markets,Consumer market (total),cons_mkt,2020,deflator,1.3805416797166212
ACTUAL,3 Consumer markets,Consumer market (total),cons_mkt,2021,deflator,1.4710197650883092
ACTUAL,3 Consumer markets,Consumer market (total),cons_mkt,2022,deflator,1.6765824427039084
ACTUAL,3 Consumer markets,Consumer market (total),cons_mkt,2023,deflator,1.8272728564217506
ACTUAL,3 Consumer markets,Consumer market (total),cons_mkt,2024,deflator,1.8624188556880876
ACTUAL,3 Consumer markets,Consumer market (total),cons_mkt,2025,deflator,1.9574171314787814
ACTUAL,3 Consumer markets,Consumer market (total),cons_mkt,2006,deflator_growth_pct,8.33333736753108
ACTUAL,3 Consumer markets,Consumer market (total),cons_mkt,2007,deflator_growth_pct,16.739478360792013
ACTUAL,3 Consumer markets,Consumer market (total),cons_mkt,2008,deflator_growth_pct,20.43258432239019
ACTUAL,3 Consumer markets,Consumer market (total),cons_mkt,2009,deflator_growth_pct,1.5914485157105807
ACTUAL,3 Consumer markets,Consumer market (total),cons_mkt,2010,deflator_growth_pct,5.595418246703532
ACTUAL,3 Consumer markets,Consumer market (total),cons_mkt,2011,deflator_growth_pct,7.674301923129034
ACTUAL,3 Consumer markets,Consumer market (total),cons_mkt,2012,deflator_growth_pct,1.0150918743240256
ACTUAL,3 Consumer markets,Consumer market (total),cons_mkt,2013,deflator_growth_pct,2.2960679683261764
ACTUAL,3 Consumer markets,Consumer market (total),cons_mkt,2014,deflator_growth_pct,1.4464772875670384
ACTUAL,3 Consumer markets,Consumer market (total),cons_mkt,2015,deflator_growth_pct,4.298795766482999
ACTUAL,3 Consumer markets,Consumer market (total),cons_mkt,2016,deflator_growth_pct,13.32729346874164
ACTUAL,3 Consumer markets,Consumer market (total),cons_mkt,2017,deflator_growth_pct,13.04363382614524
ACTUAL,3 Consumer markets,Consumer market (total),cons_mkt,2018,deflator_growth_pct,2.236584320528001
ACTUAL,3 Consumer markets,Consumer market (total),cons_mkt,2019,deflator_growth_pct,2.3849085103275547
ACTUAL,3 Consumer markets,Consumer market (total),cons_mkt,2020,deflator_growth_pct,2.9500633944856247
ACTUAL,3 Consumer markets,Consumer market (total),cons_mkt,2021,deflator_growth_pct,6.553810486204226
ACTUAL,3 Consumer markets,Consumer market (total),cons_mkt,2022,deflator_growth_pct,13.974161496277304
ACTUAL,3 Consumer markets,Consumer market (total),cons_mkt,2023,deflator_growth_pct,8.987951315702446
ACTUAL,3 Consumer markets,Consumer market (total),cons_mkt,2024,deflator_growth_pct,1.9234127592286043
ACTUAL,3 Consumer markets,Consumer market (total),cons_mkt,2025,deflator_growth_pct,5.100800794652383
ACTUAL,3 Consumer markets,Consumer market (total),cons_mkt,2005,nominal,5582.9
ACTUAL,3 Consumer markets,Consumer market (total),cons_mkt,2006,nominal,7161.000000000001
ACTUAL,3 Consumer markets,Consumer market (total),cons_mkt,2007,nominal,9939.7
ACTUAL,3 Consumer markets,Consumer market (total),cons_mkt,2008,nominal,14269.0
ACTUAL,3 Consumer markets,Consumer market (total),cons_mkt,2009,nominal,15916.7
ACTUAL,3 Consumer markets,Consumer market (total),cons_mkt,2010,nominal,18404.0
ACTUAL,3 Consumer markets,Consumer market (total),cons_mkt,2011,nominal,21778.2
ACTUAL,3 Consumer markets,Consumer market (total),cons_mkt,2012,nominal,24067.2
ACTUAL,3 Consumer markets,Consumer market (total),cons_mkt,2013,nominal,26983.3
ACTUAL,3 Consumer markets,Consumer market (total),cons_mkt,2014,nominal,29974.1
ACTUAL,3 Consumer markets,Consumer market (total),cons_mkt,2015,nominal,34295.1
ACTUAL,3 Consumer markets,Consumer market (total),cons_mkt,2016,nominal,39215.49999999999
ACTUAL,3 Consumer markets,Consumer market (total),cons_mkt,2017,nominal,45305.9
ACTUAL,3 Consumer markets,Consumer market (total),cons_mkt,2018,nominal,47755.1
ACTUAL,3 Consumer markets,Consumer market (total),cons_mkt,2019,nominal,50654.2
ACTUAL,3 Consumer markets,Consumer market (total),cons_mkt,2020,nominal,47924.5
ACTUAL,3 Consumer markets,Consumer market (total),cons_mkt,2021,nominal,52954.8
ACTUAL,3 Consumer markets,Consumer market (total),cons_mkt,2022,nominal,63010.4
ACTUAL,3 Consumer markets,Consumer market (total),cons_mkt,2023,nominal,72450.8
ACTUAL,3 Consumer markets,Consumer market (total),cons_mkt,2024,nominal,77462.7
ACTUAL,3 Consumer markets,Consumer market (total),cons_mkt,2025,nominal,85403.2
ACTUAL,3 Consumer markets,Consumer market (total),cons_mkt,2006,nominal_growth_pct,28.2666714431568
ACTUAL,3 Consumer markets,Consumer market (total),cons_mkt,2007,nominal_growth_pct,38.803239770981705
ACTUAL,3 Consumer markets,Consumer market (total),cons_mkt,2008,nominal_growth_pct,43.55564051228909
ACTUAL,3 Consumer markets,Consumer market (total),cons_mkt,2009,nominal_growth_pct,11.547410470250208
ACTUAL,3 Consumer markets,Consumer market (total),cons_mkt,2010,nominal_growth_pct,15.626982980140358
ACTUAL,3 Consumer markets,Consumer market (total),cons_mkt,2011,nominal_growth_pct,18.3340578135188
ACTUAL,3 Consumer markets,Consumer market (total),cons_mkt,2012,nominal_growth_pct,10.510510510510507
ACTUAL,3 Consumer markets,Consumer market (total),cons_mkt,2013,nominal_growth_pct,12.11649049328547
ACTUAL,3 Consumer markets,Consumer market (total),cons_mkt,2014,nominal_growth_pct,11.083892629885895
ACTUAL,3 Consumer markets,Consumer market (total),cons_mkt,2015,nominal_growth_pct,14.41577895583186
ACTUAL,3 Consumer markets,Consumer market (total),cons_mkt,2016,nominal_growth_pct,14.347239109960297
ACTUAL,3 Consumer markets,Consumer market (total),cons_mkt,2017,nominal_growth_pct,15.530593770320444
ACTUAL,3 Consumer markets,Consumer market (total),cons_mkt,2018,nominal_growth_pct,5.405918434464385
ACTUAL,3 Consumer markets,Consumer market (total),cons_mkt,2019,nominal_growth_pct,6.070765216699359
ACTUAL,3 Consumer markets,Consumer market (total),cons_mkt,2020,nominal_growth_pct,-5.388891740467717
ACTUAL,3 Consumer markets,Consumer market (total),cons_mkt,2021,nominal_growth_pct,10.496301474193782
ACTUAL,3 Consumer markets,Consumer market (total),cons_mkt,2022,nominal_growth_pct,18.989024602113492
ACTUAL,3 Consumer markets,Consumer market (total),cons_mkt,2023,nominal_growth_pct,14.982288638066098
ACTUAL,3 Consumer markets,Consumer market (total),cons_mkt,2024,nominal_growth_pct,6.917659984430813
ACTUAL,3 Consumer markets,Consumer market (total),cons_mkt,2025,nominal_growth_pct,10.250740033590366
ACTUAL,3 Consumer markets,Consumer market (total),cons_mkt,2005,real,10738.892291267848
ACTUAL,3 Consumer markets,Consumer market (total),cons_mkt,2006,real,12714.848472861133
ACTUAL,3 Consumer markets,Consumer market (total),cons_mkt,2007,real,15117.954834231887
ACTUAL,3 Consumer markets,Consumer market (total),cons_mkt,2008,real,18020.602162404408
ACTUAL,3 Consumer markets,Consumer market (total),cons_mkt,2009,real,19786.621174320037
ACTUAL,3 Consumer markets,Consumer market (total),cons_mkt,2010,real,21666.350185880437
ACTUAL,3 Consumer markets,Consumer market (total),cons_mkt,2011,real,23811.3188542826
ACTUAL,3 Consumer markets,Consumer market (total),cons_mkt,2012,real,26049.582826585167
ACTUAL,3 Consumer markets,Consumer market (total),cons_mkt,2013,real,28550.342777937338
ACTUAL,3 Consumer markets,Consumer market (total),cons_mkt,2014,real,31262.625341841383
ACTUAL,3 Consumer markets,Consumer market (total),cons_mkt,2015,real,34295.1
ACTUAL,3 Consumer markets,Consumer market (total),cons_mkt,2016,real,34603.7559
ACTUAL,3 Consumer markets,Consumer market (total),cons_mkt,2017,real,35365.0385298
ACTUAL,3 Consumer markets,Consumer market (total),cons_mkt,2018,real,36461.3547242238
ACTUAL,3 Consumer markets,Consumer market (total),cons_mkt,2019,real,37773.96349429586
ACTUAL,3 Consumer markets,Consumer market (total),cons_mkt,2020,real,34714.27245125789
ACTUAL,3 Consumer markets,Consumer market (total),cons_mkt,2021,real,35998.70053195443
ACTUAL,3 Consumer markets,Consumer market (total),cons_mkt,2022,real,37582.64335536043
ACTUAL,3 Consumer markets,Consumer market (total),cons_mkt,2023,real,39649.68873990526
ACTUAL,3 Consumer markets,Consumer market (total),cons_mkt,2024,real,41592.523488160616
ACTUAL,3 Consumer markets,Consumer market (total),cons_mkt,2025,real,43630.55713908049
ACTUAL,3 Consumer markets,Consumer market (total),cons_mkt,2006,real_growth_pct,18.400000000000016
ACTUAL,3 Consumer markets,Consumer market (total),cons_mkt,2007,real_growth_pct,18.900000000000006
ACTUAL,3 Consumer markets,Consumer market (total),cons_mkt,2008,real_growth_pct,19.199999999999996
ACTUAL,3 Consumer markets,Consumer market (total),cons_mkt,2009,real_growth_pct,9.799999999999986
ACTUAL,3 Consumer markets,Consumer market (total),cons_mkt,2010,real_growth_pct,9.499999999999996
ACTUAL,3 Consumer markets,Consumer market (total),cons_mkt,2011,real_growth_pct,9.899999999999999
ACTUAL,3 Consumer markets,Consumer market (total),cons_mkt,2012,real_growth_pct,9.40000000000001
ACTUAL,3 Consumer markets,Consumer market (total),cons_mkt,2013,real_growth_pct,9.599999999999987
ACTUAL,3 Consumer markets,Consumer market (total),cons_mkt,2014,real_growth_pct,9.499999999999996
ACTUAL,3 Consumer markets,Consumer market (total),cons_mkt,2015,real_growth_pct,9.699999999999998
ACTUAL,3 Consumer markets,Consumer market (total),cons_mkt,2016,real_growth_pct,0.8999999999999897
ACTUAL,3 Consumer markets,Consumer market (total),cons_mkt,2017,real_growth_pct,2.200000000000002
ACTUAL,3 Consumer markets,Consumer market (total),cons_mkt,2018,real_growth_pct,3.100000000000014
ACTUAL,3 Consumer markets,Consumer market (total),cons_mkt,2019,real_growth_pct,3.600000000000003
ACTUAL,3 Consumer markets,Consumer market (total),cons_mkt,2020,real_growth_pct,-8.099999999999996
ACTUAL,3 Consumer markets,Consumer market (total),cons_mkt,2021,real_growth_pct,3.699999999999992
ACTUAL,3 Consumer markets,Consumer market (total),cons_mkt,2022,real_growth_pct,4.400000000000004
ACTUAL,3 Consumer markets,Consumer market (total),cons_mkt,2023,real_growth_pct,5.500000000000016
ACTUAL,3 Consumer markets,Consumer market (total),cons_mkt,2024,real_growth_pct,4.899999999999993
ACTUAL,3 Consumer markets,Consumer market (total),cons_mkt,2025,real_growth_pct,4.9000000000000155
ACTUAL,3 Consumer markets,Paid services to households,serv_hh,2005,deflator,0.5616111436674407
ACTUAL,3 Consumer markets,Paid services to households,serv_hh,2006,deflator,0.5762341285826318
ACTUAL,3 Consumer markets,Paid services to households,serv_hh,2007,deflator,0.7220234662460538
ACTUAL,3 Consumer markets,Paid services to households,serv_hh,2008,deflator,0.8043436139724434
ACTUAL,3 Consumer markets,Paid services to households,serv_hh,2009,deflator,0.8614644693695235
ACTUAL,3 Consumer markets,Paid services to households,serv_hh,2010,deflator,0.8985067187152164
ACTUAL,3 Consumer markets,Paid services to households,serv_hh,2011,deflator,0.9407396188378582
ACTUAL,3 Consumer markets,Paid services to households,serv_hh,2012,deflator,0.9520285099456505
ACTUAL,3 Consumer markets,Paid services to households,serv_hh,2013,deflator,0.9854379248539422
ACTUAL,3 Consumer markets,Paid services to households,serv_hh,2014,deflator,0.9881326579835985
ACTUAL,3 Consumer markets,Paid services to households,serv_hh,2015,deflator,1.0
ACTUAL,3 Consumer markets,Paid services to households,serv_hh,2016,deflator,1.0581367980193557
ACTUAL,3 Consumer markets,Paid services to households,serv_hh,2017,deflator,1.1562028264092377
ACTUAL,3 Consumer markets,Paid services to households,serv_hh,2018,deflator,1.1869722329876602
ACTUAL,3 Consumer markets,Paid services to households,serv_hh,2019,deflator,1.21123065921653
ACTUAL,3 Consumer markets,Paid services to households,serv_hh,2020,deflator,1.2237395597890557
ACTUAL,3 Consumer markets,Paid services to households,serv_hh,2021,deflator,1.2944638508370414
ACTUAL,3 Consumer markets,Paid services to households,serv_hh,2022,deflator,1.4295736550831615
ACTUAL,3 Consumer markets,Paid services to households,serv_hh,2023,deflator,1.5464891920567658
ACTUAL,3 Consumer markets,Paid services to households,serv_hh,2024,deflator,1.6079472559768313
ACTUAL,3 Consumer markets,Paid services to households,serv_hh,2025,deflator,1.7122998095411757
ACTUAL,3 Consumer markets,Paid services to households,serv_hh,2006,deflator_growth_pct,2.603756189683115
ACTUAL,3 Consumer markets,Paid services to households,serv_hh,2007,deflator_growth_pct,25.30036497873207
ACTUAL,3 Consumer markets,Paid services to households,serv_hh,2008,deflator_growth_pct,11.401311948265146
ACTUAL,3 Consumer markets,Paid services to households,serv_hh,2009,deflator_growth_pct,7.101548940629376
ACTUAL,3 Consumer markets,Paid services to households,serv_hh,2010,deflator_growth_pct,4.299916092047629
ACTUAL,3 Consumer markets,Paid services to households,serv_hh,2011,deflator_growth_pct,4.7003432743420115
ACTUAL,3 Consumer markets,Paid services to households,serv_hh,2012,deflator_growth_pct,1.2000016669583946
ACTUAL,3 Consumer markets,Paid services to households,serv_hh,2013,deflator_growth_pct,3.5092872281943466
ACTUAL,3 Consumer markets,Paid services to households,serv_hh,2014,deflator_growth_pct,0.27345539091725435
ACTUAL,3 Consumer markets,Paid services to households,serv_hh,2015,deflator_growth_pct,1.2009867218252035
ACTUAL,3 Consumer markets,Paid services to households,serv_hh,2016,deflator_growth_pct,5.813679801935567
ACTUAL,3 Consumer markets,Paid services to households,serv_hh,2017,deflator_growth_pct,9.267802478228159
ACTUAL,3 Consumer markets,Paid services to households,serv_hh,2018,deflator_growth_pct,2.6612464418532378
ACTUAL,3 Consumer markets,Paid services to households,serv_hh,2019,deflator_growth_pct,2.0437231431952085
ACTUAL,3 Consumer markets,Paid services to households,serv_hh,2020,deflator_growth_pct,1.032743059907082
ACTUAL,3 Consumer markets,Paid services to households,serv_hh,2021,deflator_growth_pct,5.7793580735574945
ACTUAL,3 Consumer markets,Paid services to households,serv_hh,2022,deflator_growth_pct,10.437510800997174
ACTUAL,3 Consumer markets,Paid services to households,serv_hh,2023,deflator_growth_pct,8.178349996720048
ACTUAL,3 Consumer markets,Paid services to households,serv_hh,2024,deflator_growth_pct,3.9740377259493753
ACTUAL,3 Consumer markets,Paid services to households,serv_hh,2025,deflator_growth_pct,6.4897995364251
ACTUAL,3 Consumer markets,Paid services to households,serv_hh,2005,nominal,960.7000000000002
ACTUAL,3 Consumer markets,Paid services to households,serv_hh,2006,nominal,1400.7
ACTUAL,3 Consumer markets,Paid services to households,serv_hh,2007,nominal,2348.3
ACTUAL,3 Consumer markets,Paid services to households,serv_hh,2008,nominal,3393.0
ACTUAL,3 Consumer markets,Paid services to households,serv_hh,2009,nominal,4088.2
ACTUAL,3 Consumer markets,Paid services to households,serv_hh,2010,nominal,4724.5
ACTUAL,3 Consumer markets,Paid services to households,serv_hh,2011,nominal,5332.4
ACTUAL,3 Consumer markets,Paid services to households,serv_hh,2012,nominal,5828.1
ACTUAL,3 Consumer markets,Paid services to households,serv_hh,2013,nominal,6527.3
ACTUAL,3 Consumer markets,Paid services to households,serv_hh,2014,nominal,7016.4
ACTUAL,3 Consumer markets,Paid services to households,serv_hh,2015,nominal,7462.8
ACTUAL,3 Consumer markets,Paid services to households,serv_hh,2016,nominal,7809.8
ACTUAL,3 Consumer markets,Paid services to households,serv_hh,2017,nominal,8636.0
ACTUAL,3 Consumer markets,Paid services to households,serv_hh,2018,nominal,9131.8
ACTUAL,3 Consumer markets,Paid services to households,serv_hh,2019,nominal,9607.3
ACTUAL,3 Consumer markets,Paid services to households,serv_hh,2020,nominal,6998.4
ACTUAL,3 Consumer markets,Paid services to households,serv_hh,2021,nominal,7758.2
ACTUAL,3 Consumer markets,Paid services to households,serv_hh,2022,nominal,9253.4
ACTUAL,3 Consumer markets,Paid services to households,serv_hh,2023,nominal,11411.6
ACTUAL,3 Consumer markets,Paid services to households,serv_hh,2024,nominal,12885.5
ACTUAL,3 Consumer markets,Paid services to households,serv_hh,2025,nominal,14956.7
ACTUAL,3 Consumer markets,Paid services to households,serv_hh,2006,nominal_growth_pct,45.799937545539684
ACTUAL,3 Consumer markets,Paid services to households,serv_hh,2007,nominal_growth_pct,67.65188834154353
ACTUAL,3 Consumer markets,Paid services to households,serv_hh,2008,nominal_growth_pct,44.48750159689987
ACTUAL,3 Consumer markets,Paid services to households,serv_hh,2009,nominal_growth_pct,20.489242558208076
ACTUAL,3 Consumer markets,Paid services to households,serv_hh,2010,nominal_growth_pct,15.564307029988743
ACTUAL,3 Consumer markets,Paid services to households,serv_hh,2011,nominal_growth_pct,12.866970049740711
ACTUAL,3 Consumer markets,Paid services to households,serv_hh,2012,nominal_growth_pct,9.296001800315068
ACTUAL,3 Consumer markets,Paid services to households,serv_hh,2013,nominal_growth_pct,11.997048780906304
ACTUAL,3 Consumer markets,Paid services to households,serv_hh,2014,nominal_growth_pct,7.493144179063305
ACTUAL,3 Consumer markets,Paid services to households,serv_hh,2015,nominal_growth_pct,6.362237044638275
ACTUAL,3 Consumer markets,Paid services to households,serv_hh,2016,nominal_growth_pct,4.649729324114271
ACTUAL,3 Consumer markets,Paid services to households,serv_hh,2017,nominal_growth_pct,10.579016107966922
ACTUAL,3 Consumer markets,Paid services to households,serv_hh,2018,nominal_growth_pct,5.741083835108829
ACTUAL,3 Consumer markets,Paid services to households,serv_hh,2019,nominal_growth_pct,5.207078560634271
ACTUAL,3 Consumer markets,Paid services to households,serv_hh,2020,nominal_growth_pct,-27.155392253806998
ACTUAL,3 Consumer markets,Paid services to households,serv_hh,2021,nominal_growth_pct,10.856767261088262
ACTUAL,3 Consumer markets,Paid services to households,serv_hh,2022,nominal_growth_pct,19.27251166507695
ACTUAL,3 Consumer markets,Paid services to households,serv_hh,2023,nominal_growth_pct,23.323318996260834
ACTUAL,3 Consumer markets,Paid services to households,serv_hh,2024,nominal_growth_pct,12.915804970381007
ACTUAL,3 Consumer markets,Paid services to households,serv_hh,2025,nominal_growth_pct,16.073881494703347
ACTUAL,3 Consumer markets,Paid services to households,serv_hh,2005,real,1710.614204921975
ACTUAL,3 Consumer markets,Paid services to households,serv_hh,2006,real,2430.7827851941265
ACTUAL,3 Consumer markets,Paid services to households,serv_hh,2007,real,3252.3873665897413
ACTUAL,3 Consumer markets,Paid services to households,serv_hh,2008,real,4218.346414466894
ACTUAL,3 Consumer markets,Paid services to households,serv_hh,2009,real,4745.639716275256
ACTUAL,3 Consumer markets,Paid services to households,serv_hh,2010,real,5258.168805632983
ACTUAL,3 Consumer markets,Paid services to households,serv_hh,2011,real,5668.305972472356
ACTUAL,3 Consumer markets,Paid services to households,serv_hh,2012,real,6121.770450270145
ACTUAL,3 Consumer markets,Paid services to households,serv_hh,2013,real,6623.755627192298
ACTUAL,3 Consumer markets,Paid services to households,serv_hh,2014,real,7100.666032350144
ACTUAL,3 Consumer markets,Paid services to households,serv_hh,2015,real,7462.8
ACTUAL,3 Consumer markets,Paid services to households,serv_hh,2016,real,7380.7092
ACTUAL,3 Consumer markets,Paid services to households,serv_hh,2017,real,7469.277710400001
ACTUAL,3 Consumer markets,Paid services to households,serv_hh,2018,real,7693.356041712001
ACTUAL,3 Consumer markets,Paid services to households,serv_hh,2019,real,7931.850079005072
ACTUAL,3 Consumer markets,Paid services to households,serv_hh,2020,real,5718.863906962656
ACTUAL,3 Consumer markets,Paid services to households,serv_hh,2021,real,5993.369374496863
ACTUAL,3 Consumer markets,Paid services to households,serv_hh,2022,real,6472.838924456612
ACTUAL,3 Consumer markets,Paid services to households,serv_hh,2023,real,7379.036373880538
ACTUAL,3 Consumer markets,Paid services to households,serv_hh,2024,real,8013.633502034264
ACTUAL,3 Consumer markets,Paid services to households,serv_hh,2025,real,8734.860517217348
ACTUAL,3 Consumer markets,Paid services to households,serv_hh,2006,real_growth_pct,42.1
ACTUAL,3 Consumer markets,Paid services to households,serv_hh,2007,real_growth_pct,33.80000000000001
ACTUAL,3 Consumer markets,Paid services to households,serv_hh,2008,real_growth_pct,29.699999999999992
ACTUAL,3 Consumer markets,Paid services to households,serv_hh,2009,real_growth_pct,12.5
ACTUAL,3 Consumer markets,Paid services to households,serv_hh,2010,real_growth_pct,10.799999999999986
ACTUAL,3 Consumer markets,Paid services to households,serv_hh,2011,real_growth_pct,7.800000000000007
ACTUAL,3 Consumer markets,Paid services to households,serv_hh,2012,real_growth_pct,8.000000000000007
ACTUAL,3 Consumer markets,Paid services to households,serv_hh,2013,real_growth_pct,8.200000000000006
ACTUAL,3 Consumer markets,Paid services to households,serv_hh,2014,real_growth_pct,7.200000000000006
ACTUAL,3 Consumer markets,Paid services to households,serv_hh,2015,real_growth_pct,5.099999999999993
ACTUAL,3 Consumer markets,Paid services to households,serv_hh,2016,real_growth_pct,-1.100000000000001
ACTUAL,3 Consumer markets,Paid services to households,serv_hh,2017,real_growth_pct,1.200000000000001
ACTUAL,3 Consumer markets,Paid services to households,serv_hh,2018,real_growth_pct,3.0000000000000027
ACTUAL,3 Consumer markets,Paid services to households,serv_hh,2019,real_growth_pct,3.0999999999999917
ACTUAL,3 Consumer markets,Paid services to households,serv_hh,2020,real_growth_pct,-27.900000000000013
ACTUAL,3 Consumer markets,Paid services to households,serv_hh,2021,real_growth_pct,4.800000000000004
ACTUAL,3 Consumer markets,Paid services to households,serv_hh,2022,real_growth_pct,8.000000000000007
ACTUAL,3 Consumer markets,Paid services to households,serv_hh,2023,real_growth_pct,13.99999999999999
ACTUAL,3 Consumer markets,Paid services to households,serv_hh,2024,real_growth_pct,8.599999999999985
ACTUAL,3 Consumer markets,Paid services to households,serv_hh,2025,real_growth_pct,9.000000000000007
ACTUAL,3 Consumer markets,Retail trade turnover,retail,2005,deflator,0.5087108113963325
ACTUAL,3 Consumer markets,Retail trade turnover,retail,2006,deflator,0.5586611514538512
ACTUAL,3 Consumer markets,Retail trade turnover,retail,2007,deflator,0.6384061638332744
ACTUAL,3 Consumer markets,Retail trade turnover,retail,2008,deflator,0.7881161873577659
ACTUAL,3 Consumer markets,Retail trade turnover,retail,2009,deflator,0.7872305718003796
ACTUAL,3 Consumer markets,Retail trade turnover,retail,2010,deflator,0.8348793778677819
ACTUAL,3 Consumer markets,Retail trade turnover,retail,2011,deflator,0.9071970776668523
ACTUAL,3 Consumer markets,Retail trade turnover,retail,2012,deflator,0.915239253099984
ACTUAL,3 Consumer markets,Retail trade turnover,retail,2013,deflator,0.9322397724047573
ACTUAL,3 Consumer markets,Retail trade turnover,retail,2014,deflator,0.9486330405775804
ACTUAL,3 Consumer markets,Retail trade turnover,retail,2015,deflator,1.0
ACTUAL,3 Consumer markets,Retail trade turnover,retail,2016,deflator,1.156410026438779
ACTUAL,3 Consumer markets,Retail trade turnover,retail,2017,deflator,1.317961178564477
ACTUAL,3 Consumer markets,Retail trade turnover,retail,2018,deflator,1.3456749347971362
ACTUAL,3 Consumer markets,Retail trade turnover,retail,2019,deflator,1.3795209432406497
ACTUAL,3 Consumer markets,Retail trade turnover,retail,2020,deflator,1.4251822731647341
ACTUAL,3 Consumer markets,Retail trade turnover,retail,2021,deflator,1.520270641952428
ACTUAL,3 Consumer markets,Retail trade turnover,retail,2022,deflator,1.7397915627324332
ACTUAL,3 Consumer markets,Retail trade turnover,retail,2023,deflator,1.8972492242310295
ACTUAL,3 Consumer markets,Retail trade turnover,retail,2024,deflator,1.9252378347950951
ACTUAL,3 Consumer markets,Retail trade turnover,retail,2025,deflator,2.0168171093808973
ACTUAL,3 Consumer markets,Retail trade turnover,retail,2006,deflator_growth_pct,9.819005010019888
ACTUAL,3 Consumer markets,Retail trade turnover,retail,2007,deflator_growth_pct,14.274307811075815
ACTUAL,3 Consumer markets,Retail trade turnover,retail,2008,deflator_growth_pct,23.450591802805597
ACTUAL,3 Consumer markets,Retail trade turnover,retail,2009,deflator_growth_pct,-0.11237119241965798
ACTUAL,3 Consumer markets,Retail trade turnover,retail,2010,deflator_growth_pct,6.052712861294318
ACTUAL,3 Consumer markets,Retail trade turnover,retail,2011,deflator_growth_pct,8.662053671006253
ACTUAL,3 Consumer markets,Retail trade turnover,retail,2012,deflator_growth_pct,0.8864860382723716
ACTUAL,3 Consumer markets,Retail trade turnover,retail,2013,deflator_growth_pct,1.8574945564442613
ACTUAL,3 Consumer markets,Retail trade turnover,retail,2014,deflator_growth_pct,1.7584819547588948
ACTUAL,3 Consumer markets,Retail trade turnover,retail,2015,deflator_growth_pct,5.414839798447724
ACTUAL,3 Consumer markets,Retail trade turnover,retail,2016,deflator_growth_pct,15.641002643877911
ACTUAL,3 Consumer markets,Retail trade turnover,retail,2017,deflator_growth_pct,13.970058061776092
ACTUAL,3 Consumer markets,Retail trade turnover,retail,2018,deflator_growth_pct,2.1027748528105406
ACTUAL,3 Consumer markets,Retail trade turnover,retail,2019,deflator_growth_pct,2.5151697165716858
ACTUAL,3 Consumer markets,Retail trade turnover,retail,2020,deflator_growth_pct,3.3099410449558553
ACTUAL,3 Consumer markets,Retail trade turnover,retail,2021,deflator_growth_pct,6.672014561094852
ACTUAL,3 Consumer markets,Retail trade turnover,retail,2022,deflator_growth_pct,14.439594814386636
ACTUAL,3 Consumer markets,Retail trade turnover,retail,2023,deflator_growth_pct,9.050375049026037
ACTUAL,3 Consumer markets,Retail trade turnover,retail,2024,deflator_growth_pct,1.4752205565091048
ACTUAL,3 Consumer markets,Retail trade turnover,retail,2025,deflator_growth_pct,4.75677721114125
ACTUAL,3 Consumer markets,Retail trade turnover,retail,2005,nominal,4548.2
ACTUAL,3 Consumer markets,Retail trade turnover,retail,2006,nominal,5654.100000000001
ACTUAL,3 Consumer markets,Retail trade turnover,retail,2007,nominal,7423.9
ACTUAL,3 Consumer markets,Retail trade turnover,retail,2008,nominal,10585.4
ACTUAL,3 Consumer markets,Retail trade turnover,retail,2009,nominal,11493.4
ACTUAL,3 Consumer markets,Retail trade turnover,retail,2010,nominal,13261.7
ACTUAL,3 Consumer markets,Retail trade turnover,retail,2011,nominal,15880.3
ACTUAL,3 Consumer markets,Retail trade turnover,retail,2012,nominal,17559.1
ACTUAL,3 Consumer markets,Retail trade turnover,retail,2013,nominal,19655.9
ACTUAL,3 Consumer markets,Retail trade turnover,retail,2014,nominal,22001.7
ACTUAL,3 Consumer markets,Retail trade turnover,retail,2015,nominal,25721.1
ACTUAL,3 Consumer markets,Retail trade turnover,retail,2016,nominal,30190.3
ACTUAL,3 Consumer markets,Retail trade turnover,retail,2017,nominal,35268.1
ACTUAL,3 Consumer markets,Retail trade turnover,retail,2018,nominal,37090.0
ACTUAL,3 Consumer markets,Retail trade turnover,retail,2019,nominal,39391.7
ACTUAL,3 Consumer markets,Retail trade turnover,retail,2020,nominal,40166.5
ACTUAL,3 Consumer markets,Retail trade turnover,retail,2021,nominal,44217.5
ACTUAL,3 Consumer markets,Retail trade turnover,retail,2022,nominal,52171.0
ACTUAL,3 Consumer markets,Retail trade turnover,retail,2023,nominal,58997.7
ACTUAL,3 Consumer markets,Retail trade turnover,retail,2024,nominal,62202.9
ACTUAL,3 Consumer markets,Retail trade turnover,retail,2025,nominal,67637.9
ACTUAL,3 Consumer markets,Retail trade turnover,retail,2006,nominal_growth_pct,24.315113671342537
ACTUAL,3 Consumer markets,Retail trade turnover,retail,2007,nominal_growth_pct,31.301179674926118
ACTUAL,3 Consumer markets,Retail trade turnover,retail,2008,nominal_growth_pct,42.58543353224047
ACTUAL,3 Consumer markets,Retail trade turnover,retail,2009,nominal_growth_pct,8.577852513839822
ACTUAL,3 Consumer markets,Retail trade turnover,retail,2010,nominal_growth_pct,15.385351593088226
ACTUAL,3 Consumer markets,Retail trade turnover,retail,2011,nominal_growth_pct,19.74558314544892
ACTUAL,3 Consumer markets,Retail trade turnover,retail,2012,nominal_growth_pct,10.571588697946499
ACTUAL,3 Consumer markets,Retail trade turnover,retail,2013,nominal_growth_pct,11.941386517532226
ACTUAL,3 Consumer markets,Retail trade turnover,retail,2014,nominal_growth_pct,11.934330150234796
ACTUAL,3 Consumer markets,Retail trade turnover,retail,2015,nominal_growth_pct,16.905057336478535
ACTUAL,3 Consumer markets,Retail trade turnover,retail,2016,nominal_growth_pct,17.37561768353608
ACTUAL,3 Consumer markets,Retail trade turnover,retail,2017,nominal_growth_pct,16.81930951332049
ACTUAL,3 Consumer markets,Retail trade turnover,retail,2018,nominal_growth_pct,5.165858098394871
ACTUAL,3 Consumer markets,Retail trade turnover,retail,2019,nominal_growth_pct,6.2057158263682854
ACTUAL,3 Consumer markets,Retail trade turnover,retail,2020,nominal_growth_pct,1.9669118113714301
ACTUAL,3 Consumer markets,Retail trade turnover,retail,2021,nominal_growth_pct,10.085519027049905
ACTUAL,3 Consumer markets,Retail trade turnover,retail,2022,nominal_growth_pct,17.987222253632606
ACTUAL,3 Consumer markets,Retail trade turnover,retail,2023,nominal_growth_pct,13.085238925840015
ACTUAL,3 Consumer markets,Retail trade turnover,retail,2024,nominal_growth_pct,5.43275415821296
ACTUAL,3 Consumer markets,Retail trade turnover,retail,2025,nominal_growth_pct,8.73753474516461
ACTUAL,3 Consumer markets,Retail trade turnover,retail,2005,real,8940.639550230699
ACTUAL,3 Consumer markets,Retail trade turnover,retail,2006,real,10120.803970861152
ACTUAL,3 Consumer markets,Retail trade turnover,retail,2007,real,11628.803762519465
ACTUAL,3 Consumer markets,Retail trade turnover,retail,2008,real,13431.268345709983
ACTUAL,3 Consumer markets,Retail trade turnover,retail,2009,real,14599.78869178675
ACTUAL,3 Consumer markets,Retail trade turnover,retail,2010,real,15884.570096663987
ACTUAL,3 Consumer markets,Retail trade turnover,retail,2011,real,17504.796246523714
ACTUAL,3 Consumer markets,Retail trade turnover,retail,2012,real,19185.256686189987
ACTUAL,3 Consumer markets,Retail trade turnover,retail,2013,real,21084.597098122795
ACTUAL,3 Consumer markets,Retail trade turnover,retail,2014,real,23193.056807935074
ACTUAL,3 Consumer markets,Retail trade turnover,retail,2015,real,25721.1
ACTUAL,3 Consumer markets,Retail trade turnover,retail,2016,real,26106.9165
ACTUAL,3 Consumer markets,Retail trade turnover,retail,2017,real,26759.5894125
ACTUAL,3 Consumer markets,Retail trade turnover,retail,2018,real,27562.377094875003
ACTUAL,3 Consumer markets,Retail trade turnover,retail,2019,real,28554.622670290504
ACTUAL,3 Consumer markets,Retail trade turnover,retail,2020,real,28183.41257557673
ACTUAL,3 Consumer markets,Retail trade turnover,retail,2021,real,29085.281777995187
ACTUAL,3 Consumer markets,Retail trade turnover,retail,2022,real,29986.925513113038
ACTUAL,3 Consumer markets,Retail trade turnover,retail,2023,real,31096.441757098222
ACTUAL,3 Consumer markets,Retail trade turnover,retail,2024,real,32309.202985625052
ACTUAL,3 Consumer markets,Retail trade turnover,retail,2025,real,33536.9526990788
ACTUAL,3 Consumer markets,Retail trade turnover,retail,2006,real_growth_pct,13.200000000000012
ACTUAL,3 Consumer markets,Retail trade turnover,retail,2007,real_growth_pct,14.900000000000002
ACTUAL,3 Consumer markets,Retail trade turnover,retail,2008,real_growth_pct,15.500000000000004
ACTUAL,3 Consumer markets,Retail trade turnover,retail,2009,real_growth_pct,8.699999999999996
ACTUAL,3 Consumer markets,Retail trade turnover,retail,2010,real_growth_pct,8.800000000000008
ACTUAL,3 Consumer markets,Retail trade turnover,retail,2011,real_growth_pct,10.20000000000001
ACTUAL,3 Consumer markets,Retail trade turnover,retail,2012,real_growth_pct,9.599999999999987
ACTUAL,3 Consumer markets,Retail trade turnover,retail,2013,real_growth_pct,9.899999999999999
ACTUAL,3 Consumer markets,Retail trade turnover,retail,2014,real_growth_pct,10.000000000000009
ACTUAL,3 Consumer markets,Retail trade turnover,retail,2015,real_growth_pct,10.899999999999999
ACTUAL,3 Consumer markets,Retail trade turnover,retail,2016,real_growth_pct,1.5000000000000124
ACTUAL,3 Consumer markets,Retail trade turnover,retail,2017,real_growth_pct,2.5000000000000133
ACTUAL,3 Consumer markets,Retail trade turnover,retail,2018,real_growth_pct,3.0000000000000027
ACTUAL,3 Consumer markets,Retail trade turnover,retail,2019,real_growth_pct,3.600000000000003
ACTUAL,3 Consumer markets,Retail trade turnover,retail,2020,real_growth_pct,-1.29999999999999
ACTUAL,3 Consumer markets,Retail trade turnover,retail,2021,real_growth_pct,3.200000000000003
ACTUAL,3 Consumer markets,Retail trade turnover,retail,2022,real_growth_pct,3.0999999999999917
ACTUAL,3 Consumer markets,Retail trade turnover,retail,2023,real_growth_pct,3.7000000000000144
ACTUAL,3 Consumer markets,Retail trade turnover,retail,2024,real_growth_pct,3.8999999999999924
ACTUAL,3 Consumer markets,Retail trade turnover,retail,2025,real_growth_pct,3.799999999999981
ACTUAL,4 Investment market,Fixed investment (total),inv_tot,2005,deflator,1.596468346490148
ACTUAL,4 Investment market,Fixed investment (total),inv_tot,2006,deflator,0.9257438692232822
ACTUAL,4 Investment market,Fixed investment (total),inv_tot,2007,deflator,0.926026271847113
ACTUAL,4 Investment market,Fixed investment (total),inv_tot,2008,deflator,0.9351600706908895
ACTUAL,4 Investment market,Fixed investment (total),inv_tot,2009,deflator,0.8902732995017089
ACTUAL,4 Investment market,Fixed investment (total),inv_tot,2010,deflator,0.9419091492315144
ACTUAL,4 Investment market,Fixed investment (total),inv_tot,2011,deflator,0.9560377900665216
ACTUAL,4 Investment market,Fixed investment (total),inv_tot,2012,deflator,0.9711904589436845
ACTUAL,4 Investment market,Fixed investment (total),inv_tot,2013,deflator,0.9776003140500749
ACTUAL,4 Investment market,Fixed investment (total),inv_tot,2014,deflator,0.9815697623383283
ACTUAL,4 Investment market,Fixed investment (total),inv_tot,2015,deflator,1.0
ACTUAL,4 Investment market,Fixed investment (total),inv_tot,2016,deflator,1.262396356037872
ACTUAL,4 Investment market,Fixed investment (total),inv_tot,2017,deflator,1.3570597102408755
ACTUAL,4 Investment market,Fixed investment (total),inv_tot,2018,deflator,1.402945883009321
ACTUAL,4 Investment market,Fixed investment (total),inv_tot,2019,deflator,1.429638318816186
ACTUAL,4 Investment market,Fixed investment (total),inv_tot,2020,deflator,1.4329670788255646
ACTUAL,4 Investment market,Fixed investment (total),inv_tot,2021,deflator,1.4647190636848546
ACTUAL,4 Investment market,Fixed investment (total),inv_tot,2022,deflator,1.5075378665857462
ACTUAL,4 Investment market,Fixed investment (total),inv_tot,2023,deflator,1.5598780053035939
ACTUAL,4 Investment market,Fixed investment (total),inv_tot,2024,deflator,1.5801909917921104
ACTUAL,4 Investment market,Fixed investment (total),inv_tot,2025,deflator,1.6072782285423333
ACTUAL,4 Investment market,Fixed investment (total),inv_tot,2006,deflator_growth_pct,-42.01301446041573
ACTUAL,4 Investment market,Fixed investment (total),inv_tot,2007,deflator_growth_pct,0.030505481399267786
ACTUAL,4 Investment market,Fixed investment (total),inv_tot,2008,deflator_growth_pct,0.9863433815498146
ACTUAL,4 Investment market,Fixed investment (total),inv_tot,2009,deflator_growth_pct,-4.799902454776383
ACTUAL,4 Investment market,Fixed investment (total),inv_tot,2010,deflator_growth_pct,5.79999981564161
ACTUAL,4 Investment market,Fixed investment (total),inv_tot,2011,deflator_growth_pct,1.500000381834532
ACTUAL,4 Investment market,Fixed investment (total),inv_tot,2012,deflator_growth_pct,1.584944552883072
ACTUAL,4 Investment market,Fixed investment (total),inv_tot,2013,deflator_growth_pct,0.6599998020328623
ACTUAL,4 Investment market,Fixed investment (total),inv_tot,2014,deflator_growth_pct,0.40603999724677653
ACTUAL,4 Investment market,Fixed investment (total),inv_tot,2015,deflator_growth_pct,1.877628913279339
ACTUAL,4 Investment market,Fixed investment (total),inv_tot,2016,deflator_growth_pct,26.239635603787193
ACTUAL,4 Investment market,Fixed investment (total),inv_tot,2017,deflator_growth_pct,7.498703061858625
ACTUAL,4 Investment market,Fixed investment (total),inv_tot,2018,deflator_growth_pct,3.381293573316757
ACTUAL,4 Investment market,Fixed investment (total),inv_tot,2019,deflator_growth_pct,1.9025991045078516
ACTUAL,4 Investment market,Fixed investment (total),inv_tot,2020,deflator_growth_pct,0.2328393108639526
ACTUAL,4 Investment market,Fixed investment (total),inv_tot,2021,deflator_growth_pct,2.2158209583791333
ACTUAL,4 Investment market,Fixed investment (total),inv_tot,2022,deflator_growth_pct,2.923345777528863
ACTUAL,4 Investment market,Fixed investment (total),inv_tot,2023,deflator_growth_pct,3.471895458015073
ACTUAL,4 Investment market,Fixed investment (total),inv_tot,2024,deflator_growth_pct,1.3022163540643783
ACTUAL,4 Investment market,Fixed investment (total),inv_tot,2025,deflator_growth_pct,1.7141748618312969
ACTUAL,4 Investment market,Fixed investment (total),inv_tot,2005,nominal,9945.904099999998
ACTUAL,4 Investment market,Fixed investment (total),inv_tot,2006,nominal,6234.4837
ACTUAL,4 Investment market,Fixed investment (total),inv_tot,2007,nominal,7471.1899
ACTUAL,4 Investment market,Fixed investment (total),inv_tot,2008,nominal,9944.1538
ACTUAL,4 Investment market,Fixed investment (total),inv_tot,2009,nominal,7724.9448
ACTUAL,4 Investment market,Fixed investment (total),inv_tot,2010,nominal,9905.6658
ACTUAL,4 Investment market,Fixed investment (total),inv_tot,2011,nominal,12799.061300000001
ACTUAL,4 Investment market,Fixed investment (total),inv_tot,2012,nominal,15407.2744
ACTUAL,4 Investment market,Fixed investment (total),inv_tot,2013,nominal,17850.8157
ACTUAL,4 Investment market,Fixed investment (total),inv_tot,2014,nominal,17618.6011
ACTUAL,4 Investment market,Fixed investment (total),inv_tot,2015,nominal,15957.028199999999
ACTUAL,4 Investment market,Fixed investment (total),inv_tot,2016,nominal,15772.825799999999
ACTUAL,4 Investment market,Fixed investment (total),inv_tot,2017,nominal,17430.3395
ACTUAL,4 Investment market,Fixed investment (total),inv_tot,2018,nominal,17244.8629
ACTUAL,4 Investment market,Fixed investment (total),inv_tot,2019,nominal,18539.4765
ACTUAL,4 Investment market,Fixed investment (total),inv_tot,2020,nominal,17226.110699999997
ACTUAL,4 Investment market,Fixed investment (total),inv_tot,2021,nominal,16815.459
ACTUAL,4 Investment market,Fixed investment (total),inv_tot,2022,nominal,17878.165100000002
ACTUAL,4 Investment market,Fixed investment (total),inv_tot,2023,nominal,21310.7055
ACTUAL,4 Investment market,Fixed investment (total),inv_tot,2024,nominal,22106.334199999998
ACTUAL,4 Investment market,Fixed investment (total),inv_tot,2025,nominal,21226.1
ACTUAL,4 Investment market,Fixed investment (total),inv_tot,2006,nominal_growth_pct,-37.3160686317094
ACTUAL,4 Investment market,Fixed investment (total),inv_tot,2007,nominal_growth_pct,19.836545566716303
ACTUAL,4 Investment market,Fixed investment (total),inv_tot,2008,nominal_growth_pct,33.10000057688267
ACTUAL,4 Investment market,Fixed investment (total),inv_tot,2009,nominal_growth_pct,-22.316720403097545
ACTUAL,4 Investment market,Fixed investment (total),inv_tot,2010,nominal_growth_pct,28.229599776557635
ACTUAL,4 Investment market,Fixed investment (total),inv_tot,2011,nominal_growth_pct,29.209500486075356
ACTUAL,4 Investment market,Fixed investment (total),inv_tot,2012,nominal_growth_pct,20.37815929516642
ACTUAL,4 Investment market,Fixed investment (total),inv_tot,2013,nominal_growth_pct,15.859659772139834
ACTUAL,4 Investment market,Fixed investment (total),inv_tot,2014,nominal_growth_pct,-1.3008626827064274
ACTUAL,4 Investment market,Fixed investment (total),inv_tot,2015,nominal_growth_pct,-9.43078789609466
ACTUAL,4 Investment market,Fixed investment (total),inv_tot,2016,nominal_growth_pct,-1.1543653222346295
ACTUAL,4 Investment market,Fixed investment (total),inv_tot,2017,nominal_growth_pct,10.508666747590656
ACTUAL,4 Investment market,Fixed investment (total),inv_tot,2018,nominal_growth_pct,-1.0641020503358467
ACTUAL,4 Investment market,Fixed investment (total),inv_tot,2019,nominal_growth_pct,7.5072420552557695
ACTUAL,4 Investment market,Fixed investment (total),inv_tot,2020,nominal_growth_pct,-7.084157958829119
ACTUAL,4 Investment market,Fixed investment (total),inv_tot,2021,nominal_growth_pct,-2.3838909847479273
ACTUAL,4 Investment market,Fixed investment (total),inv_tot,2022,nominal_growth_pct,6.319816188187333
ACTUAL,4 Investment market,Fixed investment (total),inv_tot,2023,nominal_growth_pct,19.19962356763334
ACTUAL,4 Investment market,Fixed investment (total),inv_tot,2024,nominal_growth_pct,3.7334695465619294
ACTUAL,4 Investment market,Fixed investment (total),inv_tot,2025,nominal_growth_pct,-3.981818930431258
ACTUAL,4 Investment market,Fixed investment (total),inv_tot,2005,real,6229.941308805885
ACTUAL,4 Investment market,Fixed investment (total),inv_tot,2006,real,6734.566554819161
ACTUAL,4 Investment market,Fixed investment (total),inv_tot,2007,real,8068.010732673354
ACTUAL,4 Investment market,Fixed investment (total),inv_tot,2008,real,10633.63814566348
ACTUAL,4 Investment market,Fixed investment (total),inv_tot,2009,real,8677.0487268614
ACTUAL,4 Investment market,Fixed investment (total),inv_tot,2010,real,10516.583056956017
ACTUAL,4 Investment market,Fixed investment (total),inv_tot,2011,real,13387.610231505008
ACTUAL,4 Investment market,Fixed investment (total),inv_tot,2012,real,15864.318124333435
ACTUAL,4 Investment market,Fixed investment (total),inv_tot,2013,real,18259.830161107784
ACTUAL,4 Investment market,Fixed investment (total),inv_tot,2014,real,17949.41304836895
ACTUAL,4 Investment market,Fixed investment (total),inv_tot,2015,real,15957.028199999999
ACTUAL,4 Investment market,Fixed investment (total),inv_tot,2016,real,12494.3530806
ACTUAL,4 Investment market,Fixed investment (total),inv_tot,2017,real,12844.1949668568
ACTUAL,4 Investment market,Fixed investment (total),inv_tot,2018,real,12291.894583281959
ACTUAL,4 Investment market,Fixed investment (total),inv_tot,2019,real,12967.948785362467
ACTUAL,4 Investment market,Fixed investment (total),inv_tot,2020,real,12021.288524031008
ACTUAL,4 Investment market,Fixed investment (total),inv_tot,2021,real,11480.330540449613
ACTUAL,4 Investment market,Fixed investment (total),inv_tot,2022,real,11859.181448284451
ACTUAL,4 Investment market,Fixed investment (total),inv_tot,2023,real,13661.777028423687
ACTUAL,4 Investment market,Fixed investment (total),inv_tot,2024,real,13989.659677105856
ACTUAL,4 Investment market,Fixed investment (total),inv_tot,2025,real,13206.23873518793
ACTUAL,4 Investment market,Fixed investment (total),inv_tot,2006,real_growth_pct,8.099999999999996
ACTUAL,4 Investment market,Fixed investment (total),inv_tot,2007,real_growth_pct,19.799999999999997
ACTUAL,4 Investment market,Fixed investment (total),inv_tot,2008,real_growth_pct,31.800000000000004
ACTUAL,4 Investment market,Fixed investment (total),inv_tot,2009,real_growth_pct,-18.400000000000006
ACTUAL,4 Investment market,Fixed investment (total),inv_tot,2010,real_growth_pct,21.199999999999996
ACTUAL,4 Investment market,Fixed investment (total),inv_tot,2011,real_growth_pct,27.29999999999999
ACTUAL,4 Investment market,Fixed investment (total),inv_tot,2012,real_growth_pct,18.500000000000007
ACTUAL,4 Investment market,Fixed investment (total),inv_tot,2013,real_growth_pct,15.100000000000001
ACTUAL,4 Investment market,Fixed investment (total),inv_tot,2014,real_growth_pct,-1.7000000000000015
ACTUAL,4 Investment market,Fixed investment (total),inv_tot,2015,real_growth_pct,-11.099999999999998
ACTUAL,4 Investment market,Fixed investment (total),inv_tot,2016,real_growth_pct,-21.699999999999996
ACTUAL,4 Investment market,Fixed investment (total),inv_tot,2017,real_growth_pct,2.8000000000000025
ACTUAL,4 Investment market,Fixed investment (total),inv_tot,2018,real_growth_pct,-4.299999999999981
ACTUAL,4 Investment market,Fixed investment (total),inv_tot,2019,real_growth_pct,5.499999999999994
ACTUAL,4 Investment market,Fixed investment (total),inv_tot,2020,real_growth_pct,-7.299999999999995
ACTUAL,4 Investment market,Fixed investment (total),inv_tot,2021,real_growth_pct,-4.499999999999993
ACTUAL,4 Investment market,Fixed investment (total),inv_tot,2022,real_growth_pct,3.300000000000014
ACTUAL,4 Investment market,Fixed investment (total),inv_tot,2023,real_growth_pct,15.199999999999992
ACTUAL,4 Investment market,Fixed investment (total),inv_tot,2024,real_growth_pct,2.400000000000002
ACTUAL,4 Investment market,Fixed investment (total),inv_tot,2025,real_growth_pct,-5.599999999999983
ACTUAL,4 Investment market,Non-oil investment,inv_non,2005,deflator,1.596468346490148
ACTUAL,4 Investment market,Non-oil investment,inv_non,2006,deflator,0.9257438692232822
ACTUAL,4 Investment market,Non-oil investment,inv_non,2007,deflator,0.926026271847113
ACTUAL,4 Investment market,Non-oil investment,inv_non,2008,deflator,0.9351600706908895
ACTUAL,4 Investment market,Non-oil investment,inv_non,2009,deflator,0.8902732995017089
ACTUAL,4 Investment market,Non-oil investment,inv_non,2010,deflator,0.9419091492315144
ACTUAL,4 Investment market,Non-oil investment,inv_non,2011,deflator,0.9560377900665216
ACTUAL,4 Investment market,Non-oil investment,inv_non,2012,deflator,0.9711904589436845
ACTUAL,4 Investment market,Non-oil investment,inv_non,2013,deflator,0.9776003140500749
ACTUAL,4 Investment market,Non-oil investment,inv_non,2014,deflator,0.9815697623383283
ACTUAL,4 Investment market,Non-oil investment,inv_non,2015,deflator,1.0
ACTUAL,4 Investment market,Non-oil investment,inv_non,2016,deflator,1.262396356037872
ACTUAL,4 Investment market,Non-oil investment,inv_non,2017,deflator,1.3570597102408755
ACTUAL,4 Investment market,Non-oil investment,inv_non,2018,deflator,1.402945883009321
ACTUAL,4 Investment market,Non-oil investment,inv_non,2019,deflator,1.429638318816186
ACTUAL,4 Investment market,Non-oil investment,inv_non,2020,deflator,1.4329670788255646
ACTUAL,4 Investment market,Non-oil investment,inv_non,2021,deflator,1.4647190636848546
ACTUAL,4 Investment market,Non-oil investment,inv_non,2022,deflator,1.5075378665857462
ACTUAL,4 Investment market,Non-oil investment,inv_non,2023,deflator,1.5598780053035939
ACTUAL,4 Investment market,Non-oil investment,inv_non,2024,deflator,1.5801909917921104
ACTUAL,4 Investment market,Non-oil investment,inv_non,2025,deflator,1.6072782285423333
ACTUAL,4 Investment market,Non-oil investment,inv_non,2006,deflator_growth_pct,-42.01301446041573
ACTUAL,4 Investment market,Non-oil investment,inv_non,2007,deflator_growth_pct,0.030505481399267786
ACTUAL,4 Investment market,Non-oil investment,inv_non,2008,deflator_growth_pct,0.9863433815498146
ACTUAL,4 Investment market,Non-oil investment,inv_non,2009,deflator_growth_pct,-4.799902454776383
ACTUAL,4 Investment market,Non-oil investment,inv_non,2010,deflator_growth_pct,5.79999981564161
ACTUAL,4 Investment market,Non-oil investment,inv_non,2011,deflator_growth_pct,1.500000381834532
ACTUAL,4 Investment market,Non-oil investment,inv_non,2012,deflator_growth_pct,1.584944552883072
ACTUAL,4 Investment market,Non-oil investment,inv_non,2013,deflator_growth_pct,0.6599998020328623
ACTUAL,4 Investment market,Non-oil investment,inv_non,2014,deflator_growth_pct,0.40603999724677653
ACTUAL,4 Investment market,Non-oil investment,inv_non,2015,deflator_growth_pct,1.877628913279339
ACTUAL,4 Investment market,Non-oil investment,inv_non,2016,deflator_growth_pct,26.239635603787193
ACTUAL,4 Investment market,Non-oil investment,inv_non,2017,deflator_growth_pct,7.498703061858625
ACTUAL,4 Investment market,Non-oil investment,inv_non,2018,deflator_growth_pct,3.381293573316757
ACTUAL,4 Investment market,Non-oil investment,inv_non,2019,deflator_growth_pct,1.9025991045078516
ACTUAL,4 Investment market,Non-oil investment,inv_non,2020,deflator_growth_pct,0.2328393108639526
ACTUAL,4 Investment market,Non-oil investment,inv_non,2021,deflator_growth_pct,2.2158209583791333
ACTUAL,4 Investment market,Non-oil investment,inv_non,2022,deflator_growth_pct,2.923345777528863
ACTUAL,4 Investment market,Non-oil investment,inv_non,2023,deflator_growth_pct,3.471895458015073
ACTUAL,4 Investment market,Non-oil investment,inv_non,2024,deflator_growth_pct,1.3022163540643783
ACTUAL,4 Investment market,Non-oil investment,inv_non,2025,deflator_growth_pct,1.7141748618312969
ACTUAL,4 Investment market,Non-oil investment,inv_non,2005,nominal,2013.7087
ACTUAL,4 Investment market,Non-oil investment,inv_non,2006,nominal,2825.9712000000004
ACTUAL,4 Investment market,Non-oil investment,inv_non,2007,nominal,3941.3245999999995
ACTUAL,4 Investment market,Non-oil investment,inv_non,2008,nominal,7021.7391
ACTUAL,4 Investment market,Non-oil investment,inv_non,2009,nominal,5666.595
ACTUAL,4 Investment market,Non-oil investment,inv_non,2010,nominal,6947.174099999999
ACTUAL,4 Investment market,Non-oil investment,inv_non,2011,nominal,9728.8253
ACTUAL,4 Investment market,Non-oil investment,inv_non,2012,nominal,11552.7966
ACTUAL,4 Investment market,Non-oil investment,inv_non,2013,nominal,12756.197900000001
ACTUAL,4 Investment market,Non-oil investment,inv_non,2014,nominal,11659.198
ACTUAL,4 Investment market,Non-oil investment,inv_non,2015,nominal,8819.8914
ACTUAL,4 Investment market,Non-oil investment,inv_non,2016,nominal,7124.7972
ACTUAL,4 Investment market,Non-oil investment,inv_non,2017,nominal,8946.3889
ACTUAL,4 Investment market,Non-oil investment,inv_non,2018,nominal,11249.6543
ACTUAL,4 Investment market,Non-oil investment,inv_non,2019,nominal,12690.5936
ACTUAL,4 Investment market,Non-oil investment,inv_non,2020,nominal,11238.52
ACTUAL,4 Investment market,Non-oil investment,inv_non,2021,nominal,11001.9951
ACTUAL,4 Investment market,Non-oil investment,inv_non,2022,nominal,12413.2814
ACTUAL,4 Investment market,Non-oil investment,inv_non,2023,nominal,15003.863099999999
ACTUAL,4 Investment market,Non-oil investment,inv_non,2024,nominal,16254.272699999998
ACTUAL,4 Investment market,Non-oil investment,inv_non,2025,nominal,15886.507
ACTUAL,4 Investment market,Non-oil investment,inv_non,2006,nominal_growth_pct,40.33664352743773
ACTUAL,4 Investment market,Non-oil investment,inv_non,2007,nominal_growth_pct,39.46796768487941
ACTUAL,4 Investment market,Non-oil investment,inv_non,2008,nominal_growth_pct,78.15683336510777
ACTUAL,4 Investment market,Non-oil investment,inv_non,2009,nominal_growth_pct,-19.299265904083494
ACTUAL,4 Investment market,Non-oil investment,inv_non,2010,nominal_growth_pct,22.59874051348294
ACTUAL,4 Investment market,Non-oil investment,inv_non,2011,nominal_growth_pct,40.040038725962
ACTUAL,4 Investment market,Non-oil investment,inv_non,2012,nominal_growth_pct,18.748114430629137
ACTUAL,4 Investment market,Non-oil investment,inv_non,2013,nominal_growth_pct,10.416536719775715
ACTUAL,4 Investment market,Non-oil investment,inv_non,2014,nominal_growth_pct,-8.59974036621054
ACTUAL,4 Investment market,Non-oil investment,inv_non,2015,nominal_growth_pct,-24.35250349123499
ACTUAL,4 Investment market,Non-oil investment,inv_non,2016,nominal_growth_pct,-19.218991744048008
ACTUAL,4 Investment market,Non-oil investment,inv_non,2017,nominal_growth_pct,25.566927013726094
ACTUAL,4 Investment market,Non-oil investment,inv_non,2018,nominal_growth_pct,25.745196478100784
ACTUAL,4 Investment market,Non-oil investment,inv_non,2019,nominal_growth_pct,12.8087429317717
ACTUAL,4 Investment market,Non-oil investment,inv_non,2020,nominal_growth_pct,-11.442125134319959
ACTUAL,4 Investment market,Non-oil investment,inv_non,2021,nominal_growth_pct,-2.1045911739268175
ACTUAL,4 Investment market,Non-oil investment,inv_non,2022,nominal_growth_pct,12.82754888701958
ACTUAL,4 Investment market,Non-oil investment,inv_non,2023,nominal_growth_pct,20.869435055262663
ACTUAL,4 Investment market,Non-oil investment,inv_non,2024,nominal_growth_pct,8.333917682839953
ACTUAL,4 Investment market,Non-oil investment,inv_non,2025,nominal_growth_pct,-2.2625786264801495
ACTUAL,4 Investment market,Non-oil investment,inv_non,2005,real,1261.352099104977
ACTUAL,4 Investment market,Non-oil investment,inv_non,2006,real,3052.6491116501234
ACTUAL,4 Investment market,Non-oil investment,inv_non,2007,real,4256.169311631272
ACTUAL,4 Investment market,Non-oil investment,inv_non,2008,real,7508.595929264163
ACTUAL,4 Investment market,Non-oil investment,inv_non,2009,real,6365.006120223561
ACTUAL,4 Investment market,Non-oil investment,inv_non,2010,real,7375.630766160479
ACTUAL,4 Investment market,Non-oil investment,inv_non,2011,real,10176.193243703332
ACTUAL,4 Investment market,Non-oil investment,inv_non,2012,real,11895.500510338004
ACTUAL,4 Investment market,Non-oil investment,inv_non,2013,real,13048.47974849014
ACTUAL,4 Investment market,Non-oil investment,inv_non,2014,real,11878.114472704487
ACTUAL,4 Investment market,Non-oil investment,inv_non,2015,real,8819.8914
ACTUAL,4 Investment market,Non-oil investment,inv_non,2016,real,5643.867051677592
ACTUAL,4 Investment market,Non-oil investment,inv_non,2017,real,6592.479927365933
ACTUAL,4 Investment market,Non-oil investment,inv_non,2018,real,8018.594613121836
ACTUAL,4 Investment market,Non-oil investment,inv_non,2019,real,8876.786130430852
ACTUAL,4 Investment market,Non-oil investment,inv_non,2020,real,7842.831957598704
ACTUAL,4 Investment market,Non-oil investment,inv_non,2021,real,7511.334680332367
ACTUAL,4 Investment market,Non-oil investment,inv_non,2022,real,8234.142355650045
ACTUAL,4 Investment market,Non-oil investment,inv_non,2023,real,9618.613153712522
ACTUAL,4 Investment market,Non-oil investment,inv_non,2024,real,10286.270953592682
ACTUAL,4 Investment market,Non-oil investment,inv_non,2025,real,9884.105139909554
ACTUAL,4 Investment market,Non-oil investment,inv_non,2006,real_growth_pct,142.01403508316233
ACTUAL,4 Investment market,Non-oil investment,inv_non,2007,real_growth_pct,39.425435284652806
ACTUAL,4 Investment market,Non-oil investment,inv_non,2008,real_growth_pct,76.4167583452249
ACTUAL,4 Investment market,Non-oil investment,inv_non,2009,real_growth_pct,-15.23040818568423
ACTUAL,4 Investment market,Non-oil investment,inv_non,2010,real_growth_pct,15.877826774209304
ACTUAL,4 Investment market,Non-oil investment,inv_non,2011,real_growth_pct,37.97048098437739
ACTUAL,4 Investment market,Non-oil investment,inv_non,2012,real_growth_pct,16.89538735615619
ACTUAL,4 Investment market,Non-oil investment,inv_non,2013,real_growth_pct,9.692566001322245
ACTUAL,4 Investment market,Non-oil investment,inv_non,2014,real_growth_pct,-8.96936116961118
ACTUAL,4 Investment market,Non-oil investment,inv_non,2015,real_growth_pct,-25.746704830402013
ACTUAL,4 Investment market,Non-oil investment,inv_non,2016,real_growth_pct,-36.00978973870822
ACTUAL,4 Investment market,Non-oil investment,inv_non,2017,real_growth_pct,16.80785296681242
ACTUAL,4 Investment market,Non-oil investment,inv_non,2018,real_growth_pct,21.632446385403203
ACTUAL,4 Investment market,Non-oil investment,inv_non,2019,real_growth_pct,10.702517819078272
ACTUAL,4 Investment market,Non-oil investment,inv_non,2020,real_growth_pct,-11.64784368621442
ACTUAL,4 Investment market,Non-oil investment,inv_non,2021,real_growth_pct,-4.226754813293676
ACTUAL,4 Investment market,Non-oil investment,inv_non,2022,real_growth_pct,9.62289268257841
ACTUAL,4 Investment market,Non-oil investment,inv_non,2023,real_growth_pct,16.813782641400298
ACTUAL,4 Investment market,Non-oil investment,inv_non,2024,real_growth_pct,6.941310448923321
ACTUAL,4 Investment market,Non-oil investment,inv_non,2025,real_growth_pct,-3.9097338141055316
ACTUAL,4 Investment market,Non-state investment,inv_priv,2005,deflator,1.596468346490148
ACTUAL,4 Investment market,Non-state investment,inv_priv,2006,deflator,0.9257438692232822
ACTUAL,4 Investment market,Non-state investment,inv_priv,2007,deflator,0.926026271847113
ACTUAL,4 Investment market,Non-state investment,inv_priv,2008,deflator,0.9351600706908895
ACTUAL,4 Investment market,Non-state investment,inv_priv,2009,deflator,0.8902732995017089
ACTUAL,4 Investment market,Non-state investment,inv_priv,2010,deflator,0.9419091492315144
ACTUAL,4 Investment market,Non-state investment,inv_priv,2011,deflator,0.9560377900665216
ACTUAL,4 Investment market,Non-state investment,inv_priv,2012,deflator,0.9711904589436845
ACTUAL,4 Investment market,Non-state investment,inv_priv,2013,deflator,0.9776003140500749
ACTUAL,4 Investment market,Non-state investment,inv_priv,2014,deflator,0.9815697623383283
ACTUAL,4 Investment market,Non-state investment,inv_priv,2015,deflator,1.0
ACTUAL,4 Investment market,Non-state investment,inv_priv,2016,deflator,1.262396356037872
ACTUAL,4 Investment market,Non-state investment,inv_priv,2017,deflator,1.3570597102408755
ACTUAL,4 Investment market,Non-state investment,inv_priv,2018,deflator,1.402945883009321
ACTUAL,4 Investment market,Non-state investment,inv_priv,2019,deflator,1.429638318816186
ACTUAL,4 Investment market,Non-state investment,inv_priv,2020,deflator,1.4329670788255646
ACTUAL,4 Investment market,Non-state investment,inv_priv,2021,deflator,1.4647190636848546
ACTUAL,4 Investment market,Non-state investment,inv_priv,2022,deflator,1.5075378665857462
ACTUAL,4 Investment market,Non-state investment,inv_priv,2023,deflator,1.5598780053035939
ACTUAL,4 Investment market,Non-state investment,inv_priv,2024,deflator,1.5801909917921104
ACTUAL,4 Investment market,Non-state investment,inv_priv,2025,deflator,1.6072782285423333
ACTUAL,4 Investment market,Non-state investment,inv_priv,2006,deflator_growth_pct,-42.01301446041573
ACTUAL,4 Investment market,Non-state investment,inv_priv,2007,deflator_growth_pct,0.030505481399267786
ACTUAL,4 Investment market,Non-state investment,inv_priv,2008,deflator_growth_pct,0.9863433815498146
ACTUAL,4 Investment market,Non-state investment,inv_priv,2009,deflator_growth_pct,-4.799902454776383
ACTUAL,4 Investment market,Non-state investment,inv_priv,2010,deflator_growth_pct,5.79999981564161
ACTUAL,4 Investment market,Non-state investment,inv_priv,2011,deflator_growth_pct,1.500000381834532
ACTUAL,4 Investment market,Non-state investment,inv_priv,2012,deflator_growth_pct,1.584944552883072
ACTUAL,4 Investment market,Non-state investment,inv_priv,2013,deflator_growth_pct,0.6599998020328623
ACTUAL,4 Investment market,Non-state investment,inv_priv,2014,deflator_growth_pct,0.40603999724677653
ACTUAL,4 Investment market,Non-state investment,inv_priv,2015,deflator_growth_pct,1.877628913279339
ACTUAL,4 Investment market,Non-state investment,inv_priv,2016,deflator_growth_pct,26.239635603787193
ACTUAL,4 Investment market,Non-state investment,inv_priv,2017,deflator_growth_pct,7.498703061858625
ACTUAL,4 Investment market,Non-state investment,inv_priv,2018,deflator_growth_pct,3.381293573316757
ACTUAL,4 Investment market,Non-state investment,inv_priv,2019,deflator_growth_pct,1.9025991045078516
ACTUAL,4 Investment market,Non-state investment,inv_priv,2020,deflator_growth_pct,0.2328393108639526
ACTUAL,4 Investment market,Non-state investment,inv_priv,2021,deflator_growth_pct,2.2158209583791333
ACTUAL,4 Investment market,Non-state investment,inv_priv,2022,deflator_growth_pct,2.923345777528863
ACTUAL,4 Investment market,Non-state investment,inv_priv,2023,deflator_growth_pct,3.471895458015073
ACTUAL,4 Investment market,Non-state investment,inv_priv,2024,deflator_growth_pct,1.3022163540643783
ACTUAL,4 Investment market,Non-state investment,inv_priv,2025,deflator_growth_pct,1.7141748618312969
ACTUAL,4 Investment market,Non-state investment,inv_priv,2005,nominal,4833.8294000000005
ACTUAL,4 Investment market,Non-state investment,inv_priv,2006,nominal,4294.2361
ACTUAL,4 Investment market,Non-state investment,inv_priv,2007,nominal,3682.2524
ACTUAL,4 Investment market,Non-state investment,inv_priv,2008,nominal,3990.2406
ACTUAL,4 Investment market,Non-state investment,inv_priv,2009,nominal,3176.2068
ACTUAL,4 Investment market,Non-state investment,inv_priv,2010,nominal,3904.7668000000003
ACTUAL,4 Investment market,Non-state investment,inv_priv,2011,nominal,4874.1432
ACTUAL,4 Investment market,Non-state investment,inv_priv,2012,nominal,5986.634400000001
ACTUAL,4 Investment market,Non-state investment,inv_priv,2013,nominal,7203.3812
ACTUAL,4 Investment market,Non-state investment,inv_priv,2014,nominal,8491.856800000001
ACTUAL,4 Investment market,Non-state investment,inv_priv,2015,nominal,10140.8204
ACTUAL,4 Investment market,Non-state investment,inv_priv,2016,nominal,10522.5541
ACTUAL,4 Investment market,Non-state investment,inv_priv,2017,nominal,11055.832199999999
ACTUAL,4 Investment market,Non-state investment,inv_priv,2018,nominal,8812.5004
ACTUAL,4 Investment market,Non-state investment,inv_priv,2019,nominal,9728.6965
ACTUAL,4 Investment market,Non-state investment,inv_priv,2020,nominal,8694.369
ACTUAL,4 Investment market,Non-state investment,inv_priv,2021,nominal,9134.229800000001
ACTUAL,4 Investment market,Non-state investment,inv_priv,2022,nominal,8515.9391
ACTUAL,4 Investment market,Non-state investment,inv_priv,2023,nominal,9421.1453
ACTUAL,4 Investment market,Non-state investment,inv_priv,2024,nominal,8753.430699999999
ACTUAL,4 Investment market,Non-state investment,inv_priv,2025,nominal,9929.384
ACTUAL,4 Investment market,Non-state investment,inv_priv,2006,nominal_growth_pct,-11.16285361663778
ACTUAL,4 Investment market,Non-state investment,inv_priv,2007,nominal_growth_pct,-14.251282084839268
ACTUAL,4 Investment market,Non-state investment,inv_priv,2008,nominal_growth_pct,8.364125175123792
ACTUAL,4 Investment market,Non-state investment,inv_priv,2009,nominal_growth_pct,-20.400619451368428
ACTUAL,4 Investment market,Non-state investment,inv_priv,2010,nominal_growth_pct,22.938053026018345
ACTUAL,4 Investment market,Non-state investment,inv_priv,2011,nominal_growth_pct,24.825462048079295
ACTUAL,4 Investment market,Non-state investment,inv_priv,2012,nominal_growth_pct,22.824343773896505
ACTUAL,4 Investment market,Non-state investment,inv_priv,2013,nominal_growth_pct,20.32438793990825
ACTUAL,4 Investment market,Non-state investment,inv_priv,2014,nominal_growth_pct,17.887094466137675
ACTUAL,4 Investment market,Non-state investment,inv_priv,2015,nominal_growth_pct,19.418174833094206
ACTUAL,4 Investment market,Non-state investment,inv_priv,2016,nominal_growth_pct,3.7643275883280536
ACTUAL,4 Investment market,Non-state investment,inv_priv,2017,nominal_growth_pct,5.067953036230999
ACTUAL,4 Investment market,Non-state investment,inv_priv,2018,nominal_growth_pct,-20.29093567465684
ACTUAL,4 Investment market,Non-state investment,inv_priv,2019,nominal_growth_pct,10.396551017461508
ACTUAL,4 Investment market,Non-state investment,inv_priv,2020,nominal_growth_pct,-10.631717208980662
ACTUAL,4 Investment market,Non-state investment,inv_priv,2021,nominal_growth_pct,5.059145752843031
ACTUAL,4 Investment market,Non-state investment,inv_priv,2022,nominal_growth_pct,-6.768941810507123
ACTUAL,4 Investment market,Non-state investment,inv_priv,2023,nominal_growth_pct,10.62955229447331
ACTUAL,4 Investment market,Non-state investment,inv_priv,2024,nominal_growth_pct,-7.0874036939012175
ACTUAL,4 Investment market,Non-state investment,inv_priv,2025,nominal_growth_pct,13.434199004968427
ACTUAL,4 Investment market,Non-state investment,inv_priv,2005,real,3027.8266466273662
ACTUAL,4 Investment market,Non-state investment,inv_priv,2006,real,4638.687052394904
ACTUAL,4 Investment market,Non-state investment,inv_priv,2007,real,3976.4016550579468
ACTUAL,4 Investment market,Non-state investment,inv_priv,2008,real,4266.906516926069
ACTUAL,4 Investment market,Non-state investment,inv_priv,2009,real,3567.676130215004
ACTUAL,4 Investment market,Non-state investment,inv_priv,2010,real,4145.5875051068615
ACTUAL,4 Investment market,Non-state investment,inv_priv,2011,real,5098.274619103556
ACTUAL,4 Investment market,Non-state investment,inv_priv,2012,real,6164.222830721963
ACTUAL,4 Investment market,Non-state investment,inv_priv,2013,real,7368.431757307135
ACTUAL,4 Investment market,Non-state investment,inv_priv,2014,real,8651.302358551078
ACTUAL,4 Investment market,Non-state investment,inv_priv,2015,real,10140.8204
ACTUAL,4 Investment market,Non-state investment,inv_priv,2016,real,8335.380603462643
ACTUAL,4 Investment market,Non-state investment,inv_priv,2017,real,8146.901802896801
ACTUAL,4 Investment market,Non-state investment,inv_priv,2018,real,6281.425753285062
ACTUAL,4 Investment market,Non-state investment,inv_priv,2019,real,6805.005414275591
ACTUAL,4 Investment market,Non-state investment,inv_priv,2020,real,6067.389215337562
ACTUAL,4 Investment market,Non-state investment,inv_priv,2021,real,6236.165027456282
ACTUAL,4 Investment market,Non-state investment,inv_priv,2022,real,5648.905602143711
ACTUAL,4 Investment market,Non-state investment,inv_priv,2023,real,6039.668017606539
ACTUAL,4 Investment market,Non-state investment,inv_priv,2024,real,5539.476395870758
ACTUAL,4 Investment market,Non-state investment,inv_priv,2025,real,6177.7630180464275
ACTUAL,4 Investment market,Non-state investment,inv_priv,2006,real_growth_pct,53.201870310568864
ACTUAL,4 Investment market,Non-state investment,inv_priv,2007,real_growth_pct,-14.277432166824578
ACTUAL,4 Investment market,Non-state investment,inv_priv,2008,real_growth_pct,7.305722285338123
ACTUAL,4 Investment market,Non-state investment,inv_priv,2009,real_growth_pct,-16.387290978542445
ACTUAL,4 Investment market,Non-state investment,inv_priv,2010,real_growth_pct,16.198538034253417
ACTUAL,4 Investment market,Non-state investment,inv_priv,2011,real_growth_pct,22.980750323641686
ACTUAL,4 Investment market,Non-state investment,inv_priv,2012,real_growth_pct,20.908018717238818
ACTUAL,4 Investment market,Non-state investment,inv_priv,2013,real_growth_pct,19.53545417896798
ACTUAL,4 Investment market,Non-state investment,inv_priv,2014,real_growth_pct,17.410361437788225
ACTUAL,4 Investment market,Non-state investment,inv_priv,2015,real_growth_pct,17.217269489797225
ACTUAL,4 Investment market,Non-state investment,inv_priv,2016,real_growth_pct,-17.803685750487773
ACTUAL,4 Investment market,Non-state investment,inv_priv,2017,real_growth_pct,-2.2611900947575814
ACTUAL,4 Investment market,Non-state investment,inv_priv,2018,real_growth_pct,-22.897981278581636
ACTUAL,4 Investment market,Non-state investment,inv_priv,2019,real_growth_pct,8.335363364228376
ACTUAL,4 Investment market,Non-state investment,inv_priv,2020,real_growth_pct,-10.83931832575258
ACTUAL,4 Investment market,Non-state investment,inv_priv,2021,real_growth_pct,2.781687578111458
ACTUAL,4 Investment market,Non-state investment,inv_priv,2022,real_growth_pct,-9.416996226479156
ACTUAL,4 Investment market,Non-state investment,inv_priv,2023,real_growth_pct,6.917488855089693
ACTUAL,4 Investment market,Non-state investment,inv_priv,2024,real_growth_pct,-8.281773439825624
ACTUAL,4 Investment market,Non-state investment,inv_priv,2025,real_growth_pct,11.522508204050874
ACTUAL,4 Investment market,Oil and gas investment,inv_oil,2005,deflator,1.596468346490148
ACTUAL,4 Investment market,Oil and gas investment,inv_oil,2006,deflator,0.9257438692232822
ACTUAL,4 Investment market,Oil and gas investment,inv_oil,2007,deflator,0.926026271847113
ACTUAL,4 Investment market,Oil and gas investment,inv_oil,2008,deflator,0.9351600706908895
ACTUAL,4 Investment market,Oil and gas investment,inv_oil,2009,deflator,0.8902732995017089
ACTUAL,4 Investment market,Oil and gas investment,inv_oil,2010,deflator,0.9419091492315144
ACTUAL,4 Investment market,Oil and gas investment,inv_oil,2011,deflator,0.9560377900665216
ACTUAL,4 Investment market,Oil and gas investment,inv_oil,2012,deflator,0.9711904589436845
ACTUAL,4 Investment market,Oil and gas investment,inv_oil,2013,deflator,0.9776003140500749
ACTUAL,4 Investment market,Oil and gas investment,inv_oil,2014,deflator,0.9815697623383283
ACTUAL,4 Investment market,Oil and gas investment,inv_oil,2015,deflator,1.0
ACTUAL,4 Investment market,Oil and gas investment,inv_oil,2016,deflator,1.262396356037872
ACTUAL,4 Investment market,Oil and gas investment,inv_oil,2017,deflator,1.3570597102408755
ACTUAL,4 Investment market,Oil and gas investment,inv_oil,2018,deflator,1.402945883009321
ACTUAL,4 Investment market,Oil and gas investment,inv_oil,2019,deflator,1.429638318816186
ACTUAL,4 Investment market,Oil and gas investment,inv_oil,2020,deflator,1.4329670788255646
ACTUAL,4 Investment market,Oil and gas investment,inv_oil,2021,deflator,1.4647190636848546
ACTUAL,4 Investment market,Oil and gas investment,inv_oil,2022,deflator,1.5075378665857462
ACTUAL,4 Investment market,Oil and gas investment,inv_oil,2023,deflator,1.5598780053035939
ACTUAL,4 Investment market,Oil and gas investment,inv_oil,2024,deflator,1.5801909917921104
ACTUAL,4 Investment market,Oil and gas investment,inv_oil,2025,deflator,1.6072782285423333
ACTUAL,4 Investment market,Oil and gas investment,inv_oil,2006,deflator_growth_pct,-42.01301446041573
ACTUAL,4 Investment market,Oil and gas investment,inv_oil,2007,deflator_growth_pct,0.030505481399267786
ACTUAL,4 Investment market,Oil and gas investment,inv_oil,2008,deflator_growth_pct,0.9863433815498146
ACTUAL,4 Investment market,Oil and gas investment,inv_oil,2009,deflator_growth_pct,-4.799902454776383
ACTUAL,4 Investment market,Oil and gas investment,inv_oil,2010,deflator_growth_pct,5.79999981564161
ACTUAL,4 Investment market,Oil and gas investment,inv_oil,2011,deflator_growth_pct,1.500000381834532
ACTUAL,4 Investment market,Oil and gas investment,inv_oil,2012,deflator_growth_pct,1.584944552883072
ACTUAL,4 Investment market,Oil and gas investment,inv_oil,2013,deflator_growth_pct,0.6599998020328623
ACTUAL,4 Investment market,Oil and gas investment,inv_oil,2014,deflator_growth_pct,0.40603999724677653
ACTUAL,4 Investment market,Oil and gas investment,inv_oil,2015,deflator_growth_pct,1.877628913279339
ACTUAL,4 Investment market,Oil and gas investment,inv_oil,2016,deflator_growth_pct,26.239635603787193
ACTUAL,4 Investment market,Oil and gas investment,inv_oil,2017,deflator_growth_pct,7.498703061858625
ACTUAL,4 Investment market,Oil and gas investment,inv_oil,2018,deflator_growth_pct,3.381293573316757
ACTUAL,4 Investment market,Oil and gas investment,inv_oil,2019,deflator_growth_pct,1.9025991045078516
ACTUAL,4 Investment market,Oil and gas investment,inv_oil,2020,deflator_growth_pct,0.2328393108639526
ACTUAL,4 Investment market,Oil and gas investment,inv_oil,2021,deflator_growth_pct,2.2158209583791333
ACTUAL,4 Investment market,Oil and gas investment,inv_oil,2022,deflator_growth_pct,2.923345777528863
ACTUAL,4 Investment market,Oil and gas investment,inv_oil,2023,deflator_growth_pct,3.471895458015073
ACTUAL,4 Investment market,Oil and gas investment,inv_oil,2024,deflator_growth_pct,1.3022163540643783
ACTUAL,4 Investment market,Oil and gas investment,inv_oil,2025,deflator_growth_pct,1.7141748618312969
ACTUAL,4 Investment market,Oil and gas investment,inv_oil,2005,nominal,7932.195399999998
ACTUAL,4 Investment market,Oil and gas investment,inv_oil,2006,nominal,3408.5124999999994
ACTUAL,4 Investment market,Oil and gas investment,inv_oil,2007,nominal,3529.865300000001
ACTUAL,4 Investment market,Oil and gas investment,inv_oil,2008,nominal,2922.4147000000003
ACTUAL,4 Investment market,Oil and gas investment,inv_oil,2009,nominal,2058.3498
ACTUAL,4 Investment market,Oil and gas investment,inv_oil,2010,nominal,2958.4917000000014
ACTUAL,4 Investment market,Oil and gas investment,inv_oil,2011,nominal,3070.2360000000003
ACTUAL,4 Investment market,Oil and gas investment,inv_oil,2012,nominal,3854.477800000001
ACTUAL,4 Investment market,Oil and gas investment,inv_oil,2013,nominal,5094.617799999997
ACTUAL,4 Investment market,Oil and gas investment,inv_oil,2014,nominal,5959.4030999999995
ACTUAL,4 Investment market,Oil and gas investment,inv_oil,2015,nominal,7137.136799999998
ACTUAL,4 Investment market,Oil and gas investment,inv_oil,2016,nominal,8648.0286
ACTUAL,4 Investment market,Oil and gas investment,inv_oil,2017,nominal,8483.950599999998
ACTUAL,4 Investment market,Oil and gas investment,inv_oil,2018,nominal,5995.208599999999
ACTUAL,4 Investment market,Oil and gas investment,inv_oil,2019,nominal,5848.882899999999
ACTUAL,4 Investment market,Oil and gas investment,inv_oil,2020,nominal,5987.590699999997
ACTUAL,4 Investment market,Oil and gas investment,inv_oil,2021,nominal,5813.463899999998
ACTUAL,4 Investment market,Oil and gas investment,inv_oil,2022,nominal,5464.883700000002
ACTUAL,4 Investment market,Oil and gas investment,inv_oil,2023,nominal,6306.842400000001
ACTUAL,4 Investment market,Oil and gas investment,inv_oil,2024,nominal,5852.061499999999
ACTUAL,4 Investment market,Oil and gas investment,inv_oil,2025,nominal,5339.593000000001
ACTUAL,4 Investment market,Oil and gas investment,inv_oil,2006,nominal_growth_pct,-57.02939314883746
ACTUAL,4 Investment market,Oil and gas investment,inv_oil,2007,nominal_growth_pct,3.5602861952245046
ACTUAL,4 Investment market,Oil and gas investment,inv_oil,2008,nominal_growth_pct,-17.20888896242019
ACTUAL,4 Investment market,Oil and gas investment,inv_oil,2009,nominal_growth_pct,-29.566813361567068
ACTUAL,4 Investment market,Oil and gas investment,inv_oil,2010,nominal_growth_pct,43.7312404334774
ACTUAL,4 Investment market,Oil and gas investment,inv_oil,2011,nominal_growth_pct,3.7770699170796673
ACTUAL,4 Investment market,Oil and gas investment,inv_oil,2012,nominal_growth_pct,25.543371910172397
ACTUAL,4 Investment market,Oil and gas investment,inv_oil,2013,nominal_growth_pct,32.17400811077433
ACTUAL,4 Investment market,Oil and gas investment,inv_oil,2014,nominal_growth_pct,16.974488253073726
ACTUAL,4 Investment market,Oil and gas investment,inv_oil,2015,nominal_growth_pct,19.762611795802144
ACTUAL,4 Investment market,Oil and gas investment,inv_oil,2016,nominal_growth_pct,21.16943870264616
ACTUAL,4 Investment market,Oil and gas investment,inv_oil,2017,nominal_growth_pct,-1.897287897498412
ACTUAL,4 Investment market,Oil and gas investment,inv_oil,2018,nominal_growth_pct,-29.334706404348932
ACTUAL,4 Investment market,Oil and gas investment,inv_oil,2019,nominal_growth_pct,-2.440710736904139
ACTUAL,4 Investment market,Oil and gas investment,inv_oil,2020,nominal_growth_pct,2.3715263644618068
ACTUAL,4 Investment market,Oil and gas investment,inv_oil,2021,nominal_growth_pct,-2.9081279720739595
ACTUAL,4 Investment market,Oil and gas investment,inv_oil,2022,nominal_growth_pct,-5.99608436546748
ACTUAL,4 Investment market,Oil and gas investment,inv_oil,2023,nominal_growth_pct,15.406708472130859
ACTUAL,4 Investment market,Oil and gas investment,inv_oil,2024,nominal_growth_pct,-7.210912706491646
ACTUAL,4 Investment market,Oil and gas investment,inv_oil,2025,nominal_growth_pct,-8.757059371300146
ACTUAL,4 Investment market,Oil and gas investment,inv_oil,2005,real,4968.589209700907
ACTUAL,4 Investment market,Oil and gas investment,inv_oil,2006,real,3681.9174431690376
ACTUAL,4 Investment market,Oil and gas investment,inv_oil,2007,real,3811.8414210420824
ACTUAL,4 Investment market,Oil and gas investment,inv_oil,2008,real,3125.042216399318
ACTUAL,4 Investment market,Oil and gas investment,inv_oil,2009,real,2312.0426066378386
ACTUAL,4 Investment market,Oil and gas investment,inv_oil,2010,real,3140.952290795538
ACTUAL,4 Investment market,Oil and gas investment,inv_oil,2011,real,3211.4169878016764
ACTUAL,4 Investment market,Oil and gas investment,inv_oil,2012,real,3968.8176139954303
ACTUAL,4 Investment market,Oil and gas investment,inv_oil,2013,real,5211.350412617645
ACTUAL,4 Investment market,Oil and gas investment,inv_oil,2014,real,6071.298575664465
ACTUAL,4 Investment market,Oil and gas investment,inv_oil,2015,real,7137.136799999998
ACTUAL,4 Investment market,Oil and gas investment,inv_oil,2016,real,6850.486028922408
ACTUAL,4 Investment market,Oil and gas investment,inv_oil,2017,real,6251.715039490867
ACTUAL,4 Investment market,Oil and gas investment,inv_oil,2018,real,4273.299970160123
ACTUAL,4 Investment market,Oil and gas investment,inv_oil,2019,real,4091.162654931615
ACTUAL,4 Investment market,Oil and gas investment,inv_oil,2020,real,4178.456566432304
ACTUAL,4 Investment market,Oil and gas investment,inv_oil,2021,real,3968.9958601172466
ACTUAL,4 Investment market,Oil and gas investment,inv_oil,2022,real,3625.039092634406
ACTUAL,4 Investment market,Oil and gas investment,inv_oil,2023,real,4043.1638747111647
ACTUAL,4 Investment market,Oil and gas investment,inv_oil,2024,real,3703.3887235131733
ACTUAL,4 Investment market,Oil and gas investment,inv_oil,2025,real,3322.1335952783757
ACTUAL,4 Investment market,Oil and gas investment,inv_oil,2006,real_growth_pct,-25.89611884234082
ACTUAL,4 Investment market,Oil and gas investment,inv_oil,2007,real_growth_pct,3.5287042656018563
ACTUAL,4 Investment market,Oil and gas investment,inv_oil,2008,real_growth_pct,-18.017517750122114
ACTUAL,4 Investment market,Oil and gas investment,inv_oil,2009,real_growth_pct,-26.01563606069359
ACTUAL,4 Investment market,Oil and gas investment,inv_oil,2010,real_growth_pct,35.851834294831434
ACTUAL,4 Investment market,Oil and gas investment,inv_oil,2011,real_growth_pct,2.2434182528856983
ACTUAL,4 Investment market,Oil and gas investment,inv_oil,2012,real_growth_pct,23.58462414163849
ACTUAL,4 Investment market,Oil and gas investment,inv_oil,2013,real_growth_pct,31.307379664931247
ACTUAL,4 Investment market,Oil and gas investment,inv_oil,2014,real_growth_pct,16.501445785812564
ACTUAL,4 Investment market,Oil and gas investment,inv_oil,2015,real_growth_pct,17.555358397422992
ACTUAL,4 Investment market,Oil and gas investment,inv_oil,2016,real_growth_pct,-4.0163272627419815
ACTUAL,4 Investment market,Oil and gas investment,inv_oil,2017,real_growth_pct,-8.740562157247822
ACTUAL,4 Investment market,Oil and gas investment,inv_oil,2018,real_growth_pct,-31.645957258663916
ACTUAL,4 Investment market,Oil and gas investment,inv_oil,2019,real_growth_pct,-4.262216940077879
ACTUAL,4 Investment market,Oil and gas investment,inv_oil,2020,real_growth_pct,2.1337189171753312
ACTUAL,4 Investment market,Oil and gas investment,inv_oil,2021,real_growth_pct,-5.012872647708311
ACTUAL,4 Investment market,Oil and gas investment,inv_oil,2022,real_growth_pct,-8.666090356483258
ACTUAL,4 Investment market,Oil and gas investment,inv_oil,2023,real_growth_pct,11.534352358470624
ACTUAL,4 Investment market,Oil and gas investment,inv_oil,2024,real_growth_pct,-8.403694772877945
ACTUAL,4 Investment market,Oil and gas investment,inv_oil,2025,real_growth_pct,-10.294763976953647
ACTUAL,4 Investment market,State investment,inv_state,2005,deflator,1.596468346490148
ACTUAL,4 Investment market,State investment,inv_state,2006,deflator,0.9257438692232822
ACTUAL,4 Investment market,State investment,inv_state,2007,deflator,0.926026271847113
ACTUAL,4 Investment market,State investment,inv_state,2008,deflator,0.9351600706908895
ACTUAL,4 Investment market,State investment,inv_state,2009,deflator,0.8902732995017089
ACTUAL,4 Investment market,State investment,inv_state,2010,deflator,0.9419091492315144
ACTUAL,4 Investment market,State investment,inv_state,2011,deflator,0.9560377900665216
ACTUAL,4 Investment market,State investment,inv_state,2012,deflator,0.9711904589436845
ACTUAL,4 Investment market,State investment,inv_state,2013,deflator,0.9776003140500749
ACTUAL,4 Investment market,State investment,inv_state,2014,deflator,0.9815697623383283
ACTUAL,4 Investment market,State investment,inv_state,2015,deflator,1.0
ACTUAL,4 Investment market,State investment,inv_state,2016,deflator,1.262396356037872
ACTUAL,4 Investment market,State investment,inv_state,2017,deflator,1.3570597102408755
ACTUAL,4 Investment market,State investment,inv_state,2018,deflator,1.402945883009321
ACTUAL,4 Investment market,State investment,inv_state,2019,deflator,1.429638318816186
ACTUAL,4 Investment market,State investment,inv_state,2020,deflator,1.4329670788255646
ACTUAL,4 Investment market,State investment,inv_state,2021,deflator,1.4647190636848546
ACTUAL,4 Investment market,State investment,inv_state,2022,deflator,1.5075378665857462
ACTUAL,4 Investment market,State investment,inv_state,2023,deflator,1.5598780053035939
ACTUAL,4 Investment market,State investment,inv_state,2024,deflator,1.5801909917921104
ACTUAL,4 Investment market,State investment,inv_state,2025,deflator,1.6072782285423333
ACTUAL,4 Investment market,State investment,inv_state,2006,deflator_growth_pct,-42.01301446041573
ACTUAL,4 Investment market,State investment,inv_state,2007,deflator_growth_pct,0.030505481399267786
ACTUAL,4 Investment market,State investment,inv_state,2008,deflator_growth_pct,0.9863433815498146
ACTUAL,4 Investment market,State investment,inv_state,2009,deflator_growth_pct,-4.799902454776383
ACTUAL,4 Investment market,State investment,inv_state,2010,deflator_growth_pct,5.79999981564161
ACTUAL,4 Investment market,State investment,inv_state,2011,deflator_growth_pct,1.500000381834532
ACTUAL,4 Investment market,State investment,inv_state,2012,deflator_growth_pct,1.584944552883072
ACTUAL,4 Investment market,State investment,inv_state,2013,deflator_growth_pct,0.6599998020328623
ACTUAL,4 Investment market,State investment,inv_state,2014,deflator_growth_pct,0.40603999724677653
ACTUAL,4 Investment market,State investment,inv_state,2015,deflator_growth_pct,1.877628913279339
ACTUAL,4 Investment market,State investment,inv_state,2016,deflator_growth_pct,26.239635603787193
ACTUAL,4 Investment market,State investment,inv_state,2017,deflator_growth_pct,7.498703061858625
ACTUAL,4 Investment market,State investment,inv_state,2018,deflator_growth_pct,3.381293573316757
ACTUAL,4 Investment market,State investment,inv_state,2019,deflator_growth_pct,1.9025991045078516
ACTUAL,4 Investment market,State investment,inv_state,2020,deflator_growth_pct,0.2328393108639526
ACTUAL,4 Investment market,State investment,inv_state,2021,deflator_growth_pct,2.2158209583791333
ACTUAL,4 Investment market,State investment,inv_state,2022,deflator_growth_pct,2.923345777528863
ACTUAL,4 Investment market,State investment,inv_state,2023,deflator_growth_pct,3.471895458015073
ACTUAL,4 Investment market,State investment,inv_state,2024,deflator_growth_pct,1.3022163540643783
ACTUAL,4 Investment market,State investment,inv_state,2025,deflator_growth_pct,1.7141748618312969
ACTUAL,4 Investment market,State investment,inv_state,2005,nominal,936.0469
ACTUAL,4 Investment market,State investment,inv_state,2006,nominal,1940.2476000000001
ACTUAL,4 Investment market,State investment,inv_state,2007,nominal,3788.9375
ACTUAL,4 Investment market,State investment,inv_state,2008,nominal,5953.9132
ACTUAL,4 Investment market,State investment,inv_state,2009,nominal,4548.738
ACTUAL,4 Investment market,State investment,inv_state,2010,nominal,6000.899
ACTUAL,4 Investment market,State investment,inv_state,2011,nominal,7924.9181
ACTUAL,4 Investment market,State investment,inv_state,2012,nominal,9420.64
ACTUAL,4 Investment market,State investment,inv_state,2013,nominal,10647.4345
ACTUAL,4 Investment market,State investment,inv_state,2014,nominal,9126.7443
ACTUAL,4 Investment market,State investment,inv_state,2015,nominal,5816.2078
ACTUAL,4 Investment market,State investment,inv_state,2016,nominal,5250.271700000001
ACTUAL,4 Investment market,State investment,inv_state,2017,nominal,6374.5073
ACTUAL,4 Investment market,State investment,inv_state,2018,nominal,8432.3625
ACTUAL,4 Investment market,State investment,inv_state,2019,nominal,8810.78
ACTUAL,4 Investment market,State investment,inv_state,2020,nominal,8531.741699999999
ACTUAL,4 Investment market,State investment,inv_state,2021,nominal,7681.229200000001
ACTUAL,4 Investment market,State investment,inv_state,2022,nominal,9362.226
ACTUAL,4 Investment market,State investment,inv_state,2023,nominal,11889.5602
ACTUAL,4 Investment market,State investment,inv_state,2024,nominal,13352.9035
ACTUAL,4 Investment market,State investment,inv_state,2025,nominal,11296.693
ACTUAL,4 Investment market,State investment,inv_state,2006,nominal_growth_pct,107.28102405979874
ACTUAL,4 Investment market,State investment,inv_state,2007,nominal_growth_pct,95.28113319145453
ACTUAL,4 Investment market,State investment,inv_state,2008,nominal_growth_pct,57.13938802104812
ACTUAL,4 Investment market,State investment,inv_state,2009,nominal_growth_pct,-23.600868081180625
ACTUAL,4 Investment market,State investment,inv_state,2010,nominal_growth_pct,31.92448103188181
ACTUAL,4 Investment market,State investment,inv_state,2011,nominal_growth_pct,32.06218101654434
ACTUAL,4 Investment market,State investment,inv_state,2012,nominal_growth_pct,18.873657508208197
ACTUAL,4 Investment market,State investment,inv_state,2013,nominal_growth_pct,13.022411428522895
ACTUAL,4 Investment market,State investment,inv_state,2014,nominal_growth_pct,-14.282221693873765
ACTUAL,4 Investment market,State investment,inv_state,2015,nominal_growth_pct,-36.272918262868394
ACTUAL,4 Investment market,State investment,inv_state,2016,nominal_growth_pct,-9.73032806702675
ACTUAL,4 Investment market,State investment,inv_state,2017,nominal_growth_pct,21.412903259844597
ACTUAL,4 Investment market,State investment,inv_state,2018,nominal_growth_pct,32.28257656870201
ACTUAL,4 Investment market,State investment,inv_state,2019,nominal_growth_pct,4.487680647031023
ACTUAL,4 Investment market,State investment,inv_state,2020,nominal_growth_pct,-3.167010185250363
ACTUAL,4 Investment market,State investment,inv_state,2021,nominal_growth_pct,-9.968802735788385
ACTUAL,4 Investment market,State investment,inv_state,2022,nominal_growth_pct,21.884476510608476
ACTUAL,4 Investment market,State investment,inv_state,2023,nominal_growth_pct,26.995013792659982
ACTUAL,4 Investment market,State investment,inv_state,2024,nominal_growth_pct,12.307800081621178
ACTUAL,4 Investment market,State investment,inv_state,2025,nominal_growth_pct,-15.39897670944751
ACTUAL,4 Investment market,State investment,inv_state,2005,real,586.3234946423515
ACTUAL,4 Investment market,State investment,inv_state,2006,real,2095.879502424258
ACTUAL,4 Investment market,State investment,inv_state,2007,real,4091.609077615407
ACTUAL,4 Investment market,State investment,inv_state,2008,real,6366.7316287374115
ACTUAL,4 Investment market,State investment,inv_state,2009,real,5109.372596646395
ACTUAL,4 Investment market,State investment,inv_state,2010,real,6370.995551849155
ACTUAL,4 Investment market,State investment,inv_state,2011,real,8289.335612401452
ACTUAL,4 Investment market,State investment,inv_state,2012,real,9700.095293611472
ACTUAL,4 Investment market,State investment,inv_state,2013,real,10891.39840380065
ACTUAL,4 Investment market,State investment,inv_state,2014,real,9298.110689817875
ACTUAL,4 Investment market,State investment,inv_state,2015,real,5816.2078
ACTUAL,4 Investment market,State investment,inv_state,2016,real,4158.972477137357
ACTUAL,4 Investment market,State investment,inv_state,2017,real,4697.293163959998
ACTUAL,4 Investment market,State investment,inv_state,2018,real,6010.468829996898
ACTUAL,4 Investment market,State investment,inv_state,2019,real,6162.943371086876
ACTUAL,4 Investment market,State investment,inv_state,2020,real,5953.899308693448
ACTUAL,4 Investment market,State investment,inv_state,2021,real,5244.165512993333
ACTUAL,4 Investment market,State investment,inv_state,2022,real,6210.27584614074
ACTUAL,4 Investment market,State investment,inv_state,2023,real,7622.109010817147
ACTUAL,4 Investment market,State investment,inv_state,2024,real,8450.183281235099
ACTUAL,4 Investment market,State investment,inv_state,2025,real,7028.46140723573
ACTUAL,4 Investment market,State investment,inv_state,2006,real_growth_pct,257.4612857195349
ACTUAL,4 Investment market,State investment,inv_state,2007,real_growth_pct,95.2215799087081
ACTUAL,4 Investment market,State investment,inv_state,2008,real_growth_pct,55.604592422303156
ACTUAL,4 Investment market,State investment,inv_state,2009,real_growth_pct,-19.748893237712352
ACTUAL,4 Investment market,State investment,inv_state,2010,real_growth_pct,24.692326334369174
ACTUAL,4 Investment market,State investment,inv_state,2011,real_growth_pct,30.11052267954426
ACTUAL,4 Investment market,State investment,inv_state,2012,real_growth_pct,17.018971690558903
ACTUAL,4 Investment market,State investment,inv_state,2013,real_growth_pct,12.28135470971894
ACTUAL,4 Investment market,State investment,inv_state,2014,real_growth_pct,-14.628862657588416
ACTUAL,4 Investment market,State investment,inv_state,2015,real_growth_pct,-37.44742352476852
ACTUAL,4 Investment market,State investment,inv_state,2016,real_growth_pct,-28.493399476934844
ACTUAL,4 Investment market,State investment,inv_state,2017,real_growth_pct,12.943598203207408
ACTUAL,4 Investment market,State investment,inv_state,2018,real_growth_pct,27.956008283925016
ACTUAL,4 Investment market,State investment,inv_state,2019,real_growth_pct,2.53681610208194
ACTUAL,4 Investment market,State investment,inv_state,2020,real_growth_pct,-3.3919516991531617
ACTUAL,4 Investment market,State investment,inv_state,2021,real_growth_pct,-11.920487043907734
ACTUAL,4 Investment market,State investment,inv_state,2022,real_growth_pct,18.4225751600269
ACTUAL,4 Investment market,State investment,inv_state,2023,real_growth_pct,22.73382374075643
ACTUAL,4 Investment market,State investment,inv_state,2024,real_growth_pct,10.8641095167068
ACTUAL,4 Investment market,State investment,inv_state,2025,real_growth_pct,-16.824746004699275
ACTUAL,5 Labour market,Average monthly wage,wage,2005,deflator,0.5110339107067147
ACTUAL,5 Labour market,Average monthly wage,wage,2006,deflator,0.5692917765272802
ACTUAL,5 Labour market,Average monthly wage,wage,2007,deflator,0.6808729647266272
ACTUAL,5 Labour market,Average monthly wage,wage,2008,deflator,0.785727401294528
ACTUAL,5 Labour market,Average monthly wage,wage,2009,deflator,0.7912274931035896
ACTUAL,5 Labour market,Average monthly wage,wage,2010,deflator,0.8537344650587733
ACTUAL,5 Labour market,Average monthly wage,wage,2011,deflator,0.9015435951020645
ACTUAL,5 Labour market,Average monthly wage,wage,2012,deflator,0.8988389643167584
ACTUAL,5 Labour market,Average monthly wage,wage,2013,deflator,0.9302983280678448
ACTUAL,5 Labour market,Average monthly wage,wage,2014,deflator,0.9293680297397771
ACTUAL,5 Labour market,Average monthly wage,wage,2015,deflator,1.0
ACTUAL,5 Labour market,Average monthly wage,wage,2016,deflator,1.157
ACTUAL,5 Labour market,Average monthly wage,wage,2017,deflator,1.248403
ACTUAL,5 Labour market,Average monthly wage,wage,2018,deflator,1.267129045
ACTUAL,5 Labour market,Average monthly wage,wage,2019,deflator,1.29754014208
ACTUAL,5 Labour market,Average monthly wage,wage,2020,deflator,1.3312761857740802
ACTUAL,5 Labour market,Average monthly wage,wage,2021,deflator,1.4910293280669698
ACTUAL,5 Labour market,Average monthly wage,wage,2022,deflator,1.705737551308613
ACTUAL,5 Labour market,Average monthly wage,wage,2023,deflator,1.741558039886094
ACTUAL,5 Labour market,Average monthly wage,wage,2024,deflator,1.826894383840513
ACTUAL,5 Labour market,Average monthly wage,wage,2025,deflator,1.9218928918002198
ACTUAL,5 Labour market,Average monthly wage,wage,2006,deflator_growth_pct,11.40000000000001
ACTUAL,5 Labour market,Average monthly wage,wage,2007,deflator_growth_pct,19.599999999999994
ACTUAL,5 Labour market,Average monthly wage,wage,2008,deflator_growth_pct,15.400000000000036
ACTUAL,5 Labour market,Average monthly wage,wage,2009,deflator_growth_pct,0.6999999999999895
ACTUAL,5 Labour market,Average monthly wage,wage,2010,deflator_growth_pct,7.899999999999996
ACTUAL,5 Labour market,Average monthly wage,wage,2011,deflator_growth_pct,5.599999999999983
ACTUAL,5 Labour market,Average monthly wage,wage,2012,deflator_growth_pct,-0.29999999999998916
ACTUAL,5 Labour market,Average monthly wage,wage,2013,deflator_growth_pct,3.499999999999992
ACTUAL,5 Labour market,Average monthly wage,wage,2014,deflator_growth_pct,-0.09999999999998899
ACTUAL,5 Labour market,Average monthly wage,wage,2015,deflator_growth_pct,7.5999999999999845
ACTUAL,5 Labour market,Average monthly wage,wage,2016,deflator_growth_pct,15.700000000000003
ACTUAL,5 Labour market,Average monthly wage,wage,2017,deflator_growth_pct,7.899999999999996
ACTUAL,5 Labour market,Average monthly wage,wage,2018,deflator_growth_pct,1.4999999999999902
ACTUAL,5 Labour market,Average monthly wage,wage,2019,deflator_growth_pct,2.400000000000002
ACTUAL,5 Labour market,Average monthly wage,wage,2020,deflator_growth_pct,2.6000000000000245
ACTUAL,5 Labour market,Average monthly wage,wage,2021,deflator_growth_pct,11.99999999999999
ACTUAL,5 Labour market,Average monthly wage,wage,2022,deflator_growth_pct,14.399999999999968
ACTUAL,5 Labour market,Average monthly wage,wage,2023,deflator_growth_pct,2.0999999999999908
ACTUAL,5 Labour market,Average monthly wage,wage,2024,deflator_growth_pct,4.9000000000000155
ACTUAL,5 Labour market,Average monthly wage,wage,2025,deflator_growth_pct,5.200000000000005
ACTUAL,5 Labour market,Average monthly wage,wage,2005,nominal,123.6
ACTUAL,5 Labour market,Average monthly wage,wage,2006,nominal,149.0
ACTUAL,5 Labour market,Average monthly wage,wage,2007,nominal,215.8
ACTUAL,5 Labour market,Average monthly wage,wage,2008,nominal,274.4
ACTUAL,5 Labour market,Average monthly wage,wage,2009,nominal,298.0
ACTUAL,5 Labour market,Average monthly wage,wage,2010,nominal,331.5
ACTUAL,5 Labour market,Average monthly wage,wage,2011,nominal,364.2
ACTUAL,5 Labour market,Average monthly wage,wage,2012,nominal,398.4
ACTUAL,5 Labour market,Average monthly wage,wage,2013,nominal,425.1
ACTUAL,5 Labour market,Average monthly wage,wage,2014,nominal,444.5
ACTUAL,5 Labour market,Average monthly wage,wage,2015,nominal,466.9
ACTUAL,5 Labour market,Average monthly wage,wage,2016,nominal,499.8
ACTUAL,5 Labour market,Average monthly wage,wage,2017,nominal,528.5
ACTUAL,5 Labour market,Average monthly wage,wage,2018,nominal,544.6
ACTUAL,5 Labour market,Average monthly wage,wage,2019,nominal,635.1
ACTUAL,5 Labour market,Average monthly wage,wage,2020,nominal,707.7
ACTUAL,5 Labour market,Average monthly wage,wage,2021,nominal,732.1
ACTUAL,5 Labour market,Average monthly wage,wage,2022,nominal,840.0
ACTUAL,5 Labour market,Average monthly wage,wage,2023,nominal,933.9
ACTUAL,5 Labour market,Average monthly wage,wage,2024,nominal,1009.4
ACTUAL,5 Labour market,Average monthly wage,wage,2025,nominal,1102.9
ACTUAL,5 Labour market,Average monthly wage,wage,2006,nominal_growth_pct,20.55016181229774
ACTUAL,5 Labour market,Average monthly wage,wage,2007,nominal_growth_pct,44.83221476510069
ACTUAL,5 Labour market,Average monthly wage,wage,2008,nominal_growth_pct,27.15477293790545
ACTUAL,5 Labour market,Average monthly wage,wage,2009,nominal_growth_pct,8.600583090379011
ACTUAL,5 Labour market,Average monthly wage,wage,2010,nominal_growth_pct,11.241610738255027
ACTUAL,5 Labour market,Average monthly wage,wage,2011,nominal_growth_pct,9.864253393665145
ACTUAL,5 Labour market,Average monthly wage,wage,2012,nominal_growth_pct,9.390444810543652
ACTUAL,5 Labour market,Average monthly wage,wage,2013,nominal_growth_pct,6.701807228915668
ACTUAL,5 Labour market,Average monthly wage,wage,2014,nominal_growth_pct,4.56363208656787
ACTUAL,5 Labour market,Average monthly wage,wage,2015,nominal_growth_pct,5.039370078740157
ACTUAL,5 Labour market,Average monthly wage,wage,2016,nominal_growth_pct,7.0464767616192026
ACTUAL,5 Labour market,Average monthly wage,wage,2017,nominal_growth_pct,5.742296918767509
ACTUAL,5 Labour market,Average monthly wage,wage,2018,nominal_growth_pct,3.0463576158940464
ACTUAL,5 Labour market,Average monthly wage,wage,2019,nominal_growth_pct,16.617701065001846
ACTUAL,5 Labour market,Average monthly wage,wage,2020,nominal_growth_pct,11.431270666036841
ACTUAL,5 Labour market,Average monthly wage,wage,2021,nominal_growth_pct,3.447788610993352
ACTUAL,5 Labour market,Average monthly wage,wage,2022,nominal_growth_pct,14.738423712607563
ACTUAL,5 Labour market,Average monthly wage,wage,2023,nominal_growth_pct,11.178571428571416
ACTUAL,5 Labour market,Average monthly wage,wage,2024,nominal_growth_pct,8.084377342327876
ACTUAL,5 Labour market,Average monthly wage,wage,2025,nominal_growth_pct,9.262928472359832
ACTUAL,5 Labour market,Average monthly wage,wage,2005,real,241.86261891910877
ACTUAL,5 Labour market,Average monthly wage,wage,2006,real,261.7287059878336
ACTUAL,5 Labour market,Average monthly wage,wage,2007,real,316.94605481456364
ACTUAL,5 Labour market,Average monthly wage,wage,2008,real,349.2305340858818
ACTUAL,5 Labour market,Average monthly wage,wage,2009,real,376.62998644181977
ACTUAL,5 Labour market,Average monthly wage,wage,2010,real,388.29403469986266
ACTUAL,5 Labour market,Average monthly wage,wage,2011,real,403.97380889691595
ACTUAL,5 Labour market,Average monthly wage,wage,2012,real,443.2384618559999
ACTUAL,5 Labour market,Average monthly wage,wage,2013,real,456.9501924
ACTUAL,5 Labour market,Average monthly wage,wage,2014,real,478.2819999999999
ACTUAL,5 Labour market,Average monthly wage,wage,2015,real,466.9
ACTUAL,5 Labour market,Average monthly wage,wage,2016,real,431.9792566983578
ACTUAL,5 Labour market,Average monthly wage,wage,2017,real,423.3408602830977
ACTUAL,5 Labour market,Average monthly wage,wage,2018,real,429.7904796271165
ACTUAL,5 Labour market,Average monthly wage,wage,2019,real,489.4646257201058
ACTUAL,5 Labour market,Average monthly wage,wage,2020,real,531.5951772911063
ACTUAL,5 Labour market,Average monthly wage,wage,2021,real,491.00308506280277
ACTUAL,5 Labour market,Average monthly wage,wage,2022,real,492.4555945641029
ACTUAL,5 Labour market,Average monthly wage,wage,2023,real,536.2439715538171
ACTUAL,5 Labour market,Average monthly wage,wage,2024,real,552.5223619539684
ACTUAL,5 Labour market,Average monthly wage,wage,2025,real,573.8613242733436
ACTUAL,5 Labour market,Average monthly wage,wage,2006,real_growth_pct,8.213789777646085
ACTUAL,5 Labour market,Average monthly wage,wage,2007,real_growth_pct,21.097169536037352
ACTUAL,5 Labour market,Average monthly wage,wage,2008,real_growth_pct,10.186111731287184
ACTUAL,5 Labour market,Average monthly wage,wage,2009,real_growth_pct,7.8456634462552355
ACTUAL,5 Labour market,Average monthly wage,wage,2010,real_growth_pct,3.096951564647843
ACTUAL,5 Labour market,Average monthly wage,wage,2011,real_growth_pct,4.038118744001107
ACTUAL,5 Labour market,Average monthly wage,wage,2012,real_growth_pct,9.719603621407868
ACTUAL,5 Labour market,Average monthly wage,wage,2013,real_growth_pct,3.093533554507899
ACTUAL,5 Labour market,Average monthly wage,wage,2014,real_growth_pct,4.6683003869548045
ACTUAL,5 Labour market,Average monthly wage,wage,2015,real_growth_pct,-2.3797675848139743
ACTUAL,5 Labour market,Average monthly wage,wage,2016,real_growth_pct,-7.479276783388777
ACTUAL,5 Labour market,Average monthly wage,wage,2017,real_growth_pct,-1.9997248204193574
ACTUAL,5 Labour market,Average monthly wage,wage,2018,real_growth_pct,1.5235050402897077
ACTUAL,5 Labour market,Average monthly wage,wage,2019,real_growth_pct,13.884473696290867
ACTUAL,5 Labour market,Average monthly wage,wage,2020,real_growth_pct,8.607476282686942
ACTUAL,5 Labour market,Average monthly wage,wage,2021,real_growth_pct,-7.635903025898783
ACTUAL,5 Labour market,Average monthly wage,wage,2022,real_growth_pct,0.2958249236080457
ACTUAL,5 Labour market,Average monthly wage,wage,2023,real_growth_pct,8.891842731215904
ACTUAL,5 Labour market,Average monthly wage,wage,2024,real_growth_pct,3.0356314035536958
ACTUAL,5 Labour market,Average monthly wage,wage,2025,real_growth_pct,3.8620993083268162
ACTUAL,5 Labour market,Employment,emp,2005,deflator,1.0
ACTUAL,5 Labour market,Employment,emp,2006,deflator,1.0
ACTUAL,5 Labour market,Employment,emp,2007,deflator,1.0
ACTUAL,5 Labour market,Employment,emp,2008,deflator,1.0
ACTUAL,5 Labour market,Employment,emp,2009,deflator,1.0
ACTUAL,5 Labour market,Employment,emp,2010,deflator,1.0
ACTUAL,5 Labour market,Employment,emp,2011,deflator,1.0
ACTUAL,5 Labour market,Employment,emp,2012,deflator,1.0
ACTUAL,5 Labour market,Employment,emp,2013,deflator,1.0
ACTUAL,5 Labour market,Employment,emp,2014,deflator,1.0
ACTUAL,5 Labour market,Employment,emp,2015,deflator,1.0
ACTUAL,5 Labour market,Employment,emp,2016,deflator,1.0
ACTUAL,5 Labour market,Employment,emp,2017,deflator,1.0
ACTUAL,5 Labour market,Employment,emp,2018,deflator,1.0
ACTUAL,5 Labour market,Employment,emp,2019,deflator,1.0
ACTUAL,5 Labour market,Employment,emp,2020,deflator,1.0
ACTUAL,5 Labour market,Employment,emp,2021,deflator,1.0
ACTUAL,5 Labour market,Employment,emp,2022,deflator,1.0
ACTUAL,5 Labour market,Employment,emp,2023,deflator,1.0
ACTUAL,5 Labour market,Employment,emp,2024,deflator,1.0
ACTUAL,5 Labour market,Employment,emp,2025,deflator,1.0
ACTUAL,5 Labour market,Employment,emp,2006,deflator_growth_pct,0.0
ACTUAL,5 Labour market,Employment,emp,2007,deflator_growth_pct,0.0
ACTUAL,5 Labour market,Employment,emp,2008,deflator_growth_pct,0.0
ACTUAL,5 Labour market,Employment,emp,2009,deflator_growth_pct,0.0
ACTUAL,5 Labour market,Employment,emp,2010,deflator_growth_pct,0.0
ACTUAL,5 Labour market,Employment,emp,2011,deflator_growth_pct,0.0
ACTUAL,5 Labour market,Employment,emp,2012,deflator_growth_pct,0.0
ACTUAL,5 Labour market,Employment,emp,2013,deflator_growth_pct,0.0
ACTUAL,5 Labour market,Employment,emp,2014,deflator_growth_pct,0.0
ACTUAL,5 Labour market,Employment,emp,2015,deflator_growth_pct,0.0
ACTUAL,5 Labour market,Employment,emp,2016,deflator_growth_pct,0.0
ACTUAL,5 Labour market,Employment,emp,2017,deflator_growth_pct,0.0
ACTUAL,5 Labour market,Employment,emp,2018,deflator_growth_pct,0.0
ACTUAL,5 Labour market,Employment,emp,2019,deflator_growth_pct,0.0
ACTUAL,5 Labour market,Employment,emp,2020,deflator_growth_pct,0.0
ACTUAL,5 Labour market,Employment,emp,2021,deflator_growth_pct,0.0
ACTUAL,5 Labour market,Employment,emp,2022,deflator_growth_pct,0.0
ACTUAL,5 Labour market,Employment,emp,2023,deflator_growth_pct,0.0
ACTUAL,5 Labour market,Employment,emp,2024,deflator_growth_pct,0.0
ACTUAL,5 Labour market,Employment,emp,2025,deflator_growth_pct,0.0
ACTUAL,5 Labour market,Employment,emp,2005,nominal,4062.3
ACTUAL,5 Labour market,Employment,emp,2006,nominal,4110.8
ACTUAL,5 Labour market,Employment,emp,2007,nominal,4162.2
ACTUAL,5 Labour market,Employment,emp,2008,nominal,4215.5
ACTUAL,5 Labour market,Employment,emp,2009,nominal,4271.7
ACTUAL,5 Labour market,Employment,emp,2010,nominal,4329.1
ACTUAL,5 Labour market,Employment,emp,2011,nominal,4375.2
ACTUAL,5 Labour market,Employment,emp,2012,nominal,4445.3
ACTUAL,5 Labour market,Employment,emp,2013,nominal,4521.2
ACTUAL,5 Labour market,Employment,emp,2014,nominal,4602.9
ACTUAL,5 Labour market,Employment,emp,2015,nominal,4671.6
ACTUAL,5 Labour market,Employment,emp,2016,nominal,4759.9
ACTUAL,5 Labour market,Employment,emp,2017,nominal,4822.1
ACTUAL,5 Labour market,Employment,emp,2018,nominal,4879.3
ACTUAL,5 Labour market,Employment,emp,2019,nominal,4785.6
ACTUAL,5 Labour market,Employment,emp,2020,nominal,4721.2
ACTUAL,5 Labour market,Employment,emp,2021,nominal,4831.1
ACTUAL,5 Labour market,Employment,emp,2022,nominal,4901.1
ACTUAL,5 Labour market,Employment,emp,2023,nominal,4963.3
ACTUAL,5 Labour market,Employment,emp,2024,nominal,5029.8
ACTUAL,5 Labour market,Employment,emp,2025,nominal,5105.2
ACTUAL,5 Labour market,Employment,emp,2006,nominal_growth_pct,1.1939049307042815
ACTUAL,5 Labour market,Employment,emp,2007,nominal_growth_pct,1.2503648924783395
ACTUAL,5 Labour market,Employment,emp,2008,nominal_growth_pct,1.280572774013744
ACTUAL,5 Labour market,Employment,emp,2009,nominal_growth_pct,1.3331751868105757
ACTUAL,5 Labour market,Employment,emp,2010,nominal_growth_pct,1.3437273216752255
ACTUAL,5 Labour market,Employment,emp,2011,nominal_growth_pct,1.064886466009085
ACTUAL,5 Labour market,Employment,emp,2012,nominal_growth_pct,1.60221247028709
ACTUAL,5 Labour market,Employment,emp,2013,nominal_growth_pct,1.7074213213956302
ACTUAL,5 Labour market,Employment,emp,2014,nominal_growth_pct,1.8070423781296974
ACTUAL,5 Labour market,Employment,emp,2015,nominal_growth_pct,1.4925373134328623
ACTUAL,5 Labour market,Employment,emp,2016,nominal_growth_pct,1.8901447041698605
ACTUAL,5 Labour market,Employment,emp,2017,nominal_growth_pct,1.3067501418097205
ACTUAL,5 Labour market,Employment,emp,2018,nominal_growth_pct,1.1862051803156248
ACTUAL,5 Labour market,Employment,emp,2019,nominal_growth_pct,-1.92035742831963
ACTUAL,5 Labour market,Employment,emp,2020,nominal_growth_pct,-1.3457037780006842
ACTUAL,5 Labour market,Employment,emp,2021,nominal_growth_pct,2.3277980174531976
ACTUAL,5 Labour market,Employment,emp,2022,nominal_growth_pct,1.4489453747593695
ACTUAL,5 Labour market,Employment,emp,2023,nominal_growth_pct,1.269102854461246
ACTUAL,5 Labour market,Employment,emp,2024,nominal_growth_pct,1.3398343843813665
ACTUAL,5 Labour market,Employment,emp,2025,nominal_growth_pct,1.4990655692075139
ACTUAL,5 Labour market,Employment,emp,2005,real,4062.3
ACTUAL,5 Labour market,Employment,emp,2006,real,4110.8
ACTUAL,5 Labour market,Employment,emp,2007,real,4162.2
ACTUAL,5 Labour market,Employment,emp,2008,real,4215.5
ACTUAL,5 Labour market,Employment,emp,2009,real,4271.7
ACTUAL,5 Labour market,Employment,emp,2010,real,4329.1
ACTUAL,5 Labour market,Employment,emp,2011,real,4375.2
ACTUAL,5 Labour market,Employment,emp,2012,real,4445.3
ACTUAL,5 Labour market,Employment,emp,2013,real,4521.2
ACTUAL,5 Labour market,Employment,emp,2014,real,4602.9
ACTUAL,5 Labour market,Employment,emp,2015,real,4671.6
ACTUAL,5 Labour market,Employment,emp,2016,real,4759.9
ACTUAL,5 Labour market,Employment,emp,2017,real,4822.1
ACTUAL,5 Labour market,Employment,emp,2018,real,4879.3
ACTUAL,5 Labour market,Employment,emp,2019,real,4785.6
ACTUAL,5 Labour market,Employment,emp,2020,real,4721.2
ACTUAL,5 Labour market,Employment,emp,2021,real,4831.1
ACTUAL,5 Labour market,Employment,emp,2022,real,4901.1
ACTUAL,5 Labour market,Employment,emp,2023,real,4963.3
ACTUAL,5 Labour market,Employment,emp,2024,real,5029.8
ACTUAL,5 Labour market,Employment,emp,2025,real,5105.2
ACTUAL,5 Labour market,Employment,emp,2006,real_growth_pct,1.1939049307042815
ACTUAL,5 Labour market,Employment,emp,2007,real_growth_pct,1.2503648924783395
ACTUAL,5 Labour market,Employment,emp,2008,real_growth_pct,1.280572774013744
ACTUAL,5 Labour market,Employment,emp,2009,real_growth_pct,1.3331751868105757
ACTUAL,5 Labour market,Employment,emp,2010,real_growth_pct,1.3437273216752255
ACTUAL,5 Labour market,Employment,emp,2011,real_growth_pct,1.064886466009085
ACTUAL,5 Labour market,Employment,emp,2012,real_growth_pct,1.60221247028709
ACTUAL,5 Labour market,Employment,emp,2013,real_growth_pct,1.7074213213956302
ACTUAL,5 Labour market,Employment,emp,2014,real_growth_pct,1.8070423781296974
ACTUAL,5 Labour market,Employment,emp,2015,real_growth_pct,1.4925373134328623
ACTUAL,5 Labour market,Employment,emp,2016,real_growth_pct,1.8901447041698605
ACTUAL,5 Labour market,Employment,emp,2017,real_growth_pct,1.3067501418097205
ACTUAL,5 Labour market,Employment,emp,2018,real_growth_pct,1.1862051803156248
ACTUAL,5 Labour market,Employment,emp,2019,real_growth_pct,-1.92035742831963
ACTUAL,5 Labour market,Employment,emp,2020,real_growth_pct,-1.3457037780006842
ACTUAL,5 Labour market,Employment,emp,2021,real_growth_pct,2.3277980174531976
ACTUAL,5 Labour market,Employment,emp,2022,real_growth_pct,1.4489453747593695
ACTUAL,5 Labour market,Employment,emp,2023,real_growth_pct,1.269102854461246
ACTUAL,5 Labour market,Employment,emp,2024,real_growth_pct,1.3398343843813665
ACTUAL,5 Labour market,Employment,emp,2025,real_growth_pct,1.4990655692075139
ACTUAL,5 Labour market,Labour force,lf,2005,deflator,1.0
ACTUAL,5 Labour market,Labour force,lf,2006,deflator,1.0
ACTUAL,5 Labour market,Labour force,lf,2007,deflator,1.0
ACTUAL,5 Labour market,Labour force,lf,2008,deflator,1.0
ACTUAL,5 Labour market,Labour force,lf,2009,deflator,1.0
ACTUAL,5 Labour market,Labour force,lf,2010,deflator,1.0
ACTUAL,5 Labour market,Labour force,lf,2011,deflator,1.0
ACTUAL,5 Labour market,Labour force,lf,2012,deflator,1.0
ACTUAL,5 Labour market,Labour force,lf,2013,deflator,1.0
ACTUAL,5 Labour market,Labour force,lf,2014,deflator,1.0
ACTUAL,5 Labour market,Labour force,lf,2015,deflator,1.0
ACTUAL,5 Labour market,Labour force,lf,2016,deflator,1.0
ACTUAL,5 Labour market,Labour force,lf,2017,deflator,1.0
ACTUAL,5 Labour market,Labour force,lf,2018,deflator,1.0
ACTUAL,5 Labour market,Labour force,lf,2019,deflator,1.0
ACTUAL,5 Labour market,Labour force,lf,2020,deflator,1.0
ACTUAL,5 Labour market,Labour force,lf,2021,deflator,1.0
ACTUAL,5 Labour market,Labour force,lf,2022,deflator,1.0
ACTUAL,5 Labour market,Labour force,lf,2023,deflator,1.0
ACTUAL,5 Labour market,Labour force,lf,2024,deflator,1.0
ACTUAL,5 Labour market,Labour force,lf,2025,deflator,1.0
ACTUAL,5 Labour market,Labour force,lf,2006,deflator_growth_pct,0.0
ACTUAL,5 Labour market,Labour force,lf,2007,deflator_growth_pct,0.0
ACTUAL,5 Labour market,Labour force,lf,2008,deflator_growth_pct,0.0
ACTUAL,5 Labour market,Labour force,lf,2009,deflator_growth_pct,0.0
ACTUAL,5 Labour market,Labour force,lf,2010,deflator_growth_pct,0.0
ACTUAL,5 Labour market,Labour force,lf,2011,deflator_growth_pct,0.0
ACTUAL,5 Labour market,Labour force,lf,2012,deflator_growth_pct,0.0
ACTUAL,5 Labour market,Labour force,lf,2013,deflator_growth_pct,0.0
ACTUAL,5 Labour market,Labour force,lf,2014,deflator_growth_pct,0.0
ACTUAL,5 Labour market,Labour force,lf,2015,deflator_growth_pct,0.0
ACTUAL,5 Labour market,Labour force,lf,2016,deflator_growth_pct,0.0
ACTUAL,5 Labour market,Labour force,lf,2017,deflator_growth_pct,0.0
ACTUAL,5 Labour market,Labour force,lf,2018,deflator_growth_pct,0.0
ACTUAL,5 Labour market,Labour force,lf,2019,deflator_growth_pct,0.0
ACTUAL,5 Labour market,Labour force,lf,2020,deflator_growth_pct,0.0
ACTUAL,5 Labour market,Labour force,lf,2021,deflator_growth_pct,0.0
ACTUAL,5 Labour market,Labour force,lf,2022,deflator_growth_pct,0.0
ACTUAL,5 Labour market,Labour force,lf,2023,deflator_growth_pct,0.0
ACTUAL,5 Labour market,Labour force,lf,2024,deflator_growth_pct,0.0
ACTUAL,5 Labour market,Labour force,lf,2025,deflator_growth_pct,0.0
ACTUAL,5 Labour market,Labour force,lf,2005,nominal,4380.1
ACTUAL,5 Labour market,Labour force,lf,2006,nominal,4402.0
ACTUAL,5 Labour market,Labour force,lf,2007,nominal,4443.3
ACTUAL,5 Labour market,Labour force,lf,2008,nominal,4477.7
ACTUAL,5 Labour market,Labour force,lf,2009,nominal,4531.9
ACTUAL,5 Labour market,Labour force,lf,2010,nominal,4587.4
ACTUAL,5 Labour market,Labour force,lf,2011,nominal,4626.1
ACTUAL,5 Labour market,Labour force,lf,2012,nominal,4688.4
ACTUAL,5 Labour market,Labour force,lf,2013,nominal,4757.8
ACTUAL,5 Labour market,Labour force,lf,2014,nominal,4840.7
ACTUAL,5 Labour market,Labour force,lf,2015,nominal,4915.3
ACTUAL,5 Labour market,Labour force,lf,2016,nominal,5012.7
ACTUAL,5 Labour market,Labour force,lf,2017,nominal,5073.8
ACTUAL,5 Labour market,Labour force,lf,2018,nominal,5133.1
ACTUAL,5 Labour market,Labour force,lf,2019,nominal,5037.7
ACTUAL,5 Labour market,Labour force,lf,2020,nominal,5089.9
ACTUAL,5 Labour market,Labour force,lf,2021,nominal,5141.6
ACTUAL,5 Labour market,Labour force,lf,2022,nominal,5194.4
ACTUAL,5 Labour market,Labour force,lf,2023,nominal,5249.7
ACTUAL,5 Labour market,Labour force,lf,2024,nominal,5312.1
ACTUAL,5 Labour market,Labour force,lf,2025,nominal,5384.3
ACTUAL,5 Labour market,Labour force,lf,2006,nominal_growth_pct,0.4999885847355001
ACTUAL,5 Labour market,Labour force,lf,2007,nominal_growth_pct,0.9382099045888381
ACTUAL,5 Labour market,Labour force,lf,2008,nominal_growth_pct,0.7741993563342486
ACTUAL,5 Labour market,Labour force,lf,2009,nominal_growth_pct,1.210442861290395
ACTUAL,5 Labour market,Labour force,lf,2010,nominal_growth_pct,1.2246519120015842
ACTUAL,5 Labour market,Labour force,lf,2011,nominal_growth_pct,0.8436151196756558
ACTUAL,5 Labour market,Labour force,lf,2012,nominal_growth_pct,1.346706729210334
ACTUAL,5 Labour market,Labour force,lf,2013,nominal_growth_pct,1.4802491255012429
ACTUAL,5 Labour market,Labour force,lf,2014,nominal_growth_pct,1.7424019504812982
ACTUAL,5 Labour market,Labour force,lf,2015,nominal_growth_pct,1.5410994277687218
ACTUAL,5 Labour market,Labour force,lf,2016,nominal_growth_pct,1.9815677578174151
ACTUAL,5 Labour market,Labour force,lf,2017,nominal_growth_pct,1.218903983880959
ACTUAL,5 Labour market,Labour force,lf,2018,nominal_growth_pct,1.1687492609089967
ACTUAL,5 Labour market,Labour force,lf,2019,nominal_growth_pct,-1.8585260368977896
ACTUAL,5 Labour market,Labour force,lf,2020,nominal_growth_pct,1.0361871488973051
ACTUAL,5 Labour market,Labour force,lf,2021,nominal_growth_pct,1.0157370478791394
ACTUAL,5 Labour market,Labour force,lf,2022,nominal_growth_pct,1.0269176909911248
ACTUAL,5 Labour market,Labour force,lf,2023,nominal_growth_pct,1.064608039427073
ACTUAL,5 Labour market,Labour force,lf,2024,nominal_growth_pct,1.1886393508200532
ACTUAL,5 Labour market,Labour force,lf,2025,nominal_growth_pct,1.3591611603697151
ACTUAL,5 Labour market,Labour force,lf,2005,real,4380.1
ACTUAL,5 Labour market,Labour force,lf,2006,real,4402.0
ACTUAL,5 Labour market,Labour force,lf,2007,real,4443.3
ACTUAL,5 Labour market,Labour force,lf,2008,real,4477.7
ACTUAL,5 Labour market,Labour force,lf,2009,real,4531.9
ACTUAL,5 Labour market,Labour force,lf,2010,real,4587.4
ACTUAL,5 Labour market,Labour force,lf,2011,real,4626.1
ACTUAL,5 Labour market,Labour force,lf,2012,real,4688.4
ACTUAL,5 Labour market,Labour force,lf,2013,real,4757.8
ACTUAL,5 Labour market,Labour force,lf,2014,real,4840.7
ACTUAL,5 Labour market,Labour force,lf,2015,real,4915.3
ACTUAL,5 Labour market,Labour force,lf,2016,real,5012.7
ACTUAL,5 Labour market,Labour force,lf,2017,real,5073.8
ACTUAL,5 Labour market,Labour force,lf,2018,real,5133.1
ACTUAL,5 Labour market,Labour force,lf,2019,real,5037.7
ACTUAL,5 Labour market,Labour force,lf,2020,real,5089.9
ACTUAL,5 Labour market,Labour force,lf,2021,real,5141.6
ACTUAL,5 Labour market,Labour force,lf,2022,real,5194.4
ACTUAL,5 Labour market,Labour force,lf,2023,real,5249.7
ACTUAL,5 Labour market,Labour force,lf,2024,real,5312.1
ACTUAL,5 Labour market,Labour force,lf,2025,real,5384.3
ACTUAL,5 Labour market,Labour force,lf,2006,real_growth_pct,0.4999885847355001
ACTUAL,5 Labour market,Labour force,lf,2007,real_growth_pct,0.9382099045888381
ACTUAL,5 Labour market,Labour force,lf,2008,real_growth_pct,0.7741993563342486
ACTUAL,5 Labour market,Labour force,lf,2009,real_growth_pct,1.210442861290395
ACTUAL,5 Labour market,Labour force,lf,2010,real_growth_pct,1.2246519120015842
ACTUAL,5 Labour market,Labour force,lf,2011,real_growth_pct,0.8436151196756558
ACTUAL,5 Labour market,Labour force,lf,2012,real_growth_pct,1.346706729210334
ACTUAL,5 Labour market,Labour force,lf,2013,real_growth_pct,1.4802491255012429
ACTUAL,5 Labour market,Labour force,lf,2014,real_growth_pct,1.7424019504812982
ACTUAL,5 Labour market,Labour force,lf,2015,real_growth_pct,1.5410994277687218
ACTUAL,5 Labour market,Labour force,lf,2016,real_growth_pct,1.9815677578174151
ACTUAL,5 Labour market,Labour force,lf,2017,real_growth_pct,1.218903983880959
ACTUAL,5 Labour market,Labour force,lf,2018,real_growth_pct,1.1687492609089967
ACTUAL,5 Labour market,Labour force,lf,2019,real_growth_pct,-1.8585260368977896
ACTUAL,5 Labour market,Labour force,lf,2020,real_growth_pct,1.0361871488973051
ACTUAL,5 Labour market,Labour force,lf,2021,real_growth_pct,1.0157370478791394
ACTUAL,5 Labour market,Labour force,lf,2022,real_growth_pct,1.0269176909911248
ACTUAL,5 Labour market,Labour force,lf,2023,real_growth_pct,1.064608039427073
ACTUAL,5 Labour market,Labour force,lf,2024,real_growth_pct,1.1886393508200532
ACTUAL,5 Labour market,Labour force,lf,2025,real_growth_pct,1.3591611603697151
ACTUAL,5 Labour market,Total wage bill,wagebill,2005,deflator,0.5110339107067147
ACTUAL,5 Labour market,Total wage bill,wagebill,2006,deflator,0.5692917765272802
ACTUAL,5 Labour market,Total wage bill,wagebill,2007,deflator,0.6808729647266272
ACTUAL,5 Labour market,Total wage bill,wagebill,2008,deflator,0.785727401294528
ACTUAL,5 Labour market,Total wage bill,wagebill,2009,deflator,0.7912274931035896
ACTUAL,5 Labour market,Total wage bill,wagebill,2010,deflator,0.8537344650587733
ACTUAL,5 Labour market,Total wage bill,wagebill,2011,deflator,0.9015435951020645
ACTUAL,5 Labour market,Total wage bill,wagebill,2012,deflator,0.8988389643167584
ACTUAL,5 Labour market,Total wage bill,wagebill,2013,deflator,0.9302983280678448
ACTUAL,5 Labour market,Total wage bill,wagebill,2014,deflator,0.9293680297397771
ACTUAL,5 Labour market,Total wage bill,wagebill,2015,deflator,1.0
ACTUAL,5 Labour market,Total wage bill,wagebill,2016,deflator,1.157
ACTUAL,5 Labour market,Total wage bill,wagebill,2017,deflator,1.248403
ACTUAL,5 Labour market,Total wage bill,wagebill,2018,deflator,1.267129045
ACTUAL,5 Labour market,Total wage bill,wagebill,2019,deflator,1.29754014208
ACTUAL,5 Labour market,Total wage bill,wagebill,2020,deflator,1.3312761857740802
ACTUAL,5 Labour market,Total wage bill,wagebill,2021,deflator,1.4910293280669698
ACTUAL,5 Labour market,Total wage bill,wagebill,2022,deflator,1.705737551308613
ACTUAL,5 Labour market,Total wage bill,wagebill,2023,deflator,1.741558039886094
ACTUAL,5 Labour market,Total wage bill,wagebill,2024,deflator,1.826894383840513
ACTUAL,5 Labour market,Total wage bill,wagebill,2025,deflator,1.9218928918002198
ACTUAL,5 Labour market,Total wage bill,wagebill,2006,deflator_growth_pct,11.40000000000001
ACTUAL,5 Labour market,Total wage bill,wagebill,2007,deflator_growth_pct,19.599999999999994
ACTUAL,5 Labour market,Total wage bill,wagebill,2008,deflator_growth_pct,15.400000000000036
ACTUAL,5 Labour market,Total wage bill,wagebill,2009,deflator_growth_pct,0.6999999999999895
ACTUAL,5 Labour market,Total wage bill,wagebill,2010,deflator_growth_pct,7.899999999999996
ACTUAL,5 Labour market,Total wage bill,wagebill,2011,deflator_growth_pct,5.599999999999983
ACTUAL,5 Labour market,Total wage bill,wagebill,2012,deflator_growth_pct,-0.29999999999998916
ACTUAL,5 Labour market,Total wage bill,wagebill,2013,deflator_growth_pct,3.499999999999992
ACTUAL,5 Labour market,Total wage bill,wagebill,2014,deflator_growth_pct,-0.09999999999998899
ACTUAL,5 Labour market,Total wage bill,wagebill,2015,deflator_growth_pct,7.5999999999999845
ACTUAL,5 Labour market,Total wage bill,wagebill,2016,deflator_growth_pct,15.700000000000003
ACTUAL,5 Labour market,Total wage bill,wagebill,2017,deflator_growth_pct,7.899999999999996
ACTUAL,5 Labour market,Total wage bill,wagebill,2018,deflator_growth_pct,1.4999999999999902
ACTUAL,5 Labour market,Total wage bill,wagebill,2019,deflator_growth_pct,2.400000000000002
ACTUAL,5 Labour market,Total wage bill,wagebill,2020,deflator_growth_pct,2.6000000000000245
ACTUAL,5 Labour market,Total wage bill,wagebill,2021,deflator_growth_pct,11.99999999999999
ACTUAL,5 Labour market,Total wage bill,wagebill,2022,deflator_growth_pct,14.399999999999968
ACTUAL,5 Labour market,Total wage bill,wagebill,2023,deflator_growth_pct,2.0999999999999908
ACTUAL,5 Labour market,Total wage bill,wagebill,2024,deflator_growth_pct,4.9000000000000155
ACTUAL,5 Labour market,Total wage bill,wagebill,2025,deflator_growth_pct,5.200000000000005
ACTUAL,5 Labour market,Total wage bill,wagebill,2005,nominal,6025.20336
ACTUAL,5 Labour market,Total wage bill,wagebill,2006,nominal,7350.1104000000005
ACTUAL,5 Labour market,Total wage bill,wagebill,2007,nominal,10778.433120000002
ACTUAL,5 Labour market,Total wage bill,wagebill,2008,nominal,13880.798399999998
ACTUAL,5 Labour market,Total wage bill,wagebill,2009,nominal,15275.599199999999
ACTUAL,5 Labour market,Total wage bill,wagebill,2010,nominal,17221.1598
ACTUAL,5 Labour market,Total wage bill,wagebill,2011,nominal,19121.374079999998
ACTUAL,5 Labour market,Total wage bill,wagebill,2012,nominal,21252.09024
ACTUAL,5 Labour market,Total wage bill,wagebill,2013,nominal,23063.54544
ACTUAL,5 Labour market,Total wage bill,wagebill,2014,nominal,24551.868599999998
ACTUAL,5 Labour market,Total wage bill,wagebill,2015,nominal,26174.04048
ACTUAL,5 Labour market,Total wage bill,wagebill,2016,nominal,28547.976240000004
ACTUAL,5 Labour market,Total wage bill,wagebill,2017,nominal,30581.758200000004
ACTUAL,5 Labour market,Total wage bill,wagebill,2018,nominal,31887.201360000003
ACTUAL,5 Labour market,Total wage bill,wagebill,2019,nominal,36472.01472000001
ACTUAL,5 Labour market,Total wage bill,wagebill,2020,nominal,40094.318880000006
ACTUAL,5 Labour market,Total wage bill,wagebill,2021,nominal,42442.17972000001
ACTUAL,5 Labour market,Total wage bill,wagebill,2022,nominal,49403.08800000001
ACTUAL,5 Labour market,Total wage bill,wagebill,2023,nominal,55622.710439999995
ACTUAL,5 Labour market,Total wage bill,wagebill,2024,nominal,60924.96144
ACTUAL,5 Labour market,Total wage bill,wagebill,2025,nominal,67566.30096000001
ACTUAL,5 Labour market,Total wage bill,wagebill,2006,nominal_growth_pct,21.989416138146755
ACTUAL,5 Labour market,Total wage bill,wagebill,2007,nominal_growth_pct,46.64314593152235
ACTUAL,5 Labour market,Total wage bill,wagebill,2008,nominal_growth_pct,28.783082341007237
ACTUAL,5 Labour market,Total wage bill,wagebill,2009,nominal_growth_pct,10.048419116871553
ACTUAL,5 Labour market,Total wage bill,wagebill,2010,nominal_growth_pct,12.736394654816575
ACTUAL,5 Labour market,Total wage bill,wagebill,2011,nominal_growth_pct,11.03418295903622
ACTUAL,5 Labour market,Total wage bill,wagebill,2012,nominal_growth_pct,11.14311215860071
ACTUAL,5 Labour market,Total wage bill,wagebill,2013,nominal_growth_pct,8.523656635856636
ACTUAL,5 Labour market,Total wage bill,wagebill,2014,nominal_growth_pct,6.45314123048375
ACTUAL,5 Labour market,Total wage bill,wagebill,2015,nominal_growth_pct,6.607121870960175
ACTUAL,5 Labour market,Total wage bill,wagebill,2016,nominal_growth_pct,9.069810073129393
ACTUAL,5 Labour market,Total wage bill,wagebill,2017,nominal_growth_pct,7.124084533706343
ACTUAL,5 Labour market,Total wage bill,wagebill,2018,nominal_growth_pct,4.268698848060337
ACTUAL,5 Labour market,Total wage bill,wagebill,2019,nominal_growth_pct,14.378224379864491
ACTUAL,5 Labour market,Total wage bill,wagebill,2020,nominal_growth_pct,9.931735846809842
ACTUAL,5 Labour market,Total wage bill,wagebill,2021,nominal_growth_pct,5.855844183379233
ACTUAL,5 Labour market,Total wage bill,wagebill,2022,nominal_growth_pct,16.40092079606321
ACTUAL,5 Labour market,Total wage bill,wagebill,2023,nominal_growth_pct,12.589541852120622
ACTUAL,5 Labour market,Total wage bill,wagebill,2024,nominal_growth_pct,9.532528994104883
ACTUAL,5 Labour market,Total wage bill,wagebill,2025,nominal_growth_pct,10.900851412996815
ACTUAL,5 Labour market,Total wage bill,wagebill,2005,real,11790.222202021148
ACTUAL,5 Labour market,Total wage bill,wagebill,2006,real,12910.972374897437
ACTUAL,5 Labour market,Total wage bill,wagebill,2007,real,15830.314432190122
ACTUAL,5 Labour market,Total wage bill,wagebill,2008,real,17666.175797268414
ACTUAL,5 Labour market,Total wage bill,wagebill,2009,real,19306.203757002255
ACTUAL,5 Labour market,Total wage bill,wagebill,2010,real,20171.564467430107
ACTUAL,5 Labour market,Total wage bill,wagebill,2011,real,21209.59450422944
ACTUAL,5 Labour market,Total wage bill,wagebill,2012,real,23643.93521386172
ACTUAL,5 Labour market,Total wage bill,wagebill,2013,real,24791.55851854656
ACTUAL,5 Labour market,Total wage bill,wagebill,2014,real,26417.810613599995
ACTUAL,5 Labour market,Total wage bill,wagebill,2015,real,26174.04048
ACTUAL,5 Labour market,Total wage bill,wagebill,2016,real,24674.136767502165
ACTUAL,5 Labour market,Total wage bill,wagebill,2017,real,24496.703548453508
ACTUAL,5 Labour market,Total wage bill,wagebill,2018,real,25164.920246935075
ACTUAL,5 Labour market,Total wage bill,wagebill,2019,real,28108.582954153662
ACTUAL,5 Labour market,Total wage bill,wagebill,2020,real,30117.20581232126
ACTUAL,5 Labour market,Total wage bill,wagebill,2021,real,28465.02005096288
ACTUAL,5 Labour market,Total wage bill,wagebill,2022,real,28962.889374217502
ACTUAL,5 Labour market,Total wage bill,wagebill,2023,real,31938.47644815672
ACTUAL,5 Labour market,Total wage bill,wagebill,2024,real,33348.92371387284
ACTUAL,5 Labour market,Total wage bill,wagebill,2025,real,35156.12199216329
ACTUAL,5 Labour market,Total wage bill,wagebill,2006,real_growth_pct,9.505759549503345
ACTUAL,5 Labour market,Total wage bill,wagebill,2007,real_growth_pct,22.61132602970095
ACTUAL,5 Labour market,Total wage bill,wagebill,2008,real_growth_pct,11.59712507886239
ACTUAL,5 Labour market,Total wage bill,wagebill,2009,real_growth_pct,9.28343507137197
ACTUAL,5 Labour market,Total wage bill,wagebill,2010,real_growth_pct,4.482293470636312
ACTUAL,5 Labour market,Total wage bill,wagebill,2011,real_growth_pct,5.146006589996444
ACTUAL,5 Labour market,Total wage bill,wagebill,2012,real_growth_pct,11.477544792979643
ACTUAL,5 Labour market,Total wage bill,wagebill,2013,real_growth_pct,4.853774527397725
ACTUAL,5 Labour market,Total wage bill,wagebill,2014,real_growth_pct,6.559700931415158
ACTUAL,5 Labour market,Total wage bill,wagebill,2015,real_growth_pct,-0.9227491905574592
ACTUAL,5 Labour market,Total wage bill,wagebill,2016,real_growth_pct,-5.7305012332503065
ACTUAL,5 Labour market,Total wage bill,wagebill,2017,real_growth_pct,-0.7191060855362919
ACTUAL,5 Labour market,Total wage bill,wagebill,2018,real_growth_pct,2.7277821163156135
ACTUAL,5 Labour market,Total wage bill,wagebill,2019,real_growth_pct,11.697484745961418
ACTUAL,5 Labour market,Total wage bill,wagebill,2020,real_growth_pct,7.145941371159648
ACTUAL,5 Labour market,Total wage bill,wagebill,2021,real_growth_pct,-5.485853407697105
ACTUAL,5 Labour market,Total wage bill,wagebill,2022,real_growth_pct,1.749056639915425
ACTUAL,5 Labour market,Total wage bill,wagebill,2023,real_growth_pct,10.273792215593168
ACTUAL,5 Labour market,Total wage bill,wagebill,2024,real_growth_pct,4.416138221262966
ACTUAL,5 Labour market,Total wage bill,wagebill,2025,real_growth_pct,5.419060278514087
ACTUAL,5 Labour market,Unemployment rate,unemp,2010,nominal,5.6
ACTUAL,5 Labour market,Unemployment rate,unemp,2011,nominal,5.4
ACTUAL,5 Labour market,Unemployment rate,unemp,2012,nominal,5.2
ACTUAL,5 Labour market,Unemployment rate,unemp,2013,nominal,5.0
ACTUAL,5 Labour market,Unemployment rate,unemp,2014,nominal,4.9
ACTUAL,5 Labour market,Unemployment rate,unemp,2015,nominal,5.0
ACTUAL,5 Labour market,Unemployment rate,unemp,2016,nominal,5.0
ACTUAL,5 Labour market,Unemployment rate,unemp,2017,nominal,5.0
ACTUAL,5 Labour market,Unemployment rate,unemp,2018,nominal,4.9
ACTUAL,5 Labour market,Unemployment rate,unemp,2019,nominal,5.0
ACTUAL,5 Labour market,Unemployment rate,unemp,2020,nominal,7.2
ACTUAL,5 Labour market,Unemployment rate,unemp,2021,nominal,6.0
ACTUAL,5 Labour market,Unemployment rate,unemp,2022,nominal,5.6
ACTUAL,5 Labour market,Unemployment rate,unemp,2023,nominal,5.5
ACTUAL,5 Labour market,Unemployment rate,unemp,2024,nominal,5.3
ACTUAL,5 Labour market,Unemployment rate,unemp,2025,nominal,5.2
ACTUAL,5 Labour market,Unemployment rate,unemp,2011,nominal_growth_pct,-3.5714285714285587
ACTUAL,5 Labour market,Unemployment rate,unemp,2012,nominal_growth_pct,-3.703703703703709
ACTUAL,5 Labour market,Unemployment rate,unemp,2013,nominal_growth_pct,-3.8461538461538547
ACTUAL,5 Labour market,Unemployment rate,unemp,2014,nominal_growth_pct,-1.9999999999999907
ACTUAL,5 Labour market,Unemployment rate,unemp,2015,nominal_growth_pct,2.0408163265306145
ACTUAL,5 Labour market,Unemployment rate,unemp,2016,nominal_growth_pct,0.0
ACTUAL,5 Labour market,Unemployment rate,unemp,2017,nominal_growth_pct,0.0
ACTUAL,5 Labour market,Unemployment rate,unemp,2018,nominal_growth_pct,-1.9999999999999907
ACTUAL,5 Labour market,Unemployment rate,unemp,2019,nominal_growth_pct,2.0408163265306145
ACTUAL,5 Labour market,Unemployment rate,unemp,2020,nominal_growth_pct,43.99999999999999
ACTUAL,5 Labour market,Unemployment rate,unemp,2021,nominal_growth_pct,-16.666666666666675
ACTUAL,5 Labour market,Unemployment rate,unemp,2022,nominal_growth_pct,-6.666666666666677
ACTUAL,5 Labour market,Unemployment rate,unemp,2023,nominal_growth_pct,-1.7857142857142794
ACTUAL,5 Labour market,Unemployment rate,unemp,2024,nominal_growth_pct,-3.6363636363636376
ACTUAL,5 Labour market,Unemployment rate,unemp,2025,nominal_growth_pct,-1.8867924528301772
ACTUAL,5 Labour market,Unemployment rate,unemp,2010,real,5.6
ACTUAL,5 Labour market,Unemployment rate,unemp,2011,real,5.4
ACTUAL,5 Labour market,Unemployment rate,unemp,2012,real,5.2
ACTUAL,5 Labour market,Unemployment rate,unemp,2013,real,5.0
ACTUAL,5 Labour market,Unemployment rate,unemp,2014,real,4.9
ACTUAL,5 Labour market,Unemployment rate,unemp,2015,real,5.0
ACTUAL,5 Labour market,Unemployment rate,unemp,2016,real,5.0
ACTUAL,5 Labour market,Unemployment rate,unemp,2017,real,5.0
ACTUAL,5 Labour market,Unemployment rate,unemp,2018,real,4.9
ACTUAL,5 Labour market,Unemployment rate,unemp,2019,real,5.0
ACTUAL,5 Labour market,Unemployment rate,unemp,2020,real,7.2
ACTUAL,5 Labour market,Unemployment rate,unemp,2021,real,6.0
ACTUAL,5 Labour market,Unemployment rate,unemp,2022,real,5.6
ACTUAL,5 Labour market,Unemployment rate,unemp,2023,real,5.5
ACTUAL,5 Labour market,Unemployment rate,unemp,2024,real,5.3
ACTUAL,5 Labour market,Unemployment rate,unemp,2025,real,5.2
ACTUAL,5 Labour market,Unemployment rate,unemp,2011,real_growth_pct,-3.5714285714285587
ACTUAL,5 Labour market,Unemployment rate,unemp,2012,real_growth_pct,-3.703703703703709
ACTUAL,5 Labour market,Unemployment rate,unemp,2013,real_growth_pct,-3.8461538461538547
ACTUAL,5 Labour market,Unemployment rate,unemp,2014,real_growth_pct,-1.9999999999999907
ACTUAL,5 Labour market,Unemployment rate,unemp,2015,real_growth_pct,2.0408163265306145
ACTUAL,5 Labour market,Unemployment rate,unemp,2016,real_growth_pct,0.0
ACTUAL,5 Labour market,Unemployment rate,unemp,2017,real_growth_pct,0.0
ACTUAL,5 Labour market,Unemployment rate,unemp,2018,real_growth_pct,-1.9999999999999907
ACTUAL,5 Labour market,Unemployment rate,unemp,2019,real_growth_pct,2.0408163265306145
ACTUAL,5 Labour market,Unemployment rate,unemp,2020,real_growth_pct,43.99999999999999
ACTUAL,5 Labour market,Unemployment rate,unemp,2021,real_growth_pct,-16.666666666666675
ACTUAL,5 Labour market,Unemployment rate,unemp,2022,real_growth_pct,-6.666666666666677
ACTUAL,5 Labour market,Unemployment rate,unemp,2023,real_growth_pct,-1.7857142857142794
ACTUAL,5 Labour market,Unemployment rate,unemp,2024,real_growth_pct,-3.6363636363636376
ACTUAL,5 Labour market,Unemployment rate,unemp,2025,real_growth_pct,-1.8867924528301772
ACTUAL,6 Credit and deposits,Average lending rate,lendrate,2005,nominal,17.028333333333332
ACTUAL,6 Credit and deposits,Average lending rate,lendrate,2006,nominal,17.863333333333333
ACTUAL,6 Credit and deposits,Average lending rate,lendrate,2007,nominal,19.13083333333333
ACTUAL,6 Credit and deposits,Average lending rate,lendrate,2008,nominal,19.7625
ACTUAL,6 Credit and deposits,Average lending rate,lendrate,2009,nominal,20.029166666666665
ACTUAL,6 Credit and deposits,Average lending rate,lendrate,2010,nominal,20.7
ACTUAL,6 Credit and deposits,Average lending rate,lendrate,2011,nominal,18.988333333333333
ACTUAL,6 Credit and deposits,Average lending rate,lendrate,2012,nominal,18.345833333333335
ACTUAL,6 Credit and deposits,Average lending rate,lendrate,2013,nominal,18.21
ACTUAL,6 Credit and deposits,Average lending rate,lendrate,2014,nominal,17.8575
ACTUAL,6 Credit and deposits,Average lending rate,lendrate,2015,nominal,17.534166666666664
ACTUAL,6 Credit and deposits,Average lending rate,lendrate,2016,nominal,16.375226715924516
ACTUAL,6 Credit and deposits,Average lending rate,lendrate,2017,nominal,16.5425
ACTUAL,6 Credit and deposits,Average lending rate,lendrate,2018,nominal,17.448333333333334
ACTUAL,6 Credit and deposits,Average lending rate,lendrate,2019,nominal,17.28083333333333
ACTUAL,6 Credit and deposits,Average lending rate,lendrate,2020,nominal,17.1783333333333
ACTUAL,6 Credit and deposits,Average lending rate,lendrate,2021,nominal,16.4259638117336
ACTUAL,6 Credit and deposits,Average lending rate,lendrate,2022,nominal,14.5897924973182
ACTUAL,6 Credit and deposits,Average lending rate,lendrate,2023,nominal,13.9648868370787
ACTUAL,6 Credit and deposits,Average lending rate,lendrate,2024,nominal,14.671058995974501
ACTUAL,6 Credit and deposits,Average lending rate,lendrate,2025,nominal,15.3356973696651
ACTUAL,6 Credit and deposits,Average lending rate,lendrate,2006,nominal_growth_pct,4.903592052461581
ACTUAL,6 Credit and deposits,Average lending rate,lendrate,2007,nominal_growth_pct,7.095540212726248
ACTUAL,6 Credit and deposits,Average lending rate,lendrate,2008,nominal_growth_pct,3.3018251513699637
ACTUAL,6 Credit and deposits,Average lending rate,lendrate,2009,nominal_growth_pct,1.3493569470798938
ACTUAL,6 Credit and deposits,Average lending rate,lendrate,2010,nominal_growth_pct,3.349282296650724
ACTUAL,6 Credit and deposits,Average lending rate,lendrate,2011,nominal_growth_pct,-8.268921095008054
ACTUAL,6 Credit and deposits,Average lending rate,lendrate,2012,nominal_growth_pct,-3.3836566312647975
ACTUAL,6 Credit and deposits,Average lending rate,lendrate,2013,nominal_growth_pct,-0.7404042698160418
ACTUAL,6 Credit and deposits,Average lending rate,lendrate,2014,nominal_growth_pct,-1.9357495881383802
ACTUAL,6 Credit and deposits,Average lending rate,lendrate,2015,nominal_growth_pct,-1.8106304540576046
ACTUAL,6 Credit and deposits,Average lending rate,lendrate,2016,nominal_growth_pct,-6.609609528494742
ACTUAL,6 Credit and deposits,Average lending rate,lendrate,2017,nominal_growth_pct,1.0215020956797938
ACTUAL,6 Credit and deposits,Average lending rate,lendrate,2018,nominal_growth_pct,5.475794670293688
ACTUAL,6 Credit and deposits,Average lending rate,lendrate,2019,nominal_growth_pct,-0.9599770751743453
ACTUAL,6 Credit and deposits,Average lending rate,lendrate,2020,nominal_growth_pct,-0.5931426918070914
ACTUAL,6 Credit and deposits,Average lending rate,lendrate,2021,nominal_growth_pct,-4.379758542348123
ACTUAL,6 Credit and deposits,Average lending rate,lendrate,2022,nominal_growth_pct,-11.178469254289736
ACTUAL,6 Credit and deposits,Average lending rate,lendrate,2023,nominal_growth_pct,-4.283170307969542
ACTUAL,6 Credit and deposits,Average lending rate,lendrate,2024,nominal_growth_pct,5.056769647576509
ACTUAL,6 Credit and deposits,Average lending rate,lendrate,2025,nominal_growth_pct,4.530268563932327
ACTUAL,6 Credit and deposits,Average lending rate,lendrate,2005,real,17.028333333333332
ACTUAL,6 Credit and deposits,Average lending rate,lendrate,2006,real,17.863333333333333
ACTUAL,6 Credit and deposits,Average lending rate,lendrate,2007,real,19.13083333333333
ACTUAL,6 Credit and deposits,Average lending rate,lendrate,2008,real,19.7625
ACTUAL,6 Credit and deposits,Average lending rate,lendrate,2009,real,20.029166666666665
ACTUAL,6 Credit and deposits,Average lending rate,lendrate,2010,real,20.7
ACTUAL,6 Credit and deposits,Average lending rate,lendrate,2011,real,18.988333333333333
ACTUAL,6 Credit and deposits,Average lending rate,lendrate,2012,real,18.345833333333335
ACTUAL,6 Credit and deposits,Average lending rate,lendrate,2013,real,18.21
ACTUAL,6 Credit and deposits,Average lending rate,lendrate,2014,real,17.8575
ACTUAL,6 Credit and deposits,Average lending rate,lendrate,2015,real,17.534166666666664
ACTUAL,6 Credit and deposits,Average lending rate,lendrate,2016,real,16.375226715924516
ACTUAL,6 Credit and deposits,Average lending rate,lendrate,2017,real,16.5425
ACTUAL,6 Credit and deposits,Average lending rate,lendrate,2018,real,17.448333333333334
ACTUAL,6 Credit and deposits,Average lending rate,lendrate,2019,real,17.28083333333333
ACTUAL,6 Credit and deposits,Average lending rate,lendrate,2020,real,17.1783333333333
ACTUAL,6 Credit and deposits,Average lending rate,lendrate,2021,real,16.4259638117336
ACTUAL,6 Credit and deposits,Average lending rate,lendrate,2022,real,14.5897924973182
ACTUAL,6 Credit and deposits,Average lending rate,lendrate,2023,real,13.9648868370787
ACTUAL,6 Credit and deposits,Average lending rate,lendrate,2024,real,14.671058995974501
ACTUAL,6 Credit and deposits,Average lending rate,lendrate,2025,real,15.3356973696651
ACTUAL,6 Credit and deposits,Average lending rate,lendrate,2006,real_growth_pct,4.903592052461581
ACTUAL,6 Credit and deposits,Average lending rate,lendrate,2007,real_growth_pct,7.095540212726248
ACTUAL,6 Credit and deposits,Average lending rate,lendrate,2008,real_growth_pct,3.3018251513699637
ACTUAL,6 Credit and deposits,Average lending rate,lendrate,2009,real_growth_pct,1.3493569470798938
ACTUAL,6 Credit and deposits,Average lending rate,lendrate,2010,real_growth_pct,3.349282296650724
ACTUAL,6 Credit and deposits,Average lending rate,lendrate,2011,real_growth_pct,-8.268921095008054
ACTUAL,6 Credit and deposits,Average lending rate,lendrate,2012,real_growth_pct,-3.3836566312647975
ACTUAL,6 Credit and deposits,Average lending rate,lendrate,2013,real_growth_pct,-0.7404042698160418
ACTUAL,6 Credit and deposits,Average lending rate,lendrate,2014,real_growth_pct,-1.9357495881383802
ACTUAL,6 Credit and deposits,Average lending rate,lendrate,2015,real_growth_pct,-1.8106304540576046
ACTUAL,6 Credit and deposits,Average lending rate,lendrate,2016,real_growth_pct,-6.609609528494742
ACTUAL,6 Credit and deposits,Average lending rate,lendrate,2017,real_growth_pct,1.0215020956797938
ACTUAL,6 Credit and deposits,Average lending rate,lendrate,2018,real_growth_pct,5.475794670293688
ACTUAL,6 Credit and deposits,Average lending rate,lendrate,2019,real_growth_pct,-0.9599770751743453
ACTUAL,6 Credit and deposits,Average lending rate,lendrate,2020,real_growth_pct,-0.5931426918070914
ACTUAL,6 Credit and deposits,Average lending rate,lendrate,2021,real_growth_pct,-4.379758542348123
ACTUAL,6 Credit and deposits,Average lending rate,lendrate,2022,real_growth_pct,-11.178469254289736
ACTUAL,6 Credit and deposits,Average lending rate,lendrate,2023,real_growth_pct,-4.283170307969542
ACTUAL,6 Credit and deposits,Average lending rate,lendrate,2024,real_growth_pct,5.056769647576509
ACTUAL,6 Credit and deposits,Average lending rate,lendrate,2025,real_growth_pct,4.530268563932327
ACTUAL,6 Credit and deposits,Credit to the economy,cred_tot,2005,deflator,0.5537940267285424
ACTUAL,6 Credit and deposits,Credit to the economy,cred_tot,2006,deflator,0.6163795032945815
ACTUAL,6 Credit and deposits,Credit to the economy,cred_tot,2007,deflator,0.7459999745307733
ACTUAL,6 Credit and deposits,Credit to the economy,cred_tot,2008,deflator,0.9528669011075158
ACTUAL,6 Credit and deposits,Credit to the economy,cred_tot,2009,deflator,0.7732738139968387
ACTUAL,6 Credit and deposits,Credit to the economy,cred_tot,2010,deflator,0.8784293468473641
ACTUAL,6 Credit and deposits,Credit to the economy,cred_tot,2011,deflator,1.0762899467776876
ACTUAL,6 Credit and deposits,Credit to the economy,cred_tot,2012,deflator,1.106942040280559
ACTUAL,6 Credit and deposits,Credit to the economy,cred_tot,2013,deflator,1.1119716450165502
ACTUAL,6 Credit and deposits,Credit to the economy,cred_tot,2014,deflator,1.0971543784479587
ACTUAL,6 Credit and deposits,Credit to the economy,cred_tot,2015,deflator,1.0
ACTUAL,6 Credit and deposits,Credit to the economy,cred_tot,2016,deflator,1.1467140039268062
ACTUAL,6 Credit and deposits,Credit to the economy,cred_tot,2017,deflator,1.3321651822461886
ACTUAL,6 Credit and deposits,Credit to the economy,cred_tot,2018,deflator,1.4944878705664213
ACTUAL,6 Credit and deposits,Credit to the economy,cred_tot,2019,deflator,1.490881553840909
ACTUAL,6 Credit and deposits,Credit to the economy,cred_tot,2020,deflator,1.3791753175832717
ACTUAL,6 Credit and deposits,Credit to the economy,cred_tot,2021,deflator,1.6771842937983827
ACTUAL,6 Credit and deposits,Credit to the economy,cred_tot,2022,deflator,2.30260578545834
ACTUAL,6 Credit and deposits,Credit to the economy,cred_tot,2023,deflator,2.0870053511566455
ACTUAL,6 Credit and deposits,Credit to the economy,cred_tot,2024,deflator,2.0581224387668198
ACTUAL,6 Credit and deposits,Credit to the economy,cred_tot,2025,deflator,2.0709313869779225
ACTUAL,6 Credit and deposits,Credit to the economy,cred_tot,2006,deflator_growth_pct,11.301219143831087
ACTUAL,6 Credit and deposits,Credit to the economy,cred_tot,2007,deflator_growth_pct,21.02932861059841
ACTUAL,6 Credit and deposits,Credit to the economy,cred_tot,2008,deflator_growth_pct,27.730151962385776
ACTUAL,6 Credit and deposits,Credit to the economy,cred_tot,2009,deflator_growth_pct,-18.84765720185435
ACTUAL,6 Credit and deposits,Credit to the economy,cred_tot,2010,deflator_growth_pct,13.5987448361927
ACTUAL,6 Credit and deposits,Credit to the economy,cred_tot,2011,deflator_growth_pct,22.52436130924298
ACTUAL,6 Credit and deposits,Credit to the economy,cred_tot,2012,deflator_growth_pct,2.8479401479722943
ACTUAL,6 Credit and deposits,Credit to the economy,cred_tot,2013,deflator_growth_pct,0.45436929423301464
ACTUAL,6 Credit and deposits,Credit to the economy,cred_tot,2014,deflator_growth_pct,-1.3325219788649312
ACTUAL,6 Credit and deposits,Credit to the economy,cred_tot,2015,deflator_growth_pct,-8.8551237962878
ACTUAL,6 Credit and deposits,Credit to the economy,cred_tot,2016,deflator_growth_pct,14.671400392680622
ACTUAL,6 Credit and deposits,Credit to the economy,cred_tot,2017,deflator_growth_pct,16.172400239669482
ACTUAL,6 Credit and deposits,Credit to the economy,cred_tot,2018,deflator_growth_pct,12.184876956965462
ACTUAL,6 Credit and deposits,Credit to the economy,cred_tot,2019,deflator_growth_pct,-0.24130786181258967
ACTUAL,6 Credit and deposits,Credit to the economy,cred_tot,2020,deflator_growth_pct,-7.492629845063958
ACTUAL,6 Credit and deposits,Credit to the economy,cred_tot,2021,deflator_growth_pct,21.60776606249828
ACTUAL,6 Credit and deposits,Credit to the economy,cred_tot,2022,deflator_growth_pct,37.28996831013374
ACTUAL,6 Credit and deposits,Credit to the economy,cred_tot,2023,deflator_growth_pct,-9.363323746655949
ACTUAL,6 Credit and deposits,Credit to the economy,cred_tot,2024,deflator_growth_pct,-1.383940504695802
ACTUAL,6 Credit and deposits,Credit to the economy,cred_tot,2025,deflator_growth_pct,0.6223608454887453
ACTUAL,6 Credit and deposits,Credit to the economy,cred_tot,2006,nominal,2362.693
ACTUAL,6 Credit and deposits,Credit to the economy,cred_tot,2007,nominal,4681.77336147
ACTUAL,6 Credit and deposits,Credit to the economy,cred_tot,2008,nominal,7191.25078896
ACTUAL,6 Credit and deposits,Credit to the economy,cred_tot,2009,nominal,8407.46002962
ACTUAL,6 Credit and deposits,Credit to the economy,cred_tot,2010,nominal,9163.359779240001
ACTUAL,6 Credit and deposits,Credit to the economy,cred_tot,2011,nominal,9850.300370740002
ACTUAL,6 Credit and deposits,Credit to the economy,cred_tot,2012,nominal,12243.721763699998
ACTUAL,6 Credit and deposits,Credit to the economy,cred_tot,2013,nominal,15422.93771756
ACTUAL,6 Credit and deposits,Credit to the economy,cred_tot,2014,nominal,18542.609915009998
ACTUAL,6 Credit and deposits,Credit to the economy,cred_tot,2015,nominal,21730.445
ACTUAL,6 Credit and deposits,Credit to the economy,cred_tot,2016,nominal,16444.56172733
ACTUAL,6 Credit and deposits,Credit to the economy,cred_tot,2017,nominal,11757.786958620001
ACTUAL,6 Credit and deposits,Credit to the economy,cred_tot,2018,nominal,13020.303367349998
ACTUAL,6 Credit and deposits,Credit to the economy,cred_tot,2019,nominal,15298.18350595
ACTUAL,6 Credit and deposits,Credit to the economy,cred_tot,2020,nominal,14530.423128149998
ACTUAL,6 Credit and deposits,Credit to the economy,cred_tot,2021,nominal,17119.81626653
ACTUAL,6 Credit and deposits,Credit to the economy,cred_tot,2022,nominal,20183.981847879997
ACTUAL,6 Credit and deposits,Credit to the economy,cred_tot,2023,nominal,23979.12436081
ACTUAL,6 Credit and deposits,Credit to the economy,cred_tot,2024,nominal,29288.22732768
ACTUAL,6 Credit and deposits,Credit to the economy,cred_tot,2025,nominal,31946.74079942
ACTUAL,6 Credit and deposits,Credit to the economy,cred_tot,2007,nominal_growth_pct,98.15411318652063
ACTUAL,6 Credit and deposits,Credit to the economy,cred_tot,2008,nominal_growth_pct,53.601001879810454
ACTUAL,6 Credit and deposits,Credit to the economy,cred_tot,2009,nominal_growth_pct,16.912346354644225
ACTUAL,6 Credit and deposits,Credit to the economy,cred_tot,2010,nominal_growth_pct,8.990821805359994
ACTUAL,6 Credit and deposits,Credit to the economy,cred_tot,2011,nominal_growth_pct,7.496601771069766
ACTUAL,6 Credit and deposits,Credit to the economy,cred_tot,2012,nominal_growth_pct,24.297953391041528
ACTUAL,6 Credit and deposits,Credit to the economy,cred_tot,2013,nominal_growth_pct,25.966091154453498
ACTUAL,6 Credit and deposits,Credit to the economy,cred_tot,2014,nominal_growth_pct,20.227483599950304
ACTUAL,6 Credit and deposits,Credit to the economy,cred_tot,2015,nominal_growth_pct,17.19194385041498
ACTUAL,6 Credit and deposits,Credit to the economy,cred_tot,2016,nominal_growth_pct,-24.324781534248373
ACTUAL,6 Credit and deposits,Credit to the economy,cred_tot,2017,nominal_growth_pct,-28.5004541101319
ACTUAL,6 Credit and deposits,Credit to the economy,cred_tot,2018,nominal_growth_pct,10.737704409624516
ACTUAL,6 Credit and deposits,Credit to the economy,cred_tot,2019,nominal_growth_pct,17.494831528365662
ACTUAL,6 Credit and deposits,Credit to the economy,cred_tot,2020,nominal_growth_pct,-5.018637523215707
ACTUAL,6 Credit and deposits,Credit to the economy,cred_tot,2021,nominal_growth_pct,17.820493701683972
ACTUAL,6 Credit and deposits,Credit to the economy,cred_tot,2022,nominal_growth_pct,17.898355529320575
ACTUAL,6 Credit and deposits,Credit to the economy,cred_tot,2023,nominal_growth_pct,18.80274438182088
ACTUAL,6 Credit and deposits,Credit to the economy,cred_tot,2024,nominal_growth_pct,22.1405205919315
ACTUAL,6 Credit and deposits,Credit to the economy,cred_tot,2025,nominal_growth_pct,9.077071964773587
ACTUAL,6 Credit and deposits,Credit to the economy,cred_tot,2006,real,3833.17905181999
ACTUAL,6 Credit and deposits,Credit to the economy,cred_tot,2007,real,6275.835819451321
ACTUAL,6 Credit and deposits,Credit to the economy,cred_tot,2008,real,7546.962519740816
ACTUAL,6 Credit and deposits,Credit to the economy,cred_tot,2009,real,10872.552357830615
ACTUAL,6 Credit and deposits,Credit to the economy,cred_tot,2010,real,10431.527375681162
ACTUAL,6 Credit and deposits,Credit to the economy,cred_tot,2011,real,9152.08805975647
ACTUAL,6 Credit and deposits,Credit to the economy,cred_tot,2012,real,11060.851714148264
ACTUAL,6 Credit and deposits,Credit to the economy,cred_tot,2013,real,13869.901976979323
ACTUAL,6 Credit and deposits,Credit to the economy,cred_tot,2014,real,16900.638851973126
ACTUAL,6 Credit and deposits,Credit to the economy,cred_tot,2015,real,21730.445
ACTUAL,6 Credit and deposits,Credit to the economy,cred_tot,2016,real,14340.595537350431
ACTUAL,6 Credit and deposits,Credit to the economy,cred_tot,2017,real,8826.072858919024
ACTUAL,6 Credit and deposits,Credit to the economy,cred_tot,2018,real,8712.21749187915
ACTUAL,6 Credit and deposits,Credit to the economy,cred_tot,2019,real,10261.166265380234
ACTUAL,6 Credit and deposits,Credit to the economy,cred_tot,2020,real,10535.588146698892
ACTUAL,6 Credit and deposits,Credit to the economy,cred_tot,2021,real,10207.474712130832
ACTUAL,6 Credit and deposits,Credit to the economy,cred_tot,2022,real,8765.713165209616
ACTUAL,6 Credit and deposits,Credit to the economy,cred_tot,2023,real,11489.728259451016
ACTUAL,6 Credit and deposits,Credit to the economy,cred_tot,2024,real,14230.556343979633
ACTUAL,6 Credit and deposits,Credit to the economy,cred_tot,2025,real,15426.267137724624
ACTUAL,6 Credit and deposits,Credit to the economy,cred_tot,2007,real_growth_pct,63.72404561878109
ACTUAL,6 Credit and deposits,Credit to the economy,cred_tot,2008,real_growth_pct,20.254301368907157
ACTUAL,6 Credit and deposits,Credit to the economy,cred_tot,2009,real_growth_pct,44.06527565747085
ACTUAL,6 Credit and deposits,Credit to the economy,cred_tot,2010,real_growth_pct,-4.056315091753204
ACTUAL,6 Credit and deposits,Credit to the economy,cred_tot,2011,real_growth_pct,-12.265119668931955
ACTUAL,6 Credit and deposits,Credit to the economy,cred_tot,2012,real_growth_pct,20.856045548610957
ACTUAL,6 Credit and deposits,Credit to the economy,cred_tot,2013,real_growth_pct,25.396328740560904
ACTUAL,6 Credit and deposits,Credit to the economy,cred_tot,2014,real_growth_pct,21.851177319234782
ACTUAL,6 Credit and deposits,Credit to the economy,cred_tot,2015,real_growth_pct,28.57765431431014
ACTUAL,6 Credit and deposits,Credit to the economy,cred_tot,2016,real_growth_pct,-34.00689430266877
ACTUAL,6 Credit and deposits,Credit to the economy,cred_tot,2017,real_growth_pct,-38.453930759491115
ACTUAL,6 Credit and deposits,Credit to the economy,cred_tot,2018,real_growth_pct,-1.289988977655221
ACTUAL,6 Credit and deposits,Credit to the economy,cred_tot,2019,real_growth_pct,17.77904161535102
ACTUAL,6 Credit and deposits,Credit to the economy,cred_tot,2020,real_growth_pct,2.6743732069182125
ACTUAL,6 Credit and deposits,Credit to the economy,cred_tot,2021,real_growth_pct,-3.114334292489096
ACTUAL,6 Credit and deposits,Credit to the economy,cred_tot,2022,real_growth_pct,-14.124566433731045
ACTUAL,6 Credit and deposits,Credit to the economy,cred_tot,2023,real_growth_pct,31.075795464683797
ACTUAL,6 Credit and deposits,Credit to the economy,cred_tot,2024,real_growth_pct,23.85459449203349
ACTUAL,6 Credit and deposits,Credit to the economy,cred_tot,2025,real_growth_pct,8.402417761065584
ACTUAL,6 Credit and deposits,Deposits,dep_tot,2005,deflator,0.5537940267285424
ACTUAL,6 Credit and deposits,Deposits,dep_tot,2006,deflator,0.6163795032945815
ACTUAL,6 Credit and deposits,Deposits,dep_tot,2007,deflator,0.7459999745307733
ACTUAL,6 Credit and deposits,Deposits,dep_tot,2008,deflator,0.9528669011075158
ACTUAL,6 Credit and deposits,Deposits,dep_tot,2009,deflator,0.7732738139968387
ACTUAL,6 Credit and deposits,Deposits,dep_tot,2010,deflator,0.8784293468473641
ACTUAL,6 Credit and deposits,Deposits,dep_tot,2011,deflator,1.0762899467776876
ACTUAL,6 Credit and deposits,Deposits,dep_tot,2012,deflator,1.106942040280559
ACTUAL,6 Credit and deposits,Deposits,dep_tot,2013,deflator,1.1119716450165502
ACTUAL,6 Credit and deposits,Deposits,dep_tot,2014,deflator,1.0971543784479587
ACTUAL,6 Credit and deposits,Deposits,dep_tot,2015,deflator,1.0
ACTUAL,6 Credit and deposits,Deposits,dep_tot,2016,deflator,1.1467140039268062
ACTUAL,6 Credit and deposits,Deposits,dep_tot,2017,deflator,1.3321651822461886
ACTUAL,6 Credit and deposits,Deposits,dep_tot,2018,deflator,1.4944878705664213
ACTUAL,6 Credit and deposits,Deposits,dep_tot,2019,deflator,1.490881553840909
ACTUAL,6 Credit and deposits,Deposits,dep_tot,2020,deflator,1.3791753175832717
ACTUAL,6 Credit and deposits,Deposits,dep_tot,2021,deflator,1.6771842937983827
ACTUAL,6 Credit and deposits,Deposits,dep_tot,2022,deflator,2.30260578545834
ACTUAL,6 Credit and deposits,Deposits,dep_tot,2023,deflator,2.0870053511566455
ACTUAL,6 Credit and deposits,Deposits,dep_tot,2024,deflator,2.0581224387668198
ACTUAL,6 Credit and deposits,Deposits,dep_tot,2025,deflator,2.0709313869779225
ACTUAL,6 Credit and deposits,Deposits,dep_tot,2006,deflator_growth_pct,11.301219143831087
ACTUAL,6 Credit and deposits,Deposits,dep_tot,2007,deflator_growth_pct,21.02932861059841
ACTUAL,6 Credit and deposits,Deposits,dep_tot,2008,deflator_growth_pct,27.730151962385776
ACTUAL,6 Credit and deposits,Deposits,dep_tot,2009,deflator_growth_pct,-18.84765720185435
ACTUAL,6 Credit and deposits,Deposits,dep_tot,2010,deflator_growth_pct,13.5987448361927
ACTUAL,6 Credit and deposits,Deposits,dep_tot,2011,deflator_growth_pct,22.52436130924298
ACTUAL,6 Credit and deposits,Deposits,dep_tot,2012,deflator_growth_pct,2.8479401479722943
ACTUAL,6 Credit and deposits,Deposits,dep_tot,2013,deflator_growth_pct,0.45436929423301464
ACTUAL,6 Credit and deposits,Deposits,dep_tot,2014,deflator_growth_pct,-1.3325219788649312
ACTUAL,6 Credit and deposits,Deposits,dep_tot,2015,deflator_growth_pct,-8.8551237962878
ACTUAL,6 Credit and deposits,Deposits,dep_tot,2016,deflator_growth_pct,14.671400392680622
ACTUAL,6 Credit and deposits,Deposits,dep_tot,2017,deflator_growth_pct,16.172400239669482
ACTUAL,6 Credit and deposits,Deposits,dep_tot,2018,deflator_growth_pct,12.184876956965462
ACTUAL,6 Credit and deposits,Deposits,dep_tot,2019,deflator_growth_pct,-0.24130786181258967
ACTUAL,6 Credit and deposits,Deposits,dep_tot,2020,deflator_growth_pct,-7.492629845063958
ACTUAL,6 Credit and deposits,Deposits,dep_tot,2021,deflator_growth_pct,21.60776606249828
ACTUAL,6 Credit and deposits,Deposits,dep_tot,2022,deflator_growth_pct,37.28996831013374
ACTUAL,6 Credit and deposits,Deposits,dep_tot,2023,deflator_growth_pct,-9.363323746655949
ACTUAL,6 Credit and deposits,Deposits,dep_tot,2024,deflator_growth_pct,-1.383940504695802
ACTUAL,6 Credit and deposits,Deposits,dep_tot,2025,deflator_growth_pct,0.6223608454887453
ACTUAL,6 Credit and deposits,Deposits,dep_tot,2006,nominal,2162.12324998
ACTUAL,6 Credit and deposits,Deposits,dep_tot,2007,nominal,4127.183089689999
ACTUAL,6 Credit and deposits,Deposits,dep_tot,2008,nominal,6460.188307379999
ACTUAL,6 Credit and deposits,Deposits,dep_tot,2009,nominal,6379.12163784
ACTUAL,6 Credit and deposits,Deposits,dep_tot,2010,nominal,7625.778123319999
ACTUAL,6 Credit and deposits,Deposits,dep_tot,2011,nominal,9447.00071983
ACTUAL,6 Credit and deposits,Deposits,dep_tot,2012,nominal,10699.24198577
ACTUAL,6 Credit and deposits,Deposits,dep_tot,2013,nominal,12475.783595810006
ACTUAL,6 Credit and deposits,Deposits,dep_tot,2014,nominal,15453.381102480002
ACTUAL,6 Credit and deposits,Deposits,dep_tot,2015,nominal,23431.3894465
ACTUAL,6 Credit and deposits,Deposits,dep_tot,2016,nominal,22090.979492839997
ACTUAL,6 Credit and deposits,Deposits,dep_tot,2017,nominal,20599.091444880003
ACTUAL,6 Credit and deposits,Deposits,dep_tot,2018,nominal,21870.40765446
ACTUAL,6 Credit and deposits,Deposits,dep_tot,2019,nominal,24746.03102252
ACTUAL,6 Credit and deposits,Deposits,dep_tot,2020,nominal,23666.868830550004
ACTUAL,6 Credit and deposits,Deposits,dep_tot,2021,nominal,29027.731736140002
ACTUAL,6 Credit and deposits,Deposits,dep_tot,2022,nominal,36249.76900151
ACTUAL,6 Credit and deposits,Deposits,dep_tot,2023,nominal,36965.11011748
ACTUAL,6 Credit and deposits,Deposits,dep_tot,2024,nominal,40270.79149653
ACTUAL,6 Credit and deposits,Deposits,dep_tot,2025,nominal,41726.33646284
ACTUAL,6 Credit and deposits,Deposits,dep_tot,2007,nominal_growth_pct,90.88565324516891
ACTUAL,6 Credit and deposits,Deposits,dep_tot,2008,nominal_growth_pct,56.52778582849922
ACTUAL,6 Credit and deposits,Deposits,dep_tot,2009,nominal_growth_pct,-1.254865426250651
ACTUAL,6 Credit and deposits,Deposits,dep_tot,2010,nominal_growth_pct,19.54276084163402
ACTUAL,6 Credit and deposits,Deposits,dep_tot,2011,nominal_growth_pct,23.88244933248995
ACTUAL,6 Credit and deposits,Deposits,dep_tot,2012,nominal_growth_pct,13.255437393070647
ACTUAL,6 Credit and deposits,Deposits,dep_tot,2013,nominal_growth_pct,16.604368911393962
ACTUAL,6 Credit and deposits,Deposits,dep_tot,2014,nominal_growth_pct,23.867017921583876
ACTUAL,6 Credit and deposits,Deposits,dep_tot,2015,nominal_growth_pct,51.62629647915475
ACTUAL,6 Credit and deposits,Deposits,dep_tot,2016,nominal_growth_pct,-5.720573919530092
ACTUAL,6 Credit and deposits,Deposits,dep_tot,2017,nominal_growth_pct,-6.753381163762051
ACTUAL,6 Credit and deposits,Deposits,dep_tot,2018,nominal_growth_pct,6.171710111496154
ACTUAL,6 Credit and deposits,Deposits,dep_tot,2019,nominal_growth_pct,13.14846715933793
ACTUAL,6 Credit and deposits,Deposits,dep_tot,2020,nominal_growth_pct,-4.360950614617398
ACTUAL,6 Credit and deposits,Deposits,dep_tot,2021,nominal_growth_pct,22.651339913077194
ACTUAL,6 Credit and deposits,Deposits,dep_tot,2022,nominal_growth_pct,24.879785065597957
ACTUAL,6 Credit and deposits,Deposits,dep_tot,2023,nominal_growth_pct,1.973367377707147
ACTUAL,6 Credit and deposits,Deposits,dep_tot,2024,nominal_growth_pct,8.942706699761228
ACTUAL,6 Credit and deposits,Deposits,dep_tot,2025,nominal_growth_pct,3.6143937385373137
ACTUAL,6 Credit and deposits,Deposits,dep_tot,2006,real,3507.7792795239543
ACTUAL,6 Credit and deposits,Deposits,dep_tot,2007,real,5532.417199190868
ACTUAL,6 Credit and deposits,Deposits,dep_tot,2008,real,6779.738387251495
ACTUAL,6 Credit and deposits,Deposits,dep_tot,2009,real,8249.499106749889
ACTUAL,6 Credit and deposits,Deposits,dep_tot,2010,real,8681.151364863332
ACTUAL,6 Credit and deposits,Deposits,dep_tot,2011,real,8777.375230636917
ACTUAL,6 Credit and deposits,Deposits,dep_tot,2012,real,9665.584643490669
ACTUAL,6 Credit and deposits,Deposits,dep_tot,2013,real,11219.515939747114
ACTUAL,6 Credit and deposits,Deposits,dep_tot,2014,real,14084.965075143253
ACTUAL,6 Credit and deposits,Deposits,dep_tot,2015,real,23431.3894465
ACTUAL,6 Credit and deposits,Deposits,dep_tot,2016,real,19264.593802109044
ACTUAL,6 Credit and deposits,Deposits,dep_tot,2017,real,15462.865806286492
ACTUAL,6 Credit and deposits,Deposits,dep_tot,2018,real,14634.048281817746
ACTUAL,6 Credit and deposits,Deposits,dep_tot,2019,real,16598.25420655827
ACTUAL,6 Credit and deposits,Deposits,dep_tot,2020,real,17160.159791738042
ACTUAL,6 Credit and deposits,Deposits,dep_tot,2021,real,17307.41925229922
ACTUAL,6 Credit and deposits,Deposits,dep_tot,2022,real,15742.93317181707
ACTUAL,6 Credit and deposits,Deposits,dep_tot,2023,real,17712.03418189295
ACTUAL,6 Credit and deposits,Deposits,dep_tot,2024,real,19566.761791227225
ACTUAL,6 Credit and deposits,Deposits,dep_tot,2025,real,20148.584702137614
ACTUAL,6 Credit and deposits,Deposits,dep_tot,2007,real_growth_pct,57.71850958483569
ACTUAL,6 Credit and deposits,Deposits,dep_tot,2008,real_growth_pct,22.545681989475618
ACTUAL,6 Credit and deposits,Deposits,dep_tot,2009,real_growth_pct,21.678723212419328
ACTUAL,6 Credit and deposits,Deposits,dep_tot,2010,real_growth_pct,5.232466268894531
ACTUAL,6 Credit and deposits,Deposits,dep_tot,2011,real_growth_pct,1.108422854634794
ACTUAL,6 Credit and deposits,Deposits,dep_tot,2012,real_growth_pct,10.119305481592145
ACTUAL,6 Credit and deposits,Deposits,dep_tot,2013,real_growth_pct,16.076950888873
ACTUAL,6 Credit and deposits,Deposits,dep_tot,2014,real_growth_pct,25.539864204343953
ACTUAL,6 Credit and deposits,Deposits,dep_tot,2015,real_growth_pct,66.35745506995295
ACTUAL,6 Credit and deposits,Deposits,dep_tot,2016,real_growth_pct,-17.782964402963998
ACTUAL,6 Credit and deposits,Deposits,dep_tot,2017,real_growth_pct,-19.734275401157674
ACTUAL,6 Credit and deposits,Deposits,dep_tot,2018,real_growth_pct,-5.360051201710537
ACTUAL,6 Credit and deposits,Deposits,dep_tot,2019,real_growth_pct,13.422163757522764
ACTUAL,6 Credit and deposits,Deposits,dep_tot,2020,real_growth_pct,3.3853294339699413
ACTUAL,6 Credit and deposits,Deposits,dep_tot,2021,real_growth_pct,0.8581473736164025
ACTUAL,6 Credit and deposits,Deposits,dep_tot,2022,real_growth_pct,-9.039395519781579
ACTUAL,6 Credit and deposits,Deposits,dep_tot,2023,real_growth_pct,12.50784074724367
ACTUAL,6 Credit and deposits,Deposits,dep_tot,2024,real_growth_pct,10.471567468124965
ACTUAL,6 Credit and deposits,Deposits,dep_tot,2025,real_growth_pct,2.973526826351258
ACTUAL,6 Credit and deposits,Household credit,cred_hh,2005,deflator,0.5537940267285424
ACTUAL,6 Credit and deposits,Household credit,cred_hh,2006,deflator,0.6163795032945815
ACTUAL,6 Credit and deposits,Household credit,cred_hh,2007,deflator,0.7459999745307733
ACTUAL,6 Credit and deposits,Household credit,cred_hh,2008,deflator,0.9528669011075158
ACTUAL,6 Credit and deposits,Household credit,cred_hh,2009,deflator,0.7732738139968387
ACTUAL,6 Credit and deposits,Household credit,cred_hh,2010,deflator,0.8784293468473641
ACTUAL,6 Credit and deposits,Household credit,cred_hh,2011,deflator,1.0762899467776876
ACTUAL,6 Credit and deposits,Household credit,cred_hh,2012,deflator,1.106942040280559
ACTUAL,6 Credit and deposits,Household credit,cred_hh,2013,deflator,1.1119716450165502
ACTUAL,6 Credit and deposits,Household credit,cred_hh,2014,deflator,1.0971543784479587
ACTUAL,6 Credit and deposits,Household credit,cred_hh,2015,deflator,1.0
ACTUAL,6 Credit and deposits,Household credit,cred_hh,2016,deflator,1.1467140039268062
ACTUAL,6 Credit and deposits,Household credit,cred_hh,2017,deflator,1.3321651822461886
ACTUAL,6 Credit and deposits,Household credit,cred_hh,2018,deflator,1.4944878705664213
ACTUAL,6 Credit and deposits,Household credit,cred_hh,2019,deflator,1.490881553840909
ACTUAL,6 Credit and deposits,Household credit,cred_hh,2020,deflator,1.3791753175832717
ACTUAL,6 Credit and deposits,Household credit,cred_hh,2021,deflator,1.6771842937983827
ACTUAL,6 Credit and deposits,Household credit,cred_hh,2022,deflator,2.30260578545834
ACTUAL,6 Credit and deposits,Household credit,cred_hh,2023,deflator,2.0870053511566455
ACTUAL,6 Credit and deposits,Household credit,cred_hh,2024,deflator,2.0581224387668198
ACTUAL,6 Credit and deposits,Household credit,cred_hh,2025,deflator,2.0709313869779225
ACTUAL,6 Credit and deposits,Household credit,cred_hh,2006,deflator_growth_pct,11.301219143831087
ACTUAL,6 Credit and deposits,Household credit,cred_hh,2007,deflator_growth_pct,21.02932861059841
ACTUAL,6 Credit and deposits,Household credit,cred_hh,2008,deflator_growth_pct,27.730151962385776
ACTUAL,6 Credit and deposits,Household credit,cred_hh,2009,deflator_growth_pct,-18.84765720185435
ACTUAL,6 Credit and deposits,Household credit,cred_hh,2010,deflator_growth_pct,13.5987448361927
ACTUAL,6 Credit and deposits,Household credit,cred_hh,2011,deflator_growth_pct,22.52436130924298
ACTUAL,6 Credit and deposits,Household credit,cred_hh,2012,deflator_growth_pct,2.8479401479722943
ACTUAL,6 Credit and deposits,Household credit,cred_hh,2013,deflator_growth_pct,0.45436929423301464
ACTUAL,6 Credit and deposits,Household credit,cred_hh,2014,deflator_growth_pct,-1.3325219788649312
ACTUAL,6 Credit and deposits,Household credit,cred_hh,2015,deflator_growth_pct,-8.8551237962878
ACTUAL,6 Credit and deposits,Household credit,cred_hh,2016,deflator_growth_pct,14.671400392680622
ACTUAL,6 Credit and deposits,Household credit,cred_hh,2017,deflator_growth_pct,16.172400239669482
ACTUAL,6 Credit and deposits,Household credit,cred_hh,2018,deflator_growth_pct,12.184876956965462
ACTUAL,6 Credit and deposits,Household credit,cred_hh,2019,deflator_growth_pct,-0.24130786181258967
ACTUAL,6 Credit and deposits,Household credit,cred_hh,2020,deflator_growth_pct,-7.492629845063958
ACTUAL,6 Credit and deposits,Household credit,cred_hh,2021,deflator_growth_pct,21.60776606249828
ACTUAL,6 Credit and deposits,Household credit,cred_hh,2022,deflator_growth_pct,37.28996831013374
ACTUAL,6 Credit and deposits,Household credit,cred_hh,2023,deflator_growth_pct,-9.363323746655949
ACTUAL,6 Credit and deposits,Household credit,cred_hh,2024,deflator_growth_pct,-1.383940504695802
ACTUAL,6 Credit and deposits,Household credit,cred_hh,2025,deflator_growth_pct,0.6223608454887453
ACTUAL,6 Credit and deposits,Household credit,cred_hh,2006,nominal,778.0
ACTUAL,6 Credit and deposits,Household credit,cred_hh,2007,nominal,1657.2159030499997
ACTUAL,6 Credit and deposits,Household credit,cred_hh,2008,nominal,2334.86644867
ACTUAL,6 Credit and deposits,Household credit,cred_hh,2009,nominal,2328.94564223
ACTUAL,6 Credit and deposits,Household credit,cred_hh,2010,nominal,2700.80204307
ACTUAL,6 Credit and deposits,Household credit,cred_hh,2011,nominal,3314.9694567
ACTUAL,6 Credit and deposits,Household credit,cred_hh,2012,nominal,4316.65801691
ACTUAL,6 Credit and deposits,Household credit,cred_hh,2013,nominal,6214.708656389999
ACTUAL,6 Credit and deposits,Household credit,cred_hh,2014,nominal,7731.8495643100005
ACTUAL,6 Credit and deposits,Household credit,cred_hh,2015,nominal,8383.6171
ACTUAL,6 Credit and deposits,Household credit,cred_hh,2016,nominal,5858.73370567
ACTUAL,6 Credit and deposits,Household credit,cred_hh,2017,nominal,4606.4676968646
ACTUAL,6 Credit and deposits,Household credit,cred_hh,2018,nominal,5319.632608049
ACTUAL,6 Credit and deposits,Household credit,cred_hh,2019,nominal,6978.71938329
ACTUAL,6 Credit and deposits,Household credit,cred_hh,2020,nominal,6709.271535320001
ACTUAL,6 Credit and deposits,Household credit,cred_hh,2021,nominal,8607.273468539
ACTUAL,6 Credit and deposits,Household credit,cred_hh,2022,nominal,11273.07877536
ACTUAL,6 Credit and deposits,Household credit,cred_hh,2023,nominal,14006.31972293
ACTUAL,6 Credit and deposits,Household credit,cred_hh,2024,nominal,17030.99894771
ACTUAL,6 Credit and deposits,Household credit,cred_hh,2025,nominal,19052.89925689
ACTUAL,6 Credit and deposits,Household credit,cred_hh,2007,nominal_growth_pct,113.00975617609251
ACTUAL,6 Credit and deposits,Household credit,cred_hh,2008,nominal_growth_pct,40.89090289158026
ACTUAL,6 Credit and deposits,Household credit,cred_hh,2009,nominal_growth_pct,-0.2535822313679881
ACTUAL,6 Credit and deposits,Household credit,cred_hh,2010,nominal_growth_pct,15.966727350662513
ACTUAL,6 Credit and deposits,Household credit,cred_hh,2011,nominal_growth_pct,22.740186205275403
ACTUAL,6 Credit and deposits,Household credit,cred_hh,2012,nominal_growth_pct,30.217127888929785
ACTUAL,6 Credit and deposits,Household credit,cred_hh,2013,nominal_growth_pct,43.97037319251629
ACTUAL,6 Credit and deposits,Household credit,cred_hh,2014,nominal_growth_pct,24.412100257669643
ACTUAL,6 Credit and deposits,Household credit,cred_hh,2015,nominal_growth_pct,8.429645846946364
ACTUAL,6 Credit and deposits,Household credit,cred_hh,2016,nominal_growth_pct,-30.11687394847744
ACTUAL,6 Credit and deposits,Household credit,cred_hh,2017,nominal_growth_pct,-21.374345920407244
ACTUAL,6 Credit and deposits,Household credit,cred_hh,2018,nominal_growth_pct,15.481817264664999
ACTUAL,6 Credit and deposits,Household credit,cred_hh,2019,nominal_growth_pct,31.18799544033697
ACTUAL,6 Credit and deposits,Household credit,cred_hh,2020,nominal_growth_pct,-3.8609927290552903
ACTUAL,6 Credit and deposits,Household credit,cred_hh,2021,nominal_growth_pct,28.28924009450564
ACTUAL,6 Credit and deposits,Household credit,cred_hh,2022,nominal_growth_pct,30.97154187751738
ACTUAL,6 Credit and deposits,Household credit,cred_hh,2023,nominal_growth_pct,24.245736253916284
ACTUAL,6 Credit and deposits,Household credit,cred_hh,2024,nominal_growth_pct,21.59510338628241
ACTUAL,6 Credit and deposits,Household credit,cred_hh,2025,nominal_growth_pct,11.87188323707733
ACTUAL,6 Credit and deposits,Household credit,cred_hh,2006,real,1262.2093950910896
ACTUAL,6 Credit and deposits,Household credit,cred_hh,2007,real,2221.469114784317
ACTUAL,6 Credit and deposits,Household credit,cred_hh,2008,real,2450.3594845787884
ACTUAL,6 Credit and deposits,Household credit,cred_hh,2009,real,3011.799442932541
ACTUAL,6 Credit and deposits,Household credit,cred_hh,2010,real,3074.5808445073403
ACTUAL,6 Credit and deposits,Household credit,cred_hh,2011,real,3079.996674339207
ACTUAL,6 Credit and deposits,Household credit,cred_hh,2012,real,3899.624243935956
ACTUAL,6 Credit and deposits,Household credit,cred_hh,2013,real,5588.909289406837
ACTUAL,6 Credit and deposits,Household credit,cred_hh,2014,real,7047.184713647611
ACTUAL,6 Credit and deposits,Household credit,cred_hh,2015,real,8383.6171
ACTUAL,6 Credit and deposits,Household credit,cred_hh,2016,real,5109.149871378006
ACTUAL,6 Credit and deposits,Household credit,cred_hh,2017,real,3457.8802675938045
ACTUAL,6 Credit and deposits,Household credit,cred_hh,2018,real,3559.5020293024004
ACTUAL,6 Credit and deposits,Household credit,cred_hh,2019,real,4680.934823635691
ACTUAL,6 Credit and deposits,Household credit,cred_hh,2020,real,4864.698091520848
ACTUAL,6 Credit and deposits,Household credit,cred_hh,2021,real,5131.97834034433
ACTUAL,6 Credit and deposits,Household credit,cred_hh,2022,real,4895.791909563044
ACTUAL,6 Credit and deposits,Household credit,cred_hh,2023,real,6711.204508971438
ACTUAL,6 Credit and deposits,Household credit,cred_hh,2024,real,8275.017378419228
ACTUAL,6 Credit and deposits,Household credit,cred_hh,2025,real,9200.159588432138
ACTUAL,6 Credit and deposits,Household credit,cred_hh,2007,real_growth_pct,75.99846138239215
ACTUAL,6 Credit and deposits,Household credit,cred_hh,2008,real_growth_pct,10.303558499695576
ACTUAL,6 Credit and deposits,Household credit,cred_hh,2009,real_growth_pct,22.912554745013793
ACTUAL,6 Credit and deposits,Household credit,cred_hh,2010,real_growth_pct,2.084514681816607
ACTUAL,6 Credit and deposits,Household credit,cred_hh,2011,real_growth_pct,0.17614855831622478
ACTUAL,6 Credit and deposits,Household credit,cred_hh,2012,real_growth_pct,26.611313460998943
ACTUAL,6 Credit and deposits,Household credit,cred_hh,2013,real_growth_pct,43.3191748691627
ACTUAL,6 Credit and deposits,Household credit,cred_hh,2014,real_growth_pct,26.092307975095853
ACTUAL,6 Credit and deposits,Household credit,cred_hh,2015,real_growth_pct,18.96406069453873
ACTUAL,6 Credit and deposits,Household credit,cred_hh,2016,real_growth_pct,-39.05792916785279
ACTUAL,6 Credit and deposits,Household credit,cred_hh,2017,real_growth_pct,-32.31985056916782
ACTUAL,6 Credit and deposits,Household credit,cred_hh,2018,real_growth_pct,2.9388455887545906
ACTUAL,6 Credit and deposits,Household credit,cred_hh,2019,real_growth_pct,31.505328135831178
ACTUAL,6 Credit and deposits,Household credit,cred_hh,2020,real_growth_pct,3.9257813836089284
ACTUAL,6 Credit and deposits,Household credit,cred_hh,2021,real_growth_pct,5.4942823541167085
ACTUAL,6 Credit and deposits,Household credit,cred_hh,2022,real_growth_pct,-4.602249174057094
ACTUAL,6 Credit and deposits,Household credit,cred_hh,2023,real_growth_pct,37.08108173189131
ACTUAL,6 Credit and deposits,Household credit,cred_hh,2024,real_growth_pct,23.3015231074736
ACTUAL,6 Credit and deposits,Household credit,cred_hh,2025,real_growth_pct,11.179942805022103
ACTUAL,7 External market,Non-oil goods exports,x_non,2005,deflator,0.5537940267285424
ACTUAL,7 External market,Non-oil goods exports,x_non,2006,deflator,0.6163795032945815
ACTUAL,7 External market,Non-oil goods exports,x_non,2007,deflator,0.7459999745307733
ACTUAL,7 External market,Non-oil goods exports,x_non,2008,deflator,0.9528669011075158
ACTUAL,7 External market,Non-oil goods exports,x_non,2009,deflator,0.7732738139968387
ACTUAL,7 External market,Non-oil goods exports,x_non,2010,deflator,0.8784293468473641
ACTUAL,7 External market,Non-oil goods exports,x_non,2011,deflator,1.0762899467776876
ACTUAL,7 External market,Non-oil goods exports,x_non,2012,deflator,1.106942040280559
ACTUAL,7 External market,Non-oil goods exports,x_non,2013,deflator,1.1119716450165502
ACTUAL,7 External market,Non-oil goods exports,x_non,2014,deflator,1.0971543784479587
ACTUAL,7 External market,Non-oil goods exports,x_non,2015,deflator,1.0
ACTUAL,7 External market,Non-oil goods exports,x_non,2016,deflator,1.1467140039268062
ACTUAL,7 External market,Non-oil goods exports,x_non,2017,deflator,1.3321651822461886
ACTUAL,7 External market,Non-oil goods exports,x_non,2018,deflator,1.4944878705664213
ACTUAL,7 External market,Non-oil goods exports,x_non,2019,deflator,1.490881553840909
ACTUAL,7 External market,Non-oil goods exports,x_non,2020,deflator,1.3791753175832717
ACTUAL,7 External market,Non-oil goods exports,x_non,2021,deflator,1.6771842937983827
ACTUAL,7 External market,Non-oil goods exports,x_non,2022,deflator,2.30260578545834
ACTUAL,7 External market,Non-oil goods exports,x_non,2023,deflator,2.0870053511566455
ACTUAL,7 External market,Non-oil goods exports,x_non,2024,deflator,2.0581224387668198
ACTUAL,7 External market,Non-oil goods exports,x_non,2025,deflator,2.0709313869779225
ACTUAL,7 External market,Non-oil goods exports,x_non,2006,deflator_growth_pct,11.301219143831087
ACTUAL,7 External market,Non-oil goods exports,x_non,2007,deflator_growth_pct,21.02932861059841
ACTUAL,7 External market,Non-oil goods exports,x_non,2008,deflator_growth_pct,27.730151962385776
ACTUAL,7 External market,Non-oil goods exports,x_non,2009,deflator_growth_pct,-18.84765720185435
ACTUAL,7 External market,Non-oil goods exports,x_non,2010,deflator_growth_pct,13.5987448361927
ACTUAL,7 External market,Non-oil goods exports,x_non,2011,deflator_growth_pct,22.52436130924298
ACTUAL,7 External market,Non-oil goods exports,x_non,2012,deflator_growth_pct,2.8479401479722943
ACTUAL,7 External market,Non-oil goods exports,x_non,2013,deflator_growth_pct,0.45436929423301464
ACTUAL,7 External market,Non-oil goods exports,x_non,2014,deflator_growth_pct,-1.3325219788649312
ACTUAL,7 External market,Non-oil goods exports,x_non,2015,deflator_growth_pct,-8.8551237962878
ACTUAL,7 External market,Non-oil goods exports,x_non,2016,deflator_growth_pct,14.671400392680622
ACTUAL,7 External market,Non-oil goods exports,x_non,2017,deflator_growth_pct,16.172400239669482
ACTUAL,7 External market,Non-oil goods exports,x_non,2018,deflator_growth_pct,12.184876956965462
ACTUAL,7 External market,Non-oil goods exports,x_non,2019,deflator_growth_pct,-0.24130786181258967
ACTUAL,7 External market,Non-oil goods exports,x_non,2020,deflator_growth_pct,-7.492629845063958
ACTUAL,7 External market,Non-oil goods exports,x_non,2021,deflator_growth_pct,21.60776606249828
ACTUAL,7 External market,Non-oil goods exports,x_non,2022,deflator_growth_pct,37.28996831013374
ACTUAL,7 External market,Non-oil goods exports,x_non,2023,deflator_growth_pct,-9.363323746655949
ACTUAL,7 External market,Non-oil goods exports,x_non,2024,deflator_growth_pct,-1.383940504695802
ACTUAL,7 External market,Non-oil goods exports,x_non,2025,deflator_growth_pct,0.6223608454887453
ACTUAL,7 External market,Non-oil goods exports,x_non,2010,nominal,1091.918171
ACTUAL,7 External market,Non-oil goods exports,x_non,2011,nominal,1277.167463
ACTUAL,7 External market,Non-oil goods exports,x_non,2012,nominal,1517.82105
ACTUAL,7 External market,Non-oil goods exports,x_non,2013,nominal,1390.9483109999999
ACTUAL,7 External market,Non-oil goods exports,x_non,2014,nominal,1280.9252
ACTUAL,7 External market,Non-oil goods exports,x_non,2015,nominal,2336.363253
ACTUAL,7 External market,Non-oil goods exports,x_non,2016,nominal,2053.41948
ACTUAL,7 External market,Non-oil goods exports,x_non,2017,nominal,2504.1697
ACTUAL,7 External market,Non-oil goods exports,x_non,2018,nominal,2750.1630999999998
ACTUAL,7 External market,Non-oil goods exports,x_non,2019,nominal,3146.8122
ACTUAL,7 External market,Non-oil goods exports,x_non,2020,nominal,3010.5231999999996
ACTUAL,7 External market,Non-oil goods exports,x_non,2021,nominal,4330.5086
ACTUAL,7 External market,Non-oil goods exports,x_non,2022,nominal,4997.7127
ACTUAL,7 External market,Non-oil goods exports,x_non,2023,nominal,5554.134599999999
ACTUAL,7 External market,Non-oil goods exports,x_non,2024,nominal,5509.759499999999
ACTUAL,7 External market,Non-oil goods exports,x_non,2025,nominal,5898.1432
ACTUAL,7 External market,Non-oil goods exports,x_non,2011,nominal_growth_pct,16.965492187967257
ACTUAL,7 External market,Non-oil goods exports,x_non,2012,nominal_growth_pct,18.842758993774964
ACTUAL,7 External market,Non-oil goods exports,x_non,2013,nominal_growth_pct,-8.35887333358568
ACTUAL,7 External market,Non-oil goods exports,x_non,2014,nominal_growth_pct,-7.909935267177581
ACTUAL,7 External market,Non-oil goods exports,x_non,2015,nominal_growth_pct,82.39654064109287
ACTUAL,7 External market,Non-oil goods exports,x_non,2016,nominal_growth_pct,-12.110435850961398
ACTUAL,7 External market,Non-oil goods exports,x_non,2017,nominal_growth_pct,21.951200151271564
ACTUAL,7 External market,Non-oil goods exports,x_non,2018,nominal_growth_pct,9.823351827953196
ACTUAL,7 External market,Non-oil goods exports,x_non,2019,nominal_growth_pct,14.42274823627734
ACTUAL,7 External market,Non-oil goods exports,x_non,2020,nominal_growth_pct,-4.331017910760615
ACTUAL,7 External market,Non-oil goods exports,x_non,2021,nominal_growth_pct,43.84571425990009
ACTUAL,7 External market,Non-oil goods exports,x_non,2022,nominal_growth_pct,15.407060962770046
ACTUAL,7 External market,Non-oil goods exports,x_non,2023,nominal_growth_pct,11.133531145157649
ACTUAL,7 External market,Non-oil goods exports,x_non,2024,nominal_growth_pct,-0.798956150612562
ACTUAL,7 External market,Non-oil goods exports,x_non,2025,nominal_growth_pct,7.04901366384505
ACTUAL,7 External market,Non-oil goods exports,x_non,2010,real,1243.0347129440015
ACTUAL,7 External market,Non-oil goods exports,x_non,2011,real,1186.6388484104316
ACTUAL,7 External market,Non-oil goods exports,x_non,2012,real,1371.1838513381442
ACTUAL,7 External market,Non-oil goods exports,x_non,2013,real,1250.8846940780559
ACTUAL,7 External market,Non-oil goods exports,x_non,2014,real,1167.4976878021528
ACTUAL,7 External market,Non-oil goods exports,x_non,2015,real,2336.363253
ACTUAL,7 External market,Non-oil goods exports,x_non,2016,real,1790.6988778093514
ACTUAL,7 External market,Non-oil goods exports,x_non,2017,real,1879.774170180362
ACTUAL,7 External market,Non-oil goods exports,x_non,2018,real,1840.2043630890553
ACTUAL,7 External market,Non-oil goods exports,x_non,2019,real,2110.7057042143765
ACTUAL,7 External market,Non-oil goods exports,x_non,2020,real,2182.843008875288
ACTUAL,7 External market,Non-oil goods exports,x_non,2021,real,2582.0111814859256
ACTUAL,7 External market,Non-oil goods exports,x_non,2022,real,2170.459542646025
ACTUAL,7 External market,Non-oil goods exports,x_non,2023,real,2661.29389506444
ACTUAL,7 External market,Non-oil goods exports,x_non,2024,real,2677.080525540221
ACTUAL,7 External market,Non-oil goods exports,x_non,2025,real,2848.0630681864686
ACTUAL,7 External market,Non-oil goods exports,x_non,2011,real_growth_pct,-4.536950090476721
ACTUAL,7 External market,Non-oil goods exports,x_non,2012,real_growth_pct,15.55190976386125
ACTUAL,7 External market,Non-oil goods exports,x_non,2013,real_growth_pct,-8.773379087179878
ACTUAL,7 External market,Non-oil goods exports,x_non,2014,real_growth_pct,-6.66624243390892
ACTUAL,7 External market,Non-oil goods exports,x_non,2015,real_growth_pct,100.11716317813608
ACTUAL,7 External market,Non-oil goods exports,x_non,2016,real_growth_pct,-23.35528837350056
ACTUAL,7 External market,Non-oil goods exports,x_non,2017,real_growth_pct,4.974331166163504
ACTUAL,7 External market,Non-oil goods exports,x_non,2018,real_growth_pct,-2.1050298338502027
ACTUAL,7 External market,Non-oil goods exports,x_non,2019,real_growth_pct,14.699527212903929
ACTUAL,7 External market,Non-oil goods exports,x_non,2020,real_growth_pct,3.41768653568697
ACTUAL,7 External market,Non-oil goods exports,x_non,2021,real_growth_pct,18.286618459854775
ACTUAL,7 External market,Non-oil goods exports,x_non,2022,real_growth_pct,-15.939188869161136
ACTUAL,7 External market,Non-oil goods exports,x_non,2023,real_growth_pct,22.614305531815404
ACTUAL,7 External market,Non-oil goods exports,x_non,2024,real_growth_pct,0.5931938033998607
ACTUAL,7 External market,Non-oil goods exports,x_non,2025,real_growth_pct,6.386903233392438
ACTUAL,7 External market,Non-oil goods imports,m_non,2005,deflator,0.5537940267285424
ACTUAL,7 External market,Non-oil goods imports,m_non,2006,deflator,0.6163795032945815
ACTUAL,7 External market,Non-oil goods imports,m_non,2007,deflator,0.7459999745307733
ACTUAL,7 External market,Non-oil goods imports,m_non,2008,deflator,0.9528669011075158
ACTUAL,7 External market,Non-oil goods imports,m_non,2009,deflator,0.7732738139968387
ACTUAL,7 External market,Non-oil goods imports,m_non,2010,deflator,0.8784293468473641
ACTUAL,7 External market,Non-oil goods imports,m_non,2011,deflator,1.0762899467776876
ACTUAL,7 External market,Non-oil goods imports,m_non,2012,deflator,1.106942040280559
ACTUAL,7 External market,Non-oil goods imports,m_non,2013,deflator,1.1119716450165502
ACTUAL,7 External market,Non-oil goods imports,m_non,2014,deflator,1.0971543784479587
ACTUAL,7 External market,Non-oil goods imports,m_non,2015,deflator,1.0
ACTUAL,7 External market,Non-oil goods imports,m_non,2016,deflator,1.1467140039268062
ACTUAL,7 External market,Non-oil goods imports,m_non,2017,deflator,1.3321651822461886
ACTUAL,7 External market,Non-oil goods imports,m_non,2018,deflator,1.4944878705664213
ACTUAL,7 External market,Non-oil goods imports,m_non,2019,deflator,1.490881553840909
ACTUAL,7 External market,Non-oil goods imports,m_non,2020,deflator,1.3791753175832717
ACTUAL,7 External market,Non-oil goods imports,m_non,2021,deflator,1.6771842937983827
ACTUAL,7 External market,Non-oil goods imports,m_non,2022,deflator,2.30260578545834
ACTUAL,7 External market,Non-oil goods imports,m_non,2023,deflator,2.0870053511566455
ACTUAL,7 External market,Non-oil goods imports,m_non,2024,deflator,2.0581224387668198
ACTUAL,7 External market,Non-oil goods imports,m_non,2025,deflator,2.0709313869779225
ACTUAL,7 External market,Non-oil goods imports,m_non,2006,deflator_growth_pct,11.301219143831087
ACTUAL,7 External market,Non-oil goods imports,m_non,2007,deflator_growth_pct,21.02932861059841
ACTUAL,7 External market,Non-oil goods imports,m_non,2008,deflator_growth_pct,27.730151962385776
ACTUAL,7 External market,Non-oil goods imports,m_non,2009,deflator_growth_pct,-18.84765720185435
ACTUAL,7 External market,Non-oil goods imports,m_non,2010,deflator_growth_pct,13.5987448361927
ACTUAL,7 External market,Non-oil goods imports,m_non,2011,deflator_growth_pct,22.52436130924298
ACTUAL,7 External market,Non-oil goods imports,m_non,2012,deflator_growth_pct,2.8479401479722943
ACTUAL,7 External market,Non-oil goods imports,m_non,2013,deflator_growth_pct,0.45436929423301464
ACTUAL,7 External market,Non-oil goods imports,m_non,2014,deflator_growth_pct,-1.3325219788649312
ACTUAL,7 External market,Non-oil goods imports,m_non,2015,deflator_growth_pct,-8.8551237962878
ACTUAL,7 External market,Non-oil goods imports,m_non,2016,deflator_growth_pct,14.671400392680622
ACTUAL,7 External market,Non-oil goods imports,m_non,2017,deflator_growth_pct,16.172400239669482
ACTUAL,7 External market,Non-oil goods imports,m_non,2018,deflator_growth_pct,12.184876956965462
ACTUAL,7 External market,Non-oil goods imports,m_non,2019,deflator_growth_pct,-0.24130786181258967
ACTUAL,7 External market,Non-oil goods imports,m_non,2020,deflator_growth_pct,-7.492629845063958
ACTUAL,7 External market,Non-oil goods imports,m_non,2021,deflator_growth_pct,21.60776606249828
ACTUAL,7 External market,Non-oil goods imports,m_non,2022,deflator_growth_pct,37.28996831013374
ACTUAL,7 External market,Non-oil goods imports,m_non,2023,deflator_growth_pct,-9.363323746655949
ACTUAL,7 External market,Non-oil goods imports,m_non,2024,deflator_growth_pct,-1.383940504695802
ACTUAL,7 External market,Non-oil goods imports,m_non,2025,deflator_growth_pct,0.6223608454887453
ACTUAL,7 External market,Non-oil goods imports,m_non,2010,nominal,4713.9604861
ACTUAL,7 External market,Non-oil goods imports,m_non,2011,nominal,7103.458004500001
ACTUAL,7 External market,Non-oil goods imports,m_non,2012,nominal,7359.07827
ACTUAL,7 External market,Non-oil goods imports,m_non,2013,nominal,7836.345396000001
ACTUAL,7 External market,Non-oil goods imports,m_non,2014,nominal,6192.0536
ACTUAL,7 External market,Non-oil goods imports,m_non,2015,nominal,11493.729234
ACTUAL,7 External market,Non-oil goods imports,m_non,2016,nominal,11815.59606
ACTUAL,7 External market,Non-oil goods imports,m_non,2017,nominal,13081.185500000001
ACTUAL,7 External market,Non-oil goods imports,m_non,2018,nominal,15652.008799999998
ACTUAL,7 External market,Non-oil goods imports,m_non,2019,nominal,16071.4719
ACTUAL,7 External market,Non-oil goods imports,m_non,2020,nominal,13940.814299999996
ACTUAL,7 External market,Non-oil goods imports,m_non,2021,nominal,14949.715
ACTUAL,7 External market,Non-oil goods imports,m_non,2022,nominal,18649.3247
ACTUAL,7 External market,Non-oil goods imports,m_non,2023,nominal,23031.676499999998
ACTUAL,7 External market,Non-oil goods imports,m_non,2024,nominal,24987.0301
ACTUAL,7 External market,Non-oil goods imports,m_non,2025,nominal,25788.4492
ACTUAL,7 External market,Non-oil goods imports,m_non,2011,nominal_growth_pct,50.68980797454466
ACTUAL,7 External market,Non-oil goods imports,m_non,2012,nominal_growth_pct,3.5985327897773756
ACTUAL,7 External market,Non-oil goods imports,m_non,2013,nominal_growth_pct,6.485419892130051
ACTUAL,7 External market,Non-oil goods imports,m_non,2014,nominal_growth_pct,-20.98289078528004
ACTUAL,7 External market,Non-oil goods imports,m_non,2015,nominal_growth_pct,85.62063535754922
ACTUAL,7 External market,Non-oil goods imports,m_non,2016,nominal_growth_pct,2.8003689616062477
ACTUAL,7 External market,Non-oil goods imports,m_non,2017,nominal_growth_pct,10.711177274284722
ACTUAL,7 External market,Non-oil goods imports,m_non,2018,nominal_growth_pct,19.65283115968348
ACTUAL,7 External market,Non-oil goods imports,m_non,2019,nominal_growth_pct,2.6799314091875637
ACTUAL,7 External market,Non-oil goods imports,m_non,2020,nominal_growth_pct,-13.257389324745073
ACTUAL,7 External market,Non-oil goods imports,m_non,2021,nominal_growth_pct,7.237028471141782
ACTUAL,7 External market,Non-oil goods imports,m_non,2022,nominal_growth_pct,24.747024943284867
ACTUAL,7 External market,Non-oil goods imports,m_non,2023,nominal_growth_pct,23.49871574706399
ACTUAL,7 External market,Non-oil goods imports,m_non,2024,nominal_growth_pct,8.48984484477282
ACTUAL,7 External market,Non-oil goods imports,m_non,2025,nominal_growth_pct,3.2073403553469992
ACTUAL,7 External market,Non-oil goods imports,m_non,2010,real,5366.351321273762
ACTUAL,7 External market,Non-oil goods imports,m_non,2011,real,6599.9482999605225
ACTUAL,7 External market,Non-oil goods imports,m_non,2012,real,6648.115260068008
ACTUAL,7 External market,Non-oil goods imports,m_non,2013,real,7047.25289634824
ACTUAL,7 External market,Non-oil goods imports,m_non,2014,real,5643.7395881875045
ACTUAL,7 External market,Non-oil goods imports,m_non,2015,real,11493.729234
ACTUAL,7 External market,Non-oil goods imports,m_non,2016,real,10303.873519934948
ACTUAL,7 External market,Non-oil goods imports,m_non,2017,real,9819.492112790074
ACTUAL,7 External market,Non-oil goods imports,m_non,2018,real,10473.158804606275
ACTUAL,7 External market,Non-oil goods imports,m_non,2019,real,10779.84489015616
ACTUAL,7 External market,Non-oil goods imports,m_non,2020,real,10108.079895475856
ACTUAL,7 External market,Non-oil goods imports,m_non,2021,real,8913.579178673808
ACTUAL,7 External market,Non-oil goods imports,m_non,2022,real,8099.2260237406645
ACTUAL,7 External market,Non-oil goods imports,m_non,2023,real,11035.753447989744
ACTUAL,7 External market,Non-oil goods imports,m_non,2024,real,12140.691743768004
ACTUAL,7 External market,Non-oil goods imports,m_non,2025,real,12452.585035969094
ACTUAL,7 External market,Non-oil goods imports,m_non,2011,real_growth_pct,22.98762985935019
ACTUAL,7 External market,Non-oil goods imports,m_non,2012,real_growth_pct,0.7298081427058012
ACTUAL,7 External market,Non-oil goods imports,m_non,2013,real_growth_pct,6.00377130459302
ACTUAL,7 External market,Non-oil goods imports,m_non,2014,real_growth_pct,-19.915750559881438
ACTUAL,7 External market,Non-oil goods imports,m_non,2015,real_growth_pct,103.65449281282713
ACTUAL,7 External market,Non-oil goods imports,m_non,2016,real_growth_pct,-10.352216324578956
ACTUAL,7 External market,Non-oil goods imports,m_non,2017,real_growth_pct,-4.700964217075643
ACTUAL,7 External market,Non-oil goods imports,m_non,2018,real_growth_pct,6.656827912360019
ACTUAL,7 External market,Non-oil goods imports,m_non,2019,real_growth_pct,2.928305502395312
ACTUAL,7 External market,Non-oil goods imports,m_non,2020,real_growth_pct,-6.231675887041199
ACTUAL,7 External market,Non-oil goods imports,m_non,2021,real_growth_pct,-11.8172860637625
ACTUAL,7 External market,Non-oil goods imports,m_non,2022,real_growth_pct,-9.136096046372987
ACTUAL,7 External market,Non-oil goods imports,m_non,2023,real_growth_pct,36.25688943167476
ACTUAL,7 External market,Non-oil goods imports,m_non,2024,real_growth_pct,10.012350321033448
ACTUAL,7 External market,Non-oil goods imports,m_non,2025,real_growth_pct,2.5689911150341915
ACTUAL,7 External market,Oil and gas exports,x_oil,2005,deflator,0.5537940267285424
ACTUAL,7 External market,Oil and gas exports,x_oil,2006,deflator,0.6163795032945815
ACTUAL,7 External market,Oil and gas exports,x_oil,2007,deflator,0.7459999745307733
ACTUAL,7 External market,Oil and gas exports,x_oil,2008,deflator,0.9528669011075158
ACTUAL,7 External market,Oil and gas exports,x_oil,2009,deflator,0.7732738139968387
ACTUAL,7 External market,Oil and gas exports,x_oil,2010,deflator,0.8784293468473641
ACTUAL,7 External market,Oil and gas exports,x_oil,2011,deflator,1.0762899467776876
ACTUAL,7 External market,Oil and gas exports,x_oil,2012,deflator,1.106942040280559
ACTUAL,7 External market,Oil and gas exports,x_oil,2013,deflator,1.1119716450165502
ACTUAL,7 External market,Oil and gas exports,x_oil,2014,deflator,1.0971543784479587
ACTUAL,7 External market,Oil and gas exports,x_oil,2015,deflator,1.0
ACTUAL,7 External market,Oil and gas exports,x_oil,2016,deflator,1.1467140039268062
ACTUAL,7 External market,Oil and gas exports,x_oil,2017,deflator,1.3321651822461886
ACTUAL,7 External market,Oil and gas exports,x_oil,2018,deflator,1.4944878705664213
ACTUAL,7 External market,Oil and gas exports,x_oil,2019,deflator,1.490881553840909
ACTUAL,7 External market,Oil and gas exports,x_oil,2020,deflator,1.3791753175832717
ACTUAL,7 External market,Oil and gas exports,x_oil,2021,deflator,1.6771842937983827
ACTUAL,7 External market,Oil and gas exports,x_oil,2022,deflator,2.30260578545834
ACTUAL,7 External market,Oil and gas exports,x_oil,2023,deflator,2.0870053511566455
ACTUAL,7 External market,Oil and gas exports,x_oil,2024,deflator,2.0581224387668198
ACTUAL,7 External market,Oil and gas exports,x_oil,2025,deflator,2.0709313869779225
ACTUAL,7 External market,Oil and gas exports,x_oil,2006,deflator_growth_pct,11.301219143831087
ACTUAL,7 External market,Oil and gas exports,x_oil,2007,deflator_growth_pct,21.02932861059841
ACTUAL,7 External market,Oil and gas exports,x_oil,2008,deflator_growth_pct,27.730151962385776
ACTUAL,7 External market,Oil and gas exports,x_oil,2009,deflator_growth_pct,-18.84765720185435
ACTUAL,7 External market,Oil and gas exports,x_oil,2010,deflator_growth_pct,13.5987448361927
ACTUAL,7 External market,Oil and gas exports,x_oil,2011,deflator_growth_pct,22.52436130924298
ACTUAL,7 External market,Oil and gas exports,x_oil,2012,deflator_growth_pct,2.8479401479722943
ACTUAL,7 External market,Oil and gas exports,x_oil,2013,deflator_growth_pct,0.45436929423301464
ACTUAL,7 External market,Oil and gas exports,x_oil,2014,deflator_growth_pct,-1.3325219788649312
ACTUAL,7 External market,Oil and gas exports,x_oil,2015,deflator_growth_pct,-8.8551237962878
ACTUAL,7 External market,Oil and gas exports,x_oil,2016,deflator_growth_pct,14.671400392680622
ACTUAL,7 External market,Oil and gas exports,x_oil,2017,deflator_growth_pct,16.172400239669482
ACTUAL,7 External market,Oil and gas exports,x_oil,2018,deflator_growth_pct,12.184876956965462
ACTUAL,7 External market,Oil and gas exports,x_oil,2019,deflator_growth_pct,-0.24130786181258967
ACTUAL,7 External market,Oil and gas exports,x_oil,2020,deflator_growth_pct,-7.492629845063958
ACTUAL,7 External market,Oil and gas exports,x_oil,2021,deflator_growth_pct,21.60776606249828
ACTUAL,7 External market,Oil and gas exports,x_oil,2022,deflator_growth_pct,37.28996831013374
ACTUAL,7 External market,Oil and gas exports,x_oil,2023,deflator_growth_pct,-9.363323746655949
ACTUAL,7 External market,Oil and gas exports,x_oil,2024,deflator_growth_pct,-1.383940504695802
ACTUAL,7 External market,Oil and gas exports,x_oil,2025,deflator_growth_pct,0.6223608454887453
ACTUAL,7 External market,Oil and gas exports,x_oil,2010,nominal,20033.3029744
ACTUAL,7 External market,Oil and gas exports,x_oil,2011,nominal,25853.055657
ACTUAL,7 External market,Oil and gas exports,x_oil,2012,nominal,24099.898780000003
ACTUAL,7 External market,Oil and gas exports,x_oil,2013,nominal,23537.607678
ACTUAL,7 External market,Oil and gas exports,x_oil,2014,nominal,20886.611
ACTUAL,7 External market,Oil and gas exports,x_oil,2015,nominal,21968.5262358
ACTUAL,7 External market,Oil and gas exports,x_oil,2016,nominal,21329.18499
ACTUAL,7 External market,Oil and gas exports,x_oil,2017,nominal,23254.3306
ACTUAL,7 External market,Oil and gas exports,x_oil,2018,nominal,32599.2442
ACTUAL,7 External market,Oil and gas exports,x_oil,2019,nominal,30629.231499999998
ACTUAL,7 External market,Oil and gas exports,x_oil,2020,nominal,18389.345400000002
ACTUAL,7 External market,Oil and gas exports,x_oil,2021,nominal,32546.369099999996
ACTUAL,7 External market,Oil and gas exports,x_oil,2022,nominal,66753.6705
ACTUAL,7 External market,Oil and gas exports,x_oil,2023,nominal,44089.4592
ACTUAL,7 External market,Oil and gas exports,x_oil,2024,nominal,38676.6881
ACTUAL,7 External market,Oil and gas exports,x_oil,2025,nominal,35028.6734
ACTUAL,7 External market,Oil and gas exports,x_oil,2011,nominal_growth_pct,29.0503901929547
ACTUAL,7 External market,Oil and gas exports,x_oil,2012,nominal_growth_pct,-6.781236617673514
ACTUAL,7 External market,Oil and gas exports,x_oil,2013,nominal_growth_pct,-2.3331678988902538
ACTUAL,7 External market,Oil and gas exports,x_oil,2014,nominal_growth_pct,-11.262812747439144
ACTUAL,7 External market,Oil and gas exports,x_oil,2015,nominal_growth_pct,5.179946310102679
ACTUAL,7 External market,Oil and gas exports,x_oil,2016,nominal_growth_pct,-2.910260064501391
ACTUAL,7 External market,Oil and gas exports,x_oil,2017,nominal_growth_pct,9.02587516073674
ACTUAL,7 External market,Oil and gas exports,x_oil,2018,nominal_growth_pct,40.18569169219604
ACTUAL,7 External market,Oil and gas exports,x_oil,2019,nominal_growth_pct,-6.043123846411147
ACTUAL,7 External market,Oil and gas exports,x_oil,2020,nominal_growth_pct,-39.96145348929174
ACTUAL,7 External market,Oil and gas exports,x_oil,2021,nominal_growth_pct,76.98492465098836
ACTUAL,7 External market,Oil and gas exports,x_oil,2022,nominal_growth_pct,105.10327986171583
ACTUAL,7 External market,Oil and gas exports,x_oil,2023,nominal_growth_pct,-33.95200762780527
ACTUAL,7 External market,Oil and gas exports,x_oil,2024,nominal_growth_pct,-12.276791773395123
ACTUAL,7 External market,Oil and gas exports,x_oil,2025,nominal_growth_pct,-9.432076217508401
ACTUAL,7 External market,Oil and gas exports,x_oil,2010,real,22805.821602270524
ACTUAL,7 External market,Oil and gas exports,x_oil,2011,real,24020.53065198802
ACTUAL,7 External market,Oil and gas exports,x_oil,2012,real,21771.599508400446
ACTUAL,7 External market,Oil and gas exports,x_oil,2013,real,21167.4531302007
ACTUAL,7 External market,Oil and gas exports,x_oil,2014,real,19037.075739100936
ACTUAL,7 External market,Oil and gas exports,x_oil,2015,real,21968.5262358
ACTUAL,7 External market,Oil and gas exports,x_oil,2016,real,18600.265556154685
ACTUAL,7 External market,Oil and gas exports,x_oil,2017,real,17456.041420321795
ACTUAL,7 External market,Oil and gas exports,x_oil,2018,real,21812.986804399196
ACTUAL,7 External market,Oil and gas exports,x_oil,2019,real,20544.37619211997
ACTUAL,7 External market,Oil and gas exports,x_oil,2020,real,13333.58070257786
ACTUAL,7 External market,Oil and gas exports,x_oil,2021,real,19405.362440099532
ACTUAL,7 External market,Oil and gas exports,x_oil,2022,real,28990.490218329967
ACTUAL,7 External market,Oil and gas exports,x_oil,2023,real,21125.704912814454
ACTUAL,7 External market,Oil and gas exports,x_oil,2024,real,18792.219243853244
ACTUAL,7 External market,Oil and gas exports,x_oil,2025,real,16914.453863735576
ACTUAL,7 External market,Oil and gas exports,x_oil,2011,real_growth_pct,5.326311285345509
ACTUAL,7 External market,Oil and gas exports,x_oil,2012,real_growth_pct,-9.3625373068161
ACTUAL,7 External market,Oil and gas exports,x_oil,2013,real_growth_pct,-2.7749287688607294
ACTUAL,7 External market,Oil and gas exports,x_oil,2014,real_growth_pct,-10.064401125614141
ACTUAL,7 External market,Oil and gas exports,x_oil,2015,real_growth_pct,15.398638619050375
ACTUAL,7 External market,Oil and gas exports,x_oil,2016,real_growth_pct,-15.332210470069596
ACTUAL,7 External market,Oil and gas exports,x_oil,2017,real_growth_pct,-6.151654837284171
ACTUAL,7 External market,Oil and gas exports,x_oil,2018,real_growth_pct,24.959527072416176
ACTUAL,7 External market,Oil and gas exports,x_oil,2019,real_growth_pct,-5.8158500880923665
ACTUAL,7 External market,Oil and gas exports,x_oil,2020,real_growth_pct,-35.09863440053193
ACTUAL,7 External market,Oil and gas exports,x_oil,2021,real_growth_pct,45.53751818780216
ACTUAL,7 External market,Oil and gas exports,x_oil,2022,real_growth_pct,49.394221869433274
ACTUAL,7 External market,Oil and gas exports,x_oil,2023,real_growth_pct,-27.128845515495303
ACTUAL,7 External market,Oil and gas exports,x_oil,2024,real_growth_pct,-11.045717426194667
ACTUAL,7 External market,Oil and gas exports,x_oil,2025,real_growth_pct,-9.992249216291293
ACTUAL,8 Fiscal,Budget expenditure (total),exp_tot,2005,deflator,0.5537940267285424
ACTUAL,8 Fiscal,Budget expenditure (total),exp_tot,2006,deflator,0.6163795032945815
ACTUAL,8 Fiscal,Budget expenditure (total),exp_tot,2007,deflator,0.7459999745307733
ACTUAL,8 Fiscal,Budget expenditure (total),exp_tot,2008,deflator,0.9528669011075158
ACTUAL,8 Fiscal,Budget expenditure (total),exp_tot,2009,deflator,0.7732738139968387
ACTUAL,8 Fiscal,Budget expenditure (total),exp_tot,2010,deflator,0.8784293468473641
ACTUAL,8 Fiscal,Budget expenditure (total),exp_tot,2011,deflator,1.0762899467776876
ACTUAL,8 Fiscal,Budget expenditure (total),exp_tot,2012,deflator,1.106942040280559
ACTUAL,8 Fiscal,Budget expenditure (total),exp_tot,2013,deflator,1.1119716450165502
ACTUAL,8 Fiscal,Budget expenditure (total),exp_tot,2014,deflator,1.0971543784479587
ACTUAL,8 Fiscal,Budget expenditure (total),exp_tot,2015,deflator,1.0
ACTUAL,8 Fiscal,Budget expenditure (total),exp_tot,2016,deflator,1.1467140039268062
ACTUAL,8 Fiscal,Budget expenditure (total),exp_tot,2017,deflator,1.3321651822461886
ACTUAL,8 Fiscal,Budget expenditure (total),exp_tot,2018,deflator,1.4944878705664213
ACTUAL,8 Fiscal,Budget expenditure (total),exp_tot,2019,deflator,1.490881553840909
ACTUAL,8 Fiscal,Budget expenditure (total),exp_tot,2020,deflator,1.3791753175832717
ACTUAL,8 Fiscal,Budget expenditure (total),exp_tot,2021,deflator,1.6771842937983827
ACTUAL,8 Fiscal,Budget expenditure (total),exp_tot,2022,deflator,2.30260578545834
ACTUAL,8 Fiscal,Budget expenditure (total),exp_tot,2023,deflator,2.0870053511566455
ACTUAL,8 Fiscal,Budget expenditure (total),exp_tot,2024,deflator,2.0581224387668198
ACTUAL,8 Fiscal,Budget expenditure (total),exp_tot,2025,deflator,2.0709313869779225
ACTUAL,8 Fiscal,Budget expenditure (total),exp_tot,2006,deflator_growth_pct,11.301219143831087
ACTUAL,8 Fiscal,Budget expenditure (total),exp_tot,2007,deflator_growth_pct,21.02932861059841
ACTUAL,8 Fiscal,Budget expenditure (total),exp_tot,2008,deflator_growth_pct,27.730151962385776
ACTUAL,8 Fiscal,Budget expenditure (total),exp_tot,2009,deflator_growth_pct,-18.84765720185435
ACTUAL,8 Fiscal,Budget expenditure (total),exp_tot,2010,deflator_growth_pct,13.5987448361927
ACTUAL,8 Fiscal,Budget expenditure (total),exp_tot,2011,deflator_growth_pct,22.52436130924298
ACTUAL,8 Fiscal,Budget expenditure (total),exp_tot,2012,deflator_growth_pct,2.8479401479722943
ACTUAL,8 Fiscal,Budget expenditure (total),exp_tot,2013,deflator_growth_pct,0.45436929423301464
ACTUAL,8 Fiscal,Budget expenditure (total),exp_tot,2014,deflator_growth_pct,-1.3325219788649312
ACTUAL,8 Fiscal,Budget expenditure (total),exp_tot,2015,deflator_growth_pct,-8.8551237962878
ACTUAL,8 Fiscal,Budget expenditure (total),exp_tot,2016,deflator_growth_pct,14.671400392680622
ACTUAL,8 Fiscal,Budget expenditure (total),exp_tot,2017,deflator_growth_pct,16.172400239669482
ACTUAL,8 Fiscal,Budget expenditure (total),exp_tot,2018,deflator_growth_pct,12.184876956965462
ACTUAL,8 Fiscal,Budget expenditure (total),exp_tot,2019,deflator_growth_pct,-0.24130786181258967
ACTUAL,8 Fiscal,Budget expenditure (total),exp_tot,2020,deflator_growth_pct,-7.492629845063958
ACTUAL,8 Fiscal,Budget expenditure (total),exp_tot,2021,deflator_growth_pct,21.60776606249828
ACTUAL,8 Fiscal,Budget expenditure (total),exp_tot,2022,deflator_growth_pct,37.28996831013374
ACTUAL,8 Fiscal,Budget expenditure (total),exp_tot,2023,deflator_growth_pct,-9.363323746655949
ACTUAL,8 Fiscal,Budget expenditure (total),exp_tot,2024,deflator_growth_pct,-1.383940504695802
ACTUAL,8 Fiscal,Budget expenditure (total),exp_tot,2025,deflator_growth_pct,0.6223608454887453
ACTUAL,8 Fiscal,Budget expenditure (total),exp_tot,2010,nominal,11765.9
ACTUAL,8 Fiscal,Budget expenditure (total),exp_tot,2011,nominal,15397.5
ACTUAL,8 Fiscal,Budget expenditure (total),exp_tot,2012,nominal,17416.53
ACTUAL,8 Fiscal,Budget expenditure (total),exp_tot,2013,nominal,19143.5
ACTUAL,8 Fiscal,Budget expenditure (total),exp_tot,2014,nominal,18709.0
ACTUAL,8 Fiscal,Budget expenditure (total),exp_tot,2015,nominal,17784.5
ACTUAL,8 Fiscal,Budget expenditure (total),exp_tot,2016,nominal,17751.3
ACTUAL,8 Fiscal,Budget expenditure (total),exp_tot,2017,nominal,17594.5
ACTUAL,8 Fiscal,Budget expenditure (total),exp_tot,2018,nominal,22731.643999999997
ACTUAL,8 Fiscal,Budget expenditure (total),exp_tot,2019,nominal,24425.899999999998
ACTUAL,8 Fiscal,Budget expenditure (total),exp_tot,2020,nominal,26416.300000000003
ACTUAL,8 Fiscal,Budget expenditure (total),exp_tot,2021,nominal,27412.5
ACTUAL,8 Fiscal,Budget expenditure (total),exp_tot,2022,nominal,32063.3
ACTUAL,8 Fiscal,Budget expenditure (total),exp_tot,2023,nominal,36458.5
ACTUAL,8 Fiscal,Budget expenditure (total),exp_tot,2024,nominal,37719.7
ACTUAL,8 Fiscal,Budget expenditure (total),exp_tot,2025,nominal,38603.9
ACTUAL,8 Fiscal,Budget expenditure (total),exp_tot,2011,nominal_growth_pct,30.86546715508376
ACTUAL,8 Fiscal,Budget expenditure (total),exp_tot,2012,nominal_growth_pct,13.112713102776418
ACTUAL,8 Fiscal,Budget expenditure (total),exp_tot,2013,nominal_growth_pct,9.915695032248117
ACTUAL,8 Fiscal,Budget expenditure (total),exp_tot,2014,nominal_growth_pct,-2.2696998981377448
ACTUAL,8 Fiscal,Budget expenditure (total),exp_tot,2015,nominal_growth_pct,-4.9414720188144745
ACTUAL,8 Fiscal,Budget expenditure (total),exp_tot,2016,nominal_growth_pct,-0.18667941184740133
ACTUAL,8 Fiscal,Budget expenditure (total),exp_tot,2017,nominal_growth_pct,-0.8833155881540988
ACTUAL,8 Fiscal,Budget expenditure (total),exp_tot,2018,nominal_growth_pct,29.19744238256272
ACTUAL,8 Fiscal,Budget expenditure (total),exp_tot,2019,nominal_growth_pct,7.453292863463812
ACTUAL,8 Fiscal,Budget expenditure (total),exp_tot,2020,nominal_growth_pct,8.148727375449848
ACTUAL,8 Fiscal,Budget expenditure (total),exp_tot,2021,nominal_growth_pct,3.7711564450736645
ACTUAL,8 Fiscal,Budget expenditure (total),exp_tot,2022,nominal_growth_pct,16.965982672138622
ACTUAL,8 Fiscal,Budget expenditure (total),exp_tot,2023,nominal_growth_pct,13.707884091780942
ACTUAL,8 Fiscal,Budget expenditure (total),exp_tot,2024,nominal_growth_pct,3.4592756147400427
ACTUAL,8 Fiscal,Budget expenditure (total),exp_tot,2025,nominal_growth_pct,2.344133171790874
ACTUAL,8 Fiscal,Budget expenditure (total),exp_tot,2010,real,13394.247405584963
ACTUAL,8 Fiscal,Budget expenditure (total),exp_tot,2011,real,14306.089215177275
ACTUAL,8 Fiscal,Budget expenditure (total),exp_tot,2012,real,15733.91321878579
ACTUAL,8 Fiscal,Budget expenditure (total),exp_tot,2013,real,17215.816685429127
ACTUAL,8 Fiscal,Budget expenditure (total),exp_tot,2014,real,17052.294888952514
ACTUAL,8 Fiscal,Budget expenditure (total),exp_tot,2015,real,17784.5
ACTUAL,8 Fiscal,Budget expenditure (total),exp_tot,2016,real,15480.145824689038
ACTUAL,8 Fiscal,Budget expenditure (total),exp_tot,2017,real,13207.446219494781
ACTUAL,8 Fiscal,Budget expenditure (total),exp_tot,2018,real,15210.323514626149
ACTUAL,8 Fiscal,Budget expenditure (total),exp_tot,2019,real,16383.528213272448
ACTUAL,8 Fiscal,Budget expenditure (total),exp_tot,2020,real,19153.692545984126
ACTUAL,8 Fiscal,Budget expenditure (total),exp_tot,2021,real,16344.357684102726
ACTUAL,8 Fiscal,Budget expenditure (total),exp_tot,2022,real,13924.78912477748
ACTUAL,8 Fiscal,Budget expenditure (total),exp_tot,2023,real,17469.289180209445
ACTUAL,8 Fiscal,Budget expenditure (total),exp_tot,2024,real,18327.238112520063
ACTUAL,8 Fiscal,Budget expenditure (total),exp_tot,2025,real,18640.839693068763
ACTUAL,8 Fiscal,Budget expenditure (total),exp_tot,2011,real_growth_pct,6.8077121616560765
ACTUAL,8 Fiscal,Budget expenditure (total),exp_tot,2012,real_growth_pct,9.980533338864838
ACTUAL,8 Fiscal,Budget expenditure (total),exp_tot,2013,real_growth_pct,9.418530825973992
ACTUAL,8 Fiscal,Budget expenditure (total),exp_tot,2014,real_growth_pct,-0.9498346750811515
ACTUAL,8 Fiscal,Budget expenditure (total),exp_tot,2015,real_growth_pct,4.293880183375509
ACTUAL,8 Fiscal,Budget expenditure (total),exp_tot,2016,real_growth_pct,-12.957092835395779
ACTUAL,8 Fiscal,Budget expenditure (total),exp_tot,2017,real_growth_pct,-14.681383695814832
ACTUAL,8 Fiscal,Budget expenditure (total),exp_tot,2018,real_growth_pct,15.16475828745023
ACTUAL,8 Fiscal,Budget expenditure (total),exp_tot,2019,real_growth_pct,7.713213315404843
ACTUAL,8 Fiscal,Budget expenditure (total),exp_tot,2020,real_growth_pct,16.90822817070343
ACTUAL,8 Fiscal,Budget expenditure (total),exp_tot,2021,real_growth_pct,-14.667327749658487
ACTUAL,8 Fiscal,Budget expenditure (total),exp_tot,2022,real_growth_pct,-14.803693152644538
ACTUAL,8 Fiscal,Budget expenditure (total),exp_tot,2023,real_growth_pct,25.45460490403373
ACTUAL,8 Fiscal,Budget expenditure (total),exp_tot,2024,real_growth_pct,4.911183983848444
ACTUAL,8 Fiscal,Budget expenditure (total),exp_tot,2025,real_growth_pct,1.7111229669377614
ACTUAL,8 Fiscal,Budget revenue (total),rev_tot,2005,deflator,0.5537940267285424
ACTUAL,8 Fiscal,Budget revenue (total),rev_tot,2006,deflator,0.6163795032945815
ACTUAL,8 Fiscal,Budget revenue (total),rev_tot,2007,deflator,0.7459999745307733
ACTUAL,8 Fiscal,Budget revenue (total),rev_tot,2008,deflator,0.9528669011075158
ACTUAL,8 Fiscal,Budget revenue (total),rev_tot,2009,deflator,0.7732738139968387
ACTUAL,8 Fiscal,Budget revenue (total),rev_tot,2010,deflator,0.8784293468473641
ACTUAL,8 Fiscal,Budget revenue (total),rev_tot,2011,deflator,1.0762899467776876
ACTUAL,8 Fiscal,Budget revenue (total),rev_tot,2012,deflator,1.106942040280559
ACTUAL,8 Fiscal,Budget revenue (total),rev_tot,2013,deflator,1.1119716450165502
ACTUAL,8 Fiscal,Budget revenue (total),rev_tot,2014,deflator,1.0971543784479587
ACTUAL,8 Fiscal,Budget revenue (total),rev_tot,2015,deflator,1.0
ACTUAL,8 Fiscal,Budget revenue (total),rev_tot,2016,deflator,1.1467140039268062
ACTUAL,8 Fiscal,Budget revenue (total),rev_tot,2017,deflator,1.3321651822461886
ACTUAL,8 Fiscal,Budget revenue (total),rev_tot,2018,deflator,1.4944878705664213
ACTUAL,8 Fiscal,Budget revenue (total),rev_tot,2019,deflator,1.490881553840909
ACTUAL,8 Fiscal,Budget revenue (total),rev_tot,2020,deflator,1.3791753175832717
ACTUAL,8 Fiscal,Budget revenue (total),rev_tot,2021,deflator,1.6771842937983827
ACTUAL,8 Fiscal,Budget revenue (total),rev_tot,2022,deflator,2.30260578545834
ACTUAL,8 Fiscal,Budget revenue (total),rev_tot,2023,deflator,2.0870053511566455
ACTUAL,8 Fiscal,Budget revenue (total),rev_tot,2024,deflator,2.0581224387668198
ACTUAL,8 Fiscal,Budget revenue (total),rev_tot,2025,deflator,2.0709313869779225
ACTUAL,8 Fiscal,Budget revenue (total),rev_tot,2006,deflator_growth_pct,11.301219143831087
ACTUAL,8 Fiscal,Budget revenue (total),rev_tot,2007,deflator_growth_pct,21.02932861059841
ACTUAL,8 Fiscal,Budget revenue (total),rev_tot,2008,deflator_growth_pct,27.730151962385776
ACTUAL,8 Fiscal,Budget revenue (total),rev_tot,2009,deflator_growth_pct,-18.84765720185435
ACTUAL,8 Fiscal,Budget revenue (total),rev_tot,2010,deflator_growth_pct,13.5987448361927
ACTUAL,8 Fiscal,Budget revenue (total),rev_tot,2011,deflator_growth_pct,22.52436130924298
ACTUAL,8 Fiscal,Budget revenue (total),rev_tot,2012,deflator_growth_pct,2.8479401479722943
ACTUAL,8 Fiscal,Budget revenue (total),rev_tot,2013,deflator_growth_pct,0.45436929423301464
ACTUAL,8 Fiscal,Budget revenue (total),rev_tot,2014,deflator_growth_pct,-1.3325219788649312
ACTUAL,8 Fiscal,Budget revenue (total),rev_tot,2015,deflator_growth_pct,-8.8551237962878
ACTUAL,8 Fiscal,Budget revenue (total),rev_tot,2016,deflator_growth_pct,14.671400392680622
ACTUAL,8 Fiscal,Budget revenue (total),rev_tot,2017,deflator_growth_pct,16.172400239669482
ACTUAL,8 Fiscal,Budget revenue (total),rev_tot,2018,deflator_growth_pct,12.184876956965462
ACTUAL,8 Fiscal,Budget revenue (total),rev_tot,2019,deflator_growth_pct,-0.24130786181258967
ACTUAL,8 Fiscal,Budget revenue (total),rev_tot,2020,deflator_growth_pct,-7.492629845063958
ACTUAL,8 Fiscal,Budget revenue (total),rev_tot,2021,deflator_growth_pct,21.60776606249828
ACTUAL,8 Fiscal,Budget revenue (total),rev_tot,2022,deflator_growth_pct,37.28996831013374
ACTUAL,8 Fiscal,Budget revenue (total),rev_tot,2023,deflator_growth_pct,-9.363323746655949
ACTUAL,8 Fiscal,Budget revenue (total),rev_tot,2024,deflator_growth_pct,-1.383940504695802
ACTUAL,8 Fiscal,Budget revenue (total),rev_tot,2025,deflator_growth_pct,0.6223608454887453
ACTUAL,8 Fiscal,Budget revenue (total),rev_tot,2010,nominal,11403.0
ACTUAL,8 Fiscal,Budget revenue (total),rev_tot,2011,nominal,15700.7
ACTUAL,8 Fiscal,Budget revenue (total),rev_tot,2012,nominal,17281.5
ACTUAL,8 Fiscal,Budget revenue (total),rev_tot,2013,nominal,19496.3
ACTUAL,8 Fiscal,Budget revenue (total),rev_tot,2014,nominal,18400.6
ACTUAL,8 Fiscal,Budget revenue (total),rev_tot,2015,nominal,17498.0
ACTUAL,8 Fiscal,Budget revenue (total),rev_tot,2016,nominal,17505.6795
ACTUAL,8 Fiscal,Budget revenue (total),rev_tot,2017,nominal,16516.7
ACTUAL,8 Fiscal,Budget revenue (total),rev_tot,2018,nominal,22508.909
ACTUAL,8 Fiscal,Budget revenue (total),rev_tot,2019,nominal,24218.1
ACTUAL,8 Fiscal,Budget revenue (total),rev_tot,2020,nominal,24681.699999999997
ACTUAL,8 Fiscal,Budget revenue (total),rev_tot,2021,nominal,26396.29
ACTUAL,8 Fiscal,Budget revenue (total),rev_tot,2022,nominal,30679.646449
ACTUAL,8 Fiscal,Budget revenue (total),rev_tot,2023,nominal,35236.3943
ACTUAL,8 Fiscal,Budget revenue (total),rev_tot,2024,nominal,37161.838561
ACTUAL,8 Fiscal,Budget revenue (total),rev_tot,2025,nominal,39184.3
ACTUAL,8 Fiscal,Budget revenue (total),rev_tot,2011,nominal_growth_pct,37.68920459528196
ACTUAL,8 Fiscal,Budget revenue (total),rev_tot,2012,nominal_growth_pct,10.068340901997995
ACTUAL,8 Fiscal,Budget revenue (total),rev_tot,2013,nominal_growth_pct,12.816017128142798
ACTUAL,8 Fiscal,Budget revenue (total),rev_tot,2014,nominal_growth_pct,-5.620040725676157
ACTUAL,8 Fiscal,Budget revenue (total),rev_tot,2015,nominal_growth_pct,-4.905274827994733
ACTUAL,8 Fiscal,Budget revenue (total),rev_tot,2016,nominal_growth_pct,0.04388787289975049
ACTUAL,8 Fiscal,Budget revenue (total),rev_tot,2017,nominal_growth_pct,-5.649477930862368
ACTUAL,8 Fiscal,Budget revenue (total),rev_tot,2018,nominal_growth_pct,36.27969872916501
ACTUAL,8 Fiscal,Budget revenue (total),rev_tot,2019,nominal_growth_pct,7.593397796401402
ACTUAL,8 Fiscal,Budget revenue (total),rev_tot,2020,nominal_growth_pct,1.914270731395118
ACTUAL,8 Fiscal,Budget revenue (total),rev_tot,2021,nominal_growth_pct,6.946806743457712
ACTUAL,8 Fiscal,Budget revenue (total),rev_tot,2022,nominal_growth_pct,16.227115435540362
ACTUAL,8 Fiscal,Budget revenue (total),rev_tot,2023,nominal_growth_pct,14.852673933432925
ACTUAL,8 Fiscal,Budget revenue (total),rev_tot,2024,nominal_growth_pct,5.464362342545348
ACTUAL,8 Fiscal,Budget revenue (total),rev_tot,2025,nominal_growth_pct,5.442307262812629
ACTUAL,8 Fiscal,Budget revenue (total),rev_tot,2010,real,12981.123685046221
ACTUAL,8 Fiscal,Budget revenue (total),rev_tot,2011,real,14587.797690581838
ACTUAL,8 Fiscal,Budget revenue (total),rev_tot,2012,real,15611.92851219196
ACTUAL,8 Fiscal,Budget revenue (total),rev_tot,2013,real,17533.090962683516
ACTUAL,8 Fiscal,Budget revenue (total),rev_tot,2014,real,16771.204090740266
ACTUAL,8 Fiscal,Budget revenue (total),rev_tot,2015,real,17498.0
ACTUAL,8 Fiscal,Budget revenue (total),rev_tot,2016,real,15265.950742777683
ACTUAL,8 Fiscal,Budget revenue (total),rev_tot,2017,real,12398.387392283354
ACTUAL,8 Fiscal,Budget revenue (total),rev_tot,2018,real,15061.285837983394
ACTUAL,8 Fiscal,Budget revenue (total),rev_tot,2019,real,16244.147590133975
ACTUAL,8 Fiscal,Budget revenue (total),rev_tot,2020,real,17895.98442295917
ACTUAL,8 Fiscal,Budget revenue (total),rev_tot,2021,real,15738.455277457508
ACTUAL,8 Fiscal,Budget revenue (total),rev_tot,2022,real,13323.881422843351
ACTUAL,8 Fiscal,Budget revenue (total),rev_tot,2023,real,16883.710566660277
ACTUAL,8 Fiscal,Budget revenue (total),rev_tot,2024,real,18056.18454034568
ACTUAL,8 Fiscal,Budget revenue (total),rev_tot,2025,real,18921.100064633738
ACTUAL,8 Fiscal,Budget revenue (total),rev_tot,2011,real_growth_pct,12.377002519330782
ACTUAL,8 Fiscal,Budget revenue (total),rev_tot,2012,real_growth_pct,7.02046219266752
ACTUAL,8 Fiscal,Budget revenue (total),rev_tot,2013,real_growth_pct,12.305734355568209
ACTUAL,8 Fiscal,Budget revenue (total),rev_tot,2014,real_growth_pct,-4.345422456113468
ACTUAL,8 Fiscal,Budget revenue (total),rev_tot,2015,real_growth_pct,4.333594089770898
ACTUAL,8 Fiscal,Budget revenue (total),rev_tot,2016,real_growth_pct,-12.756025015557881
ACTUAL,8 Fiscal,Budget revenue (total),rev_tot,2017,real_growth_pct,-18.784046921224164
ACTUAL,8 Fiscal,Budget revenue (total),rev_tot,2018,real_growth_pct,21.47778062941803
ACTUAL,8 Fiscal,Budget revenue (total),rev_tot,2019,real_growth_pct,7.853657150357596
ACTUAL,8 Fiscal,Budget revenue (total),rev_tot,2020,real_growth_pct,10.168812020819429
ACTUAL,8 Fiscal,Budget revenue (total),rev_tot,2021,real_growth_pct,-12.055940005925114
ACTUAL,8 Fiscal,Budget revenue (total),rev_tot,2022,real_growth_pct,-15.341873214664192
ACTUAL,8 Fiscal,Budget revenue (total),rev_tot,2023,real_growth_pct,26.71765854740884
ACTUAL,8 Fiscal,Budget revenue (total),rev_tot,2024,real_growth_pct,6.944409340922064
ACTUAL,8 Fiscal,Budget revenue (total),rev_tot,2025,real_growth_pct,4.790134495775922
ACTUAL,8 Fiscal,Capital expenditure,exp_cap,2005,deflator,0.5537940267285424
ACTUAL,8 Fiscal,Capital expenditure,exp_cap,2006,deflator,0.6163795032945815
ACTUAL,8 Fiscal,Capital expenditure,exp_cap,2007,deflator,0.7459999745307733
ACTUAL,8 Fiscal,Capital expenditure,exp_cap,2008,deflator,0.9528669011075158
ACTUAL,8 Fiscal,Capital expenditure,exp_cap,2009,deflator,0.7732738139968387
ACTUAL,8 Fiscal,Capital expenditure,exp_cap,2010,deflator,0.8784293468473641
ACTUAL,8 Fiscal,Capital expenditure,exp_cap,2011,deflator,1.0762899467776876
ACTUAL,8 Fiscal,Capital expenditure,exp_cap,2012,deflator,1.106942040280559
ACTUAL,8 Fiscal,Capital expenditure,exp_cap,2013,deflator,1.1119716450165502
ACTUAL,8 Fiscal,Capital expenditure,exp_cap,2014,deflator,1.0971543784479587
ACTUAL,8 Fiscal,Capital expenditure,exp_cap,2015,deflator,1.0
ACTUAL,8 Fiscal,Capital expenditure,exp_cap,2016,deflator,1.1467140039268062
ACTUAL,8 Fiscal,Capital expenditure,exp_cap,2017,deflator,1.3321651822461886
ACTUAL,8 Fiscal,Capital expenditure,exp_cap,2018,deflator,1.4944878705664213
ACTUAL,8 Fiscal,Capital expenditure,exp_cap,2019,deflator,1.490881553840909
ACTUAL,8 Fiscal,Capital expenditure,exp_cap,2020,deflator,1.3791753175832717
ACTUAL,8 Fiscal,Capital expenditure,exp_cap,2021,deflator,1.6771842937983827
ACTUAL,8 Fiscal,Capital expenditure,exp_cap,2022,deflator,2.30260578545834
ACTUAL,8 Fiscal,Capital expenditure,exp_cap,2023,deflator,2.0870053511566455
ACTUAL,8 Fiscal,Capital expenditure,exp_cap,2024,deflator,2.0581224387668198
ACTUAL,8 Fiscal,Capital expenditure,exp_cap,2025,deflator,2.0709313869779225
ACTUAL,8 Fiscal,Capital expenditure,exp_cap,2006,deflator_growth_pct,11.301219143831087
ACTUAL,8 Fiscal,Capital expenditure,exp_cap,2007,deflator_growth_pct,21.02932861059841
ACTUAL,8 Fiscal,Capital expenditure,exp_cap,2008,deflator_growth_pct,27.730151962385776
ACTUAL,8 Fiscal,Capital expenditure,exp_cap,2009,deflator_growth_pct,-18.84765720185435
ACTUAL,8 Fiscal,Capital expenditure,exp_cap,2010,deflator_growth_pct,13.5987448361927
ACTUAL,8 Fiscal,Capital expenditure,exp_cap,2011,deflator_growth_pct,22.52436130924298
ACTUAL,8 Fiscal,Capital expenditure,exp_cap,2012,deflator_growth_pct,2.8479401479722943
ACTUAL,8 Fiscal,Capital expenditure,exp_cap,2013,deflator_growth_pct,0.45436929423301464
ACTUAL,8 Fiscal,Capital expenditure,exp_cap,2014,deflator_growth_pct,-1.3325219788649312
ACTUAL,8 Fiscal,Capital expenditure,exp_cap,2015,deflator_growth_pct,-8.8551237962878
ACTUAL,8 Fiscal,Capital expenditure,exp_cap,2016,deflator_growth_pct,14.671400392680622
ACTUAL,8 Fiscal,Capital expenditure,exp_cap,2017,deflator_growth_pct,16.172400239669482
ACTUAL,8 Fiscal,Capital expenditure,exp_cap,2018,deflator_growth_pct,12.184876956965462
ACTUAL,8 Fiscal,Capital expenditure,exp_cap,2019,deflator_growth_pct,-0.24130786181258967
ACTUAL,8 Fiscal,Capital expenditure,exp_cap,2020,deflator_growth_pct,-7.492629845063958
ACTUAL,8 Fiscal,Capital expenditure,exp_cap,2021,deflator_growth_pct,21.60776606249828
ACTUAL,8 Fiscal,Capital expenditure,exp_cap,2022,deflator_growth_pct,37.28996831013374
ACTUAL,8 Fiscal,Capital expenditure,exp_cap,2023,deflator_growth_pct,-9.363323746655949
ACTUAL,8 Fiscal,Capital expenditure,exp_cap,2024,deflator_growth_pct,-1.383940504695802
ACTUAL,8 Fiscal,Capital expenditure,exp_cap,2025,deflator_growth_pct,0.6223608454887453
ACTUAL,8 Fiscal,Capital expenditure,exp_cap,2010,nominal,5027.9
ACTUAL,8 Fiscal,Capital expenditure,exp_cap,2011,nominal,7938.3
ACTUAL,8 Fiscal,Capital expenditure,exp_cap,2012,nominal,7925.9
ACTUAL,8 Fiscal,Capital expenditure,exp_cap,2013,nominal,9222.0
ACTUAL,8 Fiscal,Capital expenditure,exp_cap,2014,nominal,8432.5
ACTUAL,8 Fiscal,Capital expenditure,exp_cap,2015,nominal,7316.9
ACTUAL,8 Fiscal,Capital expenditure,exp_cap,2016,nominal,4283.8
ACTUAL,8 Fiscal,Capital expenditure,exp_cap,2017,nominal,5174.8
ACTUAL,8 Fiscal,Capital expenditure,exp_cap,2018,nominal,9077.26
ACTUAL,8 Fiscal,Capital expenditure,exp_cap,2019,nominal,9372.2
ACTUAL,8 Fiscal,Capital expenditure,exp_cap,2020,nominal,8033.2
ACTUAL,8 Fiscal,Capital expenditure,exp_cap,2021,nominal,8625.4
ACTUAL,8 Fiscal,Capital expenditure,exp_cap,2022,nominal,12533.0
ACTUAL,8 Fiscal,Capital expenditure,exp_cap,2023,nominal,15442.2
ACTUAL,8 Fiscal,Capital expenditure,exp_cap,2024,nominal,14623.8
ACTUAL,8 Fiscal,Capital expenditure,exp_cap,2025,nominal,14387.9
ACTUAL,8 Fiscal,Capital expenditure,exp_cap,2011,nominal_growth_pct,57.885001690566654
ACTUAL,8 Fiscal,Capital expenditure,exp_cap,2012,nominal_growth_pct,-0.15620472897220905
ACTUAL,8 Fiscal,Capital expenditure,exp_cap,2013,nominal_growth_pct,16.3527170415978
ACTUAL,8 Fiscal,Capital expenditure,exp_cap,2014,nominal_growth_pct,-8.56104966384732
ACTUAL,8 Fiscal,Capital expenditure,exp_cap,2015,nominal_growth_pct,-13.229765787133118
ACTUAL,8 Fiscal,Capital expenditure,exp_cap,2016,nominal_growth_pct,-41.453347729229584
ACTUAL,8 Fiscal,Capital expenditure,exp_cap,2017,nominal_growth_pct,20.799290349689525
ACTUAL,8 Fiscal,Capital expenditure,exp_cap,2018,nominal_growth_pct,75.41276957563576
ACTUAL,8 Fiscal,Capital expenditure,exp_cap,2019,nominal_growth_pct,3.2492183764704308
ACTUAL,8 Fiscal,Capital expenditure,exp_cap,2020,nominal_growth_pct,-14.286933697531001
ACTUAL,8 Fiscal,Capital expenditure,exp_cap,2021,nominal_growth_pct,7.371906587661203
ACTUAL,8 Fiscal,Capital expenditure,exp_cap,2022,nominal_growth_pct,45.303406218842035
ACTUAL,8 Fiscal,Capital expenditure,exp_cap,2023,nominal_growth_pct,23.212319476581822
ACTUAL,8 Fiscal,Capital expenditure,exp_cap,2024,nominal_growth_pct,-5.299762987139145
ACTUAL,8 Fiscal,Capital expenditure,exp_cap,2025,nominal_growth_pct,-1.6131238118683222
ACTUAL,8 Fiscal,Capital expenditure,exp_cap,2010,real,5723.738645623423
ACTUAL,8 Fiscal,Capital expenditure,exp_cap,2011,real,7375.614743746826
ACTUAL,8 Fiscal,Capital expenditure,exp_cap,2012,real,7160.1761533884355
ACTUAL,8 Fiscal,Capital expenditure,exp_cap,2013,real,8293.376941156394
ACTUAL,8 Fiscal,Capital expenditure,exp_cap,2014,real,7685.791685878031
ACTUAL,8 Fiscal,Capital expenditure,exp_cap,2015,real,7316.9
ACTUAL,8 Fiscal,Capital expenditure,exp_cap,2016,real,3735.7178732714174
ACTUAL,8 Fiscal,Capital expenditure,exp_cap,2017,real,3884.50326503405
ACTUAL,8 Fiscal,Capital expenditure,exp_cap,2018,real,6073.826478470953
ACTUAL,8 Fiscal,Capital expenditure,exp_cap,2019,real,6286.347816065409
ACTUAL,8 Fiscal,Capital expenditure,exp_cap,2020,real,5824.640201708781
ACTUAL,8 Fiscal,Capital expenditure,exp_cap,2021,real,5142.786056304957
ACTUAL,8 Fiscal,Capital expenditure,exp_cap,2022,real,5442.963827829205
ACTUAL,8 Fiscal,Capital expenditure,exp_cap,2023,real,7399.214377405277
ACTUAL,8 Fiscal,Capital expenditure,exp_cap,2024,real,7105.408174239745
ACTUAL,8 Fiscal,Capital expenditure,exp_cap,2025,real,6947.550310199333
ACTUAL,8 Fiscal,Capital expenditure,exp_cap,2011,real_growth_pct,28.860089539316892
ACTUAL,8 Fiscal,Capital expenditure,exp_cap,2012,real_growth_pct,-2.920957748519104
ACTUAL,8 Fiscal,Capital expenditure,exp_cap,2013,real_growth_pct,15.826437276011562
ACTUAL,8 Fiscal,Capital expenditure,exp_cap,2014,real_growth_pct,-7.326150247231422
ACTUAL,8 Fiscal,Capital expenditure,exp_cap,2015,real_growth_pct,-4.7996576143982335
ACTUAL,8 Fiscal,Capital expenditure,exp_cap,2016,real_growth_pct,-48.943980739501455
ACTUAL,8 Fiscal,Capital expenditure,exp_cap,2017,real_growth_pct,3.9827791286695557
ACTUAL,8 Fiscal,Capital expenditure,exp_cap,2018,real_growth_pct,56.36044209677635
ACTUAL,8 Fiscal,Capital expenditure,exp_cap,2019,real_growth_pct,3.498969526833706
ACTUAL,8 Fiscal,Capital expenditure,exp_cap,2020,real_growth_pct,-7.344608155098986
ACTUAL,8 Fiscal,Capital expenditure,exp_cap,2021,real_growth_pct,-11.70637364353918
ACTUAL,8 Fiscal,Capital expenditure,exp_cap,2022,real_growth_pct,5.836870681334982
ACTUAL,8 Fiscal,Capital expenditure,exp_cap,2023,real_growth_pct,35.94090667246408
ACTUAL,8 Fiscal,Capital expenditure,exp_cap,2024,real_growth_pct,-3.9707756550846574
ACTUAL,8 Fiscal,Capital expenditure,exp_cap,2025,real_growth_pct,-2.221657928290688
ACTUAL,8 Fiscal,Current expenditure,exp_cur,2005,deflator,0.5537940267285424
ACTUAL,8 Fiscal,Current expenditure,exp_cur,2006,deflator,0.6163795032945815
ACTUAL,8 Fiscal,Current expenditure,exp_cur,2007,deflator,0.7459999745307733
ACTUAL,8 Fiscal,Current expenditure,exp_cur,2008,deflator,0.9528669011075158
ACTUAL,8 Fiscal,Current expenditure,exp_cur,2009,deflator,0.7732738139968387
ACTUAL,8 Fiscal,Current expenditure,exp_cur,2010,deflator,0.8784293468473641
ACTUAL,8 Fiscal,Current expenditure,exp_cur,2011,deflator,1.0762899467776876
ACTUAL,8 Fiscal,Current expenditure,exp_cur,2012,deflator,1.106942040280559
ACTUAL,8 Fiscal,Current expenditure,exp_cur,2013,deflator,1.1119716450165502
ACTUAL,8 Fiscal,Current expenditure,exp_cur,2014,deflator,1.0971543784479587
ACTUAL,8 Fiscal,Current expenditure,exp_cur,2015,deflator,1.0
ACTUAL,8 Fiscal,Current expenditure,exp_cur,2016,deflator,1.1467140039268062
ACTUAL,8 Fiscal,Current expenditure,exp_cur,2017,deflator,1.3321651822461886
ACTUAL,8 Fiscal,Current expenditure,exp_cur,2018,deflator,1.4944878705664213
ACTUAL,8 Fiscal,Current expenditure,exp_cur,2019,deflator,1.490881553840909
ACTUAL,8 Fiscal,Current expenditure,exp_cur,2020,deflator,1.3791753175832717
ACTUAL,8 Fiscal,Current expenditure,exp_cur,2021,deflator,1.6771842937983827
ACTUAL,8 Fiscal,Current expenditure,exp_cur,2022,deflator,2.30260578545834
ACTUAL,8 Fiscal,Current expenditure,exp_cur,2023,deflator,2.0870053511566455
ACTUAL,8 Fiscal,Current expenditure,exp_cur,2024,deflator,2.0581224387668198
ACTUAL,8 Fiscal,Current expenditure,exp_cur,2025,deflator,2.0709313869779225
ACTUAL,8 Fiscal,Current expenditure,exp_cur,2006,deflator_growth_pct,11.301219143831087
ACTUAL,8 Fiscal,Current expenditure,exp_cur,2007,deflator_growth_pct,21.02932861059841
ACTUAL,8 Fiscal,Current expenditure,exp_cur,2008,deflator_growth_pct,27.730151962385776
ACTUAL,8 Fiscal,Current expenditure,exp_cur,2009,deflator_growth_pct,-18.84765720185435
ACTUAL,8 Fiscal,Current expenditure,exp_cur,2010,deflator_growth_pct,13.5987448361927
ACTUAL,8 Fiscal,Current expenditure,exp_cur,2011,deflator_growth_pct,22.52436130924298
ACTUAL,8 Fiscal,Current expenditure,exp_cur,2012,deflator_growth_pct,2.8479401479722943
ACTUAL,8 Fiscal,Current expenditure,exp_cur,2013,deflator_growth_pct,0.45436929423301464
ACTUAL,8 Fiscal,Current expenditure,exp_cur,2014,deflator_growth_pct,-1.3325219788649312
ACTUAL,8 Fiscal,Current expenditure,exp_cur,2015,deflator_growth_pct,-8.8551237962878
ACTUAL,8 Fiscal,Current expenditure,exp_cur,2016,deflator_growth_pct,14.671400392680622
ACTUAL,8 Fiscal,Current expenditure,exp_cur,2017,deflator_growth_pct,16.172400239669482
ACTUAL,8 Fiscal,Current expenditure,exp_cur,2018,deflator_growth_pct,12.184876956965462
ACTUAL,8 Fiscal,Current expenditure,exp_cur,2019,deflator_growth_pct,-0.24130786181258967
ACTUAL,8 Fiscal,Current expenditure,exp_cur,2020,deflator_growth_pct,-7.492629845063958
ACTUAL,8 Fiscal,Current expenditure,exp_cur,2021,deflator_growth_pct,21.60776606249828
ACTUAL,8 Fiscal,Current expenditure,exp_cur,2022,deflator_growth_pct,37.28996831013374
ACTUAL,8 Fiscal,Current expenditure,exp_cur,2023,deflator_growth_pct,-9.363323746655949
ACTUAL,8 Fiscal,Current expenditure,exp_cur,2024,deflator_growth_pct,-1.383940504695802
ACTUAL,8 Fiscal,Current expenditure,exp_cur,2025,deflator_growth_pct,0.6223608454887453
ACTUAL,8 Fiscal,Current expenditure,exp_cur,2010,nominal,6646.3
ACTUAL,8 Fiscal,Current expenditure,exp_cur,2011,nominal,7115.4
ACTUAL,8 Fiscal,Current expenditure,exp_cur,2012,nominal,9278.23
ACTUAL,8 Fiscal,Current expenditure,exp_cur,2013,nominal,9193.299999999997
ACTUAL,8 Fiscal,Current expenditure,exp_cur,2014,nominal,9897.600000000002
ACTUAL,8 Fiscal,Current expenditure,exp_cur,2015,nominal,9763.1
ACTUAL,8 Fiscal,Current expenditure,exp_cur,2016,nominal,11698.4
ACTUAL,8 Fiscal,Current expenditure,exp_cur,2017,nominal,10906.1
ACTUAL,8 Fiscal,Current expenditure,exp_cur,2018,nominal,11418.8
ACTUAL,8 Fiscal,Current expenditure,exp_cur,2019,nominal,13528.9
ACTUAL,8 Fiscal,Current expenditure,exp_cur,2020,nominal,16656.9
ACTUAL,8 Fiscal,Current expenditure,exp_cur,2021,nominal,16588.3
ACTUAL,8 Fiscal,Current expenditure,exp_cur,2022,nominal,17739.9
ACTUAL,8 Fiscal,Current expenditure,exp_cur,2023,nominal,19833.8
ACTUAL,8 Fiscal,Current expenditure,exp_cur,2024,nominal,21800.3
ACTUAL,8 Fiscal,Current expenditure,exp_cur,2025,nominal,22116.2
ACTUAL,8 Fiscal,Current expenditure,exp_cur,2011,nominal_growth_pct,7.0580623805726495
ACTUAL,8 Fiscal,Current expenditure,exp_cur,2012,nominal_growth_pct,30.396464007645395
ACTUAL,8 Fiscal,Current expenditure,exp_cur,2013,nominal_growth_pct,-0.915368556287155
ACTUAL,8 Fiscal,Current expenditure,exp_cur,2014,nominal_growth_pct,7.661013999325639
ACTUAL,8 Fiscal,Current expenditure,exp_cur,2015,nominal_growth_pct,-1.3589152925962078
ACTUAL,8 Fiscal,Current expenditure,exp_cur,2016,nominal_growth_pct,19.822597330765834
ACTUAL,8 Fiscal,Current expenditure,exp_cur,2017,nominal_growth_pct,-6.772721055870878
ACTUAL,8 Fiscal,Current expenditure,exp_cur,2018,nominal_growth_pct,4.7010388681563375
ACTUAL,8 Fiscal,Current expenditure,exp_cur,2019,nominal_growth_pct,18.479174694363685
ACTUAL,8 Fiscal,Current expenditure,exp_cur,2020,nominal_growth_pct,23.120874572212102
ACTUAL,8 Fiscal,Current expenditure,exp_cur,2021,nominal_growth_pct,-0.4118413390246767
ACTUAL,8 Fiscal,Current expenditure,exp_cur,2022,nominal_growth_pct,6.9422424238770875
ACTUAL,8 Fiscal,Current expenditure,exp_cur,2023,nominal_growth_pct,11.80333598272818
ACTUAL,8 Fiscal,Current expenditure,exp_cur,2024,nominal_growth_pct,9.914892758825843
ACTUAL,8 Fiscal,Current expenditure,exp_cur,2025,nominal_growth_pct,1.4490626275785345
ACTUAL,8 Fiscal,Current expenditure,exp_cur,2010,real,7566.11789423158
ACTUAL,8 Fiscal,Current expenditure,exp_cur,2011,real,6611.043818910367
ACTUAL,8 Fiscal,Current expenditure,exp_cur,2012,real,8381.857100348627
ACTUAL,8 Fiscal,Current expenditure,exp_cur,2013,real,8267.566930506728
ACTUAL,8 Fiscal,Current expenditure,exp_cur,2014,real,9021.15526713862
ACTUAL,8 Fiscal,Current expenditure,exp_cur,2015,real,9763.1
ACTUAL,8 Fiscal,Current expenditure,exp_cur,2016,real,10201.671872794795
ACTUAL,8 Fiscal,Current expenditure,exp_cur,2017,real,8186.747518510446
ACTUAL,8 Fiscal,Current expenditure,exp_cur,2018,real,7640.610690050094
ACTUAL,8 Fiscal,Current expenditure,exp_cur,2019,real,9074.429799702022
ACTUAL,8 Fiscal,Current expenditure,exp_cur,2020,real,12077.434817487801
ACTUAL,8 Fiscal,Current expenditure,exp_cur,2021,real,9890.564836158732
ACTUAL,8 Fiscal,Current expenditure,exp_cur,2022,real,7704.271444132078
ACTUAL,8 Fiscal,Current expenditure,exp_cur,2023,real,9503.473476485266
ACTUAL,8 Fiscal,Current expenditure,exp_cur,2024,real,10592.324144263372
ACTUAL,8 Fiscal,Current expenditure,exp_cur,2025,real,10679.34946520552
ACTUAL,8 Fiscal,Current expenditure,exp_cur,2011,real_growth_pct,-12.62303982930748
ACTUAL,8 Fiscal,Current expenditure,exp_cur,2012,real_growth_pct,26.78568362189626
ACTUAL,8 Fiscal,Current expenditure,exp_cur,2013,real_growth_pct,-1.3635423328458462
ACTUAL,8 Fiscal,Current expenditure,exp_cur,2014,real_growth_pct,9.114995293853688
ACTUAL,8 Fiscal,Current expenditure,exp_cur,2015,real_growth_pct,8.224497981584067
ACTUAL,8 Fiscal,Current expenditure,exp_cur,2016,real_growth_pct,4.492137464481516
ACTUAL,8 Fiscal,Current expenditure,exp_cur,2017,real_growth_pct,-19.750922980160034
ACTUAL,8 Fiscal,Current expenditure,exp_cur,2018,real_growth_pct,-6.670986581979266
ACTUAL,8 Fiscal,Current expenditure,exp_cur,2019,real_growth_pct,18.765765824439985
ACTUAL,8 Fiscal,Current expenditure,exp_cur,2020,real_growth_pct,33.093043685063165
ACTUAL,8 Fiscal,Current expenditure,exp_cur,2021,real_growth_pct,-18.107073351060777
ACTUAL,8 Fiscal,Current expenditure,exp_cur,2022,real_growth_pct,-22.104838583473263
ACTUAL,8 Fiscal,Current expenditure,exp_cur,2023,real_growth_pct,23.35330531121851
ACTUAL,8 Fiscal,Current expenditure,exp_cur,2024,real_growth_pct,11.457396818881872
ACTUAL,8 Fiscal,Current expenditure,exp_cur,2025,real_growth_pct,0.821588536726181
ACTUAL,8 Fiscal,Non-oil revenue,rev_non,2005,deflator,0.5537940267285424
ACTUAL,8 Fiscal,Non-oil revenue,rev_non,2006,deflator,0.6163795032945815
ACTUAL,8 Fiscal,Non-oil revenue,rev_non,2007,deflator,0.7459999745307733
ACTUAL,8 Fiscal,Non-oil revenue,rev_non,2008,deflator,0.9528669011075158
ACTUAL,8 Fiscal,Non-oil revenue,rev_non,2009,deflator,0.7732738139968387
ACTUAL,8 Fiscal,Non-oil revenue,rev_non,2010,deflator,0.8784293468473641
ACTUAL,8 Fiscal,Non-oil revenue,rev_non,2011,deflator,1.0762899467776876
ACTUAL,8 Fiscal,Non-oil revenue,rev_non,2012,deflator,1.106942040280559
ACTUAL,8 Fiscal,Non-oil revenue,rev_non,2013,deflator,1.1119716450165502
ACTUAL,8 Fiscal,Non-oil revenue,rev_non,2014,deflator,1.0971543784479587
ACTUAL,8 Fiscal,Non-oil revenue,rev_non,2015,deflator,1.0
ACTUAL,8 Fiscal,Non-oil revenue,rev_non,2016,deflator,1.1467140039268062
ACTUAL,8 Fiscal,Non-oil revenue,rev_non,2017,deflator,1.3321651822461886
ACTUAL,8 Fiscal,Non-oil revenue,rev_non,2018,deflator,1.4944878705664213
ACTUAL,8 Fiscal,Non-oil revenue,rev_non,2019,deflator,1.490881553840909
ACTUAL,8 Fiscal,Non-oil revenue,rev_non,2020,deflator,1.3791753175832717
ACTUAL,8 Fiscal,Non-oil revenue,rev_non,2021,deflator,1.6771842937983827
ACTUAL,8 Fiscal,Non-oil revenue,rev_non,2022,deflator,2.30260578545834
ACTUAL,8 Fiscal,Non-oil revenue,rev_non,2023,deflator,2.0870053511566455
ACTUAL,8 Fiscal,Non-oil revenue,rev_non,2024,deflator,2.0581224387668198
ACTUAL,8 Fiscal,Non-oil revenue,rev_non,2025,deflator,2.0709313869779225
ACTUAL,8 Fiscal,Non-oil revenue,rev_non,2006,deflator_growth_pct,11.301219143831087
ACTUAL,8 Fiscal,Non-oil revenue,rev_non,2007,deflator_growth_pct,21.02932861059841
ACTUAL,8 Fiscal,Non-oil revenue,rev_non,2008,deflator_growth_pct,27.730151962385776
ACTUAL,8 Fiscal,Non-oil revenue,rev_non,2009,deflator_growth_pct,-18.84765720185435
ACTUAL,8 Fiscal,Non-oil revenue,rev_non,2010,deflator_growth_pct,13.5987448361927
ACTUAL,8 Fiscal,Non-oil revenue,rev_non,2011,deflator_growth_pct,22.52436130924298
ACTUAL,8 Fiscal,Non-oil revenue,rev_non,2012,deflator_growth_pct,2.8479401479722943
ACTUAL,8 Fiscal,Non-oil revenue,rev_non,2013,deflator_growth_pct,0.45436929423301464
ACTUAL,8 Fiscal,Non-oil revenue,rev_non,2014,deflator_growth_pct,-1.3325219788649312
ACTUAL,8 Fiscal,Non-oil revenue,rev_non,2015,deflator_growth_pct,-8.8551237962878
ACTUAL,8 Fiscal,Non-oil revenue,rev_non,2016,deflator_growth_pct,14.671400392680622
ACTUAL,8 Fiscal,Non-oil revenue,rev_non,2017,deflator_growth_pct,16.172400239669482
ACTUAL,8 Fiscal,Non-oil revenue,rev_non,2018,deflator_growth_pct,12.184876956965462
ACTUAL,8 Fiscal,Non-oil revenue,rev_non,2019,deflator_growth_pct,-0.24130786181258967
ACTUAL,8 Fiscal,Non-oil revenue,rev_non,2020,deflator_growth_pct,-7.492629845063958
ACTUAL,8 Fiscal,Non-oil revenue,rev_non,2021,deflator_growth_pct,21.60776606249828
ACTUAL,8 Fiscal,Non-oil revenue,rev_non,2022,deflator_growth_pct,37.28996831013374
ACTUAL,8 Fiscal,Non-oil revenue,rev_non,2023,deflator_growth_pct,-9.363323746655949
ACTUAL,8 Fiscal,Non-oil revenue,rev_non,2024,deflator_growth_pct,-1.383940504695802
ACTUAL,8 Fiscal,Non-oil revenue,rev_non,2025,deflator_growth_pct,0.6223608454887453
ACTUAL,8 Fiscal,Non-oil revenue,rev_non,2010,nominal,3553.3
ACTUAL,8 Fiscal,Non-oil revenue,rev_non,2011,nominal,4109.0
ACTUAL,8 Fiscal,Non-oil revenue,rev_non,2012,nominal,4641.8
ACTUAL,8 Fiscal,Non-oil revenue,rev_non,2013,nominal,5247.5
ACTUAL,8 Fiscal,Non-oil revenue,rev_non,2014,nominal,6256.500000000001
ACTUAL,8 Fiscal,Non-oil revenue,rev_non,2015,nominal,7278.0999999999985
ACTUAL,8 Fiscal,Non-oil revenue,rev_non,2016,nominal,8280.6468
ACTUAL,8 Fiscal,Non-oil revenue,rev_non,2017,nominal,8632.7
ACTUAL,8 Fiscal,Non-oil revenue,rev_non,2018,nominal,9108.442
ACTUAL,8 Fiscal,Non-oil revenue,rev_non,2019,nominal,10613.5
ACTUAL,8 Fiscal,Non-oil revenue,rev_non,2020,nominal,10679.599999999999
ACTUAL,8 Fiscal,Non-oil revenue,rev_non,2021,nominal,12860.050000000003
ACTUAL,8 Fiscal,Non-oil revenue,rev_non,2022,nominal,15350.0
ACTUAL,8 Fiscal,Non-oil revenue,rev_non,2023,nominal,17080.0
ACTUAL,8 Fiscal,Non-oil revenue,rev_non,2024,nominal,19600.3
ACTUAL,8 Fiscal,Non-oil revenue,rev_non,2025,nominal,20355.9
ACTUAL,8 Fiscal,Non-oil revenue,rev_non,2011,nominal_growth_pct,15.638983480145207
ACTUAL,8 Fiscal,Non-oil revenue,rev_non,2012,nominal_growth_pct,12.966658554392808
ACTUAL,8 Fiscal,Non-oil revenue,rev_non,2013,nominal_growth_pct,13.048817269162827
ACTUAL,8 Fiscal,Non-oil revenue,rev_non,2014,nominal_growth_pct,19.22820390662221
ACTUAL,8 Fiscal,Non-oil revenue,rev_non,2015,nominal_growth_pct,16.328618237033442
ACTUAL,8 Fiscal,Non-oil revenue,rev_non,2016,nominal_growth_pct,13.774842335224879
ACTUAL,8 Fiscal,Non-oil revenue,rev_non,2017,nominal_growth_pct,4.251518130202103
ACTUAL,8 Fiscal,Non-oil revenue,rev_non,2018,nominal_growth_pct,5.5109293731972375
ACTUAL,8 Fiscal,Non-oil revenue,rev_non,2019,nominal_growth_pct,16.523769926843702
ACTUAL,8 Fiscal,Non-oil revenue,rev_non,2020,nominal_growth_pct,0.6227917275168249
ACTUAL,8 Fiscal,Non-oil revenue,rev_non,2021,nominal_growth_pct,20.4169631821417
ACTUAL,8 Fiscal,Non-oil revenue,rev_non,2022,nominal_growth_pct,19.361899837092356
ACTUAL,8 Fiscal,Non-oil revenue,rev_non,2023,nominal_growth_pct,11.270358306188921
ACTUAL,8 Fiscal,Non-oil revenue,rev_non,2024,nominal_growth_pct,14.755854800936774
ACTUAL,8 Fiscal,Non-oil revenue,rev_non,2025,nominal_growth_pct,3.855043035055594
ACTUAL,8 Fiscal,Non-oil revenue,rev_non,2010,real,4045.060667374791
ACTUAL,8 Fiscal,Non-oil revenue,rev_non,2011,real,3817.744477036105
ACTUAL,8 Fiscal,Non-oil revenue,rev_non,2012,real,4193.354151427402
ACTUAL,8 Fiscal,Non-oil revenue,rev_non,2013,real,4719.095152756254
ACTUAL,8 Fiscal,Non-oil revenue,rev_non,2014,real,5702.479179685254
ACTUAL,8 Fiscal,Non-oil revenue,rev_non,2015,real,7278.0999999999985
ACTUAL,8 Fiscal,Non-oil revenue,rev_non,2016,real,7221.196193334836
ACTUAL,8 Fiscal,Non-oil revenue,rev_non,2017,real,6480.2023916015005
ACTUAL,8 Fiscal,Non-oil revenue,rev_non,2018,real,6094.691150987955
ACTUAL,8 Fiscal,Non-oil revenue,rev_non,2019,real,7118.942462368515
ACTUAL,8 Fiscal,Non-oil revenue,rev_non,2020,real,7743.468044884864
ACTUAL,8 Fiscal,Non-oil revenue,rev_non,2021,real,7667.642755511
ACTUAL,8 Fiscal,Non-oil revenue,rev_non,2022,real,6666.3603891469165
ACTUAL,8 Fiscal,Non-oil revenue,rev_non,2023,real,8183.975182686542
ACTUAL,8 Fiscal,Non-oil revenue,rev_non,2024,real,9523.388711384952
ACTUAL,8 Fiscal,Non-oil revenue,rev_non,2025,real,9829.345447173431
ACTUAL,8 Fiscal,Non-oil revenue,rev_non,2011,real_growth_pct,-5.619599037712641
ACTUAL,8 Fiscal,Non-oil revenue,rev_non,2012,real_growth_pct,9.83852315550726
ACTUAL,8 Fiscal,Non-oil revenue,rev_non,2013,real_growth_pct,12.53748150868419
ACTUAL,8 Fiscal,Non-oil revenue,rev_non,2014,real_growth_pct,20.83840217450672
ACTUAL,8 Fiscal,Non-oil revenue,rev_non,2015,real_growth_pct,27.630452837562313
ACTUAL,8 Fiscal,Non-oil revenue,rev_non,2016,real_growth_pct,-0.781849750143071
ACTUAL,8 Fiscal,Non-oil revenue,rev_non,2017,real_growth_pct,-10.261371965177634
ACTUAL,8 Fiscal,Non-oil revenue,rev_non,2018,real_growth_pct,-5.949061731670257
ACTUAL,8 Fiscal,Non-oil revenue,rev_non,2019,real_growth_pct,16.805631097722305
ACTUAL,8 Fiscal,Non-oil revenue,rev_non,2020,real_growth_pct,8.772729739250696
ACTUAL,8 Fiscal,Non-oil revenue,rev_non,2021,real_growth_pct,-0.9792161462324644
ACTUAL,8 Fiscal,Non-oil revenue,rev_non,2022,real_growth_pct,-13.058542218133828
ACTUAL,8 Fiscal,Non-oil revenue,rev_non,2023,real_growth_pct,22.765267776557053
ACTUAL,8 Fiscal,Non-oil revenue,rev_non,2024,real_growth_pct,16.36629509253622
ACTUAL,8 Fiscal,Non-oil revenue,rev_non,2025,real_growth_pct,3.212687679362669
ACTUAL,8 Fiscal,Oil and gas revenue,rev_oil,2005,deflator,0.5537940267285424
ACTUAL,8 Fiscal,Oil and gas revenue,rev_oil,2006,deflator,0.6163795032945815
ACTUAL,8 Fiscal,Oil and gas revenue,rev_oil,2007,deflator,0.7459999745307733
ACTUAL,8 Fiscal,Oil and gas revenue,rev_oil,2008,deflator,0.9528669011075158
ACTUAL,8 Fiscal,Oil and gas revenue,rev_oil,2009,deflator,0.7732738139968387
ACTUAL,8 Fiscal,Oil and gas revenue,rev_oil,2010,deflator,0.8784293468473641
ACTUAL,8 Fiscal,Oil and gas revenue,rev_oil,2011,deflator,1.0762899467776876
ACTUAL,8 Fiscal,Oil and gas revenue,rev_oil,2012,deflator,1.106942040280559
ACTUAL,8 Fiscal,Oil and gas revenue,rev_oil,2013,deflator,1.1119716450165502
ACTUAL,8 Fiscal,Oil and gas revenue,rev_oil,2014,deflator,1.0971543784479587
ACTUAL,8 Fiscal,Oil and gas revenue,rev_oil,2015,deflator,1.0
ACTUAL,8 Fiscal,Oil and gas revenue,rev_oil,2016,deflator,1.1467140039268062
ACTUAL,8 Fiscal,Oil and gas revenue,rev_oil,2017,deflator,1.3321651822461886
ACTUAL,8 Fiscal,Oil and gas revenue,rev_oil,2018,deflator,1.4944878705664213
ACTUAL,8 Fiscal,Oil and gas revenue,rev_oil,2019,deflator,1.490881553840909
ACTUAL,8 Fiscal,Oil and gas revenue,rev_oil,2020,deflator,1.3791753175832717
ACTUAL,8 Fiscal,Oil and gas revenue,rev_oil,2021,deflator,1.6771842937983827
ACTUAL,8 Fiscal,Oil and gas revenue,rev_oil,2022,deflator,2.30260578545834
ACTUAL,8 Fiscal,Oil and gas revenue,rev_oil,2023,deflator,2.0870053511566455
ACTUAL,8 Fiscal,Oil and gas revenue,rev_oil,2024,deflator,2.0581224387668198
ACTUAL,8 Fiscal,Oil and gas revenue,rev_oil,2025,deflator,2.0709313869779225
ACTUAL,8 Fiscal,Oil and gas revenue,rev_oil,2006,deflator_growth_pct,11.301219143831087
ACTUAL,8 Fiscal,Oil and gas revenue,rev_oil,2007,deflator_growth_pct,21.02932861059841
ACTUAL,8 Fiscal,Oil and gas revenue,rev_oil,2008,deflator_growth_pct,27.730151962385776
ACTUAL,8 Fiscal,Oil and gas revenue,rev_oil,2009,deflator_growth_pct,-18.84765720185435
ACTUAL,8 Fiscal,Oil and gas revenue,rev_oil,2010,deflator_growth_pct,13.5987448361927
ACTUAL,8 Fiscal,Oil and gas revenue,rev_oil,2011,deflator_growth_pct,22.52436130924298
ACTUAL,8 Fiscal,Oil and gas revenue,rev_oil,2012,deflator_growth_pct,2.8479401479722943
ACTUAL,8 Fiscal,Oil and gas revenue,rev_oil,2013,deflator_growth_pct,0.45436929423301464
ACTUAL,8 Fiscal,Oil and gas revenue,rev_oil,2014,deflator_growth_pct,-1.3325219788649312
ACTUAL,8 Fiscal,Oil and gas revenue,rev_oil,2015,deflator_growth_pct,-8.8551237962878
ACTUAL,8 Fiscal,Oil and gas revenue,rev_oil,2016,deflator_growth_pct,14.671400392680622
ACTUAL,8 Fiscal,Oil and gas revenue,rev_oil,2017,deflator_growth_pct,16.172400239669482
ACTUAL,8 Fiscal,Oil and gas revenue,rev_oil,2018,deflator_growth_pct,12.184876956965462
ACTUAL,8 Fiscal,Oil and gas revenue,rev_oil,2019,deflator_growth_pct,-0.24130786181258967
ACTUAL,8 Fiscal,Oil and gas revenue,rev_oil,2020,deflator_growth_pct,-7.492629845063958
ACTUAL,8 Fiscal,Oil and gas revenue,rev_oil,2021,deflator_growth_pct,21.60776606249828
ACTUAL,8 Fiscal,Oil and gas revenue,rev_oil,2022,deflator_growth_pct,37.28996831013374
ACTUAL,8 Fiscal,Oil and gas revenue,rev_oil,2023,deflator_growth_pct,-9.363323746655949
ACTUAL,8 Fiscal,Oil and gas revenue,rev_oil,2024,deflator_growth_pct,-1.383940504695802
ACTUAL,8 Fiscal,Oil and gas revenue,rev_oil,2025,deflator_growth_pct,0.6223608454887453
ACTUAL,8 Fiscal,Oil and gas revenue,rev_oil,2010,nominal,7849.7
ACTUAL,8 Fiscal,Oil and gas revenue,rev_oil,2011,nominal,11591.7
ACTUAL,8 Fiscal,Oil and gas revenue,rev_oil,2012,nominal,12639.7
ACTUAL,8 Fiscal,Oil and gas revenue,rev_oil,2013,nominal,14248.8
ACTUAL,8 Fiscal,Oil and gas revenue,rev_oil,2014,nominal,12144.1
ACTUAL,8 Fiscal,Oil and gas revenue,rev_oil,2015,nominal,10219.9
ACTUAL,8 Fiscal,Oil and gas revenue,rev_oil,2016,nominal,9225.0327
ACTUAL,8 Fiscal,Oil and gas revenue,rev_oil,2017,nominal,7884.0
ACTUAL,8 Fiscal,Oil and gas revenue,rev_oil,2018,nominal,13400.467
ACTUAL,8 Fiscal,Oil and gas revenue,rev_oil,2019,nominal,13604.599999999999
ACTUAL,8 Fiscal,Oil and gas revenue,rev_oil,2020,nominal,14002.1
ACTUAL,8 Fiscal,Oil and gas revenue,rev_oil,2021,nominal,13536.24
ACTUAL,8 Fiscal,Oil and gas revenue,rev_oil,2022,nominal,15329.6
ACTUAL,8 Fiscal,Oil and gas revenue,rev_oil,2023,nominal,18156.4
ACTUAL,8 Fiscal,Oil and gas revenue,rev_oil,2024,nominal,17561.5
ACTUAL,8 Fiscal,Oil and gas revenue,rev_oil,2025,nominal,18828.388
ACTUAL,8 Fiscal,Oil and gas revenue,rev_oil,2011,nominal_growth_pct,47.67061161573054
ACTUAL,8 Fiscal,Oil and gas revenue,rev_oil,2012,nominal_growth_pct,9.040951715451563
ACTUAL,8 Fiscal,Oil and gas revenue,rev_oil,2013,nominal_growth_pct,12.7305236674921
ACTUAL,8 Fiscal,Oil and gas revenue,rev_oil,2014,nominal_growth_pct,-14.771068440851154
ACTUAL,8 Fiscal,Oil and gas revenue,rev_oil,2015,nominal_growth_pct,-15.844731186337402
ACTUAL,8 Fiscal,Oil and gas revenue,rev_oil,2016,nominal_growth_pct,-9.734608949206935
ACTUAL,8 Fiscal,Oil and gas revenue,rev_oil,2017,nominal_growth_pct,-14.536888308265826
ACTUAL,8 Fiscal,Oil and gas revenue,rev_oil,2018,nominal_growth_pct,69.97040842212077
ACTUAL,8 Fiscal,Oil and gas revenue,rev_oil,2019,nominal_growth_pct,1.5233275079144404
ACTUAL,8 Fiscal,Oil and gas revenue,rev_oil,2020,nominal_growth_pct,2.9218058597827445
ACTUAL,8 Fiscal,Oil and gas revenue,rev_oil,2021,nominal_growth_pct,-3.3270723677162772
ACTUAL,8 Fiscal,Oil and gas revenue,rev_oil,2022,nominal_growth_pct,13.248583062948072
ACTUAL,8 Fiscal,Oil and gas revenue,rev_oil,2023,nominal_growth_pct,18.440141947604637
ACTUAL,8 Fiscal,Oil and gas revenue,rev_oil,2024,nominal_growth_pct,-3.2765305897645036
ACTUAL,8 Fiscal,Oil and gas revenue,rev_oil,2025,nominal_growth_pct,7.214007915041409
ACTUAL,8 Fiscal,Oil and gas revenue,rev_oil,2010,real,8936.063017671431
ACTUAL,8 Fiscal,Oil and gas revenue,rev_oil,2011,real,10770.053213545732
ACTUAL,8 Fiscal,Oil and gas revenue,rev_oil,2012,real,11418.57436076456
ACTUAL,8 Fiscal,Oil and gas revenue,rev_oil,2013,real,12813.995809927263
ACTUAL,8 Fiscal,Oil and gas revenue,rev_oil,2014,real,11068.724911055013
ACTUAL,8 Fiscal,Oil and gas revenue,rev_oil,2015,real,10219.9
ACTUAL,8 Fiscal,Oil and gas revenue,rev_oil,2016,real,8044.75454944285
ACTUAL,8 Fiscal,Oil and gas revenue,rev_oil,2017,real,5918.185000681852
ACTUAL,8 Fiscal,Oil and gas revenue,rev_oil,2018,real,8966.594686995439
ACTUAL,8 Fiscal,Oil and gas revenue,rev_oil,2019,real,9125.20512776546
ACTUAL,8 Fiscal,Oil and gas revenue,rev_oil,2020,real,10152.516378074308
ACTUAL,8 Fiscal,Oil and gas revenue,rev_oil,2021,real,8070.812521946509
ACTUAL,8 Fiscal,Oil and gas revenue,rev_oil,2022,real,6657.5008613333275
ACTUAL,8 Fiscal,Oil and gas revenue,rev_oil,2023,real,8699.738115159833
ACTUAL,8 Fiscal,Oil and gas revenue,rev_oil,2024,real,8532.777092951988
ACTUAL,8 Fiscal,Oil and gas revenue,rev_oil,2025,real,9091.748822966061
ACTUAL,8 Fiscal,Oil and gas revenue,rev_oil,2011,real_growth_pct,20.523469812684958
ACTUAL,8 Fiscal,Oil and gas revenue,rev_oil,2012,real_growth_pct,6.021522218694031
ACTUAL,8 Fiscal,Oil and gas revenue,rev_oil,2013,real_growth_pct,12.220627593909782
ACTUAL,8 Fiscal,Oil and gas revenue,rev_oil,2014,real_growth_pct,-13.620036441093209
ACTUAL,8 Fiscal,Oil and gas revenue,rev_oil,2015,real_growth_pct,-7.6686783516251245
ACTUAL,8 Fiscal,Oil and gas revenue,rev_oil,2016,real_growth_pct,-21.283431839422594
ACTUAL,8 Fiscal,Oil and gas revenue,rev_oil,2017,real_growth_pct,-26.43423780913584
ACTUAL,8 Fiscal,Oil and gas revenue,rev_oil,2018,real_growth_pct,51.50919895140773
ACTUAL,8 Fiscal,Oil and gas revenue,rev_oil,2019,real_growth_pct,1.76890387384252
ACTUAL,8 Fiscal,Oil and gas revenue,rev_oil,2020,real_growth_pct,11.257952406823456
ACTUAL,8 Fiscal,Oil and gas revenue,rev_oil,2021,real_growth_pct,-20.50431418779596
ACTUAL,8 Fiscal,Oil and gas revenue,rev_oil,2022,real_growth_pct,-17.511392524235227
ACTUAL,8 Fiscal,Oil and gas revenue,rev_oil,2023,real_growth_pct,30.67573397831296
ACTUAL,8 Fiscal,Oil and gas revenue,rev_oil,2024,real_growth_pct,-1.9191499789735555
ACTUAL,8 Fiscal,Oil and gas revenue,rev_oil,2025,real_growth_pct,6.550876976216569
ACTUAL,8 Fiscal,"Public debt (external + domestic, MinFin)",debt,2005,deflator,0.5537940267285424
ACTUAL,8 Fiscal,"Public debt (external + domestic, MinFin)",debt,2006,deflator,0.6163795032945815
ACTUAL,8 Fiscal,"Public debt (external + domestic, MinFin)",debt,2007,deflator,0.7459999745307733
ACTUAL,8 Fiscal,"Public debt (external + domestic, MinFin)",debt,2008,deflator,0.9528669011075158
ACTUAL,8 Fiscal,"Public debt (external + domestic, MinFin)",debt,2009,deflator,0.7732738139968387
ACTUAL,8 Fiscal,"Public debt (external + domestic, MinFin)",debt,2010,deflator,0.8784293468473641
ACTUAL,8 Fiscal,"Public debt (external + domestic, MinFin)",debt,2011,deflator,1.0762899467776876
ACTUAL,8 Fiscal,"Public debt (external + domestic, MinFin)",debt,2012,deflator,1.106942040280559
ACTUAL,8 Fiscal,"Public debt (external + domestic, MinFin)",debt,2013,deflator,1.1119716450165502
ACTUAL,8 Fiscal,"Public debt (external + domestic, MinFin)",debt,2014,deflator,1.0971543784479587
ACTUAL,8 Fiscal,"Public debt (external + domestic, MinFin)",debt,2015,deflator,1.0
ACTUAL,8 Fiscal,"Public debt (external + domestic, MinFin)",debt,2016,deflator,1.1467140039268062
ACTUAL,8 Fiscal,"Public debt (external + domestic, MinFin)",debt,2017,deflator,1.3321651822461886
ACTUAL,8 Fiscal,"Public debt (external + domestic, MinFin)",debt,2018,deflator,1.4944878705664213
ACTUAL,8 Fiscal,"Public debt (external + domestic, MinFin)",debt,2019,deflator,1.490881553840909
ACTUAL,8 Fiscal,"Public debt (external + domestic, MinFin)",debt,2020,deflator,1.3791753175832717
ACTUAL,8 Fiscal,"Public debt (external + domestic, MinFin)",debt,2021,deflator,1.6771842937983827
ACTUAL,8 Fiscal,"Public debt (external + domestic, MinFin)",debt,2022,deflator,2.30260578545834
ACTUAL,8 Fiscal,"Public debt (external + domestic, MinFin)",debt,2023,deflator,2.0870053511566455
ACTUAL,8 Fiscal,"Public debt (external + domestic, MinFin)",debt,2024,deflator,2.0581224387668198
ACTUAL,8 Fiscal,"Public debt (external + domestic, MinFin)",debt,2025,deflator,2.0709313869779225
ACTUAL,8 Fiscal,"Public debt (external + domestic, MinFin)",debt,2006,deflator_growth_pct,11.301219143831087
ACTUAL,8 Fiscal,"Public debt (external + domestic, MinFin)",debt,2007,deflator_growth_pct,21.02932861059841
ACTUAL,8 Fiscal,"Public debt (external + domestic, MinFin)",debt,2008,deflator_growth_pct,27.730151962385776
ACTUAL,8 Fiscal,"Public debt (external + domestic, MinFin)",debt,2009,deflator_growth_pct,-18.84765720185435
ACTUAL,8 Fiscal,"Public debt (external + domestic, MinFin)",debt,2010,deflator_growth_pct,13.5987448361927
ACTUAL,8 Fiscal,"Public debt (external + domestic, MinFin)",debt,2011,deflator_growth_pct,22.52436130924298
ACTUAL,8 Fiscal,"Public debt (external + domestic, MinFin)",debt,2012,deflator_growth_pct,2.8479401479722943
ACTUAL,8 Fiscal,"Public debt (external + domestic, MinFin)",debt,2013,deflator_growth_pct,0.45436929423301464
ACTUAL,8 Fiscal,"Public debt (external + domestic, MinFin)",debt,2014,deflator_growth_pct,-1.3325219788649312
ACTUAL,8 Fiscal,"Public debt (external + domestic, MinFin)",debt,2015,deflator_growth_pct,-8.8551237962878
ACTUAL,8 Fiscal,"Public debt (external + domestic, MinFin)",debt,2016,deflator_growth_pct,14.671400392680622
ACTUAL,8 Fiscal,"Public debt (external + domestic, MinFin)",debt,2017,deflator_growth_pct,16.172400239669482
ACTUAL,8 Fiscal,"Public debt (external + domestic, MinFin)",debt,2018,deflator_growth_pct,12.184876956965462
ACTUAL,8 Fiscal,"Public debt (external + domestic, MinFin)",debt,2019,deflator_growth_pct,-0.24130786181258967
ACTUAL,8 Fiscal,"Public debt (external + domestic, MinFin)",debt,2020,deflator_growth_pct,-7.492629845063958
ACTUAL,8 Fiscal,"Public debt (external + domestic, MinFin)",debt,2021,deflator_growth_pct,21.60776606249828
ACTUAL,8 Fiscal,"Public debt (external + domestic, MinFin)",debt,2022,deflator_growth_pct,37.28996831013374
ACTUAL,8 Fiscal,"Public debt (external + domestic, MinFin)",debt,2023,deflator_growth_pct,-9.363323746655949
ACTUAL,8 Fiscal,"Public debt (external + domestic, MinFin)",debt,2024,deflator_growth_pct,-1.383940504695802
ACTUAL,8 Fiscal,"Public debt (external + domestic, MinFin)",debt,2025,deflator_growth_pct,0.6223608454887453
ACTUAL,8 Fiscal,"Public debt (external + domestic, MinFin)",debt,2010,nominal,5315.53967
ACTUAL,8 Fiscal,"Public debt (external + domestic, MinFin)",debt,2011,nominal,5845.13455
ACTUAL,8 Fiscal,"Public debt (external + domestic, MinFin)",debt,2012,nominal,7527.394
ACTUAL,8 Fiscal,"Public debt (external + domestic, MinFin)",debt,2013,nominal,7357.6070500000005
ACTUAL,8 Fiscal,"Public debt (external + domestic, MinFin)",debt,2014,nominal,6590.50008
ACTUAL,8 Fiscal,"Public debt (external + domestic, MinFin)",debt,2015,nominal,15390.171419999999
ACTUAL,8 Fiscal,"Public debt (external + domestic, MinFin)",debt,2016,nominal,13466.464
ACTUAL,8 Fiscal,"Public debt (external + domestic, MinFin)",debt,2017,nominal,17006.41
ACTUAL,8 Fiscal,"Public debt (external + domestic, MinFin)",debt,2018,nominal,16496.27
ACTUAL,8 Fiscal,"Public debt (external + domestic, MinFin)",debt,2019,nominal,16870.3
ACTUAL,8 Fiscal,"Public debt (external + domestic, MinFin)",debt,2020,nominal,16938.85
ACTUAL,8 Fiscal,"Public debt (external + domestic, MinFin)",debt,2021,nominal,16899.09
ACTUAL,8 Fiscal,"Public debt (external + domestic, MinFin)",debt,2022,nominal,15566.64
ACTUAL,8 Fiscal,"Public debt (external + domestic, MinFin)",debt,2023,nominal,26850.44
ACTUAL,8 Fiscal,"Public debt (external + domestic, MinFin)",debt,2024,nominal,27380.190000000002
ACTUAL,8 Fiscal,"Public debt (external + domestic, MinFin)",debt,2025,nominal,25987.45
ACTUAL,8 Fiscal,"Public debt (external + domestic, MinFin)",debt,2011,nominal_growth_pct,9.963144156160531
ACTUAL,8 Fiscal,"Public debt (external + domestic, MinFin)",debt,2012,nominal_growth_pct,28.780508568446916
ACTUAL,8 Fiscal,"Public debt (external + domestic, MinFin)",debt,2013,nominal_growth_pct,-2.255587391864966
ACTUAL,8 Fiscal,"Public debt (external + domestic, MinFin)",debt,2014,nominal_growth_pct,-10.426038857293973
ACTUAL,8 Fiscal,"Public debt (external + domestic, MinFin)",debt,2015,nominal_growth_pct,133.52054067496496
ACTUAL,8 Fiscal,"Public debt (external + domestic, MinFin)",debt,2016,nominal_growth_pct,-12.499584101448558
ACTUAL,8 Fiscal,"Public debt (external + domestic, MinFin)",debt,2017,nominal_growth_pct,26.287123330964988
ACTUAL,8 Fiscal,"Public debt (external + domestic, MinFin)",debt,2018,nominal_growth_pct,-2.999692468898485
ACTUAL,8 Fiscal,"Public debt (external + domestic, MinFin)",debt,2019,nominal_growth_pct,2.267361045860672
ACTUAL,8 Fiscal,"Public debt (external + domestic, MinFin)",debt,2020,nominal_growth_pct,0.4063353941542225
ACTUAL,8 Fiscal,"Public debt (external + domestic, MinFin)",debt,2021,nominal_growth_pct,-0.23472667861158536
ACTUAL,8 Fiscal,"Public debt (external + domestic, MinFin)",debt,2022,nominal_growth_pct,-7.884744089770523
ACTUAL,8 Fiscal,"Public debt (external + domestic, MinFin)",debt,2023,nominal_growth_pct,72.4870620763376
ACTUAL,8 Fiscal,"Public debt (external + domestic, MinFin)",debt,2024,nominal_growth_pct,1.9729658061469424
ACTUAL,8 Fiscal,"Public debt (external + domestic, MinFin)",debt,2025,nominal_growth_pct,-5.086670326246834
ACTUAL,8 Fiscal,"Public debt (external + domestic, MinFin)",debt,2010,real,6051.186346491255
ACTUAL,8 Fiscal,"Public debt (external + domestic, MinFin)",debt,2011,real,5430.817752688104
ACTUAL,8 Fiscal,"Public debt (external + domestic, MinFin)",debt,2012,real,6800.169951167589
ACTUAL,8 Fiscal,"Public debt (external + domestic, MinFin)",debt,2013,real,6616.721822875701
ACTUAL,8 Fiscal,"Public debt (external + domestic, MinFin)",debt,2014,real,6006.903139121553
ACTUAL,8 Fiscal,"Public debt (external + domestic, MinFin)",debt,2015,real,15390.171419999999
ACTUAL,8 Fiscal,"Public debt (external + domestic, MinFin)",debt,2016,real,11743.524500342242
ACTUAL,8 Fiscal,"Public debt (external + domestic, MinFin)",debt,2017,real,12765.991955536005
ACTUAL,8 Fiscal,"Public debt (external + domestic, MinFin)",debt,2018,real,11038.075534027452
ACTUAL,8 Fiscal,"Public debt (external + domestic, MinFin)",debt,2019,real,11315.654121910356
ACTUAL,8 Fiscal,"Public debt (external + domestic, MinFin)",debt,2020,real,12281.868580480354
ACTUAL,8 Fiscal,"Public debt (external + domestic, MinFin)",debt,2021,real,10075.869457212715
ACTUAL,8 Fiscal,"Public debt (external + domestic, MinFin)",debt,2022,real,6760.445100202603
ACTUAL,8 Fiscal,"Public debt (external + domestic, MinFin)",debt,2023,real,12865.534812893093
ACTUAL,8 Fiscal,"Public debt (external + domestic, MinFin)",debt,2024,real,13303.479659065177
ACTUAL,8 Fiscal,"Public debt (external + domestic, MinFin)",debt,2025,real,12548.677451802532
ACTUAL,8 Fiscal,"Public debt (external + domestic, MinFin)",debt,2011,real_growth_pct,-10.252016022657584
ACTUAL,8 Fiscal,"Public debt (external + domestic, MinFin)",debt,2012,real_growth_pct,25.21447525654297
ACTUAL,8 Fiscal,"Public debt (external + domestic, MinFin)",debt,2013,real_growth_pct,-2.6976991694213415
ACTUAL,8 Fiscal,"Public debt (external + domestic, MinFin)",debt,2014,real_growth_pct,-9.21632645407351
ACTUAL,8 Fiscal,"Public debt (external + domestic, MinFin)",debt,2015,real_growth_pct,156.20808365907246
ACTUAL,8 Fiscal,"Public debt (external + domestic, MinFin)",debt,2016,real_growth_pct,-23.694647838157458
ACTUAL,8 Fiscal,"Public debt (external + domestic, MinFin)",debt,2017,real_growth_pct,8.706648972069363
ACTUAL,8 Fiscal,"Public debt (external + domestic, MinFin)",debt,2018,real_growth_pct,-13.535308713391736
ACTUAL,8 Fiscal,"Public debt (external + domestic, MinFin)",debt,2019,real_growth_pct,2.514737166159109
ACTUAL,8 Fiscal,"Public debt (external + domestic, MinFin)",debt,2020,real_growth_pct,8.538741535932326
ACTUAL,8 Fiscal,"Public debt (external + domestic, MinFin)",debt,2021,real_growth_pct,-17.961429149092556
ACTUAL,8 Fiscal,"Public debt (external + domestic, MinFin)",debt,2022,real_growth_pct,-32.904598169806555
ACTUAL,8 Fiscal,"Public debt (external + domestic, MinFin)",debt,2023,real_growth_pct,90.30603195797755
ACTUAL,8 Fiscal,"Public debt (external + domestic, MinFin)",debt,2024,real_growth_pct,3.404015865187371
ACTUAL,8 Fiscal,"Public debt (external + domestic, MinFin)",debt,2025,real_growth_pct,-5.673720158983453
ACTUAL,9 Prices,Consumer price index,cpi,2005,deflator,51.103391070671464
ACTUAL,9 Prices,Consumer price index,cpi,2006,deflator,56.92917765272802
ACTUAL,9 Prices,Consumer price index,cpi,2007,deflator,68.08729647266271
ACTUAL,9 Prices,Consumer price index,cpi,2008,deflator,78.5727401294528
ACTUAL,9 Prices,Consumer price index,cpi,2009,deflator,79.12274931035897
ACTUAL,9 Prices,Consumer price index,cpi,2010,deflator,85.37344650587733
ACTUAL,9 Prices,Consumer price index,cpi,2011,deflator,90.15435951020645
ACTUAL,9 Prices,Consumer price index,cpi,2012,deflator,89.88389643167584
ACTUAL,9 Prices,Consumer price index,cpi,2013,deflator,93.02983280678448
ACTUAL,9 Prices,Consumer price index,cpi,2014,deflator,92.9368029739777
ACTUAL,9 Prices,Consumer price index,cpi,2015,deflator,100.0
ACTUAL,9 Prices,Consumer price index,cpi,2016,deflator,115.7
ACTUAL,9 Prices,Consumer price index,cpi,2017,deflator,124.8403
ACTUAL,9 Prices,Consumer price index,cpi,2018,deflator,126.7129045
ACTUAL,9 Prices,Consumer price index,cpi,2019,deflator,129.754014208
ACTUAL,9 Prices,Consumer price index,cpi,2020,deflator,133.12761857740801
ACTUAL,9 Prices,Consumer price index,cpi,2021,deflator,149.10293280669697
ACTUAL,9 Prices,Consumer price index,cpi,2022,deflator,170.57375513086131
ACTUAL,9 Prices,Consumer price index,cpi,2023,deflator,174.1558039886094
ACTUAL,9 Prices,Consumer price index,cpi,2024,deflator,182.6894383840513
ACTUAL,9 Prices,Consumer price index,cpi,2025,deflator,192.18928918002197
ACTUAL,9 Prices,Consumer price index,cpi,2006,deflator_growth_pct,11.400000000000032
ACTUAL,9 Prices,Consumer price index,cpi,2007,deflator_growth_pct,19.599999999999994
ACTUAL,9 Prices,Consumer price index,cpi,2008,deflator_growth_pct,15.400000000000036
ACTUAL,9 Prices,Consumer price index,cpi,2009,deflator_growth_pct,0.7000000000000117
ACTUAL,9 Prices,Consumer price index,cpi,2010,deflator_growth_pct,7.899999999999996
ACTUAL,9 Prices,Consumer price index,cpi,2011,deflator_growth_pct,5.599999999999983
ACTUAL,9 Prices,Consumer price index,cpi,2012,deflator_growth_pct,-0.29999999999998916
ACTUAL,9 Prices,Consumer price index,cpi,2013,deflator_growth_pct,3.499999999999992
ACTUAL,9 Prices,Consumer price index,cpi,2014,deflator_growth_pct,-0.09999999999998899
ACTUAL,9 Prices,Consumer price index,cpi,2015,deflator_growth_pct,7.5999999999999845
ACTUAL,9 Prices,Consumer price index,cpi,2016,deflator_growth_pct,15.700000000000003
ACTUAL,9 Prices,Consumer price index,cpi,2017,deflator_growth_pct,7.899999999999996
ACTUAL,9 Prices,Consumer price index,cpi,2018,deflator_growth_pct,1.4999999999999902
ACTUAL,9 Prices,Consumer price index,cpi,2019,deflator_growth_pct,2.400000000000002
ACTUAL,9 Prices,Consumer price index,cpi,2020,deflator_growth_pct,2.6000000000000023
ACTUAL,9 Prices,Consumer price index,cpi,2021,deflator_growth_pct,11.99999999999999
ACTUAL,9 Prices,Consumer price index,cpi,2022,deflator_growth_pct,14.399999999999991
ACTUAL,9 Prices,Consumer price index,cpi,2023,deflator_growth_pct,2.0999999999999908
ACTUAL,9 Prices,Consumer price index,cpi,2024,deflator_growth_pct,4.900000000000038
ACTUAL,9 Prices,Consumer price index,cpi,2025,deflator_growth_pct,5.200000000000005
ACTUAL,9 Prices,Consumer price index,cpi,2005,nominal,51.103391070671464
ACTUAL,9 Prices,Consumer price index,cpi,2006,nominal,56.92917765272802
ACTUAL,9 Prices,Consumer price index,cpi,2007,nominal,68.08729647266271
ACTUAL,9 Prices,Consumer price index,cpi,2008,nominal,78.5727401294528
ACTUAL,9 Prices,Consumer price index,cpi,2009,nominal,79.12274931035897
ACTUAL,9 Prices,Consumer price index,cpi,2010,nominal,85.37344650587733
ACTUAL,9 Prices,Consumer price index,cpi,2011,nominal,90.15435951020645
ACTUAL,9 Prices,Consumer price index,cpi,2012,nominal,89.88389643167584
ACTUAL,9 Prices,Consumer price index,cpi,2013,nominal,93.02983280678448
ACTUAL,9 Prices,Consumer price index,cpi,2014,nominal,92.9368029739777
ACTUAL,9 Prices,Consumer price index,cpi,2015,nominal,100.0
ACTUAL,9 Prices,Consumer price index,cpi,2016,nominal,115.7
ACTUAL,9 Prices,Consumer price index,cpi,2017,nominal,124.8403
ACTUAL,9 Prices,Consumer price index,cpi,2018,nominal,126.7129045
ACTUAL,9 Prices,Consumer price index,cpi,2019,nominal,129.754014208
ACTUAL,9 Prices,Consumer price index,cpi,2020,nominal,133.12761857740801
ACTUAL,9 Prices,Consumer price index,cpi,2021,nominal,149.10293280669697
ACTUAL,9 Prices,Consumer price index,cpi,2022,nominal,170.57375513086131
ACTUAL,9 Prices,Consumer price index,cpi,2023,nominal,174.1558039886094
ACTUAL,9 Prices,Consumer price index,cpi,2024,nominal,182.6894383840513
ACTUAL,9 Prices,Consumer price index,cpi,2025,nominal,192.18928918002197
ACTUAL,9 Prices,Consumer price index,cpi,2006,nominal_growth_pct,11.400000000000032
ACTUAL,9 Prices,Consumer price index,cpi,2007,nominal_growth_pct,19.599999999999994
ACTUAL,9 Prices,Consumer price index,cpi,2008,nominal_growth_pct,15.400000000000036
ACTUAL,9 Prices,Consumer price index,cpi,2009,nominal_growth_pct,0.7000000000000117
ACTUAL,9 Prices,Consumer price index,cpi,2010,nominal_growth_pct,7.899999999999996
ACTUAL,9 Prices,Consumer price index,cpi,2011,nominal_growth_pct,5.599999999999983
ACTUAL,9 Prices,Consumer price index,cpi,2012,nominal_growth_pct,-0.29999999999998916
ACTUAL,9 Prices,Consumer price index,cpi,2013,nominal_growth_pct,3.499999999999992
ACTUAL,9 Prices,Consumer price index,cpi,2014,nominal_growth_pct,-0.09999999999998899
ACTUAL,9 Prices,Consumer price index,cpi,2015,nominal_growth_pct,7.5999999999999845
ACTUAL,9 Prices,Consumer price index,cpi,2016,nominal_growth_pct,15.700000000000003
ACTUAL,9 Prices,Consumer price index,cpi,2017,nominal_growth_pct,7.899999999999996
ACTUAL,9 Prices,Consumer price index,cpi,2018,nominal_growth_pct,1.4999999999999902
ACTUAL,9 Prices,Consumer price index,cpi,2019,nominal_growth_pct,2.400000000000002
ACTUAL,9 Prices,Consumer price index,cpi,2020,nominal_growth_pct,2.6000000000000023
ACTUAL,9 Prices,Consumer price index,cpi,2021,nominal_growth_pct,11.99999999999999
ACTUAL,9 Prices,Consumer price index,cpi,2022,nominal_growth_pct,14.399999999999991
ACTUAL,9 Prices,Consumer price index,cpi,2023,nominal_growth_pct,2.0999999999999908
ACTUAL,9 Prices,Consumer price index,cpi,2024,nominal_growth_pct,4.900000000000038
ACTUAL,9 Prices,Consumer price index,cpi,2025,nominal_growth_pct,5.200000000000005
ACTUAL,9 Prices,GDP deflator,pgdp,2005,deflator,0.5537940267285424
ACTUAL,9 Prices,GDP deflator,pgdp,2006,deflator,0.6163795032945815
ACTUAL,9 Prices,GDP deflator,pgdp,2007,deflator,0.7459999745307733
ACTUAL,9 Prices,GDP deflator,pgdp,2008,deflator,0.9528669011075158
ACTUAL,9 Prices,GDP deflator,pgdp,2009,deflator,0.7732738139968387
ACTUAL,9 Prices,GDP deflator,pgdp,2010,deflator,0.8784293468473641
ACTUAL,9 Prices,GDP deflator,pgdp,2011,deflator,1.0762899467776876
ACTUAL,9 Prices,GDP deflator,pgdp,2012,deflator,1.106942040280559
ACTUAL,9 Prices,GDP deflator,pgdp,2013,deflator,1.1119716450165502
ACTUAL,9 Prices,GDP deflator,pgdp,2014,deflator,1.0971543784479587
ACTUAL,9 Prices,GDP deflator,pgdp,2015,deflator,1.0
ACTUAL,9 Prices,GDP deflator,pgdp,2016,deflator,1.1467140039268062
ACTUAL,9 Prices,GDP deflator,pgdp,2017,deflator,1.3321651822461886
ACTUAL,9 Prices,GDP deflator,pgdp,2018,deflator,1.4944878705664213
ACTUAL,9 Prices,GDP deflator,pgdp,2019,deflator,1.490881553840909
ACTUAL,9 Prices,GDP deflator,pgdp,2020,deflator,1.3791753175832717
ACTUAL,9 Prices,GDP deflator,pgdp,2021,deflator,1.6771842937983827
ACTUAL,9 Prices,GDP deflator,pgdp,2022,deflator,2.30260578545834
ACTUAL,9 Prices,GDP deflator,pgdp,2023,deflator,2.0870053511566455
ACTUAL,9 Prices,GDP deflator,pgdp,2024,deflator,2.0581224387668198
ACTUAL,9 Prices,GDP deflator,pgdp,2025,deflator,2.0709313869779225
ACTUAL,9 Prices,GDP deflator,pgdp,2006,deflator_growth_pct,11.301219143831087
ACTUAL,9 Prices,GDP deflator,pgdp,2007,deflator_growth_pct,21.02932861059841
ACTUAL,9 Prices,GDP deflator,pgdp,2008,deflator_growth_pct,27.730151962385776
ACTUAL,9 Prices,GDP deflator,pgdp,2009,deflator_growth_pct,-18.84765720185435
ACTUAL,9 Prices,GDP deflator,pgdp,2010,deflator_growth_pct,13.5987448361927
ACTUAL,9 Prices,GDP deflator,pgdp,2011,deflator_growth_pct,22.52436130924298
ACTUAL,9 Prices,GDP deflator,pgdp,2012,deflator_growth_pct,2.8479401479722943
ACTUAL,9 Prices,GDP deflator,pgdp,2013,deflator_growth_pct,0.45436929423301464
ACTUAL,9 Prices,GDP deflator,pgdp,2014,deflator_growth_pct,-1.3325219788649312
ACTUAL,9 Prices,GDP deflator,pgdp,2015,deflator_growth_pct,-8.8551237962878
ACTUAL,9 Prices,GDP deflator,pgdp,2016,deflator_growth_pct,14.671400392680622
ACTUAL,9 Prices,GDP deflator,pgdp,2017,deflator_growth_pct,16.172400239669482
ACTUAL,9 Prices,GDP deflator,pgdp,2018,deflator_growth_pct,12.184876956965462
ACTUAL,9 Prices,GDP deflator,pgdp,2019,deflator_growth_pct,-0.24130786181258967
ACTUAL,9 Prices,GDP deflator,pgdp,2020,deflator_growth_pct,-7.492629845063958
ACTUAL,9 Prices,GDP deflator,pgdp,2021,deflator_growth_pct,21.60776606249828
ACTUAL,9 Prices,GDP deflator,pgdp,2022,deflator_growth_pct,37.28996831013374
ACTUAL,9 Prices,GDP deflator,pgdp,2023,deflator_growth_pct,-9.363323746655949
ACTUAL,9 Prices,GDP deflator,pgdp,2024,deflator_growth_pct,-1.383940504695802
ACTUAL,9 Prices,GDP deflator,pgdp,2025,deflator_growth_pct,0.6223608454887453
ACTUAL,9 Prices,GDP deflator,pgdp,2005,nominal,0.5537940267285424
ACTUAL,9 Prices,GDP deflator,pgdp,2006,nominal,0.6163795032945815
ACTUAL,9 Prices,GDP deflator,pgdp,2007,nominal,0.7459999745307733
ACTUAL,9 Prices,GDP deflator,pgdp,2008,nominal,0.9528669011075158
ACTUAL,9 Prices,GDP deflator,pgdp,2009,nominal,0.7732738139968387
ACTUAL,9 Prices,GDP deflator,pgdp,2010,nominal,0.8784293468473641
ACTUAL,9 Prices,GDP deflator,pgdp,2011,nominal,1.0762899467776876
ACTUAL,9 Prices,GDP deflator,pgdp,2012,nominal,1.106942040280559
ACTUAL,9 Prices,GDP deflator,pgdp,2013,nominal,1.1119716450165502
ACTUAL,9 Prices,GDP deflator,pgdp,2014,nominal,1.0971543784479587
ACTUAL,9 Prices,GDP deflator,pgdp,2015,nominal,1.0
ACTUAL,9 Prices,GDP deflator,pgdp,2016,nominal,1.1467140039268062
ACTUAL,9 Prices,GDP deflator,pgdp,2017,nominal,1.3321651822461886
ACTUAL,9 Prices,GDP deflator,pgdp,2018,nominal,1.4944878705664213
ACTUAL,9 Prices,GDP deflator,pgdp,2019,nominal,1.490881553840909
ACTUAL,9 Prices,GDP deflator,pgdp,2020,nominal,1.3791753175832717
ACTUAL,9 Prices,GDP deflator,pgdp,2021,nominal,1.6771842937983827
ACTUAL,9 Prices,GDP deflator,pgdp,2022,nominal,2.30260578545834
ACTUAL,9 Prices,GDP deflator,pgdp,2023,nominal,2.0870053511566455
ACTUAL,9 Prices,GDP deflator,pgdp,2024,nominal,2.0581224387668198
ACTUAL,9 Prices,GDP deflator,pgdp,2025,nominal,2.0709313869779225
ACTUAL,9 Prices,GDP deflator,pgdp,2006,nominal_growth_pct,11.301219143831087
ACTUAL,9 Prices,GDP deflator,pgdp,2007,nominal_growth_pct,21.02932861059841
ACTUAL,9 Prices,GDP deflator,pgdp,2008,nominal_growth_pct,27.730151962385776
ACTUAL,9 Prices,GDP deflator,pgdp,2009,nominal_growth_pct,-18.84765720185435
ACTUAL,9 Prices,GDP deflator,pgdp,2010,nominal_growth_pct,13.5987448361927
ACTUAL,9 Prices,GDP deflator,pgdp,2011,nominal_growth_pct,22.52436130924298
ACTUAL,9 Prices,GDP deflator,pgdp,2012,nominal_growth_pct,2.8479401479722943
ACTUAL,9 Prices,GDP deflator,pgdp,2013,nominal_growth_pct,0.45436929423301464
ACTUAL,9 Prices,GDP deflator,pgdp,2014,nominal_growth_pct,-1.3325219788649312
ACTUAL,9 Prices,GDP deflator,pgdp,2015,nominal_growth_pct,-8.8551237962878
ACTUAL,9 Prices,GDP deflator,pgdp,2016,nominal_growth_pct,14.671400392680622
ACTUAL,9 Prices,GDP deflator,pgdp,2017,nominal_growth_pct,16.172400239669482
ACTUAL,9 Prices,GDP deflator,pgdp,2018,nominal_growth_pct,12.184876956965462
ACTUAL,9 Prices,GDP deflator,pgdp,2019,nominal_growth_pct,-0.24130786181258967
ACTUAL,9 Prices,GDP deflator,pgdp,2020,nominal_growth_pct,-7.492629845063958
ACTUAL,9 Prices,GDP deflator,pgdp,2021,nominal_growth_pct,21.60776606249828
ACTUAL,9 Prices,GDP deflator,pgdp,2022,nominal_growth_pct,37.28996831013374
ACTUAL,9 Prices,GDP deflator,pgdp,2023,nominal_growth_pct,-9.363323746655949
ACTUAL,9 Prices,GDP deflator,pgdp,2024,nominal_growth_pct,-1.383940504695802
ACTUAL,9 Prices,GDP deflator,pgdp,2025,nominal_growth_pct,0.6223608454887453
Adverse,1 Sectors (value added),"Agriculture, forestry & fishing",va_agr,2026,deflator,1.7310779945649069
Adverse,1 Sectors (value added),"Agriculture, forestry & fishing",va_agr,2027,deflator,1.803563899517638
Adverse,1 Sectors (value added),"Agriculture, forestry & fishing",va_agr,2028,deflator,1.8652260116949273
Adverse,1 Sectors (value added),"Agriculture, forestry & fishing",va_agr,2029,deflator,1.9243056752173158
Adverse,1 Sectors (value added),"Agriculture, forestry & fishing",va_agr,2030,deflator,1.980741635221808
Adverse,1 Sectors (value added),"Agriculture, forestry & fishing",va_agr,2026,deflator_growth_pct,4.631623345888247
Adverse,1 Sectors (value added),"Agriculture, forestry & fishing",va_agr,2027,deflator_growth_pct,4.187327502302973
Adverse,1 Sectors (value added),"Agriculture, forestry & fishing",va_agr,2028,deflator_growth_pct,3.4189036603460954
Adverse,1 Sectors (value added),"Agriculture, forestry & fishing",va_agr,2029,deflator_growth_pct,3.1674265291155246
Adverse,1 Sectors (value added),"Agriculture, forestry & fishing",va_agr,2030,deflator_growth_pct,2.932796006960725
Adverse,1 Sectors (value added),"Agriculture, forestry & fishing",va_agr,2026,nominal,8163.445051382397
Adverse,1 Sectors (value added),"Agriculture, forestry & fishing",va_agr,2027,nominal,8909.332415813773
Adverse,1 Sectors (value added),"Agriculture, forestry & fishing",va_agr,2028,nominal,9608.94661780981
Adverse,1 Sectors (value added),"Agriculture, forestry & fishing",va_agr,2029,nominal,10315.398602059133
Adverse,1 Sectors (value added),"Agriculture, forestry & fishing",va_agr,2030,nominal,11036.360923052673
Adverse,1 Sectors (value added),"Agriculture, forestry & fishing",va_agr,2026,nominal_growth_pct,6.72425581287206
Adverse,1 Sectors (value added),"Agriculture, forestry & fishing",va_agr,2027,nominal_growth_pct,9.136919030343304
Adverse,1 Sectors (value added),"Agriculture, forestry & fishing",va_agr,2028,nominal_growth_pct,7.852599603919197
Adverse,1 Sectors (value added),"Agriculture, forestry & fishing",va_agr,2029,nominal_growth_pct,7.352023196173674
Adverse,1 Sectors (value added),"Agriculture, forestry & fishing",va_agr,2030,nominal_growth_pct,6.989185283151578
Adverse,1 Sectors (value added),"Agriculture, forestry & fishing",va_agr,2026,real,4715.815854059318
Adverse,1 Sectors (value added),"Agriculture, forestry & fishing",va_agr,2027,real,4939.848495634986
Adverse,1 Sectors (value added),"Agriculture, forestry & fishing",va_agr,2028,real,5151.625892820452
Adverse,1 Sectors (value added),"Agriculture, forestry & fishing",va_agr,2029,real,5360.582123156808
Adverse,1 Sectors (value added),"Agriculture, forestry & fishing",va_agr,2030,real,5571.832654397047
Adverse,1 Sectors (value added),"Agriculture, forestry & fishing",va_agr,2026,real_growth_pct,2.000000000063129
Adverse,1 Sectors (value added),"Agriculture, forestry & fishing",va_agr,2027,real_growth_pct,4.750665600795756
Adverse,1 Sectors (value added),"Agriculture, forestry & fishing",va_agr,2028,real_growth_pct,4.287123327215392
Adverse,1 Sectors (value added),"Agriculture, forestry & fishing",va_agr,2029,real_growth_pct,4.056121983305649
Adverse,1 Sectors (value added),"Agriculture, forestry & fishing",va_agr,2030,real_growth_pct,3.9408132621953973
Adverse,1 Sectors (value added),Construction,va_con,2026,deflator,1.4807968526162452
Adverse,1 Sectors (value added),Construction,va_con,2027,deflator,1.5212135395621713
Adverse,1 Sectors (value added),Construction,va_con,2028,deflator,1.5549101467000501
Adverse,1 Sectors (value added),Construction,va_con,2029,deflator,1.5867320569207168
Adverse,1 Sectors (value added),Construction,va_con,2030,deflator,1.6167077486335057
Adverse,1 Sectors (value added),Construction,va_con,2026,deflator_growth_pct,3.026179001032525
Adverse,1 Sectors (value added),Construction,va_con,2027,deflator_growth_pct,2.7293876857260146
Adverse,1 Sectors (value added),Construction,va_con,2028,deflator_growth_pct,2.215113543334435
Adverse,1 Sectors (value added),Construction,va_con,2029,deflator_growth_pct,2.046543350958352
Adverse,1 Sectors (value added),Construction,va_con,2030,deflator_growth_pct,1.8891464114590972
Adverse,1 Sectors (value added),Construction,va_con,2026,nominal,7031.6876805059765
Adverse,1 Sectors (value added),Construction,va_con,2027,nominal,7756.121288859972
Adverse,1 Sectors (value added),Construction,va_con,2028,nominal,8121.564772146915
Adverse,1 Sectors (value added),Construction,va_con,2029,nominal,8302.020506839443
Adverse,1 Sectors (value added),Construction,va_con,2030,nominal,8381.832638533195
Adverse,1 Sectors (value added),Construction,va_con,2026,nominal_growth_pct,-16.548727400505857
Adverse,1 Sectors (value added),Construction,va_con,2027,nominal_growth_pct,10.302414459651699
Adverse,1 Sectors (value added),Construction,va_con,2028,nominal_growth_pct,4.711678294817601
Adverse,1 Sectors (value added),Construction,va_con,2029,nominal_growth_pct,2.221933085006045
Adverse,1 Sectors (value added),Construction,va_con,2030,nominal_growth_pct,0.9613579203761491
Adverse,1 Sectors (value added),Construction,va_con,2026,real,4748.583621097328
Adverse,1 Sectors (value added),Construction,va_con,2027,real,5098.640714894178
Adverse,1 Sectors (value added),Construction,va_con,2028,real,5223.173049184305
Adverse,1 Sectors (value added),Construction,va_con,2029,real,5232.150236474528
Adverse,1 Sectors (value added),Construction,va_con,2030,real,5184.506999250665
Adverse,1 Sectors (value added),Construction,va_con,2026,real_growth_pct,-18.99993437720544
Adverse,1 Sectors (value added),Construction,va_con,2027,real_growth_pct,7.371821194041783
Adverse,1 Sectors (value added),Construction,va_con,2028,real_growth_pct,2.442461456959344
Adverse,1 Sectors (value added),Construction,va_con,2029,real_growth_pct,0.171872293061881
Adverse,1 Sectors (value added),Construction,va_con,2030,real_growth_pct,-0.9105861848486496
Adverse,1 Sectors (value added),"Electricity, gas & steam",va_elc,2026,deflator,1.8112994929638857
Adverse,1 Sectors (value added),"Electricity, gas & steam",va_elc,2027,deflator,1.9538532590117188
Adverse,1 Sectors (value added),"Electricity, gas & steam",va_elc,2028,deflator,2.064168256095548
Adverse,1 Sectors (value added),"Electricity, gas & steam",va_elc,2029,deflator,2.1658201291346892
Adverse,1 Sectors (value added),"Electricity, gas & steam",va_elc,2030,deflator,2.257961965980732
Adverse,1 Sectors (value added),"Electricity, gas & steam",va_elc,2026,deflator_growth_pct,9.16993616653754
Adverse,1 Sectors (value added),"Electricity, gas & steam",va_elc,2027,deflator_growth_pct,7.87024821690685
Adverse,1 Sectors (value added),"Electricity, gas & steam",va_elc,2028,deflator_growth_pct,5.646022626060865
Adverse,1 Sectors (value added),"Electricity, gas & steam",va_elc,2029,deflator_growth_pct,4.924592398849303
Adverse,1 Sectors (value added),"Electricity, gas & steam",va_elc,2030,deflator_growth_pct,4.254362382478005
Adverse,1 Sectors (value added),"Electricity, gas & steam",va_elc,2026,nominal,1543.1005839810068
Adverse,1 Sectors (value added),"Electricity, gas & steam",va_elc,2027,nominal,1763.4906859352404
Adverse,1 Sectors (value added),"Electricity, gas & steam",va_elc,2028,nominal,1945.5125154871146
Adverse,1 Sectors (value added),"Electricity, gas & steam",va_elc,2029,nominal,2116.677852494544
Adverse,1 Sectors (value added),"Electricity, gas & steam",va_elc,2030,nominal,2279.8251938689127
Adverse,1 Sectors (value added),"Electricity, gas & steam",va_elc,2026,nominal_growth_pct,6.00402445428363
Adverse,1 Sectors (value added),"Electricity, gas & steam",va_elc,2027,nominal_growth_pct,14.282290100989691
Adverse,1 Sectors (value added),"Electricity, gas & steam",va_elc,2028,nominal_growth_pct,10.321677965389519
Adverse,1 Sectors (value added),"Electricity, gas & steam",va_elc,2029,nominal_growth_pct,8.79795609870817
Adverse,1 Sectors (value added),"Electricity, gas & steam",va_elc,2030,nominal_growth_pct,7.707707678903364
Adverse,1 Sectors (value added),"Electricity, gas & steam",va_elc,2026,real,851.9301142496228
Adverse,1 Sectors (value added),"Electricity, gas & steam",va_elc,2027,real,902.5706909162841
Adverse,1 Sectors (value added),"Electricity, gas & steam",va_elc,2028,real,942.5164396080409
Adverse,1 Sectors (value added),"Electricity, gas & steam",va_elc,2029,real,977.3100840743506
Adverse,1 Sectors (value added),"Electricity, gas & steam",va_elc,2030,real,1009.6827263778487
Adverse,1 Sectors (value added),"Electricity, gas & steam",va_elc,2026,real_growth_pct,-2.8999849440457193
Adverse,1 Sectors (value added),"Electricity, gas & steam",va_elc,2027,real_growth_pct,5.944217233272164
Adverse,1 Sectors (value added),"Electricity, gas & steam",va_elc,2028,real_growth_pct,4.425775077097183
Adverse,1 Sectors (value added),"Electricity, gas & steam",va_elc,2029,real_growth_pct,3.6915689747309965
Adverse,1 Sectors (value added),"Electricity, gas & steam",va_elc,2030,real_growth_pct,3.312422825776884
Adverse,1 Sectors (value added),Information & communication,va_ict,2026,deflator,0.9380487931401743
Adverse,1 Sectors (value added),Information & communication,va_ict,2027,deflator,0.912983883657488
Adverse,1 Sectors (value added),Information & communication,va_ict,2028,deflator,0.8871364052486662
Adverse,1 Sectors (value added),Information & communication,va_ict,2029,deflator,0.8615570883754265
Adverse,1 Sectors (value added),Information & communication,va_ict,2030,deflator,0.8362944660993534
Adverse,1 Sectors (value added),Information & communication,va_ict,2026,deflator_growth_pct,-2.5804682403996804
Adverse,1 Sectors (value added),Information & communication,va_ict,2027,deflator_growth_pct,-2.6720261958634417
Adverse,1 Sectors (value added),Information & communication,va_ict,2028,deflator_growth_pct,-2.8310990885484832
Adverse,1 Sectors (value added),Information & communication,va_ict,2029,deflator_growth_pct,-2.8833578153147355
Adverse,1 Sectors (value added),Information & communication,va_ict,2030,deflator_growth_pct,-2.932205261488696
Adverse,1 Sectors (value added),Information & communication,va_ict,2026,nominal,2833.714173410651
Adverse,1 Sectors (value added),Information & communication,va_ict,2027,nominal,2908.9449504837394
Adverse,1 Sectors (value added),Information & communication,va_ict,2028,nominal,2988.61595079812
Adverse,1 Sectors (value added),Information & communication,va_ict,2029,nominal,3070.0991818743382
Adverse,1 Sectors (value added),Information & communication,va_ict,2030,nominal,3150.7192159958586
Adverse,1 Sectors (value added),Information & communication,va_ict,2026,nominal_growth_pct,6.187295713507113
Adverse,1 Sectors (value added),Information & communication,va_ict,2027,nominal_growth_pct,2.654847047701403
Adverse,1 Sectors (value added),Information & communication,va_ict,2028,nominal_growth_pct,2.738828051769482
Adverse,1 Sectors (value added),Information & communication,va_ict,2029,nominal_growth_pct,2.726453730344902
Adverse,1 Sectors (value added),Information & communication,va_ict,2030,nominal_growth_pct,2.6259749065273175
Adverse,1 Sectors (value added),Information & communication,va_ict,2026,real,3020.860102516228
Adverse,1 Sectors (value added),Information & communication,va_ict,2027,real,3186.1952905786993
Adverse,1 Sectors (value added),Information & communication,va_ict,2028,real,3368.8347509089144
Adverse,1 Sectors (value added),Information & communication,va_ict,2029,real,3563.4309360316374
Adverse,1 Sectors (value added),Information & communication,va_ict,2030,real,3767.4758637247123
Adverse,1 Sectors (value added),Information & communication,va_ict,2026,real_growth_pct,9.000006257002724
Adverse,1 Sectors (value added),Information & communication,va_ict,2027,real_growth_pct,5.4731163460616905
Adverse,1 Sectors (value added),Information & communication,va_ict,2028,real_growth_pct,5.732211734486703
Adverse,1 Sectors (value added),Information & communication,va_ict,2029,real_growth_pct,5.7763648119047994
Adverse,1 Sectors (value added),Information & communication,va_ict,2030,real_growth_pct,5.726080604786654
Adverse,1 Sectors (value added),Manufacturing,va_man,2026,deflator,1.610415477446621
Adverse,1 Sectors (value added),Manufacturing,va_man,2027,deflator,1.6851199523122868
Adverse,1 Sectors (value added),Manufacturing,va_man,2028,deflator,1.7509332185131845
Adverse,1 Sectors (value added),Manufacturing,va_man,2029,deflator,1.8151140137260537
Adverse,1 Sectors (value added),Manufacturing,va_man,2030,deflator,1.8775818611087727
Adverse,1 Sectors (value added),Manufacturing,va_man,2026,deflator_growth_pct,5.06268401239236
Adverse,1 Sectors (value added),Manufacturing,va_man,2027,deflator_growth_pct,4.638832395234593
Adverse,1 Sectors (value added),Manufacturing,va_man,2028,deflator_growth_pct,3.905553792214622
Adverse,1 Sectors (value added),Manufacturing,va_man,2029,deflator_growth_pct,3.6655193090327387
Adverse,1 Sectors (value added),Manufacturing,va_man,2030,deflator_growth_pct,3.4415384879589617
Adverse,1 Sectors (value added),Manufacturing,va_man,2026,nominal,8613.157732935892
Adverse,1 Sectors (value added),Manufacturing,va_man,2027,nominal,9117.401622988426
Adverse,1 Sectors (value added),Manufacturing,va_man,2028,nominal,9660.618457906137
Adverse,1 Sectors (value added),Manufacturing,va_man,2029,nominal,10256.279917331181
Adverse,1 Sectors (value added),Manufacturing,va_man,2030,nominal,10889.250541033714
Adverse,1 Sectors (value added),Manufacturing,va_man,2026,nominal_growth_pct,11.576627151187147
Adverse,1 Sectors (value added),Manufacturing,va_man,2027,nominal_growth_pct,5.854344082476892
Adverse,1 Sectors (value added),Manufacturing,va_man,2028,nominal_growth_pct,5.958022443017708
Adverse,1 Sectors (value added),Manufacturing,va_man,2029,nominal_growth_pct,6.165872940956096
Adverse,1 Sectors (value added),Manufacturing,va_man,2030,nominal_growth_pct,6.171542009427133
Adverse,1 Sectors (value added),Manufacturing,va_man,2026,real,5348.4071989871845
Adverse,1 Sectors (value added),Manufacturing,va_man,2027,real,5410.535677580528
Adverse,1 Sectors (value added),Manufacturing,va_man,2028,real,5517.411147244959
Adverse,1 Sectors (value added),Manufacturing,va_man,2029,real,5650.487980243819
Adverse,1 Sectors (value added),Manufacturing,va_man,2030,real,5799.614262678944
Adverse,1 Sectors (value added),Manufacturing,va_man,2026,real_growth_pct,6.200053996361299
Adverse,1 Sectors (value added),Manufacturing,va_man,2027,real_growth_pct,1.1616258127299606
Adverse,1 Sectors (value added),Manufacturing,va_man,2028,real_growth_pct,1.9753214105451278
Adverse,1 Sectors (value added),Manufacturing,va_man,2029,real_growth_pct,2.411943381549708
Adverse,1 Sectors (value added),Manufacturing,va_man,2030,real_growth_pct,2.6391752881613995
Adverse,1 Sectors (value added),Mining & quarrying,va_min,2026,deflator,2.322941725209982
Adverse,1 Sectors (value added),Mining & quarrying,va_min,2027,deflator,2.0306628162510623
Adverse,1 Sectors (value added),Mining & quarrying,va_min,2028,deflator,1.8858207366227147
Adverse,1 Sectors (value added),Mining & quarrying,va_min,2029,deflator,1.914422764349773
Adverse,1 Sectors (value added),Mining & quarrying,va_min,2030,deflator,1.9631862039615884
Adverse,1 Sectors (value added),Mining & quarrying,va_min,2026,deflator_growth_pct,-14.906503460075783
Adverse,1 Sectors (value added),Mining & quarrying,va_min,2027,deflator_growth_pct,-12.582274698798102
Adverse,1 Sectors (value added),Mining & quarrying,va_min,2028,deflator_growth_pct,-7.132748897020235
Adverse,1 Sectors (value added),Mining & quarrying,va_min,2029,deflator_growth_pct,1.5166885786971118
Adverse,1 Sectors (value added),Mining & quarrying,va_min,2030,deflator_growth_pct,2.5471615005778325
Adverse,1 Sectors (value added),Mining & quarrying,va_min,2026,nominal,28060.40282755106
Adverse,1 Sectors (value added),Mining & quarrying,va_min,2027,nominal,23039.69604893244
Adverse,1 Sectors (value added),Mining & quarrying,va_min,2028,nominal,20169.665728805434
Adverse,1 Sectors (value added),Mining & quarrying,va_min,2029,nominal,19975.571040083207
Adverse,1 Sectors (value added),Mining & quarrying,va_min,2030,nominal,19849.76582039583
Adverse,1 Sectors (value added),Mining & quarrying,va_min,2026,nominal_growth_pct,-15.246877446354823
Adverse,1 Sectors (value added),Mining & quarrying,va_min,2027,nominal_growth_pct,-17.89249715862613
Adverse,1 Sectors (value added),Mining & quarrying,va_min,2028,nominal_growth_pct,-12.456893155324378
Adverse,1 Sectors (value added),Mining & quarrying,va_min,2029,nominal_growth_pct,-0.9623098931432983
Adverse,1 Sectors (value added),Mining & quarrying,va_min,2030,nominal_growth_pct,-0.6297953607180218
Adverse,1 Sectors (value added),Mining & quarrying,va_min,2026,real,12079.684360146635
Adverse,1 Sectors (value added),Mining & quarrying,va_min,2027,real,11345.899410059377
Adverse,1 Sectors (value added),Mining & quarrying,va_min,2028,real,10695.431085844859
Adverse,1 Sectors (value added),Mining & quarrying,va_min,2029,real,10434.252774291388
Adverse,1 Sectors (value added),Mining & quarrying,va_min,2030,real,10110.994963361209
Adverse,1 Sectors (value added),Mining & quarrying,va_min,2026,real_growth_pct,-0.40000000014025483
Adverse,1 Sectors (value added),Mining & quarrying,va_min,2027,real_growth_pct,-6.074537448247952
Adverse,1 Sectors (value added),Mining & quarrying,va_min,2028,real_growth_pct,-5.733069725947049
Adverse,1 Sectors (value added),Mining & quarrying,va_min,2029,real_growth_pct,-2.4419615203648437
Adverse,1 Sectors (value added),Mining & quarrying,va_min,2030,real_growth_pct,-3.0980446604345624
Adverse,1 Sectors (value added),Net taxes on products,va_nettax,2026,deflator,2.026277795196602
Adverse,1 Sectors (value added),Net taxes on products,va_nettax,2027,deflator,2.171193475451642
Adverse,1 Sectors (value added),Net taxes on products,va_nettax,2028,deflator,2.309021312807654
Adverse,1 Sectors (value added),Net taxes on products,va_nettax,2029,deflator,2.44952505776855
Adverse,1 Sectors (value added),Net taxes on products,va_nettax,2030,deflator,2.5925673053387035
Adverse,1 Sectors (value added),Net taxes on products,va_nettax,2026,deflator_growth_pct,7.616610676360991
Adverse,1 Sectors (value added),Net taxes on products,va_nettax,2027,deflator_growth_pct,7.151817021267792
Adverse,1 Sectors (value added),Net taxes on products,va_nettax,2028,deflator_growth_pct,6.348021901979117
Adverse,1 Sectors (value added),Net taxes on products,va_nettax,2029,deflator_growth_pct,6.084991255020089
Adverse,1 Sectors (value added),Net taxes on products,va_nettax,2030,deflator_growth_pct,5.839591112428177
Adverse,1 Sectors (value added),Net taxes on products,va_nettax,2026,nominal,13382.522972830975
Adverse,1 Sectors (value added),Net taxes on products,va_nettax,2027,nominal,14540.33554642893
Adverse,1 Sectors (value added),Net taxes on products,va_nettax,2028,nominal,15771.10057959317
Adverse,1 Sectors (value added),Net taxes on products,va_nettax,2029,nominal,17182.23896470273
Adverse,1 Sectors (value added),Net taxes on products,va_nettax,2030,nominal,18665.415596877596
Adverse,1 Sectors (value added),Net taxes on products,va_nettax,2026,nominal_growth_pct,7.940111572184239
Adverse,1 Sectors (value added),Net taxes on products,va_nettax,2027,nominal_growth_pct,8.651676338972347
Adverse,1 Sectors (value added),Net taxes on products,va_nettax,2028,nominal_growth_pct,8.464488520462732
Adverse,1 Sectors (value added),Net taxes on products,va_nettax,2029,nominal_growth_pct,8.947621492792246
Adverse,1 Sectors (value added),Net taxes on products,va_nettax,2030,nominal_growth_pct,8.632033550585216
Adverse,1 Sectors (value added),Net taxes on products,va_nettax,2026,real,6604.485823491206
Adverse,1 Sectors (value added),Net taxes on products,va_nettax,2027,real,6696.932222221381
Adverse,1 Sectors (value added),Net taxes on products,va_nettax,2028,real,6830.210051381598
Adverse,1 Sectors (value added),Net taxes on products,va_nettax,2029,real,7014.518553386541
Adverse,1 Sectors (value added),Net taxes on products,va_nettax,2030,real,7199.587666804689
Adverse,1 Sectors (value added),Net taxes on products,va_nettax,2026,real_growth_pct,0.30060498448156725
Adverse,1 Sectors (value added),Net taxes on products,va_nettax,2027,real_growth_pct,1.3997516415487965
Adverse,1 Sectors (value added),Net taxes on products,va_nettax,2028,real_growth_pct,1.9901325672369907
Adverse,1 Sectors (value added),Net taxes on products,va_nettax,2029,real_growth_pct,2.6984309504165527
Adverse,1 Sectors (value added),Net taxes on products,va_nettax,2030,real_growth_pct,2.638372284706536
Adverse,1 Sectors (value added),Social & other services,va_oth,2026,deflator,2.4098660418549267
Adverse,1 Sectors (value added),Social & other services,va_oth,2027,deflator,2.640625454001945
Adverse,1 Sectors (value added),Social & other services,va_oth,2028,deflator,2.8694813760935713
Adverse,1 Sectors (value added),Social & other services,va_oth,2029,deflator,3.1096418034864595
Adverse,1 Sectors (value added),Social & other services,va_oth,2030,deflator,3.361280450094696
Adverse,1 Sectors (value added),Social & other services,va_oth,2026,deflator_growth_pct,10.101501171422523
Adverse,1 Sectors (value added),Social & other services,va_oth,2027,deflator_growth_pct,9.575611595796317
Adverse,1 Sectors (value added),Social & other services,va_oth,2028,deflator_growth_pct,8.666731654229443
Adverse,1 Sectors (value added),Social & other services,va_oth,2029,deflator_growth_pct,8.369471549588358
Adverse,1 Sectors (value added),Social & other services,va_oth,2030,deflator_growth_pct,8.092206836366334
Adverse,1 Sectors (value added),Social & other services,va_oth,2026,nominal,31051.64050680324
Adverse,1 Sectors (value added),Social & other services,va_oth,2027,nominal,34918.2760660758
Adverse,1 Sectors (value added),Social & other services,va_oth,2028,nominal,38860.56900866087
Adverse,1 Sectors (value added),Social & other services,va_oth,2029,nominal,43135.57390381417
Adverse,1 Sectors (value added),Social & other services,va_oth,2030,nominal,47715.287719830514
Adverse,1 Sectors (value added),Social & other services,va_oth,2026,nominal_growth_pct,10.65211994271067
Adverse,1 Sectors (value added),Social & other services,va_oth,2027,nominal_growth_pct,12.45227465011196
Adverse,1 Sectors (value added),Social & other services,va_oth,2028,nominal_growth_pct,11.29005605868134
Adverse,1 Sectors (value added),Social & other services,va_oth,2029,nominal_growth_pct,11.00088085226063
Adverse,1 Sectors (value added),Social & other services,va_oth,2030,nominal_growth_pct,10.617023031218764
Adverse,1 Sectors (value added),Social & other services,va_oth,2026,real,12885.214351127215
Adverse,1 Sectors (value added),Social & other services,va_oth,2027,real,13223.486887606923
Adverse,1 Sectors (value added),Social & other services,va_oth,2028,real,13542.715186241954
Adverse,1 Sectors (value added),Social & other services,va_oth,2029,real,13871.55712129016
Adverse,1 Sectors (value added),Social & other services,va_oth,2030,real,14195.568750737908
Adverse,1 Sectors (value added),Social & other services,va_oth,2026,real_growth_pct,0.5001010571425768
Adverse,1 Sectors (value added),Social & other services,va_oth,2027,real_growth_pct,2.6252767494715057
Adverse,1 Sectors (value added),Social & other services,va_oth,2028,real_growth_pct,2.4141007689447713
Adverse,1 Sectors (value added),Social & other services,va_oth,2029,real_growth_pct,2.4281832005318638
Adverse,1 Sectors (value added),Social & other services,va_oth,2030,real_growth_pct,2.3357985452869823
Adverse,1 Sectors (value added),Tourism & catering,va_tou,2026,deflator,1.8624163061340857
Adverse,1 Sectors (value added),Tourism & catering,va_tou,2027,deflator,1.9705364750555063
Adverse,1 Sectors (value added),Tourism & catering,va_tou,2028,deflator,2.068899507184551
Adverse,1 Sectors (value added),Tourism & catering,va_tou,2029,deflator,2.1666644321468262
Adverse,1 Sectors (value added),Tourism & catering,va_tou,2030,deflator,2.2636678001474366
Adverse,1 Sectors (value added),Tourism & catering,va_tou,2026,deflator_growth_pct,6.275952210835722
Adverse,1 Sectors (value added),Tourism & catering,va_tou,2027,deflator_growth_pct,5.805370612645211
Adverse,1 Sectors (value added),Tourism & catering,va_tou,2028,deflator_growth_pct,4.991687967931369
Adverse,1 Sectors (value added),Tourism & catering,va_tou,2029,deflator_growth_pct,4.725455471509021
Adverse,1 Sectors (value added),Tourism & catering,va_tou,2030,deflator_growth_pct,4.477083140396365
Adverse,1 Sectors (value added),Tourism & catering,va_tou,2026,nominal,3892.1942576778533
Adverse,1 Sectors (value added),Tourism & catering,va_tou,2027,nominal,4361.680401801193
Adverse,1 Sectors (value added),Tourism & catering,va_tou,2028,nominal,4865.317358946581
Adverse,1 Sectors (value added),Tourism & catering,va_tou,2029,nominal,5459.895902269461
Adverse,1 Sectors (value added),Tourism & catering,va_tou,2030,nominal,6103.152620284708
Adverse,1 Sectors (value added),Tourism & catering,va_tou,2026,nominal_growth_pct,8.933508471252537
Adverse,1 Sectors (value added),Tourism & catering,va_tou,2027,nominal_growth_pct,12.06224851694433
Adverse,1 Sectors (value added),Tourism & catering,va_tou,2028,nominal_growth_pct,11.546856045147358
Adverse,1 Sectors (value added),Tourism & catering,va_tou,2029,nominal_growth_pct,12.220755594278753
Adverse,1 Sectors (value added),Tourism & catering,va_tou,2030,nominal_growth_pct,11.781483191792553
Adverse,1 Sectors (value added),Tourism & catering,va_tou,2026,real,2089.8626396571253
Adverse,1 Sectors (value added),Tourism & catering,va_tou,2027,real,2213.4481939383195
Adverse,1 Sectors (value added),Tourism & catering,va_tou,2028,real,2351.6450857332934
Adverse,1 Sectors (value added),Tourism & catering,va_tou,2029,real,2519.9545537651884
Adverse,1 Sectors (value added),Tourism & catering,va_tou,2030,real,2696.1343974090187
Adverse,1 Sectors (value added),Tourism & catering,va_tou,2026,real_growth_pct,2.5006186302096056
Adverse,1 Sectors (value added),Tourism & catering,va_tou,2027,real_growth_pct,5.913573071073719
Adverse,1 Sectors (value added),Tourism & catering,va_tou,2028,real_growth_pct,6.243511466563145
Adverse,1 Sectors (value added),Tourism & catering,va_tou,2029,real_growth_pct,7.15709479517026
Adverse,1 Sectors (value added),Tourism & catering,va_tou,2030,real_growth_pct,6.991389720921415
Adverse,1 Sectors (value added),Trade & vehicle repair,va_trd,2026,deflator,2.213530925416548
Adverse,1 Sectors (value added),Trade & vehicle repair,va_trd,2027,deflator,2.3690944842309376
Adverse,1 Sectors (value added),Trade & vehicle repair,va_trd,2028,deflator,2.5182427623072328
Adverse,1 Sectors (value added),Trade & vehicle repair,va_trd,2029,deflator,2.67074382616495
Adverse,1 Sectors (value added),Trade & vehicle repair,va_trd,2030,deflator,2.826505463159481
Adverse,1 Sectors (value added),Trade & vehicle repair,va_trd,2026,deflator_growth_pct,7.451056713915327
Adverse,1 Sectors (value added),Trade & vehicle repair,va_trd,2027,deflator_growth_pct,7.02784664212972
Adverse,1 Sectors (value added),Trade & vehicle repair,va_trd,2028,deflator_growth_pct,6.295581669243222
Adverse,1 Sectors (value added),Trade & vehicle repair,va_trd,2029,deflator_growth_pct,6.055852364209513
Adverse,1 Sectors (value added),Trade & vehicle repair,va_trd,2030,deflator_growth_pct,5.832144418665441
Adverse,1 Sectors (value added),Trade & vehicle repair,va_trd,2026,nominal,16296.486890782455
Adverse,1 Sectors (value added),Trade & vehicle repair,va_trd,2027,nominal,17387.942872957916
Adverse,1 Sectors (value added),Trade & vehicle repair,va_trd,2028,nominal,18688.731270959797
Adverse,1 Sectors (value added),Trade & vehicle repair,va_trd,2029,nominal,20264.284015074343
Adverse,1 Sectors (value added),Trade & vehicle repair,va_trd,2030,nominal,21958.903183240796
Adverse,1 Sectors (value added),Trade & vehicle repair,va_trd,2026,nominal_growth_pct,11.42744639924549
Adverse,1 Sectors (value added),Trade & vehicle repair,va_trd,2027,nominal_growth_pct,6.697492468716093
Adverse,1 Sectors (value added),Trade & vehicle repair,va_trd,2028,nominal_growth_pct,7.480979248125408
Adverse,1 Sectors (value added),Trade & vehicle repair,va_trd,2029,nominal_growth_pct,8.430496009982114
Adverse,1 Sectors (value added),Trade & vehicle repair,va_trd,2030,nominal_growth_pct,8.362590886042899
Adverse,1 Sectors (value added),Trade & vehicle repair,va_trd,2026,real,7362.213332400468
Adverse,1 Sectors (value added),Trade & vehicle repair,va_trd,2027,real,7339.488985641889
Adverse,1 Sectors (value added),Trade & vehicle repair,va_trd,2028,real,7421.338224690078
Adverse,1 Sectors (value added),Trade & vehicle repair,va_trd,2029,real,7587.505704046804
Adverse,1 Sectors (value added),Trade & vehicle repair,va_trd,2030,real,7768.922957854478
Adverse,1 Sectors (value added),Trade & vehicle repair,va_trd,2026,real_growth_pct,3.7006520056076964
Adverse,1 Sectors (value added),Trade & vehicle repair,va_trd,2027,real_growth_pct,-0.3086618891980697
Adverse,1 Sectors (value added),Trade & vehicle repair,va_trd,2028,real_growth_pct,1.1151898886735845
Adverse,1 Sectors (value added),Trade & vehicle repair,va_trd,2029,real_growth_pct,2.2390500786489076
Adverse,1 Sectors (value added),Trade & vehicle repair,va_trd,2030,real_growth_pct,2.3909999001505255
Adverse,1 Sectors (value added),Transport & storage,va_tra,2026,deflator,1.4738182335774315
Adverse,1 Sectors (value added),Transport & storage,va_tra,2027,deflator,1.5116419329173814
Adverse,1 Sectors (value added),Transport & storage,va_tra,2028,deflator,1.5310474697553675
Adverse,1 Sectors (value added),Transport & storage,va_tra,2029,deflator,1.5442975112710942
Adverse,1 Sectors (value added),Transport & storage,va_tra,2030,deflator,1.5516448754390315
Adverse,1 Sectors (value added),Transport & storage,va_tra,2026,deflator_growth_pct,3.3110132055161667
Adverse,1 Sectors (value added),Transport & storage,va_tra,2027,deflator_growth_pct,2.5663747725619857
Adverse,1 Sectors (value added),Transport & storage,va_tra,2028,deflator_growth_pct,1.2837389870850258
Adverse,1 Sectors (value added),Transport & storage,va_tra,2029,deflator_growth_pct,0.8654232985894073
Adverse,1 Sectors (value added),Transport & storage,va_tra,2030,deflator_growth_pct,0.47577387869321974
Adverse,1 Sectors (value added),Transport & storage,va_tra,2026,nominal,9831.054321323845
Adverse,1 Sectors (value added),Transport & storage,va_tra,2027,nominal,10508.238143726847
Adverse,1 Sectors (value added),Transport & storage,va_tra,2028,nominal,11010.106586120795
Adverse,1 Sectors (value added),Transport & storage,va_tra,2029,nominal,11744.832364217296
Adverse,1 Sectors (value added),Transport & storage,va_tra,2030,nominal,12350.809832628749
Adverse,1 Sectors (value added),Transport & storage,va_tra,2026,nominal_growth_pct,7.960008799761087
Adverse,1 Sectors (value added),Transport & storage,va_tra,2027,nominal_growth_pct,6.888211582090142
Adverse,1 Sectors (value added),Transport & storage,va_tra,2028,nominal_growth_pct,4.775952310269549
Adverse,1 Sectors (value added),Transport & storage,va_tra,2029,nominal_growth_pct,6.67319405447615
Adverse,1 Sectors (value added),Transport & storage,va_tra,2030,nominal_growth_pct,5.159524202811694
Adverse,1 Sectors (value added),Transport & storage,va_tra,2026,real,6670.46593490753
Adverse,1 Sectors (value added),Transport & storage,va_tra,2027,real,6951.539193839744
Adverse,1 Sectors (value added),Transport & storage,va_tra,2028,real,7191.224833727723
Adverse,1 Sectors (value added),Transport & storage,va_tra,2029,real,7605.291259292553
Adverse,1 Sectors (value added),Transport & storage,va_tra,2030,real,7959.8173706687485
Adverse,1 Sectors (value added),Transport & storage,va_tra,2026,real_growth_pct,4.499999999996818
Adverse,1 Sectors (value added),Transport & storage,va_tra,2027,real_growth_pct,4.213697538897798
Adverse,1 Sectors (value added),Transport & storage,va_tra,2028,real_growth_pct,3.4479506366069446
Adverse,1 Sectors (value added),Transport & storage,va_tra,2029,real_growth_pct,5.757940199878164
Adverse,1 Sectors (value added),Transport & storage,va_tra,2030,real_growth_pct,4.661571783237317
Adverse,1 Sectors (value added),Water supply & waste,va_wat,2026,deflator,2.1441697142459657
Adverse,1 Sectors (value added),Water supply & waste,va_wat,2027,deflator,2.239829273836526
Adverse,1 Sectors (value added),Water supply & waste,va_wat,2028,deflator,2.325762561956882
Adverse,1 Sectors (value added),Water supply & waste,va_wat,2029,deflator,2.4102328906066166
Adverse,1 Sectors (value added),Water supply & waste,va_wat,2030,deflator,2.493166771718041
Adverse,1 Sectors (value added),Water supply & waste,va_wat,2026,deflator_growth_pct,4.822223452392893
Adverse,1 Sectors (value added),Water supply & waste,va_wat,2027,deflator_growth_pct,4.461380036990259
Adverse,1 Sectors (value added),Water supply & waste,va_wat,2028,deflator_growth_pct,3.836599919652084
Adverse,1 Sectors (value added),Water supply & waste,va_wat,2029,deflator_growth_pct,3.6319411977576044
Adverse,1 Sectors (value added),Water supply & waste,va_wat,2030,deflator_growth_pct,3.4409073676922253
Adverse,1 Sectors (value added),Water supply & waste,va_wat,2026,nominal,313.7193784826952
Adverse,1 Sectors (value added),Water supply & waste,va_wat,2027,nominal,346.72891927756984
Adverse,1 Sectors (value added),Water supply & waste,va_wat,2028,nominal,377.36655197297426
Adverse,1 Sectors (value added),Water supply & waste,va_wat,2029,nominal,408.9666294316268
Adverse,1 Sectors (value added),Water supply & waste,va_wat,2030,nominal,441.00724840476323
Adverse,1 Sectors (value added),Water supply & waste,va_wat,2026,nominal_growth_pct,3.983884150711048
Adverse,1 Sectors (value added),Water supply & waste,va_wat,2027,nominal_growth_pct,10.521996108281662
Adverse,1 Sectors (value added),Water supply & waste,va_wat,2028,nominal_growth_pct,8.836191904396017
Adverse,1 Sectors (value added),Water supply & waste,va_wat,2029,nominal_growth_pct,8.373841638438485
Adverse,1 Sectors (value added),Water supply & waste,va_wat,2030,nominal_growth_pct,7.834531393836652
Adverse,1 Sectors (value added),Water supply & waste,va_wat,2026,real,146.3127551883271
Adverse,1 Sectors (value added),Water supply & waste,va_wat,2027,real,154.80149461734192
Adverse,1 Sectors (value added),Water supply & waste,va_wat,2028,real,162.25497741930303
Adverse,1 Sectors (value added),Water supply & waste,va_wat,2029,real,169.6792998823846
Adverse,1 Sectors (value added),Water supply & waste,va_wat,2030,real,176.88638137145762
Adverse,1 Sectors (value added),Water supply & waste,va_wat,2026,real_growth_pct,-0.7997724853285315
Adverse,1 Sectors (value added),Water supply & waste,va_wat,2027,real_growth_pct,5.801776761081778
Adverse,1 Sectors (value added),Water supply & waste,va_wat,2028,real_growth_pct,4.814864882529446
Adverse,1 Sectors (value added),Water supply & waste,va_wat,2029,real_growth_pct,4.575713226901801
Adverse,1 Sectors (value added),Water supply & waste,va_wat,2030,real_growth_pct,4.247472434214838
Adverse,2 Aggregates,GDP at market prices,gdp,2026,deflator,2.09665538850118
Adverse,2 Aggregates,GDP at market prices,gdp,2027,deflator,2.1502980463761547
Adverse,2 Aggregates,GDP at market prices,gdp,2028,deflator,2.2264133802318247
Adverse,2 Aggregates,GDP at market prices,gdp,2029,deflator,2.3335313641144824
Adverse,2 Aggregates,GDP at market prices,gdp,2030,deflator,2.44573497228549
Adverse,2 Aggregates,GDP at market prices,gdp,2026,deflator_growth_pct,1.2421464894979417
Adverse,2 Aggregates,GDP at market prices,gdp,2027,deflator_growth_pct,2.5584871109086693
Adverse,2 Aggregates,GDP at market prices,gdp,2028,deflator_growth_pct,3.539757383119291
Adverse,2 Aggregates,GDP at market prices,gdp,2029,deflator_growth_pct,4.811235183625429
Adverse,2 Aggregates,GDP at market prices,gdp,2030,deflator_growth_pct,4.808317980915011
Adverse,2 Aggregates,GDP at market prices,gdp,2026,nominal,131013.12637744771
Adverse,2 Aggregates,GDP at market prices,gdp,2027,nominal,135558.18896278436
Adverse,2 Aggregates,GDP at market prices,gdp,2028,nominal,142068.1153991852
Adverse,2 Aggregates,GDP at market prices,gdp,2029,nominal,152231.83887999074
Adverse,2 Aggregates,GDP at market prices,gdp,2030,nominal,162822.33053431974
Adverse,2 Aggregates,GDP at market prices,gdp,2026,nominal_growth_pct,1.486611598871912
Adverse,2 Aggregates,GDP at market prices,gdp,2027,nominal_growth_pct,3.4691658088078725
Adverse,2 Aggregates,GDP at market prices,gdp,2028,nominal_growth_pct,4.80231145474217
Adverse,2 Aggregates,GDP at market prices,gdp,2029,nominal_growth_pct,7.154120016477572
Adverse,2 Aggregates,GDP at market prices,gdp,2030,nominal_growth_pct,6.9568177933381214
Adverse,2 Aggregates,GDP at market prices,gdp,2026,real,62486.723901300764
Adverse,2 Aggregates,GDP at market prices,gdp,2027,real,63041.58123160522
Adverse,2 Aggregates,GDP at market prices,gdp,2028,real,63810.30434895805
Adverse,2 Aggregates,GDP at market prices,gdp,2029,real,65236.68000398142
Adverse,2 Aggregates,GDP at market prices,gdp,2030,real,66573.98793384613
Adverse,2 Aggregates,GDP at market prices,gdp,2026,real_growth_pct,0.24146575102428347
Adverse,2 Aggregates,GDP at market prices,gdp,2027,real_growth_pct,0.8879603468744168
Adverse,2 Aggregates,GDP at market prices,gdp,2028,real_growth_pct,1.21939060273355
Adverse,2 Aggregates,GDP at market prices,gdp,2029,real_growth_pct,2.235337489103606
Adverse,2 Aggregates,GDP at market prices,gdp,2030,real_growth_pct,2.0499325376200916
Adverse,2 Aggregates,Goods production,goods,2026,deflator,2.068688139983765
Adverse,2 Aggregates,Goods production,goods,2027,deflator,1.9828698110492424
Adverse,2 Aggregates,Goods production,goods,2028,deflator,1.9602954770979941
Adverse,2 Aggregates,Goods production,goods,2029,deflator,2.0095002613141117
Adverse,2 Aggregates,Goods production,goods,2030,deflator,2.065470856279874
Adverse,2 Aggregates,Goods production,goods,2026,deflator_growth_pct,-6.587198893891754
Adverse,2 Aggregates,Goods production,goods,2027,deflator_growth_pct,-4.148442062185165
Adverse,2 Aggregates,Goods production,goods,2028,deflator_growth_pct,-1.1384677816695943
Adverse,2 Aggregates,Goods production,goods,2029,deflator_growth_pct,2.510069772183532
Adverse,2 Aggregates,Goods production,goods,2030,deflator_growth_pct,2.785299213106862
Adverse,2 Aggregates,Goods production,goods,2026,nominal,53725.513254839025
Adverse,2 Aggregates,Goods production,goods,2027,nominal,50932.77098180742
Adverse,2 Aggregates,Goods production,goods,2028,nominal,49883.67464412838
Adverse,2 Aggregates,Goods production,goods,2029,nominal,51374.91454823913
Adverse,2 Aggregates,Goods production,goods,2030,nominal,52878.04236528909
Adverse,2 Aggregates,Goods production,goods,2026,nominal_growth_pct,-8.412793524025485
Adverse,2 Aggregates,Goods production,goods,2027,nominal_growth_pct,-5.198167693223599
Adverse,2 Aggregates,Goods production,goods,2028,nominal_growth_pct,-2.0597668602278962
Adverse,2 Aggregates,Goods production,goods,2029,nominal_growth_pct,2.989434749443176
Adverse,2 Aggregates,Goods production,goods,2030,nominal_growth_pct,2.925801104036041
Adverse,2 Aggregates,Goods production,goods,2026,real,25970.813201095
Adverse,2 Aggregates,Goods production,goods,2027,real,25686.391863950044
Adverse,2 Aggregates,Goods production,goods,2028,real,25447.018180124447
Adverse,2 Aggregates,Goods production,goods,2029,real,25566.015360775586
Adverse,2 Aggregates,Goods production,goods,2030,real,25600.962707616167
Adverse,2 Aggregates,Goods production,goods,2026,real_growth_pct,-1.9543302507972538
Adverse,2 Aggregates,Goods production,goods,2027,real_growth_pct,-1.0951576099779703
Adverse,2 Aggregates,Goods production,goods,2028,real_growth_pct,-0.9319085572370711
Adverse,2 Aggregates,Goods production,goods,2029,real_growth_pct,0.46762720806354796
Adverse,2 Aggregates,Goods production,goods,2030,real_growth_pct,0.13669453900977402
Adverse,2 Aggregates,Industry (total),ind,2026,deflator,2.2351048865579304
Adverse,2 Aggregates,Industry (total),ind,2027,deflator,2.068026256111466
Adverse,2 Aggregates,Industry (total),ind,2028,deflator,2.001536173907613
Adverse,2 Aggregates,Industry (total),ind,2029,deflator,2.0500227861417555
Adverse,2 Aggregates,Industry (total),ind,2030,deflator,2.110775040030796
Adverse,2 Aggregates,Industry (total),ind,2026,deflator_growth_pct,-10.158057518720598
Adverse,2 Aggregates,Industry (total),ind,2027,deflator_growth_pct,-7.475203130344643
Adverse,2 Aggregates,Industry (total),ind,2028,deflator_growth_pct,-3.215146906735844
Adverse,2 Aggregates,Industry (total),ind,2029,deflator_growth_pct,2.422469944147032
Adverse,2 Aggregates,Industry (total),ind,2030,deflator_growth_pct,2.963491640177285
Adverse,2 Aggregates,Industry (total),ind,2026,nominal,38530.380522950654
Adverse,2 Aggregates,Industry (total),ind,2027,nominal,34267.317277133676
Adverse,2 Aggregates,Industry (total),ind,2028,nominal,32153.163254171657
Adverse,2 Aggregates,Industry (total),ind,2029,nominal,32757.49543934056
Adverse,2 Aggregates,Industry (total),ind,2030,nominal,33459.84880370322
Adverse,2 Aggregates,Industry (total),ind,2026,nominal_growth_pct,-9.521876039500343
Adverse,2 Aggregates,Industry (total),ind,2027,nominal_growth_pct,-11.064160768611364
Adverse,2 Aggregates,Industry (total),ind,2028,nominal_growth_pct,-6.169593043610622
Adverse,2 Aggregates,Industry (total),ind,2029,nominal_growth_pct,1.8795419299545646
Adverse,2 Aggregates,Industry (total),ind,2030,nominal_growth_pct,2.1440997089147373
Adverse,2 Aggregates,Industry (total),ind,2026,real,17238.7348596815
Adverse,2 Aggregates,Industry (total),ind,2027,real,16570.059096622357
Adverse,2 Aggregates,Industry (total),ind,2028,real,16064.242891697935
Adverse,2 Aggregates,Industry (total),ind,2029,real,15979.088457349193
Adverse,2 Aggregates,Industry (total),ind,2030,real,15851.925557739705
Adverse,2 Aggregates,Industry (total),ind,2026,real_growth_pct,0.7081118925637897
Adverse,2 Aggregates,Industry (total),ind,2027,real_growth_pct,-3.8789143664078374
Adverse,2 Aggregates,Industry (total),ind,2028,real_growth_pct,-3.052591436004759
Adverse,2 Aggregates,Industry (total),ind,2029,real_growth_pct,-0.5300868202929743
Adverse,2 Aggregates,Industry (total),ind,2030,real_growth_pct,-0.795808221156713
Adverse,2 Aggregates,Non-oil GDP,gdpnon,2026,deflator,1.9425512780946934
Adverse,2 Aggregates,Non-oil GDP,gdpnon,2027,deflator,2.0759316217442993
Adverse,2 Aggregates,Non-oil GDP,gdpnon,2028,deflator,2.1956507600153397
Adverse,2 Aggregates,Non-oil GDP,gdpnon,2029,deflator,2.3115758547442065
Adverse,2 Aggregates,Non-oil GDP,gdpnon,2030,deflator,2.428498641099947
Adverse,2 Aggregates,Non-oil GDP,gdpnon,2026,deflator_growth_pct,7.773028017277883
Adverse,2 Aggregates,Non-oil GDP,gdpnon,2027,deflator_growth_pct,6.866245702426399
Adverse,2 Aggregates,Non-oil GDP,gdpnon,2028,deflator_growth_pct,5.767007786626732
Adverse,2 Aggregates,Non-oil GDP,gdpnon,2029,deflator_growth_pct,5.2797601895511415
Adverse,2 Aggregates,Non-oil GDP,gdpnon,2030,deflator_growth_pct,5.05814187822442
Adverse,2 Aggregates,Non-oil GDP,gdpnon,2026,nominal,100139.7338582845
Adverse,2 Aggregates,Non-oil GDP,gdpnon,2027,nominal,110208.81732288392
Adverse,2 Aggregates,Non-oil GDP,gdpnon,2028,nominal,119876.48790001324
Adverse,2 Aggregates,Non-oil GDP,gdpnon,2029,nominal,130253.76360769283
Adverse,2 Aggregates,Non-oil GDP,gdpnon,2030,nominal,140982.6721604619
Adverse,2 Aggregates,Non-oil GDP,gdpnon,2026,nominal_growth_pct,8.485407794508216
Adverse,2 Aggregates,Non-oil GDP,gdpnon,2027,nominal_growth_pct,10.05503317878691
Adverse,2 Aggregates,Non-oil GDP,gdpnon,2028,nominal_growth_pct,8.772138937672747
Adverse,2 Aggregates,Non-oil GDP,gdpnon,2029,nominal_growth_pct,8.656639754357087
Adverse,2 Aggregates,Non-oil GDP,gdpnon,2030,nominal_growth_pct,8.23692786726924
Adverse,2 Aggregates,Non-oil GDP,gdpnon,2026,real,51550.625709352826
Adverse,2 Aggregates,Non-oil GDP,gdpnon,2027,real,53088.84751718416
Adverse,2 Aggregates,Non-oil GDP,gdpnon,2028,real,54597.247468980786
Adverse,2 Aggregates,Non-oil GDP,gdpnon,2029,real,56348.47039103824
Adverse,2 Aggregates,Non-oil GDP,gdpnon,2030,real,58053.42847406585
Adverse,2 Aggregates,Non-oil GDP,gdpnon,2026,real_growth_pct,0.6610000575618225
Adverse,2 Aggregates,Non-oil GDP,gdpnon,2027,real_growth_pct,2.9839052129143173
Adverse,2 Aggregates,Non-oil GDP,gdpnon,2028,real_growth_pct,2.8412746223364094
Adverse,2 Aggregates,Non-oil GDP,gdpnon,2029,real_growth_pct,3.2075296892071448
Adverse,2 Aggregates,Non-oil GDP,gdpnon,2030,real_growth_pct,3.0257397781977335
Adverse,2 Aggregates,Non-oil industry,indnon,2026,deflator,1.8696229336081864
Adverse,2 Aggregates,Non-oil industry,indnon,2027,deflator,1.9654965202036057
Adverse,2 Aggregates,Non-oil industry,indnon,2028,deflator,2.0476940451864216
Adverse,2 Aggregates,Non-oil industry,indnon,2029,deflator,2.1269572134088928
Adverse,2 Aggregates,Non-oil industry,indnon,2030,deflator,2.203033990218618
Adverse,2 Aggregates,Non-oil industry,indnon,2026,deflator_growth_pct,5.641196641501489
Adverse,2 Aggregates,Non-oil industry,indnon,2027,deflator_growth_pct,5.127963765955346
Adverse,2 Aggregates,Non-oil industry,indnon,2028,deflator_growth_pct,4.182023429596371
Adverse,2 Aggregates,Non-oil industry,indnon,2029,deflator_growth_pct,3.870850159905359
Adverse,2 Aggregates,Non-oil industry,indnon,2030,deflator_growth_pct,3.576789242873213
Adverse,2 Aggregates,Non-oil industry,indnon,2026,nominal,10469.977695399593
Adverse,2 Aggregates,Non-oil industry,indnon,2027,nominal,11227.621228201237
Adverse,2 Aggregates,Non-oil industry,indnon,2028,nominal,11983.497525366227
Adverse,2 Aggregates,Non-oil industry,indnon,2029,nominal,12781.924399257352
Adverse,2 Aggregates,Non-oil industry,indnon,2030,nominal,13610.082983307391
Adverse,2 Aggregates,Non-oil industry,indnon,2026,nominal_growth_pct,10.478929770279223
Adverse,2 Aggregates,Non-oil industry,indnon,2027,nominal_growth_pct,7.236343331796635
Adverse,2 Aggregates,Non-oil industry,indnon,2028,nominal_growth_pct,6.732292458053357
Adverse,2 Aggregates,Non-oil industry,indnon,2029,nominal_growth_pct,6.662719896266056
Adverse,2 Aggregates,Non-oil industry,indnon,2030,nominal_growth_pct,6.479138494186021
Adverse,2 Aggregates,Non-oil industry,indnon,2026,real,5600.047746094758
Adverse,2 Aggregates,Non-oil industry,indnon,2027,real,5712.358741310907
Adverse,2 Aggregates,Non-oil industry,indnon,2028,real,5852.191421631669
Adverse,2 Aggregates,Non-oil industry,indnon,2029,real,6009.48825800386
Adverse,2 Aggregates,Non-oil industry,indnon,2030,real,6177.881523270005
Adverse,2 Aggregates,Non-oil industry,indnon,2026,real_growth_pct,4.579400160710789
Adverse,2 Aggregates,Non-oil industry,indnon,2027,real_growth_pct,2.005536386622242
Adverse,2 Aggregates,Non-oil industry,indnon,2028,real_growth_pct,2.4478973862323006
Adverse,2 Aggregates,Non-oil industry,indnon,2029,real_growth_pct,2.6878279440889274
Adverse,2 Aggregates,Non-oil industry,indnon,2030,real_growth_pct,2.8021232097735993
Adverse,2 Aggregates,Oil and gas GDP,gdpoil,2026,deflator,2.192933035007003
Adverse,2 Aggregates,Oil and gas GDP,gdpoil,2027,deflator,1.92409099432126
Adverse,2 Aggregates,Oil and gas GDP,gdpoil,2028,deflator,1.7963398741806063
Adverse,2 Aggregates,Oil and gas GDP,gdpoil,2029,deflator,1.8248794255058352
Adverse,2 Aggregates,Oil and gas GDP,gdpoil,2030,deflator,1.8763965865480114
Adverse,2 Aggregates,Oil and gas GDP,gdpoil,2026,deflator_growth_pct,-15.312851836453579
Adverse,2 Aggregates,Oil and gas GDP,gdpoil,2027,deflator_growth_pct,-12.25947333521219
Adverse,2 Aggregates,Oil and gas GDP,gdpoil,2028,deflator_growth_pct,-6.639557095672554
Adverse,2 Aggregates,Oil and gas GDP,gdpoil,2029,deflator_growth_pct,1.5887612213834057
Adverse,2 Aggregates,Oil and gas GDP,gdpoil,2030,deflator_growth_pct,2.8230446528211717
Adverse,2 Aggregates,Oil and gas GDP,gdpoil,2026,nominal,30873.39251916322
Adverse,2 Aggregates,Oil and gas GDP,gdpoil,2027,nominal,25349.371639900448
Adverse,2 Aggregates,Oil and gas GDP,gdpoil,2028,nominal,22191.62749917195
Adverse,2 Aggregates,Oil and gas GDP,gdpoil,2029,nominal,21978.075272297912
Adverse,2 Aggregates,Oil and gas GDP,gdpoil,2030,nominal,21839.658373857863
Adverse,2 Aggregates,Oil and gas GDP,gdpoil,2026,nominal_growth_pct,-16.075036170040914
Adverse,2 Aggregates,Oil and gas GDP,gdpoil,2027,nominal_growth_pct,-17.89249715862613
Adverse,2 Aggregates,Oil and gas GDP,gdpoil,2028,nominal_growth_pct,-12.456893155324378
Adverse,2 Aggregates,Oil and gas GDP,gdpoil,2029,nominal_growth_pct,-0.9623098931432872
Adverse,2 Aggregates,Oil and gas GDP,gdpoil,2030,nominal_growth_pct,-0.6297953607180329
Adverse,2 Aggregates,Oil and gas GDP,gdpoil,2026,real,14078.584264231591
Adverse,2 Aggregates,Oil and gas GDP,gdpoil,2027,real,13174.725995140714
Adverse,2 Aggregates,Oil and gas GDP,gdpoil,2028,real,12353.802205328531
Adverse,2 Aggregates,Oil and gas GDP,gdpoil,2029,real,12043.576668746675
Adverse,2 Aggregates,Oil and gas GDP,gdpoil,2030,real,11639.148424393625
Adverse,2 Aggregates,Oil and gas GDP,gdpoil,2026,real_growth_pct,-0.9000000001362918
Adverse,2 Aggregates,Oil and gas GDP,gdpoil,2027,real_growth_pct,-6.420093470529153
Adverse,2 Aggregates,Oil and gas GDP,gdpoil,2028,real_growth_pct,-6.231050195009502
Adverse,2 Aggregates,Oil and gas GDP,gdpoil,2029,real_growth_pct,-2.511174547120787
Adverse,2 Aggregates,Oil and gas GDP,gdpoil,2030,real_growth_pct,-3.3580410161920593
Adverse,2 Aggregates,Services production,serv,2026,deflator,2.0356109579002557
Adverse,2 Aggregates,Services production,serv,2027,deflator,2.1791212675512495
Adverse,2 Aggregates,Services production,serv,2028,deflator,2.3151585012203
Adverse,2 Aggregates,Services production,serv,2029,deflator,2.4543224121901384
Adverse,2 Aggregates,Services production,serv,2030,deflator,2.596767910682061
Adverse,2 Aggregates,Services production,serv,2026,deflator_growth_pct,7.482510900683104
Adverse,2 Aggregates,Services production,serv,2027,deflator_growth_pct,7.04998708589315
Adverse,2 Aggregates,Services production,serv,2028,deflator_growth_pct,6.242756458520571
Adverse,2 Aggregates,Services production,serv,2029,deflator_growth_pct,6.010988487245528
Adverse,2 Aggregates,Services production,serv,2030,deflator_growth_pct,5.803862515553138
Adverse,2 Aggregates,Services production,serv,2026,nominal,63905.09014999805
Adverse,2 Aggregates,Services production,serv,2027,nominal,70085.0824350455
Adverse,2 Aggregates,Services production,serv,2028,nominal,76413.34017548617
Adverse,2 Aggregates,Services production,serv,2029,nominal,83674.6853672496
Adverse,2 Aggregates,Services production,serv,2030,nominal,91278.87257198062
Adverse,2 Aggregates,Services production,serv,2026,nominal_growth_pct,10.113982414178313
Adverse,2 Aggregates,Services production,serv,2027,nominal_growth_pct,9.670579089305352
Adverse,2 Aggregates,Services production,serv,2028,nominal_growth_pct,9.029393303925515
Adverse,2 Aggregates,Services production,serv,2029,nominal_growth_pct,9.50271925698769
Adverse,2 Aggregates,Services production,serv,2030,nominal_growth_pct,9.087798981682592
Adverse,2 Aggregates,Services production,serv,2026,real,31393.56756848888
Adverse,2 Aggregates,Services production,serv,2027,real,32162.084542363453
Adverse,2 Aggregates,Services production,serv,2028,real,33005.66252168452
Adverse,2 Aggregates,Services production,serv,2029,real,34092.784612019124
Adverse,2 Aggregates,Services production,serv,2030,real,35150.9552303446
Adverse,2 Aggregates,Services production,serv,2026,real_growth_pct,2.4482787864220645
Adverse,2 Aggregates,Services production,serv,2027,real_growth_pct,2.448007771649263
Adverse,2 Aggregates,Services production,serv,2028,real_growth_pct,2.6228958456032903
Adverse,2 Aggregates,Services production,serv,2029,real_growth_pct,3.2937441859268057
Adverse,2 Aggregates,Services production,serv,2030,real_growth_pct,3.1037963908422617
Adverse,3 Consumer markets,Catering turnover,cater,2026,deflator,2.0275019538626986
Adverse,3 Consumer markets,Catering turnover,cater,2027,deflator,2.1420301952702205
Adverse,3 Consumer markets,Catering turnover,cater,2028,deflator,2.247053184726834
Adverse,3 Consumer markets,Catering turnover,cater,2029,deflator,2.351740007715425
Adverse,3 Consumer markets,Catering turnover,cater,2030,deflator,2.4559471158164525
Adverse,3 Consumer markets,Catering turnover,cater,2026,deflator_growth_pct,6.079826727691229
Adverse,3 Consumer markets,Catering turnover,cater,2027,deflator_growth_pct,5.648736426089673
Adverse,3 Consumer markets,Catering turnover,cater,2028,deflator_growth_pct,4.902964938986987
Adverse,3 Consumer markets,Catering turnover,cater,2029,deflator_growth_pct,4.658849363252493
Adverse,3 Consumer markets,Catering turnover,cater,2030,deflator_growth_pct,4.431064138006402
Adverse,3 Consumer markets,Catering turnover,cater,2026,nominal,2886.702479090916
Adverse,3 Consumer markets,Catering turnover,cater,2027,nominal,3016.823806082369
Adverse,3 Consumer markets,Catering turnover,cater,2028,nominal,3180.0358121993504
Adverse,3 Consumer markets,Catering turnover,cater,2029,nominal,3384.976276966784
Adverse,3 Consumer markets,Catering turnover,cater,2030,nominal,3601.4310937439045
Adverse,3 Consumer markets,Catering turnover,cater,2026,nominal_growth_pct,2.780833122940818
Adverse,3 Consumer markets,Catering turnover,cater,2027,nominal_growth_pct,4.507611294684977
Adverse,3 Consumer markets,Catering turnover,cater,2028,nominal_growth_pct,5.410060931895377
Adverse,3 Consumer markets,Catering turnover,cater,2029,nominal_growth_pct,6.444596126283697
Adverse,3 Consumer markets,Catering turnover,cater,2030,nominal_growth_pct,6.394574114152474
Adverse,3 Consumer markets,Catering turnover,cater,2026,real,1423.7729702757179
Adverse,3 Consumer markets,Catering turnover,cater,2027,real,1408.3946214874866
Adverse,3 Consumer markets,Catering turnover,cater,2028,real,1415.202734770132
Adverse,3 Consumer markets,Catering turnover,cater,2029,real,1439.349701013543
Adverse,3 Consumer markets,Catering turnover,cater,2030,real,1466.412314235296
Adverse,3 Consumer markets,Catering turnover,cater,2026,real_growth_pct,-3.1099160948094173
Adverse,3 Consumer markets,Catering turnover,cater,2027,real_growth_pct,-1.0801124272820872
Adverse,3 Consumer markets,Catering turnover,cater,2028,real_growth_pct,0.483395291261135
Adverse,3 Consumer markets,Catering turnover,cater,2029,real_growth_pct,1.7062549167086605
Adverse,3 Consumer markets,Catering turnover,cater,2030,real_growth_pct,1.8801972309228532
Adverse,3 Consumer markets,Consumer market (total),cons_mkt,2026,deflator,2.068992978840681
Adverse,3 Consumer markets,Consumer market (total),cons_mkt,2027,deflator,2.1770227956076824
Adverse,3 Consumer markets,Consumer market (total),cons_mkt,2028,deflator,2.2725605295312863
Adverse,3 Consumer markets,Consumer market (total),cons_mkt,2029,deflator,2.366065741904869
Adverse,3 Consumer markets,Consumer market (total),cons_mkt,2030,deflator,2.457356887864876
Adverse,3 Consumer markets,Consumer market (total),cons_mkt,2026,deflator_growth_pct,5.700156883658569
Adverse,3 Consumer markets,Consumer market (total),cons_mkt,2027,deflator_growth_pct,5.221371839914779
Adverse,3 Consumer markets,Consumer market (total),cons_mkt,2028,deflator_growth_pct,4.3884581326552485
Adverse,3 Consumer markets,Consumer market (total),cons_mkt,2029,deflator_growth_pct,4.114531215274964
Adverse,3 Consumer markets,Consumer market (total),cons_mkt,2030,deflator_growth_pct,3.858352045894997
Adverse,3 Consumer markets,Consumer market (total),cons_mkt,2026,nominal,94424.13342997101
Adverse,3 Consumer markets,Consumer market (total),cons_mkt,2027,nominal,98680.40633339316
Adverse,3 Consumer markets,Consumer market (total),cons_mkt,2028,nominal,104019.07644382589
Adverse,3 Consumer markets,Consumer market (total),cons_mkt,2029,nominal,110722.6858149377
Adverse,3 Consumer markets,Consumer market (total),cons_mkt,2030,nominal,117802.93002051706
Adverse,3 Consumer markets,Consumer market (total),cons_mkt,2026,nominal_growth_pct,10.562758105048786
Adverse,3 Consumer markets,Consumer market (total),cons_mkt,2027,nominal_growth_pct,4.507611294710778
Adverse,3 Consumer markets,Consumer market (total),cons_mkt,2028,nominal_growth_pct,5.410060931848992
Adverse,3 Consumer markets,Consumer market (total),cons_mkt,2029,nominal_growth_pct,6.444596126299973
Adverse,3 Consumer markets,Consumer market (total),cons_mkt,2030,nominal_growth_pct,6.394574114119056
Adverse,3 Consumer markets,Consumer market (total),cons_mkt,2026,real,45637.72540343742
Adverse,3 Consumer markets,Consumer market (total),cons_mkt,2027,real,45328.145636549496
Adverse,3 Consumer markets,Consumer market (total),cons_mkt,2028,real,45771.75177168097
Adverse,3 Consumer markets,Consumer market (total),cons_mkt,2029,real,46796.115532190255
Adverse,3 Consumer markets,Consumer market (total),cons_mkt,2030,real,47938.87717419528
Adverse,3 Consumer markets,Consumer market (total),cons_mkt,2026,real_growth_pct,4.600372757007687
Adverse,3 Consumer markets,Consumer market (total),cons_mkt,2027,real_growth_pct,-0.678341797605464
Adverse,3 Consumer markets,Consumer market (total),cons_mkt,2028,real_growth_pct,0.9786549370194741
Adverse,3 Consumer markets,Consumer market (total),cons_mkt,2029,real_growth_pct,2.2379824255340353
Adverse,3 Consumer markets,Consumer market (total),cons_mkt,2030,real_growth_pct,2.4420010699797157
Adverse,3 Consumer markets,Paid services to households,serv_hh,2026,deflator,1.7849790719841008
Adverse,3 Consumer markets,Paid services to households,serv_hh,2027,deflator,1.8552674570730507
Adverse,3 Consumer markets,Paid services to households,serv_hh,2028,deflator,1.9184625291499904
Adverse,3 Consumer markets,Paid services to households,serv_hh,2029,deflator,1.9804680231954275
Adverse,3 Consumer markets,Paid services to households,serv_hh,2030,deflator,2.0412561767646094
Adverse,3 Consumer markets,Paid services to households,serv_hh,2026,deflator_growth_pct,4.244540707062283
Adverse,3 Consumer markets,Paid services to households,serv_hh,2027,deflator_growth_pct,3.9377708227593233
Adverse,3 Consumer markets,Paid services to households,serv_hh,2028,deflator_growth_pct,3.4062513108831682
Adverse,3 Consumer markets,Paid services to households,serv_hh,2029,deflator_growth_pct,3.2320409235675696
Adverse,3 Consumer markets,Paid services to households,serv_hh,2030,deflator_growth_pct,3.0693832395789933
Adverse,3 Consumer markets,Paid services to households,serv_hh,2026,nominal,15705.354726733953
Adverse,3 Consumer markets,Paid services to households,serv_hh,2027,nominal,16413.291070257394
Adverse,3 Consumer markets,Paid services to households,serv_hh,2028,nominal,17301.26011810563
Adverse,3 Consumer markets,Paid services to households,serv_hh,2029,nominal,18416.25645746934
Adverse,3 Consumer markets,Paid services to households,serv_hh,2030,nominal,19593.89762570764
Adverse,3 Consumer markets,Paid services to households,serv_hh,2026,nominal_growth_pct,5.00548066574813
Adverse,3 Consumer markets,Paid services to households,serv_hh,2027,nominal_growth_pct,4.507611294626646
Adverse,3 Consumer markets,Paid services to households,serv_hh,2028,nominal_growth_pct,5.410060932004868
Adverse,3 Consumer markets,Paid services to households,serv_hh,2029,nominal_growth_pct,6.444596126249058
Adverse,3 Consumer markets,Paid services to households,serv_hh,2030,nominal_growth_pct,6.394574114223239
Adverse,3 Consumer markets,Paid services to households,serv_hh,2026,real,8798.621212559428
Adverse,3 Consumer markets,Paid services to households,serv_hh,2027,real,8846.85979246987
Adverse,3 Consumer markets,Paid services to households,serv_hh,2028,real,9018.294522422217
Adverse,3 Consumer markets,Paid services to households,serv_hh,2029,real,9298.941584401471
Adverse,3 Consumer markets,Paid services to households,serv_hh,2030,real,9598.941009336693
Adverse,3 Consumer markets,Paid services to households,serv_hh,2026,real_growth_pct,0.7299566514702871
Adverse,3 Consumer markets,Paid services to households,serv_hh,2027,real_growth_pct,0.5482515810725452
Adverse,3 Consumer markets,Paid services to households,serv_hh,2028,real_growth_pct,1.9378031750685754
Adverse,3 Consumer markets,Paid services to households,serv_hh,2029,real_growth_pct,3.1119749003703623
Adverse,3 Consumer markets,Paid services to households,serv_hh,2030,real_growth_pct,3.226167432199567
Adverse,3 Consumer markets,Retail trade turnover,retail,2026,deflator,2.136460470741061
Adverse,3 Consumer markets,Retail trade turnover,retail,2027,deflator,2.2544765057572493
Adverse,3 Consumer markets,Retail trade turnover,retail,2028,deflator,2.3630794954883236
Adverse,3 Consumer markets,Retail trade turnover,retail,2029,deflator,2.4714464630554596
Adverse,3 Consumer markets,Retail trade turnover,retail,2030,deflator,2.5794464816163303
Adverse,3 Consumer markets,Retail trade turnover,retail,2026,deflator_growth_pct,5.932286115764374
Adverse,3 Consumer markets,Retail trade turnover,retail,2027,deflator_growth_pct,5.523904450020223
Adverse,3 Consumer markets,Retail trade turnover,retail,2028,deflator_growth_pct,4.817215413588705
Adverse,3 Consumer markets,Retail trade turnover,retail,2029,deflator_growth_pct,4.58583673439823
Adverse,3 Consumer markets,Retail trade turnover,retail,2030,deflator_growth_pct,4.369911312072272
Adverse,3 Consumer markets,Retail trade turnover,retail,2026,nominal,75832.07622411028
Adverse,3 Consumer markets,Retail trade turnover,retail,2027,nominal,79250.29145697416
Adverse,3 Consumer markets,Retail trade turnover,retail,2028,nominal,83537.78051351728
Adverse,3 Consumer markets,Retail trade turnover,retail,2029,nominal,88921.45308046938
Adverse,3 Consumer markets,Retail trade turnover,retail,2030,nominal,94607.60130109308
Adverse,3 Consumer markets,Retail trade turnover,retail,2026,nominal_growth_pct,12.114770304977363
Adverse,3 Consumer markets,Retail trade turnover,retail,2027,nominal_growth_pct,4.507611294674119
Adverse,3 Consumer markets,Retail trade turnover,retail,2028,nominal_growth_pct,5.410060931915761
Adverse,3 Consumer markets,Retail trade turnover,retail,2029,nominal_growth_pct,6.444596126277213
Adverse,3 Consumer markets,Retail trade turnover,retail,2030,nominal_growth_pct,6.3945741141657075
Adverse,3 Consumer markets,Retail trade turnover,retail,2026,real,35494.25662802311
Adverse,3 Consumer markets,Retail trade turnover,retail,2027,real,35152.41398816663
Adverse,3 Consumer markets,Retail trade turnover,retail,2028,real,35351.235823005794
Adverse,3 Consumer markets,Retail trade turnover,retail,2029,real,35979.51823343785
Adverse,3 Consumer markets,Retail trade turnover,retail,2030,real,36677.48176803038
Adverse,3 Consumer markets,Retail trade turnover,retail,2026,real_growth_pct,5.836260516889702
Adverse,3 Consumer markets,Retail trade turnover,retail,2027,real_growth_pct,-0.9630928277748363
Adverse,3 Consumer markets,Retail trade turnover,retail,2028,real_growth_pct,0.5655993779149826
Adverse,3 Consumer markets,Retail trade turnover,retail,2029,real_growth_pct,1.7772572749017668
Adverse,3 Consumer markets,Retail trade turnover,retail,2030,real_growth_pct,1.9398912738744611
Adverse,4 Investment market,Fixed investment (total),inv_tot,2026,deflator,1.6988956091261347
Adverse,4 Investment market,Fixed investment (total),inv_tot,2027,deflator,1.7876012660505953
Adverse,4 Investment market,Fixed investment (total),inv_tot,2028,deflator,1.8660493991900409
Adverse,4 Investment market,Fixed investment (total),inv_tot,2029,deflator,1.942828584212166
Adverse,4 Investment market,Fixed investment (total),inv_tot,2030,deflator,2.017789750639349
Adverse,4 Investment market,Fixed investment (total),inv_tot,2026,deflator_growth_pct,5.700156883658569
Adverse,4 Investment market,Fixed investment (total),inv_tot,2027,deflator_growth_pct,5.221371839914779
Adverse,4 Investment market,Fixed investment (total),inv_tot,2028,deflator_growth_pct,4.3884581326552485
Adverse,4 Investment market,Fixed investment (total),inv_tot,2029,deflator_growth_pct,4.114531215274964
Adverse,4 Investment market,Fixed investment (total),inv_tot,2030,deflator_growth_pct,3.858352045894997
Adverse,4 Investment market,Fixed investment (total),inv_tot,2026,nominal,22045.743645702834
Adverse,4 Investment market,Fixed investment (total),inv_tot,2027,nominal,22433.27421150728
Adverse,4 Investment market,Fixed investment (total),inv_tot,2028,nominal,22665.515777032953
Adverse,4 Investment market,Fixed investment (total),inv_tot,2029,nominal,22869.46818519427
Adverse,4 Investment market,Fixed investment (total),inv_tot,2030,nominal,23040.949392408857
Adverse,4 Investment market,Fixed investment (total),inv_tot,2026,nominal_growth_pct,3.8614896080902072
Adverse,4 Investment market,Fixed investment (total),inv_tot,2027,nominal_growth_pct,1.7578475556663031
Adverse,4 Investment market,Fixed investment (total),inv_tot,2028,nominal_growth_pct,1.0352548778035375
Adverse,4 Investment market,Fixed investment (total),inv_tot,2029,nominal_growth_pct,0.8998357247532063
Adverse,4 Investment market,Fixed investment (total),inv_tot,2030,nominal_growth_pct,0.7498259505903437
Adverse,4 Investment market,Fixed investment (total),inv_tot,2026,real,12976.514582342443
Adverse,4 Investment market,Fixed investment (total),inv_tot,2027,real,12549.372523700338
Adverse,4 Investment market,Fixed investment (total),inv_tot,2028,real,12146.25710705779
Adverse,4 Investment market,Fixed investment (total),inv_tot,2029,real,11771.22282996883
Adverse,4 Investment market,Fixed investment (total),inv_tot,2030,real,11418.90496029539
Adverse,4 Investment market,Fixed investment (total),inv_tot,2026,real_growth_pct,-1.7395123430063997
Adverse,4 Investment market,Fixed investment (total),inv_tot,2027,real_growth_pct,-3.2916547500615456
Adverse,4 Investment market,Fixed investment (total),inv_tot,2028,real_growth_pct,-3.212235638724059
Adverse,4 Investment market,Fixed investment (total),inv_tot,2029,real_growth_pct,-3.0876530422778603
Adverse,4 Investment market,Fixed investment (total),inv_tot,2030,real_growth_pct,-2.993043923834837
Adverse,4 Investment market,Non-oil investment,inv_non,2026,deflator,1.6988956091261347
Adverse,4 Investment market,Non-oil investment,inv_non,2027,deflator,1.7876012660505953
Adverse,4 Investment market,Non-oil investment,inv_non,2028,deflator,1.8660493991900409
Adverse,4 Investment market,Non-oil investment,inv_non,2029,deflator,1.942828584212166
Adverse,4 Investment market,Non-oil investment,inv_non,2030,deflator,2.017789750639349
Adverse,4 Investment market,Non-oil investment,inv_non,2026,deflator_growth_pct,5.700156883658569
Adverse,4 Investment market,Non-oil investment,inv_non,2027,deflator_growth_pct,5.221371839914779
Adverse,4 Investment market,Non-oil investment,inv_non,2028,deflator_growth_pct,4.3884581326552485
Adverse,4 Investment market,Non-oil investment,inv_non,2029,deflator_growth_pct,4.114531215274964
Adverse,4 Investment market,Non-oil investment,inv_non,2030,deflator_growth_pct,3.858352045894997
Adverse,4 Investment market,Non-oil investment,inv_non,2026,nominal,16667.956397380003
Adverse,4 Investment market,Non-oil investment,inv_non,2027,nominal,17012.353117917315
Adverse,4 Investment market,Non-oil investment,inv_non,2028,nominal,17221.7348368016
Adverse,4 Investment market,Non-oil investment,inv_non,2029,nominal,17400.073024106703
Adverse,4 Investment market,Non-oil investment,inv_non,2030,nominal,17530.938421660892
Adverse,4 Investment market,Non-oil investment,inv_non,2026,nominal_growth_pct,4.918950385884102
Adverse,4 Investment market,Non-oil investment,inv_non,2027,nominal_growth_pct,2.066220431146837
Adverse,4 Investment market,Non-oil investment,inv_non,2028,nominal_growth_pct,1.2307628311792218
Adverse,4 Investment market,Non-oil investment,inv_non,2029,nominal_growth_pct,1.0355413609319353
Adverse,4 Investment market,Non-oil investment,inv_non,2030,nominal_growth_pct,0.7520968295528618
Adverse,4 Investment market,Non-oil investment,inv_non,2026,real,9811.05390339642
Adverse,4 Investment market,Non-oil investment,inv_non,2027,real,9516.861193270048
Adverse,4 Investment market,Non-oil investment,inv_non,2028,real,9228.98120718385
Adverse,4 Investment market,Non-oil investment,inv_non,2029,real,8956.051586590478
Adverse,4 Investment market,Non-oil investment,inv_non,2030,real,8688.188854218388
Adverse,4 Investment market,Non-oil investment,inv_non,2026,real_growth_pct,-0.7390778980908674
Adverse,4 Investment market,Non-oil investment,inv_non,2027,real_growth_pct,-2.9985841788569445
Adverse,4 Investment market,Non-oil investment,inv_non,2028,real_growth_pct,-3.024946778563664
Adverse,4 Investment market,Non-oil investment,inv_non,2029,real_growth_pct,-2.9573103950078727
Adverse,4 Investment market,Non-oil investment,inv_non,2030,real_growth_pct,-2.9908574083377326
Adverse,4 Investment market,Non-state investment,inv_priv,2026,deflator,1.6988956091261347
Adverse,4 Investment market,Non-state investment,inv_priv,2027,deflator,1.7876012660505953
Adverse,4 Investment market,Non-state investment,inv_priv,2028,deflator,1.8660493991900409
Adverse,4 Investment market,Non-state investment,inv_priv,2029,deflator,1.942828584212166
Adverse,4 Investment market,Non-state investment,inv_priv,2030,deflator,2.017789750639349
Adverse,4 Investment market,Non-state investment,inv_priv,2026,deflator_growth_pct,5.700156883658569
Adverse,4 Investment market,Non-state investment,inv_priv,2027,deflator_growth_pct,5.221371839914779
Adverse,4 Investment market,Non-state investment,inv_priv,2028,deflator_growth_pct,4.3884581326552485
Adverse,4 Investment market,Non-state investment,inv_priv,2029,deflator_growth_pct,4.114531215274964
Adverse,4 Investment market,Non-state investment,inv_priv,2030,deflator_growth_pct,3.858352045894997
Adverse,4 Investment market,Non-state investment,inv_priv,2026,nominal,10221.797944665783
Adverse,4 Investment market,Non-state investment,inv_priv,2027,nominal,10489.609054195662
Adverse,4 Investment market,Non-state investment,inv_priv,2028,nominal,10696.420190989893
Adverse,4 Investment market,Non-state investment,inv_priv,2029,nominal,10906.363135496582
Adverse,4 Investment market,Non-state investment,inv_priv,2030,nominal,11113.252984721561
Adverse,4 Investment market,Non-state investment,inv_priv,2026,nominal_growth_pct,2.944935402496096
Adverse,4 Investment market,Non-state investment,inv_priv,2027,nominal_growth_pct,2.620000033063019
Adverse,4 Investment market,Non-state investment,inv_priv,2028,nominal_growth_pct,1.9715809781443605
Adverse,4 Investment market,Non-state investment,inv_priv,2029,nominal_growth_pct,1.9627402510190572
Adverse,4 Investment market,Non-state investment,inv_priv,2030,nominal_growth_pct,1.8969646128105033
Adverse,4 Investment market,Non-state investment,inv_priv,2026,real,6016.731039715616
Adverse,4 Investment market,Non-state investment,inv_priv,2027,real,5867.980322799105
Adverse,4 Investment market,Non-state investment,inv_priv,2028,real,5732.120594252583
Adverse,4 Investment market,Non-state investment,inv_priv,2029,real,5613.651777683314
Adverse,4 Investment market,Non-state investment,inv_priv,2030,real,5507.6367501620325
Adverse,4 Investment market,Non-state investment,inv_priv,2026,real_growth_pct,-2.60663897045591
Adverse,4 Investment market,Non-state investment,inv_priv,2027,real_growth_pct,-2.472284633210753
Adverse,4 Investment market,Non-state investment,inv_priv,2028,real_growth_pct,-2.31527239480781
Adverse,4 Investment market,Non-state investment,inv_priv,2029,real_growth_pct,-2.0667537366198085
Adverse,4 Investment market,Non-state investment,inv_priv,2030,real_growth_pct,-1.88852162050267
Adverse,4 Investment market,Oil and gas investment,inv_oil,2026,deflator,1.6988956091261347
Adverse,4 Investment market,Oil and gas investment,inv_oil,2027,deflator,1.7876012660505953
Adverse,4 Investment market,Oil and gas investment,inv_oil,2028,deflator,1.8660493991900409
Adverse,4 Investment market,Oil and gas investment,inv_oil,2029,deflator,1.942828584212166
Adverse,4 Investment market,Oil and gas investment,inv_oil,2030,deflator,2.017789750639349
Adverse,4 Investment market,Oil and gas investment,inv_oil,2026,deflator_growth_pct,5.700156883658569
Adverse,4 Investment market,Oil and gas investment,inv_oil,2027,deflator_growth_pct,5.221371839914779
Adverse,4 Investment market,Oil and gas investment,inv_oil,2028,deflator_growth_pct,4.3884581326552485
Adverse,4 Investment market,Oil and gas investment,inv_oil,2029,deflator_growth_pct,4.114531215274964
Adverse,4 Investment market,Oil and gas investment,inv_oil,2030,deflator_growth_pct,3.858352045894997
Adverse,4 Investment market,Oil and gas investment,inv_oil,2026,nominal,5377.787248322832
Adverse,4 Investment market,Oil and gas investment,inv_oil,2027,nominal,5420.921093589963
Adverse,4 Investment market,Oil and gas investment,inv_oil,2028,nominal,5443.780940231353
Adverse,4 Investment market,Oil and gas investment,inv_oil,2029,nominal,5469.395161087567
Adverse,4 Investment market,Oil and gas investment,inv_oil,2030,nominal,5510.010970747967
Adverse,4 Investment market,Oil and gas investment,inv_oil,2026,nominal_growth_pct,0.715302614315938
Adverse,4 Investment market,Oil and gas investment,inv_oil,2027,nominal_growth_pct,0.8020742226383604
Adverse,4 Investment market,Oil and gas investment,inv_oil,2028,nominal_growth_pct,0.42169672361438426
Adverse,4 Investment market,Oil and gas investment,inv_oil,2029,nominal_growth_pct,0.4705226227403214
Adverse,4 Investment market,Oil and gas investment,inv_oil,2030,nominal_growth_pct,0.7426014845181461
Adverse,4 Investment market,Oil and gas investment,inv_oil,2026,real,3165.460678946023
Adverse,4 Investment market,Oil and gas investment,inv_oil,2027,real,3032.5113304302904
Adverse,4 Investment market,Oil and gas investment,inv_oil,2028,real,2917.275899873941
Adverse,4 Investment market,Oil and gas investment,inv_oil,2029,real,2815.1712433783523
Adverse,4 Investment market,Oil and gas investment,inv_oil,2030,real,2730.7161060770013
Adverse,4 Investment market,Oil and gas investment,inv_oil,2026,real_growth_pct,-4.716032990215258
Adverse,4 Investment market,Oil and gas investment,inv_oil,2027,real_growth_pct,-4.199999999999992
Adverse,4 Investment market,Oil and gas investment,inv_oil,2028,real_growth_pct,-3.799999999999948
Adverse,4 Investment market,Oil and gas investment,inv_oil,2029,real_growth_pct,-3.5000000000000253
Adverse,4 Investment market,Oil and gas investment,inv_oil,2030,real_growth_pct,-3.0000000000000138
Adverse,4 Investment market,State investment,inv_state,2026,deflator,1.6988956091261347
Adverse,4 Investment market,State investment,inv_state,2027,deflator,1.7876012660505953
Adverse,4 Investment market,State investment,inv_state,2028,deflator,1.8660493991900409
Adverse,4 Investment market,State investment,inv_state,2029,deflator,1.942828584212166
Adverse,4 Investment market,State investment,inv_state,2030,deflator,2.017789750639349
Adverse,4 Investment market,State investment,inv_state,2026,deflator_growth_pct,5.700156883658569
Adverse,4 Investment market,State investment,inv_state,2027,deflator_growth_pct,5.221371839914779
Adverse,4 Investment market,State investment,inv_state,2028,deflator_growth_pct,4.3884581326552485
Adverse,4 Investment market,State investment,inv_state,2029,deflator_growth_pct,4.114531215274964
Adverse,4 Investment market,State investment,inv_state,2030,deflator_growth_pct,3.858352045894997
Adverse,4 Investment market,State investment,inv_state,2026,nominal,11823.945701037048
Adverse,4 Investment market,State investment,inv_state,2027,nominal,11943.66515731162
Adverse,4 Investment market,State investment,inv_state,2028,nominal,11969.095586043059
Adverse,4 Investment market,State investment,inv_state,2029,nominal,11963.105049697686
Adverse,4 Investment market,State investment,inv_state,2030,nominal,11927.696407687297
Adverse,4 Investment market,State investment,inv_state,2026,nominal_growth_pct,4.667319020150851
Adverse,4 Investment market,State investment,inv_state,2027,nominal_growth_pct,1.0125169660079925
Adverse,4 Investment market,State investment,inv_state,2028,nominal_growth_pct,0.21291980641193753
Adverse,4 Investment market,State investment,inv_state,2029,nominal_growth_pct,-0.05005003345748271
Adverse,4 Investment market,State investment,inv_state,2030,nominal_growth_pct,-0.2959820369652588
Adverse,4 Investment market,State investment,inv_state,2026,real,6959.783542626826
Adverse,4 Investment market,State investment,inv_state,2027,real,6681.392200901234
Adverse,4 Investment market,State investment,inv_state,2028,real,6414.136512805206
Adverse,4 Investment market,State investment,inv_state,2029,real,6157.571052285516
Adverse,4 Investment market,State investment,inv_state,2030,real,5911.268210133358
Adverse,4 Investment market,State investment,inv_state,2026,real_growth_pct,-0.9771393855588562
Adverse,4 Investment market,State investment,inv_state,2027,real_growth_pct,-4.000000000294812
Adverse,4 Investment market,State investment,inv_state,2028,real_growth_pct,-4.000000000897696
Adverse,4 Investment market,State investment,inv_state,2029,real_growth_pct,-4.000000000116644
Adverse,4 Investment market,State investment,inv_state,2030,real_growth_pct,-4.000000000986392
Adverse,5 Labour market,Average monthly wage,wage,2026,deflator,2.031443801768715
Adverse,5 Labour market,Average monthly wage,wage,2027,deflator,2.1375130363779604
Adverse,5 Labour market,Average monthly wage,wage,2028,deflator,2.231316901059455
Adverse,5 Labour market,Average monthly wage,wage,2029,deflator,2.3231251314652526
Adverse,5 Labour market,Average monthly wage,wage,2030,deflator,2.412759477503843
Adverse,5 Labour market,Average monthly wage,wage,2026,deflator_growth_pct,5.700156883658569
Adverse,5 Labour market,Average monthly wage,wage,2027,deflator_growth_pct,5.221371839914757
Adverse,5 Labour market,Average monthly wage,wage,2028,deflator_growth_pct,4.3884581326552485
Adverse,5 Labour market,Average monthly wage,wage,2029,deflator_growth_pct,4.114531215274964
Adverse,5 Labour market,Average monthly wage,wage,2030,deflator_growth_pct,3.858352045894997
Adverse,5 Labour market,Average monthly wage,wage,2026,nominal,1131.3244839402764
Adverse,5 Labour market,Average monthly wage,wage,2027,nominal,1189.8243208266172
Adverse,5 Labour market,Average monthly wage,wage,2028,nominal,1245.55365542064
Adverse,5 Labour market,Average monthly wage,wage,2029,nominal,1306.2318849307958
Adverse,5 Labour market,Average monthly wage,wage,2030,nominal,1366.3852308733467
Adverse,5 Labour market,Average monthly wage,wage,2026,nominal_growth_pct,2.5772494278970326
Adverse,5 Labour market,Average monthly wage,wage,2027,nominal_growth_pct,5.170915835092016
Adverse,5 Labour market,Average monthly wage,wage,2028,nominal_growth_pct,4.683828832420023
Adverse,5 Labour market,Average monthly wage,wage,2029,nominal_growth_pct,4.8715869642455445
Adverse,5 Labour market,Average monthly wage,wage,2030,nominal_growth_pct,4.605104701278817
Adverse,5 Labour market,Average monthly wage,wage,2026,real,556.9066114234947
Adverse,5 Labour market,Average monthly wage,wage,2027,real,556.6395622282555
Adverse,5 Labour market,Average monthly wage,wage,2028,real,558.214592839429
Adverse,5 Labour market,Average monthly wage,wage,2029,real,562.2735802039742
Adverse,5 Labour market,Average monthly wage,wage,2030,real,566.3163873619766
Adverse,5 Labour market,Average monthly wage,wage,2026,real_growth_pct,-2.9544965190532624
Adverse,5 Labour market,Average monthly wage,wage,2027,real_growth_pct,-0.04795224006348686
Adverse,5 Labour market,Average monthly wage,wage,2028,real_growth_pct,0.2829534079231699
Adverse,5 Labour market,Average monthly wage,wage,2029,real_growth_pct,0.7271374515486428
Adverse,5 Labour market,Average monthly wage,wage,2030,real_growth_pct,0.7190106916522332
Adverse,5 Labour market,Employment,emp,2026,deflator,1.0
Adverse,5 Labour market,Employment,emp,2027,deflator,1.0
Adverse,5 Labour market,Employment,emp,2028,deflator,1.0
Adverse,5 Labour market,Employment,emp,2029,deflator,1.0
Adverse,5 Labour market,Employment,emp,2030,deflator,1.0
Adverse,5 Labour market,Employment,emp,2026,deflator_growth_pct,0.0
Adverse,5 Labour market,Employment,emp,2027,deflator_growth_pct,0.0
Adverse,5 Labour market,Employment,emp,2028,deflator_growth_pct,0.0
Adverse,5 Labour market,Employment,emp,2029,deflator_growth_pct,0.0
Adverse,5 Labour market,Employment,emp,2030,deflator_growth_pct,0.0
Adverse,5 Labour market,Employment,emp,2026,nominal,5132.486837823854
Adverse,5 Labour market,Employment,emp,2027,nominal,5163.883200445807
Adverse,5 Labour market,Employment,emp,2028,nominal,5195.229271434566
Adverse,5 Labour market,Employment,emp,2029,nominal,5227.391060089572
Adverse,5 Labour market,Employment,emp,2030,nominal,5259.439863837257
Adverse,5 Labour market,Employment,emp,2026,nominal_growth_pct,0.5344910644804246
Adverse,5 Labour market,Employment,emp,2027,nominal_growth_pct,0.6117183270803128
Adverse,5 Labour market,Employment,emp,2028,nominal_growth_pct,0.6070251741180366
Adverse,5 Labour market,Employment,emp,2029,nominal_growth_pct,0.6190638944818971
Adverse,5 Labour market,Employment,emp,2030,nominal_growth_pct,0.6130936709972445
Adverse,5 Labour market,Employment,emp,2026,real,5132.486837823854
Adverse,5 Labour market,Employment,emp,2027,real,5163.883200445807
Adverse,5 Labour market,Employment,emp,2028,real,5195.229271434566
Adverse,5 Labour market,Employment,emp,2029,real,5227.391060089572
Adverse,5 Labour market,Employment,emp,2030,real,5259.439863837257
Adverse,5 Labour market,Employment,emp,2026,real_growth_pct,0.5344910644804246
Adverse,5 Labour market,Employment,emp,2027,real_growth_pct,0.6117183270803128
Adverse,5 Labour market,Employment,emp,2028,real_growth_pct,0.6070251741180366
Adverse,5 Labour market,Employment,emp,2029,real_growth_pct,0.6190638944818971
Adverse,5 Labour market,Employment,emp,2030,real_growth_pct,0.6130936709972445
Adverse,5 Labour market,Labour force,lf,2026,deflator,1.0
Adverse,5 Labour market,Labour force,lf,2027,deflator,1.0
Adverse,5 Labour market,Labour force,lf,2028,deflator,1.0
Adverse,5 Labour market,Labour force,lf,2029,deflator,1.0
Adverse,5 Labour market,Labour force,lf,2030,deflator,1.0
Adverse,5 Labour market,Labour force,lf,2026,deflator_growth_pct,0.0
Adverse,5 Labour market,Labour force,lf,2027,deflator_growth_pct,0.0
Adverse,5 Labour market,Labour force,lf,2028,deflator_growth_pct,0.0
Adverse,5 Labour market,Labour force,lf,2029,deflator_growth_pct,0.0
Adverse,5 Labour market,Labour force,lf,2030,deflator_growth_pct,0.0
Adverse,5 Labour market,Labour force,lf,2026,nominal,5412.755831789662
Adverse,5 Labour market,Labour force,lf,2027,nominal,5441.362051626578
Adverse,5 Labour market,Labour force,lf,2028,nominal,5470.119454306174
Adverse,5 Labour market,Labour force,lf,2029,nominal,5499.028838824326
Adverse,5 Labour market,Labour force,lf,2030,nominal,5528.091008399588
Adverse,5 Labour market,Labour force,lf,2026,nominal_growth_pct,0.5284964023115624
Adverse,5 Labour market,Labour force,lf,2027,nominal_growth_pct,0.5284964023115402
Adverse,5 Labour market,Labour force,lf,2028,nominal_growth_pct,0.5284964023116068
Adverse,5 Labour market,Labour force,lf,2029,nominal_growth_pct,0.5284964023115402
Adverse,5 Labour market,Labour force,lf,2030,nominal_growth_pct,0.5284964023115624
Adverse,5 Labour market,Labour force,lf,2026,real,5412.755831789662
Adverse,5 Labour market,Labour force,lf,2027,real,5441.362051626578
Adverse,5 Labour market,Labour force,lf,2028,real,5470.119454306174
Adverse,5 Labour market,Labour force,lf,2029,real,5499.028838824326
Adverse,5 Labour market,Labour force,lf,2030,real,5528.091008399588
Adverse,5 Labour market,Labour force,lf,2026,real_growth_pct,0.5284964023115624
Adverse,5 Labour market,Labour force,lf,2027,real_growth_pct,0.5284964023115402
Adverse,5 Labour market,Labour force,lf,2028,real_growth_pct,0.5284964023116068
Adverse,5 Labour market,Labour force,lf,2029,real_growth_pct,0.5284964023115402
Adverse,5 Labour market,Labour force,lf,2030,real_growth_pct,0.5284964023115624
Adverse,5 Labour market,Total wage bill,wagebill,2026,deflator,2.031443801768715
Adverse,5 Labour market,Total wage bill,wagebill,2027,deflator,2.1375130363779604
Adverse,5 Labour market,Total wage bill,wagebill,2028,deflator,2.231316901059455
Adverse,5 Labour market,Total wage bill,wagebill,2029,deflator,2.3231251314652526
Adverse,5 Labour market,Total wage bill,wagebill,2030,deflator,2.412759477503843
Adverse,5 Labour market,Total wage bill,wagebill,2026,deflator_growth_pct,5.700156883658569
Adverse,5 Labour market,Total wage bill,wagebill,2027,deflator_growth_pct,5.221371839914757
Adverse,5 Labour market,Total wage bill,wagebill,2028,deflator_growth_pct,4.3884581326552485
Adverse,5 Labour market,Total wage bill,wagebill,2029,deflator_growth_pct,4.114531215274964
Adverse,5 Labour market,Total wage bill,wagebill,2030,deflator_growth_pct,3.858352045894997
Adverse,5 Labour market,Total wage bill,wagebill,2026,nominal,69678.096277576
Adverse,5 Labour market,Total wage bill,wagebill,2027,nominal,73729.36586158094
Adverse,5 Labour market,Total wage bill,wagebill,2028,nominal,77651.2417174036
Adverse,5 Labour market,Total wage bill,wagebill,2029,nominal,81938.2185322943
Adverse,5 Labour market,Total wage bill,wagebill,2030,nominal,86237.05143136505
Adverse,5 Labour market,Total wage bill,wagebill,2026,nominal_growth_pct,3.1255156602789214
Adverse,5 Labour market,Total wage bill,wagebill,2027,nominal_growth_pct,5.81426560201348
Adverse,5 Labour market,Total wage bill,wagebill,2028,nominal_growth_pct,5.31928602666345
Adverse,5 Labour market,Total wage bill,wagebill,2029,nominal_growth_pct,5.520809094711332
Adverse,5 Labour market,Total wage bill,wagebill,2030,nominal_growth_pct,5.246431977742416
Adverse,5 Labour market,Total wage bill,wagebill,2026,real,34299.79023633804
Adverse,5 Labour market,Total wage bill,wagebill,2027,real,34493.06020912797
Adverse,5 Labour market,Total wage bill,wagebill,2028,real,34800.63350953595
Adverse,5 Labour market,Total wage bill,wagebill,2029,real,35270.68663779373
Adverse,5 Labour market,Total wage bill,wagebill,2030,real,35742.08379883058
Adverse,5 Labour market,Total wage bill,wagebill,2026,real_growth_pct,-2.4357969744675856
Adverse,5 Labour market,Total wage bill,wagebill,2027,real_growth_pct,0.5634727543761375
Adverse,5 Labour market,Total wage bill,wagebill,2028,real_growth_pct,0.8916961804583234
Adverse,5 Labour market,Total wage bill,wagebill,2029,real_growth_pct,1.3507027914563041
Adverse,5 Labour market,Total wage bill,wagebill,2030,real_growth_pct,1.3365125716938264
Adverse,5 Labour market,Unemployment rate,unemp,2026,nominal,5.177935282425995
Adverse,5 Labour market,Unemployment rate,unemp,2027,nominal,5.099437393580991
Adverse,5 Labour market,Unemployment rate,unemp,2028,nominal,5.025304934706853
Adverse,5 Labour market,Unemployment rate,unemp,2029,nominal,4.939740937834923
Adverse,5 Labour market,Unemployment rate,unemp,2030,nominal,4.859745328977631
Adverse,5 Labour market,Unemployment rate,unemp,2026,nominal_growth_pct,-0.42432149180778866
Adverse,5 Labour market,Unemployment rate,unemp,2027,nominal_growth_pct,-1.5160075312533827
Adverse,5 Labour market,Unemployment rate,unemp,2028,nominal_growth_pct,-1.4537379940668282
Adverse,5 Labour market,Unemployment rate,unemp,2029,nominal_growth_pct,-1.702662783326614
Adverse,5 Labour market,Unemployment rate,unemp,2030,nominal_growth_pct,-1.619429234528924
Adverse,5 Labour market,Unemployment rate,unemp,2026,real,5.177935282425995
Adverse,5 Labour market,Unemployment rate,unemp,2027,real,5.099437393580991
Adverse,5 Labour market,Unemployment rate,unemp,2028,real,5.025304934706853
Adverse,5 Labour market,Unemployment rate,unemp,2029,real,4.939740937834923
Adverse,5 Labour market,Unemployment rate,unemp,2030,real,4.859745328977631
Adverse,5 Labour market,Unemployment rate,unemp,2026,real_growth_pct,-0.42432149180778866
Adverse,5 Labour market,Unemployment rate,unemp,2027,real_growth_pct,-1.5160075312533827
Adverse,5 Labour market,Unemployment rate,unemp,2028,real_growth_pct,-1.4537379940668282
Adverse,5 Labour market,Unemployment rate,unemp,2029,real_growth_pct,-1.702662783326614
Adverse,5 Labour market,Unemployment rate,unemp,2030,real_growth_pct,-1.619429234528924
Adverse,6 Credit and deposits,Average lending rate,lendrate,2026,nominal,16.238363382601555
Adverse,6 Credit and deposits,Average lending rate,lendrate,2027,nominal,17.64070947131428
Adverse,6 Credit and deposits,Average lending rate,lendrate,2028,nominal,17.64070947131428
Adverse,6 Credit and deposits,Average lending rate,lendrate,2029,nominal,16.939536426957922
Adverse,6 Credit and deposits,Average lending rate,lendrate,2030,nominal,16.238363382601555
Adverse,6 Credit and deposits,Average lending rate,lendrate,2026,nominal_growth_pct,5.886044769779963
Adverse,6 Credit and deposits,Average lending rate,lendrate,2027,nominal_growth_pct,8.636006324475144
Adverse,6 Credit and deposits,Average lending rate,lendrate,2028,nominal_growth_pct,0.0
Adverse,6 Credit and deposits,Average lending rate,lendrate,2029,nominal_growth_pct,-3.974744017504195
Adverse,6 Credit and deposits,Average lending rate,lendrate,2030,nominal_growth_pct,-4.139269379535704
Adverse,6 Credit and deposits,Average lending rate,lendrate,2026,real,16.238363382601555
Adverse,6 Credit and deposits,Average lending rate,lendrate,2027,real,17.64070947131428
Adverse,6 Credit and deposits,Average lending rate,lendrate,2028,real,17.64070947131428
Adverse,6 Credit and deposits,Average lending rate,lendrate,2029,real,16.939536426957922
Adverse,6 Credit and deposits,Average lending rate,lendrate,2030,real,16.238363382601555
Adverse,6 Credit and deposits,Average lending rate,lendrate,2026,real_growth_pct,5.886044769779963
Adverse,6 Credit and deposits,Average lending rate,lendrate,2027,real_growth_pct,8.636006324475144
Adverse,6 Credit and deposits,Average lending rate,lendrate,2028,real_growth_pct,0.0
Adverse,6 Credit and deposits,Average lending rate,lendrate,2029,real_growth_pct,-3.974744017504195
Adverse,6 Credit and deposits,Average lending rate,lendrate,2030,real_growth_pct,-4.139269379535704
Adverse,6 Credit and deposits,Credit to the economy,cred_tot,2026,deflator,2.09665538850118
Adverse,6 Credit and deposits,Credit to the economy,cred_tot,2027,deflator,2.1502980463761547
Adverse,6 Credit and deposits,Credit to the economy,cred_tot,2028,deflator,2.2264133802318247
Adverse,6 Credit and deposits,Credit to the economy,cred_tot,2029,deflator,2.3335313641144824
Adverse,6 Credit and deposits,Credit to the economy,cred_tot,2030,deflator,2.44573497228549
Adverse,6 Credit and deposits,Credit to the economy,cred_tot,2026,deflator_growth_pct,1.2421464894979417
Adverse,6 Credit and deposits,Credit to the economy,cred_tot,2027,deflator_growth_pct,2.5584871109086693
Adverse,6 Credit and deposits,Credit to the economy,cred_tot,2028,deflator_growth_pct,3.539757383119291
Adverse,6 Credit and deposits,Credit to the economy,cred_tot,2029,deflator_growth_pct,4.811235183625429
Adverse,6 Credit and deposits,Credit to the economy,cred_tot,2030,deflator_growth_pct,4.808317980915011
Adverse,6 Credit and deposits,Credit to the economy,cred_tot,2026,nominal,31390.499403281272
Adverse,6 Credit and deposits,Credit to the economy,cred_tot,2027,nominal,31367.596158238066
Adverse,6 Credit and deposits,Credit to the economy,cred_tot,2028,nominal,33021.59767364057
Adverse,6 Credit and deposits,Credit to the economy,cred_tot,2029,nominal,36040.907573690514
Adverse,6 Credit and deposits,Credit to the economy,cred_tot,2030,nominal,39295.09841934603
Adverse,6 Credit and deposits,Credit to the economy,cred_tot,2026,nominal_growth_pct,-1.741152249711897
Adverse,6 Credit and deposits,Credit to the economy,cred_tot,2027,nominal_growth_pct,-0.07296234682017122
Adverse,6 Credit and deposits,Credit to the economy,cred_tot,2028,nominal_growth_pct,5.272962285852811
Adverse,6 Credit and deposits,Credit to the economy,cred_tot,2029,nominal_growth_pct,9.143439787167228
Adverse,6 Credit and deposits,Credit to the economy,cred_tot,2030,nominal_growth_pct,9.029158988302077
Adverse,6 Credit and deposits,Credit to the economy,cred_tot,2026,real,14971.701871198376
Adverse,6 Credit and deposits,Credit to the economy,cred_tot,2027,real,14587.557390521335
Adverse,6 Credit and deposits,Credit to the economy,cred_tot,2028,real,14831.745967230132
Adverse,6 Credit and deposits,Credit to the economy,cred_tot,2029,real,15444.792441162303
Adverse,6 Credit and deposits,Credit to the economy,cred_tot,2030,real,16066.785185078967
Adverse,6 Credit and deposits,Credit to the economy,cred_tot,2026,real_growth_pct,-2.946696452666875
Adverse,6 Credit and deposits,Credit to the economy,cred_tot,2027,real_growth_pct,-2.5658037007538548
Adverse,6 Credit and deposits,Credit to the economy,cred_tot,2028,real_growth_pct,1.673951095249615
Adverse,6 Credit and deposits,Credit to the economy,cred_tot,2029,real_growth_pct,4.133339900013522
Adverse,6 Credit and deposits,Credit to the economy,cred_tot,2030,real_growth_pct,4.027200406131559
Adverse,6 Credit and deposits,Deposits,dep_tot,2026,deflator,2.09665538850118
Adverse,6 Credit and deposits,Deposits,dep_tot,2027,deflator,2.1502980463761547
Adverse,6 Credit and deposits,Deposits,dep_tot,2028,deflator,2.2264133802318247
Adverse,6 Credit and deposits,Deposits,dep_tot,2029,deflator,2.3335313641144824
Adverse,6 Credit and deposits,Deposits,dep_tot,2030,deflator,2.44573497228549
Adverse,6 Credit and deposits,Deposits,dep_tot,2026,deflator_growth_pct,1.2421464894979417
Adverse,6 Credit and deposits,Deposits,dep_tot,2027,deflator_growth_pct,2.5584871109086693
Adverse,6 Credit and deposits,Deposits,dep_tot,2028,deflator_growth_pct,3.539757383119291
Adverse,6 Credit and deposits,Deposits,dep_tot,2029,deflator_growth_pct,4.811235183625429
Adverse,6 Credit and deposits,Deposits,dep_tot,2030,deflator_growth_pct,4.808317980915011
Adverse,6 Credit and deposits,Deposits,dep_tot,2026,nominal,42448.97502732254
Adverse,6 Credit and deposits,Deposits,dep_tot,2027,nominal,45009.87880297636
Adverse,6 Credit and deposits,Deposits,dep_tot,2028,nominal,48125.10265508281
Adverse,6 Credit and deposits,Deposits,dep_tot,2029,nominal,52320.19246917931
Adverse,6 Credit and deposits,Deposits,dep_tot,2030,nominal,56767.211257612806
Adverse,6 Credit and deposits,Deposits,dep_tot,2026,nominal_growth_pct,1.7318524120278234
Adverse,6 Credit and deposits,Deposits,dep_tot,2027,nominal_growth_pct,6.032898966360145
Adverse,6 Credit and deposits,Deposits,dep_tot,2028,nominal_growth_pct,6.9212002674853945
Adverse,6 Credit and deposits,Deposits,dep_tot,2029,nominal_growth_pct,8.717051149299593
Adverse,6 Credit and deposits,Deposits,dep_tot,2030,nominal_growth_pct,8.499622380122428
Adverse,6 Credit and deposits,Deposits,dep_tot,2026,real,20246.04294064163
Adverse,6 Credit and deposits,Deposits,dep_tot,2027,real,20931.925636462543
Adverse,6 Credit and deposits,Deposits,dep_tot,2028,real,21615.528851192852
Adverse,6 Credit and deposits,Deposits,dep_tot,2029,real,22421.036748753337
Adverse,6 Credit and deposits,Deposits,dep_tot,2030,real,23210.696130564378
Adverse,6 Credit and deposits,Deposits,dep_tot,2026,real_growth_pct,0.4836976886702926
Adverse,6 Credit and deposits,Deposits,dep_tot,2027,real_growth_pct,3.387737039933292
Adverse,6 Credit and deposits,Deposits,dep_tot,2028,real_growth_pct,3.2658400693890366
Adverse,6 Credit and deposits,Deposits,dep_tot,2029,real_growth_pct,3.7265241258070514
Adverse,6 Credit and deposits,Deposits,dep_tot,2030,real_growth_pct,3.521957484213778
Adverse,6 Credit and deposits,Household credit,cred_hh,2026,deflator,2.09665538850118
Adverse,6 Credit and deposits,Household credit,cred_hh,2027,deflator,2.1502980463761547
Adverse,6 Credit and deposits,Household credit,cred_hh,2028,deflator,2.2264133802318247
Adverse,6 Credit and deposits,Household credit,cred_hh,2029,deflator,2.3335313641144824
Adverse,6 Credit and deposits,Household credit,cred_hh,2030,deflator,2.44573497228549
Adverse,6 Credit and deposits,Household credit,cred_hh,2026,deflator_growth_pct,1.2421464894979417
Adverse,6 Credit and deposits,Household credit,cred_hh,2027,deflator_growth_pct,2.5584871109086693
Adverse,6 Credit and deposits,Household credit,cred_hh,2028,deflator_growth_pct,3.539757383119291
Adverse,6 Credit and deposits,Household credit,cred_hh,2029,deflator_growth_pct,4.811235183625429
Adverse,6 Credit and deposits,Household credit,cred_hh,2030,deflator_growth_pct,4.808317980915011
Adverse,6 Credit and deposits,Household credit,cred_hh,2026,nominal,18859.265291820535
Adverse,6 Credit and deposits,Household credit,cred_hh,2027,nominal,19508.28015859693
Adverse,6 Credit and deposits,Household credit,cred_hh,2028,nominal,20887.691384684884
Adverse,6 Credit and deposits,Household credit,cred_hh,2029,nominal,23057.2710863621
Adverse,6 Credit and deposits,Household credit,cred_hh,2030,nominal,25403.120657565498
Adverse,6 Credit and deposits,Household credit,cred_hh,2026,nominal_growth_pct,-1.0162965880347152
Adverse,6 Credit and deposits,Household credit,cred_hh,2027,nominal_growth_pct,3.441358169227726
Adverse,6 Credit and deposits,Household credit,cred_hh,2028,nominal_growth_pct,7.070901252564155
Adverse,6 Credit and deposits,Household credit,cred_hh,2029,nominal_growth_pct,10.386881258059844
Adverse,6 Credit and deposits,Household credit,cred_hh,2030,nominal_growth_pct,10.174012190848213
Adverse,6 Credit and deposits,Household credit,cred_hh,2026,real,8994.9284919456
Adverse,6 Credit and deposits,Household credit,cred_hh,2027,real,9072.361011290393
Adverse,6 Credit and deposits,Household credit,cred_hh,2028,real,9381.766912714997
Adverse,6 Credit and deposits,Household credit,cred_hh,2029,real,9880.849017476894
Adverse,6 Credit and deposits,Household credit,cred_hh,2030,real,10386.702134707095
Adverse,6 Credit and deposits,Household credit,cred_hh,2026,real_growth_pct,-2.2307340923149344
Adverse,6 Credit and deposits,Household credit,cred_hh,2027,real_growth_pct,0.860846413777816
Adverse,6 Credit and deposits,Household credit,cred_hh,2028,real_growth_pct,3.410423163711762
Adverse,6 Credit and deposits,Household credit,cred_hh,2029,real_growth_pct,5.319702668006987
Adverse,6 Credit and deposits,Household credit,cred_hh,2030,real_growth_pct,5.119530885812207
Adverse,7 External market,Non-oil goods exports,x_non,2026,deflator,2.09665538850118
Adverse,7 External market,Non-oil goods exports,x_non,2027,deflator,2.1502980463761547
Adverse,7 External market,Non-oil goods exports,x_non,2028,deflator,2.2264133802318247
Adverse,7 External market,Non-oil goods exports,x_non,2029,deflator,2.3335313641144824
Adverse,7 External market,Non-oil goods exports,x_non,2030,deflator,2.44573497228549
Adverse,7 External market,Non-oil goods exports,x_non,2026,deflator_growth_pct,1.2421464894979417
Adverse,7 External market,Non-oil goods exports,x_non,2027,deflator_growth_pct,2.5584871109086693
Adverse,7 External market,Non-oil goods exports,x_non,2028,deflator_growth_pct,3.539757383119291
Adverse,7 External market,Non-oil goods exports,x_non,2029,deflator_growth_pct,4.811235183625429
Adverse,7 External market,Non-oil goods exports,x_non,2030,deflator_growth_pct,4.808317980915011
Adverse,7 External market,Non-oil goods exports,x_non,2026,nominal,6258.643578671504
Adverse,7 External market,Non-oil goods exports,x_non,2027,nominal,6804.770010457487
Adverse,7 External market,Non-oil goods exports,x_non,2028,nominal,7454.9091950897255
Adverse,7 External market,Non-oil goods exports,x_non,2029,nominal,8260.233580180615
Adverse,7 External market,Non-oil goods exports,x_non,2030,nominal,9148.55474423364
Adverse,7 External market,Non-oil goods exports,x_non,2026,nominal_growth_pct,6.112099459902964
Adverse,7 External market,Non-oil goods exports,x_non,2027,nominal_growth_pct,8.725955151801546
Adverse,7 External market,Non-oil goods exports,x_non,2028,nominal_growth_pct,9.554168379432548
Adverse,7 External market,Non-oil goods exports,x_non,2029,nominal_growth_pct,10.802604887814415
Adverse,7 External market,Non-oil goods exports,x_non,2030,nominal_growth_pct,10.754189399491532
Adverse,7 External market,Non-oil goods exports,x_non,2026,real,2985.060689036539
Adverse,7 External market,Non-oil goods exports,x_non,2027,real,3164.5706147226433
Adverse,7 External market,Non-oil goods exports,x_non,2028,real,3348.3939960482476
Adverse,7 External market,Non-oil goods exports,x_non,2029,real,3539.7996818076494
Adverse,7 External market,Non-oil goods exports,x_non,2030,real,3740.615744511556
Adverse,7 External market,Non-oil goods exports,x_non,2026,real_growth_pct,4.810203200215812
Adverse,7 External market,Non-oil goods exports,x_non,2027,real_growth_pct,6.013610589071239
Adverse,7 External market,Non-oil goods exports,x_non,2028,real_growth_pct,5.808793789286804
Adverse,7 External market,Non-oil goods exports,x_non,2029,real_growth_pct,5.716342998622559
Adverse,7 External market,Non-oil goods exports,x_non,2030,real_growth_pct,5.673091156428289
Adverse,7 External market,Non-oil goods imports,m_non,2026,deflator,2.09665538850118
Adverse,7 External market,Non-oil goods imports,m_non,2027,deflator,2.1502980463761547
Adverse,7 External market,Non-oil goods imports,m_non,2028,deflator,2.2264133802318247
Adverse,7 External market,Non-oil goods imports,m_non,2029,deflator,2.3335313641144824
Adverse,7 External market,Non-oil goods imports,m_non,2030,deflator,2.44573497228549
Adverse,7 External market,Non-oil goods imports,m_non,2026,deflator_growth_pct,1.2421464894979417
Adverse,7 External market,Non-oil goods imports,m_non,2027,deflator_growth_pct,2.5584871109086693
Adverse,7 External market,Non-oil goods imports,m_non,2028,deflator_growth_pct,3.539757383119291
Adverse,7 External market,Non-oil goods imports,m_non,2029,deflator_growth_pct,4.811235183625429
Adverse,7 External market,Non-oil goods imports,m_non,2030,deflator_growth_pct,4.808317980915011
Adverse,7 External market,Non-oil goods imports,m_non,2026,nominal,27285.139888418697
Adverse,7 External market,Non-oil goods imports,m_non,2027,nominal,27612.93457442915
Adverse,7 External market,Non-oil goods imports,m_non,2028,nominal,28638.148941502743
Adverse,7 External market,Non-oil goods imports,m_non,2029,nominal,30367.91022880764
Adverse,7 External market,Non-oil goods imports,m_non,2030,nominal,32268.764795769523
Adverse,7 External market,Non-oil goods imports,m_non,2026,nominal_growth_pct,5.803725058499043
Adverse,7 External market,Non-oil goods imports,m_non,2027,nominal_growth_pct,1.2013670714204006
Adverse,7 External market,Non-oil goods imports,m_non,2028,nominal_growth_pct,3.7128048245295586
Adverse,7 External market,Non-oil goods imports,m_non,2029,nominal_growth_pct,6.040059679968013
Adverse,7 External market,Non-oil goods imports,m_non,2030,nominal_growth_pct,6.259418421089413
Adverse,7 External market,Non-oil goods imports,m_non,2026,real,13013.650234588058
Adverse,7 External market,Non-oil goods imports,m_non,2027,real,12841.445222426053
Adverse,7 External market,Non-oil goods imports,m_non,2028,real,12862.90730902848
Adverse,7 External market,Non-oil goods imports,m_non,2029,real,13013.714191208874
Adverse,7 External market,Non-oil goods imports,m_non,2030,real,13193.892699508242
Adverse,7 External market,Non-oil goods imports,m_non,2026,real_growth_pct,4.505612264428116
Adverse,7 External market,Non-oil goods imports,m_non,2027,real_growth_pct,-1.3232644881165934
Adverse,7 External market,Non-oil goods imports,m_non,2028,real_growth_pct,0.16713139549857647
Adverse,7 External market,Non-oil goods imports,m_non,2029,real_growth_pct,1.1724167682880093
Adverse,7 External market,Non-oil goods imports,m_non,2030,real_growth_pct,1.3845279345467976
Adverse,7 External market,Oil and gas exports,x_oil,2026,deflator,2.09665538850118
Adverse,7 External market,Oil and gas exports,x_oil,2027,deflator,2.1502980463761547
Adverse,7 External market,Oil and gas exports,x_oil,2028,deflator,2.2264133802318247
Adverse,7 External market,Oil and gas exports,x_oil,2029,deflator,2.3335313641144824
Adverse,7 External market,Oil and gas exports,x_oil,2030,deflator,2.44573497228549
Adverse,7 External market,Oil and gas exports,x_oil,2026,deflator_growth_pct,1.2421464894979417
Adverse,7 External market,Oil and gas exports,x_oil,2027,deflator_growth_pct,2.5584871109086693
Adverse,7 External market,Oil and gas exports,x_oil,2028,deflator_growth_pct,3.539757383119291
Adverse,7 External market,Oil and gas exports,x_oil,2029,deflator_growth_pct,4.811235183625429
Adverse,7 External market,Oil and gas exports,x_oil,2030,deflator_growth_pct,4.808317980915011
Adverse,7 External market,Oil and gas exports,x_oil,2026,nominal,29253.967439924654
Adverse,7 External market,Oil and gas exports,x_oil,2027,nominal,24211.258768572574
Adverse,7 External market,Oil and gas exports,x_oil,2028,nominal,20936.583060833695
Adverse,7 External market,Oil and gas exports,x_oil,2029,nominal,20737.187329597928
Adverse,7 External market,Oil and gas exports,x_oil,2030,nominal,20310.206457740293
Adverse,7 External market,Oil and gas exports,x_oil,2026,nominal_growth_pct,-16.485654178600285
Adverse,7 External market,Oil and gas exports,x_oil,2027,nominal_growth_pct,-17.23769154289134
Adverse,7 External market,Oil and gas exports,x_oil,2028,nominal_growth_pct,-13.525425253764878
Adverse,7 External market,Oil and gas exports,x_oil,2029,nominal_growth_pct,-0.9523795294408832
Adverse,7 External market,Oil and gas exports,x_oil,2030,nominal_growth_pct,-2.0590105353786803
Adverse,7 External market,Oil and gas exports,x_oil,2026,real,13952.682734780376
Adverse,7 External market,Oil and gas exports,x_oil,2027,real,11259.489729516903
Adverse,7 External market,Oil and gas exports,x_oil,2028,real,9403.726750264894
Adverse,7 External market,Oil and gas exports,x_oil,2029,real,8886.611788681563
Adverse,7 External market,Oil and gas exports,x_oil,2030,real,8304.336605515688
Adverse,7 External market,Oil and gas exports,x_oil,2026,real_growth_pct,-17.510297127034114
Adverse,7 External market,Oil and gas exports,x_oil,2027,real_growth_pct,-19.302331002983742
Adverse,7 External market,Oil and gas exports,x_oil,2028,real_growth_pct,-16.481768035962606
Adverse,7 External market,Oil and gas exports,x_oil,2029,real_growth_pct,-5.49904282968201
Adverse,7 External market,Oil and gas exports,x_oil,2030,real_growth_pct,-6.552274331455443
Adverse,8 Fiscal,Budget expenditure (total),exp_tot,2026,deflator,2.09665538850118
Adverse,8 Fiscal,Budget expenditure (total),exp_tot,2027,deflator,2.1502980463761547
Adverse,8 Fiscal,Budget expenditure (total),exp_tot,2028,deflator,2.2264133802318247
Adverse,8 Fiscal,Budget expenditure (total),exp_tot,2029,deflator,2.3335313641144824
Adverse,8 Fiscal,Budget expenditure (total),exp_tot,2030,deflator,2.44573497228549
Adverse,8 Fiscal,Budget expenditure (total),exp_tot,2026,deflator_growth_pct,1.2421464894979417
Adverse,8 Fiscal,Budget expenditure (total),exp_tot,2027,deflator_growth_pct,2.5584871109086693
Adverse,8 Fiscal,Budget expenditure (total),exp_tot,2028,deflator_growth_pct,3.539757383119291
Adverse,8 Fiscal,Budget expenditure (total),exp_tot,2029,deflator_growth_pct,4.811235183625429
Adverse,8 Fiscal,Budget expenditure (total),exp_tot,2030,deflator_growth_pct,4.808317980915011
Adverse,8 Fiscal,Budget expenditure (total),exp_tot,2026,nominal,37503.9672129868
Adverse,8 Fiscal,Budget expenditure (total),exp_tot,2027,nominal,37189.82027182801
Adverse,8 Fiscal,Budget expenditure (total),exp_tot,2028,nominal,37455.78324691905
Adverse,8 Fiscal,Budget expenditure (total),exp_tot,2029,nominal,38761.203296167354
Adverse,8 Fiscal,Budget expenditure (total),exp_tot,2030,nominal,40041.85161414201
Adverse,8 Fiscal,Budget expenditure (total),exp_tot,2026,nominal_growth_pct,-2.849278925220522
Adverse,8 Fiscal,Budget expenditure (total),exp_tot,2027,nominal_growth_pct,-0.8376365608863012
Adverse,8 Fiscal,Budget expenditure (total),exp_tot,2028,nominal_growth_pct,0.7151499338987399
Adverse,8 Fiscal,Budget expenditure (total),exp_tot,2029,nominal_growth_pct,3.4852296123207838
Adverse,8 Fiscal,Budget expenditure (total),exp_tot,2030,nominal_growth_pct,3.3039436577586567
Adverse,8 Fiscal,Budget expenditure (total),exp_tot,2026,real,17887.52096251591
Adverse,8 Fiscal,Budget expenditure (total),exp_tot,2027,real,17295.19325681531
Adverse,8 Fiscal,Budget expenditure (total),exp_tot,2028,real,16823.37322416692
Adverse,8 Fiscal,Budget expenditure (total),exp_tot,2029,real,16610.53452815976
Adverse,8 Fiscal,Budget expenditure (total),exp_tot,2030,real,16372.113932166454
Adverse,8 Fiscal,Budget expenditure (total),exp_tot,2026,real_growth_pct,-4.04122744981793
Adverse,8 Fiscal,Budget expenditure (total),exp_tot,2027,real_growth_pct,-3.3114018814672574
Adverse,8 Fiscal,Budget expenditure (total),exp_tot,2028,real_growth_pct,-2.728041402269177
Adverse,8 Fiscal,Budget expenditure (total),exp_tot,2029,real_growth_pct,-1.2651368615030023
Adverse,8 Fiscal,Budget expenditure (total),exp_tot,2030,real_growth_pct,-1.4353577579885313
Adverse,8 Fiscal,Budget revenue (total),rev_tot,2026,deflator,2.09665538850118
Adverse,8 Fiscal,Budget revenue (total),rev_tot,2027,deflator,2.1502980463761547
Adverse,8 Fiscal,Budget revenue (total),rev_tot,2028,deflator,2.2264133802318247
Adverse,8 Fiscal,Budget revenue (total),rev_tot,2029,deflator,2.3335313641144824
Adverse,8 Fiscal,Budget revenue (total),rev_tot,2030,deflator,2.44573497228549
Adverse,8 Fiscal,Budget revenue (total),rev_tot,2026,deflator_growth_pct,1.2421464894979417
Adverse,8 Fiscal,Budget revenue (total),rev_tot,2027,deflator_growth_pct,2.5584871109086693
Adverse,8 Fiscal,Budget revenue (total),rev_tot,2028,deflator_growth_pct,3.539757383119291
Adverse,8 Fiscal,Budget revenue (total),rev_tot,2029,deflator_growth_pct,4.811235183625429
Adverse,8 Fiscal,Budget revenue (total),rev_tot,2030,deflator_growth_pct,4.808317980915011
Adverse,8 Fiscal,Budget revenue (total),rev_tot,2026,nominal,38128.25237775063
Adverse,8 Fiscal,Budget revenue (total),rev_tot,2027,nominal,37313.99330409712
Adverse,8 Fiscal,Budget revenue (total),rev_tot,2028,nominal,37503.98230991876
Adverse,8 Fiscal,Budget revenue (total),rev_tot,2029,nominal,39533.90638109483
Adverse,8 Fiscal,Budget revenue (total),rev_tot,2030,nominal,41641.31496456011
Adverse,8 Fiscal,Budget revenue (total),rev_tot,2026,nominal_growth_pct,-2.6950784427675734
Adverse,8 Fiscal,Budget revenue (total),rev_tot,2027,nominal_growth_pct,-2.135579322089931
Adverse,8 Fiscal,Budget revenue (total),rev_tot,2028,nominal_growth_pct,0.5091628876954912
Adverse,8 Fiscal,Budget revenue (total),rev_tot,2029,nominal_growth_pct,5.41255607045017
Adverse,8 Fiscal,Budget revenue (total),rev_tot,2030,nominal_growth_pct,5.33063584243485
Adverse,8 Fiscal,Budget revenue (total),rev_tot,2026,real,18185.273835108917
Adverse,8 Fiscal,Budget revenue (total),rev_tot,2027,real,17352.940150311486
Adverse,8 Fiscal,Budget revenue (total),rev_tot,2028,real,16845.021972520517
Adverse,8 Fiscal,Budget revenue (total),rev_tot,2029,real,16941.664889984015
Adverse,8 Fiscal,Budget revenue (total),rev_tot,2030,real,17026.09458360369
Adverse,8 Fiscal,Budget revenue (total),rev_tot,2026,real_growth_pct,-3.888918863127766
Adverse,8 Fiscal,Budget revenue (total),rev_tot,2027,real_growth_pct,-4.576965364087659
Adverse,8 Fiscal,Budget revenue (total),rev_tot,2028,real_growth_pct,-2.9269862823900317
Adverse,8 Fiscal,Budget revenue (total),rev_tot,2029,real_growth_pct,0.5737179661810643
Adverse,8 Fiscal,Budget revenue (total),rev_tot,2030,real_growth_pct,0.49835535154276744
Adverse,8 Fiscal,Capital expenditure,exp_cap,2026,deflator,2.09665538850118
Adverse,8 Fiscal,Capital expenditure,exp_cap,2027,deflator,2.1502980463761547
Adverse,8 Fiscal,Capital expenditure,exp_cap,2028,deflator,2.2264133802318247
Adverse,8 Fiscal,Capital expenditure,exp_cap,2029,deflator,2.3335313641144824
Adverse,8 Fiscal,Capital expenditure,exp_cap,2030,deflator,2.44573497228549
Adverse,8 Fiscal,Capital expenditure,exp_cap,2026,deflator_growth_pct,1.2421464894979417
Adverse,8 Fiscal,Capital expenditure,exp_cap,2027,deflator_growth_pct,2.5584871109086693
Adverse,8 Fiscal,Capital expenditure,exp_cap,2028,deflator_growth_pct,3.539757383119291
Adverse,8 Fiscal,Capital expenditure,exp_cap,2029,deflator_growth_pct,4.811235183625429
Adverse,8 Fiscal,Capital expenditure,exp_cap,2030,deflator_growth_pct,4.808317980915011
Adverse,8 Fiscal,Capital expenditure,exp_cap,2026,nominal,14455.24287510806
Adverse,8 Fiscal,Capital expenditure,exp_cap,2027,nominal,14601.604661663088
Adverse,8 Fiscal,Capital expenditure,exp_cap,2028,nominal,14632.6943701032
Adverse,8 Fiscal,Capital expenditure,exp_cap,2029,nominal,14625.370701655756
Adverse,8 Fiscal,Capital expenditure,exp_cap,2030,nominal,14582.082231578966
Adverse,8 Fiscal,Capital expenditure,exp_cap,2026,nominal_growth_pct,0.4680521487365086
Adverse,8 Fiscal,Capital expenditure,exp_cap,2027,nominal_growth_pct,1.0125169657789979
Adverse,8 Fiscal,Capital expenditure,exp_cap,2028,nominal_growth_pct,0.2129198068328675
Adverse,8 Fiscal,Capital expenditure,exp_cap,2029,nominal_growth_pct,-0.05005003359057625
Adverse,8 Fiscal,Capital expenditure,exp_cap,2030,nominal_growth_pct,-0.2959820366938759
Adverse,8 Fiscal,Capital expenditure,exp_cap,2026,real,6894.429554034424
Adverse,8 Fiscal,Capital expenditure,exp_cap,2027,real,6790.50268695115
Adverse,8 Fiscal,Capital expenditure,exp_cap,2028,real,6572.316938096902
Adverse,8 Fiscal,Capital expenditure,exp_cap,2029,real,6267.48409152226
Adverse,8 Fiscal,Capital expenditure,exp_cap,2030,real,5962.249547403864
Adverse,8 Fiscal,Capital expenditure,exp_cap,2026,real_growth_pct,-0.7645969268754382
Adverse,8 Fiscal,Capital expenditure,exp_cap,2027,real_growth_pct,-1.5074034228467648
Adverse,8 Fiscal,Capital expenditure,exp_cap,2028,real_growth_pct,-3.2131015760220705
Adverse,8 Fiscal,Capital expenditure,exp_cap,2029,real_growth_pct,-4.638133696925917
Adverse,8 Fiscal,Capital expenditure,exp_cap,2030,real_growth_pct,-4.870128741631319
Adverse,8 Fiscal,Current expenditure,exp_cur,2026,deflator,2.09665538850118
Adverse,8 Fiscal,Current expenditure,exp_cur,2027,deflator,2.1502980463761547
Adverse,8 Fiscal,Current expenditure,exp_cur,2028,deflator,2.2264133802318247
Adverse,8 Fiscal,Current expenditure,exp_cur,2029,deflator,2.3335313641144824
Adverse,8 Fiscal,Current expenditure,exp_cur,2030,deflator,2.44573497228549
Adverse,8 Fiscal,Current expenditure,exp_cur,2026,deflator_growth_pct,1.2421464894979417
Adverse,8 Fiscal,Current expenditure,exp_cur,2027,deflator_growth_pct,2.5584871109086693
Adverse,8 Fiscal,Current expenditure,exp_cur,2028,deflator_growth_pct,3.539757383119291
Adverse,8 Fiscal,Current expenditure,exp_cur,2029,deflator_growth_pct,4.811235183625429
Adverse,8 Fiscal,Current expenditure,exp_cur,2030,deflator_growth_pct,4.808317980915011
Adverse,8 Fiscal,Current expenditure,exp_cur,2026,nominal,21557.494068943724
Adverse,8 Fiscal,Current expenditure,exp_cur,2027,nominal,21238.66282296143
Adverse,8 Fiscal,Current expenditure,exp_cur,2028,nominal,21480.661474531043
Adverse,8 Fiscal,Current expenditure,exp_cur,2029,nominal,22796.170985010598
Adverse,8 Fiscal,Current expenditure,exp_cur,2030,nominal,24164.44756896904
Adverse,8 Fiscal,Current expenditure,exp_cur,2026,nominal_growth_pct,-2.5262293298861316
Adverse,8 Fiscal,Current expenditure,exp_cur,2027,nominal_growth_pct,-1.4789810214611676
Adverse,8 Fiscal,Current expenditure,exp_cur,2028,nominal_growth_pct,1.139425083334289
Adverse,8 Fiscal,Current expenditure,exp_cur,2029,nominal_growth_pct,6.124157359117244
Adverse,8 Fiscal,Current expenditure,exp_cur,2030,nominal_growth_pct,6.002221096069782
Adverse,8 Fiscal,Current expenditure,exp_cur,2026,real,10281.848980606377
Adverse,8 Fiscal,Current expenditure,exp_cur,2027,real,9877.078602547415
Adverse,8 Fiscal,Current expenditure,exp_cur,2028,real,9648.101141170098
Adverse,8 Fiscal,Current expenditure,exp_cur,2029,real,9768.95847022874
Adverse,8 Fiscal,Current expenditure,exp_cur,2030,real,9880.239618272233
Adverse,8 Fiscal,Current expenditure,exp_cur,2026,real_growth_pct,-3.722141371009935
Adverse,8 Fiscal,Current expenditure,exp_cur,2027,real_growth_pct,-3.9367469685893997
Adverse,8 Fiscal,Current expenditure,exp_cur,2028,real_growth_pct,-2.3182711264266076
Adverse,8 Fiscal,Current expenditure,exp_cur,2029,real_growth_pct,1.2526540434254274
Adverse,8 Fiscal,Current expenditure,exp_cur,2030,real_growth_pct,1.139130116917042
Adverse,8 Fiscal,Non-oil revenue,rev_non,2026,deflator,2.09665538850118
Adverse,8 Fiscal,Non-oil revenue,rev_non,2027,deflator,2.1502980463761547
Adverse,8 Fiscal,Non-oil revenue,rev_non,2028,deflator,2.2264133802318247
Adverse,8 Fiscal,Non-oil revenue,rev_non,2029,deflator,2.3335313641144824
Adverse,8 Fiscal,Non-oil revenue,rev_non,2030,deflator,2.44573497228549
Adverse,8 Fiscal,Non-oil revenue,rev_non,2026,deflator_growth_pct,1.2421464894979417
Adverse,8 Fiscal,Non-oil revenue,rev_non,2027,deflator_growth_pct,2.5584871109086693
Adverse,8 Fiscal,Non-oil revenue,rev_non,2028,deflator_growth_pct,3.539757383119291
Adverse,8 Fiscal,Non-oil revenue,rev_non,2029,deflator_growth_pct,4.811235183625429
Adverse,8 Fiscal,Non-oil revenue,rev_non,2030,deflator_growth_pct,4.808317980915011
Adverse,8 Fiscal,Non-oil revenue,rev_non,2026,nominal,21263.38794948482
Adverse,8 Fiscal,Non-oil revenue,rev_non,2027,nominal,22291.19133270135
Adverse,8 Fiscal,Non-oil revenue,rev_non,2028,nominal,23758.228679448654
Adverse,8 Fiscal,Non-oil revenue,rev_non,2029,nominal,25868.332620164132
Adverse,8 Fiscal,Non-oil revenue,rev_non,2030,nominal,28148.451235125714
Adverse,8 Fiscal,Non-oil revenue,rev_non,2026,nominal_growth_pct,4.458107720537119
Adverse,8 Fiscal,Non-oil revenue,rev_non,2027,nominal_growth_pct,4.833676484943372
Adverse,8 Fiscal,Non-oil revenue,rev_non,2028,nominal_growth_pct,6.5812424506677125
Adverse,8 Fiscal,Non-oil revenue,rev_non,2029,nominal_growth_pct,8.881570967202457
Adverse,8 Fiscal,Non-oil revenue,rev_non,2030,nominal_growth_pct,8.814323862467454
Adverse,8 Fiscal,Non-oil revenue,rev_non,2026,real,10141.575037128641
Adverse,8 Fiscal,Non-oil revenue,rev_non,2027,real,10366.558891809513
Adverse,8 Fiscal,Non-oil revenue,rev_non,2028,real,10671.077029268858
Adverse,8 Fiscal,Non-oil revenue,rev_non,2029,real,11085.48743675469
Adverse,8 Fiscal,Non-oil revenue,rev_non,2030,real,11509.199301681307
Adverse,8 Fiscal,Non-oil revenue,rev_non,2026,real_growth_pct,3.1765043932299397
Adverse,8 Fiscal,Non-oil revenue,rev_non,2027,real_growth_pct,2.218431100269913
Adverse,8 Fiscal,Non-oil revenue,rev_non,2028,real_growth_pct,2.9375045339292027
Adverse,8 Fiscal,Non-oil revenue,rev_non,2029,real_growth_pct,3.88349185699981
Adverse,8 Fiscal,Non-oil revenue,rev_non,2030,real_growth_pct,3.822221326251918
Adverse,8 Fiscal,Oil and gas revenue,rev_oil,2026,deflator,2.09665538850118
Adverse,8 Fiscal,Oil and gas revenue,rev_oil,2027,deflator,2.1502980463761547
Adverse,8 Fiscal,Oil and gas revenue,rev_oil,2028,deflator,2.2264133802318247
Adverse,8 Fiscal,Oil and gas revenue,rev_oil,2029,deflator,2.3335313641144824
Adverse,8 Fiscal,Oil and gas revenue,rev_oil,2030,deflator,2.44573497228549
Adverse,8 Fiscal,Oil and gas revenue,rev_oil,2026,deflator_growth_pct,1.2421464894979417
Adverse,8 Fiscal,Oil and gas revenue,rev_oil,2027,deflator_growth_pct,2.5584871109086693
Adverse,8 Fiscal,Oil and gas revenue,rev_oil,2028,deflator_growth_pct,3.539757383119291
Adverse,8 Fiscal,Oil and gas revenue,rev_oil,2029,deflator_growth_pct,4.811235183625429
Adverse,8 Fiscal,Oil and gas revenue,rev_oil,2030,deflator_growth_pct,4.808317980915011
Adverse,8 Fiscal,Oil and gas revenue,rev_oil,2026,nominal,16864.86442826582
Adverse,8 Fiscal,Oil and gas revenue,rev_oil,2027,nominal,15022.801971395773
Adverse,8 Fiscal,Oil and gas revenue,rev_oil,2028,nominal,13745.753630470106
Adverse,8 Fiscal,Oil and gas revenue,rev_oil,2029,nominal,13665.573760930693
Adverse,8 Fiscal,Oil and gas revenue,rev_oil,2030,nominal,13492.863729434397
Adverse,8 Fiscal,Oil and gas revenue,rev_oil,2026,nominal_growth_pct,-10.428527241600172
Adverse,8 Fiscal,Oil and gas revenue,rev_oil,2027,nominal_growth_pct,-10.922486004587839
Adverse,8 Fiscal,Oil and gas revenue,rev_oil,2028,nominal_growth_pct,-8.500733374221635
Adverse,8 Fiscal,Oil and gas revenue,rev_oil,2029,nominal_growth_pct,-0.5833064646355912
Adverse,8 Fiscal,Oil and gas revenue,rev_oil,2030,nominal_growth_pct,-1.2638330048758473
Adverse,8 Fiscal,Oil and gas revenue,rev_oil,2026,real,8043.698797980282
Adverse,8 Fiscal,Oil and gas revenue,rev_oil,2027,real,6986.381258501972
Adverse,8 Fiscal,Oil and gas revenue,rev_oil,2028,real,6173.9449432516585
Adverse,8 Fiscal,Oil and gas revenue,rev_oil,2029,real,5856.177453229321
Adverse,8 Fiscal,Oil and gas revenue,rev_oil,2030,real,5516.895281922386
Adverse,8 Fiscal,Oil and gas revenue,rev_oil,2026,real_growth_pct,-11.527485474943722
Adverse,8 Fiscal,Oil and gas revenue,rev_oil,2027,real_growth_pct,-13.144668466996734
Adverse,8 Fiscal,Oil and gas revenue,rev_oil,2028,real_growth_pct,-11.628857418304095
Adverse,8 Fiscal,Oil and gas revenue,rev_oil,2029,real_growth_pct,-5.14691162527564
Adverse,8 Fiscal,Oil and gas revenue,rev_oil,2030,real_growth_pct,-5.793577363675039
Adverse,8 Fiscal,"Public debt (external + domestic, MinFin)",debt,2026,deflator,2.09665538850118
Adverse,8 Fiscal,"Public debt (external + domestic, MinFin)",debt,2027,deflator,2.1502980463761547
Adverse,8 Fiscal,"Public debt (external + domestic, MinFin)",debt,2028,deflator,2.2264133802318247
Adverse,8 Fiscal,"Public debt (external + domestic, MinFin)",debt,2029,deflator,2.3335313641144824
Adverse,8 Fiscal,"Public debt (external + domestic, MinFin)",debt,2030,deflator,2.44573497228549
Adverse,8 Fiscal,"Public debt (external + domestic, MinFin)",debt,2026,deflator_growth_pct,1.2421464894979417
Adverse,8 Fiscal,"Public debt (external + domestic, MinFin)",debt,2027,deflator_growth_pct,2.5584871109086693
Adverse,8 Fiscal,"Public debt (external + domestic, MinFin)",debt,2028,deflator_growth_pct,3.539757383119291
Adverse,8 Fiscal,"Public debt (external + domestic, MinFin)",debt,2029,deflator_growth_pct,4.811235183625429
Adverse,8 Fiscal,"Public debt (external + domestic, MinFin)",debt,2030,deflator_growth_pct,4.808317980915011
Adverse,8 Fiscal,"Public debt (external + domestic, MinFin)",debt,2026,nominal,23518.457417618083
Adverse,8 Fiscal,"Public debt (external + domestic, MinFin)",debt,2027,nominal,23394.284385348972
Adverse,8 Fiscal,"Public debt (external + domestic, MinFin)",debt,2028,nominal,23346.085322349252
Adverse,8 Fiscal,"Public debt (external + domestic, MinFin)",debt,2029,nominal,22573.38223742178
Adverse,8 Fiscal,"Public debt (external + domestic, MinFin)",debt,2030,nominal,20973.91888700368
Adverse,8 Fiscal,"Public debt (external + domestic, MinFin)",debt,2026,nominal_growth_pct,-9.50071123708528
Adverse,8 Fiscal,"Public debt (external + domestic, MinFin)",debt,2027,nominal_growth_pct,-0.5279811939370216
Adverse,8 Fiscal,"Public debt (external + domestic, MinFin)",debt,2028,nominal_growth_pct,-0.20602922579630034
Adverse,8 Fiscal,"Public debt (external + domestic, MinFin)",debt,2029,nominal_growth_pct,-3.3097758114837394
Adverse,8 Fiscal,"Public debt (external + domestic, MinFin)",debt,2030,nominal_growth_pct,-7.085616739198864
Adverse,8 Fiscal,"Public debt (external + domestic, MinFin)",debt,2026,real,11217.130648461283
Adverse,8 Fiscal,"Public debt (external + domestic, MinFin)",debt,2027,real,10879.554313307774
Adverse,8 Fiscal,"Public debt (external + domestic, MinFin)",debt,2028,real,10485.961650086
Adverse,8 Fiscal,"Public debt (external + domestic, MinFin)",debt,2029,real,9673.485681212527
Adverse,8 Fiscal,"Public debt (external + domestic, MinFin)",debt,2030,real,8575.712055752294
Adverse,8 Fiscal,"Public debt (external + domestic, MinFin)",debt,2026,real_growth_pct,-10.611052905419772
Adverse,8 Fiscal,"Public debt (external + domestic, MinFin)",debt,2027,real_growth_pct,-3.009471367794192
Adverse,8 Fiscal,"Public debt (external + domestic, MinFin)",debt,2028,real_growth_pct,-3.6177278212613517
Adverse,8 Fiscal,"Public debt (external + domestic, MinFin)",debt,2029,real_growth_pct,-7.74822563714801
Adverse,8 Fiscal,"Public debt (external + domestic, MinFin)",debt,2030,real_growth_pct,-11.348273638242802
Adverse,9 Prices,Consumer price index,cpi,2026,deflator,203.14438017687146
Adverse,9 Prices,Consumer price index,cpi,2027,deflator,213.75130363779604
Adverse,9 Prices,Consumer price index,cpi,2028,deflator,223.13169010594552
Adverse,9 Prices,Consumer price index,cpi,2029,deflator,232.31251314652525
Adverse,9 Prices,Consumer price index,cpi,2030,deflator,241.2759477503843
Adverse,9 Prices,Consumer price index,cpi,2026,deflator_growth_pct,5.700156883658569
Adverse,9 Prices,Consumer price index,cpi,2027,deflator_growth_pct,5.221371839914779
Adverse,9 Prices,Consumer price index,cpi,2028,deflator_growth_pct,4.3884581326552485
Adverse,9 Prices,Consumer price index,cpi,2029,deflator_growth_pct,4.114531215274964
Adverse,9 Prices,Consumer price index,cpi,2030,deflator_growth_pct,3.858352045894997
Adverse,9 Prices,Consumer price index,cpi,2026,nominal,203.14438017687146
Adverse,9 Prices,Consumer price index,cpi,2027,nominal,213.75130363779604
Adverse,9 Prices,Consumer price index,cpi,2028,nominal,223.13169010594552
Adverse,9 Prices,Consumer price index,cpi,2029,nominal,232.31251314652525
Adverse,9 Prices,Consumer price index,cpi,2030,nominal,241.2759477503843
Adverse,9 Prices,Consumer price index,cpi,2026,nominal_growth_pct,5.700156883658569
Adverse,9 Prices,Consumer price index,cpi,2027,nominal_growth_pct,5.221371839914779
Adverse,9 Prices,Consumer price index,cpi,2028,nominal_growth_pct,4.3884581326552485
Adverse,9 Prices,Consumer price index,cpi,2029,nominal_growth_pct,4.114531215274964
Adverse,9 Prices,Consumer price index,cpi,2030,nominal_growth_pct,3.858352045894997
Adverse,9 Prices,GDP deflator,pgdp,2026,deflator,2.09665538850118
Adverse,9 Prices,GDP deflator,pgdp,2027,deflator,2.1502980463761547
Adverse,9 Prices,GDP deflator,pgdp,2028,deflator,2.2264133802318247
Adverse,9 Prices,GDP deflator,pgdp,2029,deflator,2.3335313641144824
Adverse,9 Prices,GDP deflator,pgdp,2030,deflator,2.44573497228549
Adverse,9 Prices,GDP deflator,pgdp,2026,deflator_growth_pct,1.2421464894979417
Adverse,9 Prices,GDP deflator,pgdp,2027,deflator_growth_pct,2.5584871109086693
Adverse,9 Prices,GDP deflator,pgdp,2028,deflator_growth_pct,3.539757383119291
Adverse,9 Prices,GDP deflator,pgdp,2029,deflator_growth_pct,4.811235183625429
Adverse,9 Prices,GDP deflator,pgdp,2030,deflator_growth_pct,4.808317980915011
Adverse,9 Prices,GDP deflator,pgdp,2026,nominal,2.09665538850118
Adverse,9 Prices,GDP deflator,pgdp,2027,nominal,2.1502980463761547
Adverse,9 Prices,GDP deflator,pgdp,2028,nominal,2.2264133802318247
Adverse,9 Prices,GDP deflator,pgdp,2029,nominal,2.3335313641144824
Adverse,9 Prices,GDP deflator,pgdp,2030,nominal,2.44573497228549
Adverse,9 Prices,GDP deflator,pgdp,2026,nominal_growth_pct,1.2421464894979417
Adverse,9 Prices,GDP deflator,pgdp,2027,nominal_growth_pct,2.5584871109086693
Adverse,9 Prices,GDP deflator,pgdp,2028,nominal_growth_pct,3.539757383119291
Adverse,9 Prices,GDP deflator,pgdp,2029,nominal_growth_pct,4.811235183625429
Adverse,9 Prices,GDP deflator,pgdp,2030,nominal_growth_pct,4.808317980915011
Baseline,1 Sectors (value added),"Agriculture, forestry & fishing",va_agr,2026,deflator,1.7310794392718367
Baseline,1 Sectors (value added),"Agriculture, forestry & fishing",va_agr,2027,deflator,1.8181333003963849
Baseline,1 Sectors (value added),"Agriculture, forestry & fishing",va_agr,2028,deflator,1.8936039870836932
Baseline,1 Sectors (value added),"Agriculture, forestry & fishing",va_agr,2029,deflator,1.9679888365480842
Baseline,1 Sectors (value added),"Agriculture, forestry & fishing",va_agr,2030,deflator,2.0387872627357573
Baseline,1 Sectors (value added),"Agriculture, forestry & fishing",va_agr,2026,deflator_growth_pct,4.631710668372735
Baseline,1 Sectors (value added),"Agriculture, forestry & fishing",va_agr,2027,deflator_growth_pct,5.028877309129531
Baseline,1 Sectors (value added),"Agriculture, forestry & fishing",va_agr,2028,deflator_growth_pct,4.150998536292927
Baseline,1 Sectors (value added),"Agriculture, forestry & fishing",va_agr,2029,deflator_growth_pct,3.9282157183746724
Baseline,1 Sectors (value added),"Agriculture, forestry & fishing",va_agr,2030,deflator_growth_pct,3.5975014122466176
Baseline,1 Sectors (value added),"Agriculture, forestry & fishing",va_agr,2026,nominal,8163.4518643542415
Baseline,1 Sectors (value added),"Agriculture, forestry & fishing",va_agr,2027,nominal,8981.303048826954
Baseline,1 Sectors (value added),"Agriculture, forestry & fishing",va_agr,2028,nominal,9755.139330608397
Baseline,1 Sectors (value added),"Agriculture, forestry & fishing",va_agr,2029,nominal,10549.565775771825
Baseline,1 Sectors (value added),"Agriculture, forestry & fishing",va_agr,2030,nominal,11359.781445879864
Baseline,1 Sectors (value added),"Agriculture, forestry & fishing",va_agr,2026,nominal_growth_pct,6.7243448818062435
Baseline,1 Sectors (value added),"Agriculture, forestry & fishing",va_agr,2027,nominal_growth_pct,10.018448054356321
Baseline,1 Sectors (value added),"Agriculture, forestry & fishing",va_agr,2028,nominal_growth_pct,8.616080290070084
Baseline,1 Sectors (value added),"Agriculture, forestry & fishing",va_agr,2029,nominal_growth_pct,8.143670922984981
Baseline,1 Sectors (value added),"Agriculture, forestry & fishing",va_agr,2030,nominal_growth_pct,7.680085487203492
Baseline,1 Sectors (value added),"Agriculture, forestry & fishing",va_agr,2026,real,4715.815854059318
Baseline,1 Sectors (value added),"Agriculture, forestry & fishing",va_agr,2027,real,4939.848495634986
Baseline,1 Sectors (value added),"Agriculture, forestry & fishing",va_agr,2028,real,5151.625892820452
Baseline,1 Sectors (value added),"Agriculture, forestry & fishing",va_agr,2029,real,5360.582123156808
Baseline,1 Sectors (value added),"Agriculture, forestry & fishing",va_agr,2030,real,5571.832654397047
Baseline,1 Sectors (value added),"Agriculture, forestry & fishing",va_agr,2026,real_growth_pct,2.000000000063129
Baseline,1 Sectors (value added),"Agriculture, forestry & fishing",va_agr,2027,real_growth_pct,4.750665600795756
Baseline,1 Sectors (value added),"Agriculture, forestry & fishing",va_agr,2028,real_growth_pct,4.287123327215392
Baseline,1 Sectors (value added),"Agriculture, forestry & fishing",va_agr,2029,real_growth_pct,4.056121983305649
Baseline,1 Sectors (value added),"Agriculture, forestry & fishing",va_agr,2030,real_growth_pct,3.9408132621953973
Baseline,1 Sectors (value added),Construction,va_con,2026,deflator,1.480797690445352
Baseline,1 Sectors (value added),Construction,va_con,2027,deflator,1.5295337431740341
Baseline,1 Sectors (value added),Construction,va_con,2028,deflator,1.5709091878393449
Baseline,1 Sectors (value added),Construction,va_con,2029,deflator,1.61106338411895
Baseline,1 Sectors (value added),Construction,va_con,2030,deflator,1.6486777035112796
Baseline,1 Sectors (value added),Construction,va_con,2026,deflator_growth_pct,3.0262372928443915
Baseline,1 Sectors (value added),Construction,va_con,2027,deflator_growth_pct,3.29120264322027
Baseline,1 Sectors (value added),Construction,va_con,2028,deflator_growth_pct,2.70510179000365
Baseline,1 Sectors (value added),Construction,va_con,2029,deflator_growth_pct,2.556111873967315
Baseline,1 Sectors (value added),Construction,va_con,2030,deflator_growth_pct,2.334751057165896
Baseline,1 Sectors (value added),Construction,va_con,2026,nominal,7031.695333776446
Baseline,1 Sectors (value added),Construction,va_con,2027,nominal,8139.9328840015305
Baseline,1 Sectors (value added),Construction,va_con,2028,nominal,8894.65966636033
Baseline,1 Sectors (value added),Construction,va_con,2029,nominal,9602.433828112733
Baseline,1 Sectors (value added),Construction,va_con,2030,nominal,10095.691695980491
Baseline,1 Sectors (value added),Construction,va_con,2026,nominal_growth_pct,-16.548636572359143
Baseline,1 Sectors (value added),Construction,va_con,2027,nominal_growth_pct,15.760602495129628
Baseline,1 Sectors (value added),Construction,va_con,2028,nominal_growth_pct,9.271904241890772
Baseline,1 Sectors (value added),Construction,va_con,2029,nominal_growth_pct,7.957293345682581
Baseline,1 Sectors (value added),Construction,va_con,2030,nominal_growth_pct,5.136800489305782
Baseline,1 Sectors (value added),Construction,va_con,2026,real,4748.586102711744
Baseline,1 Sectors (value added),Construction,va_con,2027,real,5321.839364661437
Baseline,1 Sectors (value added),Construction,va_con,2028,real,5662.109391946581
Baseline,1 Sectors (value added),Construction,va_con,2029,real,5960.307907664392
Baseline,1 Sectors (value added),Construction,va_con,2030,real,6123.508357321229
Baseline,1 Sectors (value added),Construction,va_con,2026,real_growth_pct,-18.999892046492416
Baseline,1 Sectors (value added),Construction,va_con,2027,real_growth_pct,12.072083132752475
Baseline,1 Sectors (value added),Construction,va_con,2028,real_growth_pct,6.393842503865055
Baseline,1 Sectors (value added),Construction,va_con,2029,real_growth_pct,5.2665622487257036
Baseline,1 Sectors (value added),Construction,va_con,2030,real_growth_pct,2.7381211203363565
Baseline,1 Sectors (value added),"Electricity, gas & steam",va_elc,2026,deflator,1.8113037475258396
Baseline,1 Sectors (value added),"Electricity, gas & steam",va_elc,2027,deflator,1.9986020646436824
Baseline,1 Sectors (value added),"Electricity, gas & steam",va_elc,2028,deflator,2.1537819129463114
Baseline,1 Sectors (value added),"Electricity, gas & steam",va_elc,2029,deflator,2.3070644564084515
Baseline,1 Sectors (value added),"Electricity, gas & steam",va_elc,2030,deflator,2.4491869074126655
Baseline,1 Sectors (value added),"Electricity, gas & steam",va_elc,2026,deflator_growth_pct,9.170192595835246
Baseline,1 Sectors (value added),"Electricity, gas & steam",va_elc,2027,deflator_growth_pct,10.34052501540308
Baseline,1 Sectors (value added),"Electricity, gas & steam",va_elc,2028,deflator_growth_pct,7.76441949339699
Baseline,1 Sectors (value added),"Electricity, gas & steam",va_elc,2029,deflator_growth_pct,7.116901787537722
Baseline,1 Sectors (value added),"Electricity, gas & steam",va_elc,2030,deflator_growth_pct,6.16031557373411
Baseline,1 Sectors (value added),"Electricity, gas & steam",va_elc,2026,nominal,1543.1043528868145
Baseline,1 Sectors (value added),"Electricity, gas & steam",va_elc,2027,nominal,1805.0888280663612
Baseline,1 Sectors (value added),"Electricity, gas & steam",va_elc,2028,nominal,2032.4364413583355
Baseline,1 Sectors (value added),"Electricity, gas & steam",va_elc,2029,nominal,2258.758735667201
Baseline,1 Sectors (value added),"Electricity, gas & steam",va_elc,2030,nominal,2478.4791819714505
Baseline,1 Sectors (value added),"Electricity, gas & steam",va_elc,2026,nominal_growth_pct,6.004283361050655
Baseline,1 Sectors (value added),"Electricity, gas & steam",va_elc,2027,nominal_growth_pct,16.97775491912976
Baseline,1 Sectors (value added),"Electricity, gas & steam",va_elc,2028,nominal_growth_pct,12.594815820532922
Baseline,1 Sectors (value added),"Electricity, gas & steam",va_elc,2029,nominal_growth_pct,11.135516452244287
Baseline,1 Sectors (value added),"Electricity, gas & steam",va_elc,2030,nominal_growth_pct,9.727486288585286
Baseline,1 Sectors (value added),"Electricity, gas & steam",va_elc,2026,real,851.9301939250258
Baseline,1 Sectors (value added),"Electricity, gas & steam",va_elc,2027,real,903.1757046584352
Baseline,1 Sectors (value added),"Electricity, gas & steam",va_elc,2028,real,943.6593506247906
Baseline,1 Sectors (value added),"Electricity, gas & steam",va_elc,2029,real,979.0618243859337
Baseline,1 Sectors (value added),"Electricity, gas & steam",va_elc,2030,real,1011.9599996513657
Baseline,1 Sectors (value added),"Electricity, gas & steam",va_elc,2026,real_growth_pct,-2.899975862921911
Baseline,1 Sectors (value added),"Electricity, gas & steam",va_elc,2027,real_growth_pct,6.015224146160403
Baseline,1 Sectors (value added),"Electricity, gas & steam",va_elc,2028,real_growth_pct,4.482366582443187
Baseline,1 Sectors (value added),"Electricity, gas & steam",va_elc,2029,real_growth_pct,3.7516158492684193
Baseline,1 Sectors (value added),"Electricity, gas & steam",va_elc,2030,real_growth_pct,3.3601734278696505
Baseline,1 Sectors (value added),Information & communication,va_ict,2026,deflator,0.9380489661256445
Baseline,1 Sectors (value added),Information & communication,va_ict,2027,deflator,0.9146084308250965
Baseline,1 Sectors (value added),Information & communication,va_ict,2028,deflator,0.8901012591575669
Baseline,1 Sectors (value added),Information & communication,va_ict,2029,deflator,0.8658409887371666
Baseline,1 Sectors (value added),Information & communication,va_ict,2030,deflator,0.8416489992938604
Baseline,1 Sectors (value added),Information & communication,va_ict,2026,deflator_growth_pct,-2.580450275275026
Baseline,1 Sectors (value added),Information & communication,va_ict,2027,deflator_growth_pct,-2.498860522959989
Baseline,1 Sectors (value added),Information & communication,va_ict,2028,deflator_growth_pct,-2.679526105551089
Baseline,1 Sectors (value added),Information & communication,va_ict,2029,deflator_growth_pct,-2.7255629818298766
Baseline,1 Sectors (value added),Information & communication,va_ict,2030,deflator_growth_pct,-2.7940452990785736
Baseline,1 Sectors (value added),Information & communication,va_ict,2026,nominal,2833.714803342317
Baseline,1 Sectors (value added),Information & communication,va_ict,2027,nominal,2938.255550507942
Baseline,1 Sectors (value added),Information & communication,va_ict,2028,nominal,3056.8248267373338
Baseline,1 Sectors (value added),Information & communication,va_ict,2029,nominal,3191.6945683543395
Baseline,1 Sectors (value added),Information & communication,va_ict,2030,nominal,3336.7187918544328
Baseline,1 Sectors (value added),Information & communication,va_ict,2026,nominal_growth_pct,6.187319318830742
Baseline,1 Sectors (value added),Information & communication,va_ict,2027,nominal_growth_pct,3.689176731628785
Baseline,1 Sectors (value added),Information & communication,va_ict,2028,nominal_growth_pct,4.035362962520206
Baseline,1 Sectors (value added),Information & communication,va_ict,2029,nominal_growth_pct,4.4120860455375555
Baseline,1 Sectors (value added),Information & communication,va_ict,2030,nominal_growth_pct,4.54380017868905
Baseline,1 Sectors (value added),Information & communication,va_ict,2026,real,3020.8602169737505
Baseline,1 Sectors (value added),Information & communication,va_ict,2027,real,3212.5830590225933
Baseline,1 Sectors (value added),Information & communication,va_ict,2028,real,3434.2439079689143
Baseline,1 Sectors (value added),Information & communication,va_ict,2029,real,3686.236398913664
Baseline,1 Sectors (value added),Information & communication,va_ict,2030,real,3964.501585166648
Baseline,1 Sectors (value added),Information & communication,va_ict,2026,real_growth_pct,9.00001038690954
Baseline,1 Sectors (value added),Information & communication,va_ict,2027,real_growth_pct,6.3466307037836955
Baseline,1 Sectors (value added),Information & communication,va_ict,2028,real_growth_pct,6.899770212128309
Baseline,1 Sectors (value added),Information & communication,va_ict,2029,real_growth_pct,7.337641055721722
Baseline,1 Sectors (value added),Information & communication,va_ict,2030,real_growth_pct,7.548761287664263
Baseline,1 Sectors (value added),Manufacturing,va_man,2026,deflator,1.6104167542114647
Baseline,1 Sectors (value added),Manufacturing,va_man,2027,deflator,1.6980489044371472
Baseline,1 Sectors (value added),Manufacturing,va_man,2028,deflator,1.7762299815031874
Baseline,1 Sectors (value added),Manufacturing,va_man,2029,deflator,1.8542349308971078
Baseline,1 Sectors (value added),Manufacturing,va_man,2030,deflator,1.929813682003426
Baseline,1 Sectors (value added),Manufacturing,va_man,2026,deflator_growth_pct,5.062767307879268
Baseline,1 Sectors (value added),Manufacturing,va_man,2027,deflator_growth_pct,5.441582124410482
Baseline,1 Sectors (value added),Manufacturing,va_man,2028,deflator_growth_pct,4.604171108484945
Baseline,1 Sectors (value added),Manufacturing,va_man,2029,deflator_growth_pct,4.391601887493546
Baseline,1 Sectors (value added),Manufacturing,va_man,2030,deflator_growth_pct,4.0760072980478235
Baseline,1 Sectors (value added),Manufacturing,va_man,2026,nominal,8613.167317343905
Baseline,1 Sectors (value added),Manufacturing,va_man,2027,nominal,9631.38627537364
Baseline,1 Sectors (value added),Manufacturing,va_man,2028,nominal,10699.887309986967
Baseline,1 Sectors (value added),Manufacturing,va_man,2029,nominal,11924.01456434578
Baseline,1 Sectors (value added),Manufacturing,va_man,2030,nominal,13220.12359594839
Baseline,1 Sectors (value added),Manufacturing,va_man,2026,nominal_growth_pct,11.576751309591348
Baseline,1 Sectors (value added),Manufacturing,va_man,2027,nominal_growth_pct,11.821655385463114
Baseline,1 Sectors (value added),Manufacturing,va_man,2028,nominal_growth_pct,11.09394851440404
Baseline,1 Sectors (value added),Manufacturing,va_man,2029,nominal_growth_pct,11.440562118969687
Baseline,1 Sectors (value added),Manufacturing,va_man,2030,nominal_growth_pct,10.869737072261977
Baseline,1 Sectors (value added),Manufacturing,va_man,2026,real,5348.40891019003
Baseline,1 Sectors (value added),Manufacturing,va_man,2027,real,5672.031147163078
Baseline,1 Sectors (value added),Manufacturing,va_man,2028,real,6023.931259696376
Baseline,1 Sectors (value added),Manufacturing,va_man,2029,real,6430.69244660209
Baseline,1 Sectors (value added),Manufacturing,va_man,2030,real,6850.466301090781
Baseline,1 Sectors (value added),Manufacturing,va_man,2026,real_growth_pct,6.200087974670709
Baseline,1 Sectors (value added),Manufacturing,va_man,2027,real_growth_pct,6.050813286853729
Baseline,1 Sectors (value added),Manufacturing,va_man,2028,real_growth_pct,6.2041287045700555
Baseline,1 Sectors (value added),Manufacturing,va_man,2029,real_growth_pct,6.752420792501135
Baseline,1 Sectors (value added),Manufacturing,va_man,2030,real_growth_pct,6.52766180274249
Baseline,1 Sectors (value added),Mining & quarrying,va_min,2026,deflator,2.673013258486959
Baseline,1 Sectors (value added),Mining & quarrying,va_min,2027,deflator,2.6327289287971705
Baseline,1 Sectors (value added),Mining & quarrying,va_min,2028,deflator,2.6232008923751016
Baseline,1 Sectors (value added),Mining & quarrying,va_min,2029,deflator,2.662948860205961
Baseline,1 Sectors (value added),Mining & quarrying,va_min,2030,deflator,2.738759354017525
Baseline,1 Sectors (value added),Mining & quarrying,va_min,2026,deflator_growth_pct,-2.0827591180012317
Baseline,1 Sectors (value added),Mining & quarrying,va_min,2027,deflator_growth_pct,-1.507075565820093
Baseline,1 Sectors (value added),Mining & quarrying,va_min,2028,deflator_growth_pct,-0.3619072331317419
Baseline,1 Sectors (value added),Mining & quarrying,va_min,2029,deflator_growth_pct,1.5152468095903648
Baseline,1 Sectors (value added),Mining & quarrying,va_min,2030,deflator_growth_pct,2.846862549425766
Baseline,1 Sectors (value added),Mining & quarrying,va_min,2026,nominal,32289.156453009513
Baseline,1 Sectors (value added),Mining & quarrying,va_min,2027,nominal,30524.802121969202
Baseline,1 Sectors (value added),Mining & quarrying,va_min,2028,nominal,29276.332384713136
Baseline,1 Sectors (value added),Mining & quarrying,va_min,2029,nominal,30747.192586252648
Baseline,1 Sectors (value added),Mining & quarrying,va_min,2030,nominal,31433.492439343132
Baseline,1 Sectors (value added),Mining & quarrying,va_min,2026,nominal_growth_pct,-2.4744280816665465
Baseline,1 Sectors (value added),Mining & quarrying,va_min,2027,nominal_growth_pct,-5.4642317262390545
Baseline,1 Sectors (value added),Mining & quarrying,va_min,2028,nominal_growth_pct,-4.09001746274228
Baseline,1 Sectors (value added),Mining & quarrying,va_min,2029,nominal_growth_pct,5.0240589641191935
Baseline,1 Sectors (value added),Mining & quarrying,va_min,2030,nominal_growth_pct,2.2320732247838926
Baseline,1 Sectors (value added),Mining & quarrying,va_min,2026,real,12079.684360146635
Baseline,1 Sectors (value added),Mining & quarrying,va_min,2027,real,11594.358153657406
Baseline,1 Sectors (value added),Mining & quarrying,va_min,2028,real,11160.537673577004
Baseline,1 Sectors (value added),Mining & quarrying,va_min,2029,real,11546.294803376193
Baseline,1 Sectors (value added),Mining & quarrying,va_min,2030,real,11477.274333443314
Baseline,1 Sectors (value added),Mining & quarrying,va_min,2026,real_growth_pct,-0.40000000014025483
Baseline,1 Sectors (value added),Mining & quarrying,va_min,2027,real_growth_pct,-4.017706026247014
Baseline,1 Sectors (value added),Mining & quarrying,va_min,2028,real_growth_pct,-3.741651537162094
Baseline,1 Sectors (value added),Mining & quarrying,va_min,2029,real_growth_pct,3.456438579231569
Baseline,1 Sectors (value added),Mining & quarrying,va_min,2030,real_growth_pct,-0.5977715891395508
Baseline,1 Sectors (value added),Net taxes on products,va_nettax,2026,deflator,2.026279515280156
Baseline,1 Sectors (value added),Net taxes on products,va_nettax,2027,deflator,2.1890347605254252
Baseline,1 Sectors (value added),Net taxes on products,va_nettax,2028,deflator,2.34475861088506
Baseline,1 Sectors (value added),Net taxes on products,va_nettax,2029,deflator,2.5060959799601275
Baseline,1 Sectors (value added),Net taxes on products,va_nettax,2030,deflator,2.6698651311318002
Baseline,1 Sectors (value added),Net taxes on products,va_nettax,2026,deflator_growth_pct,7.61670203084488
Baseline,1 Sectors (value added),Net taxes on products,va_nettax,2027,deflator_growth_pct,8.032220827281389
Baseline,1 Sectors (value added),Net taxes on products,va_nettax,2028,deflator_growth_pct,7.113813502086974
Baseline,1 Sectors (value added),Net taxes on products,va_nettax,2029,deflator_growth_pct,6.880766673639327
Baseline,1 Sectors (value added),Net taxes on products,va_nettax,2030,deflator_growth_pct,6.534831565959354
Baseline,1 Sectors (value added),Net taxes on products,va_nettax,2026,nominal,13382.580806649377
Baseline,1 Sectors (value added),Net taxes on products,va_nettax,2027,nominal,15019.18652963221
Baseline,1 Sectors (value added),Net taxes on products,va_nettax,2028,nominal,16688.945964943057
Baseline,1 Sectors (value added),Net taxes on products,va_nettax,2029,nominal,18593.225127080834
Baseline,1 Sectors (value added),Net taxes on products,va_nettax,2030,nominal,20575.159829960005
Baseline,1 Sectors (value added),Net taxes on products,va_nettax,2026,nominal_growth_pct,7.940578045421298
Baseline,1 Sectors (value added),Net taxes on products,va_nettax,2027,nominal_growth_pct,12.229372993359068
Baseline,1 Sectors (value added),Net taxes on products,va_nettax,2028,nominal_growth_pct,11.117509140834514
Baseline,1 Sectors (value added),Net taxes on products,va_nettax,2029,nominal_growth_pct,11.410422001113329
Baseline,1 Sectors (value added),Net taxes on products,va_nettax,2030,nominal_growth_pct,10.659445520252998
Baseline,1 Sectors (value added),Net taxes on products,va_nettax,2026,real,6604.508758900957
Baseline,1 Sectors (value added),Net taxes on products,va_nettax,2027,real,6861.100061301546
Baseline,1 Sectors (value added),Net taxes on products,va_nettax,2028,real,7117.553972280155
Baseline,1 Sectors (value added),Net taxes on products,va_nettax,2029,real,7419.199135133147
Baseline,1 Sectors (value added),Net taxes on products,va_nettax,2030,real,7706.441643828597
Baseline,1 Sectors (value added),Net taxes on products,va_nettax,2026,real_growth_pct,0.3009532985721819
Baseline,1 Sectors (value added),Net taxes on products,va_nettax,2027,real_growth_pct,3.885092923145539
Baseline,1 Sectors (value added),Net taxes on products,va_nettax,2028,real_growth_pct,3.7377958153544277
Baseline,1 Sectors (value added),Net taxes on products,va_nettax,2029,real_growth_pct,4.238045317643846
Baseline,1 Sectors (value added),Net taxes on products,va_nettax,2030,real_growth_pct,3.8716107151677726
Baseline,1 Sectors (value added),Social & other services,va_oth,2026,deflator,2.409868304745891
Baseline,1 Sectors (value added),Social & other services,va_oth,2027,deflator,2.6646382922577465
Baseline,1 Sectors (value added),Social & other services,va_oth,2028,deflator,2.918648223174792
Baseline,1 Sectors (value added),Social & other services,va_oth,2029,deflator,3.189179013893327
Baseline,1 Sectors (value added),Social & other services,va_oth,2030,deflator,3.4723111116932612
Baseline,1 Sectors (value added),Social & other services,va_oth,2026,deflator_growth_pct,10.101604557954325
Baseline,1 Sectors (value added),Social & other services,va_oth,2027,deflator_growth_pct,10.571946483968532
Baseline,1 Sectors (value added),Social & other services,va_oth,2028,deflator_growth_pct,9.532623307827004
Baseline,1 Sectors (value added),Social & other services,va_oth,2029,deflator_growth_pct,9.269044092756818
Baseline,1 Sectors (value added),Social & other services,va_oth,2030,deflator_growth_pct,8.877899188678295
Baseline,1 Sectors (value added),Social & other services,va_oth,2026,nominal,31051.688607339955
Baseline,1 Sectors (value added),Social & other services,va_oth,2027,nominal,35432.14334457008
Baseline,1 Sectors (value added),Social & other services,va_oth,2028,nominal,39931.0816676903
Baseline,1 Sectors (value added),Social & other services,va_oth,2029,nominal,44911.05870512428
Baseline,1 Sectors (value added),Social & other services,va_oth,2030,nominal,50243.64144027422
Baseline,1 Sectors (value added),Social & other services,va_oth,2026,nominal_growth_pct,10.652291348352083
Baseline,1 Sectors (value added),Social & other services,va_oth,2027,nominal_growth_pct,14.10697753871808
Baseline,1 Sectors (value added),Social & other services,va_oth,2028,nominal_growth_pct,12.697336086527411
Baseline,1 Sectors (value added),Social & other services,va_oth,2029,nominal_growth_pct,12.471430348112666
Baseline,1 Sectors (value added),Social & other services,va_oth,2030,nominal_growth_pct,11.873651810709829
Baseline,1 Sectors (value added),Social & other services,va_oth,2026,real,12885.222211598904
Baseline,1 Sectors (value added),Social & other services,va_oth,2027,real,13297.168117534049
Baseline,1 Sectors (value added),Social & other services,va_oth,2028,real,13681.361580552115
Baseline,1 Sectors (value added),Social & other services,va_oth,2029,real,14082.32604989369
Baseline,1 Sectors (value added),Social & other services,va_oth,2030,real,14469.79830553636
Baseline,1 Sectors (value added),Social & other services,va_oth,2026,real_growth_pct,0.500162366033341
Baseline,1 Sectors (value added),Social & other services,va_oth,2027,real_growth_pct,3.1970415346374237
Baseline,1 Sectors (value added),Social & other services,va_oth,2028,real_growth_pct,2.889287851534772
Baseline,1 Sectors (value added),Social & other services,va_oth,2029,real_growth_pct,2.9307351244304725
Baseline,1 Sectors (value added),Social & other services,va_oth,2030,real_growth_pct,2.751479082857866
Baseline,1 Sectors (value added),Tourism & catering,va_tou,2026,deflator,1.8624179270859813
Baseline,1 Sectors (value added),Tourism & catering,va_tou,2027,deflator,1.9871399836547974
Baseline,1 Sectors (value added),Tourism & catering,va_tou,2028,deflator,2.101736282381912
Baseline,1 Sectors (value added),Tourism & catering,va_tou,2029,deflator,2.217982659547084
Baseline,1 Sectors (value added),Tourism & catering,va_tou,2030,deflator,2.33289150066569
Baseline,1 Sectors (value added),Tourism & catering,va_tou,2026,deflator_growth_pct,6.276044707988815
Baseline,1 Sectors (value added),Tourism & catering,va_tou,2027,deflator_growth_pct,6.69678135905627
Baseline,1 Sectors (value added),Tourism & catering,va_tou,2028,deflator_growth_pct,5.766896125573706
Baseline,1 Sectors (value added),Tourism & catering,va_tou,2029,deflator_growth_pct,5.5309687585270995
Baseline,1 Sectors (value added),Tourism & catering,va_tou,2030,deflator_growth_pct,5.18078176238177
Baseline,1 Sectors (value added),Tourism & catering,va_tou,2026,nominal,3892.2118966560784
Baseline,1 Sectors (value added),Tourism & catering,va_tou,2027,nominal,4547.597164673495
Baseline,1 Sectors (value added),Tourism & catering,va_tou,2028,nominal,5254.13073875411
Baseline,1 Sectors (value added),Tourism & catering,va_tou,2029,nominal,6118.710238022609
Baseline,1 Sectors (value added),Tourism & catering,va_tou,2030,nominal,7055.241031343208
Baseline,1 Sectors (value added),Tourism & catering,va_tou,2026,nominal_growth_pct,8.934002145426213
Baseline,1 Sectors (value added),Tourism & catering,va_tou,2027,nominal_growth_pct,16.83837584948751
Baseline,1 Sectors (value added),Tourism & catering,va_tou,2028,nominal_growth_pct,15.536415133008873
Baseline,1 Sectors (value added),Tourism & catering,va_tou,2029,nominal_growth_pct,16.4552338389949
Baseline,1 Sectors (value added),Tourism & catering,va_tou,2030,nominal_growth_pct,15.306016413407718
Baseline,1 Sectors (value added),Tourism & catering,va_tou,2026,real,2089.8702917588425
Baseline,1 Sectors (value added),Tourism & catering,va_tou,2027,real,2288.5137444164557
Baseline,1 Sectors (value added),Tourism & catering,va_tou,2028,real,2499.900098217636
Baseline,1 Sectors (value added),Tourism & catering,va_tou,2029,real,2758.6826306712696
Baseline,1 Sectors (value added),Tourism & catering,va_tou,2030,real,3024.2473897007203
Baseline,1 Sectors (value added),Tourism & catering,va_tou,2026,real_growth_pct,2.500993939641405
Baseline,1 Sectors (value added),Tourism & catering,va_tou,2027,real_growth_pct,9.505061316051066
Baseline,1 Sectors (value added),Tourism & catering,va_tou,2028,real_growth_pct,9.236840037204196
Baseline,1 Sectors (value added),Tourism & catering,va_tou,2029,real_growth_pct,10.351714960055357
Baseline,1 Sectors (value added),Tourism & catering,va_tou,2030,real_growth_pct,9.626506364917775
Baseline,1 Sectors (value added),Trade & vehicle repair,va_trd,2026,deflator,2.2135326386544847
Baseline,1 Sectors (value added),Trade & vehicle repair,va_trd,2027,deflator,2.3868377895897512
Baseline,1 Sectors (value added),Trade & vehicle repair,va_trd,2028,deflator,2.5537549896304093
Baseline,1 Sectors (value added),Trade & vehicle repair,va_trd,2029,deflator,2.7269243889567134
Baseline,1 Sectors (value added),Trade & vehicle repair,va_trd,2030,deflator,2.903242151668513
Baseline,1 Sectors (value added),Trade & vehicle repair,va_trd,2026,deflator_growth_pct,7.4511398793342565
Baseline,1 Sectors (value added),Trade & vehicle repair,va_trd,2027,deflator_growth_pct,7.829346986300223
Baseline,1 Sectors (value added),Trade & vehicle repair,va_trd,2028,deflator_growth_pct,6.993236020004012
Baseline,1 Sectors (value added),Trade & vehicle repair,va_trd,2029,deflator_growth_pct,6.780971550891257
Baseline,1 Sectors (value added),Trade & vehicle repair,va_trd,2030,deflator_growth_pct,6.465810472260891
Baseline,1 Sectors (value added),Trade & vehicle repair,va_trd,2026,nominal,16296.55864554559
Baseline,1 Sectors (value added),Trade & vehicle repair,va_trd,2027,nominal,17943.470915091246
Baseline,1 Sectors (value added),Trade & vehicle repair,va_trd,2028,nominal,19747.471399522434
Baseline,1 Sectors (value added),Trade & vehicle repair,va_trd,2029,nominal,21893.39098099514
Baseline,1 Sectors (value added),Trade & vehicle repair,va_trd,2030,nominal,24163.272507756483
Baseline,1 Sectors (value added),Trade & vehicle repair,va_trd,2026,nominal_growth_pct,11.427937023395152
Baseline,1 Sectors (value added),Trade & vehicle repair,va_trd,2027,nominal_growth_pct,10.105889871392048
Baseline,1 Sectors (value added),Trade & vehicle repair,va_trd,2028,nominal_growth_pct,10.053798916428946
Baseline,1 Sectors (value added),Trade & vehicle repair,va_trd,2029,nominal_growth_pct,10.866806884068225
Baseline,1 Sectors (value added),Trade & vehicle repair,va_trd,2030,nominal_growth_pct,10.3678846677143
Baseline,1 Sectors (value added),Trade & vehicle repair,va_trd,2026,real,7362.240050569842
Baseline,1 Sectors (value added),Trade & vehicle repair,va_trd,2027,real,7517.675056659533
Baseline,1 Sectors (value added),Trade & vehicle repair,va_trd,2028,real,7732.7196538851895
Baseline,1 Sectors (value added),Trade & vehicle repair,va_trd,2029,real,8028.60213860615
Baseline,1 Sectors (value added),Trade & vehicle repair,va_trd,2030,real,8322.85811704328
Baseline,1 Sectors (value added),Trade & vehicle repair,va_trd,2026,real_growth_pct,3.701028345094115
Baseline,1 Sectors (value added),Trade & vehicle repair,va_trd,2027,real_growth_pct,2.1112461020292184
Baseline,1 Sectors (value added),Trade & vehicle repair,va_trd,2028,real_growth_pct,2.8605199826395644
Baseline,1 Sectors (value added),Trade & vehicle repair,va_trd,2029,real_growth_pct,3.8263702547692846
Baseline,1 Sectors (value added),Trade & vehicle repair,va_trd,2030,real_growth_pct,3.6650960323737714
Baseline,1 Sectors (value added),Transport & storage,va_tra,2026,deflator,1.4738203245236758
Baseline,1 Sectors (value added),Transport & storage,va_tra,2027,deflator,1.5324590159513982
Baseline,1 Sectors (value added),Transport & storage,va_tra,2028,deflator,1.5708560892276402
Baseline,1 Sectors (value added),Transport & storage,va_tra,2029,deflator,1.604364470150758
Baseline,1 Sectors (value added),Transport & storage,va_tra,2030,deflator,1.6297336019057276
Baseline,1 Sectors (value added),Transport & storage,va_tra,2026,deflator_growth_pct,3.3111597756766864
Baseline,1 Sectors (value added),Transport & storage,va_tra,2027,deflator_growth_pct,3.9786865774614544
Baseline,1 Sectors (value added),Transport & storage,va_tra,2028,deflator_growth_pct,2.505585655248588
Baseline,1 Sectors (value added),Transport & storage,va_tra,2029,deflator_growth_pct,2.1331286266708993
Baseline,1 Sectors (value added),Transport & storage,va_tra,2030,deflator_growth_pct,1.5812573905096272
Baseline,1 Sectors (value added),Transport & storage,va_tra,2026,nominal,9831.068268909541
Baseline,1 Sectors (value added),Transport & storage,va_tra,2027,nominal,10704.908827648947
Baseline,1 Sectors (value added),Transport & storage,va_tra,2028,nominal,11406.907341230362
Baseline,1 Sectors (value added),Transport & storage,va_tra,2029,nominal,12442.746197989189
Baseline,1 Sectors (value added),Transport & storage,va_tra,2030,nominal,13298.603076643736
Baseline,1 Sectors (value added),Transport & storage,va_tra,2026,nominal_growth_pct,7.960161965578849
Baseline,1 Sectors (value added),Transport & storage,va_tra,2027,nominal_growth_pct,8.888561597145062
Baseline,1 Sectors (value added),Transport & storage,va_tra,2028,nominal_growth_pct,6.557725291113847
Baseline,1 Sectors (value added),Transport & storage,va_tra,2029,nominal_growth_pct,9.080803637413437
Baseline,1 Sectors (value added),Transport & storage,va_tra,2030,nominal_growth_pct,6.878360010211071
Baseline,1 Sectors (value added),Transport & storage,va_tra,2026,real,6670.46593490753
Baseline,1 Sectors (value added),Transport & storage,va_tra,2027,real,6985.445428700752
Baseline,1 Sectors (value added),Transport & storage,va_tra,2028,real,7261.586481062641
Baseline,1 Sectors (value added),Transport & storage,va_tra,2029,real,7755.560802727061
Baseline,1 Sectors (value added),Transport & storage,va_tra,2030,real,8159.985816757429
Baseline,1 Sectors (value added),Transport & storage,va_tra,2026,real_growth_pct,4.499999999996818
Baseline,1 Sectors (value added),Transport & storage,va_tra,2027,real_growth_pct,4.722001384414365
Baseline,1 Sectors (value added),Transport & storage,va_tra,2028,real_growth_pct,3.9530915412683942
Baseline,1 Sectors (value added),Transport & storage,va_tra,2029,real_growth_pct,6.802567496133882
Baseline,1 Sectors (value added),Transport & storage,va_tra,2030,real_growth_pct,5.21464564997236
Baseline,1 Sectors (value added),Water supply & waste,va_wat,2026,deflator,2.1441711643636796
Baseline,1 Sectors (value added),Water supply & waste,va_wat,2027,deflator,2.254480513715984
Baseline,1 Sectors (value added),Water supply & waste,va_wat,2028,deflator,2.354395976142513
Baseline,1 Sectors (value added),Water supply & waste,va_wat,2029,deflator,2.4544767048958516
Baseline,1 Sectors (value added),Water supply & waste,va_wat,2030,deflator,2.5522112714481433
Baseline,1 Sectors (value added),Water supply & waste,va_wat,2026,deflator_growth_pct,4.82229434443191
Baseline,1 Sectors (value added),Water supply & waste,va_wat,2027,deflator_growth_pct,5.1446149069465985
Baseline,1 Sectors (value added),Water supply & waste,va_wat,2028,deflator_growth_pct,4.4318618776545415
Baseline,1 Sectors (value added),Water supply & waste,va_wat,2029,deflator_growth_pct,4.250802743781135
Baseline,1 Sectors (value added),Water supply & waste,va_wat,2030,deflator_growth_pct,3.98189016654118
Baseline,1 Sectors (value added),Water supply & waste,va_wat,2026,nominal,313.7200246395142
Baseline,1 Sectors (value added),Water supply & waste,va_wat,2027,nominal,352.47333781131886
Baseline,1 Sectors (value added),Water supply & waste,va_wat,2028,nominal,388.92201576191445
Baseline,1 Sectors (value added),Water supply & waste,va_wat,2029,nominal,427.6531850803988
Baseline,1 Sectors (value added),Water supply & waste,va_wat,2030,nominal,466.74896383640095
Baseline,1 Sectors (value added),Water supply & waste,va_wat,2026,nominal_growth_pct,3.9840983226762328
Baseline,1 Sectors (value added),Water supply & waste,va_wat,2027,nominal_growth_pct,12.352833777931416
Baseline,1 Sectors (value added),Water supply & waste,va_wat,2028,nominal_growth_pct,10.340832636284913
Baseline,1 Sectors (value added),Water supply & waste,va_wat,2029,nominal_growth_pct,9.958595232159428
Baseline,1 Sectors (value added),Water supply & waste,va_wat,2030,nominal_growth_pct,9.141935596399708
Baseline,1 Sectors (value added),Water supply & waste,va_wat,2026,real,146.3129575910588
Baseline,1 Sectors (value added),Water supply & waste,va_wat,2027,real,156.34348386109977
Baseline,1 Sectors (value added),Water supply & waste,va_wat,2028,real,165.18972156889754
Baseline,1 Sectors (value added),Water supply & waste,va_wat,2029,real,174.23395554228534
Baseline,1 Sectors (value added),Water supply & waste,va_wat,2030,real,182.88022196985446
Baseline,1 Sectors (value added),Water supply & waste,va_wat,2026,real_growth_pct,-0.7996352560281306
Baseline,1 Sectors (value added),Water supply & waste,va_wat,2027,real_growth_pct,6.855528338150374
Baseline,1 Sectors (value added),Water supply & waste,va_wat,2028,real_growth_pct,5.658206846443958
Baseline,1 Sectors (value added),Water supply & waste,va_wat,2029,real_growth_pct,5.475058549339362
Baseline,1 Sectors (value added),Water supply & waste,va_wat,2030,real_growth_pct,4.962446269820653
Baseline,2 Aggregates,GDP at market prices,gdp,2026,deflator,2.1643313671365925
Baseline,2 Aggregates,GDP at market prices,gdp,2027,deflator,2.2787651669675455
Baseline,2 Aggregates,GDP at market prices,gdp,2028,deflator,2.393080127282235
Baseline,2 Aggregates,GDP at market prices,gdp,2029,deflator,2.5193584455106777
Baseline,2 Aggregates,GDP at market prices,gdp,2030,deflator,2.6530426600107773
Baseline,2 Aggregates,GDP at market prices,gdp,2026,deflator_growth_pct,4.510047061238809
Baseline,2 Aggregates,GDP at market prices,gdp,2027,deflator_growth_pct,5.287258761228819
Baseline,2 Aggregates,GDP at market prices,gdp,2028,deflator_growth_pct,5.016530969130684
Baseline,2 Aggregates,GDP at market prices,gdp,2029,deflator_growth_pct,5.276811118391356
Baseline,2 Aggregates,GDP at market prices,gdp,2030,deflator_growth_pct,5.306280046744272
Baseline,2 Aggregates,GDP at market prices,gdp,2026,nominal,135242.11837416186
Baseline,2 Aggregates,GDP at market prices,gdp,2027,nominal,146020.5488279971
Baseline,2 Aggregates,GDP at market prices,gdp,2028,nominal,157132.73908762253
Baseline,2 Aggregates,GDP at market prices,gdp,2029,nominal,172660.44449279364
Baseline,2 Aggregates,GDP at market prices,gdp,2030,nominal,187726.95400078344
Baseline,2 Aggregates,GDP at market prices,gdp,2026,nominal_growth_pct,4.7625128775635295
Baseline,2 Aggregates,GDP at market prices,gdp,2027,nominal_growth_pct,7.969729092837441
Baseline,2 Aggregates,GDP at market prices,gdp,2028,nominal_growth_pct,7.610018143894859
Baseline,2 Aggregates,GDP at market prices,gdp,2029,nominal_growth_pct,9.88190334829735
Baseline,2 Aggregates,GDP at market prices,gdp,2030,nominal_growth_pct,8.72609215865805
Baseline,2 Aggregates,GDP at market prices,gdp,2026,real,62486.7894203682
Baseline,2 Aggregates,GDP at market prices,gdp,2027,real,64078.80502329828
Baseline,2 Aggregates,GDP at market prices,gdp,2028,real,65661.294536792
Baseline,2 Aggregates,GDP at market prices,gdp,2029,real,68533.49701010692
Baseline,2 Aggregates,GDP at market prices,gdp,2030,real,70759.11625183624
Baseline,2 Aggregates,GDP at market prices,gdp,2026,real_growth_pct,0.2415708569883046
Baseline,2 Aggregates,GDP at market prices,gdp,2027,real_growth_pct,2.547763483606258
Baseline,2 Aggregates,GDP at market prices,gdp,2028,real_growth_pct,2.4695989772567595
Baseline,2 Aggregates,GDP at market prices,gdp,2029,real_growth_pct,4.374270250955115
Baseline,2 Aggregates,GDP at market prices,gdp,2030,real_growth_pct,3.247491137656522
Baseline,2 Aggregates,Goods production,goods,2026,deflator,2.2315161296532513
Baseline,2 Aggregates,Goods production,goods,2027,deflator,2.266050739542017
Baseline,2 Aggregates,Goods production,goods,2028,deflator,2.309582099330873
Baseline,2 Aggregates,Goods production,goods,2029,deflator,2.37357425135851
Baseline,2 Aggregates,Goods production,goods,2030,deflator,2.450742145219693
Baseline,2 Aggregates,Goods production,goods,2026,deflator_growth_pct,0.7653924994260208
Baseline,2 Aggregates,Goods production,goods,2027,deflator_growth_pct,1.5475850445289652
Baseline,2 Aggregates,Goods production,goods,2028,deflator_growth_pct,1.9210231716900728
Baseline,2 Aggregates,Goods production,goods,2029,deflator_growth_pct,2.7707242815129485
Baseline,2 Aggregates,Goods production,goods,2030,deflator_growth_pct,3.2511261788847
Baseline,2 Aggregates,Goods production,goods,2026,nominal,57954.29534601043
Baseline,2 Aggregates,Goods production,goods,2027,nominal,59434.986496049
Baseline,2 Aggregates,Goods production,goods,2028,nominal,61047.37714878909
Baseline,2 Aggregates,Goods production,goods,2029,nominal,65509.61867523059
Baseline,2 Aggregates,Goods production,goods,2030,nominal,69054.31732295973
Baseline,2 Aggregates,Goods production,goods,2026,nominal_growth_pct,-1.2038844776119495
Baseline,2 Aggregates,Goods production,goods,2027,nominal_growth_pct,2.554929088859148
Baseline,2 Aggregates,Goods production,goods,2028,nominal_growth_pct,2.7128645059039114
Baseline,2 Aggregates,Goods production,goods,2029,nominal_growth_pct,7.30947296157507
Baseline,2 Aggregates,Goods production,goods,2030,nominal_growth_pct,5.410959061297982
Baseline,2 Aggregates,Goods production,goods,2026,real,25970.81624277382
Baseline,2 Aggregates,Goods production,goods,2027,real,26228.444694076527
Baseline,2 Aggregates,Goods production,goods,2028,real,26432.217831301863
Baseline,2 Aggregates,Goods production,goods,2029,real,27599.56577627024
Baseline,2 Aggregates,Goods production,goods,2030,real,28176.90039633666
Baseline,2 Aggregates,Goods production,goods,2026,real_growth_pct,-1.9543187677745655
Baseline,2 Aggregates,Goods production,goods,2027,real_growth_pct,0.9919921225979511
Baseline,2 Aggregates,Goods production,goods,2028,real_growth_pct,0.7769165865612937
Baseline,2 Aggregates,Goods production,goods,2029,real_growth_pct,4.416382887046155
Baseline,2 Aggregates,Goods production,goods,2030,real_growth_pct,2.0918250118369786
Baseline,2 Aggregates,Industry (total),ind,2026,deflator,2.480410850111333
Baseline,2 Aggregates,Industry (total),ind,2027,deflator,2.4931607715576534
Baseline,2 Aggregates,Industry (total),ind,2028,deflator,2.524574545782593
Baseline,2 Aggregates,Industry (total),ind,2029,deflator,2.5889640307501747
Baseline,2 Aggregates,Industry (total),ind,2030,deflator,2.6760817994208197
Baseline,2 Aggregates,Industry (total),ind,2026,deflator_growth_pct,-0.297775614089546
Baseline,2 Aggregates,Industry (total),ind,2027,deflator_growth_pct,0.5140245796678489
Baseline,2 Aggregates,Industry (total),ind,2028,deflator_growth_pct,1.2599979344819268
Baseline,2 Aggregates,Industry (total),ind,2029,deflator_growth_pct,2.550508364870696
Baseline,2 Aggregates,Industry (total),ind,2030,deflator_growth_pct,3.364966358586363
Baseline,2 Aggregates,Industry (total),ind,2026,nominal,42759.14814787975
Baseline,2 Aggregates,Industry (total),ind,2027,nominal,42313.75056322052
Baseline,2 Aggregates,Industry (total),ind,2028,nominal,42397.57815182036
Baseline,2 Aggregates,Industry (total),ind,2029,nominal,45357.61907134603
Baseline,2 Aggregates,Industry (total),ind,2030,nominal,47598.84418109937
Baseline,2 Aggregates,Industry (total),ind,2026,nominal_growth_pct,0.4082351137123741
Baseline,2 Aggregates,Industry (total),ind,2027,nominal_growth_pct,-1.0416427921315252
Baseline,2 Aggregates,Industry (total),ind,2028,nominal_growth_pct,0.19810956836499027
Baseline,2 Aggregates,Industry (total),ind,2029,nominal_growth_pct,6.981627367785359
Baseline,2 Aggregates,Industry (total),ind,2030,nominal_growth_pct,4.941231827508319
Baseline,2 Aggregates,Industry (total),ind,2026,real,17238.736133556467
Baseline,2 Aggregates,Industry (total),ind,2027,real,16971.930188354494
Baseline,2 Aggregates,Industry (total),ind,2028,real,16793.949785577643
Baseline,2 Aggregates,Industry (total),ind,2029,real,17519.601868784277
Baseline,2 Aggregates,Industry (total),ind,2030,real,17786.76727721892
Baseline,2 Aggregates,Industry (total),ind,2026,real_growth_pct,0.7081193344987025
Baseline,2 Aggregates,Industry (total),ind,2027,real_growth_pct,-1.5477117529667184
Baseline,2 Aggregates,Industry (total),ind,2028,real_growth_pct,-1.0486750817474744
Baseline,2 Aggregates,Industry (total),ind,2029,real_growth_pct,4.320913736623244
Baseline,2 Aggregates,Industry (total),ind,2030,real_growth_pct,1.5249513683907923
Baseline,2 Aggregates,Non-oil GDP,gdpnon,2026,deflator,1.934329761730275
Baseline,2 Aggregates,Non-oil GDP,gdpnon,2027,deflator,2.0810715578007106
Baseline,2 Aggregates,Non-oil GDP,gdpnon,2028,deflator,2.216645815896576
Baseline,2 Aggregates,Non-oil GDP,gdpnon,2029,deflator,2.3510161779542575
Baseline,2 Aggregates,Non-oil GDP,gdpnon,2030,deflator,2.4869570407746133
Baseline,2 Aggregates,Non-oil GDP,gdpnon,2026,deflator_growth_pct,7.316897091171248
Baseline,2 Aggregates,Non-oil GDP,gdpnon,2027,deflator_growth_pct,7.586183026991922
Baseline,2 Aggregates,Non-oil GDP,gdpnon,2028,deflator_growth_pct,6.514637018975988
Baseline,2 Aggregates,Non-oil GDP,gdpnon,2029,deflator_growth_pct,6.061877864927756
Baseline,2 Aggregates,Non-oil GDP,gdpnon,2030,deflator_growth_pct,5.782217242700782
Baseline,2 Aggregates,Non-oil GDP,gdpnon,2026,nominal,99716.04957846896
Baseline,2 Aggregates,Non-oil GDP,gdpnon,2027,nominal,112435.70675452394
Baseline,2 Aggregates,Non-oil GDP,gdpnon,2028,nominal,124921.52291978885
Baseline,2 Aggregates,Non-oil GDP,gdpnon,2029,nominal,138830.91783162812
Baseline,2 Aggregates,Non-oil GDP,gdpnon,2030,nominal,153142.3275329429
Baseline,2 Aggregates,Non-oil GDP,gdpnon,2026,nominal_growth_pct,8.026413546161626
Baseline,2 Aggregates,Non-oil GDP,gdpnon,2027,nominal_growth_pct,12.75587754411147
Baseline,2 Aggregates,Non-oil GDP,gdpnon,2028,nominal_growth_pct,11.104849629775227
Baseline,2 Aggregates,Non-oil GDP,gdpnon,2029,nominal_growth_pct,11.134506357859863
Baseline,2 Aggregates,Non-oil GDP,gdpnon,2030,nominal_growth_pct,10.308517673758688
Baseline,2 Aggregates,Non-oil GDP,gdpnon,2026,real,51550.6981029295
Baseline,2 Aggregates,Non-oil GDP,gdpnon,2027,real,54027.79463928991
Baseline,2 Aggregates,Non-oil GDP,gdpnon,2028,real,56356.104355472475
Baseline,2 Aggregates,Non-oil GDP,gdpnon,2029,real,59051.45150997309
Baseline,2 Aggregates,Non-oil GDP,gdpnon,2030,real,61578.195771827086
Baseline,2 Aggregates,Non-oil GDP,gdpnon,2026,real_growth_pct,0.661141417821276
Baseline,2 Aggregates,Non-oil GDP,gdpnon,2027,real_growth_pct,4.805165841623471
Baseline,2 Aggregates,Non-oil GDP,gdpnon,2028,real_growth_pct,4.309466510205051
Baseline,2 Aggregates,Non-oil GDP,gdpnon,2029,real_growth_pct,4.78270665676146
Baseline,2 Aggregates,Non-oil GDP,gdpnon,2030,real_growth_pct,4.278885949869093
Baseline,2 Aggregates,Non-oil industry,indnon,2026,deflator,1.869624835648718
Baseline,2 Aggregates,Non-oil industry,indnon,2027,deflator,1.98468661044057
Baseline,2 Aggregates,Non-oil industry,indnon,2028,deflator,2.0854359228674966
Baseline,2 Aggregates,Non-oil industry,indnon,2029,deflator,2.1855300352774543
Baseline,2 Aggregates,Non-oil industry,indnon,2030,deflator,2.2814203789796488
Baseline,2 Aggregates,Non-oil industry,indnon,2026,deflator_growth_pct,5.641304114422474
Baseline,2 Aggregates,Non-oil industry,indnon,2027,deflator_growth_pct,6.154270771222836
Baseline,2 Aggregates,Non-oil industry,indnon,2028,deflator_growth_pct,5.076333557999946
Baseline,2 Aggregates,Non-oil industry,indnon,2029,deflator_growth_pct,4.799673359051337
Baseline,2 Aggregates,Non-oil industry,indnon,2030,deflator_growth_pct,4.387509764422948
Baseline,2 Aggregates,Non-oil industry,indnon,2026,nominal,10469.991694870234
Baseline,2 Aggregates,Non-oil industry,indnon,2027,nominal,11788.94844125132
Baseline,2 Aggregates,Non-oil industry,indnon,2028,nominal,13121.245767107217
Baseline,2 Aggregates,Non-oil industry,indnon,2029,nominal,14610.42648509338
Baseline,2 Aggregates,Non-oil industry,indnon,2030,nominal,16165.35174175624
Baseline,2 Aggregates,Non-oil industry,indnon,2026,nominal_growth_pct,10.479077492325883
Baseline,2 Aggregates,Non-oil industry,indnon,2027,nominal_growth_pct,12.597495631513333
Baseline,2 Aggregates,Non-oil industry,indnon,2028,nominal_growth_pct,11.301239737328794
Baseline,2 Aggregates,Non-oil industry,indnon,2029,nominal_growth_pct,11.349385145420342
Baseline,2 Aggregates,Non-oil industry,indnon,2030,nominal_growth_pct,10.642572674037321
Baseline,2 Aggregates,Non-oil industry,indnon,2026,real,5600.049536803132
Baseline,2 Aggregates,Non-oil industry,indnon,2027,real,5939.954640311879
Baseline,2 Aggregates,Non-oil industry,indnon,2028,real,6291.847964844378
Baseline,2 Aggregates,Non-oil industry,indnon,2029,real,6685.072384849919
Baseline,2 Aggregates,Non-oil industry,indnon,2030,real,7085.652381603646
Baseline,2 Aggregates,Non-oil industry,indnon,2026,real_growth_pct,4.579433601712735
Baseline,2 Aggregates,Non-oil industry,indnon,2027,real_growth_pct,6.069680299699409
Baseline,2 Aggregates,Non-oil industry,indnon,2028,real_growth_pct,5.924175281480304
Baseline,2 Aggregates,Non-oil industry,indnon,2029,real_growth_pct,6.24974446621529
Baseline,2 Aggregates,Non-oil industry,indnon,2030,real_growth_pct,5.992156459839437
Baseline,2 Aggregates,Oil and gas GDP,gdpoil,2026,deflator,2.523412022752269
Baseline,2 Aggregates,Oil and gas GDP,gdpoil,2027,deflator,2.4893072796851885
Baseline,2 Aggregates,Oil and gas GDP,gdpoil,2028,deflator,2.4883636606598953
Baseline,2 Aggregates,Oil and gas GDP,gdpoil,2029,deflator,2.5144316416443178
Baseline,2 Aggregates,Oil and gas GDP,gdpoil,2030,deflator,2.586656558308677
Baseline,2 Aggregates,Oil and gas GDP,gdpoil,2026,deflator_growth_pct,-2.5503449320725236
Baseline,2 Aggregates,Oil and gas GDP,gdpoil,2027,deflator_growth_pct,-1.3515328753123224
Baseline,2 Aggregates,Oil and gas GDP,gdpoil,2028,deflator_growth_pct,-0.03790689212994636
Baseline,2 Aggregates,Oil and gas GDP,gdpoil,2029,deflator_growth_pct,1.0475953091803936
Baseline,2 Aggregates,Oil and gas GDP,gdpoil,2030,deflator_growth_pct,2.8724151998472225
Baseline,2 Aggregates,Oil and gas GDP,gdpoil,2026,nominal,35526.0687956929
Baseline,2 Aggregates,Oil and gas GDP,gdpoil,2027,nominal,33584.84207347314
Baseline,2 Aggregates,Oil and gas GDP,gdpoil,2028,nominal,32211.216167833674
Baseline,2 Aggregates,Oil and gas GDP,gdpoil,2029,nominal,33829.52666116553
Baseline,2 Aggregates,Oil and gas GDP,gdpoil,2030,nominal,34584.626467840535
Baseline,2 Aggregates,Oil and gas GDP,gdpoil,2026,nominal_growth_pct,-3.427391827816695
Baseline,2 Aggregates,Oil and gas GDP,gdpoil,2027,nominal_growth_pct,-5.464231726239044
Baseline,2 Aggregates,Oil and gas GDP,gdpoil,2028,nominal_growth_pct,-4.09001746274228
Baseline,2 Aggregates,Oil and gas GDP,gdpoil,2029,nominal_growth_pct,5.0240589641191935
Baseline,2 Aggregates,Oil and gas GDP,gdpoil,2030,nominal_growth_pct,2.2320732247838926
Baseline,2 Aggregates,Oil and gas GDP,gdpoil,2026,real,14078.584264231591
Baseline,2 Aggregates,Oil and gas GDP,gdpoil,2027,real,13491.641770203823
Baseline,2 Aggregates,Oil and gas GDP,gdpoil,2028,real,12944.738213743043
Baseline,2 Aggregates,Oil and gas GDP,gdpoil,2029,real,13454.144507600391
Baseline,2 Aggregates,Oil and gas GDP,gdpoil,2030,real,13370.39753373915
Baseline,2 Aggregates,Oil and gas GDP,gdpoil,2026,real_growth_pct,-0.9000000001362918
Baseline,2 Aggregates,Oil and gas GDP,gdpoil,2027,real_growth_pct,-4.169044862834459
Baseline,2 Aggregates,Oil and gas GDP,gdpoil,2028,real_growth_pct,-4.053647182277043
Baseline,2 Aggregates,Oil and gas GDP,gdpoil,2029,real_growth_pct,3.9352382832781085
Baseline,2 Aggregates,Oil and gas GDP,gdpoil,2030,real_growth_pct,-0.6224622740890862
Baseline,2 Aggregates,Services production,serv,2026,deflator,2.0356128655890084
Baseline,2 Aggregates,Services production,serv,2027,deflator,2.1987638113018884
Baseline,2 Aggregates,Services production,serv,2028,deflator,2.354355956755444
Baseline,2 Aggregates,Services production,serv,2029,deflator,2.516049626254196
Baseline,2 Aggregates,Services production,serv,2030,deflator,2.6806340631246828
Baseline,2 Aggregates,Services production,serv,2026,deflator_growth_pct,7.4826116287600275
Baseline,2 Aggregates,Services production,serv,2027,deflator_growth_pct,8.014831723205473
Baseline,2 Aggregates,Services production,serv,2028,deflator_growth_pct,7.076346474950834
Baseline,2 Aggregates,Services production,serv,2029,deflator_growth_pct,6.86785144084936
Baseline,2 Aggregates,Services production,serv,2030,deflator_growth_pct,6.541382775327631
Baseline,2 Aggregates,Services production,serv,2026,nominal,63905.24222179348
Baseline,2 Aggregates,Services production,serv,2027,nominal,71566.3758024917
Baseline,2 Aggregates,Services production,serv,2028,nominal,79396.41597393453
Baseline,2 Aggregates,Services production,serv,2029,nominal,88557.60069048556
Baseline,2 Aggregates,Services production,serv,2030,nominal,98097.47684787208
Baseline,2 Aggregates,Services production,serv,2026,nominal_growth_pct,10.114244446998688
Baseline,2 Aggregates,Services production,serv,2027,nominal_growth_pct,11.988270937318447
Baseline,2 Aggregates,Services production,serv,2028,nominal_growth_pct,10.940948292606167
Baseline,2 Aggregates,Services production,serv,2029,nominal_growth_pct,11.538536852291426
Baseline,2 Aggregates,Services production,serv,2030,nominal_growth_pct,10.77250973716981
Baseline,2 Aggregates,Services production,serv,2026,real,31393.612853445182
Baseline,2 Aggregates,Services production,serv,2027,real,32548.459927634172
Baseline,2 Aggregates,Services production,serv,2028,real,33723.19964876991
Baseline,2 Aggregates,Services production,serv,2029,real,35197.080282683826
Baseline,2 Aggregates,Services production,serv,2030,real,36594.87812876805
Baseline,2 Aggregates,Services production,serv,2026,real_growth_pct,2.448426567199702
Baseline,2 Aggregates,Services production,serv,2027,real_growth_pct,3.6786051977520495
Baseline,2 Aggregates,Services production,serv,2028,real_growth_pct,3.6092021673147068
Baseline,2 Aggregates,Services production,serv,2029,real_growth_pct,4.370524295631828
Baseline,2 Aggregates,Services production,serv,2030,real_growth_pct,3.9713460175044846
Baseline,3 Consumer markets,Catering turnover,cater,2026,deflator,2.0275035731011184
Baseline,3 Consumer markets,Catering turnover,cater,2027,deflator,2.1585858679685197
Baseline,3 Consumer markets,Catering turnover,cater,2028,deflator,2.279757734857926
Baseline,3 Consumer markets,Catering turnover,cater,2029,deflator,2.4028028607591403
Baseline,3 Consumer markets,Catering turnover,cater,2030,deflator,2.5247767995921433
Baseline,3 Consumer markets,Catering turnover,cater,2026,deflator_growth_pct,6.079911446983699
Baseline,3 Consumer markets,Catering turnover,cater,2027,deflator_growth_pct,6.465206602171736
Baseline,3 Consumer markets,Catering turnover,cater,2028,deflator_growth_pct,5.613483748202386
Baseline,3 Consumer markets,Catering turnover,cater,2029,deflator_growth_pct,5.397289546157946
Baseline,3 Consumer markets,Catering turnover,cater,2030,deflator_growth_pct,5.0763190282896
Baseline,3 Consumer markets,Catering turnover,cater,2026,nominal,2886.711283112081
Baseline,3 Consumer markets,Catering turnover,cater,2027,nominal,3119.6450930088645
Baseline,3 Consumer markets,Catering turnover,cater,2028,nominal,3372.9280023700776
Baseline,3 Consumer markets,Catering turnover,cater,2029,nominal,3677.2610253243492
Baseline,3 Consumer markets,Catering turnover,cater,2030,nominal,3990.6897692446964
Baseline,3 Consumer markets,Catering turnover,cater,2026,nominal_growth_pct,2.7811465894780785
Baseline,3 Consumer markets,Catering turnover,cater,2027,nominal_growth_pct,8.069175856258969
Baseline,3 Consumer markets,Catering turnover,cater,2028,nominal_growth_pct,8.118965517225686
Baseline,3 Consumer markets,Catering turnover,cater,2029,nominal_growth_pct,9.022814087357457
Baseline,3 Consumer markets,Catering turnover,cater,2030,nominal_growth_pct,8.523429306808627
Baseline,3 Consumer markets,Catering turnover,cater,2026,real,1423.7761754948638
Baseline,3 Consumer markets,Catering turnover,cater,2027,real,1445.2263119580289
Baseline,3 Consumer markets,Catering turnover,cater,2028,real,1479.5115949372039
Baseline,3 Consumer markets,Catering turnover,cater,2029,real,1530.4047974050427
Baseline,3 Consumer markets,Catering turnover,cater,2030,real,1580.610915740892
Baseline,3 Consumer markets,Catering turnover,cater,2026,real_growth_pct,-3.1096979743938213
Baseline,3 Consumer markets,Catering turnover,cater,2027,real_growth_pct,1.5065666101421904
Baseline,3 Consumer markets,Catering turnover,cater,2028,real_growth_pct,2.3723123980994076
Baseline,3 Consumer markets,Catering turnover,cater,2029,real_growth_pct,3.439865063713743
Baseline,3 Consumer markets,Catering turnover,cater,2030,real_growth_pct,3.280577689051878
Baseline,3 Consumer markets,Consumer market (total),cons_mkt,2026,deflator,2.0689948168762338
Baseline,3 Consumer markets,Consumer market (total),cons_mkt,2027,deflator,2.195752403106562
Baseline,3 Consumer markets,Consumer market (total),cons_mkt,2028,deflator,2.309539202488835
Baseline,3 Consumer markets,Consumer market (total),cons_mkt,2029,deflator,2.423658213623866
Baseline,3 Consumer markets,Consumer market (total),cons_mkt,2030,deflator,2.5347246634327805
Baseline,3 Consumer markets,Consumer market (total),cons_mkt,2026,deflator_growth_pct,5.700250784724559
Baseline,3 Consumer markets,Consumer market (total),cons_mkt,2027,deflator_growth_pct,6.126529907006084
Baseline,3 Consumer markets,Consumer market (total),cons_mkt,2028,deflator_growth_pct,5.182132521922189
Baseline,3 Consumer markets,Consumer market (total),cons_mkt,2029,deflator_growth_pct,4.9412026005903
Baseline,3 Consumer markets,Consumer market (total),cons_mkt,2030,deflator_growth_pct,4.582595399986178
Baseline,3 Consumer markets,Consumer market (total),cons_mkt,2026,nominal,94424.42140980063
Baseline,3 Consumer markets,Consumer market (total),cons_mkt,2027,nominal,102043.69402459847
Baseline,3 Consumer markets,Consumer market (total),cons_mkt,2028,nominal,110328.58635494682
Baseline,3 Consumer markets,Consumer market (total),cons_mkt,2029,nominal,120283.32958695925
Baseline,3 Consumer markets,Consumer market (total),cons_mkt,2030,nominal,130535.5941521798
Baseline,3 Consumer markets,Consumer market (total),cons_mkt,2026,nominal_growth_pct,10.563095305328885
Baseline,3 Consumer markets,Consumer market (total),cons_mkt,2027,nominal_growth_pct,8.069175856244115
Baseline,3 Consumer markets,Consumer market (total),cons_mkt,2028,nominal_growth_pct,8.118965517213827
Baseline,3 Consumer markets,Consumer market (total),cons_mkt,2029,nominal_growth_pct,9.022814087353792
Baseline,3 Consumer markets,Consumer market (total),cons_mkt,2030,nominal_growth_pct,8.523429306809005
Baseline,3 Consumer markets,Consumer market (total),cons_mkt,2026,real,45637.82404847322
Baseline,3 Consumer markets,Consumer market (total),cons_mkt,2027,real,46473.224339969536
Baseline,3 Consumer markets,Consumer market (total),cons_mkt,2028,real,47770.82209128692
Baseline,3 Consumer markets,Consumer market (total),cons_mkt,2029,real,49628.83335233602
Baseline,3 Consumer markets,Consumer market (total),cons_mkt,2030,real,51498.92453225878
Baseline,3 Consumer markets,Consumer market (total),cons_mkt,2026,real_growth_pct,4.600598848633064
Baseline,3 Consumer markets,Consumer market (total),cons_mkt,2027,real_growth_pct,1.8304998297224095
Baseline,3 Consumer markets,Consumer market (total),cons_mkt,2028,real_growth_pct,2.7921405707186597
Baseline,3 Consumer markets,Consumer market (total),cons_mkt,2029,real_growth_pct,3.889427017811342
Baseline,3 Consumer markets,Consumer market (total),cons_mkt,2030,real_growth_pct,3.76815462625566
Baseline,3 Consumer markets,Paid services to households,serv_hh,2026,deflator,1.784980103705426
Baseline,3 Consumer markets,Paid services to households,serv_hh,2027,deflator,1.8656342682627398
Baseline,3 Consumer markets,Paid services to households,serv_hh,2028,deflator,1.9386303664885378
Baseline,3 Consumer markets,Paid services to households,serv_hh,2029,deflator,2.0114972406307334
Baseline,3 Consumer markets,Paid services to households,serv_hh,2030,deflator,2.082500992029977
Baseline,3 Consumer markets,Paid services to households,serv_hh,2026,deflator_growth_pct,4.244600960606637
Baseline,3 Consumer markets,Paid services to households,serv_hh,2027,deflator_growth_pct,4.518490956279253
Baseline,3 Consumer markets,Paid services to households,serv_hh,2028,deflator_growth_pct,3.9126692443193223
Baseline,3 Consumer markets,Paid services to households,serv_hh,2029,deflator_growth_pct,3.7586780544545118
Baseline,3 Consumer markets,Paid services to households,serv_hh,2030,deflator_growth_pct,3.52989554074552
Baseline,3 Consumer markets,Paid services to households,serv_hh,2026,nominal,15705.402625770565
Baseline,3 Consumer markets,Paid services to households,serv_hh,2027,nominal,16972.699182582965
Baseline,3 Consumer markets,Paid services to households,serv_hh,2028,nominal,18350.706776564624
Baseline,3 Consumer markets,Paid services to households,serv_hh,2029,nominal,20006.456932731733
Baseline,3 Consumer markets,Paid services to households,serv_hh,2030,nominal,21711.693146190082
Baseline,3 Consumer markets,Paid services to households,serv_hh,2026,nominal_growth_pct,5.005800917117842
Baseline,3 Consumer markets,Paid services to households,serv_hh,2027,nominal_growth_pct,8.06917585629372
Baseline,3 Consumer markets,Paid services to households,serv_hh,2028,nominal_growth_pct,8.118965517256926
Baseline,3 Consumer markets,Paid services to households,serv_hh,2029,nominal_growth_pct,9.022814087366049
Baseline,3 Consumer markets,Paid services to households,serv_hh,2030,nominal_growth_pct,8.52342930680785
Baseline,3 Consumer markets,Paid services to households,serv_hh,2026,real,8798.64296143573
Baseline,3 Consumer markets,Paid services to households,serv_hh,2027,real,9097.549005887298
Baseline,3 Consumer markets,Paid services to households,serv_hh,2028,real,9465.810034639795
Baseline,3 Consumer markets,Paid services to households,serv_hh,2029,real,9946.052387553078
Baseline,3 Consumer markets,Paid services to households,serv_hh,2030,real,10425.778056905507
Baseline,3 Consumer markets,Paid services to households,serv_hh,2026,real_growth_pct,0.7302056408646562
Baseline,3 Consumer markets,Paid services to households,serv_hh,2027,real_growth_pct,3.3971834720611715
Baseline,3 Consumer markets,Paid services to households,serv_hh,2028,real_growth_pct,4.047914757196525
Baseline,3 Consumer markets,Paid services to households,serv_hh,2029,real_growth_pct,5.073441693377045
Baseline,3 Consumer markets,Paid services to households,serv_hh,2030,real_growth_pct,4.823277122014535
Baseline,3 Consumer markets,Retail trade turnover,retail,2026,deflator,2.1364620891987163
Baseline,3 Consumer markets,Retail trade turnover,retail,2027,deflator,2.2710013657957155
Baseline,3 Consumer markets,Retail trade turnover,retail,2028,deflator,2.395690809263517
Baseline,3 Consumer markets,Retail trade turnover,retail,2029,deflator,2.522318964351901
Baseline,3 Consumer markets,Retail trade turnover,retail,2030,deflator,2.6479684805218624
Baseline,3 Consumer markets,Retail trade turnover,retail,2026,deflator_growth_pct,5.932366363876507
Baseline,3 Consumer markets,Retail trade turnover,retail,2027,deflator_growth_pct,6.297292953485467
Baseline,3 Consumer markets,Retail trade turnover,retail,2028,deflator_growth_pct,5.4905049968612785
Baseline,3 Consumer markets,Retail trade turnover,retail,2029,deflator_growth_pct,5.285663517126049
Baseline,3 Consumer markets,Retail trade turnover,retail,2030,deflator_growth_pct,4.981507808717867
Baseline,3 Consumer markets,Retail trade turnover,retail,2026,nominal,75832.30750087053
Baseline,3 Consumer markets,Retail trade turnover,retail,2027,nominal,81951.34974897973
Baseline,3 Consumer markets,Retail trade turnover,retail,2028,nominal,88604.95157600519
Baseline,3 Consumer markets,Retail trade turnover,retail,2029,nominal,96599.61162890265
Baseline,3 Consumer markets,Retail trade turnover,retail,2030,nominal,104833.21123674372
Baseline,3 Consumer markets,Retail trade turnover,retail,2026,nominal_growth_pct,12.115112238656934
Baseline,3 Consumer markets,Retail trade turnover,retail,2027,nominal_growth_pct,8.06917585626541
Baseline,3 Consumer markets,Retail trade turnover,retail,2028,nominal_growth_pct,8.118965517231501
Baseline,3 Consumer markets,Retail trade turnover,retail,2029,nominal_growth_pct,9.022814087359055
Baseline,3 Consumer markets,Retail trade turnover,retail,2030,nominal_growth_pct,8.523429306808495
Baseline,3 Consumer markets,Retail trade turnover,retail,2026,real,35494.33799188619
Baseline,3 Consumer markets,Retail trade turnover,retail,2027,real,36085.99756181368
Baseline,3 Consumer markets,Retail trade turnover,retail,2028,real,36985.13649315377
Baseline,3 Consumer markets,Retail trade turnover,retail,2029,real,38297.93653941127
Baseline,3 Consumer markets,Retail trade turnover,retail,2030,real,39590.052528149114
Baseline,3 Consumer markets,Retail trade turnover,retail,2026,real_growth_pct,5.836503126478609
Baseline,3 Consumer markets,Retail trade turnover,retail,2027,real_growth_pct,1.6669125370439186
Baseline,3 Consumer markets,Retail trade turnover,retail,2028,real_growth_pct,2.491656021978894
Baseline,3 Consumer markets,Retail trade turnover,retail,2029,real_growth_pct,3.5495341392088875
Baseline,3 Consumer markets,Retail trade turnover,retail,2030,real_growth_pct,3.373852759425211
Baseline,4 Investment market,Fixed investment (total),inv_tot,2026,deflator,1.6988971183775246
Baseline,4 Investment market,Fixed investment (total),inv_tot,2027,deflator,1.8029805584241883
Baseline,4 Investment market,Fixed investment (total),inv_tot,2028,deflator,1.8964134003062223
Baseline,4 Investment market,Fixed investment (total),inv_tot,2029,deflator,1.9901190285600963
Baseline,4 Investment market,Fixed investment (total),inv_tot,2030,deflator,2.0813181316171407
Baseline,4 Investment market,Fixed investment (total),inv_tot,2026,deflator_growth_pct,5.700250784724559
Baseline,4 Investment market,Fixed investment (total),inv_tot,2027,deflator_growth_pct,6.126529907006084
Baseline,4 Investment market,Fixed investment (total),inv_tot,2028,deflator_growth_pct,5.182132521922189
Baseline,4 Investment market,Fixed investment (total),inv_tot,2029,deflator_growth_pct,4.9412026005903
Baseline,4 Investment market,Fixed investment (total),inv_tot,2030,deflator_growth_pct,4.582595399986178
Baseline,4 Investment market,Fixed investment (total),inv_tot,2026,nominal,22697.803786475382
Baseline,4 Investment market,Fixed investment (total),inv_tot,2027,nominal,24387.04404743908
Baseline,4 Investment market,Fixed investment (total),inv_tot,2028,nominal,25976.911746830894
Baseline,4 Investment market,Fixed investment (total),inv_tot,2029,nominal,27922.06261190486
Baseline,4 Investment market,Fixed investment (total),inv_tot,2030,nominal,29666.690813718447
Baseline,4 Investment market,Fixed investment (total),inv_tot,2026,nominal_growth_pct,6.933462984134553
Baseline,4 Investment market,Fixed investment (total),inv_tot,2027,nominal_growth_pct,7.442307092152434
Baseline,4 Investment market,Fixed investment (total),inv_tot,2028,nominal_growth_pct,6.519312862596682
Baseline,4 Investment market,Fixed investment (total),inv_tot,2029,nominal_growth_pct,7.487998896986925
Baseline,4 Investment market,Fixed investment (total),inv_tot,2030,nominal_growth_pct,6.248206753428542
Baseline,4 Investment market,Fixed investment (total),inv_tot,2026,real,13360.31684376048
Baseline,4 Investment market,Fixed investment (total),inv_tot,2027,real,13525.960628634537
Baseline,4 Investment market,Fixed investment (total),inv_tot,2028,real,13697.916151950987
Baseline,4 Investment market,Fixed investment (total),inv_tot,2029,real,14030.348040090452
Baseline,4 Investment market,Fixed investment (total),inv_tot,2030,real,14253.799245321545
Baseline,4 Investment market,Fixed investment (total),inv_tot,2026,real_growth_pct,1.1667069758629411
Baseline,4 Investment market,Fixed investment (total),inv_tot,2027,real_growth_pct,1.2398192858084522
Baseline,4 Investment market,Fixed investment (total),inv_tot,2028,real_growth_pct,1.2712998953465782
Baseline,4 Investment market,Fixed investment (total),inv_tot,2029,real_growth_pct,2.426879274568461
Baseline,4 Investment market,Fixed investment (total),inv_tot,2030,real_growth_pct,1.5926276710499288
Baseline,4 Investment market,Non-oil investment,inv_non,2026,deflator,1.6988971183775246
Baseline,4 Investment market,Non-oil investment,inv_non,2027,deflator,1.8029805584241883
Baseline,4 Investment market,Non-oil investment,inv_non,2028,deflator,1.8964134003062223
Baseline,4 Investment market,Non-oil investment,inv_non,2029,deflator,1.9901190285600963
Baseline,4 Investment market,Non-oil investment,inv_non,2030,deflator,2.0813181316171407
Baseline,4 Investment market,Non-oil investment,inv_non,2026,deflator_growth_pct,5.700250784724559
Baseline,4 Investment market,Non-oil investment,inv_non,2027,deflator_growth_pct,6.126529907006084
Baseline,4 Investment market,Non-oil investment,inv_non,2028,deflator_growth_pct,5.182132521922189
Baseline,4 Investment market,Non-oil investment,inv_non,2029,deflator_growth_pct,4.9412026005903
Baseline,4 Investment market,Non-oil investment,inv_non,2030,deflator_growth_pct,4.582595399986178
Baseline,4 Investment market,Non-oil investment,inv_non,2026,nominal,17320.01176067662
Baseline,4 Investment market,Non-oil investment,inv_non,2027,nominal,18797.726173492905
Baseline,4 Investment market,Non-oil investment,inv_non,2028,nominal,20201.176161339834
Baseline,4 Investment market,Non-oil investment,inv_non,2029,nominal,21678.918397016307
Baseline,4 Investment market,Non-oil investment,inv_non,2030,nominal,23163.352528943313
Baseline,4 Investment market,Non-oil investment,inv_non,2026,nominal_growth_pct,9.023410625612183
Baseline,4 Investment market,Non-oil investment,inv_non,2027,nominal_growth_pct,8.531832617869739
Baseline,4 Investment market,Non-oil investment,inv_non,2028,nominal_growth_pct,7.466062516784433
Baseline,4 Investment market,Non-oil investment,inv_non,2029,nominal_growth_pct,7.315129692817157
Baseline,4 Investment market,Non-oil investment,inv_non,2030,nominal_growth_pct,6.847362514779842
Baseline,4 Investment market,Non-oil investment,inv_non,2026,real,10194.856164814457
Baseline,4 Investment market,Non-oil investment,inv_non,2027,real,10425.917287717282
Baseline,4 Investment market,Non-oil investment,inv_non,2028,real,10652.306168094921
Baseline,4 Investment market,Non-oil investment,inv_non,2029,real,10893.277279350259
Baseline,4 Investment market,Non-oil investment,inv_non,2030,real,11129.174428969141
Baseline,4 Investment market,Non-oil investment,inv_non,2026,real_growth_pct,3.1439469785703444
Baseline,4 Investment market,Non-oil investment,inv_non,2027,real_growth_pct,2.2664480907566675
Baseline,4 Investment market,Non-oil investment,inv_non,2028,real_growth_pct,2.17140491460015
Baseline,4 Investment market,Non-oil investment,inv_non,2029,real_growth_pct,2.2621496927780704
Baseline,4 Investment market,Non-oil investment,inv_non,2030,real_growth_pct,2.1655296525505463
Baseline,4 Investment market,Non-state investment,inv_priv,2026,deflator,1.6988971183775246
Baseline,4 Investment market,Non-state investment,inv_priv,2027,deflator,1.8029805584241883
Baseline,4 Investment market,Non-state investment,inv_priv,2028,deflator,1.8964134003062223
Baseline,4 Investment market,Non-state investment,inv_priv,2029,deflator,1.9901190285600963
Baseline,4 Investment market,Non-state investment,inv_priv,2030,deflator,2.0813181316171407
Baseline,4 Investment market,Non-state investment,inv_priv,2026,deflator_growth_pct,5.700250784724559
Baseline,4 Investment market,Non-state investment,inv_priv,2027,deflator_growth_pct,6.126529907006084
Baseline,4 Investment market,Non-state investment,inv_priv,2028,deflator_growth_pct,5.182132521922189
Baseline,4 Investment market,Non-state investment,inv_priv,2029,deflator_growth_pct,4.9412026005903
Baseline,4 Investment market,Non-state investment,inv_priv,2030,deflator_growth_pct,4.582595399986178
Baseline,4 Investment market,Non-state investment,inv_priv,2026,nominal,10351.123459795836
Baseline,4 Investment market,Non-state investment,inv_priv,2027,nominal,11087.394107448898
Baseline,4 Investment market,Non-state investment,inv_priv,2028,nominal,11778.223490595616
Baseline,4 Investment market,Non-state investment,inv_priv,2029,nominal,12798.284289150897
Baseline,4 Investment market,Non-state investment,inv_priv,2030,nominal,13612.598322860986
Baseline,4 Investment market,Non-state investment,inv_priv,2026,nominal_growth_pct,4.247387952725323
Baseline,4 Investment market,Non-state investment,inv_priv,2027,nominal_growth_pct,7.11295397560241
Baseline,4 Investment market,Non-state investment,inv_priv,2028,nominal_growth_pct,6.230764203489403
Baseline,4 Investment market,Non-state investment,inv_priv,2029,nominal_growth_pct,8.66056582616006
Baseline,4 Investment market,Non-state investment,inv_priv,2030,nominal_growth_pct,6.362681241581591
Baseline,4 Investment market,Non-state investment,inv_priv,2026,real,6092.848912288069
Baseline,4 Investment market,Non-state investment,inv_priv,2027,real,6149.480678338164
Baseline,4 Investment market,Non-state investment,inv_priv,2028,real,6210.789002384045
Baseline,4 Investment market,Non-state investment,inv_priv,2029,real,6430.913983276063
Baseline,4 Investment market,Non-state investment,inv_priv,2030,real,6540.373677657956
Baseline,4 Investment market,Non-state investment,inv_priv,2026,real_growth_pct,-1.3745121900970991
Baseline,4 Investment market,Non-state investment,inv_priv,2027,real_growth_pct,0.9294792446909339
Baseline,4 Investment market,Non-state investment,inv_priv,2028,real_growth_pct,0.9969675042941883
Baseline,4 Investment market,Non-state investment,inv_priv,2029,real_growth_pct,3.5442353750469113
Baseline,4 Investment market,Non-state investment,inv_priv,2030,real_growth_pct,1.7020861212970528
Baseline,4 Investment market,Oil and gas investment,inv_oil,2026,deflator,1.6988971183775246
Baseline,4 Investment market,Oil and gas investment,inv_oil,2027,deflator,1.8029805584241883
Baseline,4 Investment market,Oil and gas investment,inv_oil,2028,deflator,1.8964134003062223
Baseline,4 Investment market,Oil and gas investment,inv_oil,2029,deflator,1.9901190285600963
Baseline,4 Investment market,Oil and gas investment,inv_oil,2030,deflator,2.0813181316171407
Baseline,4 Investment market,Oil and gas investment,inv_oil,2026,deflator_growth_pct,5.700250784724559
Baseline,4 Investment market,Oil and gas investment,inv_oil,2027,deflator_growth_pct,6.126529907006084
Baseline,4 Investment market,Oil and gas investment,inv_oil,2028,deflator_growth_pct,5.182132521922189
Baseline,4 Investment market,Oil and gas investment,inv_oil,2029,deflator_growth_pct,4.9412026005903
Baseline,4 Investment market,Oil and gas investment,inv_oil,2030,deflator_growth_pct,4.582595399986178
Baseline,4 Investment market,Oil and gas investment,inv_oil,2026,nominal,5377.792025798761
Baseline,4 Investment market,Oil and gas investment,inv_oil,2027,nominal,5589.317873946178
Baseline,4 Investment market,Oil and gas investment,inv_oil,2028,nominal,5775.73558549106
Baseline,4 Investment market,Oil and gas investment,inv_oil,2029,nominal,6243.144214888554
Baseline,4 Investment market,Oil and gas investment,inv_oil,2030,nominal,6503.338284775135
Baseline,4 Investment market,Oil and gas investment,inv_oil,2026,nominal_growth_pct,0.7153920869766628
Baseline,4 Investment market,Oil and gas investment,inv_oil,2027,nominal_growth_pct,3.9333214659970084
Baseline,4 Investment market,Oil and gas investment,inv_oil,2028,nominal_growth_pct,3.33524977017039
Baseline,4 Investment market,Oil and gas investment,inv_oil,2029,nominal_growth_pct,8.092625129371367
Baseline,4 Investment market,Oil and gas investment,inv_oil,2030,nominal_growth_pct,4.1676767495787415
Baseline,4 Investment market,Oil and gas investment,inv_oil,2026,real,3165.460678946023
Baseline,4 Investment market,Oil and gas investment,inv_oil,2027,real,3100.0433409172547
Baseline,4 Investment market,Oil and gas investment,inv_oil,2028,real,3045.609983856066
Baseline,4 Investment market,Oil and gas investment,inv_oil,2029,real,3137.070760740193
Baseline,4 Investment market,Oil and gas investment,inv_oil,2030,real,3124.6248163524033
Baseline,4 Investment market,Oil and gas investment,inv_oil,2026,real_growth_pct,-4.716032990215258
Baseline,4 Investment market,Oil and gas investment,inv_oil,2027,real_growth_pct,-2.0665977140031933
Baseline,4 Investment market,Oil and gas investment,inv_oil,2028,real_growth_pct,-1.7558901949120131
Baseline,4 Investment market,Oil and gas investment,inv_oil,2029,real_growth_pct,3.003036415330107
Baseline,4 Investment market,Oil and gas investment,inv_oil,2030,real_growth_pct,-0.39673776388942095
Baseline,4 Investment market,State investment,inv_state,2026,deflator,1.6988971183775246
Baseline,4 Investment market,State investment,inv_state,2027,deflator,1.8029805584241883
Baseline,4 Investment market,State investment,inv_state,2028,deflator,1.8964134003062223
Baseline,4 Investment market,State investment,inv_state,2029,deflator,1.9901190285600963
Baseline,4 Investment market,State investment,inv_state,2030,deflator,2.0813181316171407
Baseline,4 Investment market,State investment,inv_state,2026,deflator_growth_pct,5.700250784724559
Baseline,4 Investment market,State investment,inv_state,2027,deflator_growth_pct,6.126529907006084
Baseline,4 Investment market,State investment,inv_state,2028,deflator_growth_pct,5.182132521922189
Baseline,4 Investment market,State investment,inv_state,2029,deflator_growth_pct,4.9412026005903
Baseline,4 Investment market,State investment,inv_state,2030,deflator_growth_pct,4.582595399986178
Baseline,4 Investment market,State investment,inv_state,2026,nominal,12346.680326679549
Baseline,4 Investment market,State investment,inv_state,2027,nominal,13299.649939990182
Baseline,4 Investment market,State investment,inv_state,2028,nominal,14198.688256235278
Baseline,4 Investment market,State investment,inv_state,2029,nominal,15123.77832275396
Baseline,4 Investment market,State investment,inv_state,2030,nominal,16054.092490857465
Baseline,4 Investment market,State investment,inv_state,2026,nominal_growth_pct,9.294643367572707
Baseline,4 Investment market,State investment,inv_state,2027,nominal_growth_pct,7.718427853448118
Baseline,4 Investment market,State investment,inv_state,2028,nominal_growth_pct,6.75986450998094
Baseline,4 Investment market,State investment,inv_state,2029,nominal_growth_pct,6.515320639654387
Baseline,4 Investment market,State investment,inv_state,2030,nominal_growth_pct,6.15133433094448
Baseline,4 Investment market,State investment,inv_state,2026,real,7267.467931472412
Baseline,4 Investment market,State investment,inv_state,2027,real,7376.479950296372
Baseline,4 Investment market,State investment,inv_state,2028,real,7487.1271495669425
Baseline,4 Investment market,State investment,inv_state,2029,real,7599.434056814388
Baseline,4 Investment market,State investment,inv_state,2030,real,7713.425567663589
Baseline,4 Investment market,State investment,inv_state,2026,real_growth_pct,3.4005525589231755
Baseline,4 Investment market,State investment,inv_state,2027,real_growth_pct,1.4999999979617984
Baseline,4 Investment market,State investment,inv_state,2028,real_growth_pct,1.5000000002185931
Baseline,4 Investment market,State investment,inv_state,2029,real_growth_pct,1.500000000052637
Baseline,4 Investment market,State investment,inv_state,2030,real_growth_pct,1.499999999960333
Baseline,5 Labour market,Average monthly wage,wage,2026,deflator,2.0314456064466273
Baseline,5 Labour market,Average monthly wage,wage,2027,deflator,2.155902729070141
Baseline,5 Labour market,Average monthly wage,wage,2028,deflator,2.267624465534293
Baseline,5 Labour market,Average monthly wage,wage,2029,deflator,2.3796723845968955
Baseline,5 Labour market,Average monthly wage,wage,2030,deflator,2.488723141828174
Baseline,5 Labour market,Average monthly wage,wage,2026,deflator_growth_pct,5.700250784724559
Baseline,5 Labour market,Average monthly wage,wage,2027,deflator_growth_pct,6.126529907006084
Baseline,5 Labour market,Average monthly wage,wage,2028,deflator_growth_pct,5.182132521922211
Baseline,5 Labour market,Average monthly wage,wage,2029,deflator_growth_pct,4.9412026005903
Baseline,5 Labour market,Average monthly wage,wage,2030,deflator_growth_pct,4.582595399986156
Baseline,5 Labour market,Average monthly wage,wage,2026,nominal,1131.3262426835304
Baseline,5 Labour market,Average monthly wage,wage,2027,nominal,1221.3137461872275
Baseline,5 Labour market,Average monthly wage,wage,2028,nominal,1308.1378676767417
Baseline,5 Labour market,Average monthly wage,wage,2029,nominal,1404.9848206604186
Baseline,5 Labour market,Average monthly wage,wage,2030,nominal,1500.7250352991705
Baseline,5 Labour market,Average monthly wage,wage,2026,nominal_growth_pct,2.577408893238764
Baseline,5 Labour market,Average monthly wage,wage,2027,nominal_growth_pct,7.954160356984619
Baseline,5 Labour market,Average monthly wage,wage,2028,nominal_growth_pct,7.109075924230535
Baseline,5 Labour market,Average monthly wage,wage,2029,nominal_growth_pct,7.403420952539008
Baseline,5 Labour market,Average monthly wage,wage,2030,nominal_growth_pct,6.814323772818343
Baseline,5 Labour market,Average monthly wage,wage,2026,real,556.9069824431226
Baseline,5 Labour market,Average monthly wage,wage,2027,real,566.4976112878666
Baseline,5 Labour market,Average monthly wage,wage,2028,real,576.8758837978585
Baseline,5 Labour market,Average monthly wage,wage,2029,real,590.411028742688
Baseline,5 Labour market,Average monthly wage,wage,2030,real,603.0100375876938
Baseline,5 Labour market,Average monthly wage,wage,2026,real_growth_pct,-2.954431865867513
Baseline,5 Labour market,Average monthly wage,wage,2027,real_growth_pct,1.7221240076161992
Baseline,5 Labour market,Average monthly wage,wage,2028,real_growth_pct,1.8320064027098182
Baseline,5 Labour market,Average monthly wage,wage,2029,real_growth_pct,2.3462837197701925
Baseline,5 Labour market,Average monthly wage,wage,2030,real_growth_pct,2.1339386006789196
Baseline,5 Labour market,Employment,emp,2026,deflator,1.0
Baseline,5 Labour market,Employment,emp,2027,deflator,1.0
Baseline,5 Labour market,Employment,emp,2028,deflator,1.0
Baseline,5 Labour market,Employment,emp,2029,deflator,1.0
Baseline,5 Labour market,Employment,emp,2030,deflator,1.0
Baseline,5 Labour market,Employment,emp,2026,deflator_growth_pct,0.0
Baseline,5 Labour market,Employment,emp,2027,deflator_growth_pct,0.0
Baseline,5 Labour market,Employment,emp,2028,deflator_growth_pct,0.0
Baseline,5 Labour market,Employment,emp,2029,deflator_growth_pct,0.0
Baseline,5 Labour market,Employment,emp,2030,deflator_growth_pct,0.0
Baseline,5 Labour market,Employment,emp,2026,nominal,5132.487080415165
Baseline,5 Labour market,Employment,emp,2027,nominal,5166.931178950872
Baseline,5 Labour market,Employment,emp,2028,nominal,5200.776486128358
Baseline,5 Labour market,Employment,emp,2029,nominal,5235.641107673009
Baseline,5 Labour market,Employment,emp,2030,nominal,5269.884482192265
Baseline,5 Labour market,Employment,emp,2026,nominal_growth_pct,0.5344958163277624
Baseline,5 Labour market,Employment,emp,2027,nominal_growth_pct,0.6710995662734476
Baseline,5 Labour market,Employment,emp,2028,nominal_growth_pct,0.65503692627773
Baseline,5 Labour market,Employment,emp,2029,nominal_growth_pct,0.6703733882362339
Baseline,5 Labour market,Employment,emp,2030,nominal_growth_pct,0.6540435796691835
Baseline,5 Labour market,Employment,emp,2026,real,5132.487080415165
Baseline,5 Labour market,Employment,emp,2027,real,5166.931178950872
Baseline,5 Labour market,Employment,emp,2028,real,5200.776486128358
Baseline,5 Labour market,Employment,emp,2029,real,5235.641107673009
Baseline,5 Labour market,Employment,emp,2030,real,5269.884482192265
Baseline,5 Labour market,Employment,emp,2026,real_growth_pct,0.5344958163277624
Baseline,5 Labour market,Employment,emp,2027,real_growth_pct,0.6710995662734476
Baseline,5 Labour market,Employment,emp,2028,real_growth_pct,0.65503692627773
Baseline,5 Labour market,Employment,emp,2029,real_growth_pct,0.6703733882362339
Baseline,5 Labour market,Employment,emp,2030,real_growth_pct,0.6540435796691835
Baseline,5 Labour market,Labour force,lf,2026,deflator,1.0
Baseline,5 Labour market,Labour force,lf,2027,deflator,1.0
Baseline,5 Labour market,Labour force,lf,2028,deflator,1.0
Baseline,5 Labour market,Labour force,lf,2029,deflator,1.0
Baseline,5 Labour market,Labour force,lf,2030,deflator,1.0
Baseline,5 Labour market,Labour force,lf,2026,deflator_growth_pct,0.0
Baseline,5 Labour market,Labour force,lf,2027,deflator_growth_pct,0.0
Baseline,5 Labour market,Labour force,lf,2028,deflator_growth_pct,0.0
Baseline,5 Labour market,Labour force,lf,2029,deflator_growth_pct,0.0
Baseline,5 Labour market,Labour force,lf,2030,deflator_growth_pct,0.0
Baseline,5 Labour market,Labour force,lf,2026,nominal,5412.755831789662
Baseline,5 Labour market,Labour force,lf,2027,nominal,5441.362051626578
Baseline,5 Labour market,Labour force,lf,2028,nominal,5470.119454306174
Baseline,5 Labour market,Labour force,lf,2029,nominal,5499.028838824326
Baseline,5 Labour market,Labour force,lf,2030,nominal,5528.091008399588
Baseline,5 Labour market,Labour force,lf,2026,nominal_growth_pct,0.5284964023115624
Baseline,5 Labour market,Labour force,lf,2027,nominal_growth_pct,0.5284964023115402
Baseline,5 Labour market,Labour force,lf,2028,nominal_growth_pct,0.5284964023116068
Baseline,5 Labour market,Labour force,lf,2029,nominal_growth_pct,0.5284964023115402
Baseline,5 Labour market,Labour force,lf,2030,nominal_growth_pct,0.5284964023115624
Baseline,5 Labour market,Labour force,lf,2026,real,5412.755831789662
Baseline,5 Labour market,Labour force,lf,2027,real,5441.362051626578
Baseline,5 Labour market,Labour force,lf,2028,real,5470.119454306174
Baseline,5 Labour market,Labour force,lf,2029,real,5499.028838824326
Baseline,5 Labour market,Labour force,lf,2030,real,5528.091008399588
Baseline,5 Labour market,Labour force,lf,2026,real_growth_pct,0.5284964023115624
Baseline,5 Labour market,Labour force,lf,2027,real_growth_pct,0.5284964023115402
Baseline,5 Labour market,Labour force,lf,2028,real_growth_pct,0.5284964023116068
Baseline,5 Labour market,Labour force,lf,2029,real_growth_pct,0.5284964023115402
Baseline,5 Labour market,Labour force,lf,2030,real_growth_pct,0.5284964023115624
Baseline,5 Labour market,Total wage bill,wagebill,2026,deflator,2.0314456064466273
Baseline,5 Labour market,Total wage bill,wagebill,2027,deflator,2.155902729070141
Baseline,5 Labour market,Total wage bill,wagebill,2028,deflator,2.267624465534293
Baseline,5 Labour market,Total wage bill,wagebill,2029,deflator,2.3796723845968955
Baseline,5 Labour market,Total wage bill,wagebill,2030,deflator,2.488723141828174
Baseline,5 Labour market,Total wage bill,wagebill,2026,deflator_growth_pct,5.700250784724559
Baseline,5 Labour market,Total wage bill,wagebill,2027,deflator_growth_pct,6.126529907006084
Baseline,5 Labour market,Total wage bill,wagebill,2028,deflator_growth_pct,5.182132521922211
Baseline,5 Labour market,Total wage bill,wagebill,2029,deflator_growth_pct,4.9412026005903
Baseline,5 Labour market,Total wage bill,wagebill,2030,deflator_growth_pct,4.582595399986156
Baseline,5 Labour market,Total wage bill,wagebill,2026,nominal,69678.20789169421
Baseline,5 Labour market,Total wage bill,wagebill,2027,nominal,75725.32889347292
Baseline,5 Labour market,Total wage bill,wagebill,2028,nominal,81639.99195392746
Baseline,5 Labour market,Total wage bill,wagebill,2029,nominal,88271.95539247534
Baseline,5 Labour market,Total wage bill,wagebill,2030,nominal,94903.77090672645
Baseline,5 Labour market,Total wage bill,wagebill,2026,nominal_growth_pct,3.1256808522705404
Baseline,5 Labour market,Total wage bill,wagebill,2027,nominal_growth_pct,8.678640258914495
Baseline,5 Labour market,Total wage bill,wagebill,2028,nominal_growth_pct,7.81067992292912
Baseline,5 Labour market,Total wage bill,wagebill,2029,nominal_growth_pct,8.123424904660158
Baseline,5 Labour market,Total wage bill,wagebill,2030,nominal_growth_pct,7.512935999621506
Baseline,5 Labour market,Total wage bill,wagebill,2026,real,34299.81470858786
Baseline,5 Labour market,Total wage bill,wagebill,2027,real,35124.65004677363
Baseline,5 Labour market,Total wage bill,wagebill,2028,real,36002.43038244501
Baseline,5 Labour market,Total wage bill,wagebill,2029,real,37094.16303010474
Baseline,5 Labour market,Total wage bill,wagebill,2030,real,38133.51887627474
Baseline,5 Labour market,Total wage bill,wagebill,2026,real_growth_pct,-2.435727364259088
Baseline,5 Labour market,Total wage bill,wagebill,2027,real_growth_pct,2.4047807406354815
Baseline,5 Labour market,Total wage bill,wagebill,2028,real_growth_pct,2.4990436474170874
Baseline,5 Labour market,Total wage bill,wagebill,2029,real_growth_pct,3.0323859696762767
Baseline,5 Labour market,Total wage bill,wagebill,2030,real_growth_pct,2.8019390687599177
Baseline,5 Labour market,Unemployment rate,unemp,2026,nominal,5.177930800581285
Baseline,5 Labour market,Unemployment rate,unemp,2027,nominal,5.043422401817045
Baseline,5 Labour market,Unemployment rate,unemp,2028,nominal,4.923895546116186
Baseline,5 Labour market,Unemployment rate,unemp,2029,nominal,4.78971358163723
Baseline,5 Labour market,Unemployment rate,unemp,2030,nominal,4.670808165332191
Baseline,5 Labour market,Unemployment rate,unemp,2026,nominal_growth_pct,-0.4244076811291464
Baseline,5 Labour market,Unemployment rate,unemp,2027,nominal_growth_pct,-2.5977249203318786
Baseline,5 Labour market,Unemployment rate,unemp,2028,nominal_growth_pct,-2.3699552838920668
Baseline,5 Labour market,Unemployment rate,unemp,2029,nominal_growth_pct,-2.7251180132120134
Baseline,5 Labour market,Unemployment rate,unemp,2030,nominal_growth_pct,-2.48251621476695
Baseline,5 Labour market,Unemployment rate,unemp,2026,real,5.177930800581285
Baseline,5 Labour market,Unemployment rate,unemp,2027,real,5.043422401817045
Baseline,5 Labour market,Unemployment rate,unemp,2028,real,4.923895546116186
Baseline,5 Labour market,Unemployment rate,unemp,2029,real,4.78971358163723
Baseline,5 Labour market,Unemployment rate,unemp,2030,real,4.670808165332191
Baseline,5 Labour market,Unemployment rate,unemp,2026,real_growth_pct,-0.4244076811291464
Baseline,5 Labour market,Unemployment rate,unemp,2027,real_growth_pct,-2.5977249203318786
Baseline,5 Labour market,Unemployment rate,unemp,2028,real_growth_pct,-2.3699552838920668
Baseline,5 Labour market,Unemployment rate,unemp,2029,real_growth_pct,-2.7251180132120134
Baseline,5 Labour market,Unemployment rate,unemp,2030,real_growth_pct,-2.48251621476695
Baseline,6 Credit and deposits,Average lending rate,lendrate,2026,nominal,15.116486511631376
Baseline,6 Credit and deposits,Average lending rate,lendrate,2027,nominal,14.836017293888833
Baseline,6 Credit and deposits,Average lending rate,lendrate,2028,nominal,14.555548076146287
Baseline,6 Credit and deposits,Average lending rate,lendrate,2029,nominal,14.555548076146287
Baseline,6 Credit and deposits,Average lending rate,lendrate,2030,nominal,14.555548076146287
Baseline,6 Credit and deposits,Average lending rate,lendrate,2026,nominal_growth_pct,-1.4294156486638565
Baseline,6 Credit and deposits,Average lending rate,lendrate,2027,nominal_growth_pct,-1.855386286533811
Baseline,6 Credit and deposits,Average lending rate,lendrate,2028,nominal_growth_pct,-1.8904616527919194
Baseline,6 Credit and deposits,Average lending rate,lendrate,2029,nominal_growth_pct,0.0
Baseline,6 Credit and deposits,Average lending rate,lendrate,2030,nominal_growth_pct,0.0
Baseline,6 Credit and deposits,Average lending rate,lendrate,2026,real,15.116486511631376
Baseline,6 Credit and deposits,Average lending rate,lendrate,2027,real,14.836017293888833
Baseline,6 Credit and deposits,Average lending rate,lendrate,2028,real,14.555548076146287
Baseline,6 Credit and deposits,Average lending rate,lendrate,2029,real,14.555548076146287
Baseline,6 Credit and deposits,Average lending rate,lendrate,2030,real,14.555548076146287
Baseline,6 Credit and deposits,Average lending rate,lendrate,2026,real_growth_pct,-1.4294156486638565
Baseline,6 Credit and deposits,Average lending rate,lendrate,2027,real_growth_pct,-1.855386286533811
Baseline,6 Credit and deposits,Average lending rate,lendrate,2028,real_growth_pct,-1.8904616527919194
Baseline,6 Credit and deposits,Average lending rate,lendrate,2029,real_growth_pct,0.0
Baseline,6 Credit and deposits,Average lending rate,lendrate,2030,real_growth_pct,0.0
Baseline,6 Credit and deposits,Credit to the economy,cred_tot,2026,deflator,2.1643313671365925
Baseline,6 Credit and deposits,Credit to the economy,cred_tot,2027,deflator,2.2787651669675455
Baseline,6 Credit and deposits,Credit to the economy,cred_tot,2028,deflator,2.393080127282235
Baseline,6 Credit and deposits,Credit to the economy,cred_tot,2029,deflator,2.5193584455106777
Baseline,6 Credit and deposits,Credit to the economy,cred_tot,2030,deflator,2.6530426600107773
Baseline,6 Credit and deposits,Credit to the economy,cred_tot,2026,deflator_growth_pct,4.510047061238809
Baseline,6 Credit and deposits,Credit to the economy,cred_tot,2027,deflator_growth_pct,5.287258761228819
Baseline,6 Credit and deposits,Credit to the economy,cred_tot,2028,deflator_growth_pct,5.016530969130684
Baseline,6 Credit and deposits,Credit to the economy,cred_tot,2029,deflator_growth_pct,5.276811118391356
Baseline,6 Credit and deposits,Credit to the economy,cred_tot,2030,deflator_growth_pct,5.306280046744272
Baseline,6 Credit and deposits,Credit to the economy,cred_tot,2026,nominal,33834.38220819984
Baseline,6 Credit and deposits,Credit to the economy,cred_tot,2027,nominal,37044.045096224574
Baseline,6 Credit and deposits,Credit to the economy,cred_tot,2028,nominal,40346.097774676746
Baseline,6 Credit and deposits,Credit to the economy,cred_tot,2029,nominal,43704.47411494671
Baseline,6 Credit and deposits,Credit to the economy,cred_tot,2030,nominal,47218.801473122236
Baseline,6 Credit and deposits,Credit to the economy,cred_tot,2026,nominal_growth_pct,5.9087135699742666
Baseline,6 Credit and deposits,Credit to the economy,cred_tot,2027,nominal_growth_pct,9.48639424912232
Baseline,6 Credit and deposits,Credit to the economy,cred_tot,2028,nominal_growth_pct,8.913855573479768
Baseline,6 Credit and deposits,Credit to the economy,cred_tot,2029,nominal_growth_pct,8.323918608004387
Baseline,6 Credit and deposits,Credit to the economy,cred_tot,2030,nominal_growth_pct,8.041115765247575
Baseline,6 Credit and deposits,Credit to the economy,cred_tot,2026,real,15632.718132696418
Baseline,6 Credit and deposits,Credit to the economy,cred_tot,2027,real,16256.19244721067
Baseline,6 Credit and deposits,Credit to the economy,cred_tot,2028,real,16859.48469284932
Baseline,6 Credit and deposits,Credit to the economy,cred_tot,2029,real,17347.461689234835
Baseline,6 Credit and deposits,Credit to the economy,cred_tot,2030,real,17797.98047911164
Baseline,6 Credit and deposits,Credit to the economy,cred_tot,2026,real_growth_pct,1.3383081799933416
Baseline,6 Credit and deposits,Credit to the economy,cred_tot,2027,real_growth_pct,3.988265567267102
Baseline,6 Credit and deposits,Credit to the economy,cred_tot,2028,real_growth_pct,3.7111534425896098
Baseline,6 Credit and deposits,Credit to the economy,cred_tot,2029,real_growth_pct,2.8943766981945895
Baseline,6 Credit and deposits,Credit to the economy,cred_tot,2030,real_growth_pct,2.5970300321019213
Baseline,6 Credit and deposits,Deposits,dep_tot,2026,deflator,2.1643313671365925
Baseline,6 Credit and deposits,Deposits,dep_tot,2027,deflator,2.2787651669675455
Baseline,6 Credit and deposits,Deposits,dep_tot,2028,deflator,2.393080127282235
Baseline,6 Credit and deposits,Deposits,dep_tot,2029,deflator,2.5193584455106777
Baseline,6 Credit and deposits,Deposits,dep_tot,2030,deflator,2.6530426600107773
Baseline,6 Credit and deposits,Deposits,dep_tot,2026,deflator_growth_pct,4.510047061238809
Baseline,6 Credit and deposits,Deposits,dep_tot,2027,deflator_growth_pct,5.287258761228819
Baseline,6 Credit and deposits,Deposits,dep_tot,2028,deflator_growth_pct,5.016530969130684
Baseline,6 Credit and deposits,Deposits,dep_tot,2029,deflator_growth_pct,5.276811118391356
Baseline,6 Credit and deposits,Deposits,dep_tot,2030,deflator_growth_pct,5.306280046744272
Baseline,6 Credit and deposits,Deposits,dep_tot,2026,nominal,43819.21738387809
Baseline,6 Credit and deposits,Deposits,dep_tot,2027,nominal,48734.736314119116
Baseline,6 Credit and deposits,Deposits,dep_tot,2028,nominal,53783.75374388488
Baseline,6 Credit and deposits,Deposits,dep_tot,2029,nominal,59837.276206483075
Baseline,6 Credit and deposits,Deposits,dep_tot,2030,nominal,66218.75851748712
Baseline,6 Credit and deposits,Deposits,dep_tot,2026,nominal_growth_pct,5.015731306538096
Baseline,6 Credit and deposits,Deposits,dep_tot,2027,nominal_growth_pct,11.217724148696329
Baseline,6 Credit and deposits,Deposits,dep_tot,2028,nominal_growth_pct,10.360202622668124
Baseline,6 Credit and deposits,Deposits,dep_tot,2029,nominal_growth_pct,11.255299307342348
Baseline,6 Credit and deposits,Deposits,dep_tot,2030,nominal_growth_pct,10.664727266300012
Baseline,6 Credit and deposits,Deposits,dep_tot,2026,real,20246.07601647009
Baseline,6 Credit and deposits,Deposits,dep_tot,2027,real,21386.467118493216
Baseline,6 Credit and deposits,Deposits,dep_tot,2028,real,22474.69824797126
Baseline,6 Credit and deposits,Deposits,dep_tot,2029,real,23750.997526020547
Baseline,6 Credit and deposits,Deposits,dep_tot,2030,real,24959.552861927263
Baseline,6 Credit and deposits,Deposits,dep_tot,2026,real_growth_pct,0.483861848232614
Baseline,6 Credit and deposits,Deposits,dep_tot,2027,real_growth_pct,5.6326524759436
Baseline,6 Credit and deposits,Deposits,dep_tot,2028,real_growth_pct,5.088409990526355
Baseline,6 Credit and deposits,Deposits,dep_tot,2029,real_growth_pct,5.678827203673342
Baseline,6 Credit and deposits,Deposits,dep_tot,2030,real_growth_pct,5.088440325854426
Baseline,6 Credit and deposits,Household credit,cred_hh,2026,deflator,2.1643313671365925
Baseline,6 Credit and deposits,Household credit,cred_hh,2027,deflator,2.2787651669675455
Baseline,6 Credit and deposits,Household credit,cred_hh,2028,deflator,2.393080127282235
Baseline,6 Credit and deposits,Household credit,cred_hh,2029,deflator,2.5193584455106777
Baseline,6 Credit and deposits,Household credit,cred_hh,2030,deflator,2.6530426600107773
Baseline,6 Credit and deposits,Household credit,cred_hh,2026,deflator_growth_pct,4.510047061238809
Baseline,6 Credit and deposits,Household credit,cred_hh,2027,deflator_growth_pct,5.287258761228819
Baseline,6 Credit and deposits,Household credit,cred_hh,2028,deflator_growth_pct,5.016530969130684
Baseline,6 Credit and deposits,Household credit,cred_hh,2029,deflator_growth_pct,5.276811118391356
Baseline,6 Credit and deposits,Household credit,cred_hh,2030,deflator_growth_pct,5.306280046744272
Baseline,6 Credit and deposits,Household credit,cred_hh,2026,nominal,19957.89406301095
Baseline,6 Credit and deposits,Household credit,cred_hh,2027,nominal,22459.197792436033
Baseline,6 Credit and deposits,Household credit,cred_hh,2028,nominal,25095.897317799103
Baseline,6 Credit and deposits,Household credit,cred_hh,2029,nominal,28139.18633589161
Baseline,6 Credit and deposits,Household credit,cred_hh,2030,nominal,31368.807230074224
Baseline,6 Credit and deposits,Household credit,cred_hh,2026,nominal_growth_pct,4.749906006004223
Baseline,6 Credit and deposits,Household credit,cred_hh,2027,nominal_growth_pct,12.532904130706267
Baseline,6 Credit and deposits,Household credit,cred_hh,2028,nominal_growth_pct,11.739954159231258
Baseline,6 Credit and deposits,Household credit,cred_hh,2029,nominal_growth_pct,12.126639583969268
Baseline,6 Credit and deposits,Household credit,cred_hh,2030,nominal_growth_pct,11.477307323784359
Baseline,6 Credit and deposits,Household credit,cred_hh,2026,real,9221.274692985306
Baseline,6 Credit and deposits,Household credit,cred_hh,2027,real,9855.863218377825
Baseline,6 Credit and deposits,Household credit,cred_hh,2028,real,10486.860440523538
Baseline,6 Credit and deposits,Household credit,cred_hh,2029,real,11169.187292913277
Baseline,6 Credit and deposits,Household credit,cred_hh,2030,real,11823.710075565388
Baseline,6 Credit and deposits,Household credit,cred_hh,2026,real_growth_pct,0.2295080248359671
Baseline,6 Credit and deposits,Household credit,cred_hh,2027,real_growth_pct,6.8817874591162065
Baseline,6 Credit and deposits,Household credit,cred_hh,2028,real_growth_pct,6.402252224534921
Baseline,6 Credit and deposits,Household credit,cred_hh,2029,real_growth_pct,6.506493113545009
Baseline,6 Credit and deposits,Household credit,cred_hh,2030,real_growth_pct,5.860075272149823
Baseline,7 External market,Non-oil goods exports,x_non,2026,deflator,2.1643313671365925
Baseline,7 External market,Non-oil goods exports,x_non,2027,deflator,2.2787651669675455
Baseline,7 External market,Non-oil goods exports,x_non,2028,deflator,2.393080127282235
Baseline,7 External market,Non-oil goods exports,x_non,2029,deflator,2.5193584455106777
Baseline,7 External market,Non-oil goods exports,x_non,2030,deflator,2.6530426600107773
Baseline,7 External market,Non-oil goods exports,x_non,2026,deflator_growth_pct,4.510047061238809
Baseline,7 External market,Non-oil goods exports,x_non,2027,deflator_growth_pct,5.287258761228819
Baseline,7 External market,Non-oil goods exports,x_non,2028,deflator_growth_pct,5.016530969130684
Baseline,7 External market,Non-oil goods exports,x_non,2029,deflator_growth_pct,5.276811118391356
Baseline,7 External market,Non-oil goods exports,x_non,2030,deflator_growth_pct,5.306280046744272
Baseline,7 External market,Non-oil goods exports,x_non,2026,nominal,6621.374166111729
Baseline,7 External market,Non-oil goods exports,x_non,2027,nominal,7699.90014776424
Baseline,7 External market,Non-oil goods exports,x_non,2028,nominal,8893.491323535587
Baseline,7 External market,Non-oil goods exports,x_non,2029,nominal,10291.70495117337
Baseline,7 External market,Non-oil goods exports,x_non,2030,nominal,11890.30938374348
Baseline,7 External market,Non-oil goods exports,x_non,2026,nominal_growth_pct,12.262010968328617
Baseline,7 External market,Non-oil goods exports,x_non,2027,nominal_growth_pct,16.288552113131118
Baseline,7 External market,Non-oil goods exports,x_non,2028,nominal_growth_pct,15.501385120142386
Baseline,7 External market,Non-oil goods exports,x_non,2029,nominal_growth_pct,15.721762992420917
Baseline,7 External market,Non-oil goods exports,x_non,2030,nominal_growth_pct,15.532940753299119
Baseline,7 External market,Non-oil goods exports,x_non,2026,real,3059.3162704432816
Baseline,7 External market,Non-oil goods exports,x_non,2027,real,3378.979220579732
Baseline,7 External market,Non-oil goods exports,x_non,2028,real,3716.336624982013
Baseline,7 External market,Non-oil goods exports,x_non,2029,real,4085.0498941555834
Baseline,7 External market,Non-oil goods exports,x_non,2030,real,4481.7633590917
Baseline,7 External market,Non-oil goods exports,x_non,2026,real_growth_pct,7.417434136784418
Baseline,7 External market,Non-oil goods exports,x_non,2027,real_growth_pct,10.448836337216383
Baseline,7 External market,Non-oil goods exports,x_non,2028,real_growth_pct,9.984003522353714
Baseline,7 External market,Non-oil goods exports,x_non,2029,real_growth_pct,9.921417416683976
Baseline,7 External market,Non-oil goods exports,x_non,2030,real_growth_pct,9.711349315553974
Baseline,7 External market,Non-oil goods imports,m_non,2026,deflator,2.1643313671365925
Baseline,7 External market,Non-oil goods imports,m_non,2027,deflator,2.2787651669675455
Baseline,7 External market,Non-oil goods imports,m_non,2028,deflator,2.393080127282235
Baseline,7 External market,Non-oil goods imports,m_non,2029,deflator,2.5193584455106777
Baseline,7 External market,Non-oil goods imports,m_non,2030,deflator,2.6530426600107773
Baseline,7 External market,Non-oil goods imports,m_non,2026,deflator_growth_pct,4.510047061238809
Baseline,7 External market,Non-oil goods imports,m_non,2027,deflator_growth_pct,5.287258761228819
Baseline,7 External market,Non-oil goods imports,m_non,2028,deflator_growth_pct,5.016530969130684
Baseline,7 External market,Non-oil goods imports,m_non,2029,deflator_growth_pct,5.276811118391356
Baseline,7 External market,Non-oil goods imports,m_non,2030,deflator_growth_pct,5.306280046744272
Baseline,7 External market,Non-oil goods imports,m_non,2026,nominal,27947.40022136167
Baseline,7 External market,Non-oil goods imports,m_non,2027,nominal,29612.885404415014
Baseline,7 External market,Non-oil goods imports,m_non,2028,nominal,31626.452291688172
Baseline,7 External market,Non-oil goods imports,m_non,2029,nominal,34218.466355152086
Baseline,7 External market,Non-oil goods imports,m_non,2030,nominal,36985.47368153064
Baseline,7 External market,Non-oil goods imports,m_non,2026,nominal_growth_pct,8.37177530381188
Baseline,7 External market,Non-oil goods imports,m_non,2027,nominal_growth_pct,5.959356397595528
Baseline,7 External market,Non-oil goods imports,m_non,2028,nominal_growth_pct,6.799630835612369
Baseline,7 External market,Non-oil goods imports,m_non,2029,nominal_growth_pct,8.195715534445602
Baseline,7 External market,Non-oil goods imports,m_non,2030,nominal_growth_pct,8.086298484741828
Baseline,7 External market,Non-oil goods imports,m_non,2026,real,12912.717823951349
Baseline,7 External market,Non-oil goods imports,m_non,2027,real,12995.145719127435
Baseline,7 External market,Non-oil goods imports,m_non,2028,real,13215.793291303453
Baseline,7 External market,Non-oil goods imports,m_non,2029,real,13582.214319731685
Baseline,7 External market,Non-oil goods imports,m_non,2030,real,13940.776090415522
Baseline,7 External market,Non-oil goods imports,m_non,2026,real_growth_pct,3.695078464858259
Baseline,7 External market,Non-oil goods imports,m_non,2027,real_growth_pct,0.6383465998396787
Baseline,7 External market,Non-oil goods imports,m_non,2028,real_growth_pct,1.6979230317613725
Baseline,7 External market,Non-oil goods imports,m_non,2029,real_growth_pct,2.772599573491763
Baseline,7 External market,Non-oil goods imports,m_non,2030,real_growth_pct,2.6399360387277415
Baseline,7 External market,Oil and gas exports,x_oil,2026,deflator,2.1643313671365925
Baseline,7 External market,Oil and gas exports,x_oil,2027,deflator,2.2787651669675455
Baseline,7 External market,Oil and gas exports,x_oil,2028,deflator,2.393080127282235
Baseline,7 External market,Oil and gas exports,x_oil,2029,deflator,2.5193584455106777
Baseline,7 External market,Oil and gas exports,x_oil,2030,deflator,2.6530426600107773
Baseline,7 External market,Oil and gas exports,x_oil,2026,deflator_growth_pct,4.510047061238809
Baseline,7 External market,Oil and gas exports,x_oil,2027,deflator_growth_pct,5.287258761228819
Baseline,7 External market,Oil and gas exports,x_oil,2028,deflator_growth_pct,5.016530969130684
Baseline,7 External market,Oil and gas exports,x_oil,2029,deflator_growth_pct,5.276811118391356
Baseline,7 External market,Oil and gas exports,x_oil,2030,deflator_growth_pct,5.306280046744272
Baseline,7 External market,Oil and gas exports,x_oil,2026,nominal,33551.33507646062
Baseline,7 External market,Oil and gas exports,x_oil,2027,nominal,31728.619161139144
Baseline,7 External market,Oil and gas exports,x_oil,2028,nominal,29900.154415172397
Baseline,7 External market,Oil and gas exports,x_oil,2029,nominal,30782.645372561412
Baseline,7 External market,Oil and gas exports,x_oil,2030,nominal,30803.094412928534
Baseline,7 External market,Oil and gas exports,x_oil,2026,nominal_growth_pct,-4.21751148457531
Baseline,7 External market,Oil and gas exports,x_oil,2027,nominal_growth_pct,-5.432618139241452
Baseline,7 External market,Oil and gas exports,x_oil,2028,nominal_growth_pct,-5.762824838612046
Baseline,7 External market,Oil and gas exports,x_oil,2029,nominal_growth_pct,2.9514595313969494
Baseline,7 External market,Oil and gas exports,x_oil,2030,nominal_growth_pct,0.06643041921714499
Baseline,7 External market,Oil and gas exports,x_oil,2026,real,15501.940038344957
Baseline,7 External market,Oil and gas exports,x_oil,2027,real,13923.601967008226
Baseline,7 External market,Oil and gas exports,x_oil,2028,real,12494.422595506363
Baseline,7 External market,Oil and gas exports,x_oil,2029,real,12218.446099805271
Baseline,7 External market,Oil and gas exports,x_oil,2030,real,11610.478367808608
Baseline,7 External market,Oil and gas exports,x_oil,2026,real_growth_pct,-8.350927773193051
Baseline,7 External market,Oil and gas exports,x_oil,2027,real_growth_pct,-10.181551905326813
Baseline,7 External market,Oil and gas exports,x_oil,2028,real_growth_pct,-10.264437139816863
Baseline,7 External market,Oil and gas exports,x_oil,2029,real_growth_pct,-2.208797514183225
Baseline,7 External market,Oil and gas exports,x_oil,2030,real_growth_pct,-4.975818750031991
Baseline,8 Fiscal,Budget expenditure (total),exp_tot,2026,deflator,2.1643313671365925
Baseline,8 Fiscal,Budget expenditure (total),exp_tot,2027,deflator,2.2787651669675455
Baseline,8 Fiscal,Budget expenditure (total),exp_tot,2028,deflator,2.393080127282235
Baseline,8 Fiscal,Budget expenditure (total),exp_tot,2029,deflator,2.5193584455106777
Baseline,8 Fiscal,Budget expenditure (total),exp_tot,2030,deflator,2.6530426600107773
Baseline,8 Fiscal,Budget expenditure (total),exp_tot,2026,deflator_growth_pct,4.510047061238809
Baseline,8 Fiscal,Budget expenditure (total),exp_tot,2027,deflator_growth_pct,5.287258761228819
Baseline,8 Fiscal,Budget expenditure (total),exp_tot,2028,deflator_growth_pct,5.016530969130684
Baseline,8 Fiscal,Budget expenditure (total),exp_tot,2029,deflator_growth_pct,5.276811118391356
Baseline,8 Fiscal,Budget expenditure (total),exp_tot,2030,deflator_growth_pct,5.306280046744272
Baseline,8 Fiscal,Budget expenditure (total),exp_tot,2026,nominal,39306.65781154896
Baseline,8 Fiscal,Budget expenditure (total),exp_tot,2027,nominal,41543.035237012904
Baseline,8 Fiscal,Budget expenditure (total),exp_tot,2028,nominal,43950.34405356332
Baseline,8 Fiscal,Budget expenditure (total),exp_tot,2029,nominal,47385.78358100054
Baseline,8 Fiscal,Budget expenditure (total),exp_tot,2030,nominal,50783.87315853036
Baseline,8 Fiscal,Budget expenditure (total),exp_tot,2026,nominal_growth_pct,1.820432162421315
Baseline,8 Fiscal,Budget expenditure (total),exp_tot,2027,nominal_growth_pct,5.6895639313471635
Baseline,8 Fiscal,Budget expenditure (total),exp_tot,2028,nominal_growth_pct,5.794735032758558
Baseline,8 Fiscal,Budget expenditure (total),exp_tot,2029,nominal_growth_pct,7.816638530179354
Baseline,8 Fiscal,Budget expenditure (total),exp_tot,2030,nominal_growth_pct,7.171116146515066
Baseline,8 Fiscal,Budget expenditure (total),exp_tot,2026,real,18161.108972676222
Baseline,8 Fiscal,Budget expenditure (total),exp_tot,2027,real,18230.5030106705
Baseline,8 Fiscal,Budget expenditure (total),exp_tot,2028,real,18365.596518273167
Baseline,8 Fiscal,Budget expenditure (total),exp_tot,2029,real,18808.67078102313
Baseline,8 Fiscal,Budget expenditure (total),exp_tot,2030,real,19141.747671077428
Baseline,8 Fiscal,Budget expenditure (total),exp_tot,2026,real_growth_pct,-2.5735467301449932
Baseline,8 Fiscal,Budget expenditure (total),exp_tot,2027,real_growth_pct,0.38210242611662615
Baseline,8 Fiscal,Budget expenditure (total),exp_tot,2028,real_growth_pct,0.7410300611211618
Baseline,8 Fiscal,Budget expenditure (total),exp_tot,2029,real_growth_pct,2.4125231233797395
Baseline,8 Fiscal,Budget expenditure (total),exp_tot,2030,real_growth_pct,1.7708688398669459
Baseline,8 Fiscal,Budget revenue (total),rev_tot,2026,deflator,2.1643313671365925
Baseline,8 Fiscal,Budget revenue (total),rev_tot,2027,deflator,2.2787651669675455
Baseline,8 Fiscal,Budget revenue (total),rev_tot,2028,deflator,2.393080127282235
Baseline,8 Fiscal,Budget revenue (total),rev_tot,2029,deflator,2.5193584455106777
Baseline,8 Fiscal,Budget revenue (total),rev_tot,2030,deflator,2.6530426600107773
Baseline,8 Fiscal,Budget revenue (total),rev_tot,2026,deflator_growth_pct,4.510047061238809
Baseline,8 Fiscal,Budget revenue (total),rev_tot,2027,deflator_growth_pct,5.287258761228819
Baseline,8 Fiscal,Budget revenue (total),rev_tot,2028,deflator_growth_pct,5.016530969130684
Baseline,8 Fiscal,Budget revenue (total),rev_tot,2029,deflator_growth_pct,5.276811118391356
Baseline,8 Fiscal,Budget revenue (total),rev_tot,2030,deflator_growth_pct,5.306280046744272
Baseline,8 Fiscal,Budget revenue (total),rev_tot,2026,nominal,40193.123754646374
Baseline,8 Fiscal,Budget revenue (total),rev_tot,2027,nominal,41924.70755985632
Baseline,8 Fiscal,Budget revenue (total),rev_tot,2028,nominal,43853.65308791023
Baseline,8 Fiscal,Budget revenue (total),rev_tot,2029,nominal,47375.63886528896
Baseline,8 Fiscal,Budget revenue (total),rev_tot,2030,nominal,50808.078263485455
Baseline,8 Fiscal,Budget revenue (total),rev_tot,2026,nominal_growth_pct,2.57456112434411
Baseline,8 Fiscal,Budget revenue (total),rev_tot,2027,nominal_growth_pct,4.308159315459448
Baseline,8 Fiscal,Budget revenue (total),rev_tot,2028,nominal_growth_pct,4.600975511397265
Baseline,8 Fiscal,Budget revenue (total),rev_tot,2029,nominal_growth_pct,8.031225518016626
Baseline,8 Fiscal,Budget revenue (total),rev_tot,2030,nominal_growth_pct,7.245156963384747
Baseline,8 Fiscal,Budget revenue (total),rev_tot,2026,real,18570.68855764994
Baseline,8 Fiscal,Budget revenue (total),rev_tot,2027,real,18397.993864215237
Baseline,8 Fiscal,Budget revenue (total),rev_tot,2028,real,18325.19211870845
Baseline,8 Fiscal,Budget revenue (total),rev_tot,2029,real,18804.6440750458
Baseline,8 Fiscal,Budget revenue (total),rev_tot,2030,real,19150.871197555134
Baseline,8 Fiscal,Budget revenue (total),rev_tot,2026,real_growth_pct,-1.8519615973004
Baseline,8 Fiscal,Budget revenue (total),rev_tot,2027,real_growth_pct,-0.9299315579958112
Baseline,8 Fiscal,Budget revenue (total),rev_tot,2028,real_growth_pct,-0.3957048037089961
Baseline,8 Fiscal,Budget revenue (total),rev_tot,2029,real_growth_pct,2.6163543237719633
Baseline,8 Fiscal,Budget revenue (total),rev_tot,2030,real_growth_pct,1.8411788126784456
Baseline,8 Fiscal,Capital expenditure,exp_cap,2026,deflator,2.1643313671365925
Baseline,8 Fiscal,Capital expenditure,exp_cap,2027,deflator,2.2787651669675455
Baseline,8 Fiscal,Capital expenditure,exp_cap,2028,deflator,2.393080127282235
Baseline,8 Fiscal,Capital expenditure,exp_cap,2029,deflator,2.5193584455106777
Baseline,8 Fiscal,Capital expenditure,exp_cap,2030,deflator,2.6530426600107773
Baseline,8 Fiscal,Capital expenditure,exp_cap,2026,deflator_growth_pct,4.510047061238809
Baseline,8 Fiscal,Capital expenditure,exp_cap,2027,deflator_growth_pct,5.287258761228819
Baseline,8 Fiscal,Capital expenditure,exp_cap,2028,deflator_growth_pct,5.016530969130684
Baseline,8 Fiscal,Capital expenditure,exp_cap,2029,deflator_growth_pct,5.276811118391356
Baseline,8 Fiscal,Capital expenditure,exp_cap,2030,deflator_growth_pct,5.306280046744272
Baseline,8 Fiscal,Capital expenditure,exp_cap,2026,nominal,15094.306700655432
Baseline,8 Fiscal,Capital expenditure,exp_cap,2027,nominal,16259.349873344876
Baseline,8 Fiscal,Capital expenditure,exp_cap,2028,nominal,17358.45989500681
Baseline,8 Fiscal,Capital expenditure,exp_cap,2029,nominal,18489.419215278223
Baseline,8 Fiscal,Capital expenditure,exp_cap,2030,nominal,19626.76520705929
Baseline,8 Fiscal,Capital expenditure,exp_cap,2026,nominal_growth_pct,4.909727622901405
Baseline,8 Fiscal,Capital expenditure,exp_cap,2027,nominal_growth_pct,7.718427853588361
Baseline,8 Fiscal,Capital expenditure,exp_cap,2028,nominal_growth_pct,6.75986451010433
Baseline,8 Fiscal,Capital expenditure,exp_cap,2029,nominal_growth_pct,6.5153206396884045
Baseline,8 Fiscal,Capital expenditure,exp_cap,2030,nominal_growth_pct,6.151334330941283
Baseline,8 Fiscal,Capital expenditure,exp_cap,2026,real,6974.120012235086
Baseline,8 Fiscal,Capital expenditure,exp_cap,2027,real,7135.158158917235
Baseline,8 Fiscal,Capital expenditure,exp_cap,2028,real,7253.60580162454
Baseline,8 Fiscal,Capital expenditure,exp_cap,2029,real,7338.9395019295835
Baseline,8 Fiscal,Capital expenditure,exp_cap,2030,real,7397.832497340831
Baseline,8 Fiscal,Capital expenditure,exp_cap,2026,real_growth_pct,0.38243266834279144
Baseline,8 Fiscal,Capital expenditure,exp_cap,2027,real_growth_pct,2.3090819544205
Baseline,8 Fiscal,Capital expenditure,exp_cap,2028,real_growth_pct,1.6600563024559367
Baseline,8 Fiscal,Capital expenditure,exp_cap,2029,real_growth_pct,1.176431455455318
Baseline,8 Fiscal,Capital expenditure,exp_cap,2030,real_growth_pct,0.8024728286118554
Baseline,8 Fiscal,Current expenditure,exp_cur,2026,deflator,2.1643313671365925
Baseline,8 Fiscal,Current expenditure,exp_cur,2027,deflator,2.2787651669675455
Baseline,8 Fiscal,Current expenditure,exp_cur,2028,deflator,2.393080127282235
Baseline,8 Fiscal,Current expenditure,exp_cur,2029,deflator,2.5193584455106777
Baseline,8 Fiscal,Current expenditure,exp_cur,2030,deflator,2.6530426600107773
Baseline,8 Fiscal,Current expenditure,exp_cur,2026,deflator_growth_pct,4.510047061238809
Baseline,8 Fiscal,Current expenditure,exp_cur,2027,deflator_growth_pct,5.287258761228819
Baseline,8 Fiscal,Current expenditure,exp_cur,2028,deflator_growth_pct,5.016530969130684
Baseline,8 Fiscal,Current expenditure,exp_cur,2029,deflator_growth_pct,5.276811118391356
Baseline,8 Fiscal,Current expenditure,exp_cur,2030,deflator_growth_pct,5.306280046744272
Baseline,8 Fiscal,Current expenditure,exp_cur,2026,nominal,22721.12084195851
Baseline,8 Fiscal,Current expenditure,exp_cur,2027,nominal,23941.65489805792
Baseline,8 Fiscal,Current expenditure,exp_cur,2028,nominal,25271.755084604254
Baseline,8 Fiscal,Current expenditure,exp_cur,2029,nominal,27570.686902269954
Baseline,8 Fiscal,Current expenditure,exp_cur,2030,nominal,29830.848356753864
Baseline,8 Fiscal,Current expenditure,exp_cur,2026,nominal_growth_pct,2.735193396508029
Baseline,8 Fiscal,Current expenditure,exp_cur,2027,nominal_growth_pct,5.371803902585137
Baseline,8 Fiscal,Current expenditure,exp_cur,2028,nominal_growth_pct,5.555590004992617
Baseline,8 Fiscal,Current expenditure,exp_cur,2029,nominal_growth_pct,9.096842739925993
Baseline,8 Fiscal,Current expenditure,exp_cur,2030,nominal_growth_pct,8.197697295303241
Baseline,8 Fiscal,Current expenditure,exp_cur,2026,real,10497.98620810016
Baseline,8 Fiscal,Current expenditure,exp_cur,2027,real,10506.416038436357
Baseline,8 Fiscal,Current expenditure,exp_cur,2028,real,10560.34639061785
Baseline,8 Fiscal,Current expenditure,exp_cur,2029,real,10943.534831813635
Baseline,8 Fiscal,Current expenditure,exp_cur,2030,real,11244.013828497084
Baseline,8 Fiscal,Current expenditure,exp_cur,2026,real_growth_pct,-1.6982612817031728
Baseline,8 Fiscal,Current expenditure,exp_cur,2027,real_growth_pct,0.08029949905719036
Baseline,8 Fiscal,Current expenditure,exp_cur,2028,real_growth_pct,0.5133087437637629
Baseline,8 Fiscal,Current expenditure,exp_cur,2029,real_growth_pct,3.6285593958946594
Baseline,8 Fiscal,Current expenditure,exp_cur,2030,real_growth_pct,2.745721572612303
Baseline,8 Fiscal,Non-oil revenue,rev_non,2026,deflator,2.1643313671365925
Baseline,8 Fiscal,Non-oil revenue,rev_non,2027,deflator,2.2787651669675455
Baseline,8 Fiscal,Non-oil revenue,rev_non,2028,deflator,2.393080127282235
Baseline,8 Fiscal,Non-oil revenue,rev_non,2029,deflator,2.5193584455106777
Baseline,8 Fiscal,Non-oil revenue,rev_non,2030,deflator,2.6530426600107773
Baseline,8 Fiscal,Non-oil revenue,rev_non,2026,deflator_growth_pct,4.510047061238809
Baseline,8 Fiscal,Non-oil revenue,rev_non,2027,deflator_growth_pct,5.287258761228819
Baseline,8 Fiscal,Non-oil revenue,rev_non,2028,deflator_growth_pct,5.016530969130684
Baseline,8 Fiscal,Non-oil revenue,rev_non,2029,deflator_growth_pct,5.276811118391356
Baseline,8 Fiscal,Non-oil revenue,rev_non,2030,deflator_growth_pct,5.306280046744272
Baseline,8 Fiscal,Non-oil revenue,rev_non,2026,nominal,21854.249866948245
Baseline,8 Fiscal,Non-oil revenue,rev_non,2027,nominal,24201.493551625015
Baseline,8 Fiscal,Non-oil revenue,rev_non,2028,nominal,26762.01789553115
Baseline,8 Fiscal,Non-oil revenue,rev_non,2029,nominal,29977.358522157807
Baseline,8 Fiscal,Non-oil revenue,rev_non,2030,nominal,33402.73316045181
Baseline,8 Fiscal,Non-oil revenue,rev_non,2026,nominal_growth_pct,7.360764529931085
Baseline,8 Fiscal,Non-oil revenue,rev_non,2027,nominal_growth_pct,10.740444988810506
Baseline,8 Fiscal,Non-oil revenue,rev_non,2028,nominal_growth_pct,10.580026139478527
Baseline,8 Fiscal,Non-oil revenue,rev_non,2029,nominal_growth_pct,12.014567209311867
Baseline,8 Fiscal,Non-oil revenue,rev_non,2030,nominal_growth_pct,11.426539252156376
Baseline,8 Fiscal,Non-oil revenue,rev_non,2026,real,10097.46021278682
Baseline,8 Fiscal,Non-oil revenue,rev_non,2027,real,10620.442115951344
Baseline,8 Fiscal,Non-oil revenue,rev_non,2028,real,11183.084757769539
Baseline,8 Fiscal,Non-oil revenue,rev_non,2029,real,11898.80645033873
Baseline,8 Fiscal,Non-oil revenue,rev_non,2030,real,12590.34905994166
Baseline,8 Fiscal,Non-oil revenue,rev_non,2026,real_growth_pct,2.7276970481334484
Baseline,8 Fiscal,Non-oil revenue,rev_non,2027,real_growth_pct,5.179341063431475
Baseline,8 Fiscal,Non-oil revenue,rev_non,2028,real_growth_pct,5.297732765504515
Baseline,8 Fiscal,Non-oil revenue,rev_non,2029,real_growth_pct,6.400038165426025
Baseline,8 Fiscal,Non-oil revenue,rev_non,2030,real_growth_pct,5.811865353799783
Baseline,8 Fiscal,Oil and gas revenue,rev_oil,2026,deflator,2.1643313671365925
Baseline,8 Fiscal,Oil and gas revenue,rev_oil,2027,deflator,2.2787651669675455
Baseline,8 Fiscal,Oil and gas revenue,rev_oil,2028,deflator,2.393080127282235
Baseline,8 Fiscal,Oil and gas revenue,rev_oil,2029,deflator,2.5193584455106777
Baseline,8 Fiscal,Oil and gas revenue,rev_oil,2030,deflator,2.6530426600107773
Baseline,8 Fiscal,Oil and gas revenue,rev_oil,2026,deflator_growth_pct,4.510047061238809
Baseline,8 Fiscal,Oil and gas revenue,rev_oil,2027,deflator_growth_pct,5.287258761228819
Baseline,8 Fiscal,Oil and gas revenue,rev_oil,2028,deflator_growth_pct,5.016530969130684
Baseline,8 Fiscal,Oil and gas revenue,rev_oil,2029,deflator_growth_pct,5.276811118391356
Baseline,8 Fiscal,Oil and gas revenue,rev_oil,2030,deflator_growth_pct,5.306280046744272
Baseline,8 Fiscal,Oil and gas revenue,rev_oil,2026,nominal,18338.87388769813
Baseline,8 Fiscal,Oil and gas revenue,rev_oil,2027,nominal,17723.214008231298
Baseline,8 Fiscal,Oil and gas revenue,rev_oil,2028,nominal,17091.63519237908
Baseline,8 Fiscal,Oil and gas revenue,rev_oil,2029,nominal,17398.280343131148
Baseline,8 Fiscal,Oil and gas revenue,rev_oil,2030,nominal,17405.345103033636
Baseline,8 Fiscal,Oil and gas revenue,rev_oil,2026,nominal_growth_pct,-2.5998726619712142
Baseline,8 Fiscal,Oil and gas revenue,rev_oil,2027,nominal_growth_pct,-3.357130231861305
Baseline,8 Fiscal,Oil and gas revenue,rev_oil,2028,nominal_growth_pct,-3.563568185538424
Baseline,8 Fiscal,Oil and gas revenue,rev_oil,2029,nominal_growth_pct,1.7941241273906838
Baseline,8 Fiscal,Oil and gas revenue,rev_oil,2030,nominal_growth_pct,0.04060608153884093
Baseline,8 Fiscal,Oil and gas revenue,rev_oil,2026,real,8473.228344863122
Baseline,8 Fiscal,Oil and gas revenue,rev_oil,2027,real,7777.551748263894
Baseline,8 Fiscal,Oil and gas revenue,rev_oil,2028,real,7142.107360938912
Baseline,8 Fiscal,Oil and gas revenue,rev_oil,2029,real,6905.837624707067
Baseline,8 Fiscal,Oil and gas revenue,rev_oil,2030,real,6560.522137613472
Baseline,8 Fiscal,Oil and gas revenue,rev_oil,2026,real_growth_pct,-6.8030968534957275
Baseline,8 Fiscal,Oil and gas revenue,rev_oil,2027,real_growth_pct,-8.210289730017495
Baseline,8 Fiscal,Oil and gas revenue,rev_oil,2028,real_growth_pct,-8.170236700345013
Baseline,8 Fiscal,Oil and gas revenue,rev_oil,2029,real_growth_pct,-3.308123559217746
Baseline,8 Fiscal,Oil and gas revenue,rev_oil,2030,real_growth_pct,-5.000341824692733
Baseline,8 Fiscal,"Public debt (external + domestic, MinFin)",debt,2026,deflator,2.1643313671365925
Baseline,8 Fiscal,"Public debt (external + domestic, MinFin)",debt,2027,deflator,2.2787651669675455
Baseline,8 Fiscal,"Public debt (external + domestic, MinFin)",debt,2028,deflator,2.393080127282235
Baseline,8 Fiscal,"Public debt (external + domestic, MinFin)",debt,2029,deflator,2.5193584455106777
Baseline,8 Fiscal,"Public debt (external + domestic, MinFin)",debt,2030,deflator,2.6530426600107773
Baseline,8 Fiscal,"Public debt (external + domestic, MinFin)",debt,2026,deflator_growth_pct,4.510047061238809
Baseline,8 Fiscal,"Public debt (external + domestic, MinFin)",debt,2027,deflator_growth_pct,5.287258761228819
Baseline,8 Fiscal,"Public debt (external + domestic, MinFin)",debt,2028,deflator_growth_pct,5.016530969130684
Baseline,8 Fiscal,"Public debt (external + domestic, MinFin)",debt,2029,deflator_growth_pct,5.276811118391356
Baseline,8 Fiscal,"Public debt (external + domestic, MinFin)",debt,2030,deflator_growth_pct,5.306280046744272
Baseline,8 Fiscal,"Public debt (external + domestic, MinFin)",debt,2026,nominal,23387.367028451292
Baseline,8 Fiscal,"Public debt (external + domestic, MinFin)",debt,2027,nominal,23005.694705607882
Baseline,8 Fiscal,"Public debt (external + domestic, MinFin)",debt,2028,nominal,23102.385671260978
Baseline,8 Fiscal,"Public debt (external + domestic, MinFin)",debt,2029,nominal,23112.53038697256
Baseline,8 Fiscal,"Public debt (external + domestic, MinFin)",debt,2030,nominal,23088.325282017475
Baseline,8 Fiscal,"Public debt (external + domestic, MinFin)",debt,2026,nominal_growth_pct,-10.005148529573738
Baseline,8 Fiscal,"Public debt (external + domestic, MinFin)",debt,2027,nominal_growth_pct,-1.6319593495885854
Baseline,8 Fiscal,"Public debt (external + domestic, MinFin)",debt,2028,nominal_growth_pct,0.4202914404037861
Baseline,8 Fiscal,"Public debt (external + domestic, MinFin)",debt,2029,nominal_growth_pct,0.04391198318622891
Baseline,8 Fiscal,"Public debt (external + domestic, MinFin)",debt,2030,nominal_growth_pct,-0.10472719581032797
Baseline,8 Fiscal,"Public debt (external + domestic, MinFin)",debt,2026,real,10805.816236629582
Baseline,8 Fiscal,"Public debt (external + domestic, MinFin)",debt,2027,real,10095.684732719777
Baseline,8 Fiscal,"Public debt (external + domestic, MinFin)",debt,2028,real,9653.82872386217
Baseline,8 Fiscal,"Public debt (external + domestic, MinFin)",debt,2029,real,9173.974599826193
Baseline,8 Fiscal,"Public debt (external + domestic, MinFin)",debt,2030,real,8702.58350158745
Baseline,8 Fiscal,"Public debt (external + domestic, MinFin)",debt,2026,real_growth_pct,-13.88880399442094
Baseline,8 Fiscal,"Public debt (external + domestic, MinFin)",debt,2027,real_growth_pct,-6.571752548434051
Baseline,8 Fiscal,"Public debt (external + domestic, MinFin)",debt,2028,real_growth_pct,-4.3766819245609545
Baseline,8 Fiscal,"Public debt (external + domestic, MinFin)",debt,2029,real_growth_pct,-4.970609462439313
Baseline,8 Fiscal,"Public debt (external + domestic, MinFin)",debt,2030,real_growth_pct,-5.138351900905347
Baseline,9 Prices,Consumer price index,cpi,2026,deflator,203.14456064466273
Baseline,9 Prices,Consumer price index,cpi,2027,deflator,215.5902729070141
Baseline,9 Prices,Consumer price index,cpi,2028,deflator,226.7624465534293
Baseline,9 Prices,Consumer price index,cpi,2029,deflator,237.96723845968953
Baseline,9 Prices,Consumer price index,cpi,2030,deflator,248.8723141828174
Baseline,9 Prices,Consumer price index,cpi,2026,deflator_growth_pct,5.700250784724559
Baseline,9 Prices,Consumer price index,cpi,2027,deflator_growth_pct,6.126529907006084
Baseline,9 Prices,Consumer price index,cpi,2028,deflator_growth_pct,5.182132521922189
Baseline,9 Prices,Consumer price index,cpi,2029,deflator_growth_pct,4.9412026005903
Baseline,9 Prices,Consumer price index,cpi,2030,deflator_growth_pct,4.582595399986178
Baseline,9 Prices,Consumer price index,cpi,2026,nominal,203.14456064466273
Baseline,9 Prices,Consumer price index,cpi,2027,nominal,215.5902729070141
Baseline,9 Prices,Consumer price index,cpi,2028,nominal,226.7624465534293
Baseline,9 Prices,Consumer price index,cpi,2029,nominal,237.96723845968953
Baseline,9 Prices,Consumer price index,cpi,2030,nominal,248.8723141828174
Baseline,9 Prices,Consumer price index,cpi,2026,nominal_growth_pct,5.700250784724559
Baseline,9 Prices,Consumer price index,cpi,2027,nominal_growth_pct,6.126529907006084
Baseline,9 Prices,Consumer price index,cpi,2028,nominal_growth_pct,5.182132521922189
Baseline,9 Prices,Consumer price index,cpi,2029,nominal_growth_pct,4.9412026005903
Baseline,9 Prices,Consumer price index,cpi,2030,nominal_growth_pct,4.582595399986178
Baseline,9 Prices,GDP deflator,pgdp,2026,deflator,2.1643313671365925
Baseline,9 Prices,GDP deflator,pgdp,2027,deflator,2.2787651669675455
Baseline,9 Prices,GDP deflator,pgdp,2028,deflator,2.393080127282235
Baseline,9 Prices,GDP deflator,pgdp,2029,deflator,2.5193584455106777
Baseline,9 Prices,GDP deflator,pgdp,2030,deflator,2.6530426600107773
Baseline,9 Prices,GDP deflator,pgdp,2026,deflator_growth_pct,4.510047061238809
Baseline,9 Prices,GDP deflator,pgdp,2027,deflator_growth_pct,5.287258761228819
Baseline,9 Prices,GDP deflator,pgdp,2028,deflator_growth_pct,5.016530969130684
Baseline,9 Prices,GDP deflator,pgdp,2029,deflator_growth_pct,5.276811118391356
Baseline,9 Prices,GDP deflator,pgdp,2030,deflator_growth_pct,5.306280046744272
Baseline,9 Prices,GDP deflator,pgdp,2026,nominal,2.1643313671365925
Baseline,9 Prices,GDP deflator,pgdp,2027,nominal,2.2787651669675455
Baseline,9 Prices,GDP deflator,pgdp,2028,nominal,2.393080127282235
Baseline,9 Prices,GDP deflator,pgdp,2029,nominal,2.5193584455106777
Baseline,9 Prices,GDP deflator,pgdp,2030,nominal,2.6530426600107773
Baseline,9 Prices,GDP deflator,pgdp,2026,nominal_growth_pct,4.510047061238809
Baseline,9 Prices,GDP deflator,pgdp,2027,nominal_growth_pct,5.287258761228819
Baseline,9 Prices,GDP deflator,pgdp,2028,nominal_growth_pct,5.016530969130684
Baseline,9 Prices,GDP deflator,pgdp,2029,nominal_growth_pct,5.276811118391356
Baseline,9 Prices,GDP deflator,pgdp,2030,nominal_growth_pct,5.306280046744272
Reform,1 Sectors (value added),"Agriculture, forestry & fishing",va_agr,2026,deflator,1.731080383700124
Reform,1 Sectors (value added),"Agriculture, forestry & fishing",va_agr,2027,deflator,1.8312213429451414
Reform,1 Sectors (value added),"Agriculture, forestry & fishing",va_agr,2028,deflator,1.9202087792762537
Reform,1 Sectors (value added),"Agriculture, forestry & fishing",va_agr,2029,deflator,2.009176535702423
Reform,1 Sectors (value added),"Agriculture, forestry & fishing",va_agr,2030,deflator,2.0955222465091814
Reform,1 Sectors (value added),"Agriculture, forestry & fishing",va_agr,2026,deflator_growth_pct,4.631767752493232
Reform,1 Sectors (value added),"Agriculture, forestry & fishing",va_agr,2027,deflator_growth_pct,5.7848820995227035
Reform,1 Sectors (value added),"Agriculture, forestry & fishing",va_agr,2028,deflator_growth_pct,4.859458233923508
Reform,1 Sectors (value added),"Agriculture, forestry & fishing",va_agr,2029,deflator_growth_pct,4.633233499729239
Reform,1 Sectors (value added),"Agriculture, forestry & fishing",va_agr,2030,deflator_growth_pct,4.297567151139936
Reform,1 Sectors (value added),"Agriculture, forestry & fishing",va_agr,2026,nominal,8163.456318104132
Reform,1 Sectors (value added),"Agriculture, forestry & fishing",va_agr,2027,nominal,9082.212284341455
Reform,1 Sectors (value added),"Agriculture, forestry & fishing",va_agr,2028,nominal,9971.652241213897
Reform,1 Sectors (value added),"Agriculture, forestry & fishing",va_agr,2029,nominal,10900.378666196617
Reform,1 Sectors (value added),"Agriculture, forestry & fishing",va_agr,2030,nominal,11864.216187453672
Reform,1 Sectors (value added),"Agriculture, forestry & fishing",va_agr,2026,nominal_growth_pct,6.724403107609156
Reform,1 Sectors (value added),"Agriculture, forestry & fishing",va_agr,2027,nominal_growth_pct,11.254497242789107
Reform,1 Sectors (value added),"Agriculture, forestry & fishing",va_agr,2028,nominal_growth_pct,9.79320818569629
Reform,1 Sectors (value added),"Agriculture, forestry & fishing",va_agr,2029,nominal_growth_pct,9.313666406698328
Reform,1 Sectors (value added),"Agriculture, forestry & fishing",va_agr,2030,nominal_growth_pct,8.842238887040054
Reform,1 Sectors (value added),"Agriculture, forestry & fishing",va_agr,2026,real,4715.815854059318
Reform,1 Sectors (value added),"Agriculture, forestry & fishing",va_agr,2027,real,4959.64746114994
Reform,1 Sectors (value added),"Agriculture, forestry & fishing",va_agr,2028,real,5193.004192477609
Reform,1 Sectors (value added),"Agriculture, forestry & fishing",va_agr,2029,real,5425.29661903789
Reform,1 Sectors (value added),"Agriculture, forestry & fishing",va_agr,2030,real,5661.698990415223
Reform,1 Sectors (value added),"Agriculture, forestry & fishing",va_agr,2026,real_growth_pct,2.000000000063129
Reform,1 Sectors (value added),"Agriculture, forestry & fishing",va_agr,2027,real_growth_pct,5.170507386982348
Reform,1 Sectors (value added),"Agriculture, forestry & fishing",va_agr,2028,real_growth_pct,4.705107231020067
Reform,1 Sectors (value added),"Agriculture, forestry & fishing",va_agr,2029,real_growth_pct,4.473180031257651
Reform,1 Sectors (value added),"Agriculture, forestry & fishing",va_agr,2030,real_growth_pct,4.357409151561864
Reform,1 Sectors (value added),Construction,va_con,2026,deflator,1.480798238147669
Reform,1 Sectors (value added),Construction,va_con,2027,deflator,1.5369896903374394
Reform,1 Sectors (value added),Construction,va_con,2028,deflator,1.5858385442623417
Reform,1 Sectors (value added),Construction,va_con,2029,deflator,1.6338459026632974
Reform,1 Sectors (value added),Construction,va_con,2030,deflator,1.6796436840771567
Reform,1 Sectors (value added),Construction,va_con,2026,deflator_growth_pct,3.02627539913618
Reform,1 Sectors (value added),Construction,va_con,2027,deflator_growth_pct,3.794673085244904
Reform,1 Sectors (value added),Construction,va_con,2028,deflator_growth_pct,3.178216108539922
Reform,1 Sectors (value added),Construction,va_con,2029,deflator_growth_pct,3.027253850945244
Reform,1 Sectors (value added),Construction,va_con,2030,deflator_growth_pct,2.8030661483561703
Reform,1 Sectors (value added),Construction,va_con,2026,nominal,7031.700425911486
Reform,1 Sectors (value added),Construction,va_con,2027,nominal,8401.467289332744
Reform,1 Sectors (value added),Construction,va_con,2028,nominal,9436.549506179677
Reform,1 Sectors (value added),Construction,va_con,2029,nominal,10446.658199105961
Reform,1 Sectors (value added),Construction,va_con,2030,nominal,11247.260992285164
Reform,1 Sectors (value added),Construction,va_con,2026,nominal_growth_pct,-16.54857613947751
Reform,1 Sectors (value added),Construction,va_con,2027,nominal_growth_pct,19.479880831864406
Reform,1 Sectors (value added),Construction,va_con,2028,nominal_growth_pct,12.320255274470515
Reform,1 Sectors (value added),Construction,va_con,2029,nominal_growth_pct,10.704216538733768
Reform,1 Sectors (value added),Construction,va_con,2030,nominal_growth_pct,7.663721526255363
Reform,1 Sectors (value added),Construction,va_con,2026,real,4748.587785130972
Reform,1 Sectors (value added),Construction,va_con,2027,real,5466.183242574802
Reform,1 Sectors (value added),Construction,va_con,2028,real,5950.510876609524
Reform,1 Sectors (value added),Construction,va_con,2029,real,6393.906660399911
Reform,1 Sectors (value added),Construction,va_con,2030,real,6696.2184294847775
Reform,1 Sectors (value added),Construction,va_con,2026,real_growth_pct,-18.999863348236524
Reform,1 Sectors (value added),Construction,va_con,2027,real_growth_pct,15.111765643057119
Reform,1 Sectors (value added),Construction,va_con,2028,real_growth_pct,8.86043538135366
Reform,1 Sectors (value added),Construction,va_con,2029,real_growth_pct,7.45139019127421
Reform,1 Sectors (value added),Construction,va_con,2030,real_growth_pct,4.72812296365237
Reform,1 Sectors (value added),"Electricity, gas & steam",va_elc,2026,deflator,1.8113065288052865
Reform,1 Sectors (value added),"Electricity, gas & steam",va_elc,2027,deflator,2.039359709573942
Reform,1 Sectors (value added),"Electricity, gas & steam",va_elc,2028,deflator,2.240039090800935
Reform,1 Sectors (value added),"Electricity, gas & steam",va_elc,2029,deflator,2.4455551636528234
Reform,1 Sectors (value added),"Electricity, gas & steam",va_elc,2030,deflator,2.645890000141832
Reform,1 Sectors (value added),"Electricity, gas & steam",va_elc,2026,deflator_growth_pct,9.170360228024666
Reform,1 Sectors (value added),"Electricity, gas & steam",va_elc,2027,deflator_growth_pct,12.590534906263295
Reform,1 Sectors (value added),"Electricity, gas & steam",va_elc,2028,deflator_growth_pct,9.840313127933609
Reform,1 Sectors (value added),"Electricity, gas & steam",va_elc,2029,deflator_growth_pct,9.174664571518942
Reform,1 Sectors (value added),"Electricity, gas & steam",va_elc,2030,deflator_growth_pct,8.191793808886194
Reform,1 Sectors (value added),"Electricity, gas & steam",va_elc,2026,nominal,1543.1068166935424
Reform,1 Sectors (value added),"Electricity, gas & steam",va_elc,2027,nominal,1850.3361435971028
Reform,1 Sectors (value added),"Electricity, gas & steam",va_elc,2028,nominal,2133.1306053999024
Reform,1 Sectors (value added),"Electricity, gas & steam",va_elc,2029,nominal,2427.1413372083694
Reform,1 Sectors (value added),"Electricity, gas & steam",va_elc,2030,nominal,2726.477024646698
Reform,1 Sectors (value added),"Electricity, gas & steam",va_elc,2026,nominal_growth_pct,6.004452613419131
Reform,1 Sectors (value added),"Electricity, gas & steam",va_elc,2027,nominal_growth_pct,19.90979001452855
Reform,1 Sectors (value added),"Electricity, gas & steam",va_elc,2028,nominal_growth_pct,15.2834101404429
Reform,1 Sectors (value added),"Electricity, gas & steam",va_elc,2029,nominal_growth_pct,13.783062840324689
Reform,1 Sectors (value added),"Electricity, gas & steam",va_elc,2030,nominal_growth_pct,12.332849465726458
Reform,1 Sectors (value added),"Electricity, gas & steam",va_elc,2026,real,851.9302460149332
Reform,1 Sectors (value added),"Electricity, gas & steam",va_elc,2027,real,907.3122975365982
Reform,1 Sectors (value added),"Electricity, gas & steam",va_elc,2028,real,952.2738304701606
Reform,1 Sectors (value added),"Electricity, gas & steam",va_elc,2029,real,992.4704922963381
Reform,1 Sectors (value added),"Electricity, gas & steam",va_elc,2030,real,1030.4574356834737
Reform,1 Sectors (value added),"Electricity, gas & steam",va_elc,2026,real_growth_pct,-2.8999699258964395
Reform,1 Sectors (value added),"Electricity, gas & steam",va_elc,2027,real_growth_pct,6.500773012899241
Reform,1 Sectors (value added),"Electricity, gas & steam",va_elc,2028,real_growth_pct,4.955463852483377
Reform,1 Sectors (value added),"Electricity, gas & steam",va_elc,2029,real_growth_pct,4.221124275391608
Reform,1 Sectors (value added),"Electricity, gas & steam",va_elc,2030,real_growth_pct,3.827513632092283
Reform,1 Sectors (value added),Information & communication,va_ict,2026,deflator,0.9380490792089835
Reform,1 Sectors (value added),Information & communication,va_ict,2027,deflator,0.916059175931247
Reform,1 Sectors (value added),Information & communication,va_ict,2028,deflator,0.8928495822758709
Reform,1 Sectors (value added),Information & communication,va_ict,2029,deflator,0.8698128400246639
Reform,1 Sectors (value added),Information & communication,va_ict,2030,deflator,0.8467690597431022
Reform,1 Sectors (value added),Information & communication,va_ict,2026,deflator_growth_pct,-2.5804385311887668
Reform,1 Sectors (value added),Information & communication,va_ict,2027,deflator_growth_pct,-2.3442167115903634
Reform,1 Sectors (value added),Information & communication,va_ict,2028,deflator_growth_pct,-2.5336347547397
Reform,1 Sectors (value added),Information & communication,va_ict,2029,deflator_growth_pct,-2.5801369803507557
Reform,1 Sectors (value added),Information & communication,va_ict,2030,deflator_growth_pct,-2.649280307348445
Reform,1 Sectors (value added),Information & communication,va_ict,2026,nominal,2833.715218637187
Reform,1 Sectors (value added),Information & communication,va_ict,2027,nominal,2970.585912749578
Reform,1 Sectors (value added),Information & communication,va_ict,2028,nominal,3130.1802458362567
Reform,1 Sectors (value added),Information & communication,va_ict,2029,nominal,3316.4834296887034
Reform,1 Sectors (value added),Information & communication,va_ict,2030,nominal,3524.1525637475834
Reform,1 Sectors (value added),Information & communication,va_ict,2026,nominal_growth_pct,6.187334881105699
Reform,1 Sectors (value added),Information & communication,va_ict,2027,nominal_growth_pct,4.830079367616058
Reform,1 Sectors (value added),Information & communication,va_ict,2028,nominal_growth_pct,5.372486700408485
Reform,1 Sectors (value added),Information & communication,va_ict,2029,nominal_growth_pct,5.951835652284432
Reform,1 Sectors (value added),Information & communication,va_ict,2030,nominal_growth_pct,6.26172687008939
Reform,1 Sectors (value added),Information & communication,va_ict,2026,real,3020.8602955260476
Reform,1 Sectors (value added),Information & communication,va_ict,2027,real,3242.788228969751
Reform,1 Sectors (value added),Information & communication,va_ict,2028,real,3505.8315621959937
Reform,1 Sectors (value added),Information & communication,va_ict,2029,real,3812.8701682475316
Reform,1 Sectors (value added),Information & communication,va_ict,2030,real,4161.881593567863
Reform,1 Sectors (value added),Information & communication,va_ict,2026,real_growth_pct,9.000013221268155
Reform,1 Sectors (value added),Information & communication,va_ict,2027,real_growth_pct,7.346514295029882
Reform,1 Sectors (value added),Information & communication,va_ict,2028,real_growth_pct,8.11164080578315
Reform,1 Sectors (value added),Information & communication,va_ict,2029,real_growth_pct,8.757939467554277
Reform,1 Sectors (value added),Information & communication,va_ict,2030,real_growth_pct,9.153509296665717
Reform,1 Sectors (value added),Manufacturing,va_man,2026,deflator,1.6104175888532652
Reform,1 Sectors (value added),Manufacturing,va_man,2027,deflator,1.7096588724669242
Reform,1 Sectors (value added),Manufacturing,va_man,2028,deflator,1.799928863566521
Reform,1 Sectors (value added),Manufacturing,va_man,2029,deflator,1.8910812194626039
Reform,1 Sectors (value added),Manufacturing,va_man,2030,deflator,1.9807942599891781
Reform,1 Sectors (value added),Manufacturing,va_man,2026,deflator_growth_pct,5.062821759484448
Reform,1 Sectors (value added),Manufacturing,va_man,2027,deflator_growth_pct,6.162456514420334
Reform,1 Sectors (value added),Manufacturing,va_man,2028,deflator_growth_pct,5.280000154027409
Reform,1 Sectors (value added),Manufacturing,va_man,2029,deflator_growth_pct,5.064219911195078
Reform,1 Sectors (value added),Manufacturing,va_man,2030,deflator_growth_pct,4.744007798462957
Reform,1 Sectors (value added),Manufacturing,va_man,2026,nominal,8613.173648279966
Reform,1 Sectors (value added),Manufacturing,va_man,2027,nominal,10137.135618789542
Reform,1 Sectors (value added),Manufacturing,va_man,2028,nominal,11787.72715795339
Reform,1 Sectors (value added),Manufacturing,va_man,2029,nominal,13715.842149703161
Reform,1 Sectors (value added),Manufacturing,va_man,2030,nominal,15860.588519271168
Reform,1 Sectors (value added),Manufacturing,va_man,2026,nominal_growth_pct,11.576833321846824
Reform,1 Sectors (value added),Manufacturing,va_man,2027,nominal_growth_pct,17.693384955891457
Reform,1 Sectors (value added),Manufacturing,va_man,2028,nominal_growth_pct,16.282622638533304
Reform,1 Sectors (value added),Manufacturing,va_man,2029,nominal_growth_pct,16.35696997320504
Reform,1 Sectors (value added),Manufacturing,va_man,2030,nominal_growth_pct,15.637000966903258
Reform,1 Sectors (value added),Manufacturing,va_man,2026,real,5348.410069473455
Reform,1 Sectors (value added),Manufacturing,va_man,2027,real,5929.332325905652
Reform,1 Sectors (value added),Manufacturing,va_man,2028,real,6548.996127878219
Reform,1 Sectors (value added),Manufacturing,va_man,2029,real,7252.910138677622
Reform,1 Sectors (value added),Manufacturing,va_man,2030,real,8007.186228093079
Reform,1 Sectors (value added),Manufacturing,va_man,2026,real_growth_pct,6.2001109938533805
Reform,1 Sectors (value added),Manufacturing,va_man,2027,real_growth_pct,10.861587815561569
Reform,1 Sectors (value added),Manufacturing,va_man,2028,real_growth_pct,10.450819213914087
Reform,1 Sectors (value added),Manufacturing,va_man,2029,real_growth_pct,10.748426125997135
Reform,1 Sectors (value added),Manufacturing,va_man,2030,real_growth_pct,10.399633733129088
Reform,1 Sectors (value added),Mining & quarrying,va_min,2026,deflator,2.7613405887103224
Reform,1 Sectors (value added),Mining & quarrying,va_min,2027,deflator,2.975393856584398
Reform,1 Sectors (value added),Mining & quarrying,va_min,2028,deflator,3.171798919573685
Reform,1 Sectors (value added),Mining & quarrying,va_min,2029,deflator,3.3288993744891773
Reform,1 Sectors (value added),Mining & quarrying,va_min,2030,deflator,3.4630460287945715
Reform,1 Sectors (value added),Mining & quarrying,va_min,2026,deflator_growth_pct,1.152828450629273
Reform,1 Sectors (value added),Mining & quarrying,va_min,2027,deflator_growth_pct,7.751787981143199
Reform,1 Sectors (value added),Mining & quarrying,va_min,2028,deflator_growth_pct,6.6009769615761105
Reform,1 Sectors (value added),Mining & quarrying,va_min,2029,deflator_growth_pct,4.953039549449367
Reform,1 Sectors (value added),Mining & quarrying,va_min,2030,deflator_growth_pct,4.029759966114299
Reform,1 Sectors (value added),Mining & quarrying,va_min,2026,nominal,33356.122722482185
Reform,1 Sectors (value added),Mining & quarrying,va_min,2027,nominal,35138.48401127033
Reform,1 Sectors (value added),Mining & quarrying,va_min,2028,nominal,36608.50290567098
Reform,1 Sectors (value added),Mining & quarrying,va_min,2029,nominal,40214.15416765389
Reform,1 Sectors (value added),Mining & quarrying,va_min,2030,nominal,41911.50805975325
Reform,1 Sectors (value added),Mining & quarrying,va_min,2026,nominal_growth_pct,0.7482171366848922
Reform,1 Sectors (value added),Mining & quarrying,va_min,2027,nominal_growth_pct,5.3434306607429205
Reform,1 Sectors (value added),Mining & quarrying,va_min,2028,nominal_growth_pct,4.183501183287119
Reform,1 Sectors (value added),Mining & quarrying,va_min,2029,nominal_growth_pct,9.849218011655857
Reform,1 Sectors (value added),Mining & quarrying,va_min,2030,nominal_growth_pct,4.2207872507352695
Reform,1 Sectors (value added),Mining & quarrying,va_min,2026,real,12079.684360146635
Reform,1 Sectors (value added),Mining & quarrying,va_min,2027,real,11809.691659311127
Reform,1 Sectors (value added),Mining & quarrying,va_min,2028,real,11541.873817963042
Reform,1 Sectors (value added),Mining & quarrying,va_min,2029,real,12080.315336604246
Reform,1 Sectors (value added),Mining & quarrying,va_min,2030,real,12102.498121961708
Reform,1 Sectors (value added),Mining & quarrying,va_min,2026,real_growth_pct,-0.40000000014025483
Reform,1 Sectors (value added),Mining & quarrying,va_min,2027,real_growth_pct,-2.2350973153426934
Reform,1 Sectors (value added),Mining & quarrying,va_min,2028,real_growth_pct,-2.2677801340979964
Reform,1 Sectors (value added),Mining & quarrying,va_min,2029,real_growth_pct,4.6651135433763535
Reform,1 Sectors (value added),Mining & quarrying,va_min,2030,real_growth_pct,0.1836275357005368
Reform,1 Sectors (value added),Net taxes on products,va_nettax,2026,deflator,2.02628063972661
Reform,1 Sectors (value added),Net taxes on products,va_nettax,2027,deflator,2.2050641072463693
Reform,1 Sectors (value added),Net taxes on products,va_nettax,2028,deflator,2.3782712309985685
Reform,1 Sectors (value added),Net taxes on products,va_nettax,2029,deflator,2.559454953488586
Reform,1 Sectors (value added),Net taxes on products,va_nettax,2030,deflator,2.7454541145124223
Reform,1 Sectors (value added),Net taxes on products,va_nettax,2026,deflator_growth_pct,7.616761750749301
Reform,1 Sectors (value added),Net taxes on products,va_nettax,2027,deflator_growth_pct,8.823233268609854
Reform,1 Sectors (value added),Net taxes on products,va_nettax,2028,deflator_growth_pct,7.854969984001792
Reform,1 Sectors (value added),Net taxes on products,va_nettax,2029,deflator_growth_pct,7.618295177120893
Reform,1 Sectors (value added),Net taxes on products,va_nettax,2030,deflator_growth_pct,7.267139465389527
Reform,1 Sectors (value added),Net taxes on products,va_nettax,2026,nominal,13382.618660349826
Reform,1 Sectors (value added),Net taxes on products,va_nettax,2027,nominal,15385.497368580733
Reform,1 Sectors (value added),Net taxes on products,va_nettax,2028,nominal,17463.767876180606
Reform,1 Sectors (value added),Net taxes on products,va_nettax,2029,nominal,19879.628589309046
Reform,1 Sectors (value added),Net taxes on products,va_nettax,2030,nominal,22469.56162491503
Reform,1 Sectors (value added),Net taxes on products,va_nettax,2026,nominal_growth_pct,7.940883363981777
Reform,1 Sectors (value added),Net taxes on products,va_nettax,2027,nominal_growth_pct,14.966269002082955
Reform,1 Sectors (value added),Net taxes on products,va_nettax,2028,nominal_growth_pct,13.507983900760866
Reform,1 Sectors (value added),Net taxes on products,va_nettax,2029,nominal_growth_pct,13.83355946011806
Reform,1 Sectors (value added),Net taxes on products,va_nettax,2030,nominal_growth_pct,13.028075569776032
Reform,1 Sectors (value added),Net taxes on products,va_nettax,2026,real,6604.523775223671
Reform,1 Sectors (value added),Net taxes on products,va_nettax,2027,real,6977.346970557591
Reform,1 Sectors (value added),Net taxes on products,va_nettax,2028,real,7343.051393195412
Reform,1 Sectors (value added),Net taxes on products,va_nettax,2029,real,7767.133608744601
Reform,1 Sectors (value added),Net taxes on products,va_nettax,2030,real,8184.278697699343
Reform,1 Sectors (value added),Net taxes on products,va_nettax,2026,real_growth_pct,0.30118134755177106
Reform,1 Sectors (value added),Net taxes on products,va_nettax,2027,real_growth_pct,5.644967116819766
Reform,1 Sectors (value added),Net taxes on products,va_nettax,2028,real_growth_pct,5.241310546558586
Reform,1 Sectors (value added),Net taxes on products,va_nettax,2029,real_growth_pct,5.775285951861564
Reform,1 Sectors (value added),Net taxes on products,va_nettax,2030,real_growth_pct,5.370643920494689
Reform,1 Sectors (value added),Social & other services,va_oth,2026,deflator,2.409869784034444
Reform,1 Sectors (value added),Social & other services,va_oth,2027,deflator,2.6862301489869007
Reform,1 Sectors (value added),Social & other services,va_oth,2028,deflator,2.9648267552736383
Reform,1 Sectors (value added),Social & other services,va_oth,2029,deflator,3.264375285055128
Reform,1 Sectors (value added),Social & other services,va_oth,2030,deflator,3.581217845985231
Reform,1 Sectors (value added),Social & other services,va_oth,2026,deflator_growth_pct,10.101672143408248
Reform,1 Sectors (value added),Social & other services,va_oth,2027,deflator_growth_pct,11.46785468589895
Reform,1 Sectors (value added),Social & other services,va_oth,2028,deflator_growth_pct,10.371285810778685
Reform,1 Sectors (value added),Social & other services,va_oth,2029,deflator_growth_pct,10.10340753464507
Reform,1 Sectors (value added),Social & other services,va_oth,2030,deflator_growth_pct,9.706070327779482
Reform,1 Sectors (value added),Social & other services,va_oth,2026,nominal,31051.720053470115
Reform,1 Sectors (value added),Social & other services,va_oth,2027,nominal,35891.77370631513
Reform,1 Sectors (value added),Social & other services,va_oth,2028,nominal,40940.169746125364
Reform,1 Sectors (value added),Social & other services,va_oth,2029,nominal,46603.118039256275
Reform,1 Sectors (value added),Social & other services,va_oth,2030,nominal,52764.33183398494
Reform,1 Sectors (value added),Social & other services,va_oth,2026,nominal_growth_pct,10.652403406230814
Reform,1 Sectors (value added),Social & other services,va_oth,2027,nominal_growth_pct,15.587071004474428
Reform,1 Sectors (value added),Social & other services,va_oth,2028,nominal_growth_pct,14.06560757102393
Reform,1 Sectors (value added),Social & other services,va_oth,2029,nominal_growth_pct,13.832254063057125
Reform,1 Sectors (value added),Social & other services,va_oth,2030,nominal_growth_pct,13.220604229825895
Reform,1 Sectors (value added),Social & other services,va_oth,2026,real,12885.227350950634
Reform,1 Sectors (value added),Social & other services,va_oth,2027,real,13361.391882170463
Reform,1 Sectors (value added),Social & other services,va_oth,2028,real,13808.621253604006
Reform,1 Sectors (value added),Social & other services,va_oth,2029,real,14276.27462216534
Reform,1 Sectors (value added),Social & other services,va_oth,2030,real,14733.628084964745
Reform,1 Sectors (value added),Social & other services,va_oth,2026,real_growth_pct,0.5002024511537195
Reform,1 Sectors (value added),Social & other services,va_oth,2027,real_growth_pct,3.69542979918549
Reform,1 Sectors (value added),Social & other services,va_oth,2028,real_growth_pct,3.347176517068773
Reform,1 Sectors (value added),Social & other services,va_oth,2029,real_growth_pct,3.3866767722322555
Reform,1 Sectors (value added),Social & other services,va_oth,2030,real_growth_pct,3.20359109714321
Reform,1 Sectors (value added),Tourism & catering,va_tou,2026,deflator,1.8624189867284848
Reform,1 Sectors (value added),Tourism & catering,va_tou,2027,deflator,2.0020601795903685
Reform,1 Sectors (value added),Tourism & catering,va_tou,2028,deflator,2.1325404413727704
Reform,1 Sectors (value added),Tourism & catering,va_tou,2029,deflator,2.2664140323403315
Reform,1 Sectors (value added),Tourism & catering,va_tou,2030,deflator,2.4006338891581254
Reform,1 Sectors (value added),Tourism & catering,va_tou,2026,deflator_growth_pct,6.276105174875668
Reform,1 Sectors (value added),Tourism & catering,va_tou,2027,deflator_growth_pct,7.497839844683751
Reform,1 Sectors (value added),Tourism & catering,va_tou,2028,deflator_growth_pct,6.517299685222189
Reform,1 Sectors (value added),Tourism & catering,va_tou,2029,deflator_growth_pct,6.277657781785528
Reform,1 Sectors (value added),Tourism & catering,va_tou,2030,deflator_growth_pct,5.92212432956023
Reform,1 Sectors (value added),Tourism & catering,va_tou,2026,nominal,3892.2234290909623
Reform,1 Sectors (value added),Tourism & catering,va_tou,2027,nominal,4716.179890325443
Reform,1 Sectors (value added),Tourism & catering,va_tou,2028,nominal,5635.785746178161
Reform,1 Sectors (value added),Tourism & catering,va_tou,2029,nominal,6787.293521454371
Reform,1 Sectors (value added),Tourism & catering,va_tou,2030,nominal,8091.765922133952
Reform,1 Sectors (value added),Tourism & catering,va_tou,2026,nominal_growth_pct,8.934324911585856
Reform,1 Sectors (value added),Tourism & catering,va_tou,2027,nominal_growth_pct,21.169300176247006
Reform,1 Sectors (value added),Tourism & catering,va_tou,2028,nominal_growth_pct,19.49895630018601
Reform,1 Sectors (value added),Tourism & catering,va_tou,2029,nominal_growth_pct,20.432071536024775
Reform,1 Sectors (value added),Tourism & catering,va_tou,2030,nominal_growth_pct,19.219330894651797
Reform,1 Sectors (value added),Tourism & catering,va_tou,2026,real,2089.8752948862602
Reform,1 Sectors (value added),Tourism & catering,va_tou,2027,real,2355.663400333149
Reform,1 Sectors (value added),Tourism & catering,va_tou,2028,real,2642.756796935707
Reform,1 Sectors (value added),Tourism & catering,va_tou,2029,real,2994.727982003233
Reform,1 Sectors (value added),Tourism & catering,va_tou,2030,real,3370.678868893099
Reform,1 Sectors (value added),Tourism & catering,va_tou,2026,real_growth_pct,2.5012393259388865
Reform,1 Sectors (value added),Tourism & catering,va_tou,2027,real_growth_pct,12.717893077029462
Reform,1 Sectors (value added),Tourism & catering,va_tou,2028,real_growth_pct,12.187369237980072
Reform,1 Sectors (value added),Tourism & catering,va_tou,2029,real_growth_pct,13.318334304376368
Reform,1 Sectors (value added),Tourism & catering,va_tou,2030,real_growth_pct,12.553757441381542
Reform,1 Sectors (value added),Trade & vehicle repair,va_trd,2026,deflator,2.213533758625779
Reform,1 Sectors (value added),Trade & vehicle repair,va_trd,2027,deflator,2.402768225543864
Reform,1 Sectors (value added),Trade & vehicle repair,va_trd,2028,deflator,2.5870131703298664
Reform,1 Sectors (value added),Trade & vehicle repair,va_trd,2029,deflator,2.779812660699923
Reform,1 Sectors (value added),Trade & vehicle repair,va_trd,2030,deflator,2.9780929907197984
Reform,1 Sectors (value added),Trade & vehicle repair,va_trd,2026,deflator_growth_pct,7.451194245911075
Reform,1 Sectors (value added),Trade & vehicle repair,va_trd,2027,deflator_growth_pct,8.548975870852171
Reform,1 Sectors (value added),Trade & vehicle repair,va_trd,2028,deflator_growth_pct,7.668028186293285
Reform,1 Sectors (value added),Trade & vehicle repair,va_trd,2029,deflator_growth_pct,7.452590214122212
Reform,1 Sectors (value added),Trade & vehicle repair,va_trd,2030,deflator_growth_pct,7.132866643248925
Reform,1 Sectors (value added),Trade & vehicle repair,va_trd,2026,nominal,16296.605595378407
Reform,1 Sectors (value added),Trade & vehicle repair,va_trd,2027,nominal,18366.317165454682
Reform,1 Sectors (value added),Trade & vehicle repair,va_trd,2028,nominal,20635.865113848675
Reform,1 Sectors (value added),Trade & vehicle repair,va_trd,2029,nominal,23370.352370972414
Reform,1 Sectors (value added),Trade & vehicle repair,va_trd,2030,nominal,26343.598914949132
Reform,1 Sectors (value added),Trade & vehicle repair,va_trd,2026,nominal_growth_pct,11.428258043503025
Reform,1 Sectors (value added),Trade & vehicle repair,va_trd,2027,nominal_growth_pct,12.700261769010535
Reform,1 Sectors (value added),Trade & vehicle repair,va_trd,2028,nominal_growth_pct,12.357120526388377
Reform,1 Sectors (value added),Trade & vehicle repair,va_trd,2029,nominal_growth_pct,13.25113942176639
Reform,1 Sectors (value added),Trade & vehicle repair,va_trd,2030,nominal_growth_pct,12.722300874118165
Reform,1 Sectors (value added),Trade & vehicle repair,va_trd,2026,real,7362.257535884963
Reform,1 Sectors (value added),Trade & vehicle repair,va_trd,2027,real,7643.815566646044
Reform,1 Sectors (value added),Trade & vehicle repair,va_trd,2028,real,7976.7143633124315
Reform,1 Sectors (value added),Trade & vehicle repair,va_trd,2029,real,8407.168116533452
Reform,1 Sectors (value added),Trade & vehicle repair,va_trd,2030,real,8845.79460649479
Reform,1 Sectors (value added),Trade & vehicle repair,va_trd,2026,real_growth_pct,3.701274634966012
Reform,1 Sectors (value added),Trade & vehicle repair,va_trd,2027,real_growth_pct,3.824343679757436
Reform,1 Sectors (value added),Trade & vehicle repair,va_trd,2028,real_growth_pct,4.355139050175394
Reform,1 Sectors (value added),Trade & vehicle repair,va_trd,2029,real_growth_pct,5.396379180892086
Reform,1 Sectors (value added),Trade & vehicle repair,va_trd,2030,real_growth_pct,5.217291766757226
Reform,1 Sectors (value added),Transport & storage,va_tra,2026,deflator,1.4738216914097164
Reform,1 Sectors (value added),Transport & storage,va_tra,2027,deflator,1.5512593476595438
Reform,1 Sectors (value added),Transport & storage,va_tra,2028,deflator,1.6085585814616807
Reform,1 Sectors (value added),Transport & storage,va_tra,2029,deflator,1.6618616421464902
Reform,1 Sectors (value added),Transport & storage,va_tra,2030,deflator,1.7075782788309162
Reform,1 Sectors (value added),Transport & storage,va_tra,2026,deflator_growth_pct,3.3112555910076225
Reform,1 Sectors (value added),Transport & storage,va_tra,2027,deflator_growth_pct,5.25420793445901
Reform,1 Sectors (value added),Transport & storage,va_tra,2028,deflator_growth_pct,3.693723676094973
Reform,1 Sectors (value added),Transport & storage,va_tra,2029,deflator_growth_pct,3.3137158508938835
Reform,1 Sectors (value added),Transport & storage,va_tra,2030,deflator_growth_pct,2.750929170335592
Reform,1 Sectors (value added),Transport & storage,va_tra,2026,nominal,9831.077386676312
Reform,1 Sectors (value added),Transport & storage,va_tra,2027,nominal,10965.722966350913
Reform,1 Sectors (value added),Transport & storage,va_tra,2028,nominal,11957.725854432601
Reform,1 Sectors (value added),Transport & storage,va_tra,2029,nominal,13336.763161366078
Reform,1 Sectors (value added),Transport & storage,va_tra,2030,nominal,14570.311589700652
Reform,1 Sectors (value added),Transport & storage,va_tra,2026,nominal_growth_pct,7.960262092599679
Reform,1 Sectors (value added),Transport & storage,va_tra,2027,nominal_growth_pct,11.54141641904216
Reform,1 Sectors (value added),Transport & storage,va_tra,2028,nominal_growth_pct,9.046397498146884
Reform,1 Sectors (value added),Transport & storage,va_tra,2029,nominal_growth_pct,11.532605143496255
Reform,1 Sectors (value added),Transport & storage,va_tra,2030,nominal_growth_pct,9.249233966363857
Reform,1 Sectors (value added),Transport & storage,va_tra,2026,real,6670.46593490753
Reform,1 Sectors (value added),Transport & storage,va_tra,2027,real,7068.9166082353695
Reform,1 Sectors (value added),Transport & storage,va_tra,2028,real,7433.814343004367
Reform,1 Sectors (value added),Transport & storage,va_tra,2029,real,8025.194651066184
Reform,1 Sectors (value added),Transport & storage,va_tra,2030,real,8532.734206291341
Reform,1 Sectors (value added),Transport & storage,va_tra,2026,real_growth_pct,4.499999999996818
Reform,1 Sectors (value added),Transport & storage,va_tra,2027,real_growth_pct,5.973355942688929
Reform,1 Sectors (value added),Transport & storage,va_tra,2028,real_growth_pct,5.162003670320403
Reform,1 Sectors (value added),Transport & storage,va_tra,2029,real_growth_pct,7.955274113326993
Reform,1 Sectors (value added),Transport & storage,va_tra,2030,real_growth_pct,6.324327038693434
Reform,1 Sectors (value added),Water supply & waste,va_wat,2026,deflator,2.14417211232896
Reform,1 Sectors (value added),Water supply & waste,va_wat,2027,deflator,2.267623098598264
Reform,1 Sectors (value added),Water supply & waste,va_wat,2028,deflator,2.38116641548349
Reform,1 Sectors (value added),Water supply & waste,va_wat,2029,deflator,2.4960227071405954
Reform,1 Sectors (value added),Water supply & waste,va_wat,2030,deflator,2.60961521443951
Reform,1 Sectors (value added),Water supply & waste,va_wat,2026,deflator_growth_pct,4.822340687698401
Reform,1 Sectors (value added),Water supply & waste,va_wat,2027,deflator_growth_pct,5.757512914166862
Reform,1 Sectors (value added),Water supply & waste,va_wat,2028,deflator_growth_pct,5.007151186430092
Reform,1 Sectors (value added),Water supply & waste,va_wat,2029,deflator_growth_pct,4.82353064070844
Reform,1 Sectors (value added),Water supply & waste,va_wat,2030,deflator_growth_pct,4.550940461156472
Reform,1 Sectors (value added),Water supply & waste,va_wat,2026,nominal,313.7204470694674
Reform,1 Sectors (value added),Water supply & waste,va_wat,2027,nominal,358.9606648901077
Reform,1 Sectors (value added),Water supply & waste,va_wat,2028,nominal,402.93257213225496
Reform,1 Sectors (value added),Water supply & waste,va_wat,2029,nominal,450.6995033615475
Reform,1 Sectors (value added),Water supply & waste,va_wat,2030,nominal,500.3461475594428
Reform,1 Sectors (value added),Water supply & waste,va_wat,2026,nominal_growth_pct,3.9842383392334924
Reform,1 Sectors (value added),Water supply & waste,va_wat,2027,nominal_growth_pct,14.420551240201029
Reform,1 Sectors (value added),Water supply & waste,va_wat,2028,nominal_growth_pct,12.249784319852663
Reform,1 Sectors (value added),Water supply & waste,va_wat,2029,nominal_growth_pct,11.854820020262347
Reform,1 Sectors (value added),Water supply & waste,va_wat,2030,nominal_growth_pct,11.01546458951146
Reform,1 Sectors (value added),Water supply & waste,va_wat,2026,real,146.31308991735278
Reform,1 Sectors (value added),Water supply & waste,va_wat,2027,real,158.2982044555817
Reform,1 Sectors (value added),Water supply & waste,va_wat,2028,real,169.21646866518586
Reform,1 Sectors (value added),Water supply & waste,va_wat,2029,real,180.56706858963707
Reform,1 Sectors (value added),Water supply & waste,va_wat,2030,real,191.7317713320071
Reform,1 Sectors (value added),Water supply & waste,va_wat,2026,real_growth_pct,-0.7995455386384687
Reform,1 Sectors (value added),Water supply & waste,va_wat,2027,real_growth_pct,8.191416465197253
Reform,1 Sectors (value added),Water supply & waste,va_wat,2028,real_growth_pct,6.897276091762494
Reform,1 Sectors (value added),Water supply & waste,va_wat,2029,real_growth_pct,6.707739509036603
Reform,1 Sectors (value added),Water supply & waste,va_wat,2030,real_growth_pct,6.183133408308961
Reform,2 Aggregates,GDP at market prices,gdp,2026,deflator,2.181407435128081
Reform,2 Aggregates,GDP at market prices,gdp,2027,deflator,2.3556740113852777
Reform,2 Aggregates,GDP at market prices,gdp,2028,deflator,2.5201090769389944
Reform,2 Aggregates,GDP at market prices,gdp,2029,deflator,2.6829324772834613
Reform,2 Aggregates,GDP at market prices,gdp,2030,deflator,2.8448162639006167
Reform,2 Aggregates,GDP at market prices,gdp,2026,deflator_growth_pct,5.334606875188408
Reform,2 Aggregates,GDP at market prices,gdp,2027,deflator_growth_pct,7.988722026472983
Reform,2 Aggregates,GDP at market prices,gdp,2028,deflator_growth_pct,6.980382886553094
Reform,2 Aggregates,GDP at market prices,gdp,2029,deflator_growth_pct,6.460966385718403
Reform,2 Aggregates,GDP at market prices,gdp,2030,deflator_growth_pct,6.033837526208141
Reform,2 Aggregates,GDP at market prices,gdp,2026,nominal,136309.240721868
Reform,2 Aggregates,GDP at market prices,gdp,2027,nominal,153264.67302184275
Reform,2 Aggregates,GDP at market prices,gdp,2028,nominal,170103.98957088168
Reform,2 Aggregates,GDP at market prices,gdp,2029,nominal,191448.51313492525
Reform,2 Aggregates,GDP at market prices,gdp,2030,nominal,211874.1193799776
Reform,2 Aggregates,GDP at market prices,gdp,2026,nominal_growth_pct,5.589137157317925
Reform,2 Aggregates,GDP at market prices,gdp,2027,nominal_growth_pct,12.438945599125928
Reform,2 Aggregates,GDP at market prices,gdp,2028,nominal_growth_pct,10.987082813688609
Reform,2 Aggregates,GDP at market prices,gdp,2029,nominal_growth_pct,12.547926487726135
Reform,2 Aggregates,GDP at market prices,gdp,2030,nominal_growth_pct,10.668981393789778
Reform,2 Aggregates,GDP at market prices,gdp,2026,real,62486.83236649214
Reform,2 Aggregates,GDP at market prices,gdp,2027,real,65061.91955300043
Reform,2 Aggregates,GDP at market prices,gdp,2028,real,67498.66151726077
Reform,2 Aggregates,GDP at market prices,gdp,2029,real,71357.9319479452
Reform,2 Aggregates,GDP at market prices,gdp,2030,real,74477.25959267063
Reform,2 Aggregates,GDP at market prices,gdp,2026,real_growth_pct,0.24163975134126048
Reform,2 Aggregates,GDP at market prices,gdp,2027,real_growth_pct,4.121007721122938
Reform,2 Aggregates,GDP at market prices,gdp,2028,real_growth_pct,3.7452660188965536
Reform,2 Aggregates,GDP at market prices,gdp,2029,real_growth_pct,5.7175510505456995
Reform,2 Aggregates,GDP at market prices,gdp,2030,real_growth_pct,4.371381792567841
Reform,2 Aggregates,Goods production,goods,2026,deflator,2.2725999504716192
Reform,2 Aggregates,Goods production,goods,2027,deflator,2.4275371805774553
Reform,2 Aggregates,Goods production,goods,2028,deflator,2.566985599587611
Reform,2 Aggregates,Goods production,goods,2029,deflator,2.6899725552656
Reform,2 Aggregates,Goods production,goods,2030,deflator,2.80209617870944
Reform,2 Aggregates,Goods production,goods,2026,deflator_growth_pct,2.6205560248549142
Reform,2 Aggregates,Goods production,goods,2027,deflator_growth_pct,6.817620059953033
Reform,2 Aggregates,Goods production,goods,2028,deflator_growth_pct,5.74444009038757
Reform,2 Aggregates,Goods production,goods,2029,deflator_growth_pct,4.791104231272159
Reform,2 Aggregates,Goods production,goods,2030,deflator_growth_pct,4.168206966437582
Reform,2 Aggregates,Goods production,goods,2026,nominal,59021.28037854078
Reform,2 Aggregates,Goods production,goods,2027,nominal,64968.596012221285
Reform,2 Aggregates,Goods production,goods,2028,nominal,70340.4949885501
Reform,2 Aggregates,Goods production,goods,2029,nominal,78154.87402322955
Reform,2 Aggregates,Goods production,goods,2030,nominal,84110.39693096941
Reform,2 Aggregates,Goods production,goods,2026,nominal_growth_pct,0.6150312024970628
Reform,2 Aggregates,Goods production,goods,2027,nominal_growth_pct,10.076561530920047
Reform,2 Aggregates,Goods production,goods,2028,nominal_growth_pct,8.268454770545297
Reform,2 Aggregates,Goods production,goods,2029,nominal_growth_pct,11.109360313645023
Reform,2 Aggregates,Goods production,goods,2030,nominal_growth_pct,7.6201554697276075
Reform,2 Aggregates,Goods production,goods,2026,real,25970.818298351383
Reform,2 Aggregates,Goods production,goods,2027,real,26763.1723757025
Reform,2 Aggregates,Goods production,goods,2028,real,27401.982699026583
Reform,2 Aggregates,Goods production,goods,2029,real,29054.152939308617
Reform,2 Aggregates,Goods production,goods,2030,real,30016.955724092273
Reform,2 Aggregates,Goods production,goods,2026,real_growth_pct,-1.9543110075062486
Reform,2 Aggregates,Goods production,goods,2027,real_growth_pct,3.050939975200606
Reform,2 Aggregates,Goods production,goods,2028,real_growth_pct,2.3869006048925723
Reform,2 Aggregates,Goods production,goods,2029,real_growth_pct,6.029382101393432
Reform,2 Aggregates,Goods production,goods,2030,real_growth_pct,3.3138215620839517
Reform,2 Aggregates,Industry (total),ind,2026,deflator,2.542304790454309
Reform,2 Aggregates,Industry (total),ind,2027,deflator,2.7348284826748612
Reform,2 Aggregates,Industry (total),ind,2028,deflator,2.910148030547996
Reform,2 Aggregates,Industry (total),ind,2029,deflator,3.0600963479141687
Reform,2 Aggregates,Industry (total),ind,2030,deflator,3.1946989651344717
Reform,2 Aggregates,Industry (total),ind,2026,deflator_growth_pct,2.1901039756673457
Reform,2 Aggregates,Industry (total),ind,2027,deflator_growth_pct,7.572801378632055
Reform,2 Aggregates,Industry (total),ind,2028,deflator_growth_pct,6.410623151827766
Reform,2 Aggregates,Industry (total),ind,2029,deflator_growth_pct,5.152601028956472
Reform,2 Aggregates,Industry (total),ind,2030,deflator_growth_pct,4.398639843874563
Reform,2 Aggregates,Industry (total),ind,2026,nominal,43826.12363452517
Reform,2 Aggregates,Industry (total),ind,2027,nominal,47484.91643854709
Reform,2 Aggregates,Industry (total),ind,2028,nominal,50932.29324115653
Reform,2 Aggregates,Industry (total),ind,2029,nominal,56807.837157926966
Reform,2 Aggregates,Industry (total),ind,2030,nominal,60998.91975123056
Reform,2 Aggregates,Industry (total),ind,2026,nominal_growth_pct,2.9137369808952096
Reform,2 Aggregates,Industry (total),ind,2027,nominal_growth_pct,8.34842897476702
Reform,2 Aggregates,Industry (total),ind,2028,nominal_growth_pct,7.259940758389849
Reform,2 Aggregates,Industry (total),ind,2029,nominal_growth_pct,11.53598933578477
Reform,2 Aggregates,Industry (total),ind,2030,nominal_growth_pct,7.37764858333243
Reform,2 Aggregates,Industry (total),ind,2026,real,17238.73699136344
Reform,2 Aggregates,Industry (total),ind,2027,real,17363.032723757282
Reform,2 Aggregates,Industry (total),ind,2028,real,17501.615968162867
Reform,2 Aggregates,Industry (total),ind,2029,real,18564.068153164026
Reform,2 Aggregates,Industry (total),ind,2030,real,19093.79269125064
Reform,2 Aggregates,Industry (total),ind,2026,real_growth_pct,0.708124345778316
Reform,2 Aggregates,Industry (total),ind,2027,real_growth_pct,0.7210257483254878
Reform,2 Aggregates,Industry (total),ind,2028,real_growth_pct,0.7981511445057876
Reform,2 Aggregates,Industry (total),ind,2029,real_growth_pct,6.070594777841443
Reform,2 Aggregates,Industry (total),ind,2030,real_growth_pct,2.8534938232077645
Reform,2 Aggregates,Non-oil GDP,gdpnon,2026,deflator,1.9322561432120442
Reform,2 Aggregates,Non-oil GDP,gdpnon,2027,deflator,2.0898211380015725
Reform,2 Aggregates,Non-oil GDP,gdpnon,2028,deflator,2.239049142115314
Reform,2 Aggregates,Non-oil GDP,gdpnon,2029,deflator,2.3904372745477382
Reform,2 Aggregates,Non-oil GDP,gdpnon,2030,deflator,2.547049199169798
Reform,2 Aggregates,Non-oil GDP,gdpnon,2026,deflator_growth_pct,7.201852433569389
Reform,2 Aggregates,Non-oil GDP,gdpnon,2027,deflator_growth_pct,8.154456920375154
Reform,2 Aggregates,Non-oil GDP,gdpnon,2028,deflator_growth_pct,7.1407069916252786
Reform,2 Aggregates,Non-oil GDP,gdpnon,2029,deflator_growth_pct,6.761268861182845
Reform,2 Aggregates,Non-oil GDP,gdpnon,2030,deflator_growth_pct,6.551601511974003
Reform,2 Aggregates,Non-oil GDP,gdpnon,2026,nominal,99609.24478604886
Reform,2 Aggregates,Non-oil GDP,gdpnon,2027,nominal,114603.63825069765
Reform,2 Aggregates,Non-oil GDP,gdpnon,2028,nominal,129825.56995261466
Reform,2 Aggregates,Non-oil GDP,gdpnon,2029,nominal,147202.98415680556
Reform,2 Aggregates,Non-oil GDP,gdpnon,2030,nominal,165761.08075572905
Reform,2 Aggregates,Non-oil GDP,gdpnon,2026,nominal_growth_pct,7.910707611926759
Reform,2 Aggregates,Non-oil GDP,gdpnon,2027,nominal_growth_pct,15.053214685901217
Reform,2 Aggregates,Non-oil GDP,gdpnon,2028,nominal_growth_pct,13.282241239687998
Reform,2 Aggregates,Non-oil GDP,gdpnon,2029,nominal_growth_pct,13.385201552000513
Reform,2 Aggregates,Non-oil GDP,gdpnon,2030,nominal_growth_pct,12.607146998565465
Reform,2 Aggregates,Non-oil GDP,gdpnon,2026,real,51550.74555512376
Reform,2 Aggregates,Non-oil GDP,gdpnon,2027,real,54838.96978872047
Reform,2 Aggregates,Non-oil GDP,gdpnon,2028,real,57982.45670926345
Reform,2 Aggregates,Non-oil GDP,gdpnon,2029,real,61579.94009052415
Reform,2 Aggregates,Non-oil GDP,gdpnon,2030,real,65079.65405998373
Reform,2 Aggregates,Non-oil GDP,gdpnon,2026,real_growth_pct,0.6612340759658331
Reform,2 Aggregates,Non-oil GDP,gdpnon,2027,real_growth_pct,6.378616251205482
Reform,2 Aggregates,Non-oil GDP,gdpnon,2028,real_growth_pct,5.732213666037089
Reform,2 Aggregates,Non-oil GDP,gdpnon,2029,real_growth_pct,6.204434212401955
Reform,2 Aggregates,Non-oil GDP,gdpnon,2030,real_growth_pct,5.683204570051403
Reform,2 Aggregates,Non-oil industry,indnon,2026,deflator,1.8696260789794161
Reform,2 Aggregates,Non-oil industry,indnon,2027,deflator,2.0017457637881257
Reform,2 Aggregates,Non-oil industry,indnon,2028,deflator,2.1203931400189875
Reform,2 Aggregates,Non-oil industry,indnon,2029,deflator,2.2399704503156004
Reform,2 Aggregates,Non-oil industry,indnon,2030,deflator,2.3568490768453034
Reform,2 Aggregates,Non-oil industry,indnon,2026,deflator_growth_pct,5.641374367595153
Reform,2 Aggregates,Non-oil industry,indnon,2027,deflator_growth_pct,7.066636815465821
Reform,2 Aggregates,Non-oil industry,indnon,2028,deflator_growth_pct,5.927195070283653
Reform,2 Aggregates,Non-oil industry,indnon,2029,deflator_growth_pct,5.639393376623647
Reform,2 Aggregates,Non-oil industry,indnon,2030,deflator_growth_pct,5.217864660367977
Reform,2 Aggregates,Non-oil industry,indnon,2026,nominal,10470.000912042975
Reform,2 Aggregates,Non-oil industry,indnon,2027,nominal,12346.432427276754
Reform,2 Aggregates,Non-oil industry,indnon,2028,nominal,14323.790335485546
Reform,2 Aggregates,Non-oil industry,indnon,2029,nominal,16593.68299027308
Reform,2 Aggregates,Non-oil industry,indnon,2030,nominal,19087.411691477308
Reform,2 Aggregates,Non-oil industry,indnon,2026,nominal_growth_pct,10.479174751690667
Reform,2 Aggregates,Non-oil industry,indnon,2027,nominal_growth_pct,17.9219804372265
Reform,2 Aggregates,Non-oil industry,indnon,2028,nominal_growth_pct,16.015621677402535
Reform,2 Aggregates,Non-oil industry,indnon,2029,nominal_growth_pct,15.847011172483683
Reform,2 Aggregates,Non-oil industry,indnon,2030,nominal_growth_pct,15.028180920811906
Reform,2 Aggregates,Non-oil industry,indnon,2026,real,5600.050742637424
Reform,2 Aggregates,Non-oil industry,indnon,2027,real,6167.832424389513
Reform,2 Aggregates,Non-oil industry,indnon,2028,real,6755.252158265934
Reform,2 Aggregates,Non-oil industry,indnon,2029,real,7407.99191700726
Reform,2 Aggregates,Non-oil industry,indnon,2030,real,8098.69918231092
Reform,2 Aggregates,Non-oil industry,indnon,2026,real_growth_pct,4.579456120347003
Reform,2 Aggregates,Non-oil industry,indnon,2027,real_growth_pct,10.138866732566143
Reform,2 Aggregates,Non-oil industry,indnon,2028,real_growth_pct,9.523924994355903
Reform,2 Aggregates,Non-oil industry,indnon,2029,real_growth_pct,9.662700125007383
Reform,2 Aggregates,Non-oil industry,indnon,2030,real_growth_pct,9.32381235079287
Reform,2 Aggregates,Oil and gas GDP,gdpoil,2026,deflator,2.6067959140650303
Reform,2 Aggregates,Oil and gas GDP,gdpoil,2027,deflator,2.8069949756195585
Reform,2 Aggregates,Oil and gas GDP,gdpoil,2028,deflator,2.996046858255008
Reform,2 Aggregates,Oil and gas GDP,gdpoil,2029,deflator,3.124904537076686
Reform,2 Aggregates,Oil and gas GDP,gdpoil,2030,deflator,3.2473608168754367
Reform,2 Aggregates,Oil and gas GDP,gdpoil,2026,deflator_growth_pct,0.6697916819186744
Reform,2 Aggregates,Oil and gas GDP,gdpoil,2027,deflator_growth_pct,7.679890108556231
Reform,2 Aggregates,Oil and gas GDP,gdpoil,2028,deflator_growth_pct,6.73502746807455
Reform,2 Aggregates,Oil and gas GDP,gdpoil,2029,deflator_growth_pct,4.300923347264618
Reform,2 Aggregates,Oil and gas GDP,gdpoil,2030,deflator_growth_pct,3.9187206631696725
Reform,2 Aggregates,Oil and gas GDP,gdpoil,2026,nominal,36699.99593581914
Reform,2 Aggregates,Oil and gas GDP,gdpoil,2027,nominal,38661.0347711451
Reform,2 Aggregates,Oil and gas GDP,gdpoil,2028,nominal,40278.419618267006
Reform,2 Aggregates,Oil and gas GDP,gdpoil,2029,nominal,44245.528978119684
Reform,2 Aggregates,Oil and gas GDP,gdpoil,2030,nominal,46113.03862424854
Reform,2 Aggregates,Oil and gas GDP,gdpoil,2026,nominal_growth_pct,-0.2362364433558195
Reform,2 Aggregates,Oil and gas GDP,gdpoil,2027,nominal_growth_pct,5.3434306607429205
Reform,2 Aggregates,Oil and gas GDP,gdpoil,2028,nominal_growth_pct,4.183501183287119
Reform,2 Aggregates,Oil and gas GDP,gdpoil,2029,nominal_growth_pct,9.849218011655857
Reform,2 Aggregates,Oil and gas GDP,gdpoil,2030,nominal_growth_pct,4.2207872507352695
Reform,2 Aggregates,Oil and gas GDP,gdpoil,2026,real,14078.584264231591
Reform,2 Aggregates,Oil and gas GDP,gdpoil,2027,real,13773.104372091675
Reform,2 Aggregates,Oil and gas GDP,gdpoil,2028,real,13443.85502759674
Reform,2 Aggregates,Oil and gas GDP,gdpoil,2029,real,14159.001804103395
Reform,2 Aggregates,Oil and gas GDP,gdpoil,2030,real,14200.15859790346
Reform,2 Aggregates,Oil and gas GDP,gdpoil,2026,real_growth_pct,-0.9000000001362918
Reform,2 Aggregates,Oil and gas GDP,gdpoil,2027,real_growth_pct,-2.1698196807758974
Reform,2 Aggregates,Oil and gas GDP,gdpoil,2028,real_growth_pct,-2.3905238470572465
Reform,2 Aggregates,Oil and gas GDP,gdpoil,2029,real_growth_pct,5.3195067563481135
Reform,2 Aggregates,Oil and gas GDP,gdpoil,2030,real_growth_pct,0.2906758143652377
Reform,2 Aggregates,Services production,serv,2026,deflator,2.03561411266488
Reform,2 Aggregates,Services production,serv,2027,deflator,2.216299010481716
Reform,2 Aggregates,Services production,serv,2028,deflator,2.390774252732198
Reform,2 Aggregates,Services production,serv,2029,deflator,2.5736638041101334
Reform,2 Aggregates,Services production,serv,2030,deflator,2.7616889097508515
Reform,2 Aggregates,Services production,serv,2026,deflator_growth_pct,7.482677475745891
Reform,2 Aggregates,Services production,serv,2027,deflator_growth_pct,8.876186144155618
Reform,2 Aggregates,Services production,serv,2028,deflator_growth_pct,7.872369270812385
Reform,2 Aggregates,Services production,serv,2029,deflator_growth_pct,7.649804291180051
Reform,2 Aggregates,Services production,serv,2030,deflator_growth_pct,7.305736877537861
Reform,2 Aggregates,Services production,serv,2026,nominal,63905.34168325299
Reform,2 Aggregates,Services production,serv,2027,nominal,72910.57964119574
Reform,2 Aggregates,Services production,serv,2028,nominal,82299.72670642106
Reform,2 Aggregates,Services production,serv,2029,nominal,93414.01052273784
Reform,2 Aggregates,Services production,serv,2030,nominal,105294.16082451626
Reform,2 Aggregates,Services production,serv,2026,nominal_growth_pct,10.114415827672385
Reform,2 Aggregates,Services production,serv,2027,nominal_growth_pct,14.09152618661713
Reform,2 Aggregates,Services production,serv,2028,nominal_growth_pct,12.877619560056663
Reform,2 Aggregates,Services production,serv,2029,nominal_growth_pct,13.50464243455336
Reform,2 Aggregates,Services production,serv,2030,nominal_growth_pct,12.717739271976436
Reform,2 Aggregates,Services production,serv,2026,real,31393.642481478328
Reform,2 Aggregates,Services production,serv,2027,real,32897.44718396482
Reform,2 Aggregates,Services production,serv,2028,real,34423.88030252886
Reform,2 Aggregates,Services production,serv,2029,real,36296.120096788065
Reform,2 Aggregates,Services production,serv,2030,real,38126.727616839176
Reform,2 Aggregates,Services production,serv,2026,real_growth_pct,2.448523253917223
Reform,2 Aggregates,Services production,serv,2027,real_growth_pct,4.790156807620227
Reform,2 Aggregates,Services production,serv,2028,real_growth_pct,4.639974372564892
Reform,2 Aggregates,Services production,serv,2029,real_growth_pct,5.438781967068573
Reform,2 Aggregates,Services production,serv,2030,real_growth_pct,5.043534998147381
Reform,3 Consumer markets,Catering turnover,cater,2026,deflator,2.027504631623433
Reform,3 Consumer markets,Catering turnover,cater,2027,deflator,2.173453355098093
Reform,3 Consumer markets,Catering turnover,cater,2028,deflator,2.3103995912996687
Reform,3 Consumer markets,Catering turnover,cater,2029,deflator,2.450903975136657
Reform,3 Consumer markets,Catering turnover,cater,2030,deflator,2.5919708233028516
Reform,3 Consumer markets,Catering turnover,cater,2026,deflator_growth_pct,6.079966829353856
Reform,3 Consumer markets,Catering turnover,cater,2027,deflator_growth_pct,7.198440940566342
Reform,3 Consumer markets,Catering turnover,cater,2028,deflator_growth_pct,6.300859223886812
Reform,3 Consumer markets,Catering turnover,cater,2029,deflator_growth_pct,6.081388880351657
Reform,3 Consumer markets,Catering turnover,cater,2030,deflator_growth_pct,5.755706857439358
Reform,3 Consumer markets,Catering turnover,cater,2026,nominal,2886.717039104319
Reform,3 Consumer markets,Catering turnover,cater,2027,nominal,3198.242092824939
Reform,3 Consumer markets,Catering turnover,cater,2028,nominal,3535.6361463886306
Reform,3 Consumer markets,Catering turnover,cater,2029,nominal,3943.6733895416646
Reform,3 Consumer markets,Catering turnover,cater,2030,nominal,4377.973008273224
Reform,3 Consumer markets,Catering turnover,cater,2026,nominal_growth_pct,2.7813515311656767
Reform,3 Consumer markets,Catering turnover,cater,2027,nominal_growth_pct,10.791672668315243
Reform,3 Consumer markets,Catering turnover,cater,2028,nominal_growth_pct,10.54935942218429
Reform,3 Consumer markets,Catering turnover,cater,2029,nominal_growth_pct,11.540702330747798
Reform,3 Consumer markets,Catering turnover,cater,2030,nominal_growth_pct,11.012565591341584
Reform,3 Consumer markets,Catering turnover,cater,2026,real,1423.7782711218324
Reform,3 Consumer markets,Catering turnover,cater,2027,real,1471.502521700354
Reform,3 Consumer markets,Catering turnover,cater,2028,real,1530.3136997179479
Reform,3 Consumer markets,Catering turnover,cater,2029,real,1609.0689107155958
Reform,3 Consumer markets,Catering turnover,cater,2030,real,1689.0518091150952
Reform,3 Consumer markets,Catering turnover,cater,2026,real_growth_pct,-3.109555363544292
Reform,3 Consumer markets,Catering turnover,cater,2027,real_growth_pct,3.3519440173025217
Reform,3 Consumer markets,Catering turnover,cater,2028,real_growth_pct,3.9966753131782884
Reform,3 Consumer markets,Catering turnover,cater,2029,real_growth_pct,5.146344243808532
Reform,3 Consumer markets,Catering turnover,cater,2030,real_growth_pct,4.970756557836231
Reform,3 Consumer markets,Consumer market (total),cons_mkt,2026,deflator,2.0689960184289746
Reform,3 Consumer markets,Consumer market (total),cons_mkt,2027,deflator,2.212450149376554
Reform,3 Consumer markets,Consumer market (total),cons_mkt,2028,deflator,2.343977873306267
Reform,3 Consumer markets,Consumer market (total),cons_mkt,2029,deflator,2.4776288740860117
Reform,3 Consumer markets,Consumer market (total),cons_mkt,2030,deflator,2.6099431557212602
Reform,3 Consumer markets,Consumer market (total),cons_mkt,2026,deflator_growth_pct,5.700312169327848
Reform,3 Consumer markets,Consumer market (total),cons_mkt,2027,deflator_growth_pct,6.933514113599237
Reform,3 Consumer markets,Consumer market (total),cons_mkt,2028,deflator_growth_pct,5.944889830253408
Reform,3 Consumer markets,Consumer market (total),cons_mkt,2029,deflator_growth_pct,5.701888328460414
Reform,3 Consumer markets,Consumer market (total),cons_mkt,2030,deflator_growth_pct,5.340359204687539
Reform,3 Consumer markets,Consumer market (total),cons_mkt,2026,nominal,94424.60968849536
Reform,3 Consumer markets,Consumer market (total),cons_mkt,2027,nominal,104614.60448439623
Reform,3 Consumer markets,Consumer market (total),cons_mkt,2028,nominal,115650.77511956112
Reform,3 Consumer markets,Consumer market (total),cons_mkt,2029,nominal,128997.6868193166
Reform,3 Consumer markets,Consumer market (total),cons_mkt,2030,nominal,143203.64169161083
Reform,3 Consumer markets,Consumer market (total),cons_mkt,2026,nominal_growth_pct,10.563315763923796
Reform,3 Consumer markets,Consumer market (total),cons_mkt,2027,nominal_growth_pct,10.79167266829848
Reform,3 Consumer markets,Consumer market (total),cons_mkt,2028,nominal_growth_pct,10.549359422193284
Reform,3 Consumer markets,Consumer market (total),cons_mkt,2029,nominal_growth_pct,11.540702330751596
Reform,3 Consumer markets,Consumer market (total),cons_mkt,2030,nominal_growth_pct,11.012565591344359
Reform,3 Consumer markets,Consumer market (total),cons_mkt,2026,real,45637.88854470278
Reform,3 Consumer markets,Consumer market (total),cons_mkt,2027,real,47284.50243901566
Reform,3 Consumer markets,Consumer market (total),cons_mkt,2028,real,49339.53363494488
Reform,3 Consumer markets,Consumer market (total),cons_mkt,2029,real,52064.97557746754
Reform,3 Consumer markets,Consumer market (total),cons_mkt,2030,real,54868.4906710301
Reform,3 Consumer markets,Consumer market (total),cons_mkt,2026,real_growth_pct,4.600746672162703
Reform,3 Consumer markets,Consumer market (total),cons_mkt,2027,real_growth_pct,3.607997536301455
Reform,3 Consumer markets,Consumer market (total),cons_mkt,2028,real_growth_pct,4.346098806008714
Reform,3 Consumer markets,Consumer market (total),cons_mkt,2029,real_growth_pct,5.523850230704985
Reform,3 Consumer markets,Consumer market (total),cons_mkt,2030,real_growth_pct,5.384646900277912
Reform,3 Consumer markets,Paid services to households,serv_hh,2026,deflator,1.7849807781582008
Reform,3 Consumer markets,Paid services to households,serv_hh,2027,deflator,1.874925266605897
Reform,3 Consumer markets,Paid services to households,serv_hh,2028,deflator,1.9574537942841896
Reform,3 Consumer markets,Paid services to households,serv_hh,2029,deflator,2.0405604651596985
Reform,3 Consumer markets,Paid services to households,serv_hh,2030,deflator,2.122467025359918
Reform,3 Consumer markets,Paid services to households,serv_hh,2026,deflator_growth_pct,4.244640349314799
Reform,3 Consumer markets,Paid services to households,serv_hh,2027,deflator_growth_pct,5.0389611780863985
Reform,3 Consumer markets,Paid services to households,serv_hh,2028,deflator_growth_pct,4.401696918175868
Reform,3 Consumer markets,Paid services to households,serv_hh,2029,deflator_growth_pct,4.245651729720623
Reform,3 Consumer markets,Paid services to households,serv_hh,2030,deflator_growth_pct,4.013924683864212
Reform,3 Consumer markets,Paid services to households,serv_hh,2026,nominal,15705.433941745196
Reform,3 Consumer markets,Paid services to households,serv_hh,2027,nominal,17400.31296388266
Reform,3 Consumer markets,Paid services to households,serv_hh,2028,nominal,19235.934519024213
Reform,3 Consumer markets,Paid services to households,serv_hh,2029,nominal,21455.896462400797
Reform,3 Consumer markets,Paid services to households,serv_hh,2030,nominal,23818.741133532054
Reform,3 Consumer markets,Paid services to households,serv_hh,2026,nominal_growth_pct,5.006010294685281
Reform,3 Consumer markets,Paid services to households,serv_hh,2027,nominal_growth_pct,10.791672668352458
Reform,3 Consumer markets,Paid services to households,serv_hh,2028,nominal_growth_pct,10.549359422164994
Reform,3 Consumer markets,Paid services to households,serv_hh,2029,nominal_growth_pct,11.540702330739672
Reform,3 Consumer markets,Paid services to households,serv_hh,2030,nominal_growth_pct,11.012565591337076
Reform,3 Consumer markets,Paid services to households,serv_hh,2026,real,8798.657181031695
Reform,3 Consumer markets,Paid services to households,serv_hh,2027,real,9280.536815945607
Reform,3 Consumer markets,Paid services to households,serv_hh,2028,real,9827.018433433059
Reform,3 Consumer markets,Paid services to households,serv_hh,2029,real,10514.707517241648
Reform,3 Consumer markets,Paid services to households,serv_hh,2030,real,11222.196080757949
Reform,3 Consumer markets,Paid services to households,serv_hh,2026,real_growth_pct,0.7303684321987358
Reform,3 Consumer markets,Paid services to households,serv_hh,2027,real_growth_pct,5.476740654843981
Reform,3 Consumer markets,Paid services to households,serv_hh,2028,real_growth_pct,5.888469905625504
Reform,3 Consumer markets,Paid services to households,serv_hh,2029,real_growth_pct,6.997942340974572
Reform,3 Consumer markets,Paid services to households,serv_hh,2030,real_growth_pct,6.728561515916498
Reform,3 Consumer markets,Retail trade turnover,retail,2026,deflator,2.1364631472105957
Reform,3 Consumer markets,Retail trade turnover,retail,2027,deflator,2.2858356236856516
Reform,3 Consumer markets,Retail trade turnover,retail,2028,deflator,2.426223466646067
Reform,3 Consumer markets,Retail trade turnover,retail,2029,deflator,2.5701898855014846
Reform,3 Consumer markets,Retail trade turnover,retail,2030,deflator,2.7147694396653046
Reform,3 Consumer markets,Retail trade turnover,retail,2026,deflator_growth_pct,5.93241882336204
Reform,3 Consumer markets,Retail trade turnover,retail,2027,deflator_growth_pct,6.991577489650558
Reform,3 Consumer markets,Retail trade turnover,retail,2028,deflator_growth_pct,6.141642098221212
Reform,3 Consumer markets,Retail trade turnover,retail,2029,deflator_growth_pct,5.933765823081094
Reform,3 Consumer markets,Retail trade turnover,retail,2030,deflator_growth_pct,5.6252479623936535
Reform,3 Consumer markets,Retail trade turnover,retail,2026,nominal,75832.45870760096
Reform,3 Consumer markets,Retail trade turnover,retail,2027,nominal,84016.04942766584
Reform,3 Consumer markets,Retail trade turnover,retail,2028,nominal,92879.20445410731
Reform,3 Consumer markets,Retail trade turnover,retail,2029,nominal,103598.11696732107
Reform,3 Consumer markets,Retail trade turnover,retail,2030,nominal,115006.92754974122
Reform,3 Consumer markets,Retail trade turnover,retail,2026,nominal_growth_pct,12.115335791916904
Reform,3 Consumer markets,Retail trade turnover,retail,2027,nominal_growth_pct,10.791672668322194
Reform,3 Consumer markets,Retail trade turnover,retail,2028,nominal_growth_pct,10.549359422180714
Reform,3 Consumer markets,Retail trade turnover,retail,2029,nominal_growth_pct,11.540702330746267
Reform,3 Consumer markets,Retail trade turnover,retail,2030,nominal_growth_pct,11.012565591340762
Reform,3 Consumer markets,Retail trade turnover,retail,2026,real,35494.391188824935
Reform,3 Consumer markets,Retail trade turnover,retail,2027,real,36755.07046836529
Reform,3 Consumer markets,Retail trade turnover,retail,2028,real,38281.38905213893
Reform,3 Consumer markets,Retail trade turnover,retail,2029,real,40307.57320761436
Reform,3 Consumer markets,Retail trade turnover,retail,2030,real,42363.423526647646
Reform,3 Consumer markets,Retail trade turnover,retail,2026,real_growth_pct,5.836661748340366
Reform,3 Consumer markets,Retail trade turnover,retail,2027,real_growth_pct,3.5517703989729643
Reform,3 Consumer markets,Retail trade turnover,retail,2028,real_growth_pct,4.152674894440289
Reform,3 Consumer markets,Retail trade turnover,retail,2029,real_growth_pct,5.2928699967385695
Reform,3 Consumer markets,Retail trade turnover,retail,2030,real_growth_pct,5.100407083413594
Reform,4 Investment market,Fixed investment (total),inv_tot,2026,deflator,1.698898104998889
Reform,4 Investment market,Fixed investment (total),inv_tot,2027,deflator,1.816691444884657
Reform,4 Investment market,Fixed investment (total),inv_tot,2028,deflator,1.9246917498386886
Reform,4 Investment market,Fixed investment (total),inv_tot,2029,deflator,2.0344355240815815
Reform,4 Investment market,Fixed investment (total),inv_tot,2030,deflator,2.1430816888553053
Reform,4 Investment market,Fixed investment (total),inv_tot,2026,deflator_growth_pct,5.700312169327848
Reform,4 Investment market,Fixed investment (total),inv_tot,2027,deflator_growth_pct,6.933514113599237
Reform,4 Investment market,Fixed investment (total),inv_tot,2028,deflator_growth_pct,5.944889830253408
Reform,4 Investment market,Fixed investment (total),inv_tot,2029,deflator_growth_pct,5.701888328460414
Reform,4 Investment market,Fixed investment (total),inv_tot,2030,deflator_growth_pct,5.340359204687539
Reform,4 Investment market,Fixed investment (total),inv_tot,2026,nominal,23111.12311274682
Reform,4 Investment market,Fixed investment (total),inv_tot,2027,nominal,25744.014701006447
Reform,4 Investment market,Fixed investment (total),inv_tot,2028,nominal,28399.663113360337
Reform,4 Investment market,Fixed investment (total),inv_tot,2029,nominal,31582.38574941353
Reform,4 Investment market,Fixed investment (total),inv_tot,2030,nominal,34708.388606763976
Reform,4 Investment market,Fixed investment (total),inv_tot,2026,nominal_growth_pct,8.88068516000029
Reform,4 Investment market,Fixed investment (total),inv_tot,2027,nominal_growth_pct,11.39231345623124
Reform,4 Investment market,Fixed investment (total),inv_tot,2028,nominal_growth_pct,10.315595462467119
Reform,4 Investment market,Fixed investment (total),inv_tot,2029,nominal_growth_pct,11.206902783842931
Reform,4 Investment market,Fixed investment (total),inv_tot,2030,nominal_growth_pct,9.897931341075129
Reform,4 Investment market,Fixed investment (total),inv_tot,2026,real,13603.595792322067
Reform,4 Investment market,Fixed investment (total),inv_tot,2027,real,14170.823985270075
Reform,4 Investment market,Fixed investment (total),inv_tot,2028,real,14755.434534252332
Reform,4 Investment market,Fixed investment (total),inv_tot,2029,real,15523.905956012528
Reform,4 Investment market,Fixed investment (total),inv_tot,2030,real,16195.550914955062
Reform,4 Investment market,Fixed investment (total),inv_tot,2026,real_growth_pct,3.0088586546249685
Reform,4 Investment market,Fixed investment (total),inv_tot,2027,real_growth_pct,4.1696930841487845
Reform,4 Investment market,Fixed investment (total),inv_tot,2028,real_growth_pct,4.125452052681844
Reform,4 Investment market,Fixed investment (total),inv_tot,2029,real_growth_pct,5.208056868649402
Reform,4 Investment market,Fixed investment (total),inv_tot,2030,real_growth_pct,4.326520405661194
Reform,4 Investment market,Non-oil investment,inv_non,2026,deflator,1.698898104998889
Reform,4 Investment market,Non-oil investment,inv_non,2027,deflator,1.816691444884657
Reform,4 Investment market,Non-oil investment,inv_non,2028,deflator,1.9246917498386886
Reform,4 Investment market,Non-oil investment,inv_non,2029,deflator,2.0344355240815815
Reform,4 Investment market,Non-oil investment,inv_non,2030,deflator,2.1430816888553053
Reform,4 Investment market,Non-oil investment,inv_non,2026,deflator_growth_pct,5.700312169327848
Reform,4 Investment market,Non-oil investment,inv_non,2027,deflator_growth_pct,6.933514113599237
Reform,4 Investment market,Non-oil investment,inv_non,2028,deflator_growth_pct,5.944889830253408
Reform,4 Investment market,Non-oil investment,inv_non,2029,deflator_growth_pct,5.701888328460414
Reform,4 Investment market,Non-oil investment,inv_non,2030,deflator_growth_pct,5.340359204687539
Reform,4 Investment market,Non-oil investment,inv_non,2026,nominal,17733.327963836917
Reform,4 Investment market,Non-oil investment,inv_non,2027,nominal,20043.184500775704
Reform,4 Investment market,Non-oil investment,inv_non,2028,nominal,22417.65810428555
Reform,4 Investment market,Non-oil investment,inv_non,2029,nominal,25037.793270668517
Reform,4 Investment market,Non-oil investment,inv_non,2030,nominal,27841.64286834419
Reform,4 Investment market,Non-oil investment,inv_non,2026,nominal_growth_pct,11.625091430337186
Reform,4 Investment market,Non-oil investment,inv_non,2027,nominal_growth_pct,13.025510731258194
Reform,4 Investment market,Non-oil investment,inv_non,2028,nominal_growth_pct,11.84678813597686
Reform,4 Investment market,Non-oil investment,inv_non,2029,nominal_growth_pct,11.687818389388681
Reform,4 Investment market,Non-oil investment,inv_non,2030,nominal_growth_pct,11.198469319420212
Reform,4 Investment market,Non-oil investment,inv_non,2026,real,10438.13511337604
Reform,4 Investment market,Non-oil investment,inv_non,2027,real,11032.79511620547
Reform,4 Investment market,Non-oil investment,inv_non,2028,real,11647.401775460621
Reform,4 Investment market,Non-oil investment,inv_non,2029,real,12306.997677879957
Reform,4 Investment market,Non-oil investment,inv_non,2030,real,12991.405326791526
Reform,4 Investment market,Non-oil investment,inv_non,2026,real_growth_pct,5.605261838317066
Reform,4 Investment market,Non-oil investment,inv_non,2027,real_growth_pct,5.69699468698579
Reform,4 Investment market,Non-oil investment,inv_non,2028,real_growth_pct,5.570724850608233
Reform,4 Investment market,Non-oil investment,inv_non,2029,real_growth_pct,5.663030391971269
Reform,4 Investment market,Non-oil investment,inv_non,2030,real_growth_pct,5.561126009974737
Reform,4 Investment market,Non-state investment,inv_priv,2026,deflator,1.698898104998889
Reform,4 Investment market,Non-state investment,inv_priv,2027,deflator,1.816691444884657
Reform,4 Investment market,Non-state investment,inv_priv,2028,deflator,1.9246917498386886
Reform,4 Investment market,Non-state investment,inv_priv,2029,deflator,2.0344355240815815
Reform,4 Investment market,Non-state investment,inv_priv,2030,deflator,2.1430816888553053
Reform,4 Investment market,Non-state investment,inv_priv,2026,deflator_growth_pct,5.700312169327848
Reform,4 Investment market,Non-state investment,inv_priv,2027,deflator_growth_pct,6.933514113599237
Reform,4 Investment market,Non-state investment,inv_priv,2028,deflator_growth_pct,5.944889830253408
Reform,4 Investment market,Non-state investment,inv_priv,2029,deflator_growth_pct,5.701888328460414
Reform,4 Investment market,Non-state investment,inv_priv,2030,deflator_growth_pct,5.340359204687539
Reform,4 Investment market,Non-state investment,inv_priv,2026,nominal,10431.792841468414
Reform,4 Investment market,Non-state investment,inv_priv,2027,nominal,11507.63860488727
Reform,4 Investment market,Non-state investment,inv_priv,2028,nominal,12562.81449384216
Reform,4 Investment market,Non-state investment,inv_priv,2029,nominal,14005.545304764308
Reform,4 Investment market,Non-state investment,inv_priv,2030,nominal,15267.106402485379
Reform,4 Investment market,Non-state investment,inv_priv,2026,nominal_growth_pct,5.059818831343543
Reform,4 Investment market,Non-state investment,inv_priv,2027,nominal_growth_pct,10.313143481359788
Reform,4 Investment market,Non-state investment,inv_priv,2028,nominal_growth_pct,9.169351985964846
Reform,4 Investment market,Non-state investment,inv_priv,2029,nominal_growth_pct,11.484136867811934
Reform,4 Investment market,Non-state investment,inv_priv,2030,nominal_growth_pct,9.007582855713036
Reform,4 Investment market,Non-state investment,inv_priv,2026,real,6140.328728823461
Reform,4 Investment market,Non-state investment,inv_priv,2027,real,6334.393568753718
Reform,4 Investment market,Non-state investment,inv_priv,2028,real,6527.182596847037
Reform,4 Investment market,Non-state investment,inv_priv,2029,real,6884.241421751089
Reform,4 Investment market,Non-state investment,inv_priv,2030,real,7123.903153985732
Reform,4 Investment market,Non-state investment,inv_priv,2026,real_growth_pct,-0.6059521725520156
Reform,4 Investment market,Non-state investment,inv_priv,2027,real_growth_pct,3.160495935979668
Reform,4 Investment market,Non-state investment,inv_priv,2028,real_growth_pct,3.0435277821117435
Reform,4 Investment market,Non-state investment,inv_priv,2029,real_growth_pct,5.470336084615268
Reform,4 Investment market,Non-state investment,inv_priv,2030,real_growth_pct,3.4813092329595063
Reform,4 Investment market,Oil and gas investment,inv_oil,2026,deflator,1.698898104998889
Reform,4 Investment market,Oil and gas investment,inv_oil,2027,deflator,1.816691444884657
Reform,4 Investment market,Oil and gas investment,inv_oil,2028,deflator,1.9246917498386886
Reform,4 Investment market,Oil and gas investment,inv_oil,2029,deflator,2.0344355240815815
Reform,4 Investment market,Oil and gas investment,inv_oil,2030,deflator,2.1430816888553053
Reform,4 Investment market,Oil and gas investment,inv_oil,2026,deflator_growth_pct,5.700312169327848
Reform,4 Investment market,Oil and gas investment,inv_oil,2027,deflator_growth_pct,6.933514113599237
Reform,4 Investment market,Oil and gas investment,inv_oil,2028,deflator_growth_pct,5.944889830253408
Reform,4 Investment market,Oil and gas investment,inv_oil,2029,deflator_growth_pct,5.701888328460414
Reform,4 Investment market,Oil and gas investment,inv_oil,2030,deflator_growth_pct,5.340359204687539
Reform,4 Investment market,Oil and gas investment,inv_oil,2026,nominal,5377.795148909901
Reform,4 Investment market,Oil and gas investment,inv_oil,2027,nominal,5700.830200230743
Reform,4 Investment market,Oil and gas investment,inv_oil,2028,nominal,5982.0050090747845
Reform,4 Investment market,Oil and gas investment,inv_oil,2029,nominal,6544.592478745014
Reform,4 Investment market,Oil and gas investment,inv_oil,2030,nominal,6866.745738419785
Reform,4 Investment market,Oil and gas investment,inv_oil,2026,nominal_growth_pct,0.7154505766619357
Reform,4 Investment market,Oil and gas investment,inv_oil,2027,nominal_growth_pct,6.006830724787315
Reform,4 Investment market,Oil and gas investment,inv_oil,2028,nominal_growth_pct,4.932173016355779
Reform,4 Investment market,Oil and gas investment,inv_oil,2029,nominal_growth_pct,9.404663968297866
Reform,4 Investment market,Oil and gas investment,inv_oil,2030,nominal_growth_pct,4.922434219105831
Reform,4 Investment market,Oil and gas investment,inv_oil,2026,real,3165.4606789460267
Reform,4 Investment market,Oil and gas investment,inv_oil,2027,real,3138.028869064605
Reform,4 Investment market,Oil and gas investment,inv_oil,2028,real,3108.032758791711
Reform,4 Investment market,Oil and gas investment,inv_oil,2029,real,3216.9082781325706
Reform,4 Investment market,Oil and gas investment,inv_oil,2030,real,3204.1455881635356
Reform,4 Investment market,Oil and gas investment,inv_oil,2026,real_growth_pct,-4.7160329902151465
Reform,4 Investment market,Oil and gas investment,inv_oil,2027,real_growth_pct,-0.8665977140033698
Reform,4 Investment market,Oil and gas investment,inv_oil,2028,real_growth_pct,-0.9558901949119236
Reform,4 Investment market,Oil and gas investment,inv_oil,2029,real_growth_pct,3.5030364153300075
Reform,4 Investment market,Oil and gas investment,inv_oil,2030,real_growth_pct,-0.39673776388936544
Reform,4 Investment market,State investment,inv_state,2026,deflator,1.698898104998889
Reform,4 Investment market,State investment,inv_state,2027,deflator,1.816691444884657
Reform,4 Investment market,State investment,inv_state,2028,deflator,1.9246917498386886
Reform,4 Investment market,State investment,inv_state,2029,deflator,2.0344355240815815
Reform,4 Investment market,State investment,inv_state,2030,deflator,2.1430816888553053
Reform,4 Investment market,State investment,inv_state,2026,deflator_growth_pct,5.700312169327848
Reform,4 Investment market,State investment,inv_state,2027,deflator_growth_pct,6.933514113599237
Reform,4 Investment market,State investment,inv_state,2028,deflator_growth_pct,5.944889830253408
Reform,4 Investment market,State investment,inv_state,2029,deflator_growth_pct,5.701888328460414
Reform,4 Investment market,State investment,inv_state,2030,deflator_growth_pct,5.340359204687539
Reform,4 Investment market,State investment,inv_state,2026,nominal,12679.330271278404
Reform,4 Investment market,State investment,inv_state,2027,nominal,14236.376096119177
Reform,4 Investment market,State investment,inv_state,2028,nominal,15836.848619518178
Reform,4 Investment market,State investment,inv_state,2029,nominal,17576.840444649224
Reform,4 Investment market,State investment,inv_state,2030,nominal,19441.2822042786
Reform,4 Investment market,State investment,inv_state,2026,nominal_growth_pct,12.239309958041744
Reform,4 Investment market,State investment,inv_state,2027,nominal_growth_pct,12.280189817027164
Reform,4 Investment market,State investment,inv_state,2028,nominal_growth_pct,11.242134322619425
Reform,4 Investment market,State investment,inv_state,2029,nominal_growth_pct,10.986982744702045
Reform,4 Investment market,State investment,inv_state,2030,nominal_growth_pct,10.607377164858732
Reform,4 Investment market,State investment,inv_state,2026,real,7463.267063498606
Reform,4 Investment market,State investment,inv_state,2027,real,7836.430416516358
Reform,4 Investment market,State investment,inv_state,2028,real,8228.251937405295
Reform,4 Investment market,State investment,inv_state,2029,real,8639.66453426144
Reform,4 Investment market,State investment,inv_state,2030,real,9071.64776096933
Reform,4 Investment market,State investment,inv_state,2026,real_growth_pct,6.186356174841445
Reform,4 Investment market,State investment,inv_state,2027,real_growth_pct,4.999999997893978
Reform,4 Investment market,State investment,inv_state,2028,real_growth_pct,5.000000000805471
Reform,4 Investment market,State investment,inv_state,2029,real_growth_pct,4.999999999828386
Reform,4 Investment market,State investment,inv_state,2030,real_growth_pct,4.99999999994003
Reform,5 Labour market,Average monthly wage,wage,2026,deflator,2.0314467861929546
Reform,5 Labour market,Average monthly wage,wage,2027,deflator,2.1722974358239013
Reform,5 Labour market,Average monthly wage,wage,2028,deflator,2.3014381251690517
Reform,5 Labour market,Average monthly wage,wage,2029,deflator,2.432663557014804
Reform,5 Labour market,Average monthly wage,wage,2030,deflator,2.562576529200923
Reform,5 Labour market,Average monthly wage,wage,2026,deflator_growth_pct,5.700312169327848
Reform,5 Labour market,Average monthly wage,wage,2027,deflator_growth_pct,6.933514113599237
Reform,5 Labour market,Average monthly wage,wage,2028,deflator_growth_pct,5.944889830253386
Reform,5 Labour market,Average monthly wage,wage,2029,deflator_growth_pct,5.701888328460414
Reform,5 Labour market,Average monthly wage,wage,2030,deflator_growth_pct,5.340359204687539
Reform,5 Labour market,Average monthly wage,wage,2026,nominal,1131.3273947201708
Reform,5 Labour market,Average monthly wage,wage,2027,nominal,1250.0895642660798
Reform,5 Labour market,Average monthly wage,wage,2028,nominal,1368.7579303627365
Reform,5 Labour market,Average monthly wage,wage,2029,nominal,1502.7200733137083
Reform,5 Labour market,Average monthly wage,wage,2030,nominal,1640.6060514232365
Reform,5 Labour market,Average monthly wage,wage,2026,nominal_growth_pct,2.5775133484604806
Reform,5 Labour market,Average monthly wage,wage,2027,nominal_growth_pct,10.497595134720882
Reform,5 Labour market,Average monthly wage,wage,2028,nominal_growth_pct,9.492789115980349
Reform,5 Labour market,Average monthly wage,wage,2029,nominal_growth_pct,9.787131820706252
Reform,5 Labour market,Average monthly wage,wage,2030,nominal_growth_pct,9.175759381816896
Reform,5 Labour market,Average monthly wage,wage,2026,real,556.9072261254462
Reform,5 Labour market,Average monthly wage,wage,2027,real,575.4688762461989
Reform,5 Labour market,Average monthly wage,wage,2028,real,594.7402693097364
Reform,5 Labour market,Average monthly wage,wage,2029,real,617.7262239903582
Reform,5 Labour market,Average monthly wage,wage,2030,real,640.2173877456138
Reform,5 Labour market,Average monthly wage,wage,2026,real_growth_pct,-2.9543894022420303
Reform,5 Labour market,Average monthly wage,wage,2027,real_growth_pct,3.332987838906498
Reform,5 Labour market,Average monthly wage,wage,2028,real_growth_pct,3.3488158715455407
Reform,5 Labour market,Average monthly wage,wage,2029,real_growth_pct,3.8648727632483393
Reform,5 Labour market,Average monthly wage,wage,2030,real_growth_pct,3.64095984301398
Reform,5 Labour market,Employment,emp,2026,deflator,1.0
Reform,5 Labour market,Employment,emp,2027,deflator,1.0
Reform,5 Labour market,Employment,emp,2028,deflator,1.0
Reform,5 Labour market,Employment,emp,2029,deflator,1.0
Reform,5 Labour market,Employment,emp,2030,deflator,1.0
Reform,5 Labour market,Employment,emp,2026,deflator_growth_pct,0.0
Reform,5 Labour market,Employment,emp,2027,deflator_growth_pct,0.0
Reform,5 Labour market,Employment,emp,2028,deflator_growth_pct,0.0
Reform,5 Labour market,Employment,emp,2029,deflator_growth_pct,0.0
Reform,5 Labour market,Employment,emp,2030,deflator_growth_pct,0.0
Reform,5 Labour market,Employment,emp,2026,nominal,5132.487239427715
Reform,5 Labour market,Employment,emp,2027,nominal,5169.523453512971
Reform,5 Labour market,Employment,emp,2028,nominal,5205.758895283847
Reform,5 Labour market,Employment,emp,2029,nominal,5243.034651424211
Reform,5 Labour market,Employment,emp,2030,nominal,5279.702977012919
Reform,5 Labour market,Employment,emp,2026,nominal_growth_pct,0.5344989310451131
Reform,5 Labour market,Employment,emp,2027,nominal_growth_pct,0.7216036271993742
Reform,5 Labour market,Employment,emp,2028,nominal_growth_pct,0.7009435607889802
Reform,5 Labour market,Employment,emp,2029,nominal_growth_pct,0.7160484549934454
Reform,5 Labour market,Employment,emp,2030,nominal_growth_pct,0.6993721771178407
Reform,5 Labour market,Employment,emp,2026,real,5132.487239427715
Reform,5 Labour market,Employment,emp,2027,real,5169.523453512971
Reform,5 Labour market,Employment,emp,2028,real,5205.758895283847
Reform,5 Labour market,Employment,emp,2029,real,5243.034651424211
Reform,5 Labour market,Employment,emp,2030,real,5279.702977012919
Reform,5 Labour market,Employment,emp,2026,real_growth_pct,0.5344989310451131
Reform,5 Labour market,Employment,emp,2027,real_growth_pct,0.7216036271993742
Reform,5 Labour market,Employment,emp,2028,real_growth_pct,0.7009435607889802
Reform,5 Labour market,Employment,emp,2029,real_growth_pct,0.7160484549934454
Reform,5 Labour market,Employment,emp,2030,real_growth_pct,0.6993721771178407
Reform,5 Labour market,Labour force,lf,2026,deflator,1.0
Reform,5 Labour market,Labour force,lf,2027,deflator,1.0
Reform,5 Labour market,Labour force,lf,2028,deflator,1.0
Reform,5 Labour market,Labour force,lf,2029,deflator,1.0
Reform,5 Labour market,Labour force,lf,2030,deflator,1.0
Reform,5 Labour market,Labour force,lf,2026,deflator_growth_pct,0.0
Reform,5 Labour market,Labour force,lf,2027,deflator_growth_pct,0.0
Reform,5 Labour market,Labour force,lf,2028,deflator_growth_pct,0.0
Reform,5 Labour market,Labour force,lf,2029,deflator_growth_pct,0.0
Reform,5 Labour market,Labour force,lf,2030,deflator_growth_pct,0.0
Reform,5 Labour market,Labour force,lf,2026,nominal,5412.755831789662
Reform,5 Labour market,Labour force,lf,2027,nominal,5441.362051626578
Reform,5 Labour market,Labour force,lf,2028,nominal,5470.119454306174
Reform,5 Labour market,Labour force,lf,2029,nominal,5499.028838824326
Reform,5 Labour market,Labour force,lf,2030,nominal,5528.091008399588
Reform,5 Labour market,Labour force,lf,2026,nominal_growth_pct,0.5284964023115624
Reform,5 Labour market,Labour force,lf,2027,nominal_growth_pct,0.5284964023115402
Reform,5 Labour market,Labour force,lf,2028,nominal_growth_pct,0.5284964023116068
Reform,5 Labour market,Labour force,lf,2029,nominal_growth_pct,0.5284964023115402
Reform,5 Labour market,Labour force,lf,2030,nominal_growth_pct,0.5284964023115624
Reform,5 Labour market,Labour force,lf,2026,real,5412.755831789662
Reform,5 Labour market,Labour force,lf,2027,real,5441.362051626578
Reform,5 Labour market,Labour force,lf,2028,real,5470.119454306174
Reform,5 Labour market,Labour force,lf,2029,real,5499.028838824326
Reform,5 Labour market,Labour force,lf,2030,real,5528.091008399588
Reform,5 Labour market,Labour force,lf,2026,real_growth_pct,0.5284964023115624
Reform,5 Labour market,Labour force,lf,2027,real_growth_pct,0.5284964023115402
Reform,5 Labour market,Labour force,lf,2028,real_growth_pct,0.5284964023116068
Reform,5 Labour market,Labour force,lf,2029,real_growth_pct,0.5284964023115402
Reform,5 Labour market,Labour force,lf,2030,real_growth_pct,0.5284964023115624
Reform,5 Labour market,Total wage bill,wagebill,2026,deflator,2.0314467861929546
Reform,5 Labour market,Total wage bill,wagebill,2027,deflator,2.1722974358239013
Reform,5 Labour market,Total wage bill,wagebill,2028,deflator,2.3014381251690517
Reform,5 Labour market,Total wage bill,wagebill,2029,deflator,2.432663557014804
Reform,5 Labour market,Total wage bill,wagebill,2030,deflator,2.562576529200923
Reform,5 Labour market,Total wage bill,wagebill,2026,deflator_growth_pct,5.700312169327848
Reform,5 Labour market,Total wage bill,wagebill,2027,deflator_growth_pct,6.933514113599237
Reform,5 Labour market,Total wage bill,wagebill,2028,deflator_growth_pct,5.944889830253386
Reform,5 Labour market,Total wage bill,wagebill,2029,deflator_growth_pct,5.701888328460414
Reform,5 Labour market,Total wage bill,wagebill,2030,deflator_growth_pct,5.340359204687539
Reform,5 Labour market,Total wage bill,wagebill,2026,nominal,69678.28100419535
Reform,5 Labour market,Total wage bill,wagebill,2027,nominal,77548.40785758373
Reform,5 Labour market,Total wage bill,wagebill,2028,nominal,85505.08525771348
Reform,5 Labour market,Total wage bill,wagebill,2029,nominal,94545.76098929405
Reform,5 Labour market,Total wage bill,wagebill,2030,nominal,103942.95184565606
Reform,5 Labour market,Total wage bill,wagebill,2026,nominal_growth_pct,3.1257890608006766
Reform,5 Labour market,Total wage bill,wagebill,2027,nominal_growth_pct,11.294949789181107
Reform,5 Labour market,Total wage bill,wagebill,2028,nominal_growth_pct,10.260271770817052
Reform,5 Labour market,Total wage bill,wagebill,2029,nominal_growth_pct,10.573260881890079
Reform,5 Labour market,Total wage bill,wagebill,2030,nominal_growth_pct,9.93930426709042
Reform,5 Labour market,Total wage bill,wagebill,2026,real,34299.830779607255
Reform,5 Labour market,Total wage bill,wagebill,2027,real,35698.79823025775
Reform,5 Labour market,Total wage bill,wagebill,2028,real,37152.89336811205
Reform,5 Labour market,Total wage bill,wagebill,2029,real,38865.119969698586
Reform,5 Labour market,Total wage bill,wagebill,2030,real,40561.89177619141
Reform,5 Labour market,Total wage bill,wagebill,2026,real_growth_pct,-2.4356816509708
Reform,5 Labour market,Total wage bill,wagebill,2027,real_growth_pct,4.07864242724556
Reform,5 Labour market,Total wage bill,wagebill,2028,real_growth_pct,4.073232741548782
Reform,5 Labour market,Total wage bill,wagebill,2029,real_growth_pct,4.608595579950503
Reform,5 Labour market,Total wage bill,wagebill,2030,real_growth_pct,4.365795880253875
Reform,5 Labour market,Unemployment rate,unemp,2026,nominal,5.177927862843912
Reform,5 Labour market,Unemployment rate,unemp,2027,nominal,4.995782223907494
Reform,5 Labour market,Unemployment rate,unemp,2028,nominal,4.832811444624258
Reform,5 Labour market,Unemployment rate,unemp,2029,nominal,4.655261772637763
Reform,5 Labour market,Unemployment rate,unemp,2030,nominal,4.493197217796492
Reform,5 Labour market,Unemployment rate,unemp,2026,nominal_growth_pct,-0.4244641760786094
Reform,5 Labour market,Unemployment rate,unemp,2027,nominal_growth_pct,-3.5177322620399964
Reform,5 Labour market,Unemployment rate,unemp,2028,nominal_growth_pct,-3.262167404001981
Reform,5 Labour market,Unemployment rate,unemp,2029,nominal_growth_pct,-3.673838179306399
Reform,5 Labour market,Unemployment rate,unemp,2030,nominal_growth_pct,-3.481319907590108
Reform,5 Labour market,Unemployment rate,unemp,2026,real,5.177927862843912
Reform,5 Labour market,Unemployment rate,unemp,2027,real,4.995782223907494
Reform,5 Labour market,Unemployment rate,unemp,2028,real,4.832811444624258
Reform,5 Labour market,Unemployment rate,unemp,2029,real,4.655261772637763
Reform,5 Labour market,Unemployment rate,unemp,2030,real,4.493197217796492
Reform,5 Labour market,Unemployment rate,unemp,2026,real_growth_pct,-0.4244641760786094
Reform,5 Labour market,Unemployment rate,unemp,2027,real_growth_pct,-3.5177322620399964
Reform,5 Labour market,Unemployment rate,unemp,2028,real_growth_pct,-3.262167404001981
Reform,5 Labour market,Unemployment rate,unemp,2029,real_growth_pct,-3.673838179306399
Reform,5 Labour market,Unemployment rate,unemp,2030,real_growth_pct,-3.481319907590108
Reform,6 Credit and deposits,Average lending rate,lendrate,2026,nominal,15.3356973696651
Reform,6 Credit and deposits,Average lending rate,lendrate,2027,nominal,15.3356973696651
Reform,6 Credit and deposits,Average lending rate,lendrate,2028,nominal,15.3356973696651
Reform,6 Credit and deposits,Average lending rate,lendrate,2029,nominal,15.3356973696651
Reform,6 Credit and deposits,Average lending rate,lendrate,2030,nominal,15.3356973696651
Reform,6 Credit and deposits,Average lending rate,lendrate,2026,nominal_growth_pct,0.0
Reform,6 Credit and deposits,Average lending rate,lendrate,2027,nominal_growth_pct,0.0
Reform,6 Credit and deposits,Average lending rate,lendrate,2028,nominal_growth_pct,0.0
Reform,6 Credit and deposits,Average lending rate,lendrate,2029,nominal_growth_pct,0.0
Reform,6 Credit and deposits,Average lending rate,lendrate,2030,nominal_growth_pct,0.0
Reform,6 Credit and deposits,Average lending rate,lendrate,2026,real,15.3356973696651
Reform,6 Credit and deposits,Average lending rate,lendrate,2027,real,15.3356973696651
Reform,6 Credit and deposits,Average lending rate,lendrate,2028,real,15.3356973696651
Reform,6 Credit and deposits,Average lending rate,lendrate,2029,real,15.3356973696651
Reform,6 Credit and deposits,Average lending rate,lendrate,2030,real,15.3356973696651
Reform,6 Credit and deposits,Average lending rate,lendrate,2026,real_growth_pct,0.0
Reform,6 Credit and deposits,Average lending rate,lendrate,2027,real_growth_pct,0.0
Reform,6 Credit and deposits,Average lending rate,lendrate,2028,real_growth_pct,0.0
Reform,6 Credit and deposits,Average lending rate,lendrate,2029,real_growth_pct,0.0
Reform,6 Credit and deposits,Average lending rate,lendrate,2030,real_growth_pct,0.0
Reform,6 Credit and deposits,Credit to the economy,cred_tot,2026,deflator,2.181407435128081
Reform,6 Credit and deposits,Credit to the economy,cred_tot,2027,deflator,2.3556740113852777
Reform,6 Credit and deposits,Credit to the economy,cred_tot,2028,deflator,2.5201090769389944
Reform,6 Credit and deposits,Credit to the economy,cred_tot,2029,deflator,2.6829324772834613
Reform,6 Credit and deposits,Credit to the economy,cred_tot,2030,deflator,2.8448162639006167
Reform,6 Credit and deposits,Credit to the economy,cred_tot,2026,deflator_growth_pct,5.334606875188408
Reform,6 Credit and deposits,Credit to the economy,cred_tot,2027,deflator_growth_pct,7.988722026472983
Reform,6 Credit and deposits,Credit to the economy,cred_tot,2028,deflator_growth_pct,6.980382886553094
Reform,6 Credit and deposits,Credit to the economy,cred_tot,2029,deflator_growth_pct,6.460966385718403
Reform,6 Credit and deposits,Credit to the economy,cred_tot,2030,deflator_growth_pct,6.033837526208141
Reform,6 Credit and deposits,Credit to the economy,cred_tot,2026,nominal,34471.66549225302
Reform,6 Credit and deposits,Credit to the economy,cred_tot,2027,nominal,39078.79183072894
Reform,6 Credit and deposits,Credit to the economy,cred_tot,2028,nominal,43264.783860632175
Reform,6 Credit and deposits,Credit to the economy,cred_tot,2029,nominal,47802.66593167376
Reform,6 Credit and deposits,Credit to the economy,cred_tot,2030,nominal,52449.32331163579
Reform,6 Credit and deposits,Credit to the economy,cred_tot,2026,nominal_growth_pct,7.903543928583989
Reform,6 Credit and deposits,Credit to the economy,cred_tot,2027,nominal_growth_pct,13.364965900795521
Reform,6 Credit and deposits,Credit to the economy,cred_tot,2028,nominal_growth_pct,10.711672070198585
Reform,6 Credit and deposits,Credit to the economy,cred_tot,2029,nominal_growth_pct,10.488627623009418
Reform,6 Credit and deposits,Credit to the economy,cred_tot,2030,nominal_growth_pct,9.720498406100786
Reform,6 Credit and deposits,Credit to the economy,cred_tot,2026,real,15802.488309676555
Reform,6 Credit and deposits,Credit to the economy,cred_tot,2027,real,16589.21889949801
Reform,6 Credit and deposits,Credit to the economy,cred_tot,2028,real,17167.82192347919
Reform,6 Credit and deposits,Credit to the economy,cred_tot,2029,real,17817.31979333121
Reform,6 Credit and deposits,Credit to the economy,cred_tot,2030,real,18436.805208544778
Reform,6 Credit and deposits,Credit to the economy,cred_tot,2026,real_growth_pct,2.438834804253398
Reform,6 Credit and deposits,Credit to the economy,cred_tot,2027,real_growth_pct,4.978523473038776
Reform,6 Credit and deposits,Credit to the economy,cred_tot,2028,real_growth_pct,3.4878256021969145
Reform,6 Credit and deposits,Credit to the economy,cred_tot,2029,real_growth_pct,3.7832281389390987
Reform,6 Credit and deposits,Credit to the economy,cred_tot,2030,real_growth_pct,3.476872068297454
Reform,6 Credit and deposits,Deposits,dep_tot,2026,deflator,2.181407435128081
Reform,6 Credit and deposits,Deposits,dep_tot,2027,deflator,2.3556740113852777
Reform,6 Credit and deposits,Deposits,dep_tot,2028,deflator,2.5201090769389944
Reform,6 Credit and deposits,Deposits,dep_tot,2029,deflator,2.6829324772834613
Reform,6 Credit and deposits,Deposits,dep_tot,2030,deflator,2.8448162639006167
Reform,6 Credit and deposits,Deposits,dep_tot,2026,deflator_growth_pct,5.334606875188408
Reform,6 Credit and deposits,Deposits,dep_tot,2027,deflator_growth_pct,7.988722026472983
Reform,6 Credit and deposits,Deposits,dep_tot,2028,deflator_growth_pct,6.980382886553094
Reform,6 Credit and deposits,Deposits,dep_tot,2029,deflator_growth_pct,6.460966385718403
Reform,6 Credit and deposits,Deposits,dep_tot,2030,deflator_growth_pct,6.033837526208141
Reform,6 Credit and deposits,Deposits,dep_tot,2026,nominal,44164.98805299057
Reform,6 Credit and deposits,Deposits,dep_tot,2027,nominal,51312.45361484259
Reform,6 Credit and deposits,Deposits,dep_tot,2028,nominal,58661.05371624674
Reform,6 Credit and deposits,Deposits,dep_tot,2029,nominal,67105.72471220908
Reform,6 Credit and deposits,Deposits,dep_tot,2030,nominal,76021.77250012552
Reform,6 Credit and deposits,Deposits,dep_tot,2026,nominal_growth_pct,5.844394204898262
Reform,6 Credit and deposits,Deposits,dep_tot,2027,nominal_growth_pct,16.183555972609476
Reform,6 Credit and deposits,Deposits,dep_tot,2028,nominal_growth_pct,14.321279891551498
Reform,6 Credit and deposits,Deposits,dep_tot,2029,nominal_growth_pct,14.39570287436469
Reform,6 Credit and deposits,Deposits,dep_tot,2030,nominal_growth_pct,13.286568062790426
Reform,6 Credit and deposits,Deposits,dep_tot,2026,real,20246.09769902862
Reform,6 Credit and deposits,Deposits,dep_tot,2027,real,21782.4934039442
Reform,6 Credit and deposits,Deposits,dep_tot,2028,real,23277.188377694485
Reform,6 Credit and deposits,Deposits,dep_tot,2029,real,25012.08110170382
Reform,6 Credit and deposits,Deposits,dep_tot,2030,real,26722.91123500879
Reform,6 Credit and deposits,Deposits,dep_tot,2026,real_growth_pct,0.48396946154070086
Reform,6 Credit and deposits,Deposits,dep_tot,2027,real_growth_pct,7.588601654279747
Reform,6 Credit and deposits,Deposits,dep_tot,2028,real_growth_pct,6.861909451925441
Reform,6 Credit and deposits,Deposits,dep_tot,2029,real_growth_pct,7.453188485907547
Reform,6 Credit and deposits,Deposits,dep_tot,2030,real_growth_pct,6.840015136479094
Reform,6 Credit and deposits,Household credit,cred_hh,2026,deflator,2.181407435128081
Reform,6 Credit and deposits,Household credit,cred_hh,2027,deflator,2.3556740113852777
Reform,6 Credit and deposits,Household credit,cred_hh,2028,deflator,2.5201090769389944
Reform,6 Credit and deposits,Household credit,cred_hh,2029,deflator,2.6829324772834613
Reform,6 Credit and deposits,Household credit,cred_hh,2030,deflator,2.8448162639006167
Reform,6 Credit and deposits,Household credit,cred_hh,2026,deflator_growth_pct,5.334606875188408
Reform,6 Credit and deposits,Household credit,cred_hh,2027,deflator_growth_pct,7.988722026472983
Reform,6 Credit and deposits,Household credit,cred_hh,2028,deflator_growth_pct,6.980382886553094
Reform,6 Credit and deposits,Household credit,cred_hh,2029,deflator_growth_pct,6.460966385718403
Reform,6 Credit and deposits,Household credit,cred_hh,2030,deflator_growth_pct,6.033837526208141
Reform,6 Credit and deposits,Household credit,cred_hh,2026,nominal,20240.7393916145
Reform,6 Credit and deposits,Household credit,cred_hh,2027,nominal,23911.66229074152
Reform,6 Credit and deposits,Household credit,cred_hh,2028,nominal,27634.652789626067
Reform,6 Credit and deposits,Household credit,cred_hh,2029,nominal,32008.390516839347
Reform,6 Credit and deposits,Household credit,cred_hh,2030,nominal,36696.198066943456
Reform,6 Credit and deposits,Household credit,cred_hh,2026,nominal_growth_pct,6.234432454131356
Reform,6 Credit and deposits,Household credit,cred_hh,2027,nominal_growth_pct,18.13630830426993
Reform,6 Credit and deposits,Household credit,cred_hh,2028,nominal_growth_pct,15.569768649359329
Reform,6 Credit and deposits,Household credit,cred_hh,2029,nominal_growth_pct,15.827004451654126
Reform,6 Credit and deposits,Household credit,cred_hh,2030,nominal_growth_pct,14.645558475168862
Reform,6 Credit and deposits,Household credit,cred_hh,2026,real,9278.75236219962
Reform,6 Credit and deposits,Household credit,cred_hh,2027,real,10150.666932340111
Reform,6 Credit and deposits,Household credit,cred_hh,2028,real,10965.65741638136
Reform,6 Credit and deposits,Household credit,cred_hh,2029,real,11930.374986271989
Reform,6 Credit and deposits,Household credit,cred_hh,2030,real,12899.320962341571
Reform,6 Credit and deposits,Household credit,cred_hh,2026,real_growth_pct,0.8542544616976233
Reform,6 Credit and deposits,Household credit,cred_hh,2027,real_growth_pct,9.396894497287711
Reform,6 Credit and deposits,Household credit,cred_hh,2028,real_growth_pct,8.028935334728416
Reform,6 Credit and deposits,Household credit,cred_hh,2029,real_growth_pct,8.797626382613943
Reform,6 Credit and deposits,Household credit,cred_hh,2030,real_growth_pct,8.121672430116632
Reform,7 External market,Non-oil goods exports,x_non,2026,deflator,2.181407435128081
Reform,7 External market,Non-oil goods exports,x_non,2027,deflator,2.3556740113852777
Reform,7 External market,Non-oil goods exports,x_non,2028,deflator,2.5201090769389944
Reform,7 External market,Non-oil goods exports,x_non,2029,deflator,2.6829324772834613
Reform,7 External market,Non-oil goods exports,x_non,2030,deflator,2.8448162639006167
Reform,7 External market,Non-oil goods exports,x_non,2026,deflator_growth_pct,5.334606875188408
Reform,7 External market,Non-oil goods exports,x_non,2027,deflator_growth_pct,7.988722026472983
Reform,7 External market,Non-oil goods exports,x_non,2028,deflator_growth_pct,6.980382886553094
Reform,7 External market,Non-oil goods exports,x_non,2029,deflator_growth_pct,6.460966385718403
Reform,7 External market,Non-oil goods exports,x_non,2030,deflator_growth_pct,6.033837526208141
Reform,7 External market,Non-oil goods exports,x_non,2026,nominal,6803.200533862014
Reform,7 External market,Non-oil goods exports,x_non,2027,nominal,8436.335950748859
Reform,7 External market,Non-oil goods exports,x_non,2028,nominal,10301.72067449691
Reform,7 External market,Non-oil goods exports,x_non,2029,nominal,12500.673848854152
Reform,7 External market,Non-oil goods exports,x_non,2030,nominal,15073.784539299693
Reform,7 External market,Non-oil goods exports,x_non,2026,nominal_growth_pct,15.344783996801127
Reform,7 External market,Non-oil goods exports,x_non,2027,nominal_growth_pct,24.005398764274744
Reform,7 External market,Non-oil goods exports,x_non,2028,nominal_growth_pct,22.111313900230222
Reform,7 External market,Non-oil goods exports,x_non,2029,nominal_growth_pct,21.345494057133617
Reform,7 External market,Non-oil goods exports,x_non,2030,nominal_growth_pct,20.58377589526024
Reform,7 External market,Non-oil goods exports,x_non,2026,real,3118.720704948255
Reform,7 External market,Non-oil goods exports,x_non,2027,real,3581.283280273482
Reform,7 External market,Non-oil goods exports,x_non,2028,real,4087.8074559414354
Reform,7 External market,Non-oil goods exports,x_non,2029,real,4659.332262253357
Reform,7 External market,Non-oil goods exports,x_non,2030,real,5298.684744803713
Reform,7 External market,Non-oil goods exports,x_non,2026,real_growth_pct,9.503217810907882
Reform,7 External market,Non-oil goods exports,x_non,2027,real_growth_pct,14.83180506004631
Reform,7 External market,Non-oil goods exports,x_non,2028,real_growth_pct,14.143650083700532
Reform,7 External market,Non-oil goods exports,x_non,2029,real_growth_pct,13.981206611902364
Reform,7 External market,Non-oil goods exports,x_non,2030,real_growth_pct,13.721976595872798
Reform,7 External market,Non-oil goods imports,m_non,2026,deflator,2.181407435128081
Reform,7 External market,Non-oil goods imports,m_non,2027,deflator,2.3556740113852777
Reform,7 External market,Non-oil goods imports,m_non,2028,deflator,2.5201090769389944
Reform,7 External market,Non-oil goods imports,m_non,2029,deflator,2.6829324772834613
Reform,7 External market,Non-oil goods imports,m_non,2030,deflator,2.8448162639006167
Reform,7 External market,Non-oil goods imports,m_non,2026,deflator_growth_pct,5.334606875188408
Reform,7 External market,Non-oil goods imports,m_non,2027,deflator_growth_pct,7.988722026472983
Reform,7 External market,Non-oil goods imports,m_non,2028,deflator_growth_pct,6.980382886553094
Reform,7 External market,Non-oil goods imports,m_non,2029,deflator_growth_pct,6.460966385718403
Reform,7 External market,Non-oil goods imports,m_non,2030,deflator_growth_pct,6.033837526208141
Reform,7 External market,Non-oil goods imports,m_non,2026,nominal,28113.72156886343
Reform,7 External market,Non-oil goods imports,m_non,2027,nominal,30919.50098582144
Reform,7 External market,Non-oil goods imports,m_non,2028,nominal,34017.27213704368
Reform,7 External market,Non-oil goods imports,m_non,2029,nominal,37728.98768195236
Reform,7 External market,Non-oil goods imports,m_non,2030,nominal,41661.28157259021
Reform,7 External market,Non-oil goods imports,m_non,2026,nominal_growth_pct,9.016720434912507
Reform,7 External market,Non-oil goods imports,m_non,2027,nominal_growth_pct,9.980106725057247
Reform,7 External market,Non-oil goods imports,m_non,2028,nominal_growth_pct,10.018826476671672
Reform,7 External market,Non-oil goods imports,m_non,2029,nominal_growth_pct,10.911267458353159
Reform,7 External market,Non-oil goods imports,m_non,2030,nominal_growth_pct,10.422473891391615
Reform,7 External market,Non-oil goods imports,m_non,2026,real,12887.881977542052
Reform,7 External market,Non-oil goods imports,m_non,2027,real,13125.543193321098
Reform,7 External market,Non-oil goods imports,m_non,2028,real,13498.333246099866
Reform,7 External market,Non-oil goods imports,m_non,2029,real,14062.593077315887
Reform,7 External market,Non-oil goods imports,m_non,2030,real,14644.629989378338
Reform,7 External market,Non-oil goods imports,m_non,2026,real_growth_pct,3.495635165835931
Reform,7 External market,Non-oil goods imports,m_non,2027,real_growth_pct,1.8440672888934362
Reform,7 External market,Non-oil goods imports,m_non,2028,real_growth_pct,2.840187619575718
Reform,7 External market,Non-oil goods imports,m_non,2029,real_growth_pct,4.18021855682853
Reform,7 External market,Non-oil goods imports,m_non,2030,real_growth_pct,4.138901757751379
Reform,7 External market,Oil and gas exports,x_oil,2026,deflator,2.181407435128081
Reform,7 External market,Oil and gas exports,x_oil,2027,deflator,2.3556740113852777
Reform,7 External market,Oil and gas exports,x_oil,2028,deflator,2.5201090769389944
Reform,7 External market,Oil and gas exports,x_oil,2029,deflator,2.6829324772834613
Reform,7 External market,Oil and gas exports,x_oil,2030,deflator,2.8448162639006167
Reform,7 External market,Oil and gas exports,x_oil,2026,deflator_growth_pct,5.334606875188408
Reform,7 External market,Oil and gas exports,x_oil,2027,deflator_growth_pct,7.988722026472983
Reform,7 External market,Oil and gas exports,x_oil,2028,deflator_growth_pct,6.980382886553094
Reform,7 External market,Oil and gas exports,x_oil,2029,deflator_growth_pct,6.460966385718403
Reform,7 External market,Oil and gas exports,x_oil,2030,deflator_growth_pct,6.033837526208141
Reform,7 External market,Oil and gas exports,x_oil,2026,nominal,34634.02377066381
Reform,7 External market,Oil and gas exports,x_oil,2027,nominal,36498.38098974438
Reform,7 External market,Oil and gas exports,x_oil,2028,nominal,37426.616164936495
Reform,7 External market,Oil and gas exports,x_oil,2029,nominal,40423.02483456859
Reform,7 External market,Oil and gas exports,x_oil,2030,nominal,41452.94422130729
Reform,7 External market,Oil and gas exports,x_oil,2026,nominal_growth_pct,-1.1266473749365402
Reform,7 External market,Oil and gas exports,x_oil,2027,nominal_growth_pct,5.383022288792638
Reform,7 External market,Oil and gas exports,x_oil,2028,nominal_growth_pct,2.5432228773460963
Reform,7 External market,Oil and gas exports,x_oil,2029,nominal_growth_pct,8.006090255200027
Reform,7 External market,Oil and gas exports,x_oil,2030,nominal_growth_pct,2.547853335948136
Reform,7 External market,Oil and gas exports,x_oil,2026,real,15876.916532390142
Reform,7 External market,Oil and gas exports,x_oil,2027,real,15493.816552435937
Reform,7 External market,Oil and gas exports,x_oil,2028,real,14851.188985199033
Reform,7 External market,Oil and gas exports,x_oil,2029,real,15066.73208395388
Reform,7 External market,Oil and gas exports,x_oil,2030,real,14571.395962307197
Reform,7 External market,Oil and gas exports,x_oil,2026,real_growth_pct,-6.134027972194267
Reform,7 External market,Oil and gas exports,x_oil,2027,real_growth_pct,-2.4129369148767066
Reform,7 External market,Oil and gas exports,x_oil,2028,real_growth_pct,-4.147638931066799
Reform,7 External market,Oil and gas exports,x_oil,2029,real_growth_pct,1.451352473998302
Reform,7 External market,Oil and gas exports,x_oil,2030,real_growth_pct,-3.287614851625442
Reform,8 Fiscal,Budget expenditure (total),exp_tot,2026,deflator,2.181407435128081
Reform,8 Fiscal,Budget expenditure (total),exp_tot,2027,deflator,2.3556740113852777
Reform,8 Fiscal,Budget expenditure (total),exp_tot,2028,deflator,2.5201090769389944
Reform,8 Fiscal,Budget expenditure (total),exp_tot,2029,deflator,2.6829324772834613
Reform,8 Fiscal,Budget expenditure (total),exp_tot,2030,deflator,2.8448162639006167
Reform,8 Fiscal,Budget expenditure (total),exp_tot,2026,deflator_growth_pct,5.334606875188408
Reform,8 Fiscal,Budget expenditure (total),exp_tot,2027,deflator_growth_pct,7.988722026472983
Reform,8 Fiscal,Budget expenditure (total),exp_tot,2028,deflator_growth_pct,6.980382886553094
Reform,8 Fiscal,Budget expenditure (total),exp_tot,2029,deflator_growth_pct,6.460966385718403
Reform,8 Fiscal,Budget expenditure (total),exp_tot,2030,deflator_growth_pct,6.033837526208141
Reform,8 Fiscal,Budget expenditure (total),exp_tot,2026,nominal,39999.78112234659
Reform,8 Fiscal,Budget expenditure (total),exp_tot,2027,nominal,44435.450513524775
Reform,8 Fiscal,Budget expenditure (total),exp_tot,2028,nominal,49051.77621887879
Reform,8 Fiscal,Budget expenditure (total),exp_tot,2029,nominal,54799.62907689008
Reform,8 Fiscal,Budget expenditure (total),exp_tot,2030,nominal,60607.4353471627
Reform,8 Fiscal,Budget expenditure (total),exp_tot,2026,nominal_growth_pct,3.615906999931595
Reform,8 Fiscal,Budget expenditure (total),exp_tot,2027,nominal_growth_pct,11.089234157584226
Reform,8 Fiscal,Budget expenditure (total),exp_tot,2028,nominal_growth_pct,10.388835157525733
Reform,8 Fiscal,Budget expenditure (total),exp_tot,2029,nominal_growth_pct,11.717930116053754
Reform,8 Fiscal,Budget expenditure (total),exp_tot,2030,nominal_growth_pct,10.598258360697299
Reform,8 Fiscal,Budget expenditure (total),exp_tot,2026,real,18336.68505856083
Reform,8 Fiscal,Budget expenditure (total),exp_tot,2027,real,18863.15776239093
Reform,8 Fiscal,Budget expenditure (total),exp_tot,2028,real,19464.148067137892
Reform,8 Fiscal,Budget expenditure (total),exp_tot,2029,real,20425.273293637314
Reform,8 Fiscal,Budget expenditure (total),exp_tot,2030,real,21304.516610173603
Reform,8 Fiscal,Budget expenditure (total),exp_tot,2026,real_growth_pct,-1.6316573690670522
Reform,8 Fiscal,Budget expenditure (total),exp_tot,2027,real_growth_pct,2.87114438705105
Reform,8 Fiscal,Budget expenditure (total),exp_tot,2028,real_growth_pct,3.1860535352421726
Reform,8 Fiscal,Budget expenditure (total),exp_tot,2029,real_growth_pct,4.937925991850256
Reform,8 Fiscal,Budget expenditure (total),exp_tot,2030,real_growth_pct,4.30468324166895
Reform,8 Fiscal,Budget revenue (total),rev_tot,2026,deflator,2.181407435128081
Reform,8 Fiscal,Budget revenue (total),rev_tot,2027,deflator,2.3556740113852777
Reform,8 Fiscal,Budget revenue (total),rev_tot,2028,deflator,2.5201090769389944
Reform,8 Fiscal,Budget revenue (total),rev_tot,2029,deflator,2.6829324772834613
Reform,8 Fiscal,Budget revenue (total),rev_tot,2030,deflator,2.8448162639006167
Reform,8 Fiscal,Budget revenue (total),rev_tot,2026,deflator_growth_pct,5.334606875188408
Reform,8 Fiscal,Budget revenue (total),rev_tot,2027,deflator_growth_pct,7.988722026472983
Reform,8 Fiscal,Budget revenue (total),rev_tot,2028,deflator_growth_pct,6.980382886553094
Reform,8 Fiscal,Budget revenue (total),rev_tot,2029,deflator_growth_pct,6.460966385718403
Reform,8 Fiscal,Budget revenue (total),rev_tot,2030,deflator_growth_pct,6.033837526208141
Reform,8 Fiscal,Budget revenue (total),rev_tot,2026,nominal,40701.37746092094
Reform,8 Fiscal,Budget revenue (total),rev_tot,2027,nominal,44843.79710187491
Reform,8 Fiscal,Budget revenue (total),rev_tot,2028,nominal,48947.66692980858
Reform,8 Fiscal,Budget revenue (total),rev_tot,2029,nominal,54496.41520921071
Reform,8 Fiscal,Budget revenue (total),rev_tot,2030,nominal,59782.6095277857
Reform,8 Fiscal,Budget revenue (total),rev_tot,2026,nominal_growth_pct,3.8716461973824723
Reform,8 Fiscal,Budget revenue (total),rev_tot,2027,nominal_growth_pct,10.17759078284579
Reform,8 Fiscal,Budget revenue (total),rev_tot,2028,nominal_growth_pct,9.151477112008632
Reform,8 Fiscal,Budget revenue (total),rev_tot,2029,nominal_growth_pct,11.336083264926767
Reform,8 Fiscal,Budget revenue (total),rev_tot,2030,nominal_growth_pct,9.700077148710417
Reform,8 Fiscal,Budget revenue (total),rev_tot,2026,real,18658.310595943836
Reform,8 Fiscal,Budget revenue (total),rev_tot,2027,real,19036.503728928124
Reform,8 Fiscal,Budget revenue (total),rev_tot,2028,real,19422.83664533362
Reform,8 Fiscal,Budget revenue (total),rev_tot,2029,real,20312.25745360157
Reform,8 Fiscal,Budget revenue (total),rev_tot,2030,real,21014.576683351737
Reform,8 Fiscal,Budget revenue (total),rev_tot,2026,real_growth_pct,-1.3888699271830007
Reform,8 Fiscal,Budget revenue (total),rev_tot,2027,real_growth_pct,2.0269419947725797
Reform,8 Fiscal,Budget revenue (total),rev_tot,2028,real_growth_pct,2.0294320948148536
Reform,8 Fiscal,Budget revenue (total),rev_tot,2029,real_growth_pct,4.579252889312824
Reform,8 Fiscal,Budget revenue (total),rev_tot,2030,real_growth_pct,3.457612879092564
Reform,8 Fiscal,Capital expenditure,exp_cap,2026,deflator,2.181407435128081
Reform,8 Fiscal,Capital expenditure,exp_cap,2027,deflator,2.3556740113852777
Reform,8 Fiscal,Capital expenditure,exp_cap,2028,deflator,2.5201090769389944
Reform,8 Fiscal,Capital expenditure,exp_cap,2029,deflator,2.6829324772834613
Reform,8 Fiscal,Capital expenditure,exp_cap,2030,deflator,2.8448162639006167
Reform,8 Fiscal,Capital expenditure,exp_cap,2026,deflator_growth_pct,5.334606875188408
Reform,8 Fiscal,Capital expenditure,exp_cap,2027,deflator_growth_pct,7.988722026472983
Reform,8 Fiscal,Capital expenditure,exp_cap,2028,deflator_growth_pct,6.980382886553094
Reform,8 Fiscal,Capital expenditure,exp_cap,2029,deflator_growth_pct,6.460966385718403
Reform,8 Fiscal,Capital expenditure,exp_cap,2030,deflator_growth_pct,6.033837526208141
Reform,8 Fiscal,Capital expenditure,exp_cap,2026,nominal,15500.984459770187
Reform,8 Fiscal,Capital expenditure,exp_cap,2027,nominal,17404.53477496162
Reform,8 Fiscal,Capital expenditure,exp_cap,2028,nominal,19361.175952576017
Reform,8 Fiscal,Capital expenditure,exp_cap,2029,nominal,21488.38501365054
Reform,8 Fiscal,Capital expenditure,exp_cap,2030,nominal,23767.739058681334
Reform,8 Fiscal,Capital expenditure,exp_cap,2026,nominal_growth_pct,7.7362537949956955
Reform,8 Fiscal,Capital expenditure,exp_cap,2027,nominal_growth_pct,12.28018981718051
Reform,8 Fiscal,Capital expenditure,exp_cap,2028,nominal_growth_pct,11.242134322540153
Reform,8 Fiscal,Capital expenditure,exp_cap,2029,nominal_growth_pct,10.98698274466896
Reform,8 Fiscal,Capital expenditure,exp_cap,2030,nominal_growth_pct,10.60737716483966
Reform,8 Fiscal,Capital expenditure,exp_cap,2026,real,7105.955636783666
Reform,8 Fiscal,Capital expenditure,exp_cap,2027,real,7388.346049089665
Reform,8 Fiscal,Capital expenditure,exp_cap,2028,real,7682.673789696724
Reform,8 Fiscal,Capital expenditure,exp_cap,2029,real,8009.290280539631
Reform,8 Fiscal,Capital expenditure,exp_cap,2030,real,8354.753647988726
Reform,8 Fiscal,Capital expenditure,exp_cap,2026,real_growth_pct,2.28001697737672
Reform,8 Fiscal,Capital expenditure,exp_cap,2027,real_growth_pct,3.973996274958691
Reform,8 Fiscal,Capital expenditure,exp_cap,2028,real_growth_pct,3.983675624442684
Reform,8 Fiscal,Capital expenditure,exp_cap,2029,real_growth_pct,4.251338788859327
Reform,8 Fiscal,Capital expenditure,exp_cap,2030,real_growth_pct,4.31328314180941
Reform,8 Fiscal,Current expenditure,exp_cur,2026,deflator,2.181407435128081
Reform,8 Fiscal,Current expenditure,exp_cur,2027,deflator,2.3556740113852777
Reform,8 Fiscal,Current expenditure,exp_cur,2028,deflator,2.5201090769389944
Reform,8 Fiscal,Current expenditure,exp_cur,2029,deflator,2.6829324772834613
Reform,8 Fiscal,Current expenditure,exp_cur,2030,deflator,2.8448162639006167
Reform,8 Fiscal,Current expenditure,exp_cur,2026,deflator_growth_pct,5.334606875188408
Reform,8 Fiscal,Current expenditure,exp_cur,2027,deflator_growth_pct,7.988722026472983
Reform,8 Fiscal,Current expenditure,exp_cur,2028,deflator_growth_pct,6.980382886553094
Reform,8 Fiscal,Current expenditure,exp_cur,2029,deflator_growth_pct,6.460966385718403
Reform,8 Fiscal,Current expenditure,exp_cur,2030,deflator_growth_pct,6.033837526208141
Reform,8 Fiscal,Current expenditure,exp_cur,2026,nominal,23007.566393641388
Reform,8 Fiscal,Current expenditure,exp_cur,2027,nominal,25683.581113636315
Reform,8 Fiscal,Current expenditure,exp_cur,2028,nominal,28366.697674636765
Reform,8 Fiscal,Current expenditure,exp_cur,2029,nominal,31981.367398582963
Reform,8 Fiscal,Current expenditure,exp_cur,2030,nominal,35492.42039083177
Reform,8 Fiscal,Current expenditure,exp_cur,2026,nominal_growth_pct,4.030377703409216
Reform,8 Fiscal,Current expenditure,exp_cur,2027,nominal_growth_pct,11.631020309625173
Reform,8 Fiscal,Current expenditure,exp_cur,2028,nominal_growth_pct,10.446816388762436
Reform,8 Fiscal,Current expenditure,exp_cur,2029,nominal_growth_pct,12.742652547737855
Reform,8 Fiscal,Current expenditure,exp_cur,2030,nominal_growth_pct,10.978432999723386
Reform,8 Fiscal,Current expenditure,exp_cur,2026,real,10547.120186326174
Reform,8 Fiscal,Current expenditure,exp_cur,2027,real,10902.858795191627
Reform,8 Fiscal,Current expenditure,exp_cur,2028,real,11256.13884502645
Reform,8 Fiscal,Current expenditure,exp_cur,2029,real,11920.302754307453
Reform,8 Fiscal,Current expenditure,exp_cur,2030,real,12476.173186020458
Reform,8 Fiscal,Current expenditure,exp_cur,2026,real_growth_pct,-1.238177281398678
Reform,8 Fiscal,Current expenditure,exp_cur,2027,real_growth_pct,3.3728506225486177
Reform,8 Fiscal,Current expenditure,exp_cur,2028,real_growth_pct,3.2402515383453956
Reform,8 Fiscal,Current expenditure,exp_cur,2029,real_growth_pct,5.90045945972375
Reform,8 Fiscal,Current expenditure,exp_cur,2030,real_growth_pct,4.663224107392239
Reform,8 Fiscal,Non-oil revenue,rev_non,2026,deflator,2.181407435128081
Reform,8 Fiscal,Non-oil revenue,rev_non,2027,deflator,2.3556740113852777
Reform,8 Fiscal,Non-oil revenue,rev_non,2028,deflator,2.5201090769389944
Reform,8 Fiscal,Non-oil revenue,rev_non,2029,deflator,2.6829324772834613
Reform,8 Fiscal,Non-oil revenue,rev_non,2030,deflator,2.8448162639006167
Reform,8 Fiscal,Non-oil revenue,rev_non,2026,deflator_growth_pct,5.334606875188408
Reform,8 Fiscal,Non-oil revenue,rev_non,2027,deflator_growth_pct,7.988722026472983
Reform,8 Fiscal,Non-oil revenue,rev_non,2028,deflator_growth_pct,6.980382886553094
Reform,8 Fiscal,Non-oil revenue,rev_non,2029,deflator_growth_pct,6.460966385718403
Reform,8 Fiscal,Non-oil revenue,rev_non,2030,deflator_growth_pct,6.033837526208141
Reform,8 Fiscal,Non-oil revenue,rev_non,2026,nominal,22002.957357772622
Reform,8 Fiscal,Non-oil revenue,rev_non,2027,nominal,25536.32409815901
Reform,8 Fiscal,Non-oil revenue,rev_non,2028,nominal,29341.474627697502
Reform,8 Fiscal,Non-oil revenue,rev_non,2029,nominal,33945.016617174646
Reform,8 Fiscal,Non-oil revenue,rev_non,2030,nominal,38912.669896076055
Reform,8 Fiscal,Non-oil revenue,rev_non,2026,nominal_growth_pct,8.091302068553198
Reform,8 Fiscal,Non-oil revenue,rev_non,2027,nominal_growth_pct,16.05859922797248
Reform,8 Fiscal,Non-oil revenue,rev_non,2028,nominal_growth_pct,14.900932941295242
Reform,8 Fiscal,Non-oil revenue,rev_non,2029,nominal_growth_pct,15.689538606664065
Reform,8 Fiscal,Non-oil revenue,rev_non,2030,nominal_growth_pct,14.634411097586565
Reform,8 Fiscal,Non-oil revenue,rev_non,2026,real,10086.58767887656
Reform,8 Fiscal,Non-oil revenue,rev_non,2027,real,10840.347168045599
Reform,8 Fiscal,Non-oil revenue,rev_non,2028,real,11642.938353817844
Reform,8 Fiscal,Non-oil revenue,rev_non,2029,real,12652.206831364187
Reform,8 Fiscal,Non-oil revenue,rev_non,2030,real,13678.447494082333
Reform,8 Fiscal,Non-oil revenue,rev_non,2026,real_growth_pct,2.6170840478203283
Reform,8 Fiscal,Non-oil revenue,rev_non,2027,real_growth_pct,7.472888881415951
Reform,8 Fiscal,Non-oil revenue,rev_non,2028,real_growth_pct,7.40374061209097
Reform,8 Fiscal,Non-oil revenue,rev_non,2029,real_growth_pct,8.668503146505046
Reform,8 Fiscal,Non-oil revenue,rev_non,2030,real_growth_pct,8.111159392163492
Reform,8 Fiscal,Oil and gas revenue,rev_oil,2026,deflator,2.181407435128081
Reform,8 Fiscal,Oil and gas revenue,rev_oil,2027,deflator,2.3556740113852777
Reform,8 Fiscal,Oil and gas revenue,rev_oil,2028,deflator,2.5201090769389944
Reform,8 Fiscal,Oil and gas revenue,rev_oil,2029,deflator,2.6829324772834613
Reform,8 Fiscal,Oil and gas revenue,rev_oil,2030,deflator,2.8448162639006167
Reform,8 Fiscal,Oil and gas revenue,rev_oil,2026,deflator_growth_pct,5.334606875188408
Reform,8 Fiscal,Oil and gas revenue,rev_oil,2027,deflator_growth_pct,7.988722026472983
Reform,8 Fiscal,Oil and gas revenue,rev_oil,2028,deflator_growth_pct,6.980382886553094
Reform,8 Fiscal,Oil and gas revenue,rev_oil,2029,deflator_growth_pct,6.460966385718403
Reform,8 Fiscal,Oil and gas revenue,rev_oil,2030,deflator_growth_pct,6.033837526208141
Reform,8 Fiscal,Oil and gas revenue,rev_oil,2026,nominal,18698.420103148324
Reform,8 Fiscal,Oil and gas revenue,rev_oil,2027,nominal,19307.473003715895
Reform,8 Fiscal,Oil and gas revenue,rev_oil,2028,nominal,19606.192302111078
Reform,8 Fiscal,Oil and gas revenue,rev_oil,2029,nominal,20551.398592036057
Reform,8 Fiscal,Oil and gas revenue,rev_oil,2030,nominal,20869.939631709647
Reform,8 Fiscal,Oil and gas revenue,rev_oil,2026,nominal_growth_pct,-0.6902762830873987
Reform,8 Fiscal,Oil and gas revenue,rev_oil,2027,nominal_growth_pct,3.2572425756175027
Reform,8 Fiscal,Oil and gas revenue,rev_oil,2028,nominal_growth_pct,1.5471693180028945
Reform,8 Fiscal,Oil and gas revenue,rev_oil,2029,nominal_growth_pct,4.820957967566231
Reform,8 Fiscal,Oil and gas revenue,rev_oil,2030,nominal_growth_pct,1.5499725638965955
Reform,8 Fiscal,Oil and gas revenue,rev_oil,2026,real,8571.722917067278
Reform,8 Fiscal,Oil and gas revenue,rev_oil,2027,real,8196.156560882524
Reform,8 Fiscal,Oil and gas revenue,rev_oil,2028,real,7779.898291515774
Reform,8 Fiscal,Oil and gas revenue,rev_oil,2029,real,7660.0506222373815
Reform,8 Fiscal,Oil and gas revenue,rev_oil,2030,real,7336.129189269404
Reform,8 Fiscal,Oil and gas revenue,rev_oil,2026,real_growth_pct,-5.719756627956773
Reform,8 Fiscal,Oil and gas revenue,rev_oil,2027,real_growth_pct,-4.381457028165936
Reform,8 Fiscal,Oil and gas revenue,rev_oil,2028,real_growth_pct,-5.078700806587921
Reform,8 Fiscal,Oil and gas revenue,rev_oil,2029,real_growth_pct,-1.5404786127999892
Reform,8 Fiscal,Oil and gas revenue,rev_oil,2030,real_growth_pct,-4.228711387724027
Reform,8 Fiscal,"Public debt (external + domestic, MinFin)",debt,2026,deflator,2.181407435128081
Reform,8 Fiscal,"Public debt (external + domestic, MinFin)",debt,2027,deflator,2.3556740113852777
Reform,8 Fiscal,"Public debt (external + domestic, MinFin)",debt,2028,deflator,2.5201090769389944
Reform,8 Fiscal,"Public debt (external + domestic, MinFin)",debt,2029,deflator,2.6829324772834613
Reform,8 Fiscal,"Public debt (external + domestic, MinFin)",debt,2030,deflator,2.8448162639006167
Reform,8 Fiscal,"Public debt (external + domestic, MinFin)",debt,2026,deflator_growth_pct,5.334606875188408
Reform,8 Fiscal,"Public debt (external + domestic, MinFin)",debt,2027,deflator_growth_pct,7.988722026472983
Reform,8 Fiscal,"Public debt (external + domestic, MinFin)",debt,2028,deflator_growth_pct,6.980382886553094
Reform,8 Fiscal,"Public debt (external + domestic, MinFin)",debt,2029,deflator_growth_pct,6.460966385718403
Reform,8 Fiscal,"Public debt (external + domestic, MinFin)",debt,2030,deflator_growth_pct,6.033837526208141
Reform,8 Fiscal,"Public debt (external + domestic, MinFin)",debt,2026,nominal,23479.801830712822
Reform,8 Fiscal,"Public debt (external + domestic, MinFin)",debt,2027,nominal,23071.45524236269
Reform,8 Fiscal,"Public debt (external + domestic, MinFin)",debt,2028,nominal,23175.564531432894
Reform,8 Fiscal,"Public debt (external + domestic, MinFin)",debt,2029,nominal,23478.778399112263
Reform,8 Fiscal,"Public debt (external + domestic, MinFin)",debt,2030,nominal,24303.604218489258
Reform,8 Fiscal,"Public debt (external + domestic, MinFin)",debt,2026,nominal_growth_pct,-9.64945837043334
Reform,8 Fiscal,"Public debt (external + domestic, MinFin)",debt,2027,nominal_growth_pct,-1.7391398415296466
Reform,8 Fiscal,"Public debt (external + domestic, MinFin)",debt,2028,nominal_growth_pct,0.45124717091553634
Reform,8 Fiscal,"Public debt (external + domestic, MinFin)",debt,2029,nominal_growth_pct,1.3083343332073838
Reform,8 Fiscal,"Public debt (external + domestic, MinFin)",debt,2030,nominal_growth_pct,3.51306957012798
Reform,8 Fiscal,"Public debt (external + domestic, MinFin)",debt,2026,real,10763.602182979726
Reform,8 Fiscal,"Public debt (external + domestic, MinFin)",debt,2027,real,9793.993197214622
Reform,8 Fiscal,"Public debt (external + domestic, MinFin)",debt,2028,real,9196.254536562632
Reform,8 Fiscal,"Public debt (external + domestic, MinFin)",debt,2029,real,8751.162616990323
Reform,8 Fiscal,"Public debt (external + domestic, MinFin)",debt,2030,real,8543.11912051776
Reform,8 Fiscal,"Public debt (external + domestic, MinFin)",debt,2026,real_growth_pct,-14.22520640664321
Reform,8 Fiscal,"Public debt (external + domestic, MinFin)",debt,2027,real_growth_pct,-9.008220196936744
Reform,8 Fiscal,"Public debt (external + domestic, MinFin)",debt,2028,real_growth_pct,-6.103114925809683
Reform,8 Fiscal,"Public debt (external + domestic, MinFin)",debt,2029,real_growth_pct,-4.839926056882227
Reform,8 Fiscal,"Public debt (external + domestic, MinFin)",debt,2030,real_growth_pct,-2.3773240834154774
Reform,9 Prices,Consumer price index,cpi,2026,deflator,203.14467861929546
Reform,9 Prices,Consumer price index,cpi,2027,deflator,217.2297435823901
Reform,9 Prices,Consumer price index,cpi,2028,deflator,230.14381251690517
Reform,9 Prices,Consumer price index,cpi,2029,deflator,243.2663557014804
Reform,9 Prices,Consumer price index,cpi,2030,deflator,256.2576529200923
Reform,9 Prices,Consumer price index,cpi,2026,deflator_growth_pct,5.700312169327848
Reform,9 Prices,Consumer price index,cpi,2027,deflator_growth_pct,6.933514113599237
Reform,9 Prices,Consumer price index,cpi,2028,deflator_growth_pct,5.944889830253408
Reform,9 Prices,Consumer price index,cpi,2029,deflator_growth_pct,5.701888328460414
Reform,9 Prices,Consumer price index,cpi,2030,deflator_growth_pct,5.340359204687539
Reform,9 Prices,Consumer price index,cpi,2026,nominal,203.14467861929546
Reform,9 Prices,Consumer price index,cpi,2027,nominal,217.2297435823901
Reform,9 Prices,Consumer price index,cpi,2028,nominal,230.14381251690517
Reform,9 Prices,Consumer price index,cpi,2029,nominal,243.2663557014804
Reform,9 Prices,Consumer price index,cpi,2030,nominal,256.2576529200923
Reform,9 Prices,Consumer price index,cpi,2026,nominal_growth_pct,5.700312169327848
Reform,9 Prices,Consumer price index,cpi,2027,nominal_growth_pct,6.933514113599237
Reform,9 Prices,Consumer price index,cpi,2028,nominal_growth_pct,5.944889830253408
Reform,9 Prices,Consumer price index,cpi,2029,nominal_growth_pct,5.701888328460414
Reform,9 Prices,Consumer price index,cpi,2030,nominal_growth_pct,5.340359204687539
Reform,9 Prices,GDP deflator,pgdp,2026,deflator,2.181407435128081
Reform,9 Prices,GDP deflator,pgdp,2027,deflator,2.3556740113852777
Reform,9 Prices,GDP deflator,pgdp,2028,deflator,2.5201090769389944
Reform,9 Prices,GDP deflator,pgdp,2029,deflator,2.6829324772834613
Reform,9 Prices,GDP deflator,pgdp,2030,deflator,2.8448162639006167
Reform,9 Prices,GDP deflator,pgdp,2026,deflator_growth_pct,5.334606875188408
Reform,9 Prices,GDP deflator,pgdp,2027,deflator_growth_pct,7.988722026472983
Reform,9 Prices,GDP deflator,pgdp,2028,deflator_growth_pct,6.980382886553094
Reform,9 Prices,GDP deflator,pgdp,2029,deflator_growth_pct,6.460966385718403
Reform,9 Prices,GDP deflator,pgdp,2030,deflator_growth_pct,6.033837526208141
Reform,9 Prices,GDP deflator,pgdp,2026,nominal,2.181407435128081
Reform,9 Prices,GDP deflator,pgdp,2027,nominal,2.3556740113852777
Reform,9 Prices,GDP deflator,pgdp,2028,nominal,2.5201090769389944
Reform,9 Prices,GDP deflator,pgdp,2029,nominal,2.6829324772834613
Reform,9 Prices,GDP deflator,pgdp,2030,nominal,2.8448162639006167
Reform,9 Prices,GDP deflator,pgdp,2026,nominal_growth_pct,5.334606875188408
Reform,9 Prices,GDP deflator,pgdp,2027,nominal_growth_pct,7.988722026472983
Reform,9 Prices,GDP deflator,pgdp,2028,nominal_growth_pct,6.980382886553094
Reform,9 Prices,GDP deflator,pgdp,2029,nominal_growth_pct,6.460966385718403
Reform,9 Prices,GDP deflator,pgdp,2030,nominal_growth_pct,6.033837526208141
