eq_id,coefficient,label_az,value,se,ci_low,ci_high,component_id,component_label_az,year,baseline,value_minus_se,value_plus_se,level_minus_se,level_plus_se,effect_minus_se_pct,effect_plus_se_pct,swing_pct,note_az
FR1.B1_oil_price,const,sabit,-0.763163815639418,0.2870306042767932,-1.3569318595997824,-0.16939577167905373,fr1:rgdp,Real ÜDM,2030,71354.48942608183,-1.0501944199162112,-0.4761332113626248,71466.71512029629,71246.56439981045,0.1572790936031021,-0.15125190739845307,0.30853100100155517,
FR1.B1_oil_price,const,sabit,-0.763163815639418,0.2870306042767932,-1.3569318595997824,-0.16939577167905373,fr1:rgdpnon,Real qeyri-neft ÜDM,2030,62311.44883039262,-1.0501944199162112,-0.4761332113626248,61949.234593106245,62735.38761566593,-0.5812964456536673,0.680354562814367,1.2616510084680344,
FR1.B1_oil_price,const,sabit,-0.763163815639418,0.2870306042767932,-1.3569318595997824,-0.16939577167905373,fr1:cpi,İstehlak qiymətləri indeksi,2030,238.0916296137243,-1.0501944199162112,-0.4761332113626248,237.68651699968885,238.56317005952997,-0.17014987662217207,0.19804998880921243,0.3681998654313845,
FR1.B1_oil_price,const,sabit,-0.763163815639418,0.2870306042767932,-1.3569318595997824,-0.16939577167905373,fr1:emp,Məşğul əhali,2030,5271.984503015889,-1.0501944199162112,-0.4761332113626248,5270.950131466299,5273.187786148909,-0.01962015535131867,0.022824102239527022,0.04244425759084569,
FR1.B1_oil_price,const,sabit,-0.763163815639418,0.2870306042767932,-1.3569318595997824,-0.16939577167905373,fr1:rhhdisp,Ev təsərrüfatlarının real sərəncamda qalan gəliri,2030,48288.212878677135,-1.0501944199162112,-0.4761332113626248,48043.75667081299,48574.10772406817,-0.5062440568640136,0.5920592797860058,1.0983033366500194,
FR1.B1_oil_price,ln_brent,ln Brent qiyməti,1.1738569006326913,0.06782625195270721,1.0335476083445243,1.3141661929208583,fr1:rgdp,Real ÜDM,2030,71354.48942608183,1.106030648679984,1.2416831525853986,71467.23884307816,71246.71698697898,0.1580130667365065,-0.15103806357480432,0.3090511303113108,
FR1.B1_oil_price,ln_brent,ln Brent qiyməti,1.1738569006326913,0.06782625195270721,1.0335476083445243,1.3141661929208583,fr1:rgdpnon,Real qeyri-neft ÜDM,2030,62311.44883039262,1.106030648679984,1.2416831525853986,61952.8766223733,62730.80090381831,-0.5754515658837112,0.6729936172197526,1.2484451831034638,
FR1.B1_oil_price,ln_brent,ln Brent qiyməti,1.1738569006326913,0.06782625195270721,1.0335476083445243,1.3141661929208583,fr1:cpi,İstehlak qiymətləri indeksi,2030,238.0916296137243,1.106030648679984,1.2416831525853986,237.69056453097812,238.5581211201636,-0.1684498877162821,0.19592940213652987,0.364379289852812,
FR1.B1_oil_price,ln_brent,ln Brent qiyməti,1.1738569006326913,0.06782625195270721,1.0335476083445243,1.3141661929208583,fr1:emp,Məşğul əhali,2030,5271.984503015889,1.106030648679984,1.2416831525853986,5270.960561029087,5273.17480959138,-0.01942232543011846,0.022577960439962297,0.042000285870080756,
FR1.B1_oil_price,ln_brent,ln Brent qiyməti,1.1738569006326913,0.06782625195270721,1.0335476083445243,1.3141661929208583,fr1:rhhdisp,Ev təsərrüfatlarının real sərəncamda qalan gəliri,2030,48288.212878677135,1.106030648679984,1.2416831525853986,48046.216571231125,48571.014691885895,-0.5011498521471869,0.5856539232862001,1.086803775433387,
FR1.B2_mining,const,sabit,5.487751342639219,0.19338318298635843,5.062117826676638,5.913384858601799,fr1:rgdp,Real ÜDM,2030,71354.48942608183,5.29436815965286,5.681134525625577,71354.48942608185,71354.48942608183,4.440892098500626e-14,0.0,4.440892098500626e-14,sabit: 2025 düzəliş əmsalı ilə udulur (təsir sıfırdır)
FR1.B2_mining,const,sabit,5.487751342639219,0.19338318298635843,5.062117826676638,5.913384858601799,fr1:rgdpnon,Real qeyri-neft ÜDM,2030,62311.44883039262,5.29436815965286,5.681134525625577,62311.44883039262,62311.44883039262,0.0,0.0,0.0,sabit: 2025 düzəliş əmsalı ilə udulur (təsir sıfırdır)
FR1.B2_mining,const,sabit,5.487751342639219,0.19338318298635843,5.062117826676638,5.913384858601799,fr1:cpi,İstehlak qiymətləri indeksi,2030,238.0916296137243,5.29436815965286,5.681134525625577,238.0916296137243,238.0916296137243,0.0,0.0,0.0,sabit: 2025 düzəliş əmsalı ilə udulur (təsir sıfırdır)
FR1.B2_mining,const,sabit,5.487751342639219,0.19338318298635843,5.062117826676638,5.913384858601799,fr1:emp,Məşğul əhali,2030,5271.984503015889,5.29436815965286,5.681134525625577,5271.984503015889,5271.984503015889,0.0,0.0,0.0,sabit: 2025 düzəliş əmsalı ilə udulur (təsir sıfırdır)
FR1.B2_mining,const,sabit,5.487751342639219,0.19338318298635843,5.062117826676638,5.913384858601799,fr1:rhhdisp,Ev təsərrüfatlarının real sərəncamda qalan gəliri,2030,48288.212878677135,5.29436815965286,5.681134525625577,48288.212878677135,48288.212878677135,0.0,0.0,0.0,sabit: 2025 düzəliş əmsalı ilə udulur (təsir sıfırdır)
FR1.B2_mining,ln_oil,ln neft hasilatı,0.8613692571771168,0.04021282628044624,0.772861423288861,0.9498770910653725,fr1:rgdp,Real ÜDM,2030,71354.48942608183,0.8211564308966706,0.901582083457563,71393.5090733343,71315.56620257761,0.05468422178662724,-0.0545490883857247,0.10923331017235194,
FR1.B2_mining,ln_oil,ln neft hasilatı,0.8613692571771168,0.04021282628044624,0.772861423288861,0.9498770910653725,fr1:rgdpnon,Real qeyri-neft ÜDM,2030,62311.44883039262,0.8211564308966706,0.901582083457563,62312.02192621506,62310.87667868838,0.0009197279684514115,-0.0009182128083651264,0.0018379407768165379,
FR1.B2_mining,ln_oil,ln neft hasilatı,0.8613692571771168,0.04021282628044624,0.772861423288861,0.9498770910653725,fr1:cpi,İstehlak qiymətləri indeksi,2030,238.0916296137243,0.8211564308966706,0.901582083457563,238.0922641299824,238.09099613733304,0.0002665008673741198,-0.00026606411670515584,0.0005325649840792757,
FR1.B2_mining,ln_oil,ln neft hasilatı,0.8613692571771168,0.04021282628044624,0.772861423288861,0.9498770910653725,fr1:emp,Məşğul əhali,2030,5271.984503015889,0.8211564308966706,0.901582083457563,5271.986134991385,5271.98287371444,3.095562013388786e-05,-3.090489829604692e-05,6.186051842993479e-05,
FR1.B2_mining,ln_oil,ln neft hasilatı,0.8613692571771168,0.04021282628044624,0.772861423288861,0.9498770910653725,fr1:rhhdisp,Ev təsərrüfatlarının real sərəncamda qalan gəliri,2030,48288.212878677135,0.8211564308966706,0.901582083457563,48288.59966189889,48287.82673222223,0.000800988892923904,-0.000799670213258441,0.001600659106182345,
FR1.B2_mining,ln_gas,ln qaz hasilatı,0.2648578508201034,0.03242056393649804,0.1935006707143508,0.336215030925856,fr1:rgdp,Real ÜDM,2030,71354.48942608183,0.23243728688360535,0.29727841475660144,71364.86709508552,71344.11954894089,0.014543820700230192,-0.014532900766783818,0.02907672146701401,
FR1.B2_mining,ln_gas,ln qaz hasilatı,0.2648578508201034,0.03242056393649804,0.1935006707143508,0.336215030925856,fr1:rgdpnon,Real qeyri-neft ÜDM,2030,62311.44883039262,0.23243728688360535,0.29727841475660144,62311.64456616518,62311.25327085065,0.00031412489396309695,-0.00031384207178630774,0.0006279669657494047,
FR1.B2_mining,ln_gas,ln qaz hasilatı,0.2648578508201034,0.03242056393649804,0.1935006707143508,0.336215030925856,fr1:cpi,İstehlak qiymətləri indeksi,2030,238.0916296137243,0.23243728688360535,0.29727841475660144,238.09184614596722,238.09141327576577,9.094492035011115e-05,-9.086331967944616e-05,0.0001818082400295573,
FR1.B2_mining,ln_gas,ln qaz hasilatı,0.2648578508201034,0.03242056393649804,0.1935006707143508,0.336215030925856,fr1:emp,Məşğul əhali,2030,5271.984503015889,0.23243728688360535,0.29727841475660144,5271.985060404211,5271.983946127721,1.0572647224371678e-05,-1.0563160179888342e-05,2.113580740426002e-05,
FR1.B2_mining,ln_gas,ln qaz hasilatı,0.2648578508201034,0.03242056393649804,0.1935006707143508,0.336215030925856,fr1:rhhdisp,Ev təsərrüfatlarının real sərəncamda qalan gəliri,2030,48288.212878677135,0.23243728688360535,0.29727841475660144,48288.344986412274,48288.08088983725,0.0002735817444143862,-0.0002733355243811353,0.0005469172687955215,
FR1.B3_oilgdp,const,sabit,5.203651860818666,0.09145182782095602,5.009782646397574,5.397521075239758,fr1:rgdp,Real ÜDM,2030,71354.48942608183,5.11220003299771,5.295103688639622,71354.48942608183,71354.48942608183,0.0,0.0,0.0,sabit: 2025 düzəliş əmsalı ilə udulur (təsir sıfırdır)
FR1.B3_oilgdp,const,sabit,5.203651860818666,0.09145182782095602,5.009782646397574,5.397521075239758,fr1:rgdpnon,Real qeyri-neft ÜDM,2030,62311.44883039262,5.11220003299771,5.295103688639622,62311.44883039262,62311.44883039262,0.0,0.0,0.0,sabit: 2025 düzəliş əmsalı ilə udulur (təsir sıfırdır)
FR1.B3_oilgdp,const,sabit,5.203651860818666,0.09145182782095602,5.009782646397574,5.397521075239758,fr1:cpi,İstehlak qiymətləri indeksi,2030,238.0916296137243,5.11220003299771,5.295103688639622,238.0916296137243,238.0916296137243,0.0,0.0,0.0,sabit: 2025 düzəliş əmsalı ilə udulur (təsir sıfırdır)
FR1.B3_oilgdp,const,sabit,5.203651860818666,0.09145182782095602,5.009782646397574,5.397521075239758,fr1:emp,Məşğul əhali,2030,5271.984503015889,5.11220003299771,5.295103688639622,5271.984503015889,5271.984503015889,0.0,0.0,0.0,sabit: 2025 düzəliş əmsalı ilə udulur (təsir sıfırdır)
FR1.B3_oilgdp,const,sabit,5.203651860818666,0.09145182782095602,5.009782646397574,5.397521075239758,fr1:rhhdisp,Ev təsərrüfatlarının real sərəncamda qalan gəliri,2030,48288.212878677135,5.11220003299771,5.295103688639622,48288.212878677135,48288.212878677135,0.0,0.0,0.0,sabit: 2025 düzəliş əmsalı ilə udulur (təsir sıfırdır)
FR1.B3_oilgdp,ln_oil,ln neft hasilatı,0.9365350635080416,0.04054077206061722,0.850592465982228,1.022477661033855,fr1:rgdp,Real ÜDM,2030,71354.48942608183,0.8959942914474244,0.9770758355686588,71354.48942608183,71354.48942608183,0.0,0.0,0.0,
FR1.B3_oilgdp,ln_oil,ln neft hasilatı,0.9365350635080416,0.04054077206061722,0.850592465982228,1.022477661033855,fr1:rgdpnon,Real qeyri-neft ÜDM,2030,62311.44883039262,0.8959942914474244,0.9770758355686588,62311.44883039262,62311.44883039262,0.0,0.0,0.0,
FR1.B3_oilgdp,ln_oil,ln neft hasilatı,0.9365350635080416,0.04054077206061722,0.850592465982228,1.022477661033855,fr1:cpi,İstehlak qiymətləri indeksi,2030,238.0916296137243,0.8959942914474244,0.9770758355686588,238.0916296137243,238.0916296137243,0.0,0.0,0.0,
FR1.B3_oilgdp,ln_oil,ln neft hasilatı,0.9365350635080416,0.04054077206061722,0.850592465982228,1.022477661033855,fr1:emp,Məşğul əhali,2030,5271.984503015889,0.8959942914474244,0.9770758355686588,5271.984503015889,5271.984503015889,0.0,0.0,0.0,
FR1.B3_oilgdp,ln_oil,ln neft hasilatı,0.9365350635080416,0.04054077206061722,0.850592465982228,1.022477661033855,fr1:rhhdisp,Ev təsərrüfatlarının real sərəncamda qalan gəliri,2030,48288.212878677135,0.8959942914474244,0.9770758355686588,48288.212878677135,48288.212878677135,0.0,0.0,0.0,
FR1.B3_oilgdp,ln_gas,ln qaz hasilatı,0.3093841252103129,0.035336019811165804,0.23447510955924386,0.3842931408613819,fr1:rgdp,Real ÜDM,2030,71354.48942608183,0.2740481053991471,0.3447201450214787,71354.48942608183,71354.48942608183,0.0,0.0,0.0,
FR1.B3_oilgdp,ln_gas,ln qaz hasilatı,0.3093841252103129,0.035336019811165804,0.23447510955924386,0.3842931408613819,fr1:rgdpnon,Real qeyri-neft ÜDM,2030,62311.44883039262,0.2740481053991471,0.3447201450214787,62311.44883039262,62311.44883039262,0.0,0.0,0.0,
FR1.B3_oilgdp,ln_gas,ln qaz hasilatı,0.3093841252103129,0.035336019811165804,0.23447510955924386,0.3842931408613819,fr1:cpi,İstehlak qiymətləri indeksi,2030,238.0916296137243,0.2740481053991471,0.3447201450214787,238.0916296137243,238.0916296137243,0.0,0.0,0.0,
FR1.B3_oilgdp,ln_gas,ln qaz hasilatı,0.3093841252103129,0.035336019811165804,0.23447510955924386,0.3842931408613819,fr1:emp,Məşğul əhali,2030,5271.984503015889,0.2740481053991471,0.3447201450214787,5271.984503015889,5271.984503015889,0.0,0.0,0.0,
FR1.B3_oilgdp,ln_gas,ln qaz hasilatı,0.3093841252103129,0.035336019811165804,0.23447510955924386,0.3842931408613819,fr1:rhhdisp,Ev təsərrüfatlarının real sərəncamda qalan gəliri,2030,48288.212878677135,0.2740481053991471,0.3447201450214787,48288.212878677135,48288.212878677135,0.0,0.0,0.0,
FR1.C1_agr,const,sabit,7.5570030989271135,0.024384116559078656,7.5066767558342615,7.6073294420199655,fr1:rgdp,Real ÜDM,2030,71354.48942608183,7.532618982368035,7.581387215486192,71354.48942608191,71354.48942608191,1.3322676295501878e-13,1.3322676295501878e-13,0.0,sabit: 2025 düzəliş əmsalı ilə udulur (təsir sıfırdır)
FR1.C1_agr,const,sabit,7.5570030989271135,0.024384116559078656,7.5066767558342615,7.6073294420199655,fr1:rgdpnon,Real qeyri-neft ÜDM,2030,62311.44883039262,7.532618982368035,7.581387215486192,62311.44883039274,62311.44883039274,1.9984014443252818e-13,1.9984014443252818e-13,0.0,sabit: 2025 düzəliş əmsalı ilə udulur (təsir sıfırdır)
FR1.C1_agr,const,sabit,7.5570030989271135,0.024384116559078656,7.5066767558342615,7.6073294420199655,fr1:cpi,İstehlak qiymətləri indeksi,2030,238.0916296137243,7.532618982368035,7.581387215486192,238.09162961372436,238.09162961372436,2.220446049250313e-14,2.220446049250313e-14,0.0,sabit: 2025 düzəliş əmsalı ilə udulur (təsir sıfırdır)
FR1.C1_agr,const,sabit,7.5570030989271135,0.024384116559078656,7.5066767558342615,7.6073294420199655,fr1:emp,Məşğul əhali,2030,5271.984503015889,7.532618982368035,7.581387215486192,5271.984503015889,5271.984503015889,0.0,0.0,0.0,sabit: 2025 düzəliş əmsalı ilə udulur (təsir sıfırdır)
FR1.C1_agr,const,sabit,7.5570030989271135,0.024384116559078656,7.5066767558342615,7.6073294420199655,fr1:rhhdisp,Ev təsərrüfatlarının real sərəncamda qalan gəliri,2030,48288.212878677135,7.532618982368035,7.581387215486192,48288.21287867731,48288.21287867731,3.552713678800501e-13,3.552713678800501e-13,0.0,sabit: 2025 düzəliş əmsalı ilə udulur (təsir sıfırdır)
FR1.C1_agr,trend,xətti trend,0.037542693751050044,0.0015092961938624023,0.03442765950746678,0.040657727994633304,fr1:rgdp,Real ÜDM,2030,71354.48942608183,0.03603339755718764,0.03905198994491245,71227.26675929781,71482.6665730752,-0.17829665352143698,0.17963431316561085,0.3579309666870478,
FR1.C1_agr,trend,xətti trend,0.037542693751050044,0.0015092961938624023,0.03442765950746678,0.040657727994633304,fr1:rgdpnon,Real qeyri-neft ÜDM,2030,62311.44883039262,0.03603339755718764,0.03905198994491245,62174.624248188455,62449.28377664138,-0.21958176991935252,0.22120324408430037,0.4407850140036529,
FR1.C1_agr,trend,xətti trend,0.037542693751050044,0.0015092961938624023,0.03442765950746678,0.040657727994633304,fr1:cpi,İstehlak qiymətləri indeksi,2030,238.0916296137243,0.03603339755718764,0.03905198994491245,237.9398919668953,238.24422332445923,-0.063730777547788,0.06409032983749618,0.12782110738528418,
FR1.C1_agr,trend,xətti trend,0.037542693751050044,0.0015092961938624023,0.03442765950746678,0.040657727994633304,fr1:emp,Məşğul əhali,2030,5271.984503015889,0.03603339755718764,0.03905198994491245,5271.5944589830415,5272.376591346235,-0.007398429047433819,0.007437205669358349,0.014835634716792168,
FR1.C1_agr,trend,xətti trend,0.037542693751050044,0.0015092961938624023,0.03442765950746678,0.040657727994633304,fr1:rhhdisp,Ev təsərrüfatlarının real sərəncamda qalan gəliri,2030,48288.212878677135,0.03603339755718764,0.03905198994491245,48195.860425092425,48381.221568554916,-0.19125258128053213,0.1926115802037609,0.38386416148429303,
FR1.C3_man,const,sabit,-1.0573569374810923,2.600828650186887,-7.054878559769523,4.940164684807338,fr1:rgdp,Real ÜDM,2030,71354.48942608183,-3.658185587667979,1.5434717127057946,71354.48942608191,71354.48942608183,1.3322676295501878e-13,0.0,1.3322676295501878e-13,sabit: 2025 düzəliş əmsalı ilə udulur (təsir sıfırdır)
FR1.C3_man,const,sabit,-1.0573569374810923,2.600828650186887,-7.054878559769523,4.940164684807338,fr1:rgdpnon,Real qeyri-neft ÜDM,2030,62311.44883039262,-3.658185587667979,1.5434717127057946,62311.44883039272,62311.44883039262,1.5543122344752192e-13,0.0,1.5543122344752192e-13,sabit: 2025 düzəliş əmsalı ilə udulur (təsir sıfırdır)
FR1.C3_man,const,sabit,-1.0573569374810923,2.600828650186887,-7.054878559769523,4.940164684807338,fr1:cpi,İstehlak qiymətləri indeksi,2030,238.0916296137243,-3.658185587667979,1.5434717127057946,238.09162961372445,238.09162961372428,6.661338147750939e-14,-1.1102230246251565e-14,7.771561172376096e-14,sabit: 2025 düzəliş əmsalı ilə udulur (təsir sıfırdır)
FR1.C3_man,const,sabit,-1.0573569374810923,2.600828650186887,-7.054878559769523,4.940164684807338,fr1:emp,Məşğul əhali,2030,5271.984503015889,-3.658185587667979,1.5434717127057946,5271.984503015889,5271.984503015889,0.0,0.0,0.0,sabit: 2025 düzəliş əmsalı ilə udulur (təsir sıfırdır)
FR1.C3_man,const,sabit,-1.0573569374810923,2.600828650186887,-7.054878559769523,4.940164684807338,fr1:rhhdisp,Ev təsərrüfatlarının real sərəncamda qalan gəliri,2030,48288.212878677135,-3.658185587667979,1.5434717127057946,48288.21287867731,48288.212878677135,3.552713678800501e-13,0.0,3.552713678800501e-13,sabit: 2025 düzəliş əmsalı ilə udulur (təsir sıfırdır)
FR1.C3_man,ln_K_man,ln əsas fondlar (emal),0.24087126601363806,0.11988249805712668,-0.03557827024470145,0.5173208022719775,fr1:rgdp,Real ÜDM,2030,71354.48942608183,0.12098876795651138,0.36075376407076476,71514.87476735428,71196.91476637496,0.22477260024207357,-0.220833560683098,0.4456061609251716,
FR1.C3_man,ln_K_man,ln əsas fondlar (emal),0.24087126601363806,0.11988249805712668,-0.03557827024470145,0.5173208022719775,fr1:rgdpnon,Real qeyri-neft ÜDM,2030,62311.44883039262,0.12098876795651138,0.36075376407076476,62484.10139769949,62141.78745972237,0.2770800078438551,-0.27227961129913103,0.5493596191429861,
FR1.C3_man,ln_K_man,ln əsas fondlar (emal),0.24087126601363806,0.11988249805712668,-0.03557827024470145,0.5173208022719775,fr1:cpi,İstehlak qiymətləri indeksi,2030,238.0916296137243,0.12098876795651138,0.36075376407076476,238.2827808590522,237.90338057548567,0.08028473980290496,-0.07906579435155159,0.15935053415445655,
FR1.C3_man,ln_K_man,ln əsas fondlar (emal),0.24087126601363806,0.11988249805712668,-0.03557827024470145,0.5173208022719775,fr1:emp,Məşğul əhali,2030,5271.984503015889,0.12098876795651138,0.36075376407076476,5272.475502014392,5271.5007281683065,0.009313361946006182,-0.009176332883853444,0.018489694829859626,
FR1.C3_man,ln_K_man,ln əsas fondlar (emal),0.24087126601363806,0.11988249805712668,-0.03557827024470145,0.5173208022719775,fr1:rhhdisp,Ev təsərrüfatlarının real sərəncamda qalan gəliri,2030,48288.212878677135,0.12098876795651138,0.36075376407076476,48404.71025805187,48173.694447250586,0.24125427807284439,-0.2371560772279402,0.4784103553007846,
FR1.C3_man,ln_va_con,ln real tikinti əlavə dəyəri,0.19458987477457867,0.18571122078955932,-0.23366096831995897,0.6228407178691163,fr1:rgdp,Real ÜDM,2030,71354.48942608183,0.008878653985019358,0.380301095564138,71245.23708901189,71465.86830258572,-0.1531120717822687,0.15609231794626588,0.3092043897285346,
FR1.C3_man,ln_va_con,ln real tikinti əlavə dəyəri,0.19458987477457867,0.18571122078955932,-0.23366096831995897,0.6228407178691163,fr1:rgdpnon,Real qeyri-neft ÜDM,2030,62311.44883039262,0.008878653985019358,0.380301095564138,62203.17057999118,62422.46420546224,-0.17376943151516944,0.17816208281691281,0.35193151433208225,
FR1.C3_man,ln_va_con,ln real tikinti əlavə dəyəri,0.19458987477457867,0.18571122078955932,-0.23366096831995897,0.6228407178691163,fr1:cpi,İstehlak qiymətləri indeksi,2030,238.0916296137243,0.008878653985019358,0.380301095564138,237.979051511162,238.20525871966228,-0.04728351968733557,0.04772494779523573,0.0950084674825713,
FR1.C3_man,ln_va_con,ln real tikinti əlavə dəyəri,0.19458987477457867,0.18571122078955932,-0.23366096831995897,0.6228407178691163,fr1:emp,Məşğul əhali,2030,5271.984503015889,0.008878653985019358,0.380301095564138,5271.675904063095,5272.300365370199,-0.005853563352031799,0.005991336926913782,0.01184490027894558,
FR1.C3_man,ln_va_con,ln real tikinti əlavə dəyəri,0.19458987477457867,0.18571122078955932,-0.23366096831995897,0.6228407178691163,fr1:rhhdisp,Ev təsərrüfatlarının real sərəncamda qalan gəliri,2030,48288.212878677135,0.008878653985019358,0.380301095564138,48214.91153540053,48363.39874838188,-0.1517996606351324,0.1557023240716049,0.3075019847067373,
FR1.C3_man,ln_x_non,ln real qeyri-neft ixracı,0.7114258879007773,0.20415465399196847,0.24064441157412236,1.1822073642274322,fr1:rgdp,Real ÜDM,2030,71354.48942608183,0.5072712339088088,0.9155805418927458,70393.73967802888,72669.8137901375,-1.346446111212396,1.8433659530536772,3.189812064266073,
FR1.C3_man,ln_x_non,ln real qeyri-neft ixracı,0.7114258879007773,0.20415465399196847,0.24064441157412236,1.1822073642274322,fr1:rgdpnon,Real qeyri-neft ÜDM,2030,62311.44883039262,0.5072712339088088,0.9155805418927458,61278.864665501926,63723.1244032219,-1.6571339364958693,2.265515566283427,3.9226495027792962,
FR1.C3_man,ln_x_non,ln real qeyri-neft ixracı,0.7114258879007773,0.20415465399196847,0.24064441157412236,1.1822073642274322,fr1:cpi,İstehlak qiymətləri indeksi,2030,238.0916296137243,0.5072712339088088,0.9155805418927458,236.94073271526577,239.64092217444335,-0.4833840233382958,0.6507127374585142,1.13409676079681,
FR1.C3_man,ln_x_non,ln real qeyri-neft ixracı,0.7114258879007773,0.20415465399196847,0.24064441157412236,1.1822073642274322,fr1:emp,Məşğul əhali,2030,5271.984503015889,0.5072712339088088,0.9155805418927458,5269.020250649183,5275.961115521972,-0.05622650000222107,0.07542913875806523,0.1316556387602863,
FR1.C3_man,ln_x_non,ln real qeyri-neft ixracı,0.7114258879007773,0.20415465399196847,0.24064441157412236,1.1822073642274322,fr1:rhhdisp,Ev təsərrüfatlarının real sərəncamda qalan gəliri,2030,48288.212878677135,0.5072712339088088,0.9155805418927458,47590.594433603066,49239.61142754363,-1.4446971703567013,1.9702500717035276,3.414947242060229,
FR1.C4_elc,const,sabit,5.731175698412924,1.9538693713658533,1.5405426807788274,9.921808716047021,fr1:rgdp,Real ÜDM,2030,71354.48942608183,3.777306327047071,7.685045069778777,71354.48942608183,71354.48942608183,0.0,0.0,0.0,sabit: 2025 düzəliş əmsalı ilə udulur (təsir sıfırdır)
FR1.C4_elc,const,sabit,5.731175698412924,1.9538693713658533,1.5405426807788274,9.921808716047021,fr1:rgdpnon,Real qeyri-neft ÜDM,2030,62311.44883039262,3.777306327047071,7.685045069778777,62311.448830392634,62311.448830392634,2.220446049250313e-14,2.220446049250313e-14,0.0,sabit: 2025 düzəliş əmsalı ilə udulur (təsir sıfırdır)
FR1.C4_elc,const,sabit,5.731175698412924,1.9538693713658533,1.5405426807788274,9.921808716047021,fr1:cpi,İstehlak qiymətləri indeksi,2030,238.0916296137243,3.777306327047071,7.685045069778777,238.0916296137243,238.0916296137243,0.0,0.0,0.0,sabit: 2025 düzəliş əmsalı ilə udulur (təsir sıfırdır)
FR1.C4_elc,const,sabit,5.731175698412924,1.9538693713658533,1.5405426807788274,9.921808716047021,fr1:emp,Məşğul əhali,2030,5271.984503015889,3.777306327047071,7.685045069778777,5271.984503015889,5271.984503015889,0.0,0.0,0.0,sabit: 2025 düzəliş əmsalı ilə udulur (təsir sıfırdır)
FR1.C4_elc,const,sabit,5.731175698412924,1.9538693713658533,1.5405426807788274,9.921808716047021,fr1:rhhdisp,Ev təsərrüfatlarının real sərəncamda qalan gəliri,2030,48288.212878677135,3.777306327047071,7.685045069778777,48288.212878677135,48288.212878677135,0.0,0.0,0.0,sabit: 2025 düzəliş əmsalı ilə udulur (təsir sıfırdır)
FR1.C4_elc,ln_gdpnon,ln real qeyri-neft ÜDM,0.03822084430348793,0.2002470752341289,-0.39126641695297115,0.467708105559947,fr1:rgdp,Real ÜDM,2030,71354.48942608183,-0.16202623093064097,0.23846791953761684,71297.58654781638,71414.33625463997,-0.07974673874500127,0.08387254822999068,0.16361928697499195,
FR1.C4_elc,ln_gdpnon,ln real qeyri-neft ÜDM,0.03822084430348793,0.2002470752341289,-0.39126641695297115,0.467708105559947,fr1:rgdpnon,Real qeyri-neft ÜDM,2030,62311.44883039262,-0.16202623093064097,0.23846791953761684,62250.45149717241,62375.58413041619,-0.09789105271206244,0.10292699211367218,0.20081804482573462,
FR1.C4_elc,ln_gdpnon,ln real qeyri-neft ÜDM,0.03822084430348793,0.2002470752341289,-0.39126641695297115,0.467708105559947,fr1:cpi,İstehlak qiymətləri indeksi,2030,238.0916296137243,-0.16202623093064097,0.23846791953761684,238.0241847536355,238.16248794943922,-0.02832727055471773,0.029760952046009592,0.058088222600727324,
FR1.C4_elc,ln_gdpnon,ln real qeyri-neft ÜDM,0.03822084430348793,0.2002470752341289,-0.39126641695297115,0.467708105559947,fr1:emp,Məşğul əhali,2030,5271.984503015889,-0.16202623093064097,0.23846791953761684,5271.810721066087,5272.1670478566175,-0.0032963289194332113,0.0034625450933134516,0.006758874012746663,
FR1.C4_elc,ln_gdpnon,ln real qeyri-neft ÜDM,0.03822084430348793,0.2002470752341289,-0.39126641695297115,0.467708105559947,fr1:rhhdisp,Ev təsərrüfatlarının real sərəncamda qalan gəliri,2030,48288.212878677135,-0.16202623093064097,0.23846791953761684,48247.03973944442,48331.49869796615,-0.08526540283476658,0.08964054933606747,0.17490595217083404,
FR1.C4_elc,trend,xətti trend,0.027852330338139636,0.009492379632821247,0.007493200865010853,0.04821145981126842,fr1:rgdp,Real ÜDM,2030,71354.48942608183,0.018359950705318387,0.037344709970960885,71286.046228097,71426.34451602929,-0.09591996037716655,0.10070156836017308,0.19662152873733962,
FR1.C4_elc,trend,xətti trend,0.027852330338139636,0.009492379632821247,0.007493200865010853,0.04821145981126842,fr1:rgdpnon,Real qeyri-neft ÜDM,2030,62311.44883039262,0.018359950705318387,0.037344709970960885,62237.83866012319,62388.69759228152,-0.11813265724215372,0.1239720201325456,0.24210467737469932,
FR1.C4_elc,trend,xətti trend,0.027852330338139636,0.009492379632821247,0.007493200865010853,0.04821145981126842,fr1:cpi,İstehlak qiymətləri indeksi,2030,238.0916296137243,0.018359950705318387,0.037344709970960885,238.0100247774403,238.17717959920247,-0.0342745506914377,0.035931538465661106,0.0702060891570988,
FR1.C4_elc,trend,xətti trend,0.027852330338139636,0.009492379632821247,0.007493200865010853,0.04821145981126842,fr1:emp,Məşğul əhali,2030,5271.984503015889,0.018359950705318387,0.037344709970960885,5271.774766450217,5272.204349659953,-0.003978322879205631,0.0041700927599253035,0.008148415639130935,
FR1.C4_elc,trend,xətti trend,0.027852330338139636,0.009492379632821247,0.007493200865010853,0.04821145981126842,fr1:rhhdisp,Ev təsərrüfatlarının real sərəncamda qalan gəliri,2030,48288.212878677135,0.018359950705318387,0.037344709970960885,48238.53152907206,48340.34229677823,-0.10288504511420937,0.10795474711824404,0.21083979223245342,
FR1.C5_wat,const,sabit,-5.7102854693914,0.26826302793200413,-6.308012744472454,-5.112558194310346,fr1:rgdp,Real ÜDM,2030,71354.48942608183,-5.978548497323405,-5.442022441459396,71354.48942608183,71354.48942608183,0.0,0.0,0.0,sabit: 2025 düzəliş əmsalı ilə udulur (təsir sıfırdır)
FR1.C5_wat,const,sabit,-5.7102854693914,0.26826302793200413,-6.308012744472454,-5.112558194310346,fr1:rgdpnon,Real qeyri-neft ÜDM,2030,62311.44883039262,-5.978548497323405,-5.442022441459396,62311.44883039262,62311.44883039262,0.0,0.0,0.0,sabit: 2025 düzəliş əmsalı ilə udulur (təsir sıfırdır)
FR1.C5_wat,const,sabit,-5.7102854693914,0.26826302793200413,-6.308012744472454,-5.112558194310346,fr1:cpi,İstehlak qiymətləri indeksi,2030,238.0916296137243,-5.978548497323405,-5.442022441459396,238.0916296137243,238.0916296137243,0.0,0.0,0.0,sabit: 2025 düzəliş əmsalı ilə udulur (təsir sıfırdır)
FR1.C5_wat,const,sabit,-5.7102854693914,0.26826302793200413,-6.308012744472454,-5.112558194310346,fr1:emp,Məşğul əhali,2030,5271.984503015889,-5.978548497323405,-5.442022441459396,5271.984503015889,5271.984503015889,0.0,0.0,0.0,sabit: 2025 düzəliş əmsalı ilə udulur (təsir sıfırdır)
FR1.C5_wat,const,sabit,-5.7102854693914,0.26826302793200413,-6.308012744472454,-5.112558194310346,fr1:rhhdisp,Ev təsərrüfatlarının real sərəncamda qalan gəliri,2030,48288.212878677135,-5.978548497323405,-5.442022441459396,48288.212878677135,48288.212878677135,0.0,0.0,0.0,sabit: 2025 düzəliş əmsalı ilə udulur (təsir sıfırdır)
FR1.C5_wat,ln_gdpnon_pc,ln adambaşına real qeyri-neft ÜDM,0.5653454237190854,0.2886026818063375,-0.07770142439489003,1.2083922718330609,fr1:rgdp,Real ÜDM,2030,71354.48942608183,0.27674274191274784,0.8539481055254229,71338.84443330717,71370.98852229695,-0.021925730112415387,0.023122716381029917,0.045048446493445304,
FR1.C5_wat,ln_gdpnon_pc,ln adambaşına real qeyri-neft ÜDM,0.5653454237190854,0.2886026818063375,-0.07770142439489003,1.2083922718330609,fr1:rgdpnon,Real qeyri-neft ÜDM,2030,62311.44883039262,0.27674274191274784,0.8539481055254229,62294.68364895295,62329.12401634777,-0.026905459196269188,0.028365872222391175,0.05527133141866036,
FR1.C5_wat,ln_gdpnon_pc,ln adambaşına real qeyri-neft ÜDM,0.5653454237190854,0.2886026818063375,-0.07770142439489003,1.2083922718330609,fr1:cpi,İstehlak qiymətləri indeksi,2030,238.0916296137243,0.27674274191274784,0.8539481055254229,238.07310401938267,238.1111569138226,-0.007780867547380055,0.00820159034149448,0.015982457888874535,
FR1.C5_wat,ln_gdpnon_pc,ln adambaşına real qeyri-neft ÜDM,0.5653454237190854,0.2886026818063375,-0.07770142439489003,1.2083922718330609,fr1:emp,Məşğul əhali,2030,5271.984503015889,0.27674274191274784,0.8539481055254229,5271.936755251395,5272.034829060345,-0.0009056886351999083,0.0009545939375854573,0.0018602825727853656,
FR1.C5_wat,ln_gdpnon_pc,ln adambaşına real qeyri-neft ÜDM,0.5653454237190854,0.2886026818063375,-0.07770142439489003,1.2083922718330609,fr1:rhhdisp,Ev təsərrüfatlarının real sərəncamda qalan gəliri,2030,48288.212878677135,0.27674274191274784,0.8539481055254229,48276.896710775705,48300.142856862454,-0.023434638034469657,0.024705776988054318,0.048140415022523975,
FR1.C5_wat,trend,xətti trend,0.02050463621213683,0.00850914300545559,0.0015450840847555242,0.03946418833951813,fr1:rgdp,Real ÜDM,2030,71354.48942608183,0.01199549320668124,0.02901377921759242,71341.03598096073,71368.53150183061,-0.01885437795057232,0.019679316412646308,0.03853369436321863,
FR1.C5_wat,trend,xətti trend,0.02050463621213683,0.00850914300545559,0.0015450840847555242,0.03946418833951813,fr1:rgdpnon,Real qeyri-neft ÜDM,2030,62311.44883039262,0.01199549320668124,0.02901377921759242,62296.97968772876,62326.54626091349,-0.023220680846702813,0.024228983283580696,0.04744966413028351,
FR1.C5_wat,trend,xətti trend,0.02050463621213683,0.00850914300545559,0.0015450840847555242,0.03946418833951813,fr1:cpi,İstehlak qiymətləri indeksi,2030,238.0916296137243,0.01199549320668124,0.02901377921759242,238.07559635851555,238.1083546792377,-0.006734069246683294,0.007024633978325312,0.013758703225008606,
FR1.C5_wat,trend,xətti trend,0.02050463621213683,0.00850914300545559,0.0015450840847555242,0.03946418833951813,fr1:emp,Məşğul əhali,2030,5271.984503015889,0.01199549320668124,0.02901377921759242,5271.943295175923,5272.027490351085,-0.0007816381088043833,0.0008153919111908436,0.001597030019995227,
FR1.C5_wat,trend,xətti trend,0.02050463621213683,0.00850914300545559,0.0015450840847555242,0.03946418833951813,fr1:rhhdisp,Ev təsərrüfatlarının real sərəncamda qalan gəliri,2030,48288.212878677135,0.01199549320668124,0.02901377921759242,48278.44783318647,48298.401681941315,-0.020222420562976406,0.02109998000916491,0.041322400572141316,
FR1.C6_con,const,sabit,1.0892954776075316,0.6666741814298346,-0.34057843190109205,2.5191693871161553,fr1:rgdp,Real ÜDM,2030,71354.48942608183,0.42262129617769706,1.7559696590373663,71354.48942608185,71354.48942608191,4.440892098500626e-14,1.3322676295501878e-13,8.881784197001252e-14,sabit: 2025 düzəliş əmsalı ilə udulur (təsir sıfırdır)
FR1.C6_con,const,sabit,1.0892954776075316,0.6666741814298346,-0.34057843190109205,2.5191693871161553,fr1:rgdpnon,Real qeyri-neft ÜDM,2030,62311.44883039262,0.42262129617769706,1.7559696590373663,62311.44883039263,62311.44883039274,2.220446049250313e-14,1.9984014443252818e-13,1.7763568394002505e-13,sabit: 2025 düzəliş əmsalı ilə udulur (təsir sıfırdır)
FR1.C6_con,const,sabit,1.0892954776075316,0.6666741814298346,-0.34057843190109205,2.5191693871161553,fr1:cpi,İstehlak qiymətləri indeksi,2030,238.0916296137243,0.42262129617769706,1.7559696590373663,238.09162961372428,238.09162961372436,-1.1102230246251565e-14,2.220446049250313e-14,3.3306690738754696e-14,sabit: 2025 düzəliş əmsalı ilə udulur (təsir sıfırdır)
FR1.C6_con,const,sabit,1.0892954776075316,0.6666741814298346,-0.34057843190109205,2.5191693871161553,fr1:emp,Məşğul əhali,2030,5271.984503015889,0.42262129617769706,1.7559696590373663,5271.984503015889,5271.984503015889,0.0,0.0,0.0,sabit: 2025 düzəliş əmsalı ilə udulur (təsir sıfırdır)
FR1.C6_con,const,sabit,1.0892954776075316,0.6666741814298346,-0.34057843190109205,2.5191693871161553,fr1:rhhdisp,Ev təsərrüfatlarının real sərəncamda qalan gəliri,2030,48288.212878677135,0.42262129617769706,1.7559696590373663,48288.212878677135,48288.21287867731,0.0,3.552713678800501e-13,3.552713678800501e-13,sabit: 2025 düzəliş əmsalı ilə udulur (təsir sıfırdır)
FR1.C6_con,ln_inv_state,ln real dövlət investisiyaları,0.22640108685395485,0.05457793583171033,0.10934305662811827,0.34345911707979143,fr1:rgdp,Real ÜDM,2030,71354.48942608183,0.17182315102224452,0.28097902268566516,71302.47827691174,71406.511710765,-0.0728912078110544,0.0729068137150124,0.1457980215260668,
FR1.C6_con,ln_inv_state,ln real dövlət investisiyaları,0.22640108685395485,0.05457793583171033,0.10934305662811827,0.34345911707979143,fr1:rgdpnon,Real qeyri-neft ÜDM,2030,62311.44883039262,0.17182315102224452,0.28097902268566516,62255.236393224244,62367.67026129352,-0.09021205287872425,0.09022648639407382,0.18043853927279807,
FR1.C6_con,ln_inv_state,ln real dövlət investisiyaları,0.22640108685395485,0.05457793583171033,0.10934305662811827,0.34345911707979143,fr1:cpi,İstehlak qiymətləri indeksi,2030,238.0916296137243,0.17182315102224452,0.28097902268566516,238.02916729663238,238.15405665643885,-0.026234570779859467,0.0262197553168253,0.05245432609668477,
FR1.C6_con,ln_inv_state,ln real dövlət investisiyaları,0.22640108685395485,0.05457793583171033,0.10934305662811827,0.34345911707979143,fr1:emp,Məşğul əhali,2030,5271.984503015889,0.17182315102224452,0.28097902268566516,5271.824359224578,5272.1445328499785,-0.0030376377475827,0.003035476185453412,0.006073113933036112,
FR1.C6_con,ln_inv_state,ln real dövlət investisiyaları,0.22640108685395485,0.05457793583171033,0.10934305662811827,0.34345911707979143,fr1:rhhdisp,Ev təsərrüfatlarının real sərəncamda qalan gəliri,2030,48288.212878677135,0.17182315102224452,0.28097902268566516,48250.278799024745,48326.14875946737,-0.07855763837791852,0.07856136835202587,0.1571190067299444,
FR1.C6_con,ln_inv_priv,ln real qeyri-dövlət investisiyaları,0.6244514720263388,0.11700399510560205,0.3735028608907462,0.8754000831619313,fr1:rgdp,Real ÜDM,2030,71354.48942608183,0.5074474769207367,0.7414554671319409,71284.89923292142,71425.19695827141,-0.09752742079738308,0.09909331950701539,0.19662074030439847,
FR1.C6_con,ln_inv_priv,ln real qeyri-dövlət investisiyaları,0.6244514720263388,0.11700399510560205,0.3735028608907462,0.8754000831619313,fr1:rgdpnon,Real qeyri-neft ÜDM,2030,62311.44883039262,0.5074474769207367,0.7414554671319409,62237.56775313134,62386.514015382185,-0.11856742002962495,0.12046772527130045,0.2390351453009254,
FR1.C6_con,ln_inv_priv,ln real qeyri-dövlət investisiyaları,0.6244514720263388,0.11700399510560205,0.3735028608907462,0.8754000831619313,fr1:cpi,İstehlak qiymətləri indeksi,2030,238.0916296137243,0.5074474769207367,0.7414554671319409,238.0101890276489,238.17428924105917,-0.034205564558298374,0.03471756964701367,0.06892313420531204,
FR1.C6_con,ln_inv_priv,ln real qeyri-dövlət investisiyaları,0.6244514720263388,0.11700399510560205,0.3735028608907462,0.8754000831619313,fr1:emp,Məşğul əhali,2030,5271.984503015889,0.5074474769207367,0.7414554671319409,5271.773994115678,5272.19813890765,-0.003992972666944095,0.004052286034594843,0.008045258701538938,
FR1.C6_con,ln_inv_priv,ln real qeyri-dövlət investisiyaları,0.6244514720263388,0.11700399510560205,0.3735028608907462,0.8754000831619313,fr1:rhhdisp,Ev təsərrüfatlarının real sərəncamda qalan gəliri,2030,48288.212878677135,0.5074474769207367,0.7414554671319409,48238.335069178145,48338.8827492306,-0.10329189366421465,0.10493217191693827,0.20822406558115292,
FR1.C7_trd,const,sabit,-1.439315376643873,0.11167411528423145,-1.672263499132531,-1.2063672541552153,fr1:rgdp,Real ÜDM,2030,71354.48942608183,-1.5509894919281046,-1.3276412613596416,71354.48942608194,71354.48942608194,1.5543122344752192e-13,1.5543122344752192e-13,0.0,sabit: 2025 düzəliş əmsalı ilə udulur (təsir sıfırdır)
FR1.C7_trd,const,sabit,-1.439315376643873,0.11167411528423145,-1.672263499132531,-1.2063672541552153,fr1:rgdpnon,Real qeyri-neft ÜDM,2030,62311.44883039262,-1.5509894919281046,-1.3276412613596416,62311.44883039275,62311.44883039275,1.9984014443252818e-13,1.9984014443252818e-13,0.0,sabit: 2025 düzəliş əmsalı ilə udulur (təsir sıfırdır)
FR1.C7_trd,const,sabit,-1.439315376643873,0.11167411528423145,-1.672263499132531,-1.2063672541552153,fr1:cpi,İstehlak qiymətləri indeksi,2030,238.0916296137243,-1.5509894919281046,-1.3276412613596416,238.0916296137245,238.0916296137245,8.881784197001252e-14,8.881784197001252e-14,0.0,sabit: 2025 düzəliş əmsalı ilə udulur (təsir sıfırdır)
FR1.C7_trd,const,sabit,-1.439315376643873,0.11167411528423145,-1.672263499132531,-1.2063672541552153,fr1:emp,Məşğul əhali,2030,5271.984503015889,-1.5509894919281046,-1.3276412613596416,5271.984503015889,5271.984503015889,0.0,0.0,0.0,sabit: 2025 düzəliş əmsalı ilə udulur (təsir sıfırdır)
FR1.C7_trd,const,sabit,-1.439315376643873,0.11167411528423145,-1.672263499132531,-1.2063672541552153,fr1:rhhdisp,Ev təsərrüfatlarının real sərəncamda qalan gəliri,2030,48288.212878677135,-1.5509894919281046,-1.3276412613596416,48288.21287867731,48288.21287867731,3.552713678800501e-13,3.552713678800501e-13,0.0,sabit: 2025 düzəliş əmsalı ilə udulur (təsir sıfırdır)
FR1.C7_trd,ln_cons,ln real istehlak,0.9614703977812797,0.011416497889877664,0.9376560004872074,0.985284795075352,fr1:rgdp,Real ÜDM,2030,71354.48942608183,0.9500538998914021,0.9728868956711574,71320.05702652983,71389.24760751257,-0.04825540737372069,0.04871197553275586,0.09696738290647655,
FR1.C7_trd,ln_cons,ln real istehlak,0.9614703977812797,0.011416497889877664,0.9376560004872074,0.985284795075352,fr1:rgdpnon,Real qeyri-neft ÜDM,2030,62311.44883039262,0.9500538998914021,0.9728868956711574,62274.427363421106,62348.81891147715,-0.05941358717606038,0.05997305757767801,0.11938664475373839,
FR1.C7_trd,ln_cons,ln real istehlak,0.9614703977812797,0.011416497889877664,0.9376560004872074,0.985284795075352,fr1:cpi,İstehlak qiymətləri indeksi,2030,238.0916296137243,0.9500538998914021,0.9728868956711574,238.05057447385903,238.13305175437884,-0.01724342007818347,0.017397562745791184,0.03464098282397465,
FR1.C7_trd,ln_cons,ln real istehlak,0.9614703977812797,0.011416497889877664,0.9376560004872074,0.985284795075352,fr1:emp,Məşğul əhali,2030,5271.984503015889,0.9500538998914021,0.9728868956711574,5271.879048144145,5272.0908895218545,-0.002000287969050607,0.0020179593833269394,0.004018247352377546,
FR1.C7_trd,ln_cons,ln real istehlak,0.9614703977812797,0.011416497889877664,0.9376560004872074,0.985284795075352,fr1:rhhdisp,Ev təsərrüfatlarının real sərəncamda qalan gəliri,2030,48288.212878677135,0.9500538998914021,0.9728868956711574,48263.22773693319,48313.431409378856,-0.05174169896640102,0.052225023868834874,0.10396672283523589,
FR1.C8_tou,const,sabit,-5.109262027225444,0.18175321950868473,-5.492727801066201,-4.725796253384687,fr1:rgdp,Real ÜDM,2030,71354.48942608183,-5.291015246734129,-4.92750880771676,71354.48942608183,71354.48942608183,0.0,0.0,0.0,sabit: 2025 düzəliş əmsalı ilə udulur (təsir sıfırdır)
FR1.C8_tou,const,sabit,-5.109262027225444,0.18175321950868473,-5.492727801066201,-4.725796253384687,fr1:rgdpnon,Real qeyri-neft ÜDM,2030,62311.44883039262,-5.291015246734129,-4.92750880771676,62311.44883039262,62311.44883039262,0.0,0.0,0.0,sabit: 2025 düzəliş əmsalı ilə udulur (təsir sıfırdır)
FR1.C8_tou,const,sabit,-5.109262027225444,0.18175321950868473,-5.492727801066201,-4.725796253384687,fr1:cpi,İstehlak qiymətləri indeksi,2030,238.0916296137243,-5.291015246734129,-4.92750880771676,238.0916296137243,238.0916296137243,0.0,0.0,0.0,sabit: 2025 düzəliş əmsalı ilə udulur (təsir sıfırdır)
FR1.C8_tou,const,sabit,-5.109262027225444,0.18175321950868473,-5.492727801066201,-4.725796253384687,fr1:emp,Məşğul əhali,2030,5271.984503015889,-5.291015246734129,-4.92750880771676,5271.984503015889,5271.984503015889,0.0,0.0,0.0,sabit: 2025 düzəliş əmsalı ilə udulur (təsir sıfırdır)
FR1.C8_tou,const,sabit,-5.109262027225444,0.18175321950868473,-5.492727801066201,-4.725796253384687,fr1:rhhdisp,Ev təsərrüfatlarının real sərəncamda qalan gəliri,2030,48288.212878677135,-5.291015246734129,-4.92750880771676,48288.212878677135,48288.212878677135,0.0,0.0,0.0,sabit: 2025 düzəliş əmsalı ilə udulur (təsir sıfırdır)
FR1.C8_tou,ln_hhdisp_pc,ln adambaşına real sərəncamda qalan gəlir,1.9163583309069692,0.25092364019077357,1.3869557259858671,2.445760935828071,fr1:rgdp,Real ÜDM,2030,71354.48942608183,1.6654346907161957,2.1672819710977427,71185.40170490288,71538.21583495205,-0.23696858114878872,0.2574840214651708,0.4944526026139595,
FR1.C8_tou,ln_hhdisp_pc,ln adambaşına real sərəncamda qalan gəlir,1.9163583309069692,0.25092364019077357,1.3869557259858671,2.445760935828071,fr1:rgdpnon,Real qeyri-neft ÜDM,2030,62311.44883039262,1.6654346907161957,2.1672819710977427,62130.51829913784,62507.96971538689,-0.2903648280547344,0.31538487498370404,0.6057497030384384,
FR1.C8_tou,ln_hhdisp_pc,ln adambaşına real sərəncamda qalan gəlir,1.9163583309069692,0.25092364019077357,1.3869557259858671,2.445760935828071,fr1:cpi,İstehlak qiymətləri indeksi,2030,238.0916296137243,1.6654346907161957,2.1672819710977427,237.89148958681815,238.30849562282467,-0.0840600852834883,0.09108510427360272,0.17514518955709102,
FR1.C8_tou,ln_hhdisp_pc,ln adambaşına real sərəncamda qalan gəlir,1.9163583309069692,0.25092364019077357,1.3869557259858671,2.445760935828071,fr1:emp,Məşğul əhali,2030,5271.984503015889,1.6654346907161957,2.1672819710977427,5271.468549934748,5272.543276893839,-0.009786695709090854,0.010598928688643205,0.02038562439773406,
FR1.C8_tou,ln_hhdisp_pc,ln adambaşına real sərəncamda qalan gəlir,1.9163583309069692,0.25092364019077357,1.3869557259858671,2.445760935828071,fr1:rhhdisp,Ev təsərrüfatlarının real sərəncamda qalan gəliri,2030,48288.212878677135,1.6654346907161957,2.1672819710977427,48166.06823474941,48420.832138088976,-0.25294919121279236,0.2746410593927884,0.5275902506055807,
FR1.C8_tou,trend,xətti trend,0.028381770834161053,0.016863877494994323,-0.007197900607448363,0.06396144227577047,fr1:rgdp,Real ÜDM,2030,71354.48942608183,0.01151789333916673,0.045245648329155376,70965.13417903252,71788.42300336802,-0.5456632794670124,0.6081377370595886,1.153801016526601,
FR1.C8_tou,trend,xətti trend,0.028381770834161053,0.016863877494994323,-0.007197900607448363,0.06396144227577047,fr1:rgdpnon,Real qeyri-neft ÜDM,2030,62311.44883039262,0.01151789333916673,0.045245648329155376,61893.40108293535,62776.93350491477,-0.6709003807553349,0.7470291306966192,1.4179295114519541,
FR1.C8_tou,trend,xətti trend,0.028381770834161053,0.016863877494994323,-0.007197900607448363,0.06396144227577047,fr1:cpi,İstehlak qiymətləri indeksi,2030,238.0916296137243,0.01151789333916673,0.045245648329155376,237.6273928315899,238.60560911107254,-0.19498240357612717,0.21587466060108973,0.4108570641772169,
FR1.C8_tou,trend,xətti trend,0.028381770834161053,0.016863877494994323,-0.007197900607448363,0.06396144227577047,fr1:emp,Məşğul əhali,2030,5271.984503015889,0.01151789333916673,0.045245648329155376,5270.790168616206,5273.305284515896,-0.0226543609716523,0.025052833506089556,0.047707194477741854,
FR1.C8_tou,trend,xətti trend,0.028381770834161053,0.016863877494994323,-0.007197900607448363,0.06396144227577047,fr1:rhhdisp,Ev təsərrüfatlarının real sərəncamda qalan gəliri,2030,48288.212878677135,0.01151789333916673,0.045245648329155376,48005.95725378435,48602.219263697625,-0.5845228225818677,0.6502754322455839,1.2347982548274516,
FR1.C9_tra,const,sabit,5.952070349634679,0.1733791911638153,5.589183531994966,6.314957167274393,fr1:rgdp,Real ÜDM,2030,71354.48942608183,5.778691158470864,6.125449540798495,71354.48942608194,71354.48942608196,1.5543122344752192e-13,1.7763568394002505e-13,2.220446049250313e-14,sabit: 2025 düzəliş əmsalı ilə udulur (təsir sıfırdır)
FR1.C9_tra,const,sabit,5.952070349634679,0.1733791911638153,5.589183531994966,6.314957167274393,fr1:rgdpnon,Real qeyri-neft ÜDM,2030,62311.44883039262,5.778691158470864,6.125449540798495,62311.448830392736,62311.448830392765,1.7763568394002505e-13,2.4424906541753444e-13,6.661338147750939e-14,sabit: 2025 düzəliş əmsalı ilə udulur (təsir sıfırdır)
FR1.C9_tra,const,sabit,5.952070349634679,0.1733791911638153,5.589183531994966,6.314957167274393,fr1:cpi,İstehlak qiymətləri indeksi,2030,238.0916296137243,5.778691158470864,6.125449540798495,238.09162961372434,238.09162961372442,2.220446049250313e-14,4.440892098500626e-14,2.220446049250313e-14,sabit: 2025 düzəliş əmsalı ilə udulur (təsir sıfırdır)
FR1.C9_tra,const,sabit,5.952070349634679,0.1733791911638153,5.589183531994966,6.314957167274393,fr1:emp,Məşğul əhali,2030,5271.984503015889,5.778691158470864,6.125449540798495,5271.984503015889,5271.984503015889,0.0,0.0,0.0,sabit: 2025 düzəliş əmsalı ilə udulur (təsir sıfırdır)
FR1.C9_tra,const,sabit,5.952070349634679,0.1733791911638153,5.589183531994966,6.314957167274393,fr1:rhhdisp,Ev təsərrüfatlarının real sərəncamda qalan gəliri,2030,48288.212878677135,5.778691158470864,6.125449540798495,48288.21287867731,48288.21287867731,3.552713678800501e-13,3.552713678800501e-13,0.0,sabit: 2025 düzəliş əmsalı ilə udulur (təsir sıfırdır)
FR1.C9_tra,trend,xətti trend,0.051414652947826996,0.005690726513804074,0.03950382546737619,0.06332548042827779,fr1:rgdp,Real ÜDM,2030,71354.48942608183,0.04572392643402292,0.05710537946163107,71088.5126191677,71628.13867517235,-0.37275413089411513,0.38350670194902126,0.7562608328431364,
FR1.C9_tra,trend,xətti trend,0.051414652947826996,0.005690726513804074,0.03950382546737619,0.06332548042827779,fr1:rgdpnon,Real qeyri-neft ÜDM,2030,62311.44883039262,0.04572392643402292,0.05710537946163107,62025.13176903431,62605.924325243366,-0.45949350678338163,0.472586499556904,0.9320800063402856,
FR1.C9_tra,trend,xətti trend,0.051414652947826996,0.005690726513804074,0.03950382546737619,0.06332548042827779,fr1:cpi,İstehlak qiymətləri indeksi,2030,238.0916296137243,0.04572392643402292,0.05710537946163107,237.7737569170209,238.4173563897074,-0.13350855602068945,0.1368073193129593,0.27031587533364876,
FR1.C9_tra,trend,xətti trend,0.051414652947826996,0.005690726513804074,0.03950382546737619,0.06332548042827779,fr1:emp,Məşğul əhali,2030,5271.984503015889,0.04572392643402292,0.05710537946163107,5271.16735339751,5272.821160588652,-0.015499848641653546,0.015869879213115112,0.03136972785476866,
FR1.C9_tra,trend,xətti trend,0.051414652947826996,0.005690726513804074,0.03950382546737619,0.06332548042827779,fr1:rhhdisp,Ev təsərrüfatlarının real sərəncamda qalan gəliri,2030,48288.212878677135,0.04572392643402292,0.05710537946163107,48094.92977966819,48486.88749021939,-0.40026972937383665,0.41143500597426996,0.8117047353481066,
FR1.C9_tra,ln_hc,"ln karbohidrogen tranziti (neft + 0,9×qaz)",0.3360733470251156,0.05966373945356823,0.21119570517284997,0.46095098887738123,fr1:rgdp,Real ÜDM,2030,71354.48942608183,0.27640960757154737,0.39573708647868383,71375.29498616527,71333.72506152617,0.029158025305475732,-0.029100291688255453,0.058258316993731185,
FR1.C9_tra,ln_hc,"ln karbohidrogen tranziti (neft + 0,9×qaz)",0.3360733470251156,0.05966373945356823,0.21119570517284997,0.46095098887738123,fr1:rgdpnon,Real qeyri-neft ÜDM,2030,62311.44883039262,0.27640960757154737,0.39573708647868383,62334.48614773118,62288.45869417844,0.03697124328030377,-0.036895525053126654,0.07386676833343042,
FR1.C9_tra,ln_hc,"ln karbohidrogen tranziti (neft + 0,9×qaz)",0.3360733470251156,0.05966373945356823,0.21119570517284997,0.46095098887738123,fr1:cpi,İstehlak qiymətləri indeksi,2030,238.0916296137243,0.27640960757154737,0.39573708647868383,238.11733404859095,238.0659624299128,0.010796026264481284,-0.010780380584218818,0.021576406848700103,
FR1.C9_tra,ln_hc,"ln karbohidrogen tranziti (neft + 0,9×qaz)",0.3360733470251156,0.05966373945356823,0.21119570517284997,0.46095098887738123,fr1:emp,Məşğul əhali,2030,5271.984503015889,0.27640960757154737,0.39573708647868383,5272.050093775049,5271.919023222834,0.0012441379356076254,-0.0012420331094942227,0.002486171045101848,
FR1.C9_tra,ln_hc,"ln karbohidrogen tranziti (neft + 0,9×qaz)",0.3360733470251156,0.05966373945356823,0.21119570517284997,0.46095098887738123,fr1:rhhdisp,Ev təsərrüfatlarının real sərəncamda qalan gəliri,2030,48288.212878677135,0.27640960757154737,0.39573708647868383,48303.754535318905,48272.70256472436,0.03218519741208237,-0.03212028987642501,0.06430548728850738,
FR1.C10_ict,const,sabit,-1.659899085318871,0.16169377292504888,-2.00104312627476,-1.318755044362982,fr1:rgdp,Real ÜDM,2030,71354.48942608183,-1.82159285824392,-1.4982053123938222,71354.48942608183,71354.48942608183,0.0,0.0,0.0,sabit: 2025 düzəliş əmsalı ilə udulur (təsir sıfırdır)
FR1.C10_ict,const,sabit,-1.659899085318871,0.16169377292504888,-2.00104312627476,-1.318755044362982,fr1:rgdpnon,Real qeyri-neft ÜDM,2030,62311.44883039262,-1.82159285824392,-1.4982053123938222,62311.44883039262,62311.44883039262,0.0,0.0,0.0,sabit: 2025 düzəliş əmsalı ilə udulur (təsir sıfırdır)
FR1.C10_ict,const,sabit,-1.659899085318871,0.16169377292504888,-2.00104312627476,-1.318755044362982,fr1:cpi,İstehlak qiymətləri indeksi,2030,238.0916296137243,-1.82159285824392,-1.4982053123938222,238.0916296137243,238.0916296137243,0.0,0.0,0.0,sabit: 2025 düzəliş əmsalı ilə udulur (təsir sıfırdır)
FR1.C10_ict,const,sabit,-1.659899085318871,0.16169377292504888,-2.00104312627476,-1.318755044362982,fr1:emp,Məşğul əhali,2030,5271.984503015889,-1.82159285824392,-1.4982053123938222,5271.984503015889,5271.984503015889,0.0,0.0,0.0,sabit: 2025 düzəliş əmsalı ilə udulur (təsir sıfırdır)
FR1.C10_ict,const,sabit,-1.659899085318871,0.16169377292504888,-2.00104312627476,-1.318755044362982,fr1:rhhdisp,Ev təsərrüfatlarının real sərəncamda qalan gəliri,2030,48288.212878677135,-1.82159285824392,-1.4982053123938222,48288.212878677135,48288.212878677135,0.0,0.0,0.0,sabit: 2025 düzəliş əmsalı ilə udulur (təsir sıfırdır)
FR1.C10_ict,ln_K_ict_pc,ln adambaşına İKT əsas fondları,0.8030916275151282,0.04311971753731703,0.7121169757431302,0.8940662792871262,fr1:rgdp,Real ÜDM,2030,71354.48942608183,0.7599719099778112,0.8462113450524452,71354.18540469112,71354.79348632936,-0.0004260718465709523,0.00042612630259952766,0.00085219814917048,
FR1.C10_ict,ln_K_ict_pc,ln adambaşına İKT əsas fondları,0.8030916275151282,0.04311971753731703,0.7121169757431302,0.8940662792871262,fr1:rgdpnon,Real qeyri-neft ÜDM,2030,62311.44883039262,0.7599719099778112,0.8462113450524452,62311.140837035564,62311.75686597667,-0.0004942805260310656,0.0004943482936559107,0.0009886288196869764,
FR1.C10_ict,ln_K_ict_pc,ln adambaşına İKT əsas fondları,0.8030916275151282,0.04311971753731703,0.7121169757431302,0.8940662792871262,fr1:cpi,İstehlak qiymətləri indeksi,2030,238.0916296137243,0.7599719099778112,0.8462113450524452,238.0912934042469,238.09196586666718,-0.00014121012064105543,0.00014122837641572517,0.0002824384970567806,
FR1.C10_ict,ln_K_ict_pc,ln adambaşına İKT əsas fondları,0.8030916275151282,0.04311971753731703,0.7121169757431302,0.8940662792871262,fr1:emp,Məşğul əhali,2030,5271.984503015889,0.7599719099778112,0.8462113450524452,5271.983625953057,5271.985380194779,-1.663629382031573e-05,1.6638495248244567e-05,3.3274789068560295e-05,
FR1.C10_ict,ln_K_ict_pc,ln adambaşına İKT əsas fondları,0.8030916275151282,0.04311971753731703,0.7121169757431302,0.8940662792871262,fr1:rhhdisp,Ev təsərrüfatlarının real sərəncamda qalan gəliri,2030,48288.212878677135,0.7599719099778112,0.8462113450524452,48288.00487287069,48288.42091291213,-0.00043075896589694906,0.00043081783853704536,0.0008615768044339944,
FR1.C10_ict,trend,xətti trend,0.06638907663709463,0.004888541829911477,0.056075154931458274,0.07670299834273099,fr1:rgdp,Real ÜDM,2030,71354.48942608183,0.061500534807183156,0.07127761846700612,71284.79277941625,71425.8120912227,-0.09767661043637021,0.09995539974363421,0.19763201018000442,
FR1.C10_ict,trend,xətti trend,0.06638907663709463,0.004888541829911477,0.056075154931458274,0.07670299834273099,fr1:rgdpnon,Real qeyri-neft ÜDM,2030,62311.44883039262,0.061500534807183156,0.07127761846700612,62236.36407739131,62388.269590830794,-0.12049912882893254,0.12328514563555437,0.24378427446448692,
FR1.C10_ict,trend,xətti trend,0.06638907663709463,0.004888541829911477,0.056075154931458274,0.07670299834273099,fr1:cpi,İstehlak qiymətləri indeksi,2030,238.0916296137243,0.061500534807183156,0.07127761846700612,238.0083789418156,238.17672032958532,-0.03496581213029426,0.03573864230299595,0.07070445443329021,
FR1.C10_ict,trend,xətti trend,0.06638907663709463,0.004888541829911477,0.056075154931458274,0.07670299834273099,fr1:emp,Məşğul əhali,2030,5271.984503015889,0.061500534807183156,0.07127761846700612,5271.770562490892,5272.203132311127,-0.004058064375456194,0.0041470018569578215,0.008205066232414016,
FR1.C10_ict,trend,xətti trend,0.06638907663709463,0.004888541829911477,0.056075154931458274,0.07670299834273099,fr1:rhhdisp,Ev təsərrüfatlarının real sərəncamda qalan gəliri,2030,48288.212878677135,0.061500534807183156,0.07127761846700612,48237.53652320059,48340.05306794309,-0.10494560153606614,0.10735578348322061,0.21230138501928675,
FR1.C11_oth,const,sabit,-0.534134343804266,0.021929980398988882,-0.5804025580716291,-0.487866129536903,fr1:rgdp,Real ÜDM,2030,71354.48942608183,-0.5560643242032549,-0.5122043634052772,71354.48942608183,71354.48942608183,0.0,0.0,0.0,sabit: 2025 düzəliş əmsalı ilə udulur (təsir sıfırdır)
FR1.C11_oth,const,sabit,-0.534134343804266,0.021929980398988882,-0.5804025580716291,-0.487866129536903,fr1:rgdpnon,Real qeyri-neft ÜDM,2030,62311.44883039262,-0.5560643242032549,-0.5122043634052772,62311.44883039262,62311.44883039262,0.0,0.0,0.0,sabit: 2025 düzəliş əmsalı ilə udulur (təsir sıfırdır)
FR1.C11_oth,const,sabit,-0.534134343804266,0.021929980398988882,-0.5804025580716291,-0.487866129536903,fr1:cpi,İstehlak qiymətləri indeksi,2030,238.0916296137243,-0.5560643242032549,-0.5122043634052772,238.0916296137243,238.0916296137243,0.0,0.0,0.0,sabit: 2025 düzəliş əmsalı ilə udulur (təsir sıfırdır)
FR1.C11_oth,const,sabit,-0.534134343804266,0.021929980398988882,-0.5804025580716291,-0.487866129536903,fr1:emp,Məşğul əhali,2030,5271.984503015889,-0.5560643242032549,-0.5122043634052772,5271.984503015889,5271.984503015889,0.0,0.0,0.0,sabit: 2025 düzəliş əmsalı ilə udulur (təsir sıfırdır)
FR1.C11_oth,const,sabit,-0.534134343804266,0.021929980398988882,-0.5804025580716291,-0.487866129536903,fr1:rhhdisp,Ev təsərrüfatlarının real sərəncamda qalan gəliri,2030,48288.212878677135,-0.5560643242032549,-0.5122043634052772,48288.212878677135,48288.212878677135,0.0,0.0,0.0,sabit: 2025 düzəliş əmsalı ilə udulur (təsir sıfırdır)
FR1.C11_oth,ln_hhdisp_pc,ln adambaşına real sərəncamda qalan gəlir,0.31927973168483864,0.03776809337828135,0.23959601993028246,0.3989634434393948,fr1:rgdp,Real ÜDM,2030,71354.48942608183,0.2815116383065573,0.35704782506312,71193.13957625974,71522.65027910424,-0.2261243141389646,0.2356696185131124,0.461793932652077,
FR1.C11_oth,ln_hhdisp_pc,ln adambaşına real sərəncamda qalan gəlir,0.31927973168483864,0.03776809337828135,0.23959601993028246,0.3989634434393948,fr1:rgdpnon,Real qeyri-neft ÜDM,2030,62311.44883039262,0.2815116383065573,0.35704782506312,62138.67146396525,62491.49428435646,-0.27728029065358095,0.2889444192734292,0.5662247099270101,
FR1.C11_oth,ln_hhdisp_pc,ln adambaşına real sərəncamda qalan gəlir,0.31927973168483864,0.03776809337828135,0.23959601993028246,0.3989634434393948,fr1:cpi,İstehlak qiymətləri indeksi,2030,238.0916296137243,0.2815116383065573,0.35704782506312,237.90054183641826,238.29030604060821,-0.08025808282973168,0.08344536395765711,0.1637034467873888,
FR1.C11_oth,ln_hhdisp_pc,ln adambaşına real sərəncamda qalan gəlir,0.31927973168483864,0.03776809337828135,0.23959601993028246,0.3989634434393948,fr1:emp,Məşğul əhali,2030,5271.984503015889,0.2815116383065573,0.35704782506312,5271.491831242723,5272.496497035245,-0.00934509145245066,0.009711599475736854,0.019056690928187514,
FR1.C11_oth,ln_hhdisp_pc,ln adambaşına real sərəncamda qalan gəlir,0.31927973168483864,0.03776809337828135,0.23959601993028246,0.3989634434393948,fr1:rhhdisp,Ev təsərrüfatlarının real sərəncamda qalan gəliri,2030,48288.212878677135,0.2815116383065573,0.35704782506312,48171.572634536664,48409.71679746303,-0.24155013653854862,0.2516223143133711,0.49317245085191974,
FR1.C11_oth,trend,xətti trend,0.011900321382684612,0.0028860327394391594,0.0058113245508793045,0.01798931821448992,fr1:rgdp,Real ÜDM,2030,71354.48942608183,0.009014288643245452,0.014786354122123771,70928.29784095171,71788.64042769163,-0.5972876949412176,0.6084424471421102,1.2057301420833277,
FR1.C11_oth,trend,xətti trend,0.011900321382684612,0.0028860327394391594,0.0058113245508793045,0.01798931821448992,fr1:rgdpnon,Real qeyri-neft ÜDM,2030,62311.44883039262,0.009014288643245452,0.014786354122123771,61853.432851000274,62777.83195833907,-0.7350430586825718,0.7484710060520428,1.4835140647346146,
FR1.C11_oth,trend,xətti trend,0.011900321382684612,0.0028860327394391594,0.0058113245508793045,0.01798931821448992,fr1:cpi,İstehlak qiymətləri indeksi,2030,238.0916296137243,0.009014288643245452,0.014786354122123771,237.58266839697566,238.60688407179364,-0.21376695080560504,0.21641015221967042,0.43017710302527545,
FR1.C11_oth,trend,xətti trend,0.011900321382684612,0.0028860327394391594,0.0058113245508793045,0.01798931821448992,fr1:emp,Məşğul əhali,2030,5271.984503015889,0.009014288643245452,0.014786354122123771,5270.675574082306,5273.307824654506,-0.02482801178252947,0.025101015336059795,0.049929027118589264,
FR1.C11_oth,trend,xətti trend,0.011900321382684612,0.0028860327394391594,0.0058113245508793045,0.01798931821448992,fr1:rhhdisp,Ev təsərrüfatlarının real sərəncamda qalan gəliri,2030,48288.212878677135,0.009014288643245452,0.014786354122123771,47978.96533712879,48602.81664984851,-0.6404203492171412,0.6515125584825476,1.2919329076996888,
FR1.C12_nettax,const,sabit,-1.24410117312395,1.5369250403641075,-4.668583568116999,2.180381221869099,fr1:rgdp,Real ÜDM,2030,71354.48942608183,-2.7810262134880572,0.2928238672401575,71354.4894260818,71354.4894260818,-4.440892098500626e-14,-4.440892098500626e-14,0.0,sabit: 2025 düzəliş əmsalı ilə udulur (təsir sıfırdır)
FR1.C12_nettax,const,sabit,-1.24410117312395,1.5369250403641075,-4.668583568116999,2.180381221869099,fr1:rgdpnon,Real qeyri-neft ÜDM,2030,62311.44883039262,-2.7810262134880572,0.2928238672401575,62311.44883039263,62311.44883039261,2.220446049250313e-14,-1.1102230246251565e-14,3.3306690738754696e-14,sabit: 2025 düzəliş əmsalı ilə udulur (təsir sıfırdır)
FR1.C12_nettax,const,sabit,-1.24410117312395,1.5369250403641075,-4.668583568116999,2.180381221869099,fr1:cpi,İstehlak qiymətləri indeksi,2030,238.0916296137243,-2.7810262134880572,0.2928238672401575,238.09162961372425,238.09162961372425,-2.220446049250313e-14,-2.220446049250313e-14,0.0,sabit: 2025 düzəliş əmsalı ilə udulur (təsir sıfırdır)
FR1.C12_nettax,const,sabit,-1.24410117312395,1.5369250403641075,-4.668583568116999,2.180381221869099,fr1:emp,Məşğul əhali,2030,5271.984503015889,-2.7810262134880572,0.2928238672401575,5271.984503015889,5271.984503015889,0.0,0.0,0.0,sabit: 2025 düzəliş əmsalı ilə udulur (təsir sıfırdır)
FR1.C12_nettax,const,sabit,-1.24410117312395,1.5369250403641075,-4.668583568116999,2.180381221869099,fr1:rhhdisp,Ev təsərrüfatlarının real sərəncamda qalan gəliri,2030,48288.212878677135,-2.7810262134880572,0.2928238672401575,48288.212878677135,48288.212878677135,0.0,0.0,0.0,sabit: 2025 düzəliş əmsalı ilə udulur (təsir sıfırdır)
FR1.C12_nettax,ln_cons,ln real istehlak,1.0639536761053723,0.21204344104443898,0.5914914468099208,1.5364159054008237,fr1:rgdp,Real ÜDM,2030,71354.48942608183,0.8519102350609333,1.2759971171498112,70849.83412240358,71943.32904421003,-0.7072509490815282,0.8252313524549804,1.5324823015365086,
FR1.C12_nettax,ln_cons,ln real istehlak,1.0639536761053723,0.21204344104443898,0.5914914468099208,1.5364159054008237,fr1:rgdpnon,Real qeyri-neft ÜDM,2030,62311.44883039262,0.8519102350609333,1.2759971171498112,61768.76212185529,62944.181761973945,-0.870926159997476,1.0154360770900706,1.8863622370875466,
FR1.C12_nettax,ln_cons,ln real istehlak,1.0639536761053723,0.21204344104443898,0.5914914468099208,1.5364159054008237,fr1:cpi,İstehlak qiymətləri indeksi,2030,238.0916296137243,0.8519102350609333,1.2759971171498112,237.48792528264343,238.79025451377746,-0.25355966190845347,0.2934269050896887,0.5469865669981422,
FR1.C12_nettax,ln_cons,ln real istehlak,1.0639536761053723,0.21204344104443898,0.5914914468099208,1.5364159054008237,fr1:emp,Məşğul əhali,2030,5271.984503015889,0.8519102350609333,1.2759971171498112,5270.43257466556,5273.777530238534,-0.02943727071732516,0.03401047976563376,0.06344775048295892,
FR1.C12_nettax,ln_cons,ln real istehlak,1.0639536761053723,0.21204344104443898,0.5914914468099208,1.5364159054008237,fr1:rhhdisp,Ev təsərrüfatlarının real sərəncamda qalan gəliri,2030,48288.212878677135,0.8519102350609333,1.2759971171498112,47921.77476674174,48714.94931461133,-0.7588562303104007,0.8837279544934962,1.642584184803897,
FR1.C12_nettax,ln_m_non,ln real qeyri-neft idxalı,-0.14730077309439982,0.2033412741787197,-0.6003733663000601,0.3057718201112605,fr1:rgdp,Real ÜDM,2030,71354.48942608183,-0.35064204727311954,0.05604050108431988,70976.1884904758,71786.63926444008,-0.5301711758415872,0.6056379098696052,1.1358090857111924,
FR1.C12_nettax,ln_m_non,ln real qeyri-neft idxalı,-0.14730077309439982,0.2033412741787197,-0.6003733663000601,0.3057718201112605,fr1:rgdpnon,Real qeyri-neft ÜDM,2030,62311.44883039262,-0.35064204727311954,0.05604050108431988,61904.32099946313,62776.26442967565,-0.6533756453611872,0.7459553709755928,1.39933101633678,
FR1.C12_nettax,ln_m_non,ln real qeyri-neft idxalı,-0.14730077309439982,0.2033412741787197,-0.6003733663000601,0.3057718201112605,fr1:cpi,İstehlak qiymətləri indeksi,2030,238.0916296137243,-0.35064204727311954,0.05604050108431988,237.63888010149353,238.6056570810484,-0.19015767709487097,0.21589480829631302,0.406052485391184,
FR1.C12_nettax,ln_m_non,ln real qeyri-neft idxalı,-0.14730077309439982,0.2033412741787197,-0.6003733663000601,0.3057718201112605,fr1:emp,Məşğul əhali,2030,5271.984503015889,-0.35064204727311954,0.05604050108431988,5270.821465112776,5273.303392860356,-0.022060723100514323,0.025016952225742628,0.04707767532625695,
FR1.C12_nettax,ln_m_non,ln real qeyri-neft idxalı,-0.14730077309439982,0.2033412741787197,-0.6003733663000601,0.3057718201112605,fr1:rhhdisp,Ev təsərrüfatlarının real sərəncamda qalan gəliri,2030,48288.212878677135,-0.35064204727311954,0.05604050108431988,48013.352717016096,48601.74504552471,-0.5692075669721297,0.6492933744210339,1.2185009413931636,
FR1.D1_cons,const,sabit,0.07543499239954922,0.5773818692707148,-1.1629259546568715,1.31379593945597,fr1:rgdp,Real ÜDM,2030,71354.48942608183,-0.5019468768711656,0.652816861670264,71354.48942608191,71354.48942608183,1.3322676295501878e-13,0.0,1.3322676295501878e-13,sabit: 2025 düzəliş əmsalı ilə udulur (təsir sıfırdır)
FR1.D1_cons,const,sabit,0.07543499239954922,0.5773818692707148,-1.1629259546568715,1.31379593945597,fr1:rgdpnon,Real qeyri-neft ÜDM,2030,62311.44883039262,-0.5019468768711656,0.652816861670264,62311.44883039272,62311.44883039262,1.5543122344752192e-13,0.0,1.5543122344752192e-13,sabit: 2025 düzəliş əmsalı ilə udulur (təsir sıfırdır)
FR1.D1_cons,const,sabit,0.07543499239954922,0.5773818692707148,-1.1629259546568715,1.31379593945597,fr1:cpi,İstehlak qiymətləri indeksi,2030,238.0916296137243,-0.5019468768711656,0.652816861670264,238.09162961372442,238.0916296137243,4.440892098500626e-14,0.0,4.440892098500626e-14,sabit: 2025 düzəliş əmsalı ilə udulur (təsir sıfırdır)
FR1.D1_cons,const,sabit,0.07543499239954922,0.5773818692707148,-1.1629259546568715,1.31379593945597,fr1:emp,Məşğul əhali,2030,5271.984503015889,-0.5019468768711656,0.652816861670264,5271.984503015889,5271.984503015889,0.0,0.0,0.0,sabit: 2025 düzəliş əmsalı ilə udulur (təsir sıfırdır)
FR1.D1_cons,const,sabit,0.07543499239954922,0.5773818692707148,-1.1629259546568715,1.31379593945597,fr1:rhhdisp,Ev təsərrüfatlarının real sərəncamda qalan gəliri,2030,48288.212878677135,-0.5019468768711656,0.652816861670264,48288.21287867731,48288.212878677135,3.552713678800501e-13,0.0,3.552713678800501e-13,sabit: 2025 düzəliş əmsalı ilə udulur (təsir sıfırdır)
FR1.D1_cons,ln_hhdisp_pc,ln adambaşına real sərəncamda qalan gəlir,0.9288356879948724,0.37903162691816805,0.1158937002812902,1.7417776757084544,fr1:rgdp,Real ÜDM,2030,71354.48942608183,0.5498040610767043,1.3078673149130404,70106.11200918256,73257.15385449471,-1.7495429186589528,2.666495750605735,4.4160386692646885,
FR1.D1_cons,ln_hhdisp_pc,ln adambaşına real sərəncamda qalan gəlir,0.9288356879948724,0.37903162691816805,0.1158937002812902,1.7417776757084544,fr1:rgdpnon,Real qeyri-neft ÜDM,2030,62311.44883039262,0.5498040610767043,1.3078673149130404,60973.659889274786,64347.354159188384,-2.1469392322415737,3.2673053941296715,5.414244626371245,
FR1.D1_cons,ln_hhdisp_pc,ln adambaşına real sərəncamda qalan gəlir,0.9288356879948724,0.37903162691816805,0.1158937002812902,1.7417776757084544,fr1:cpi,İstehlak qiymətləri indeksi,2030,238.0916296137243,0.5498040610767043,1.3078673149130404,236.60087584465919,240.31206435204277,-0.6261260723376516,0.9325967241775146,1.5587227965151662,
FR1.D1_cons,ln_hhdisp_pc,ln adambaşına real sərəncamda qalan gəlir,0.9288356879948724,0.37903162691816805,0.1158937002812902,1.7417776757084544,fr1:emp,Məşğul əhali,2030,5271.984503015889,0.5498040610767043,1.3078673149130404,5268.134850054592,5277.692461053664,-0.07302094608007126,0.10826962853383026,0.18129057461390152,
FR1.D1_cons,ln_hhdisp_pc,ln adambaşına real sərəncamda qalan gəlir,0.9288356879948724,0.37903162691816805,0.1158937002812902,1.7417776757084544,fr1:rhhdisp,Ev təsərrüfatlarının real sərəncamda qalan gəliri,2030,48288.212878677135,0.5498040610767043,1.3078673149130404,47384.02164758098,49659.624931406084,-1.8724884960392152,2.840055514530193,4.712544010569408,
FR1.D1_cons,ln_cred_hh_pc,ln adambaşına real ev təsərrüfatı krediti,0.12474670097614615,0.16912090601999374,-0.23798156690398614,0.48747496885627845,fr1:rgdp,Real ÜDM,2030,71354.48942608183,-0.04437420504384759,0.2938676069961399,70295.91690341342,72790.08601786115,-1.4835401825206929,2.0119218893248414,3.4954620718455343,
FR1.D1_cons,ln_cred_hh_pc,ln adambaşına real ev təsərrüfatı krediti,0.12474670097614615,0.16912090601999374,-0.23798156690398614,0.48747496885627845,fr1:rgdpnon,Real qeyri-neft ÜDM,2030,62311.44883039262,-0.04437420504384759,0.2938676069961399,61175.86260035263,63849.62319118924,-1.822435926872723,2.468526072926691,4.290961999799414,
FR1.D1_cons,ln_cred_hh_pc,ln adambaşına real ev təsərrüfatı krediti,0.12474670097614615,0.16912090601999374,-0.23798156690398614,0.48747496885627845,fr1:cpi,İstehlak qiymətləri indeksi,2030,238.0916296137243,-0.04437420504384759,0.2938676069961399,236.82729499061466,239.77534119852953,-0.5310285897748179,0.7071695832133296,1.2381981729881475,
FR1.D1_cons,ln_cred_hh_pc,ln adambaşına real ev təsərrüfatı krediti,0.12474670097614615,0.16912090601999374,-0.23798156690398614,0.48747496885627845,fr1:emp,Məşğul əhali,2030,5271.984503015889,-0.04437420504384759,0.2938676069961399,5268.721918474356,5276.313289059723,-0.061885321166366136,0.08210923308591411,0.14399455425228025,
FR1.D1_cons,ln_cred_hh_pc,ln adambaşına real ev təsərrüfatı krediti,0.12474670097614615,0.16912090601999374,-0.23798156690398614,0.48747496885627845,fr1:rhhdisp,Ev təsərrüfatlarının real sərəncamda qalan gəliri,2030,48288.212878677135,-0.04437420504384759,0.2938676069961399,47520.86146834801,49324.827213160504,-1.5891070813845887,2.1467233361645244,3.735830417549113,
FR1.G5_defl_retail,const,sabit,1.1644215011010406,0.5908467046726151,-0.05502616281542583,2.383869165017507,fr1:rgdp,Real ÜDM,2030,71354.48942608183,0.5735747964284255,1.7552682057736557,71354.48942608183,71354.48942608183,0.0,0.0,0.0,
FR1.G5_defl_retail,const,sabit,1.1644215011010406,0.5908467046726151,-0.05502616281542583,2.383869165017507,fr1:rgdpnon,Real qeyri-neft ÜDM,2030,62311.44883039262,0.5735747964284255,1.7552682057736557,62311.44883039262,62311.44883039262,0.0,0.0,0.0,
FR1.G5_defl_retail,const,sabit,1.1644215011010406,0.5908467046726151,-0.05502616281542583,2.383869165017507,fr1:cpi,İstehlak qiymətləri indeksi,2030,238.0916296137243,0.5735747964284255,1.7552682057736557,238.0916296137243,238.0916296137243,0.0,0.0,0.0,
FR1.G5_defl_retail,const,sabit,1.1644215011010406,0.5908467046726151,-0.05502616281542583,2.383869165017507,fr1:emp,Məşğul əhali,2030,5271.984503015889,0.5735747964284255,1.7552682057736557,5271.984503015889,5271.984503015889,0.0,0.0,0.0,
FR1.G5_defl_retail,const,sabit,1.1644215011010406,0.5908467046726151,-0.05502616281542583,2.383869165017507,fr1:rhhdisp,Ev təsərrüfatlarının real sərəncamda qalan gəliri,2030,48288.212878677135,0.5735747964284255,1.7552682057736557,48288.212878677135,48288.212878677135,0.0,0.0,0.0,
FR1.G5_defl_retail,infl,"İQİ inflyasiyası, %",0.8067440896226963,0.09608280513421563,0.6084389263090032,1.0050492529363892,fr1:rgdp,Real ÜDM,2030,71354.48942608183,0.7106612844884806,0.9028268947569119,71354.48942608183,71354.48942608183,0.0,0.0,0.0,
FR1.G5_defl_retail,infl,"İQİ inflyasiyası, %",0.8067440896226963,0.09608280513421563,0.6084389263090032,1.0050492529363892,fr1:rgdpnon,Real qeyri-neft ÜDM,2030,62311.44883039262,0.7106612844884806,0.9028268947569119,62311.44883039262,62311.44883039262,0.0,0.0,0.0,
FR1.G5_defl_retail,infl,"İQİ inflyasiyası, %",0.8067440896226963,0.09608280513421563,0.6084389263090032,1.0050492529363892,fr1:cpi,İstehlak qiymətləri indeksi,2030,238.0916296137243,0.7106612844884806,0.9028268947569119,238.0916296137243,238.0916296137243,0.0,0.0,0.0,
FR1.G5_defl_retail,infl,"İQİ inflyasiyası, %",0.8067440896226963,0.09608280513421563,0.6084389263090032,1.0050492529363892,fr1:emp,Məşğul əhali,2030,5271.984503015889,0.7106612844884806,0.9028268947569119,5271.984503015889,5271.984503015889,0.0,0.0,0.0,
FR1.G5_defl_retail,infl,"İQİ inflyasiyası, %",0.8067440896226963,0.09608280513421563,0.6084389263090032,1.0050492529363892,fr1:rhhdisp,Ev təsərrüfatlarının real sərəncamda qalan gəliri,2030,48288.212878677135,0.7106612844884806,0.9028268947569119,48288.212878677135,48288.212878677135,0.0,0.0,0.0,
FR1.G5_defl_cater,const,sabit,1.0541369900386917,0.9076535493065128,-0.8191678648315881,2.927441844908971,fr1:rgdp,Real ÜDM,2030,71354.48942608183,0.1464834407321789,1.9617905393452044,71354.48942608183,71354.48942608183,0.0,0.0,0.0,
FR1.G5_defl_cater,const,sabit,1.0541369900386917,0.9076535493065128,-0.8191678648315881,2.927441844908971,fr1:rgdpnon,Real qeyri-neft ÜDM,2030,62311.44883039262,0.1464834407321789,1.9617905393452044,62311.44883039262,62311.44883039262,0.0,0.0,0.0,
FR1.G5_defl_cater,const,sabit,1.0541369900386917,0.9076535493065128,-0.8191678648315881,2.927441844908971,fr1:cpi,İstehlak qiymətləri indeksi,2030,238.0916296137243,0.1464834407321789,1.9617905393452044,238.0916296137243,238.0916296137243,0.0,0.0,0.0,
FR1.G5_defl_cater,const,sabit,1.0541369900386917,0.9076535493065128,-0.8191678648315881,2.927441844908971,fr1:emp,Məşğul əhali,2030,5271.984503015889,0.1464834407321789,1.9617905393452044,5271.984503015889,5271.984503015889,0.0,0.0,0.0,
FR1.G5_defl_cater,const,sabit,1.0541369900386917,0.9076535493065128,-0.8191678648315881,2.927441844908971,fr1:rhhdisp,Ev təsərrüfatlarının real sərəncamda qalan gəliri,2030,48288.212878677135,0.1464834407321789,1.9617905393452044,48288.212878677135,48288.212878677135,0.0,0.0,0.0,
FR1.G5_defl_cater,infl,"İQİ inflyasiyası, %",0.8505088215215025,0.15758125004832912,0.5252771062072106,1.1757405368357945,fr1:rgdp,Real ÜDM,2030,71354.48942608183,0.6929275714731734,1.0080900715698315,71354.48942608183,71354.48942608183,0.0,0.0,0.0,
FR1.G5_defl_cater,infl,"İQİ inflyasiyası, %",0.8505088215215025,0.15758125004832912,0.5252771062072106,1.1757405368357945,fr1:rgdpnon,Real qeyri-neft ÜDM,2030,62311.44883039262,0.6929275714731734,1.0080900715698315,62311.44883039262,62311.44883039262,0.0,0.0,0.0,
FR1.G5_defl_cater,infl,"İQİ inflyasiyası, %",0.8505088215215025,0.15758125004832912,0.5252771062072106,1.1757405368357945,fr1:cpi,İstehlak qiymətləri indeksi,2030,238.0916296137243,0.6929275714731734,1.0080900715698315,238.0916296137243,238.0916296137243,0.0,0.0,0.0,
FR1.G5_defl_cater,infl,"İQİ inflyasiyası, %",0.8505088215215025,0.15758125004832912,0.5252771062072106,1.1757405368357945,fr1:emp,Məşğul əhali,2030,5271.984503015889,0.6929275714731734,1.0080900715698315,5271.984503015889,5271.984503015889,0.0,0.0,0.0,
FR1.G5_defl_cater,infl,"İQİ inflyasiyası, %",0.8505088215215025,0.15758125004832912,0.5252771062072106,1.1757405368357945,fr1:rhhdisp,Ev təsərrüfatlarının real sərəncamda qalan gəliri,2030,48288.212878677135,0.6929275714731734,1.0080900715698315,48288.212878677135,48288.212878677135,0.0,0.0,0.0,
FR1.G5_defl_serv_hh,const,sabit,0.6482370422023439,1.1080473553535966,-1.6386603007276768,2.9351343851323644,fr1:rgdp,Real ÜDM,2030,71354.48942608183,-0.45981031315125265,1.7562843975559406,71354.48942608183,71354.48942608183,0.0,0.0,0.0,
FR1.G5_defl_serv_hh,const,sabit,0.6482370422023439,1.1080473553535966,-1.6386603007276768,2.9351343851323644,fr1:rgdpnon,Real qeyri-neft ÜDM,2030,62311.44883039262,-0.45981031315125265,1.7562843975559406,62311.44883039262,62311.44883039262,0.0,0.0,0.0,
FR1.G5_defl_serv_hh,const,sabit,0.6482370422023439,1.1080473553535966,-1.6386603007276768,2.9351343851323644,fr1:cpi,İstehlak qiymətləri indeksi,2030,238.0916296137243,-0.45981031315125265,1.7562843975559406,238.0916296137243,238.0916296137243,0.0,0.0,0.0,
FR1.G5_defl_serv_hh,const,sabit,0.6482370422023439,1.1080473553535966,-1.6386603007276768,2.9351343851323644,fr1:emp,Məşğul əhali,2030,5271.984503015889,-0.45981031315125265,1.7562843975559406,5271.984503015889,5271.984503015889,0.0,0.0,0.0,
FR1.G5_defl_serv_hh,const,sabit,0.6482370422023439,1.1080473553535966,-1.6386603007276768,2.9351343851323644,fr1:rhhdisp,Ev təsərrüfatlarının real sərəncamda qalan gəliri,2030,48288.212878677135,-0.45981031315125265,1.7562843975559406,48288.212878677135,48288.212878677135,0.0,0.0,0.0,
FR1.G5_defl_serv_hh,infl,"İQİ inflyasiyası, %",0.6155433314444595,0.17884184371340267,0.2464319074454644,0.9846547554434546,fr1:rgdp,Real ÜDM,2030,71354.48942608183,0.4367014877310568,0.7943851751578621,71354.48942608183,71354.48942608183,0.0,0.0,0.0,
FR1.G5_defl_serv_hh,infl,"İQİ inflyasiyası, %",0.6155433314444595,0.17884184371340267,0.2464319074454644,0.9846547554434546,fr1:rgdpnon,Real qeyri-neft ÜDM,2030,62311.44883039262,0.4367014877310568,0.7943851751578621,62311.44883039262,62311.44883039262,0.0,0.0,0.0,
FR1.G5_defl_serv_hh,infl,"İQİ inflyasiyası, %",0.6155433314444595,0.17884184371340267,0.2464319074454644,0.9846547554434546,fr1:cpi,İstehlak qiymətləri indeksi,2030,238.0916296137243,0.4367014877310568,0.7943851751578621,238.0916296137243,238.0916296137243,0.0,0.0,0.0,
FR1.G5_defl_serv_hh,infl,"İQİ inflyasiyası, %",0.6155433314444595,0.17884184371340267,0.2464319074454644,0.9846547554434546,fr1:emp,Məşğul əhali,2030,5271.984503015889,0.4367014877310568,0.7943851751578621,5271.984503015889,5271.984503015889,0.0,0.0,0.0,
FR1.G5_defl_serv_hh,infl,"İQİ inflyasiyası, %",0.6155433314444595,0.17884184371340267,0.2464319074454644,0.9846547554434546,fr1:rhhdisp,Ev təsərrüfatlarının real sərəncamda qalan gəliri,2030,48288.212878677135,0.4367014877310568,0.7943851751578621,48288.212878677135,48288.212878677135,0.0,0.0,0.0,
FR1.D2_inv,const,sabit,-0.8032088941112882,0.7665749468194828,-2.4473486353403415,0.8409308471177651,fr1:rgdp,Real ÜDM,2030,71354.48942608183,-1.569783840930771,-0.03663394729180536,71354.48942608183,71354.48942608183,0.0,0.0,0.0,sabit: 2025 düzəliş əmsalı ilə udulur (təsir sıfırdır)
FR1.D2_inv,const,sabit,-0.8032088941112882,0.7665749468194828,-2.4473486353403415,0.8409308471177651,fr1:rgdpnon,Real qeyri-neft ÜDM,2030,62311.44883039262,-1.569783840930771,-0.03663394729180536,62311.44883039262,62311.44883039262,0.0,0.0,0.0,sabit: 2025 düzəliş əmsalı ilə udulur (təsir sıfırdır)
FR1.D2_inv,const,sabit,-0.8032088941112882,0.7665749468194828,-2.4473486353403415,0.8409308471177651,fr1:cpi,İstehlak qiymətləri indeksi,2030,238.0916296137243,-1.569783840930771,-0.03663394729180536,238.0916296137243,238.09162961372425,0.0,-2.220446049250313e-14,2.220446049250313e-14,sabit: 2025 düzəliş əmsalı ilə udulur (təsir sıfırdır)
FR1.D2_inv,const,sabit,-0.8032088941112882,0.7665749468194828,-2.4473486353403415,0.8409308471177651,fr1:emp,Məşğul əhali,2030,5271.984503015889,-1.569783840930771,-0.03663394729180536,5271.984503015889,5271.984503015889,0.0,0.0,0.0,sabit: 2025 düzəliş əmsalı ilə udulur (təsir sıfırdır)
FR1.D2_inv,const,sabit,-0.8032088941112882,0.7665749468194828,-2.4473486353403415,0.8409308471177651,fr1:rhhdisp,Ev təsərrüfatlarının real sərəncamda qalan gəliri,2030,48288.212878677135,-1.569783840930771,-0.03663394729180536,48288.212878677135,48288.212878677135,0.0,0.0,0.0,sabit: 2025 düzəliş əmsalı ilə udulur (təsir sıfırdır)
FR1.D2_inv,ln_gdpnon,ln real qeyri-neft ÜDM,0.1961213834562041,0.06704517926160845,0.05232377548690226,0.33991899142550597,fr1:rgdp,Real ÜDM,2030,71354.48942608183,0.12907620419459565,0.2631665627178126,71210.80257838164,71502.16190888849,-0.20137043773402752,0.20695612006256248,0.40832655779659,
FR1.D2_inv,ln_gdpnon,ln real qeyri-neft ÜDM,0.1961213834562041,0.06704517926160845,0.05232377548690226,0.33991899142550597,fr1:rgdpnon,Real qeyri-neft ÜDM,2030,62311.44883039262,0.12907620419459565,0.2631665627178126,62157.40621608153,62469.75088241072,-0.2472139826669495,0.2540497051336299,0.5012636878005794,
FR1.D2_inv,ln_gdpnon,ln real qeyri-neft ÜDM,0.1961213834562041,0.06704517926160845,0.05232377548690226,0.33991899142550597,fr1:cpi,İstehlak qiymətləri indeksi,2030,238.0916296137243,0.12907620419459565,0.2631665627178126,237.921204667288,238.26641854760248,-0.071579562336066,0.07341246484042774,0.14499202717649373,
FR1.D2_inv,ln_gdpnon,ln real qeyri-neft ÜDM,0.1961213834562041,0.06704517926160845,0.05232377548690226,0.33991899142550597,fr1:emp,Məşğul əhali,2030,5271.984503015889,0.12907620419459565,0.2631665627178126,5271.545317020074,5272.434741206834,-0.008330563103187139,0.008540203232532129,0.016870766335719267,
FR1.D2_inv,ln_gdpnon,ln real qeyri-neft ÜDM,0.1961213834562041,0.06704517926160845,0.05232377548690226,0.33991899142550597,fr1:rhhdisp,Ev təsərrüfatlarının real sərəncamda qalan gəliri,2030,48288.212878677135,0.12907620419459565,0.2631665627178126,48184.224507764215,48395.04316070539,-0.21534938800528147,0.22123469819987918,0.43658408620516065,
FR1.D2_inv,ln_inv_state,ln real dövlət investisiyaları,0.8870481897932141,0.0350464477212571,0.8118810352618854,0.9622153443245428,fr1:rgdp,Real ÜDM,2030,71354.48942608183,0.852001742071957,0.9220946375144712,71315.49108702916,71393.38727546827,-0.05465435933510454,0.05451352773917506,0.1091678870742796,
FR1.D2_inv,ln_inv_state,ln real dövlət investisiyaları,0.8870481897932141,0.0350464477212571,0.8118810352618854,0.9622153443245428,fr1:rgdpnon,Real qeyri-neft ÜDM,2030,62311.44883039262,0.852001742071957,0.9220946375144712,62269.33004214529,62353.458313642346,-0.06759397997946337,0.06741856278140723,0.1350125427608706,
FR1.D2_inv,ln_inv_state,ln real dövlət investisiyaları,0.8870481897932141,0.0350464477212571,0.8118810352618854,0.9622153443245428,fr1:cpi,İstehlak qiymətləri indeksi,2030,238.0916296137243,0.852001742071957,0.9220946375144712,238.04484917245836,238.13826388449846,-0.019648083110623826,0.019586690573625276,0.0392347736842491,
FR1.D2_inv,ln_inv_state,ln real dövlət investisiyaları,0.8870481897932141,0.0350464477212571,0.8118810352618854,0.9622153443245428,fr1:emp,Məşğul əhali,2030,5271.984503015889,0.852001742071957,0.9220946375144712,5271.864523786993,5272.104092840299,-0.0022757887248481268,0.0022684024268748715,0.004544191151722998,
FR1.D2_inv,ln_inv_state,ln real dövlət investisiyaları,0.8870481897932141,0.0350464477212571,0.8118810352618854,0.9622153443245428,fr1:rhhdisp,Ev təsərrüfatlarının real sərəncamda qalan gəliri,2030,48288.212878677135,0.852001742071957,0.9220946375144712,48259.78957986324,48316.560012654525,-0.058861774166940606,0.05870404450172284,0.11756581866866345,
FR1.D2_inv,ln_cred,ln real kreditlər,0.0,,,,fr1:rgdp,Real ÜDM,2030,71354.48942608183,,,,,,,,standart xəta yoxdur (çıxarılıb (0)) — ±1 SE tətbiq olunmur
FR1.D2_inv,ln_cred,ln real kreditlər,0.0,,,,fr1:rgdpnon,Real qeyri-neft ÜDM,2030,62311.44883039262,,,,,,,,standart xəta yoxdur (çıxarılıb (0)) — ±1 SE tətbiq olunmur
FR1.D2_inv,ln_cred,ln real kreditlər,0.0,,,,fr1:cpi,İstehlak qiymətləri indeksi,2030,238.0916296137243,,,,,,,,standart xəta yoxdur (çıxarılıb (0)) — ±1 SE tətbiq olunmur
FR1.D2_inv,ln_cred,ln real kreditlər,0.0,,,,fr1:emp,Məşğul əhali,2030,5271.984503015889,,,,,,,,standart xəta yoxdur (çıxarılıb (0)) — ±1 SE tətbiq olunmur
FR1.D2_inv,ln_cred,ln real kreditlər,0.0,,,,fr1:rhhdisp,Ev təsərrüfatlarının real sərəncamda qalan gəliri,2030,48288.212878677135,,,,,,,,standart xəta yoxdur (çıxarılıb (0)) — ±1 SE tətbiq olunmur
FR1.D3_xnon,const,sabit,-4.001464733899533,2.512514741680523,-9.531472394828008,1.5285429270289423,fr1:rgdp,Real ÜDM,2030,71354.48942608183,-6.513979475580056,-1.4889499922190095,71354.48942608193,71354.48942608183,1.3322676295501878e-13,0.0,1.3322676295501878e-13,sabit: 2025 düzəliş əmsalı ilə udulur (təsir sıfırdır)
FR1.D3_xnon,const,sabit,-4.001464733899533,2.512514741680523,-9.531472394828008,1.5285429270289423,fr1:rgdpnon,Real qeyri-neft ÜDM,2030,62311.44883039262,-6.513979475580056,-1.4889499922190095,62311.44883039272,62311.44883039261,1.5543122344752192e-13,-1.1102230246251565e-14,1.6653345369377348e-13,sabit: 2025 düzəliş əmsalı ilə udulur (təsir sıfırdır)
FR1.D3_xnon,const,sabit,-4.001464733899533,2.512514741680523,-9.531472394828008,1.5285429270289423,fr1:cpi,İstehlak qiymətləri indeksi,2030,238.0916296137243,-6.513979475580056,-1.4889499922190095,238.0916296137244,238.09162961372428,4.440892098500626e-14,-1.1102230246251565e-14,5.551115123125783e-14,sabit: 2025 düzəliş əmsalı ilə udulur (təsir sıfırdır)
FR1.D3_xnon,const,sabit,-4.001464733899533,2.512514741680523,-9.531472394828008,1.5285429270289423,fr1:emp,Məşğul əhali,2030,5271.984503015889,-6.513979475580056,-1.4889499922190095,5271.984503015889,5271.984503015889,0.0,0.0,0.0,sabit: 2025 düzəliş əmsalı ilə udulur (təsir sıfırdır)
FR1.D3_xnon,const,sabit,-4.001464733899533,2.512514741680523,-9.531472394828008,1.5285429270289423,fr1:rhhdisp,Ev təsərrüfatlarının real sərəncamda qalan gəliri,2030,48288.212878677135,-6.513979475580056,-1.4889499922190095,48288.21287867731,48288.212878677135,3.552713678800501e-13,0.0,3.552713678800501e-13,sabit: 2025 düzəliş əmsalı ilə udulur (təsir sıfırdır)
FR1.D3_xnon,ln_va_man,ln real emal əlavə dəyəri,0.3477551571209627,0.3918660590359308,-0.5147362235573097,1.210246537799235,fr1:rgdp,Real ÜDM,2030,71354.48942608183,-0.04411090191496808,0.7396212161568936,70631.38604712178,73159.99249846075,-1.0133957719774989,2.5303286266932012,3.5437243986707,
FR1.D3_xnon,ln_va_man,ln real emal əlavə dəyəri,0.3477551571209627,0.3918660590359308,-0.5147362235573097,1.210246537799235,fr1:rgdpnon,Real qeyri-neft ÜDM,2030,62311.44883039262,-0.04411090191496808,0.7396212161568936,61534.11368842348,64249.3557144326,-1.2474997076139083,3.1100334214902103,4.357533129104119,
FR1.D3_xnon,ln_va_man,ln real emal əlavə dəyəri,0.3477551571209627,0.3918660590359308,-0.5147362235573097,1.210246537799235,fr1:cpi,İstehlak qiymətləri indeksi,2030,238.0916296137243,-0.04411090191496808,0.7396212161568936,237.22616156573415,240.212658851366,-0.3635020892562624,0.8908457811317438,1.2543478703880062,
FR1.D3_xnon,ln_va_man,ln real emal əlavə dəyəri,0.3477551571209627,0.3918660590359308,-0.5147362235573097,1.210246537799235,fr1:emp,Məşğul əhali,2030,5271.984503015889,-0.04411090191496808,0.7396212161568936,5269.757463231626,5277.421732292986,-0.04224291218967169,0.10313439415436942,0.1453773063440411,
FR1.D3_xnon,ln_va_man,ln real emal əlavə dəyəri,0.3477551571209627,0.3918660590359308,-0.5147362235573097,1.210246537799235,fr1:rhhdisp,Ev təsərrüfatlarının real sərəncamda qalan gəliri,2030,48288.212878677135,-0.04411090191496808,0.7396212161568936,47763.191980080665,49593.55294024975,-1.0872651259958066,2.7032271102106042,3.790492236206411,
FR1.D3_xnon,ln_va_agr,ln real kənd təsərrüfatı əlavə dəyəri,1.064221651884818,0.6644305216875194,-0.3981800662555841,2.52662337002522,fr1:rgdp,Real ÜDM,2030,71354.48942608183,0.3997911301972986,1.7286521735723372,70355.3211257433,72477.49473309441,-1.4002879263449786,1.5738397346055422,2.9741276609505207,
FR1.D3_xnon,ln_va_agr,ln real kənd təsərrüfatı əlavə dəyəri,1.064221651884818,0.6644305216875194,-0.3981800662555841,2.52662337002522,fr1:rgdpnon,Real qeyri-neft ÜDM,2030,62311.44883039262,0.3997911301972986,1.7286521735723372,61238.37539221889,63515.966738777905,-1.7221128032098187,1.9330603460431472,3.655173149252966,
FR1.D3_xnon,ln_va_agr,ln real kənd təsərrüfatı əlavə dəyəri,1.064221651884818,0.6644305216875194,-0.3981800662555841,2.52662337002522,fr1:cpi,İstehlak qiymətləri indeksi,2030,238.0916296137243,0.3997911301972986,1.7286521735723372,236.89618960369785,239.41427783737183,-0.5020924137341232,0.5555206731934881,1.0576130869276112,
FR1.D3_xnon,ln_va_agr,ln real kənd təsərrüfatı əlavə dəyəri,1.064221651884818,0.6644305216875194,-0.3981800662555841,2.52662337002522,fr1:emp,Məşğul əhali,2030,5271.984503015889,0.3997911301972986,1.7286521735723372,5268.903036545451,5275.38292540996,-0.05844983930956005,0.06446191926641198,0.12291175857597203,
FR1.D3_xnon,ln_va_agr,ln real kənd təsərrüfatı əlavə dəyəri,1.064221651884818,0.6644305216875194,-0.3981800662555841,2.52662337002522,fr1:rhhdisp,Ev təsərrüfatlarının real sərəncamda qalan gəliri,2030,48288.212878677135,0.3997911301972986,1.7286521735723372,47563.18383933719,49100.19380756237,-1.5014617359345284,1.6815302958618883,3.1829920317964167,
FR1.D4_mnon,const,sabit,-2.93199397856394,1.695395711726512,-6.663534780542262,0.7995468234143819,fr1:rgdp,Real ÜDM,2030,71354.48942608183,-4.627389690290451,-1.236598266837428,71354.48942608183,71354.48942608183,0.0,0.0,0.0,sabit: 2025 düzəliş əmsalı ilə udulur (təsir sıfırdır)
FR1.D4_mnon,const,sabit,-2.93199397856394,1.695395711726512,-6.663534780542262,0.7995468234143819,fr1:rgdpnon,Real qeyri-neft ÜDM,2030,62311.44883039262,-4.627389690290451,-1.236598266837428,62311.44883039262,62311.44883039262,0.0,0.0,0.0,sabit: 2025 düzəliş əmsalı ilə udulur (təsir sıfırdır)
FR1.D4_mnon,const,sabit,-2.93199397856394,1.695395711726512,-6.663534780542262,0.7995468234143819,fr1:cpi,İstehlak qiymətləri indeksi,2030,238.0916296137243,-4.627389690290451,-1.236598266837428,238.0916296137243,238.0916296137243,0.0,0.0,0.0,sabit: 2025 düzəliş əmsalı ilə udulur (təsir sıfırdır)
FR1.D4_mnon,const,sabit,-2.93199397856394,1.695395711726512,-6.663534780542262,0.7995468234143819,fr1:emp,Məşğul əhali,2030,5271.984503015889,-4.627389690290451,-1.236598266837428,5271.984503015889,5271.984503015889,0.0,0.0,0.0,sabit: 2025 düzəliş əmsalı ilə udulur (təsir sıfırdır)
FR1.D4_mnon,const,sabit,-2.93199397856394,1.695395711726512,-6.663534780542262,0.7995468234143819,fr1:rhhdisp,Ev təsərrüfatlarının real sərəncamda qalan gəliri,2030,48288.212878677135,-4.627389690290451,-1.236598266837428,48288.212878677135,48288.212878677135,0.0,0.0,0.0,sabit: 2025 düzəliş əmsalı ilə udulur (təsir sıfırdır)
FR1.D4_mnon,ln_cons,ln real istehlak,1.0471396541213998,0.16762992674920021,0.6781886729606184,1.4160906352821812,fr1:rgdp,Real ÜDM,2030,71354.48942608183,0.8795097273721996,1.2147695808706,71418.28664573352,71291.8237640427,0.08940883771271224,-0.08782301231942125,0.1772318500321335,
FR1.D4_mnon,ln_cons,ln real istehlak,1.0471396541213998,0.16762992674920021,0.6781886729606184,1.4160906352821812,fr1:rgdpnon,Real qeyri-neft ÜDM,2030,62311.44883039262,0.8795097273721996,1.2147695808706,62380.02686648775,62244.08121519985,0.1100568794055734,-0.10811434568973599,0.2181712250953094,
FR1.D4_mnon,ln_cons,ln real istehlak,1.0471396541213998,0.16762992674920021,0.6781886729606184,1.4160906352821812,fr1:cpi,İstehlak qiymətləri indeksi,2030,238.0916296137243,0.8795097273721996,1.2147695808706,238.1676208724193,238.0169149212375,0.03191681237104671,-0.031380646437695336,0.06329745880874205,
FR1.D4_mnon,ln_cons,ln real istehlak,1.0471396541213998,0.16762992674920021,0.6781886729606184,1.4160906352821812,fr1:emp,Məşğul əhali,2030,5271.984503015889,0.8795097273721996,1.2147695808706,5272.179686258267,5271.792562586514,0.003702272688133057,-0.0036407623972500858,0.007343035085383143,
FR1.D4_mnon,ln_cons,ln real istehlak,1.0471396541213998,0.16762992674920021,0.6781886729606184,1.4160906352821812,fr1:rhhdisp,Ev təsərrüfatlarının real sərəncamda qalan gəliri,2030,48288.212878677135,0.8795097273721996,1.2147695808706,48334.4903142445,48242.74604826854,0.0958358837665596,-0.09415720255132598,0.18999308631788558,
FR1.D4_mnon,ln_relprice,ln nisbi qiymət (real məzənnə proksisi),-0.24516388964405844,0.11912370712034487,-0.5073534012300049,0.01702562194188806,fr1:rgdp,Real ÜDM,2030,71354.48942608183,-0.3642875967644033,-0.12604018252371357,71404.68530939473,71304.66926064965,0.07034719709528847,-0.06982064595077997,0.14016784304606844,
FR1.D4_mnon,ln_relprice,ln nisbi qiymət (real məzənnə proksisi),-0.24516388964405844,0.11912370712034487,-0.5073534012300049,0.01702562194188806,fr1:rgdpnon,Real qeyri-neft ÜDM,2030,62311.44883039262,-0.3642875967644033,-0.12604018252371357,62365.27405944107,62258.02297800663,0.0863809621807432,-0.08574002593233487,0.17212098811307808,
FR1.D4_mnon,ln_relprice,ln nisbi qiymət (real məzənnə proksisi),-0.24516388964405844,0.11912370712034487,-0.5073534012300049,0.01702562194188806,fr1:cpi,İstehlak qiymətləri indeksi,2030,238.0916296137243,-0.3642875967644033,-0.12604018252371357,238.15119093666982,238.0324699859389,0.025016134772215537,-0.024847420247997576,0.04986355502021311,
FR1.D4_mnon,ln_relprice,ln nisbi qiymət (real məzənnə proksisi),-0.24516388964405844,0.11912370712034487,-0.5073534012300049,0.01702562194188806,fr1:emp,Məşğul əhali,2030,5271.984503015889,-0.3642875967644033,-0.12604018252371357,5272.137715097105,5271.832301225619,0.0029061557583975883,-0.0028869923684893273,0.005793148126886916,
FR1.D4_mnon,ln_relprice,ln nisbi qiymət (real məzənnə proksisi),-0.24516388964405844,0.11912370712034487,-0.5073534012300049,0.01702562194188806,fr1:rhhdisp,Ev təsərrüfatlarının real sərəncamda qalan gəliri,2030,48288.212878677135,-0.3642875967644033,-0.12604018252371357,48324.53802571264,48252.15337374268,0.07522570182245669,-0.07467558392574292,0.1499012857481996,
FR1.E1_emp,const,sabit,-0.10329443020023005,0.015781086655956903,-0.1364492629746824,-0.07013959742577769,fr1:rgdp,Real ÜDM,2030,71354.48942608183,-0.11907551685618695,-0.08751334354427315,71354.48942608183,71354.48942608183,0.0,0.0,0.0,sabit: 2025 düzəliş əmsalı ilə udulur (təsir sıfırdır)
FR1.E1_emp,const,sabit,-0.10329443020023005,0.015781086655956903,-0.1364492629746824,-0.07013959742577769,fr1:rgdpnon,Real qeyri-neft ÜDM,2030,62311.44883039262,-0.11907551685618695,-0.08751334354427315,62311.44883039262,62311.44883039262,0.0,0.0,0.0,sabit: 2025 düzəliş əmsalı ilə udulur (təsir sıfırdır)
FR1.E1_emp,const,sabit,-0.10329443020023005,0.015781086655956903,-0.1364492629746824,-0.07013959742577769,fr1:cpi,İstehlak qiymətləri indeksi,2030,238.0916296137243,-0.11907551685618695,-0.08751334354427315,238.0916296137243,238.0916296137243,0.0,0.0,0.0,sabit: 2025 düzəliş əmsalı ilə udulur (təsir sıfırdır)
FR1.E1_emp,const,sabit,-0.10329443020023005,0.015781086655956903,-0.1364492629746824,-0.07013959742577769,fr1:emp,Məşğul əhali,2030,5271.984503015889,-0.11907551685618695,-0.08751334354427315,5271.984503015889,5271.984503015889,0.0,0.0,0.0,sabit: 2025 düzəliş əmsalı ilə udulur (təsir sıfırdır)
FR1.E1_emp,const,sabit,-0.10329443020023005,0.015781086655956903,-0.1364492629746824,-0.07013959742577769,fr1:rhhdisp,Ev təsərrüfatlarının real sərəncamda qalan gəliri,2030,48288.212878677135,-0.11907551685618695,-0.08751334354427315,48288.212878677135,48288.212878677135,0.0,0.0,0.0,sabit: 2025 düzəliş əmsalı ilə udulur (təsir sıfırdır)
FR1.E1_emp,ln_gdpnon_pc,ln adambaşına real qeyri-neft ÜDM,0.03365751478454254,0.011391499978538753,0.009724861408226051,0.05759016816085903,fr1:rgdp,Real ÜDM,2030,71354.48942608183,0.02226601480600379,0.04504901476308129,71342.00052837457,71367.01829806536,-0.017502609587294327,0.017558631677294656,0.03506124126458898,
FR1.E1_emp,ln_gdpnon_pc,ln adambaşına real qeyri-neft ÜDM,0.03365751478454254,0.011391499978538753,0.009724861408226051,0.05759016816085903,fr1:rgdpnon,Real qeyri-neft ÜDM,2030,62311.44883039262,0.02226601480600379,0.04504901476308129,62297.60802597852,62325.33477853169,-0.022212297537438364,0.0222847460614517,0.04449704359889006,
FR1.E1_emp,ln_gdpnon_pc,ln adambaşına real qeyri-neft ÜDM,0.03365751478454254,0.011391499978538753,0.009724861408226051,0.05759016816085903,fr1:cpi,İstehlak qiymətləri indeksi,2030,238.0916296137243,0.02226601480600379,0.04504901476308129,238.2158392105484,237.96715064627864,0.052168821317066794,-0.05228195869280139,0.10445078000986818,
FR1.E1_emp,ln_gdpnon_pc,ln adambaşına real qeyri-neft ÜDM,0.03365751478454254,0.011391499978538753,0.009724861408226051,0.05759016816085903,fr1:emp,Məşğul əhali,2030,5271.984503015889,0.02226601480600379,0.04504901476308129,5261.633827948449,5282.38243560534,-0.19633356398370827,0.19722995360671458,0.39356351759042285,
FR1.E1_emp,ln_gdpnon_pc,ln adambaşına real qeyri-neft ÜDM,0.03365751478454254,0.011391499978538753,0.009724861408226051,0.05759016816085903,fr1:rhhdisp,Ev təsərrüfatlarının real sərəncamda qalan gəliri,2030,48288.212878677135,0.02226601480600379,0.04504901476308129,48268.26115810973,48308.22931200267,-0.04131799331139607,0.041452006881748105,0.08277000019314418,
FR1.E2_wage,const,sabit,0.6677783044563304,0.5461265634807437,-0.5490675097252111,1.8846241186378718,fr1:rgdp,Real ÜDM,2030,71354.48942608183,0.12165174097558662,1.213904867937074,71354.48942608183,71354.48942608183,0.0,0.0,0.0,sabit: 2025 düzəliş əmsalı ilə udulur (təsir sıfırdır)
FR1.E2_wage,const,sabit,0.6677783044563304,0.5461265634807437,-0.5490675097252111,1.8846241186378718,fr1:rgdpnon,Real qeyri-neft ÜDM,2030,62311.44883039262,0.12165174097558662,1.213904867937074,62311.44883039262,62311.44883039263,0.0,2.220446049250313e-14,2.220446049250313e-14,sabit: 2025 düzəliş əmsalı ilə udulur (təsir sıfırdır)
FR1.E2_wage,const,sabit,0.6677783044563304,0.5461265634807437,-0.5490675097252111,1.8846241186378718,fr1:cpi,İstehlak qiymətləri indeksi,2030,238.0916296137243,0.12165174097558662,1.213904867937074,238.0916296137243,238.09162961372434,0.0,2.220446049250313e-14,2.220446049250313e-14,sabit: 2025 düzəliş əmsalı ilə udulur (təsir sıfırdır)
FR1.E2_wage,const,sabit,0.6677783044563304,0.5461265634807437,-0.5490675097252111,1.8846241186378718,fr1:emp,Məşğul əhali,2030,5271.984503015889,0.12165174097558662,1.213904867937074,5271.984503015889,5271.984503015889,0.0,0.0,0.0,sabit: 2025 düzəliş əmsalı ilə udulur (təsir sıfırdır)
FR1.E2_wage,const,sabit,0.6677783044563304,0.5461265634807437,-0.5490675097252111,1.8846241186378718,fr1:rhhdisp,Ev təsərrüfatlarının real sərəncamda qalan gəliri,2030,48288.212878677135,0.12165174097558662,1.213904867937074,48288.212878677135,48288.212878677135,0.0,0.0,0.0,sabit: 2025 düzəliş əmsalı ilə udulur (təsir sıfırdır)
FR1.E2_wage,ln_prod_non,ln qeyri-neft əmək məhsuldarlığı,0.816830983570286,0.12885902373387542,0.5297151863625661,1.103946780778006,fr1:rgdp,Real ÜDM,2030,71354.48942608183,0.6879719598364107,0.9456900073041614,71053.49160369209,71681.13854320787,-0.4218344561228271,0.4577835532891372,0.8796180094119643,
FR1.E2_wage,ln_prod_non,ln qeyri-neft əmək məhsuldarlığı,0.816830983570286,0.12885902373387542,0.5297151863625661,1.103946780778006,fr1:rgdpnon,Real qeyri-neft ÜDM,2030,62311.44883039262,0.6879719598364107,0.9456900073041614,61994.863665174504,62654.66203397888,-0.5080690164657176,0.5508027979263641,1.0588718143920817,
FR1.E2_wage,ln_prod_non,ln qeyri-neft əmək məhsuldarlığı,0.816830983570286,0.12885902373387542,0.5297151863625661,1.103946780778006,fr1:cpi,İstehlak qiymətləri indeksi,2030,238.0916296137243,0.6879719598364107,0.9456900073041614,235.95955934015393,240.38047026817864,-0.8954830865030461,0.9613276443895646,1.8568107308926107,
FR1.E2_wage,ln_prod_non,ln qeyri-neft əmək məhsuldarlığı,0.816830983570286,0.12885902373387542,0.5297151863625661,1.103946780778006,fr1:emp,Məşğul əhali,2030,5271.984503015889,0.6879719598364107,0.9456900073041614,5271.080755212338,5272.959266242531,-0.017142459410368627,0.018489493398266,0.035631952808634626,
FR1.E2_wage,ln_prod_non,ln qeyri-neft əmək məhsuldarlığı,0.816830983570286,0.12885902373387542,0.5297151863625661,1.103946780778006,fr1:rhhdisp,Ev təsərrüfatlarının real sərəncamda qalan gəliri,2030,48288.212878677135,0.6879719598364107,0.9456900073041614,47756.25797891982,48864.12733220477,-1.1016247403767832,1.1926605256123324,2.2942852659891155,
FR1.E2_wage,ln_cpi,ln istehlak qiymətləri indeksi,0.6167871659461088,0.18660813199299006,0.20099833695992625,1.0325759949322915,fr1:rgdp,Real ÜDM,2030,71354.48942608183,0.43017903395311874,0.8033952979390989,70818.86103693466,72009.30612343692,-0.7506582885748792,0.9176951620310403,1.6683534506059194,
FR1.E2_wage,ln_cpi,ln istehlak qiymətləri indeksi,0.6167871659461088,0.18660813199299006,0.20099833695992625,1.0325759949322915,fr1:rgdpnon,Real qeyri-neft ÜDM,2030,62311.44883039262,0.43017903395311874,0.8033952979390989,61750.299168127895,62996.10480152684,-0.9005562746456697,1.0987643265971903,1.99932060124286,
FR1.E2_wage,ln_cpi,ln istehlak qiymətləri indeksi,0.6167871659461088,0.18660813199299006,0.20099833695992625,1.0325759949322915,fr1:cpi,İstehlak qiymətləri indeksi,2030,238.0916296137243,0.43017903395311874,0.8033952979390989,234.26173076201962,242.6837717512304,-1.6085818967757293,1.9287289288398402,3.5373108256155694,
FR1.E2_wage,ln_cpi,ln istehlak qiymətləri indeksi,0.6167871659461088,0.18660813199299006,0.20099833695992625,1.0325759949322915,fr1:emp,Məşğul əhali,2030,5271.984503015889,0.43017903395311874,0.8033952979390989,5270.379544458725,5273.92389459496,-0.0304431577187958,0.03678674658398329,0.06722990430277909,
FR1.E2_wage,ln_cpi,ln istehlak qiymətləri indeksi,0.6167871659461088,0.18660813199299006,0.20099833695992625,1.0325759949322915,fr1:rhhdisp,Ev təsərrüfatlarının real sərəncamda qalan gəliri,2030,48288.212878677135,0.43017903395311874,0.8033952979390989,47339.690288741614,49442.50255692814,-1.9642942519298878,2.3904170592337515,4.354711311163639,
FR1.E2_wage,ln_minwage,ln minimum əmək haqqı,0.1859111002488838,0.11537410531620056,-0.07115842631683722,0.4429806268146048,fr1:rgdp,Real ÜDM,2030,71354.48942608183,0.07053699493268324,0.30128520556508437,70945.39433637791,71774.19706372614,-0.5733277513361057,0.5882007439477199,1.1615284952838256,
FR1.E2_wage,ln_minwage,ln minimum əmək haqqı,0.1859111002488838,0.11537410531620056,-0.07115842631683722,0.4429806268146048,fr1:rgdpnon,Real qeyri-neft ÜDM,2030,62311.44883039262,0.07053699493268324,0.30128520556508437,61883.527420993916,62749.87702403783,-0.6867460433530814,0.7036077669106744,1.3903538102637558,
FR1.E2_wage,ln_minwage,ln minimum əmək haqqı,0.1859111002488838,0.11537410531620056,-0.07115842631683722,0.4429806268146048,fr1:cpi,İstehlak qiymətləri indeksi,2030,238.0916296137243,0.07053699493268324,0.30128520556508437,235.16753126034436,241.05145076149506,-1.2281399216444333,1.2431437226805064,2.4712836443249397,
FR1.E2_wage,ln_minwage,ln minimum əmək haqqı,0.1859111002488838,0.11537410531620056,-0.07115842631683722,0.4429806268146048,fr1:emp,Məşğul əhali,2030,5271.984503015889,0.07053699493268324,0.30128520556508437,5270.761866092958,5273.228773031697,-0.023191208590067625,0.023601549190743754,0.04679275778081138,
FR1.E2_wage,ln_minwage,ln minimum əmək haqqı,0.1859111002488838,0.11537410531620056,-0.07115842631683722,0.4429806268146048,fr1:rhhdisp,Ev təsərrüfatlarının real sərəncamda qalan gəliri,2030,48288.212878677135,0.07053699493268324,0.30128520556508437,47563.88873553468,49028.968864284,-1.5000019672757436,1.534030649400897,3.0340326166766407,
FR1.E3_hhdisp,const,sabit,0.1402886046573588,0.3398872937237676,-0.5886971383134885,0.8692743476282061,fr1:rgdp,Real ÜDM,2030,71354.48942608183,-0.1995986890664088,0.4801758983811264,71354.48942608187,71354.48942608193,6.661338147750939e-14,1.3322676295501878e-13,6.661338147750939e-14,sabit: 2025 düzəliş əmsalı ilə udulur (təsir sıfırdır)
FR1.E3_hhdisp,const,sabit,0.1402886046573588,0.3398872937237676,-0.5886971383134885,0.8692743476282061,fr1:rgdpnon,Real qeyri-neft ÜDM,2030,62311.44883039262,-0.1995986890664088,0.4801758983811264,62311.44883039266,62311.44883039272,6.661338147750939e-14,1.5543122344752192e-13,8.881784197001252e-14,sabit: 2025 düzəliş əmsalı ilə udulur (təsir sıfırdır)
FR1.E3_hhdisp,const,sabit,0.1402886046573588,0.3398872937237676,-0.5886971383134885,0.8692743476282061,fr1:cpi,İstehlak qiymətləri indeksi,2030,238.0916296137243,-0.1995986890664088,0.4801758983811264,238.09162961372425,238.09162961372445,-2.220446049250313e-14,6.661338147750939e-14,8.881784197001252e-14,sabit: 2025 düzəliş əmsalı ilə udulur (təsir sıfırdır)
FR1.E3_hhdisp,const,sabit,0.1402886046573588,0.3398872937237676,-0.5886971383134885,0.8692743476282061,fr1:emp,Məşğul əhali,2030,5271.984503015889,-0.1995986890664088,0.4801758983811264,5271.984503015889,5271.984503015889,0.0,0.0,0.0,sabit: 2025 düzəliş əmsalı ilə udulur (təsir sıfırdır)
FR1.E3_hhdisp,const,sabit,0.1402886046573588,0.3398872937237676,-0.5886971383134885,0.8692743476282061,fr1:rhhdisp,Ev təsərrüfatlarının real sərəncamda qalan gəliri,2030,48288.212878677135,-0.1995986890664088,0.4801758983811264,48288.21287867718,48288.212878677296,8.881784197001252e-14,3.3306690738754696e-13,2.4424906541753444e-13,sabit: 2025 düzəliş əmsalı ilə udulur (təsir sıfırdır)
FR1.E3_hhdisp,ln_gdpnon,ln real qeyri-neft ÜDM,0.6025470923222385,0.5105558476412329,-0.4924862931368208,1.6975804777812977,fr1:rgdp,Real ÜDM,2030,71354.48942608183,0.09199124468100561,1.1131029399634713,68524.15078085502,83042.86491589062,-3.9665880423106814,16.380714912012806,20.34730295432349,homogenlik saxlanılır: ln_pens_r əks istiqamətdə dəyişir
FR1.E3_hhdisp,ln_gdpnon,ln real qeyri-neft ÜDM,0.6025470923222385,0.5105558476412329,-0.4924862931368208,1.6975804777812977,fr1:rgdpnon,Real qeyri-neft ÜDM,2030,62311.44883039262,0.09199124468100561,1.1131029399634713,59276.575416655396,74757.95422372145,-4.870490849920595,19.974668583308564,24.845159433229156,homogenlik saxlanılır: ln_pens_r əks istiqamətdə dəyişir
FR1.E3_hhdisp,ln_gdpnon,ln real qeyri-neft ÜDM,0.6025470923222385,0.5105558476412329,-0.4924862931368208,1.6975804777812977,fr1:cpi,İstehlak qiymətləri indeksi,2030,238.0916296137243,0.09199124468100561,1.1131029399634713,234.67131608782756,250.8601744165327,-1.436553452738265,5.362870094813421,6.799423547551687,homogenlik saxlanılır: ln_pens_r əks istiqamətdə dəyişir
FR1.E3_hhdisp,ln_gdpnon,ln real qeyri-neft ÜDM,0.6025470923222385,0.5105558476412329,-0.4924862931368208,1.6975804777812977,fr1:emp,Məşğul əhali,2030,5271.984503015889,0.09199124468100561,1.1131029399634713,5263.132097814377,5304.397759904304,-0.16791409755563258,0.614820792243842,0.7827348897994746,homogenlik saxlanılır: ln_pens_r əks istiqamətdə dəyişir
FR1.E3_hhdisp,ln_gdpnon,ln real qeyri-neft ÜDM,0.6025470923222385,0.5105558476412329,-0.4924862931368208,1.6975804777812977,fr1:rhhdisp,Ev təsərrüfatlarının real sərəncamda qalan gəliri,2030,48288.212878677135,0.09199124468100561,1.1131029399634713,43438.05537357277,67809.38429600112,-10.044185145741992,40.42636961191837,50.47055475766036,homogenlik saxlanılır: ln_pens_r əks istiqamətdə dəyişir
FR1.E3_hhdisp,ln_pens_r,ln real pensiya fondu,0.02053191987052716,0.10261003606645451,-0.19954471953148026,0.24060855927253458,fr1:rgdp,Real ÜDM,2030,71354.48942608183,-0.08207811619592735,0.12314195593698167,72328.61704848203,70573.08046676536,1.365194580236384,-1.0951083324980626,2.4603029127344467,homogenlik saxlanılır: ln_gdpnon əks istiqamətdə dəyişir
FR1.E3_hhdisp,ln_pens_r,ln real pensiya fondu,0.02053191987052716,0.10261003606645451,-0.19954471953148026,0.24060855927253458,fr1:rgdpnon,Real qeyri-neft ÜDM,2030,62311.44883039262,-0.08207811619592735,0.12314195593698167,63354.16072542906,61474.34164060706,1.673387338295762,-1.3434243714411265,3.0168117097368885,homogenlik saxlanılır: ln_gdpnon əks istiqamətdə dəyişir
FR1.E3_hhdisp,ln_pens_r,ln real pensiya fondu,0.02053191987052716,0.10261003606645451,-0.19954471953148026,0.24060855927253458,fr1:cpi,İstehlak qiymətləri indeksi,2030,238.0916296137243,-0.08207811619592735,0.12314195593698167,239.2361361312921,237.16170687834472,0.4807000226864977,-0.3905734682434159,0.8712734909299136,homogenlik saxlanılır: ln_gdpnon əks istiqamətdə dəyişir
FR1.E3_hhdisp,ln_pens_r,ln real pensiya fondu,0.02053191987052716,0.10261003606645451,-0.19954471953148026,0.24060855927253458,fr1:emp,Məşğul əhali,2030,5271.984503015889,-0.08207811619592735,0.12314195593698167,5274.930045657729,5269.585094386179,0.05587161039937172,-0.04551243707824337,0.10138404747761509,homogenlik saxlanılır: ln_gdpnon əks istiqamətdə dəyişir
FR1.E3_hhdisp,ln_pens_r,ln real pensiya fondu,0.02053191987052716,0.10261003606645451,-0.19954471953148026,0.24060855927253458,fr1:rhhdisp,Ev təsərrüfatlarının real sərəncamda qalan gəliri,2030,48288.212878677135,-0.08207811619592735,0.12314195593698167,49949.02211541175,46952.55260545258,3.439367782997804,-2.766017198814885,6.205384981812689,homogenlik saxlanılır: ln_gdpnon əks istiqamətdə dəyişir
FR1.E3_hhdisp,ln_wagebill_r,ln real əmək haqqı fondu (orta əmək haqqı × məşğulluq),0.3769209878072344,0.5344854288625426,-0.7694362449027168,1.5232782205171855,fr1:rgdp,Real ÜDM,2030,71354.48942608183,-0.1575644410553082,0.911406416669777,69354.46322416363,76138.352597619,-2.8029437502878896,6.704361855875818,9.507305606163708,homogenlik saxlanılır: ln_pens_r əks istiqamətdə dəyişir
FR1.E3_hhdisp,ln_wagebill_r,ln real əmək haqqı fondu (orta əmək haqqı × məşğulluq),0.3769209878072344,0.5344854288625426,-0.7694362449027168,1.5232782205171855,fr1:rgdpnon,Real qeyri-neft ÜDM,2030,62311.44883039262,-0.1575644410553082,0.911406416669777,60168.89648857818,67420.14047485252,-3.438456948170654,8.198640443051497,11.63709739122215,homogenlik saxlanılır: ln_pens_r əks istiqamətdə dəyişir
FR1.E3_hhdisp,ln_wagebill_r,ln real əmək haqqı fondu (orta əmək haqqı × məşğulluq),0.3769209878072344,0.5344854288625426,-0.7694362449027168,1.5232782205171855,fr1:cpi,İstehlak qiymətləri indeksi,2030,238.0916296137243,-0.1575644410553082,0.911406416669777,235.69203694447853,243.55745759333203,-1.007844195589247,2.295682543932931,3.303526739522178,homogenlik saxlanılır: ln_pens_r əks istiqamətdə dəyişir
FR1.E3_hhdisp,ln_wagebill_r,ln real əmək haqqı fondu (orta əmək haqqı × məşğulluq),0.3769209878072344,0.5344854288625426,-0.7694362449027168,1.5232782205171855,fr1:emp,Məşğul əhali,2030,5271.984503015889,-0.1575644410553082,0.911406416669777,5265.779531280728,5285.985236636654,-0.11769707842673727,0.26556856555166597,0.38326564397840324,homogenlik saxlanılır: ln_pens_r əks istiqamətdə dəyişir
FR1.E3_hhdisp,ln_wagebill_r,ln real əmək haqqı fondu (orta əmək haqqı × məşğulluq),0.3769209878072344,0.5344854288625426,-0.7694362449027168,1.5232782205171855,fr1:rhhdisp,Ev təsərrüfatlarının real sərəncamda qalan gəliri,2030,48288.212878677135,-0.1575644410553082,0.911406416669777,44868.5758727036,56381.33586660579,-7.081722023064474,16.760038331222592,23.841760354287068,homogenlik saxlanılır: ln_pens_r əks istiqamətdə dəyişir
FR1.E4_lf,const,sabit,-0.6659880315226872,0.021249234021672978,-0.7094475948164274,-0.6225284682289469,fr1:rgdp,Real ÜDM,2030,71354.48942608183,-0.6872372655443602,-0.6447387975010141,71354.48942608183,71354.48942608183,0.0,0.0,0.0,sabit: 2025 düzəliş əmsalı ilə udulur (təsir sıfırdır)
FR1.E4_lf,const,sabit,-0.6659880315226872,0.021249234021672978,-0.7094475948164274,-0.6225284682289469,fr1:rgdpnon,Real qeyri-neft ÜDM,2030,62311.44883039262,-0.6872372655443602,-0.6447387975010141,62311.44883039262,62311.44883039262,0.0,0.0,0.0,sabit: 2025 düzəliş əmsalı ilə udulur (təsir sıfırdır)
FR1.E4_lf,const,sabit,-0.6659880315226872,0.021249234021672978,-0.7094475948164274,-0.6225284682289469,fr1:cpi,İstehlak qiymətləri indeksi,2030,238.0916296137243,-0.6872372655443602,-0.6447387975010141,238.0916296137243,238.0916296137243,0.0,0.0,0.0,sabit: 2025 düzəliş əmsalı ilə udulur (təsir sıfırdır)
FR1.E4_lf,const,sabit,-0.6659880315226872,0.021249234021672978,-0.7094475948164274,-0.6225284682289469,fr1:emp,Məşğul əhali,2030,5271.984503015889,-0.6872372655443602,-0.6447387975010141,5271.984503015889,5271.984503015889,0.0,0.0,0.0,sabit: 2025 düzəliş əmsalı ilə udulur (təsir sıfırdır)
FR1.E4_lf,const,sabit,-0.6659880315226872,0.021249234021672978,-0.7094475948164274,-0.6225284682289469,fr1:rhhdisp,Ev təsərrüfatlarının real sərəncamda qalan gəliri,2030,48288.212878677135,-0.6872372655443602,-0.6447387975010141,48288.212878677135,48288.212878677135,0.0,0.0,0.0,sabit: 2025 düzəliş əmsalı ilə udulur (təsir sıfırdır)
FR1.E4_lf,trend,xətti trend,0.00045445791894415093,0.0012624178391137033,-0.002127476466368309,0.003036392304256611,fr1:rgdp,Real ÜDM,2030,71354.48942608183,-0.0008079599201695523,0.0017168757580578542,71315.01965433896,71394.03515101499,-0.05531505033576911,0.055421495201279924,0.11073654553704904,
FR1.E4_lf,trend,xətti trend,0.00045445791894415093,0.0012624178391137033,-0.002127476466368309,0.003036392304256611,fr1:rgdpnon,Real qeyri-neft ÜDM,2030,62311.44883039262,-0.0008079599201695523,0.0017168757580578542,62266.8307545649,62356.16257785013,-0.07160494044868848,0.07175847825207082,0.1433634187007593,
FR1.E4_lf,trend,xətti trend,0.00045445791894415093,0.0012624178391137033,-0.002127476466368309,0.003036392304256611,fr1:cpi,İstehlak qiymətləri indeksi,2030,238.0916296137243,-0.0008079599201695523,0.0017168757580578542,238.49343986554837,237.69040075034454,0.16876286347233815,-0.16851867662492914,0.3372815400972673,
FR1.E4_lf,trend,xətti trend,0.00045445791894415093,0.0012624178391137033,-0.002127476466368309,0.003036392304256611,fr1:emp,Məşğul əhali,2030,5271.984503015889,-0.0008079599201695523,0.0017168757580578542,5238.685769014812,5305.49507665893,-0.6316166897309294,0.6356349041593656,1.267251593890295,
FR1.E4_lf,trend,xətti trend,0.00045445791894415093,0.0012624178391137033,-0.002127476466368309,0.003036392304256611,fr1:rhhdisp,Ev təsərrüfatlarının real sərəncamda qalan gəliri,2030,48288.212878677135,-0.0008079599201695523,0.0017168757580578542,48223.88011051801,48352.679362990486,-0.1332266495775225,0.13350356219501425,0.26673021177253675,
FR1.F1_revoil,const,sabit,3.186768741187859,1.6888312217514936,-0.4928783919004398,6.866415874276157,fr1:rgdp,Real ÜDM,2030,71354.48942608183,1.4979375194363653,4.8755999629393525,71354.48942608183,71354.48942608191,0.0,1.3322676295501878e-13,1.3322676295501878e-13,sabit: 2025 düzəliş əmsalı ilə udulur (təsir sıfırdır)
FR1.F1_revoil,const,sabit,3.186768741187859,1.6888312217514936,-0.4928783919004398,6.866415874276157,fr1:rgdpnon,Real qeyri-neft ÜDM,2030,62311.44883039262,1.4979375194363653,4.8755999629393525,62311.44883039262,62311.448830392736,0.0,1.7763568394002505e-13,1.7763568394002505e-13,sabit: 2025 düzəliş əmsalı ilə udulur (təsir sıfırdır)
FR1.F1_revoil,const,sabit,3.186768741187859,1.6888312217514936,-0.4928783919004398,6.866415874276157,fr1:cpi,İstehlak qiymətləri indeksi,2030,238.0916296137243,1.4979375194363653,4.8755999629393525,238.0916296137243,238.0916296137244,0.0,4.440892098500626e-14,4.440892098500626e-14,sabit: 2025 düzəliş əmsalı ilə udulur (təsir sıfırdır)
FR1.F1_revoil,const,sabit,3.186768741187859,1.6888312217514936,-0.4928783919004398,6.866415874276157,fr1:emp,Məşğul əhali,2030,5271.984503015889,1.4979375194363653,4.8755999629393525,5271.984503015889,5271.984503015889,0.0,0.0,0.0,sabit: 2025 düzəliş əmsalı ilə udulur (təsir sıfırdır)
FR1.F1_revoil,const,sabit,3.186768741187859,1.6888312217514936,-0.4928783919004398,6.866415874276157,fr1:rhhdisp,Ev təsərrüfatlarının real sərəncamda qalan gəliri,2030,48288.212878677135,1.4979375194363653,4.8755999629393525,48288.212878677135,48288.21287867731,0.0,3.552713678800501e-13,3.552713678800501e-13,sabit: 2025 düzəliş əmsalı ilə udulur (təsir sıfırdır)
FR1.F1_revoil,ln_xoil_azn,ln karbohidrogen ixracı (AZN),0.6113362393949402,0.16182089376522765,0.25875879995166123,0.9639136788382192,fr1:rgdp,Real ÜDM,2030,71354.48942608183,0.4495153456297125,0.7731571331601679,71466.74450261932,71243.54550197188,0.15732027156298845,-0.15548275238501663,0.3128030239480051,
FR1.F1_revoil,ln_xoil_azn,ln karbohidrogen ixracı (AZN),0.6113362393949402,0.16182089376522765,0.25875879995166123,0.9639136788382192,fr1:rgdpnon,Real qeyri-neft ÜDM,2030,62311.44883039262,0.4495153456297125,0.7731571331601679,62433.30667600382,62191.00445604176,0.19556252967716237,-0.1932941323170012,0.3888566619941636,
FR1.F1_revoil,ln_xoil_azn,ln karbohidrogen ixracı (AZN),0.6113362393949402,0.16182089376522765,0.25875879995166123,0.9639136788382192,fr1:cpi,İstehlak qiymətləri indeksi,2030,238.0916296137243,0.4495153456297125,0.7731571331601679,238.22659603495774,237.958004112963,0.056686756041113284,-0.05612356090723969,0.11281031694835297,
FR1.F1_revoil,ln_xoil_azn,ln karbohidrogen ixracı (AZN),0.6113362393949402,0.16182089376522765,0.25875879995166123,0.9639136788382192,fr1:emp,Məşğul əhali,2030,5271.984503015889,0.4495153456297125,0.7731571331601679,5272.331185406552,5271.641197507737,0.006575937210473448,-0.006511883863746792,0.01308782107422024,
FR1.F1_revoil,ln_xoil_azn,ln karbohidrogen ixracı (AZN),0.6113362393949402,0.16182089376522765,0.25875879995166123,0.9639136788382192,fr1:rhhdisp,Ev təsərrüfatlarının real sərəncamda qalan gəliri,2030,48288.212878677135,0.4495153456297125,0.7731571331601679,48370.44043391426,48206.91987976656,0.17028494188366938,-0.16834957034923548,0.33863451223290486,
FR1.F2_revnon,const,sabit,-6.880466984597508,0.7788609654082012,-8.577459248552932,-5.183474720642083,fr1:rgdp,Real ÜDM,2030,71354.48942608183,-7.659327950005709,-6.1016060191893065,71354.48942608183,71354.48942608183,0.0,0.0,0.0,sabit: 2025 düzəliş əmsalı ilə udulur (təsir sıfırdır)
FR1.F2_revnon,const,sabit,-6.880466984597508,0.7788609654082012,-8.577459248552932,-5.183474720642083,fr1:rgdpnon,Real qeyri-neft ÜDM,2030,62311.44883039262,-7.659327950005709,-6.1016060191893065,62311.44883039262,62311.44883039262,0.0,0.0,0.0,sabit: 2025 düzəliş əmsalı ilə udulur (təsir sıfırdır)
FR1.F2_revnon,const,sabit,-6.880466984597508,0.7788609654082012,-8.577459248552932,-5.183474720642083,fr1:cpi,İstehlak qiymətləri indeksi,2030,238.0916296137243,-7.659327950005709,-6.1016060191893065,238.0916296137243,238.0916296137243,0.0,0.0,0.0,sabit: 2025 düzəliş əmsalı ilə udulur (təsir sıfırdır)
FR1.F2_revnon,const,sabit,-6.880466984597508,0.7788609654082012,-8.577459248552932,-5.183474720642083,fr1:emp,Məşğul əhali,2030,5271.984503015889,-7.659327950005709,-6.1016060191893065,5271.984503015889,5271.984503015889,0.0,0.0,0.0,sabit: 2025 düzəliş əmsalı ilə udulur (təsir sıfırdır)
FR1.F2_revnon,const,sabit,-6.880466984597508,0.7788609654082012,-8.577459248552932,-5.183474720642083,fr1:rhhdisp,Ev təsərrüfatlarının real sərəncamda qalan gəliri,2030,48288.212878677135,-7.659327950005709,-6.1016060191893065,48288.212878677135,48288.212878677135,0.0,0.0,0.0,sabit: 2025 düzəliş əmsalı ilə udulur (təsir sıfırdır)
FR1.F2_revnon,ln_gdpnon,ln real qeyri-neft ÜDM,1.0,,,,fr1:rgdp,Real ÜDM,2030,71354.48942608183,,,,,,,,standart xəta yoxdur (məhdudiyyətlə sabitlənib) — ±1 SE tətbiq olunmur
FR1.F2_revnon,ln_gdpnon,ln real qeyri-neft ÜDM,1.0,,,,fr1:rgdpnon,Real qeyri-neft ÜDM,2030,62311.44883039262,,,,,,,,standart xəta yoxdur (məhdudiyyətlə sabitlənib) — ±1 SE tətbiq olunmur
FR1.F2_revnon,ln_gdpnon,ln real qeyri-neft ÜDM,1.0,,,,fr1:cpi,İstehlak qiymətləri indeksi,2030,238.0916296137243,,,,,,,,standart xəta yoxdur (məhdudiyyətlə sabitlənib) — ±1 SE tətbiq olunmur
FR1.F2_revnon,ln_gdpnon,ln real qeyri-neft ÜDM,1.0,,,,fr1:emp,Məşğul əhali,2030,5271.984503015889,,,,,,,,standart xəta yoxdur (məhdudiyyətlə sabitlənib) — ±1 SE tətbiq olunmur
FR1.F2_revnon,ln_gdpnon,ln real qeyri-neft ÜDM,1.0,,,,fr1:rhhdisp,Ev təsərrüfatlarının real sərəncamda qalan gəliri,2030,48288.212878677135,,,,,,,,standart xəta yoxdur (məhdudiyyətlə sabitlənib) — ±1 SE tətbiq olunmur
FR1.F2_revnon,ln_m_non,ln real qeyri-neft idxalı,0.5600723815236883,0.08487247839329955,0.3751511367150361,0.7449936263323406,fr1:rgdp,Real ÜDM,2030,71354.48942608183,0.4751999031303888,0.6449448599169879,71354.48942612341,71354.48942604626,5.828670879282072e-11,-4.983791157542328e-11,1.08124620368244e-10,
FR1.F2_revnon,ln_m_non,ln real qeyri-neft idxalı,0.5600723815236883,0.08487247839329955,0.3751511367150361,0.7449936263323406,fr1:rgdpnon,Real qeyri-neft ÜDM,2030,62311.44883039262,0.4751999031303888,0.6449448599169879,62311.44883043703,62311.448830355555,7.127631818093505e-11,-5.948574965941589e-11,1.3076206784035094e-10,
FR1.F2_revnon,ln_m_non,ln real qeyri-neft idxalı,0.5600723815236883,0.08487247839329955,0.3751511367150361,0.7449936263323406,fr1:cpi,İstehlak qiymətləri indeksi,2030,238.0916296137243,0.4751999031303888,0.6449448599169879,238.09162961379076,238.0916296137592,2.7911006839076435e-11,1.4654943925052066e-11,1.3256062914024369e-11,
FR1.F2_revnon,ln_m_non,ln real qeyri-neft idxalı,0.5600723815236883,0.08487247839329955,0.3751511367150361,0.7449936263323406,fr1:emp,Məşğul əhali,2030,5271.984503015889,0.4751999031303888,0.6449448599169879,5271.984503016101,5271.984503015736,4.04121180963557e-12,-2.8976820942716586e-12,6.938893903907228e-12,
FR1.F2_revnon,ln_m_non,ln real qeyri-neft idxalı,0.5600723815236883,0.08487247839329955,0.3751511367150361,0.7449936263323406,fr1:rhhdisp,Ev təsərrüfatlarının real sərəncamda qalan gəliri,2030,48288.212878677135,0.4751999031303888,0.6449448599169879,48288.21287872964,48288.21287863633,1.0873524303178783e-10,-8.449907440422066e-11,1.932343174360085e-10,
FR1.F3_expcur,const,sabit,-2.753030913101022,1.6237566465854807,-6.370986183494434,0.8649243572923893,fr1:rgdp,Real ÜDM,2030,71354.48942608183,-4.376787559686503,-1.1292742665155415,71354.48942608183,71354.48942608183,0.0,0.0,0.0,sabit: 2025 düzəliş əmsalı ilə udulur (təsir sıfırdır)
FR1.F3_expcur,const,sabit,-2.753030913101022,1.6237566465854807,-6.370986183494434,0.8649243572923893,fr1:rgdpnon,Real qeyri-neft ÜDM,2030,62311.44883039262,-4.376787559686503,-1.1292742665155415,62311.44883039262,62311.44883039262,0.0,0.0,0.0,sabit: 2025 düzəliş əmsalı ilə udulur (təsir sıfırdır)
FR1.F3_expcur,const,sabit,-2.753030913101022,1.6237566465854807,-6.370986183494434,0.8649243572923893,fr1:cpi,İstehlak qiymətləri indeksi,2030,238.0916296137243,-4.376787559686503,-1.1292742665155415,238.0916296137243,238.0916296137243,0.0,0.0,0.0,sabit: 2025 düzəliş əmsalı ilə udulur (təsir sıfırdır)
FR1.F3_expcur,const,sabit,-2.753030913101022,1.6237566465854807,-6.370986183494434,0.8649243572923893,fr1:emp,Məşğul əhali,2030,5271.984503015889,-4.376787559686503,-1.1292742665155415,5271.984503015889,5271.984503015889,0.0,0.0,0.0,sabit: 2025 düzəliş əmsalı ilə udulur (təsir sıfırdır)
FR1.F3_expcur,const,sabit,-2.753030913101022,1.6237566465854807,-6.370986183494434,0.8649243572923893,fr1:rhhdisp,Ev təsərrüfatlarının real sərəncamda qalan gəliri,2030,48288.212878677135,-4.376787559686503,-1.1292742665155415,48288.212878677135,48288.212878677135,0.0,0.0,0.0,sabit: 2025 düzəliş əmsalı ilə udulur (təsir sıfırdır)
FR1.F3_expcur,ln_rev_r,ln real büdcə gəlirləri,0.9919286400244713,0.21179525176565658,0.5200194109037162,1.4638378691452265,fr1:rgdp,Real ÜDM,2030,71354.48942608183,0.7801333882588147,1.2037238917901278,71354.48942600709,71354.48942610418,-1.0473844014313727e-10,3.133049375492192e-11,1.3606893389805919e-10,
FR1.F3_expcur,ln_rev_r,ln real büdcə gəlirləri,0.9919286400244713,0.21179525176565658,0.5200194109037162,1.4638378691452265,fr1:rgdpnon,Real qeyri-neft ÜDM,2030,62311.44883039262,0.7801333882588147,1.2037238917901278,62311.44883031087,62311.44883041705,-1.3119505481995475e-10,3.921307722976053e-11,1.7040813204971528e-10,
FR1.F3_expcur,ln_rev_r,ln real büdcə gəlirləri,0.9919286400244713,0.21179525176565658,0.5200194109037162,1.4638378691452265,fr1:cpi,İstehlak qiymətləri indeksi,2030,238.0916296137243,0.7801333882588147,1.2037238917901278,238.09162961379863,238.09162961376535,3.12194714524594e-11,1.723066134218243e-11,1.3988810110276972e-11,
FR1.F3_expcur,ln_rev_r,ln real büdcə gəlirləri,0.9919286400244713,0.21179525176565658,0.5200194109037162,1.4638378691452265,fr1:emp,Məşğul əhali,2030,5271.984503015889,0.7801333882588147,1.2037238917901278,5271.984503015566,5271.984503016005,-6.128431095930864e-12,2.19824158875781e-12,8.326672684688674e-12,
FR1.F3_expcur,ln_rev_r,ln real büdcə gəlirləri,0.9919286400244713,0.21179525176565658,0.5200194109037162,1.4638378691452265,fr1:rhhdisp,Ev təsərrüfatlarının real sərəncamda qalan gəliri,2030,48288.212878677135,0.7801333882588147,1.2037238917901278,48288.21287859064,48288.21287870532,-1.7912338279302276e-10,5.837552663479073e-11,2.374989094278135e-10,
FR1.F3_expcur,ln_gdpnon,ln real qeyri-neft ÜDM,0.21456361198476248,0.0960273563656432,0.0006013284149901932,0.4285258955545348,fr1:rgdp,Real ÜDM,2030,71354.48942608183,0.11853625561911928,0.31059096835040567,71354.48942595997,71354.48942605092,-1.7077450564784158e-10,-4.332090242087361e-11,1.2745360322696797e-10,
FR1.F3_expcur,ln_gdpnon,ln real qeyri-neft ÜDM,0.21456361198476248,0.0960273563656432,0.0006013284149901932,0.4285258955545348,fr1:rgdpnon,Real qeyri-neft ÜDM,2030,62311.44883039262,0.11853625561911928,0.31059096835040567,62311.448830263165,62311.44883035989,-2.0775603459810554e-10,-5.2524651295016156e-11,1.552313833030894e-10,
FR1.F3_expcur,ln_gdpnon,ln real qeyri-neft ÜDM,0.21456361198476248,0.0960273563656432,0.0006013284149901932,0.4285258955545348,fr1:cpi,İstehlak qiymətləri indeksi,2030,238.0916296137243,0.11853625561911928,0.31059096835040567,238.09162961373607,238.0916296136907,4.951594689828198e-12,-1.411093464298574e-11,1.9062529332813938e-11,
FR1.F3_expcur,ln_gdpnon,ln real qeyri-neft ÜDM,0.21456361198476248,0.0960273563656432,0.0006013284149901932,0.4285258955545348,fr1:emp,Məşğul əhali,2030,5271.984503015889,0.11853625561911928,0.31059096835040567,5271.984503015407,5271.984503015748,-9.126033262418787e-12,-2.6756374893466273e-12,6.4503957730721595e-12,
FR1.F3_expcur,ln_gdpnon,ln real qeyri-neft ÜDM,0.21456361198476248,0.0960273563656432,0.0006013284149901932,0.4285258955545348,fr1:rhhdisp,Ev təsərrüfatlarının real sərəncamda qalan gəliri,2030,48288.212878677135,0.11853625561911928,0.31059096835040567,48288.21287854652,48288.21287864118,-2.7049473771967314e-10,-7.446265826160925e-11,1.960320794580639e-10,
FR1.F4_pubinv,const,sabit,-0.2988008018297472,0.05675308385857205,-0.41976713662919074,-0.17783446703030367,fr1:rgdp,Real ÜDM,2030,71354.48942608183,-0.35555388568831925,-0.24204771797117516,71354.48942608183,71354.48942608183,0.0,0.0,0.0,sabit: 2025 düzəliş əmsalı ilə udulur (təsir sıfırdır)
FR1.F4_pubinv,const,sabit,-0.2988008018297472,0.05675308385857205,-0.41976713662919074,-0.17783446703030367,fr1:rgdpnon,Real qeyri-neft ÜDM,2030,62311.44883039262,-0.35555388568831925,-0.24204771797117516,62311.44883039262,62311.44883039262,0.0,0.0,0.0,sabit: 2025 düzəliş əmsalı ilə udulur (təsir sıfırdır)
FR1.F4_pubinv,const,sabit,-0.2988008018297472,0.05675308385857205,-0.41976713662919074,-0.17783446703030367,fr1:cpi,İstehlak qiymətləri indeksi,2030,238.0916296137243,-0.35555388568831925,-0.24204771797117516,238.0916296137243,238.0916296137243,0.0,0.0,0.0,sabit: 2025 düzəliş əmsalı ilə udulur (təsir sıfırdır)
FR1.F4_pubinv,const,sabit,-0.2988008018297472,0.05675308385857205,-0.41976713662919074,-0.17783446703030367,fr1:emp,Məşğul əhali,2030,5271.984503015889,-0.35555388568831925,-0.24204771797117516,5271.984503015889,5271.984503015889,0.0,0.0,0.0,sabit: 2025 düzəliş əmsalı ilə udulur (təsir sıfırdır)
FR1.F4_pubinv,const,sabit,-0.2988008018297472,0.05675308385857205,-0.41976713662919074,-0.17783446703030367,fr1:rhhdisp,Ev təsərrüfatlarının real sərəncamda qalan gəliri,2030,48288.212878677135,-0.35555388568831925,-0.24204771797117516,48288.212878677135,48288.212878677135,0.0,0.0,0.0,sabit: 2025 düzəliş əmsalı ilə udulur (təsir sıfırdır)
FR1.F4_pubinv,ln_rev_oil,ln real neft-qaz gəlirləri,1.0,,,,fr1:rgdp,Real ÜDM,2030,71354.48942608183,,,,,,,,standart xəta yoxdur (məhdudiyyətlə sabitlənib) — ±1 SE tətbiq olunmur
FR1.F4_pubinv,ln_rev_oil,ln real neft-qaz gəlirləri,1.0,,,,fr1:rgdpnon,Real qeyri-neft ÜDM,2030,62311.44883039262,,,,,,,,standart xəta yoxdur (məhdudiyyətlə sabitlənib) — ±1 SE tətbiq olunmur
FR1.F4_pubinv,ln_rev_oil,ln real neft-qaz gəlirləri,1.0,,,,fr1:cpi,İstehlak qiymətləri indeksi,2030,238.0916296137243,,,,,,,,standart xəta yoxdur (məhdudiyyətlə sabitlənib) — ±1 SE tətbiq olunmur
FR1.F4_pubinv,ln_rev_oil,ln real neft-qaz gəlirləri,1.0,,,,fr1:emp,Məşğul əhali,2030,5271.984503015889,,,,,,,,standart xəta yoxdur (məhdudiyyətlə sabitlənib) — ±1 SE tətbiq olunmur
FR1.F4_pubinv,ln_rev_oil,ln real neft-qaz gəlirləri,1.0,,,,fr1:rhhdisp,Ev təsərrüfatlarının real sərəncamda qalan gəliri,2030,48288.212878677135,,,,,,,,standart xəta yoxdur (məhdudiyyətlə sabitlənib) — ±1 SE tətbiq olunmur
FR1.G1_credit,const,sabit,4.714971026229129,0.5782536588446076,3.4747402764999586,5.9552017759583,fr1:rgdp,Real ÜDM,2030,71354.48942608183,4.136717367384522,5.293224685073737,71354.48942608183,71354.48942608183,0.0,0.0,0.0,sabit: 2025 düzəliş əmsalı ilə udulur (təsir sıfırdır)
FR1.G1_credit,const,sabit,4.714971026229129,0.5782536588446076,3.4747402764999586,5.9552017759583,fr1:rgdpnon,Real qeyri-neft ÜDM,2030,62311.44883039262,4.136717367384522,5.293224685073737,62311.44883039262,62311.44883039262,0.0,0.0,0.0,sabit: 2025 düzəliş əmsalı ilə udulur (təsir sıfırdır)
FR1.G1_credit,const,sabit,4.714971026229129,0.5782536588446076,3.4747402764999586,5.9552017759583,fr1:cpi,İstehlak qiymətləri indeksi,2030,238.0916296137243,4.136717367384522,5.293224685073737,238.0916296137243,238.0916296137243,0.0,0.0,0.0,sabit: 2025 düzəliş əmsalı ilə udulur (təsir sıfırdır)
FR1.G1_credit,const,sabit,4.714971026229129,0.5782536588446076,3.4747402764999586,5.9552017759583,fr1:emp,Məşğul əhali,2030,5271.984503015889,4.136717367384522,5.293224685073737,5271.984503015889,5271.984503015889,0.0,0.0,0.0,sabit: 2025 düzəliş əmsalı ilə udulur (təsir sıfırdır)
FR1.G1_credit,const,sabit,4.714971026229129,0.5782536588446076,3.4747402764999586,5.9552017759583,fr1:rhhdisp,Ev təsərrüfatlarının real sərəncamda qalan gəliri,2030,48288.212878677135,4.136717367384522,5.293224685073737,48288.212878677135,48288.212878677135,0.0,0.0,0.0,sabit: 2025 düzəliş əmsalı ilə udulur (təsir sıfırdır)
FR1.G1_credit,ln_dep_r,ln real depozitlər,0.5165769747625978,0.06557057525084567,0.37594207784552885,0.6572118716796667,fr1:rgdp,Real ÜDM,2030,71354.48942608183,0.45100639951175214,0.5821475500134434,71324.48959332844,71384.70811779148,-0.042043371054401035,0.04235009170789894,0.08439346276229998,
FR1.G1_credit,ln_dep_r,ln real depozitlər,0.5165769747625978,0.06557057525084567,0.37594207784552885,0.6572118716796667,fr1:rgdpnon,Real qeyri-neft ÜDM,2030,62311.44883039262,0.45100639951175214,0.5821475500134434,62279.300158110345,62343.83109581427,-0.051593523960224985,0.05196840392813762,0.1035619278883626,
FR1.G1_credit,ln_dep_r,ln real depozitlər,0.5165769747625978,0.06557057525084567,0.37594207784552885,0.6572118716796667,fr1:cpi,İstehlak qiymətləri indeksi,2030,238.0916296137243,0.45100639951175214,0.5821475500134434,238.05608950223163,238.12741324660868,-0.014927073056003604,0.015029353590634287,0.02995642664663789,
FR1.G1_credit,ln_dep_r,ln real depozitlər,0.5165769747625978,0.06557057525084567,0.37594207784552885,0.6572118716796667,fr1:emp,Məşğul əhali,2030,5271.984503015889,0.45100639951175214,0.5821475500134434,5271.892931659171,5272.076693590681,-0.0017369428279789823,0.0017486882736506004,0.0034856311016295827,
FR1.G1_credit,ln_dep_r,ln real depozitlər,0.5165769747625978,0.06557057525084567,0.37594207784552885,0.6572118716796667,fr1:rhhdisp,Ev təsərrüfatlarının real sərəncamda qalan gəliri,2030,48288.212878677135,0.45100639951175214,0.5821475500134434,48266.51317955363,48310.06883328217,-0.04493787992947418,0.0452614692118436,0.09019934914131778,
FR1.G1_credit,polrate,"uçot dərəcəsi, %",-0.04320331280833414,0.010300488274406923,-0.0652956629383265,-0.021110962678341776,fr1:rgdp,Real ÜDM,2030,71354.48942608183,-0.05350380108274107,-0.03290282453392722,71369.2372900924,71339.75609817887,0.020668445852800588,-0.0206480741736903,0.04131652002649089,
FR1.G1_credit,polrate,"uçot dərəcəsi, %",-0.04320331280833414,0.010300488274406923,-0.0652956629383265,-0.021110962678341776,fr1:rgdpnon,Real qeyri-neft ÜDM,2030,62311.44883039262,-0.05350380108274107,-0.03290282453392722,62327.452703706396,62295.46054671946,0.025683680309440682,-0.025658661406946504,0.051342341716387185,
FR1.G1_credit,polrate,"uçot dərəcəsi, %",-0.04320331280833414,0.010300488274406923,-0.0652956629383265,-0.021110962678341776,fr1:cpi,İstehlak qiymətləri indeksi,2030,238.0916296137243,-0.05350380108274107,-0.03290282453392722,238.10938760586524,238.07388510490526,0.007458469736931761,-0.007452806655927624,0.014911276392859385,
FR1.G1_credit,polrate,"uçot dərəcəsi, %",-0.04320331280833414,0.010300488274406923,-0.0652956629383265,-0.021110962678341776,fr1:emp,Məşğul əhali,2030,5271.984503015889,-0.05350380108274107,-0.03290282453392722,5272.030070970726,5271.938968155062,0.0008643415930320586,-0.0008637138595668503,0.001728055452598909,
FR1.G1_credit,polrate,"uçot dərəcəsi, %",-0.04320331280833414,0.010300488274406923,-0.0652956629383265,-0.021110962678341776,fr1:rhhdisp,Ev təsərrüfatlarının real sərəncamda qalan gəliri,2030,48288.212878677135,-0.05350380108274107,-0.03290282453392722,48299.01255750603,48277.423379232176,0.02236504145645135,-0.02234396098291791,0.04470900243936926,
FR1.G2_credhh,const,sabit,-9.211774569111224,3.7579412689364067,-17.271756976699674,-1.1517921615227742,fr1:rgdp,Real ÜDM,2030,71354.48942608183,-12.96971583804763,-5.453833300174818,71354.48942608183,71354.48942608183,0.0,0.0,0.0,sabit: 2025 düzəliş əmsalı ilə udulur (təsir sıfırdır)
FR1.G2_credhh,const,sabit,-9.211774569111224,3.7579412689364067,-17.271756976699674,-1.1517921615227742,fr1:rgdpnon,Real qeyri-neft ÜDM,2030,62311.44883039262,-12.96971583804763,-5.453833300174818,62311.44883039262,62311.44883039262,0.0,0.0,0.0,sabit: 2025 düzəliş əmsalı ilə udulur (təsir sıfırdır)
FR1.G2_credhh,const,sabit,-9.211774569111224,3.7579412689364067,-17.271756976699674,-1.1517921615227742,fr1:cpi,İstehlak qiymətləri indeksi,2030,238.0916296137243,-12.96971583804763,-5.453833300174818,238.0916296137243,238.0916296137243,0.0,0.0,0.0,sabit: 2025 düzəliş əmsalı ilə udulur (təsir sıfırdır)
FR1.G2_credhh,const,sabit,-9.211774569111224,3.7579412689364067,-17.271756976699674,-1.1517921615227742,fr1:emp,Məşğul əhali,2030,5271.984503015889,-12.96971583804763,-5.453833300174818,5271.984503015889,5271.984503015889,0.0,0.0,0.0,sabit: 2025 düzəliş əmsalı ilə udulur (təsir sıfırdır)
FR1.G2_credhh,const,sabit,-9.211774569111224,3.7579412689364067,-17.271756976699674,-1.1517921615227742,fr1:rhhdisp,Ev təsərrüfatlarının real sərəncamda qalan gəliri,2030,48288.212878677135,-12.96971583804763,-5.453833300174818,48288.212878677135,48288.212878677135,0.0,0.0,0.0,sabit: 2025 düzəliş əmsalı ilə udulur (təsir sıfırdır)
FR1.G2_credhh,ln_cred_tot_r,ln real kreditlər,0.5752008818913141,0.19655105415624455,0.15364079744096176,0.9967609663416666,fr1:rgdp,Real ÜDM,2030,71354.48942608183,0.3786498277350696,0.7717519360475587,71253.36483251373,71457.7521553656,-0.14172141708455044,0.14471791489831798,0.2864393319828684,
FR1.G2_credhh,ln_cred_tot_r,ln real kreditlər,0.5752008818913141,0.19655105415624455,0.15364079744096176,0.9967609663416666,fr1:rgdpnon,Real qeyri-neft ÜDM,2030,62311.44883039262,0.3786498277350696,0.7717519360475587,62202.79343058902,62422.390253863254,-0.1743746965334525,0.1780434022206956,0.3524180987541481,
FR1.G2_credhh,ln_cred_tot_r,ln real kreditlər,0.5752008818913141,0.19655105415624455,0.15364079744096176,0.9967609663416666,fr1:cpi,İstehlak qiymətləri indeksi,2030,238.0916296137243,0.3786498277350696,0.7717519360475587,237.97135236128497,238.21426639357165,-0.05051721164430756,0.051508228175145554,0.10202543981945311,
FR1.G2_credhh,ln_cred_tot_r,ln real kreditlər,0.5752008818913141,0.19655105415624455,0.15364079744096176,0.9967609663416666,fr1:emp,Məşğul əhali,2030,5271.984503015889,0.3786498277350696,0.7717519360475587,5271.674828259366,5272.300155147185,-0.005873969400804757,0.005987349377001294,0.011861318777806051,
FR1.G2_credhh,ln_cred_tot_r,ln real kreditlər,0.5752008818913141,0.19655105415624455,0.15364079744096176,0.9967609663416666,fr1:rhhdisp,Ev təsərrüfatlarının real sərəncamda qalan gəliri,2030,48288.212878677135,0.3786498277350696,0.7717519360475587,48214.8700156211,48363.08229764689,-0.15188564389473358,0.15504698663804106,0.30693263053277464,
FR1.G2_credhh,ln_hhdisp,ln real sərəncamda qalan gəlir,1.1800815382088876,0.4385142341517828,0.23956204633805744,2.120601030079718,fr1:rgdp,Real ÜDM,2030,71354.48942608183,0.7415673040571048,1.6185957723606705,71109.68980966337,71614.85538968263,-0.3430752828412431,0.3648907948119007,0.7079660776531438,
FR1.G2_credhh,ln_hhdisp,ln real sərəncamda qalan gəlir,1.1800815382088876,0.4385142341517828,0.23956204633805744,2.120601030079718,fr1:rgdpnon,Real qeyri-neft ÜDM,2030,62311.44883039262,0.7415673040571048,1.6185957723606705,62049.09996863575,62590.41200085092,-0.42102834500119535,0.44769167736353754,0.8687200223647329,
FR1.G2_credhh,ln_hhdisp,ln real sərəncamda qalan gəlir,1.1800815382088876,0.4385142341517828,0.23956204633805744,2.120601030079718,fr1:cpi,İstehlak qiymətləri indeksi,2030,238.0916296137243,0.7415673040571048,1.6185957723606705,237.80118963114762,238.39939940433547,-0.12198664146567673,0.12926527115231234,0.25125191261798907,
FR1.G2_credhh,ln_hhdisp,ln real sərəncamda qalan gəlir,1.1800815382088876,0.4385142341517828,0.23956204633805744,2.120601030079718,fr1:emp,Məşğul əhali,2030,5271.984503015889,0.7415673040571048,1.6185957723606705,5271.235898352004,5272.777182279278,-0.014199674969761489,0.01503569031615637,0.029235365285917858,
FR1.G2_credhh,ln_hhdisp,ln real sərəncamda qalan gəlir,1.1800815382088876,0.4385142341517828,0.23956204633805744,2.120601030079718,fr1:rhhdisp,Ev təsərrüfatlarının real sərəncamda qalan gəliri,2030,48288.212878677135,0.7415673040571048,1.6185957723606705,48111.091441961566,48476.4490104353,-0.36680056302887953,0.3898179711705252,0.7566185341994047,
FR1.G3_lendrate,const,sabit,2.629881261095758,1.6682676048315757,-0.9481968896300623,6.207959411821578,fr1:rgdp,Real ÜDM,2030,71354.48942608183,0.9616136562641824,4.298148865927334,71354.48942608183,71354.48942608183,0.0,0.0,0.0,sabit: 2025 düzəliş əmsalı ilə udulur (təsir sıfırdır)
FR1.G3_lendrate,const,sabit,2.629881261095758,1.6682676048315757,-0.9481968896300623,6.207959411821578,fr1:rgdpnon,Real qeyri-neft ÜDM,2030,62311.44883039262,0.9616136562641824,4.298148865927334,62311.44883039262,62311.44883039262,0.0,0.0,0.0,sabit: 2025 düzəliş əmsalı ilə udulur (təsir sıfırdır)
FR1.G3_lendrate,const,sabit,2.629881261095758,1.6682676048315757,-0.9481968896300623,6.207959411821578,fr1:cpi,İstehlak qiymətləri indeksi,2030,238.0916296137243,0.9616136562641824,4.298148865927334,238.0916296137243,238.0916296137243,0.0,0.0,0.0,sabit: 2025 düzəliş əmsalı ilə udulur (təsir sıfırdır)
FR1.G3_lendrate,const,sabit,2.629881261095758,1.6682676048315757,-0.9481968896300623,6.207959411821578,fr1:emp,Məşğul əhali,2030,5271.984503015889,0.9616136562641824,4.298148865927334,5271.984503015889,5271.984503015889,0.0,0.0,0.0,sabit: 2025 düzəliş əmsalı ilə udulur (təsir sıfırdır)
FR1.G3_lendrate,const,sabit,2.629881261095758,1.6682676048315757,-0.9481968896300623,6.207959411821578,fr1:rhhdisp,Ev təsərrüfatlarının real sərəncamda qalan gəliri,2030,48288.212878677135,0.9616136562641824,4.298148865927334,48288.212878677135,48288.212878677135,0.0,0.0,0.0,sabit: 2025 düzəliş əmsalı ilə udulur (təsir sıfırdır)
FR1.G3_lendrate,deprate,"depozit faizi, %",1.4023460887127255,0.13420103150373286,1.1145135028387991,1.6901786745866518,fr1:rgdp,Real ÜDM,2030,71354.48942608183,1.2681450572089927,1.5365471202164582,71354.48942608183,71354.48942608183,0.0,0.0,0.0,
FR1.G3_lendrate,deprate,"depozit faizi, %",1.4023460887127255,0.13420103150373286,1.1145135028387991,1.6901786745866518,fr1:rgdpnon,Real qeyri-neft ÜDM,2030,62311.44883039262,1.2681450572089927,1.5365471202164582,62311.44883039262,62311.44883039262,0.0,0.0,0.0,
FR1.G3_lendrate,deprate,"depozit faizi, %",1.4023460887127255,0.13420103150373286,1.1145135028387991,1.6901786745866518,fr1:cpi,İstehlak qiymətləri indeksi,2030,238.0916296137243,1.2681450572089927,1.5365471202164582,238.0916296137243,238.0916296137243,0.0,0.0,0.0,
FR1.G3_lendrate,deprate,"depozit faizi, %",1.4023460887127255,0.13420103150373286,1.1145135028387991,1.6901786745866518,fr1:emp,Məşğul əhali,2030,5271.984503015889,1.2681450572089927,1.5365471202164582,5271.984503015889,5271.984503015889,0.0,0.0,0.0,
FR1.G3_lendrate,deprate,"depozit faizi, %",1.4023460887127255,0.13420103150373286,1.1145135028387991,1.6901786745866518,fr1:rhhdisp,Ev təsərrüfatlarının real sərəncamda qalan gəliri,2030,48288.212878677135,1.2681450572089927,1.5365471202164582,48288.212878677135,48288.212878677135,0.0,0.0,0.0,
FR1.G3_lendrate,npl_ratio,"problemli kreditlərin payı, %",0.18629574945558697,0.058224258921732365,0.06141713400642701,0.3111743649047469,fr1:rgdp,Real ÜDM,2030,71354.48942608183,0.1280714905338546,0.24452000837731933,71354.48942608183,71354.48942608183,0.0,0.0,0.0,
FR1.G3_lendrate,npl_ratio,"problemli kreditlərin payı, %",0.18629574945558697,0.058224258921732365,0.06141713400642701,0.3111743649047469,fr1:rgdpnon,Real qeyri-neft ÜDM,2030,62311.44883039262,0.1280714905338546,0.24452000837731933,62311.44883039262,62311.44883039262,0.0,0.0,0.0,
FR1.G3_lendrate,npl_ratio,"problemli kreditlərin payı, %",0.18629574945558697,0.058224258921732365,0.06141713400642701,0.3111743649047469,fr1:cpi,İstehlak qiymətləri indeksi,2030,238.0916296137243,0.1280714905338546,0.24452000837731933,238.0916296137243,238.0916296137243,0.0,0.0,0.0,
FR1.G3_lendrate,npl_ratio,"problemli kreditlərin payı, %",0.18629574945558697,0.058224258921732365,0.06141713400642701,0.3111743649047469,fr1:emp,Məşğul əhali,2030,5271.984503015889,0.1280714905338546,0.24452000837731933,5271.984503015889,5271.984503015889,0.0,0.0,0.0,
FR1.G3_lendrate,npl_ratio,"problemli kreditlərin payı, %",0.18629574945558697,0.058224258921732365,0.06141713400642701,0.3111743649047469,fr1:rhhdisp,Ev təsərrüfatlarının real sərəncamda qalan gəliri,2030,48288.212878677135,0.1280714905338546,0.24452000837731933,48288.212878677135,48288.212878677135,0.0,0.0,0.0,
FR1.G4_infl,const,sabit,2.1629715377827914,2.2224330665868104,-2.4344815390589405,6.760424614624523,fr1:rgdp,Real ÜDM,2030,71354.48942608183,-0.059461528804019004,4.385404604369602,71354.48942608183,71354.48942608183,0.0,0.0,0.0,sabit: 2025 düzəliş əmsalı ilə udulur (təsir sıfırdır)
FR1.G4_infl,const,sabit,2.1629715377827914,2.2224330665868104,-2.4344815390589405,6.760424614624523,fr1:rgdpnon,Real qeyri-neft ÜDM,2030,62311.44883039262,-0.059461528804019004,4.385404604369602,62311.44883039262,62311.44883039262,0.0,0.0,0.0,sabit: 2025 düzəliş əmsalı ilə udulur (təsir sıfırdır)
FR1.G4_infl,const,sabit,2.1629715377827914,2.2224330665868104,-2.4344815390589405,6.760424614624523,fr1:cpi,İstehlak qiymətləri indeksi,2030,238.0916296137243,-0.059461528804019004,4.385404604369602,238.0916296137243,238.0916296137243,0.0,0.0,0.0,sabit: 2025 düzəliş əmsalı ilə udulur (təsir sıfırdır)
FR1.G4_infl,const,sabit,2.1629715377827914,2.2224330665868104,-2.4344815390589405,6.760424614624523,fr1:emp,Məşğul əhali,2030,5271.984503015889,-0.059461528804019004,4.385404604369602,5271.984503015889,5271.984503015889,0.0,0.0,0.0,sabit: 2025 düzəliş əmsalı ilə udulur (təsir sıfırdır)
FR1.G4_infl,const,sabit,2.1629715377827914,2.2224330665868104,-2.4344815390589405,6.760424614624523,fr1:rhhdisp,Ev təsərrüfatlarının real sərəncamda qalan gəliri,2030,48288.212878677135,-0.059461528804019004,4.385404604369602,48288.212878677135,48288.212878677135,0.0,0.0,0.0,sabit: 2025 düzəliş əmsalı ilə udulur (təsir sıfırdır)
FR1.G4_infl,dln_fx,"məzənnə dəyişməsi, %",0.056515338478214217,0.027520299089189133,-0.0004147376736450756,0.11344541463007352,fr1:rgdp,Real ÜDM,2030,71354.48942608183,0.028995039389025083,0.08403563756740334,71354.48942608183,71354.48942608183,0.0,0.0,0.0,
FR1.G4_infl,dln_fx,"məzənnə dəyişməsi, %",0.056515338478214217,0.027520299089189133,-0.0004147376736450756,0.11344541463007352,fr1:rgdpnon,Real qeyri-neft ÜDM,2030,62311.44883039262,0.028995039389025083,0.08403563756740334,62311.44883039262,62311.44883039262,0.0,0.0,0.0,
FR1.G4_infl,dln_fx,"məzənnə dəyişməsi, %",0.056515338478214217,0.027520299089189133,-0.0004147376736450756,0.11344541463007352,fr1:cpi,İstehlak qiymətləri indeksi,2030,238.0916296137243,0.028995039389025083,0.08403563756740334,238.0916296137243,238.0916296137243,0.0,0.0,0.0,
FR1.G4_infl,dln_fx,"məzənnə dəyişməsi, %",0.056515338478214217,0.027520299089189133,-0.0004147376736450756,0.11344541463007352,fr1:emp,Məşğul əhali,2030,5271.984503015889,0.028995039389025083,0.08403563756740334,5271.984503015889,5271.984503015889,0.0,0.0,0.0,
FR1.G4_infl,dln_fx,"məzənnə dəyişməsi, %",0.056515338478214217,0.027520299089189133,-0.0004147376736450756,0.11344541463007352,fr1:rhhdisp,Ev təsərrüfatlarının real sərəncamda qalan gəliri,2030,48288.212878677135,0.028995039389025083,0.08403563756740334,48288.212878677135,48288.212878677135,0.0,0.0,0.0,
FR1.G4_infl,dln_wage,"əmək haqqı artımı, %",0.3126225339553417,0.1686934854841101,-0.036346528619476626,0.66159159653016,fr1:rgdp,Real ÜDM,2030,71354.48942608183,0.14392904847123159,0.4813160194394518,71132.11198009731,71623.49879113867,-0.31165165327807776,0.37700412016195006,0.6886557734400278,
FR1.G4_infl,dln_wage,"əmək haqqı artımı, %",0.3126225339553417,0.1686934854841101,-0.036346528619476626,0.66159159653016,fr1:rgdpnon,Real qeyri-neft ÜDM,2030,62311.44883039262,0.14392904847123159,0.4813160194394518,62032.80392784809,62649.994985868165,-0.4471809078023248,0.5433129253615165,0.9904938331638413,
FR1.G4_infl,dln_wage,"əmək haqqı artımı, %",0.3126225339553417,0.1686934854841101,-0.036346528619476626,0.66159159653016,fr1:cpi,İstehlak qiymətləri indeksi,2030,238.0916296137243,0.14392904847123159,0.4813160194394518,243.5562644254526,231.70130715440519,2.295181405828517,-2.683976110242381,4.979157516070898,
FR1.G4_infl,dln_wage,"əmək haqqı artımı, %",0.3126225339553417,0.1686934854841101,-0.036346528619476626,0.66159159653016,fr1:emp,Məşğul əhali,2030,5271.984503015889,0.14392904847123159,0.4813160194394518,5271.189297245353,5272.946045953878,-0.015083613581945432,0.018238728460584497,0.03332234204252993,
FR1.G4_infl,dln_wage,"əmək haqqı artımı, %",0.3126225339553417,0.1686934854841101,-0.036346528619476626,0.66159159653016,fr1:rhhdisp,Ev təsərrüfatlarının real sərəncamda qalan gəliri,2030,48288.212878677135,0.14392904847123159,0.4813160194394518,47933.70820592773,48718.698138802945,-0.7341432859403807,0.8914913898499188,1.6256346757902995,
FR1.G5_defl_agr,const,sabit,-0.5385991363701825,1.9429870077383624,-4.557973996873465,3.4807757241331005,fr1:rgdp,Real ÜDM,2030,71354.48942608183,-2.4815861441085447,1.4043878713681799,71376.78490196404,71330.39598870982,0.03124607303834903,-0.033765832487619996,0.06501190552596903,
FR1.G5_defl_agr,const,sabit,-0.5385991363701825,1.9429870077383624,-4.557973996873465,3.4807757241331005,fr1:rgdpnon,Real qeyri-neft ÜDM,2030,62311.44883039262,-2.4815861441085447,1.4043878713681799,62343.955631022545,62276.68849519658,0.05216826320055823,-0.05578482902982573,0.10795309223038396,
FR1.G5_defl_agr,const,sabit,-0.5385991363701825,1.9429870077383624,-4.557973996873465,3.4807757241331005,fr1:cpi,İstehlak qiymətləri indeksi,2030,238.0916296137243,-2.4815861441085447,1.4043878713681799,238.127609868691,238.05314151375288,0.015111936116807279,-0.01616524698238031,0.03127718309918759,
FR1.G5_defl_agr,const,sabit,-0.5385991363701825,1.9429870077383624,-4.557973996873465,3.4807757241331005,fr1:emp,Məşğul əhali,2030,5271.984503015889,-2.4815861441085447,1.4043878713681799,5272.077048046647,5271.88549066735,0.0017554116614970638,-0.001878084969375582,0.0036334966308726457,
FR1.G5_defl_agr,const,sabit,-0.5385991363701825,1.9429870077383624,-4.557973996873465,3.4807757241331005,fr1:rhhdisp,Ev təsərrüfatlarının real sərəncamda qalan gəliri,2030,48288.212878677135,-2.4815861441085447,1.4043878713681799,48310.15115397373,48264.75206099714,0.045431947029639375,-0.04858497815800611,0.09401692518764548,
FR1.G5_defl_agr,infl,"İQİ inflyasiyası, %",0.8887762002264892,0.38141116643152373,0.09976708808911428,1.6777853123638642,fr1:rgdp,Real ÜDM,2030,71354.48942608183,0.5073650337949654,1.2701873666580128,71373.9523233226,71333.71714655097,0.027276345745486097,-0.0291113841580648,0.0563877299035509,
FR1.G5_defl_agr,infl,"İQİ inflyasiyası, %",0.8887762002264892,0.38141116643152373,0.09976708808911428,1.6777853123638642,fr1:rgdpnon,Real qeyri-neft ÜDM,2030,62311.44883039262,0.5073650337949654,1.2701873666580128,62339.140546791255,62282.142661522375,0.04444081612355877,-0.047031756475468534,0.0914725725990273,
FR1.G5_defl_agr,infl,"İQİ inflyasiyası, %",0.8887762002264892,0.38141116643152373,0.09976708808911428,1.6777853123638642,fr1:cpi,İstehlak qiymətləri indeksi,2030,238.0916296137243,0.5073650337949654,1.2701873666580128,238.12226784703606,238.05919503035358,0.012868253017317421,-0.013622731476681249,0.02649098449399867,
FR1.G5_defl_agr,infl,"İQİ inflyasiyası, %",0.8887762002264892,0.38141116643152373,0.09976708808911428,1.6777853123638642,fr1:emp,Məşğul əhali,2030,5271.984503015889,0.5073650337949654,1.2701873666580128,5272.063342715327,5271.901030004932,0.0014954463427141462,-0.0015833318726343748,0.003078778215348521,
FR1.G5_defl_agr,infl,"İQİ inflyasiyası, %",0.8887762002264892,0.38141116643152373,0.09976708808911428,1.6777853123638642,fr1:rhhdisp,Ev təsərrüfatlarının real sərəncamda qalan gəliri,2030,48288.212878677135,0.5073650337949654,1.2701873666580128,48306.902019284316,48268.43296391991,0.038703318041899415,-0.040962200872740606,0.07966551891464002,
FR1.G5_defl_min,const,sabit,2.5152618971970115,3.1150180924627944,-4.088281464184192,9.118805258578215,fr1:rgdp,Real ÜDM,2030,71354.48942608183,-0.5997561952657828,5.630279989659806,71648.79415176829,71042.05329155747,0.41245439222341584,-0.43786471886679834,0.8503191110902142,
FR1.G5_defl_min,const,sabit,2.5152618971970115,3.1150180924627944,-4.088281464184192,9.118805258578215,fr1:rgdpnon,Real qeyri-neft ÜDM,2030,62311.44883039262,-0.5997561952657828,5.630279989659806,62447.73144993198,62160.674012245596,0.218712005734778,-0.24196968771729166,0.46068169345206966,
FR1.G5_defl_min,const,sabit,2.5152618971970115,3.1150180924627944,-4.088281464184192,9.118805258578215,fr1:cpi,İstehlak qiymətləri indeksi,2030,238.0916296137243,-0.5997561952657828,5.630279989659806,238.2425321046457,237.92441342939162,0.06338000675043531,-0.0702318618273079,0.1336118685777432,
FR1.G5_defl_min,const,sabit,2.5152618971970115,3.1150180924627944,-4.088281464184192,9.118805258578215,fr1:emp,Məşğul əhali,2030,5271.984503015889,-0.5997561952657828,5.630279989659806,5272.37218022118,5271.554644644231,0.007353534614340518,-0.008153634962537737,0.015507169576878255,
FR1.G5_defl_min,const,sabit,2.5152618971970115,3.1150180924627944,-4.088281464184192,9.118805258578215,fr1:rhhdisp,Ev təsərrüfatlarının real sərəncamda qalan gəliri,2030,48288.212878677135,-0.5997561952657828,5.630279989659806,48380.17347003373,48186.442803352504,0.19044107427965695,-0.2107555224301394,0.40119659670979635,
FR1.G5_defl_min,dln_xpi,"karbohidrogen ixrac qiymətləri indeksinin dəyişməsi (ABŞ dolları), %",1.0190726266303556,0.090003145472789,0.8282744815960306,1.2098707716646806,fr1:rgdp,Real ÜDM,2030,71354.48942608183,0.9290694811575666,1.1090757721031446,71325.09202729835,71383.74713798653,-0.04119908784986359,0.041003323182642326,0.08220241103250592,
FR1.G5_defl_min,dln_xpi,"karbohidrogen ixrac qiymətləri indeksinin dəyişməsi (ABŞ dolları), %",1.0190726266303556,0.090003145472789,0.8282744815960306,1.2098707716646806,fr1:rgdpnon,Real qeyri-neft ÜDM,2030,62311.44883039262,0.9290694811575666,1.1090757721031446,62300.14797204327,62322.66964833322,-0.01813608664453792,0.018007634473637957,0.036143721118175876,
FR1.G5_defl_min,dln_xpi,"karbohidrogen ixrac qiymətləri indeksinin dəyişməsi (ABŞ dolları), %",1.0190726266303556,0.090003145472789,0.8282744815960306,1.2098707716646806,fr1:cpi,İstehlak qiymətləri indeksi,2030,238.0916296137243,0.9290694811575666,1.1090757721031446,238.0790868369534,238.1040820180302,-0.005268046084305755,0.005230089073737787,0.010498135158043542,
FR1.G5_defl_min,dln_xpi,"karbohidrogen ixrac qiymətləri indeksinin dəyişməsi (ABŞ dolları), %",1.0190726266303556,0.090003145472789,0.8282744815960306,1.2098707716646806,fr1:emp,Məşğul əhali,2030,5271.984503015889,0.9290694811575666,1.1090757721031446,5271.952319179474,5272.016453324194,-0.000610469101258726,0.0006060394958984361,0.001216508597157162,
FR1.G5_defl_min,dln_xpi,"karbohidrogen ixrac qiymətləri indeksinin dəyişməsi (ABŞ dolları), %",1.0190726266303556,0.090003145472789,0.8282744815960306,1.2098707716646806,fr1:rhhdisp,Ev təsərrüfatlarının real sərəncamda qalan gəliri,2030,48288.212878677135,0.9290694811575666,1.1090757721031446,48280.58669527981,48295.78486963977,-0.01579305371371964,0.01568082666811854,0.03147388038183818,
FR1.G5_defl_min,dln_fx,"məzənnə dəyişməsi, %",0.5070295853960911,0.11084428439510258,0.2720501995185523,0.74200897127363,fr1:rgdp,Real ÜDM,2030,71354.48942608183,0.39618530100098853,0.6178738697911936,71354.48942608183,71354.48942608183,0.0,0.0,0.0,
FR1.G5_defl_min,dln_fx,"məzənnə dəyişməsi, %",0.5070295853960911,0.11084428439510258,0.2720501995185523,0.74200897127363,fr1:rgdpnon,Real qeyri-neft ÜDM,2030,62311.44883039262,0.39618530100098853,0.6178738697911936,62311.44883039262,62311.44883039262,0.0,0.0,0.0,
FR1.G5_defl_min,dln_fx,"məzənnə dəyişməsi, %",0.5070295853960911,0.11084428439510258,0.2720501995185523,0.74200897127363,fr1:cpi,İstehlak qiymətləri indeksi,2030,238.0916296137243,0.39618530100098853,0.6178738697911936,238.0916296137243,238.0916296137243,0.0,0.0,0.0,
FR1.G5_defl_min,dln_fx,"məzənnə dəyişməsi, %",0.5070295853960911,0.11084428439510258,0.2720501995185523,0.74200897127363,fr1:emp,Məşğul əhali,2030,5271.984503015889,0.39618530100098853,0.6178738697911936,5271.984503015889,5271.984503015889,0.0,0.0,0.0,
FR1.G5_defl_min,dln_fx,"məzənnə dəyişməsi, %",0.5070295853960911,0.11084428439510258,0.2720501995185523,0.74200897127363,fr1:rhhdisp,Ev təsərrüfatlarının real sərəncamda qalan gəliri,2030,48288.212878677135,0.39618530100098853,0.6178738697911936,48288.212878677135,48288.212878677135,0.0,0.0,0.0,
FR1.G5_defl_man,const,sabit,0.1259943040651692,2.90784716161841,-5.983165887431066,6.235154495561404,fr1:rgdp,Real ÜDM,2030,71354.48942608183,-2.7818528575532406,3.0338414656835795,71334.63165932929,71372.25003537245,-0.027829737010609534,0.02489066831459219,0.052720405325201725,
FR1.G5_defl_man,const,sabit,0.1259943040651692,2.90784716161841,-5.983165887431066,6.235154495561404,fr1:rgdpnon,Real qeyri-neft ÜDM,2030,62311.44883039262,-2.7818528575532406,3.0338414656835795,62304.25765347446,62315.41715545574,-0.011540699266576748,0.006368532809952754,0.017909232076529502,
FR1.G5_defl_man,const,sabit,0.1259943040651692,2.90784716161841,-5.983165887431066,6.235154495561404,fr1:cpi,İstehlak qiymətləri indeksi,2030,238.0916296137243,-2.7818528575532406,3.0338414656835795,238.08375716707747,238.09593582964493,-0.0033064777034019777,0.0018086380976889416,0.005115115801090919,
FR1.G5_defl_man,const,sabit,0.1259943040651692,2.90784716161841,-5.983165887431066,6.235154495561404,fr1:emp,Məşğul əhali,2030,5271.984503015889,-2.7818528575532406,3.0338414656835795,5271.964023838382,5271.995803113328,-0.00038845291550071437,0.00021434238726136812,0.0006027953027620825,
FR1.G5_defl_man,const,sabit,0.1259943040651692,2.90784716161841,-5.983165887431066,6.235154495561404,fr1:rhhdisp,Ev təsərrüfatlarının real sərəncamda qalan gəliri,2030,48288.212878677135,-2.7818528575532406,3.0338414656835795,48283.35687370211,48290.89365582117,-0.010056294663929322,0.005551618053822871,0.015607912717752193,
FR1.G5_defl_man,infl,"İQİ inflyasiyası, %",0.8443106843773243,0.30114675906100646,0.21162482091892176,1.4769965478357268,fr1:rgdp,Real ÜDM,2030,71354.48942608183,0.5431639253163179,1.1454574434383307,71346.77927425175,71361.7195828143,-0.010805419381587633,0.010132728564982152,0.020938147946569785,
FR1.G5_defl_man,infl,"İQİ inflyasiyası, %",0.8443106843773243,0.30114675906100646,0.21162482091892176,1.4769965478357268,fr1:rgdpnon,Real qeyri-neft ÜDM,2030,62311.44883039262,0.5431639253163179,1.1454574434383307,62309.20615200064,62312.996604820415,-0.0035991433902982095,0.002483932659003152,0.006083076049301361,
FR1.G5_defl_man,infl,"İQİ inflyasiyası, %",0.8443106843773243,0.30114675906100646,0.21162482091892176,1.4769965478357268,fr1:cpi,İstehlak qiymətləri indeksi,2030,238.0916296137243,0.5431639253163179,1.1454574434383307,238.08917320781998,238.09331743005387,-0.0010317061159614838,0.0007088936021304448,0.0017405997180919286,
FR1.G5_defl_man,infl,"İQİ inflyasiyası, %",0.8443106843773243,0.30114675906100646,0.21162482091892176,1.4769965478357268,fr1:emp,Məşğul əhali,2030,5271.984503015889,0.5431639253163179,1.1454574434383307,5271.978116516686,5271.988910500055,-0.0001211403257928012,8.360199397206003e-05,0.00020474231976486124,
FR1.G5_defl_man,infl,"İQİ inflyasiyası, %",0.8443106843773243,0.30114675906100646,0.21162482091892176,1.4769965478357268,fr1:rhhdisp,Ev təsərrüfatlarının real sərəncamda qalan gəliri,2030,48288.212878677135,0.5431639253163179,1.1454574434383307,48286.698506138375,48289.25822948577,-0.0031361122072692815,0.0021648156896203474,0.005300927896889629,
FR1.G5_defl_elc,const,sabit,-5.4851611953863255,7.300863907754211,-20.82370709198689,9.85338470121424,fr1:rgdp,Real ÜDM,2030,71354.48942608183,-12.786025103140537,1.8157027123678855,71370.81153615005,71331.06447484564,0.022874678523399083,-0.032828980243004846,0.05570365876640393,
FR1.G5_defl_elc,const,sabit,-5.4851611953863255,7.300863907754211,-20.82370709198689,9.85338470121424,fr1:rgdpnon,Real qeyri-neft ÜDM,2030,62311.44883039262,-12.786025103140537,1.8157027123678855,62334.65474734293,62279.552791848226,0.037241818936806226,-0.051188086849351944,0.08842990578615817,
FR1.G5_defl_elc,const,sabit,-5.4851611953863255,7.300863907754211,-20.82370709198689,9.85338470121424,fr1:cpi,İstehlak qiymətləri indeksi,2030,238.0916296137243,-12.786025103140537,1.8157027123678855,238.11731976155014,238.05631839780236,0.010790025616391752,-0.014830935459275718,0.02562096107566747,
FR1.G5_defl_elc,const,sabit,-5.4851611953863255,7.300863907754211,-20.82370709198689,9.85338470121424,fr1:emp,Məşğul əhali,2030,5271.984503015889,-12.786025103140537,1.8157027123678855,5272.050573717621,5271.8936514318575,0.001253241577137132,-0.0017232900434205334,0.0029765316205576653,
FR1.G5_defl_elc,const,sabit,-5.4851611953863255,7.300863907754211,-20.82370709198689,9.85338470121424,fr1:rhhdisp,Ev təsərrüfatlarının real sərəncamda qalan gəliri,2030,48288.212878677135,-12.786025103140537,1.8157027123678855,48303.87420484952,48266.6851849753,0.03243302089421807,-0.04458167411562908,0.07701469500984715,
FR1.G5_defl_elc,infl,"İQİ inflyasiyası, %",2.5014599501708465,1.2529212976159907,-0.13083001867789168,5.133749919019585,fr1:rgdp,Real ÜDM,2030,71354.48942608183,1.2485386525548559,3.7543812477868372,71367.61623869062,71337.36061568363,0.01839661766818157,-0.024005231536183835,0.042401849204365405,
FR1.G5_defl_elc,infl,"İQİ inflyasiyası, %",2.5014599501708465,1.2529212976159907,-0.13083001867789168,5.133749919019585,fr1:rgdpnon,Real qeyri-neft ÜDM,2030,62311.44883039262,1.2485386525548559,3.7543812477868372,62329.56637605274,62288.48948748595,0.029075789441890265,-0.036846106674814916,0.06592189611670518,
FR1.G5_defl_elc,infl,"İQİ inflyasiyası, %",2.5014599501708465,1.2529212976159907,-0.13083001867789168,5.133749919019585,fr1:cpi,İstehlak qiymətləri indeksi,2030,238.0916296137243,1.2485386525548559,3.7543812477868372,238.11167775439836,238.06622180986471,0.008420346698700953,-0.01067143935333803,0.019091786052038984,
FR1.G5_defl_elc,infl,"İQİ inflyasiyası, %",2.5014599501708465,1.2529212976159907,-0.13083001867789168,5.133749919019585,fr1:emp,Məşğul əhali,2030,5271.984503015889,1.2485386525548559,3.7543812477868372,5272.036088401464,5271.919110942887,0.000978481358315797,-0.001240369218924453,0.00221885057724025,
FR1.G5_defl_elc,infl,"İQİ inflyasiyası, %",2.5014599501708465,1.2529212976159907,-0.13083001867789168,5.133749919019585,fr1:rhhdisp,Ev təsərrüfatlarının real sərəncamda qalan gəliri,2030,48288.212878677135,1.2485386525548559,3.7543812477868372,48300.440481944606,48272.716750152045,0.02532212840056225,-0.03209091329187119,0.05741304169243344,
FR1.G5_defl_wat,const,sabit,0.6041169138247056,3.279589243560536,-6.429902437599477,7.638136265248889,fr1:rgdp,Real ÜDM,2030,71354.48942608183,-2.6754723297358303,3.8837061573852414,71354.59288992264,71354.24633933158,0.0001449997633518052,-0.00034067478051902356,0.00048567454387082876,
FR1.G5_defl_wat,const,sabit,0.6041169138247056,3.279589243560536,-6.429902437599477,7.638136265248889,fr1:rgdpnon,Real qeyri-neft ÜDM,2030,62311.44883039262,-2.6754723297358303,3.8837061573852414,62312.12466730042,62310.5750212312,0.0010846111276219261,-0.0014023252192352231,0.0024869363468571493,
FR1.G5_defl_wat,const,sabit,0.6041169138247056,3.279589243560536,-6.429902437599477,7.638136265248889,fr1:cpi,İstehlak qiymətləri indeksi,2030,238.0916296137243,-2.6754723297358303,3.8837061573852414,238.09238071256337,238.09065955693927,0.00031546629348788713,-0.00040743002457377386,0.000722896318061661,
FR1.G5_defl_wat,const,sabit,0.6041169138247056,3.279589243560536,-6.429902437599477,7.638136265248889,fr1:emp,Məşğul əhali,2030,5271.984503015889,-2.6754723297358303,3.8837061573852414,5271.986427560355,5271.982014686568,3.650512374608894e-05,-4.719910158268448e-05,8.370422532877342e-05,
FR1.G5_defl_wat,const,sabit,0.6041169138247056,3.279589243560536,-6.429902437599477,7.638136265248889,fr1:rhhdisp,Ev təsərrüfatlarının real sərəncamda qalan gəliri,2030,48288.212878677135,-2.6754723297358303,3.8837061573852414,48288.66891903174,48287.62321858988,0.0009444134032365881,-0.0012211263414108053,0.0021655397446473934,
FR1.G5_defl_wat,infl,"İQİ inflyasiyası, %",0.7202336876214979,0.6234580304502049,-0.6169507965630079,2.0574181718060034,fr1:rgdp,Real ÜDM,2030,71354.48942608183,0.096775657171293,1.3436917180717027,71354.66836889183,71354.20732602212,0.00025078003000889026,-0.0003953501201858778,0.000646130150194768,
FR1.G5_defl_wat,infl,"İQİ inflyasiyası, %",0.7202336876214979,0.6234580304502049,-0.6169507965630079,2.0574181718060034,fr1:rgdpnon,Real qeyri-neft ÜDM,2030,62311.44883039262,0.096775657171293,1.3436917180717027,62312.0783870697,62310.67802491049,0.0010103386919979584,-0.001237020638411579,0.0022473593304095374,
FR1.G5_defl_wat,infl,"İQİ inflyasiyası, %",0.7202336876214979,0.6234580304502049,-0.6169507965630079,2.0574181718060034,fr1:cpi,İstehlak qiymətləri indeksi,2030,238.0916296137243,0.096775657171293,1.3436917180717027,238.09232788307622,238.09077516846216,0.00029327757260499965,-0.00035887244903554105,0.0006521500216405407,
FR1.G5_defl_wat,infl,"İQİ inflyasiyası, %",0.7202336876214979,0.6234580304502049,-0.6169507965630079,2.0574181718060034,fr1:emp,Məşğul əhali,2030,5271.984503015889,0.096775657171293,1.3436917180717027,5271.986295771273,5271.982308009888,3.400532349040475e-05,-4.163528932732419e-05,7.564061281772894e-05,
FR1.G5_defl_wat,infl,"İQİ inflyasiyası, %",0.7202336876214979,0.6234580304502049,-0.6169507965630079,2.0574181718060034,fr1:rhhdisp,Ev təsərrüfatlarının real sərəncamda qalan gəliri,2030,48288.212878677135,0.096775657171293,1.3436917180717027,48288.63773102302,48287.69269017536,0.0008798261947440267,-0.0010772577214268608,0.0019570839161708875,
FR1.G5_defl_con,const,sabit,-0.45330617725962163,1.794009730436104,-4.16449805929208,3.2578857047728365,fr1:rgdp,Real ÜDM,2030,71354.48942608183,-2.2473159076957256,1.3407035531764824,71359.01196965817,71347.6429507623,0.006338134590722078,-0.009595016900265652,0.01593315149098773,
FR1.G5_defl_con,const,sabit,-0.45330617725962163,1.794009730436104,-4.16449805929208,3.2578857047728365,fr1:rgdpnon,Real qeyri-neft ÜDM,2030,62311.44883039262,-2.2473159076957256,1.3407035531764824,62323.14598078237,62297.01512937075,0.018772072563399966,-0.023163802628234365,0.04193587519163433,
FR1.G5_defl_con,const,sabit,-0.45330617725962163,1.794009730436104,-4.16449805929208,3.2578857047728365,fr1:cpi,İstehlak qiymətləri indeksi,2030,238.0916296137243,-2.2473159076957256,1.3407035531764824,238.10463964150955,238.07558967056795,0.005464294484580634,-0.006736878227253662,0.012201172711834296,
FR1.G5_defl_con,const,sabit,-0.45330617725962163,1.794009730436104,-4.16449805929208,3.2578857047728365,fr1:emp,Məşğul əhali,2030,5271.984503015889,-2.2473159076957256,1.3407035531764824,5272.017809516716,5271.943396124167,0.0006317640123487678,-0.0007797233034012585,0.0014114873157500263,
FR1.G5_defl_con,const,sabit,-0.45330617725962163,1.794009730436104,-4.16449805929208,3.2578857047728365,fr1:rhhdisp,Ev təsərrüfatlarının real sərəncamda qalan gəliri,2030,48288.212878677135,-2.2473159076957256,1.3407035531764824,48296.10545173237,48278.473098942166,0.016344719725003287,-0.020170097740912496,0.03651481746591578,
FR1.G5_defl_con,infl,"İQİ inflyasiyası, %",0.6025447628767315,0.25807861688351436,0.06866846797422965,1.1364210577792333,fr1:rgdp,Real ÜDM,2030,71354.48942608183,0.3444661459932172,0.8606233797602458,71359.27696406866,71348.75244286667,0.0067095119386850754,-0.008040115290997019,0.014749627229682094,
FR1.G5_defl_con,infl,"İQİ inflyasiyası, %",0.6025447628767315,0.25807861688351436,0.06866846797422965,1.1364210577792333,fr1:rgdpnon,Real qeyri-neft ÜDM,2030,62311.44883039262,0.3444661459932172,0.8606233797602458,62320.60883975521,62301.18426117035,0.014700363311281883,-0.016473006830919346,0.03117337014220123,
FR1.G5_defl_con,infl,"İQİ inflyasiyası, %",0.6025447628767315,0.25807861688351436,0.06866846797422965,1.1364210577792333,fr1:cpi,İstehlak qiymətləri indeksi,2030,238.0916296137243,0.3444661459932172,0.8606233797602458,238.1017936739561,238.08024253295676,0.004268969996257255,-0.004782646406353841,0.009051616402611096,
FR1.G5_defl_con,infl,"İQİ inflyasiyası, %",0.6025447628767315,0.25807861688351436,0.06866846797422965,1.1364210577792333,fr1:emp,Məşğul əhali,2030,5271.984503015889,0.3444661459932172,0.8606233797602458,5272.01058576687,5271.955270673314,0.0004947425578771814,-0.0005544846074179155,0.0010492271652950969,
FR1.G5_defl_con,infl,"İQİ inflyasiyası, %",0.6025447628767315,0.25807861688351436,0.06866846797422965,1.1364210577792333,fr1:rhhdisp,Ev təsərrüfatlarının real sərəncamda qalan gəliri,2030,48288.212878677135,0.3444661459932172,0.8606233797602458,48294.39425846469,48281.285864197795,0.012801011714969057,-0.014345145670946469,0.027146157385915526,
FR1.G5_defl_trd,const,sabit,2.4881464188283378,1.7860957292584088,-1.2066741044390157,6.182966942095691,fr1:rgdp,Real ÜDM,2030,71354.48942608183,0.702050689569929,4.2742421480867465,71407.5433517365,71297.61823557012,0.07435261058048592,-0.079702329831155,0.15405494041164092,
FR1.G5_defl_trd,const,sabit,2.4881464188283378,1.7860957292584088,-1.2066741044390157,6.182966942095691,fr1:rgdpnon,Real qeyri-neft ÜDM,2030,62311.44883039262,0.702050689569929,4.2742421480867465,62384.847833322405,62233.60770105955,0.11779376712868217,-0.12492267599963913,0.2427164431283213,
FR1.G5_defl_trd,const,sabit,2.4881464188283378,1.7860957292584088,-1.2066741044390157,6.182966942095691,fr1:cpi,İstehlak qiymətləri indeksi,2030,238.0916296137243,0.702050689569929,4.2742421480867465,238.1728220958521,238.0054454549147,0.03410135932100378,-0.03619789530165951,0.07029925462266329,
FR1.G5_defl_trd,const,sabit,2.4881464188283378,1.7860957292584088,-1.2066741044390157,6.182966942095691,fr1:emp,Məşğul əhali,2030,5271.984503015889,0.702050689569929,4.2742421480867465,5272.193399641499,5271.762703945997,0.0039623907371222344,-0.004207126742594713,0.008169517479716948,
FR1.G5_defl_trd,const,sabit,2.4881464188283378,1.7860957292584088,-1.2066741044390157,6.182966942095691,fr1:rhhdisp,Ev təsərrüfatlarının real sərəncamda qalan gəliri,2030,48288.212878677135,0.702050689569929,4.2742421480867465,48337.74738860564,48235.67240340815,0.1025809550106116,-0.10880600489604486,0.21138695990665646,
FR1.G5_defl_trd,infl,"İQİ inflyasiyası, %",0.8242546353336501,0.25911615923681297,0.28823202054586494,1.360277250121435,fr1:rgdp,Real ÜDM,2030,71354.48942608183,0.5651384760968371,1.0833707945704631,71388.27064273698,71319.25615744159,0.047342804814198836,-0.0493777881723001,0.09672059298649893,
FR1.G5_defl_trd,infl,"İQİ inflyasiyası, %",0.8242546353336501,0.25911615923681297,0.28823202054586494,1.360277250121435,fr1:rgdpnon,Real qeyri-neft ÜDM,2030,62311.44883039262,0.5651384760968371,1.0833707945704631,62357.37432307974,62263.85745711955,0.07370313730326039,-0.07637661162815945,0.15007974893141984,
FR1.G5_defl_trd,infl,"İQİ inflyasiyası, %",0.8242546353336501,0.25911615923681297,0.28823202054586494,1.360277250121435,fr1:cpi,İstehlak qiymətləri indeksi,2030,238.0916296137243,0.5651384760968371,1.0833707945704631,238.14242385339975,238.03896298821635,0.021333903992282188,-0.022120317960527824,0.04345422195281001,
FR1.G5_defl_trd,infl,"İQİ inflyasiyası, %",0.8242546353336501,0.25911615923681297,0.28823202054586494,1.360277250121435,fr1:emp,Məşğul əhali,2030,5271.984503015889,0.5651384760968371,1.0833707945704631,5272.115236710491,5271.848928870246,0.0024797814661248196,-0.0025715960577099573,0.005051377523834777,
FR1.G5_defl_trd,infl,"İQİ inflyasiyası, %",0.8242546353336501,0.25911615923681297,0.28823202054586494,1.360277250121435,fr1:rhhdisp,Ev təsərrüfatlarının real sərəncamda qalan gəliri,2030,48288.212878677135,0.5651384760968371,1.0833707945704631,48319.207781065925,48256.09062369869,0.06418730481216883,-0.06652193788813099,0.13070924270029982,
FR1.G5_defl_tou,const,sabit,0.8035338770039864,1.683551071058084,-2.6791568586694465,4.286224612677419,fr1:rgdp,Real ÜDM,2030,71354.48942608183,-0.8800171940540977,2.4870849480620705,71321.27498576636,71389.28339526155,-0.04654849412085715,0.048762130399326864,0.09531062452018402,
FR1.G5_defl_tou,const,sabit,0.8035338770039864,1.683551071058084,-2.6791568586694465,4.286224612677419,fr1:rgdpnon,Real qeyri-neft ÜDM,2030,62311.44883039262,-0.8800171940540977,2.4870849480620705,62279.930262025664,62344.447487392026,-0.05058230703758326,0.05295761472217109,0.10353992175975435,
FR1.G5_defl_tou,const,sabit,0.8035338770039864,1.683551071058084,-2.6791568586694465,4.286224612677419,fr1:cpi,İstehlak qiymətləri indeksi,2030,238.0916296137243,-0.8800171940540977,2.4870849480620705,238.05680595393855,238.12807420055137,-0.014626158778552334,0.015306958453842334,0.029933117232394668,
FR1.G5_defl_tou,const,sabit,0.8035338770039864,1.683551071058084,-2.6791568586694465,4.286224612677419,fr1:emp,Məşğul əhali,2030,5271.984503015889,-0.8800171940540977,2.4870849480620705,5271.894726867977,5272.078447975664,-0.0017028909675365078,0.0017819657800899336,0.0034848567476264414,
FR1.G5_defl_tou,const,sabit,0.8035338770039864,1.683551071058084,-2.6791568586694465,4.286224612677419,fr1:rhhdisp,Ev təsərrüfatlarının real sərəncamda qalan gəliri,2030,48288.212878677135,-0.8800171940540977,2.4870849480620705,48266.93792232391,48310.485431557005,-0.044058280654701854,0.04612420206113743,0.09018248271583928,
FR1.G5_defl_tou,infl,"İQİ inflyasiyası, %",0.9268781614446151,0.27573901283699526,0.3564685540499313,1.497287768839299,fr1:rgdp,Real ÜDM,2030,71354.48942608183,0.6511391486076199,1.2026171742816103,71332.08600188993,71377.63125536019,-0.03139735757636819,0.03243219798010344,0.06382955555647163,
FR1.G5_defl_tou,infl,"İQİ inflyasiyası, %",0.9268781614446151,0.27573901283699526,0.3564685540499313,1.497287768839299,fr1:rgdpnon,Real qeyri-neft ÜDM,2030,62311.44883039262,0.6511391486076199,1.2026171742816103,62290.1960622555,62333.39046618172,-0.034107324634624625,0.035212848041488165,0.06932017267611279,
FR1.G5_defl_tou,infl,"İQİ inflyasiyası, %",0.9268781614446151,0.27573901283699526,0.3564685540499313,1.497287768839299,fr1:cpi,İstehlak qiymətləri indeksi,2030,238.0916296137243,0.6511391486076199,1.2026171742816103,238.0681437183737,238.11587030548668,-0.00986422554573041,0.010181244843288084,0.020045470389018494,
FR1.G5_defl_tou,infl,"İQİ inflyasiyası, %",0.9268781614446151,0.27573901283699526,0.3564685540499313,1.497287768839299,fr1:emp,Məşğul əhali,2030,5271.984503015889,0.6511391486076199,1.2026171742816103,5271.923972356473,5272.046974733012,-0.0011481570057814139,0.001184975355816853,0.002333132361598267,
FR1.G5_defl_tou,infl,"İQİ inflyasiyası, %",0.9268781614446151,0.27573901283699526,0.3564685540499313,1.497287768839299,fr1:rhhdisp,Ev təsərrüfatlarının real sərəncamda qalan gəliri,2030,48288.212878677135,0.6511391486076199,1.2026171742816103,48273.867637630276,48303.02244499311,-0.029707541844425922,0.030669112466807924,0.060376654311233846,
FR1.G5_defl_tra,const,sabit,-5.354836316837727,2.260776092207412,-10.031607985436008,-0.6780646482394461,fr1:rgdp,Real ÜDM,2030,71354.48942608183,-7.61561240904514,-3.0940602246303155,71359.27418855621,71348.4638372085,0.006705622187008764,-0.008444582705013914,0.015150204892022678,
FR1.G5_defl_tra,const,sabit,-5.354836316837727,2.260776092207412,-10.031607985436008,-0.6780646482394461,fr1:rgdpnon,Real qeyri-neft ÜDM,2030,62311.44883039262,-7.61561240904514,-3.0940602246303155,62328.377317509905,62292.61748688703,0.02716753892750834,-0.030221321858281414,0.05738886078578975,
FR1.G5_defl_tra,const,sabit,-5.354836316837727,2.260776092207412,-10.031607985436008,-0.6780646482394461,fr1:cpi,İstehlak qiymətləri indeksi,2030,238.0916296137243,-7.61561240904514,-3.0940602246303155,238.11041730213574,238.07073150801205,0.007890948725042257,-0.008777337425158738,0.016668286150200995,
FR1.G5_defl_tra,const,sabit,-5.354836316837727,2.260776092207412,-10.031607985436008,-0.6780646482394461,fr1:emp,Məşğul əhali,2030,5271.984503015889,-7.61561240904514,-3.0940602246303155,5272.032703285493,5271.930869897209,0.0009142718377930237,-0.0010173231474563948,0.0019315949852494185,
FR1.G5_defl_tra,const,sabit,-5.354836316837727,2.260776092207412,-10.031607985436008,-0.6780646482394461,fr1:rhhdisp,Ev təsərrüfatlarının real sərəncamda qalan gəliri,2030,48288.212878677135,-7.61561240904514,-3.0940602246303155,48299.6363788358,48275.50467588223,0.02365691227248501,-0.02631740136425087,0.04997431363673588,
FR1.G5_defl_tra,infl,"İQİ inflyasiyası, %",1.510873528230408,0.4308617038492495,0.6195681855245432,2.4021788709362726,fr1:rgdp,Real ÜDM,2030,71354.48942608183,1.0800118243811585,1.9417352320796575,71359.15130869483,71348.91177877551,0.006533411773390618,-0.00781681342152396,0.014350225194914579,
FR1.G5_defl_tra,infl,"İQİ inflyasiyası, %",1.510873528230408,0.4308617038492495,0.6195681855245432,2.4021788709362726,fr1:rgdpnon,Real qeyri-neft ÜDM,2030,62311.44883039262,1.0800118243811585,1.9417352320796575,62325.54680172622,62296.01643911369,0.022625009686372266,-0.024766542214305076,0.04739155190067734,
FR1.G5_defl_tra,infl,"İQİ inflyasiyası, %",1.510873528230408,0.4308617038492495,0.6195681855245432,2.4021788709362726,fr1:cpi,İstehlak qiymətləri indeksi,2030,238.0916296137243,1.0800118243811585,1.9417352320796575,238.10725772548207,238.07452229558265,0.006563906418355359,-0.007185182515412336,0.013749088933767695,
FR1.G5_defl_tra,infl,"İQİ inflyasiyası, %",1.510873528230408,0.4308617038492495,0.6195681855245432,2.4021788709362726,fr1:emp,Məşğul əhali,2030,5271.984503015889,1.0800118243811585,1.9417352320796575,5272.0246448742255,5271.940551533836,0.0007614183674897745,-0.0008336800312647163,0.0015950983987544909,
FR1.G5_defl_tra,infl,"İQİ inflyasiyası, %",1.510873528230408,0.4308617038492495,0.6195681855245432,2.4021788709362726,fr1:rhhdisp,Ev təsərrüfatlarının real sərəncamda qalan gəliri,2030,48288.212878677135,1.0800118243811585,1.9417352320796575,48297.72688890935,48277.79793127605,0.01970255195842263,-0.021568301621044395,0.041270853579467026,
FR1.G5_defl_ict,const,sabit,-3.7337854293557347,1.9794553307603309,-7.828600763817633,0.3610299051061632,fr1:rgdp,Real ÜDM,2030,71354.48942608183,-5.713240760116065,-1.7543300985954038,71346.14520285717,71362.96996135198,-0.011694040966125918,0.011885075961393099,0.023579116927519017,
FR1.G5_defl_ict,const,sabit,-3.7337854293557347,1.9794553307603309,-7.828600763817633,0.3610299051061632,fr1:rgdpnon,Real qeyri-neft ÜDM,2030,62311.44883039262,-5.713240760116065,-1.7543300985954038,62305.459393486126,62317.43736937874,-0.009612097004507714,0.009610655984615413,0.019222752989123126,
FR1.G5_defl_ict,const,sabit,-3.7337854293557347,1.9794553307603309,-7.828600763817633,0.3610299051061632,fr1:cpi,İstehlak qiymətləri indeksi,2030,238.0916296137243,-5.713240760116065,-1.7543300985954038,238.0850258464132,238.09823171257486,-0.002773624306662281,0.0027729235426043886,0.00554654784926667,
FR1.G5_defl_ict,const,sabit,-3.7337854293557347,1.9794553307603309,-7.828600763817633,0.3610299051061632,fr1:emp,Məşğul əhali,2030,5271.984503015889,-5.713240760116065,-1.7543300985954038,5271.967446336555,5272.001555554232,-0.0003235343222884879,0.000323455775230741,0.0006469900975192289,
FR1.G5_defl_ict,const,sabit,-3.7337854293557347,1.9794553307603309,-7.828600763817633,0.3610299051061632,fr1:rhhdisp,Ev təsərrüfatlarının real sərəncamda qalan gəliri,2030,48288.212878677135,-5.713240760116065,-1.7543300985954038,48284.16975630038,48292.25535147375,-0.008372897102049137,0.008371551887353945,0.016744448989403082,
FR1.G5_defl_ict,infl,"İQİ inflyasiyası, %",0.1963874063720258,0.18326280746132567,-0.18272059498960488,0.5754954077336565,fr1:rgdp,Real ÜDM,2030,71354.48942608183,0.013124598910700142,0.3796502138333515,71351.34587744935,71357.64833470306,-0.004405537279805749,0.004427063590028979,0.008832600869834728,
FR1.G5_defl_ict,infl,"İQİ inflyasiyası, %",0.1963874063720258,0.18326280746132567,-0.18272059498960488,0.5754954077336565,fr1:rgdpnon,Real qeyri-neft ÜDM,2030,62311.44883039262,0.013124598910700142,0.3796502138333515,62309.19778958213,62313.69435414822,-0.0036125637466910554,0.003603709747967976,0.007216273494659031,
FR1.G5_defl_ict,infl,"İQİ inflyasiyası, %",0.1963874063720258,0.18326280746132567,-0.18272059498960488,0.5754954077336565,fr1:cpi,İstehlak qiymətləri indeksi,2030,238.0916296137243,0.013124598910700142,0.3796502138333515,238.089145637435,238.09410742665858,-0.001043285853152831,0.0010406972048127017,0.0020839830579655327,
FR1.G5_defl_ict,infl,"İQİ inflyasiyası, %",0.1963874063720258,0.18326280746132567,-0.18272059498960488,0.5754954077336565,fr1:emp,Məşğul əhali,2030,5271.984503015889,0.013124598910700142,0.3796502138333515,5271.978092702384,5271.99089739546,-0.0001215920399810777,0.00012128980211301155,0.00024288184209408925,
FR1.G5_defl_ict,infl,"İQİ inflyasiyası, %",0.1963874063720258,0.18326280746132567,-0.18272059498960488,0.5754954077336565,fr1:rhhdisp,Ev təsərrüfatlarının real sərəncamda qalan gəliri,2030,48288.212878677135,0.013124598910700142,0.3796502138333515,48286.693398679796,48289.728627888,-0.0031466892368881005,0.0031389631558242925,0.006285652392712393,
FR1.G5_defl_oth,const,sabit,3.9230923428831534,1.7385128420664062,0.3349781887704548,7.511206496995852,fr1:rgdp,Real ÜDM,2030,71354.48942608183,2.1845795008167475,5.661605184949559,71507.02250218592,71199.29222348024,0.21376801562305037,-0.21750166506672164,0.431269680689772,
FR1.G5_defl_oth,const,sabit,3.9230923428831534,1.7385128420664062,0.3349781887704548,7.511206496995852,fr1:rgdpnon,Real qeyri-neft ÜDM,2030,62311.44883039262,2.1845795008167475,5.661605184949559,62506.52761674678,62113.9005760024,0.313070535216009,-0.3170336400425078,0.6301041752585168,
FR1.G5_defl_oth,const,sabit,3.9230923428831534,1.7385128420664062,0.3349781887704548,7.511206496995852,fr1:cpi,İstehlak qiymətləri indeksi,2030,238.0916296137243,2.1845795008167475,5.661605184949559,238.30719394778646,237.8727909065959,0.09053839247179507,-0.0919136500025064,0.18245204247430147,
FR1.G5_defl_oth,const,sabit,3.9230923428831534,1.7385128420664062,0.3349781887704548,7.511206496995852,fr1:emp,Məşğul əhali,2030,5271.984503015889,2.1845795008167475,5.661605184949559,5272.539182716703,5271.42108899442,0.010521269561714064,-0.010686943809234961,0.021208213370949025,
FR1.G5_defl_oth,const,sabit,3.9230923428831534,1.7385128420664062,0.3349781887704548,7.511206496995852,fr1:rhhdisp,Ev təsərrüfatlarının real sərəncamda qalan gəliri,2030,48288.212878677135,2.1845795008167475,5.661605184949559,48419.85070407692,48154.856105436,0.27260860891771266,-0.2761683758647049,0.5487769847824175,
FR1.G5_defl_oth,infl,"İQİ inflyasiyası, %",1.0,,,,fr1:rgdp,Real ÜDM,2030,71354.48942608183,,,,,,,,standart xəta yoxdur (məhdudiyyətlə sabitlənib) — ±1 SE tətbiq olunmur
FR1.G5_defl_oth,infl,"İQİ inflyasiyası, %",1.0,,,,fr1:rgdpnon,Real qeyri-neft ÜDM,2030,62311.44883039262,,,,,,,,standart xəta yoxdur (məhdudiyyətlə sabitlənib) — ±1 SE tətbiq olunmur
FR1.G5_defl_oth,infl,"İQİ inflyasiyası, %",1.0,,,,fr1:cpi,İstehlak qiymətləri indeksi,2030,238.0916296137243,,,,,,,,standart xəta yoxdur (məhdudiyyətlə sabitlənib) — ±1 SE tətbiq olunmur
FR1.G5_defl_oth,infl,"İQİ inflyasiyası, %",1.0,,,,fr1:emp,Məşğul əhali,2030,5271.984503015889,,,,,,,,standart xəta yoxdur (məhdudiyyətlə sabitlənib) — ±1 SE tətbiq olunmur
FR1.G5_defl_oth,infl,"İQİ inflyasiyası, %",1.0,,,,fr1:rhhdisp,Ev təsərrüfatlarının real sərəncamda qalan gəliri,2030,48288.212878677135,,,,,,,,standart xəta yoxdur (məhdudiyyətlə sabitlənib) — ±1 SE tətbiq olunmur
FR1.G5_defl_nettax,const,sabit,2.187405079808142,3.303427340135838,-4.646255027830188,9.021065187446471,fr1:rgdp,Real ÜDM,2030,71354.48942608183,-1.116022260327696,5.490832419943979,71413.57228801068,71286.95685582515,0.08280188451219583,-0.0946437579469106,0.17744564245910643,
FR1.G5_defl_nettax,const,sabit,2.187405079808142,3.303427340135838,-4.646255027830188,9.021065187446471,fr1:rgdpnon,Real qeyri-neft ÜDM,2030,62311.44883039262,-1.116022260327696,5.490832419943979,62399.697943543724,62212.83989946428,0.1416258405278148,-0.15825170619406803,0.2998775467218828,
FR1.G5_defl_nettax,const,sabit,2.187405079808142,3.303427340135838,-4.646255027830188,9.021065187446471,fr1:cpi,İstehlak qiymətləri indeksi,2030,238.0916296137243,-1.116022260327696,5.490832419943979,238.18928729129868,237.98239312233846,0.041016846217067915,-0.045880021722333186,0.0868968679394011,
FR1.G5_defl_nettax,const,sabit,2.187405079808142,3.303427340135838,-4.646255027830188,9.021065187446471,fr1:emp,Məşğul əhali,2030,5271.984503015889,-1.116022260327696,5.490832419943979,5272.235634786456,5271.703483253635,0.004763514961481086,-0.005330436045347664,0.01009395100682875,
FR1.G5_defl_nettax,const,sabit,2.187405079808142,3.303427340135838,-4.646255027830188,9.021065187446471,fr1:rhhdisp,Ev təsərrüfatlarının real sərəncamda qalan gəliri,2030,48288.212878677135,-1.116022260327696,5.490832419943979,48347.766946459946,48221.654651716155,0.12333044491092959,-0.13783534944273867,0.26116579435366827,
FR1.G5_defl_nettax,infl,"İQİ inflyasiyası, %",0.904023773282028,0.6055816594526814,-0.3487173352749531,2.156764881839009,fr1:rgdp,Real ÜDM,2030,71354.48942608183,0.2984421138293466,1.5096054327347095,71403.606380418,71300.06363729181,0.0688351282886801,-0.076275212993282,0.1451103412819621,
FR1.G5_defl_nettax,infl,"İQİ inflyasiyası, %",0.904023773282028,0.6055816594526814,-0.3487173352749531,2.156764881839009,fr1:rgdpnon,Real qeyri-neft ÜDM,2030,62311.44883039262,0.2984421138293466,1.5096054327347095,62382.68535276859,62233.81913483063,0.1143233285585632,-0.1245833583059408,0.238906686864504,
FR1.G5_defl_nettax,infl,"İQİ inflyasiyası, %",0.904023773282028,0.6055816594526814,-0.3487173352749531,2.156764881839009,fr1:cpi,İstehlak qiymətləri indeksi,2030,238.0916296137243,0.2984421138293466,1.5096054327347095,238.1704322317208,238.00568073675134,0.033097601173270874,-0.03609907543259405,0.06919667660586493,
FR1.G5_defl_nettax,infl,"İQİ inflyasiyası, %",0.904023773282028,0.6055816594526814,-0.3487173352749531,2.156764881839009,fr1:emp,Məşğul əhali,2030,5271.984503015889,0.2984421138293466,1.5096054327347095,5272.1872485280865,5271.763306764224,0.0038457152535587014,-0.004195692372355175,0.008041407625913877,
FR1.G5_defl_nettax,infl,"İQİ inflyasiyası, %",0.904023773282028,0.6055816594526814,-0.3487173352749531,2.156764881839009,fr1:rhhdisp,Ev təsərrüfatlarının real sərəncamda qalan gəliri,2030,48288.212878677135,0.2984421138293466,1.5096054327347095,48336.28807422566,48235.81509471291,0.09955886267589698,-0.10851050565046094,0.20806936832635792,
FR1.G7_dep,const,sabit,-3.3731671689296476,3.0127578832207527,-10.086010060097454,3.339675722238159,fr1:rgdp,Real ÜDM,2030,71354.48942608183,-6.3859250521504,-0.36040928570889497,71354.48942608183,71354.48942608183,0.0,0.0,0.0,sabit: 2025 düzəliş əmsalı ilə udulur (təsir sıfırdır)
FR1.G7_dep,const,sabit,-3.3731671689296476,3.0127578832207527,-10.086010060097454,3.339675722238159,fr1:rgdpnon,Real qeyri-neft ÜDM,2030,62311.44883039262,-6.3859250521504,-0.36040928570889497,62311.44883039262,62311.44883039262,0.0,0.0,0.0,sabit: 2025 düzəliş əmsalı ilə udulur (təsir sıfırdır)
FR1.G7_dep,const,sabit,-3.3731671689296476,3.0127578832207527,-10.086010060097454,3.339675722238159,fr1:cpi,İstehlak qiymətləri indeksi,2030,238.0916296137243,-6.3859250521504,-0.36040928570889497,238.0916296137243,238.0916296137243,0.0,0.0,0.0,sabit: 2025 düzəliş əmsalı ilə udulur (təsir sıfırdır)
FR1.G7_dep,const,sabit,-3.3731671689296476,3.0127578832207527,-10.086010060097454,3.339675722238159,fr1:emp,Məşğul əhali,2030,5271.984503015889,-6.3859250521504,-0.36040928570889497,5271.984503015889,5271.984503015889,0.0,0.0,0.0,sabit: 2025 düzəliş əmsalı ilə udulur (təsir sıfırdır)
FR1.G7_dep,const,sabit,-3.3731671689296476,3.0127578832207527,-10.086010060097454,3.339675722238159,fr1:rhhdisp,Ev təsərrüfatlarının real sərəncamda qalan gəliri,2030,48288.212878677135,-6.3859250521504,-0.36040928570889497,48288.212878677135,48288.212878677135,0.0,0.0,0.0,sabit: 2025 düzəliş əmsalı ilə udulur (təsir sıfırdır)
FR1.G7_dep,ln_gdpnon,ln real qeyri-neft ÜDM,0.9343611164073558,0.1779638422386387,0.5378329652704859,1.3308892675442257,fr1:rgdp,Real ÜDM,2030,71354.48942608183,0.756397274168717,1.1123249586459945,71319.00857145389,71390.2758723594,-0.04972476842496354,0.050153040916445235,0.09987780934140877,
FR1.G7_dep,ln_gdpnon,ln real qeyri-neft ÜDM,0.9343611164073558,0.1779638422386387,0.5378329652704859,1.3308892675442257,fr1:rgdpnon,Real qeyri-neft ÜDM,2030,62311.44883039262,0.756397274168717,1.1123249586459945,62273.42595497935,62349.79787002501,-0.06102068901778779,0.061544130897628335,0.12256481991541612,
FR1.G7_dep,ln_gdpnon,ln real qeyri-neft ÜDM,0.9343611164073558,0.1779638422386387,0.5378329652704859,1.3308892675442257,fr1:cpi,İstehlak qiymətləri indeksi,2030,238.0916296137243,0.756397274168717,1.1123249586459945,238.04959360431278,238.13400559161002,-0.017655391531290476,0.017798180454509094,0.03545357198579957,
FR1.G7_dep,ln_gdpnon,ln real qeyri-neft ÜDM,0.9343611164073558,0.1779638422386387,0.5378329652704859,1.3308892675442257,fr1:emp,Məşğul əhali,2030,5271.984503015889,0.756397274168717,1.1123249586459945,5271.876194811777,5272.093675628343,-0.0020544105175046568,0.0020708067785868423,0.004125217296091499,
FR1.G7_dep,ln_gdpnon,ln real qeyri-neft ÜDM,0.9343611164073558,0.1779638422386387,0.5378329652704859,1.3308892675442257,fr1:rhhdisp,Ev təsərrüfatlarının real sərəncamda qalan gəliri,2030,48288.212878677135,0.756397274168717,1.1123249586459945,48262.54807354999,48314.095855740714,-0.053149213021463915,0.05360102501330566,0.10675023803476957,
FR1.G7_dep,ln_hhdisp,ln real sərəncamda qalan gəlir,0.2931588713833233,0.33624591435385304,-0.45604371420297185,1.0423614569696185,fr1:rgdp,Real ÜDM,2030,71354.48942608183,-0.04308704297052973,0.6294047857371763,71297.40362113733,71412.38227323203,-0.08000310198229554,0.08113413411803272,0.16113723610032826,
FR1.G7_dep,ln_hhdisp,ln real sərəncamda qalan gəlir,0.2931588713833233,0.33624591435385304,-0.45604371420297185,1.0423614569696185,fr1:rgdpnon,Real qeyri-neft ÜDM,2030,62311.44883039262,-0.04308704297052973,0.6294047857371763,62250.27616880047,62373.48287236369,-0.09817242696227302,0.0995548059553597,0.19772723291763272,
FR1.G7_dep,ln_hhdisp,ln real sərəncamda qalan gəlir,0.2931588713833233,0.33624591435385304,-0.45604371420297185,1.0423614569696185,fr1:cpi,İstehlak qiymətləri indeksi,2030,238.0916296137243,-0.04308704297052973,0.6294047857371763,238.02399381492384,238.16016396650988,-0.028407466029023443,0.02878486442248196,0.0571923304515054,
FR1.G7_dep,ln_hhdisp,ln real sərəncamda qalan gəlir,0.2931588713833233,0.33624591435385304,-0.45604371420297185,1.0423614569696185,fr1:emp,Məşğul əhali,2030,5271.984503015889,-0.04308704297052973,0.6294047857371763,5271.810221316852,5272.161070033755,-0.0033058082575254666,0.0033491566177046295,0.006654964875230096,
FR1.G7_dep,ln_hhdisp,ln real sərəncamda qalan gəlir,0.2931588713833233,0.33624591435385304,-0.45604371420297185,1.0423614569696185,fr1:rhhdisp,Ev təsərrüfatlarının real sərəncamda qalan gəliri,2030,48288.212878677135,-0.04308704297052973,0.6294047857371763,48246.92129793059,48330.08071639409,-0.08551068321847044,0.08670405306185902,0.17221473628032946,
FR1.POT,const,sabit,9.406129183512181,0.10025400331720812,9.199215090268344,9.613043276756018,fr1:rgdp,Real ÜDM,2030,71354.48942608183,9.305875180194974,9.506383186829389,71354.48942608183,71354.48942608183,0.0,0.0,0.0,
FR1.POT,const,sabit,9.406129183512181,0.10025400331720812,9.199215090268344,9.613043276756018,fr1:rgdpnon,Real qeyri-neft ÜDM,2030,62311.44883039262,9.305875180194974,9.506383186829389,62311.44883039262,62311.44883039262,0.0,0.0,0.0,
FR1.POT,const,sabit,9.406129183512181,0.10025400331720812,9.199215090268344,9.613043276756018,fr1:cpi,İstehlak qiymətləri indeksi,2030,238.0916296137243,9.305875180194974,9.506383186829389,238.0916296137243,238.0916296137243,0.0,0.0,0.0,
FR1.POT,const,sabit,9.406129183512181,0.10025400331720812,9.199215090268344,9.613043276756018,fr1:emp,Məşğul əhali,2030,5271.984503015889,9.305875180194974,9.506383186829389,5271.984503015889,5271.984503015889,0.0,0.0,0.0,
FR1.POT,const,sabit,9.406129183512181,0.10025400331720812,9.199215090268344,9.613043276756018,fr1:rhhdisp,Ev təsərrüfatlarının real sərəncamda qalan gəliri,2030,48288.212878677135,9.305875180194974,9.506383186829389,48288.212878677135,48288.212878677135,0.0,0.0,0.0,
FR1.POT,trend,xətti trend,0.0639090629178031,0.0063342216592507635,0.050835871946242395,0.0769822538893638,fr1:rgdp,Real ÜDM,2030,71354.48942608183,0.057574841258552334,0.07024328457705387,71354.48942608183,71354.48942608183,0.0,0.0,0.0,
FR1.POT,trend,xətti trend,0.0639090629178031,0.0063342216592507635,0.050835871946242395,0.0769822538893638,fr1:rgdpnon,Real qeyri-neft ÜDM,2030,62311.44883039262,0.057574841258552334,0.07024328457705387,62311.44883039262,62311.44883039262,0.0,0.0,0.0,
FR1.POT,trend,xətti trend,0.0639090629178031,0.0063342216592507635,0.050835871946242395,0.0769822538893638,fr1:cpi,İstehlak qiymətləri indeksi,2030,238.0916296137243,0.057574841258552334,0.07024328457705387,238.0916296137243,238.0916296137243,0.0,0.0,0.0,
FR1.POT,trend,xətti trend,0.0639090629178031,0.0063342216592507635,0.050835871946242395,0.0769822538893638,fr1:emp,Məşğul əhali,2030,5271.984503015889,0.057574841258552334,0.07024328457705387,5271.984503015889,5271.984503015889,0.0,0.0,0.0,
FR1.POT,trend,xətti trend,0.0639090629178031,0.0063342216592507635,0.050835871946242395,0.0769822538893638,fr1:rhhdisp,Ev təsərrüfatlarının real sərəncamda qalan gəliri,2030,48288.212878677135,0.057574841258552334,0.07024328457705387,48288.212878677135,48288.212878677135,0.0,0.0,0.0,
