model_id,scenario_id,vintage_id,series_id,concept,unit,frequency,year,value,status,data_status,source_file,source_sheet,source_cell,method,fr_id,error,fr_ids,coverage_scope,price_basis,unit_scale_unresolved,source_atom_id,caveat,source_value_type
ministry_caem,oil_plus10,original_CAEM_2024_actual_2025_forecast,gdp_growth,Real GDP growth,percent,annual,2013,,unavailable_source_non_numeric,legacy_historical_input,CAEM.xlsb / native formula export,6a. SEI,B9,original_CAEM_formula_graph_and_HPP_HPF; corrected_per_year_two_residual_solver,FR01,"Real growth, percent","[""FR1""]",direct_original_output_atom,constant-price GDP growth,false,ministry_caem:source:6a. SEI:row9,Exact original row now exported by the actual CAEM engine; source unit/header caveats preserved.,original_literal
ministry_caem,oil_plus10,original_CAEM_2024_actual_2025_forecast,output_gap,Output gap / potential GDP,percent,annual,2013,,unavailable_source_non_numeric,legacy_historical_input,CAEM.xlsb / native formula export,6a. SEI,B10,original_CAEM_formula_graph_and_HPP_HPF; corrected_per_year_two_residual_solver,FR01,"Total output Gap, percent of potential  GDP",[],associated_model_indicator,source-defined; see source formula,false,,Associated model indicator; not proof of a direct FR atom.,original_literal
ministry_caem,oil_plus10,original_CAEM_2024_actual_2025_forecast,domestic_demand_growth,Domestic demand growth,percent,annual,2013,,unavailable_source_non_numeric,legacy_historical_input,CAEM.xlsb / native formula export,6a. SEI,B11,original_CAEM_formula_graph_and_HPP_HPF; corrected_per_year_two_residual_solver,FR01,"Domestic Demand Growth, percent",[],associated_model_indicator,source-defined; see source formula,false,,Associated model indicator; not proof of a direct FR atom.,original_literal
ministry_caem,oil_plus10,original_CAEM_2024_actual_2025_forecast,consumption_growth,Total consumption growth,percent,annual,2013,,unavailable_source_non_numeric,legacy_historical_input,CAEM.xlsb / native formula export,6a. SEI,B12,original_CAEM_formula_graph_and_HPP_HPF; corrected_per_year_two_residual_solver,FR08,"Consumption growth, percent",[],associated_model_indicator,source-defined; see source formula,false,,Associated model indicator; not proof of a direct FR atom.,original_literal
ministry_caem,oil_plus10,original_CAEM_2024_actual_2025_forecast,private_consumption_growth,Private consumption growth,percent,annual,2013,,unavailable_source_non_numeric,legacy_historical_input,CAEM.xlsb / native formula export,6a. SEI,B13,original_CAEM_formula_graph_and_HPP_HPF; corrected_per_year_two_residual_solver,FR08,  Private,[],associated_model_indicator,source-defined; see source formula,false,,Associated model indicator; not proof of a direct FR atom.,original_literal
ministry_caem,oil_plus10,original_CAEM_2024_actual_2025_forecast,public_consumption_growth,Public consumption growth,percent,annual,2013,,unavailable_source_non_numeric,legacy_historical_input,CAEM.xlsb / native formula export,6a. SEI,B14,original_CAEM_formula_graph_and_HPP_HPF; corrected_per_year_two_residual_solver,FR08,  Public,[],associated_model_indicator,source-defined; see source formula,false,,Associated model indicator; not proof of a direct FR atom.,original_literal
ministry_caem,oil_plus10,original_CAEM_2024_actual_2025_forecast,investment_growth,Total real investment growth,percent,annual,2013,,unavailable_source_non_numeric,legacy_historical_input,CAEM.xlsb / native formula export,6a. SEI,B15,original_CAEM_formula_graph_and_HPP_HPF; corrected_per_year_two_residual_solver,FR06,"Total Investment growth, percent",[],associated_model_indicator,source-defined; see source formula,false,,Associated model indicator; not proof of a direct FR atom.,original_literal
ministry_caem,oil_plus10,original_CAEM_2024_actual_2025_forecast,exports_growth,Goods and services exports real growth,percent,annual,2013,,unavailable_source_non_numeric,legacy_historical_input,CAEM.xlsb / native formula export,6a. SEI,B16,original_CAEM_formula_graph_and_HPP_HPF; corrected_per_year_two_residual_solver,FR07,"Exports of G&S growth, percent",[],associated_model_indicator,source-defined; see source formula,false,,Associated model indicator; not proof of a direct FR atom.,original_literal
ministry_caem,oil_plus10,original_CAEM_2024_actual_2025_forecast,imports_growth,Goods and services imports real growth,percent,annual,2013,,unavailable_source_non_numeric,legacy_historical_input,CAEM.xlsb / native formula export,6a. SEI,B17,original_CAEM_formula_graph_and_HPP_HPF; corrected_per_year_two_residual_solver,FR07,"Imports of G&S growth, percent",[],associated_model_indicator,source-defined; see source formula,false,,Associated model indicator; not proof of a direct FR atom.,original_literal
ministry_caem,oil_plus10,original_CAEM_2024_actual_2025_forecast,cpi_avg,CPI inflation (period average),percent,annual,2013,,unavailable_source_non_numeric,legacy_historical_input,CAEM.xlsb / native formula export,6a. SEI,B19,original_CAEM_formula_graph_and_HPP_HPF; corrected_per_year_two_residual_solver,FR09,CPI Inflation,"[""FR9""]",direct_original_output_atom,annual-average consumer-price inflation,false,ministry_caem:source:6a. SEI:row19,Exact original row now exported by the actual CAEM engine; source unit/header caveats preserved.,original_literal
ministry_caem,oil_plus10,original_CAEM_2024_actual_2025_forecast,gdp_deflator,GDP deflator growth,percent,annual,2013,,unavailable_source_non_numeric,legacy_historical_input,CAEM.xlsb / native formula export,6a. SEI,B20,original_CAEM_formula_graph_and_HPP_HPF; corrected_per_year_two_residual_solver,FR01,"GDP deflator, percent","[""FR1""]",direct_original_output_atom,implicit GDP deflator growth,false,ministry_caem:source:6a. SEI:row20,Exact original row now exported by the actual CAEM engine; source unit/header caveats preserved.,original_literal
ministry_caem,oil_plus10,original_CAEM_2024_actual_2025_forecast,policy_rate,Policy interest rate,percent,annual,2013,,unavailable_source_non_numeric,legacy_historical_input,CAEM.xlsb / native formula export,6a. SEI,B21,original_CAEM_formula_graph_and_HPP_HPF; corrected_per_year_two_residual_solver,FR09,"Policy Interest Rate, percent ",[],associated_model_indicator,source-defined; see source formula,false,,Associated model indicator; not proof of a direct FR atom.,original_literal
ministry_caem,oil_plus10,original_CAEM_2024_actual_2025_forecast,reer,Real effective exchange rate index,"index, 2010=100",annual,2013,,unavailable_source_non_numeric,legacy_historical_input,CAEM.xlsb / native formula export,6a. SEI,B24,original_CAEM_formula_graph_and_HPP_HPF; corrected_per_year_two_residual_solver,FR10,"Real effective exchange rate (Index, 2010=100)",[],associated_model_indicator,source-defined; see source formula,false,,Associated model indicator; not proof of a direct FR atom.,original_literal
ministry_caem,oil_plus10,original_CAEM_2024_actual_2025_forecast,reer_growth,Real effective exchange rate change,percent,annual,2013,,unavailable_source_non_numeric,legacy_historical_input,CAEM.xlsb / native formula export,6a. SEI,B25,original_CAEM_formula_graph_and_HPP_HPF; corrected_per_year_two_residual_solver,FR10,"REER, percent change (+  appreciation)",[],associated_model_indicator,source-defined; see source formula,false,,Associated model indicator; not proof of a direct FR atom.,original_literal
ministry_caem,oil_plus10,original_CAEM_2024_actual_2025_forecast,fiscal_revenue_ratio,Fiscal revenue / GDP,percent GDP,annual,2013,,unavailable_source_non_numeric,legacy_historical_input,CAEM.xlsb / native formula export,6a. SEI,B28,original_CAEM_formula_graph_and_HPP_HPF; corrected_per_year_two_residual_solver,FR01,"Revenue, percent of GDP",[],associated_model_indicator,source-defined; see source formula,false,,Associated model indicator; not proof of a direct FR atom.,original_literal
ministry_caem,oil_plus10,original_CAEM_2024_actual_2025_forecast,fiscal_expenditure_ratio,Fiscal expenditure / GDP,percent GDP,annual,2013,,unavailable_source_non_numeric,legacy_historical_input,CAEM.xlsb / native formula export,6a. SEI,B29,original_CAEM_formula_graph_and_HPP_HPF; corrected_per_year_two_residual_solver,FR01,"Expenditure, percent of GDP",[],associated_model_indicator,source-defined; see source formula,false,,Associated model indicator; not proof of a direct FR atom.,original_literal
ministry_caem,oil_plus10,original_CAEM_2024_actual_2025_forecast,overall_fiscal_balance,Overall fiscal balance / GDP,percent GDP,annual,2013,,unavailable_source_non_numeric,legacy_historical_input,CAEM.xlsb / native formula export,6a. SEI,B30,original_CAEM_formula_graph_and_HPP_HPF; corrected_per_year_two_residual_solver,FR01,"Overall fiscal balance (net lending), percent of GDP",[],associated_model_indicator,source-defined; see source formula,false,,Associated model indicator; not proof of a direct FR atom.,original_literal
ministry_caem,oil_plus10,original_CAEM_2024_actual_2025_forecast,government_domestic_debt,Government domestic debt / GDP,percent GDP,annual,2013,,unavailable_source_non_numeric,legacy_historical_input,CAEM.xlsb / native formula export,6a. SEI,B32,original_CAEM_formula_graph_and_HPP_HPF; corrected_per_year_two_residual_solver,FR01,"Government Domestic debt, percent of GDP",[],associated_model_indicator,source-defined; see source formula,false,,Associated model indicator; not proof of a direct FR atom.,original_literal
ministry_caem,oil_plus10,original_CAEM_2024_actual_2025_forecast,government_external_debt,Government external debt / GDP,percent GDP,annual,2013,,unavailable_source_non_numeric,legacy_historical_input,CAEM.xlsb / native formula export,6a. SEI,B33,original_CAEM_formula_graph_and_HPP_HPF; corrected_per_year_two_residual_solver,FR01,"Government External debt, percent of GDP",[],associated_model_indicator,source-defined; see source formula,false,,Associated model indicator; not proof of a direct FR atom.,original_literal
ministry_caem,oil_plus10,original_CAEM_2024_actual_2025_forecast,government_total_debt,Total government debt / GDP,percent GDP,annual,2013,,unavailable_source_non_numeric,legacy_historical_input,CAEM.xlsb / native formula export,6a. SEI,B34,original_CAEM_formula_graph_and_HPP_HPF; corrected_per_year_two_residual_solver,FR01,"Total Government debt, percent of GDP",[],associated_model_indicator,source-defined; see source formula,false,,Associated model indicator; not proof of a direct FR atom.,original_literal
ministry_caem,oil_plus10,original_CAEM_2024_actual_2025_forecast,current_account,Current account / GDP,percent GDP,annual,2013,,unavailable_source_non_numeric,legacy_historical_input,CAEM.xlsb / native formula export,6a. SEI,B37,original_CAEM_formula_graph_and_HPP_HPF; corrected_per_year_two_residual_solver,FR12,"Current Account, percent of GDP",[],associated_model_indicator,source-defined; see source formula,false,,Associated model indicator; not proof of a direct FR atom.,original_literal
ministry_caem,oil_plus10,original_CAEM_2024_actual_2025_forecast,net_fdi,Net FDI / GDP,percent GDP,annual,2013,,unavailable_source_non_numeric,legacy_historical_input,CAEM.xlsb / native formula export,6a. SEI,B38,original_CAEM_formula_graph_and_HPP_HPF; corrected_per_year_two_residual_solver,FR12,"Net  FDI, percent of GDP",[],associated_model_indicator,source-defined; see source formula,false,,Associated model indicator; not proof of a direct FR atom.,original_literal
ministry_caem,oil_plus10,original_CAEM_2024_actual_2025_forecast,portfolio_other_investment,Portfolio and other investment / GDP,percent GDP,annual,2013,,unavailable_source_non_numeric,legacy_historical_input,CAEM.xlsb / native formula export,6a. SEI,B39,original_CAEM_formula_graph_and_HPP_HPF; corrected_per_year_two_residual_solver,FR12,"Net Portfolio & other investment, percent of GDP",[],associated_model_indicator,source-defined; see source formula,false,,Associated model indicator; not proof of a direct FR atom.,original_literal
ministry_caem,oil_plus10,original_CAEM_2024_actual_2025_forecast,reserves_ratio,Reserves / GDP,percent GDP,annual,2013,,unavailable_source_non_numeric,legacy_historical_input,CAEM.xlsb / native formula export,6a. SEI,B40,original_CAEM_formula_graph_and_HPP_HPF; corrected_per_year_two_residual_solver,FR12,"Reserves, percent of GDP",[],associated_model_indicator,source-defined; see source formula,false,,Associated model indicator; not proof of a direct FR atom.,original_literal
ministry_caem,oil_plus10,original_CAEM_2024_actual_2025_forecast,reserves_broad_money,Reserves / broad money,percent,annual,2013,,unavailable_source_non_numeric,legacy_historical_input,CAEM.xlsb / native formula export,6a. SEI,B41,original_CAEM_formula_graph_and_HPP_HPF; corrected_per_year_two_residual_solver,FR12,"Reserves, percent of broad money",[],associated_model_indicator,source-defined; see source formula,false,,Associated model indicator; not proof of a direct FR atom.,original_literal
ministry_caem,oil_plus10,original_CAEM_2024_actual_2025_forecast,net_iip,Net international investment position / GDP,percent GDP,annual,2013,,unavailable_source_non_numeric,legacy_historical_input,CAEM.xlsb / native formula export,6a. SEI,B42,original_CAEM_formula_graph_and_HPP_HPF; corrected_per_year_two_residual_solver,FR12,"Net IIP, percent of GDP",[],associated_model_indicator,source-defined; see source formula,false,,Associated model indicator; not proof of a direct FR atom.,original_literal
ministry_caem,oil_plus10,original_CAEM_2024_actual_2025_forecast,external_debt,External debt / GDP,percent GDP,annual,2013,,unavailable_source_non_numeric,legacy_historical_input,CAEM.xlsb / native formula export,6a. SEI,B43,original_CAEM_formula_graph_and_HPP_HPF; corrected_per_year_two_residual_solver,FR12,"External debt, percent of GDP",[],associated_model_indicator,source-defined; see source formula,false,,Associated model indicator; not proof of a direct FR atom.,original_literal
ministry_caem,oil_plus10,original_CAEM_2024_actual_2025_forecast,saving_investment,Savings-investment balance / GDP,percent GDP,annual,2013,,unavailable_source_non_numeric,legacy_historical_input,CAEM.xlsb / native formula export,6a. SEI,B46,original_CAEM_formula_graph_and_HPP_HPF; corrected_per_year_two_residual_solver,FR12,"Savings-Investment Balance, percent of GDP",[],associated_model_indicator,source-defined; see source formula,false,,Associated model indicator; not proof of a direct FR atom.,original_literal
ministry_caem,oil_plus10,original_CAEM_2024_actual_2025_forecast,monetary_nfa,Monetary net foreign assets / GDP,percent GDP,annual,2013,,unavailable_source_non_numeric,legacy_historical_input,CAEM.xlsb / native formula export,6a. SEI,B52,original_CAEM_formula_graph_and_HPP_HPF; corrected_per_year_two_residual_solver,FR12,NFA,[],associated_model_indicator,source-defined; see source formula,false,,Associated model indicator; not proof of a direct FR atom.,original_literal
ministry_caem,oil_plus10,original_CAEM_2024_actual_2025_forecast,monetary_nda,Monetary net domestic assets / GDP,percent GDP,annual,2013,,unavailable_source_non_numeric,legacy_historical_input,CAEM.xlsb / native formula export,6a. SEI,B53,original_CAEM_formula_graph_and_HPP_HPF; corrected_per_year_two_residual_solver,FR12,NDA ,[],associated_model_indicator,source-defined; see source formula,false,,Associated model indicator; not proof of a direct FR atom.,original_literal
ministry_caem,oil_plus10,original_CAEM_2024_actual_2025_forecast,private_credit_ratio,Private sector credit / GDP,percent GDP,annual,2013,,unavailable_source_non_numeric,legacy_historical_input,CAEM.xlsb / native formula export,6a. SEI,B55,original_CAEM_formula_graph_and_HPP_HPF; corrected_per_year_two_residual_solver,FR01,  Credit to the Private Sector ,[],associated_model_indicator,source-defined; see source formula,false,,Associated model indicator; not proof of a direct FR atom.,original_literal
ministry_caem,oil_plus10,original_CAEM_2024_actual_2025_forecast,broad_money_ratio,Broad money / GDP,percent GDP,annual,2013,,unavailable_source_non_numeric,legacy_historical_input,CAEM.xlsb / native formula export,6a. SEI,B57,original_CAEM_formula_graph_and_HPP_HPF; corrected_per_year_two_residual_solver,FR01,Broad money,[],associated_model_indicator,source-defined; see source formula,false,,Associated model indicator; not proof of a direct FR atom.,original_literal
ministry_caem,oil_plus10,original_CAEM_2024_actual_2025_forecast,gdp_growth,Real GDP growth,percent,annual,2014,0.0,run_calculated,legacy_historical_input,CAEM.xlsb / native formula export,6a. SEI,C9,original_CAEM_formula_graph_and_HPP_HPF; corrected_per_year_two_residual_solver,FR01,,"[""FR1""]",direct_original_output_atom,constant-price GDP growth,false,ministry_caem:source:6a. SEI:row9,Exact original row now exported by the actual CAEM engine; source unit/header caveats preserved.,formula_calculated
ministry_caem,oil_plus10,original_CAEM_2024_actual_2025_forecast,output_gap,Output gap / potential GDP,percent,annual,2014,10.16621942638185,run_calculated,legacy_historical_input,CAEM.xlsb / native formula export,6a. SEI,C10,original_CAEM_formula_graph_and_HPP_HPF; corrected_per_year_two_residual_solver,FR01,,[],associated_model_indicator,source-defined; see source formula,false,,Associated model indicator; not proof of a direct FR atom.,formula_calculated
ministry_caem,oil_plus10,original_CAEM_2024_actual_2025_forecast,domestic_demand_growth,Domestic demand growth,percent,annual,2014,,unavailable_source_blank,legacy_historical_input,CAEM.xlsb / native formula export,6a. SEI,C11,original_CAEM_formula_graph_and_HPP_HPF; corrected_per_year_two_residual_solver,FR01,,[],associated_model_indicator,source-defined; see source formula,false,,Associated model indicator; not proof of a direct FR atom.,original_literal
ministry_caem,oil_plus10,original_CAEM_2024_actual_2025_forecast,consumption_growth,Total consumption growth,percent,annual,2014,,unavailable_source_blank,legacy_historical_input,CAEM.xlsb / native formula export,6a. SEI,C12,original_CAEM_formula_graph_and_HPP_HPF; corrected_per_year_two_residual_solver,FR08,,[],associated_model_indicator,source-defined; see source formula,false,,Associated model indicator; not proof of a direct FR atom.,original_literal
ministry_caem,oil_plus10,original_CAEM_2024_actual_2025_forecast,private_consumption_growth,Private consumption growth,percent,annual,2014,0.0,run_calculated,legacy_historical_input,CAEM.xlsb / native formula export,6a. SEI,C13,original_CAEM_formula_graph_and_HPP_HPF; corrected_per_year_two_residual_solver,FR08,,[],associated_model_indicator,source-defined; see source formula,false,,Associated model indicator; not proof of a direct FR atom.,formula_calculated
ministry_caem,oil_plus10,original_CAEM_2024_actual_2025_forecast,public_consumption_growth,Public consumption growth,percent,annual,2014,,unavailable_source_blank,legacy_historical_input,CAEM.xlsb / native formula export,6a. SEI,C14,original_CAEM_formula_graph_and_HPP_HPF; corrected_per_year_two_residual_solver,FR08,,[],associated_model_indicator,source-defined; see source formula,false,,Associated model indicator; not proof of a direct FR atom.,original_literal
ministry_caem,oil_plus10,original_CAEM_2024_actual_2025_forecast,investment_growth,Total real investment growth,percent,annual,2014,,unavailable_source_blank,legacy_historical_input,CAEM.xlsb / native formula export,6a. SEI,C15,original_CAEM_formula_graph_and_HPP_HPF; corrected_per_year_two_residual_solver,FR06,,[],associated_model_indicator,source-defined; see source formula,false,,Associated model indicator; not proof of a direct FR atom.,original_literal
ministry_caem,oil_plus10,original_CAEM_2024_actual_2025_forecast,exports_growth,Goods and services exports real growth,percent,annual,2014,0.0,run_calculated,legacy_historical_input,CAEM.xlsb / native formula export,6a. SEI,C16,original_CAEM_formula_graph_and_HPP_HPF; corrected_per_year_two_residual_solver,FR07,,[],associated_model_indicator,source-defined; see source formula,false,,Associated model indicator; not proof of a direct FR atom.,formula_calculated
ministry_caem,oil_plus10,original_CAEM_2024_actual_2025_forecast,imports_growth,Goods and services imports real growth,percent,annual,2014,0.0,run_calculated,legacy_historical_input,CAEM.xlsb / native formula export,6a. SEI,C17,original_CAEM_formula_graph_and_HPP_HPF; corrected_per_year_two_residual_solver,FR07,,[],associated_model_indicator,source-defined; see source formula,false,,Associated model indicator; not proof of a direct FR atom.,formula_calculated
ministry_caem,oil_plus10,original_CAEM_2024_actual_2025_forecast,cpi_avg,CPI inflation (period average),percent,annual,2014,1.4000000000000057,run_calculated,legacy_historical_input,CAEM.xlsb / native formula export,6a. SEI,C19,original_CAEM_formula_graph_and_HPP_HPF; corrected_per_year_two_residual_solver,FR09,,"[""FR9""]",direct_original_output_atom,annual-average consumer-price inflation,false,ministry_caem:source:6a. SEI:row19,Exact original row now exported by the actual CAEM engine; source unit/header caveats preserved.,formula_calculated
ministry_caem,oil_plus10,original_CAEM_2024_actual_2025_forecast,gdp_deflator,GDP deflator growth,percent,annual,2014,0.0,run_calculated,legacy_historical_input,CAEM.xlsb / native formula export,6a. SEI,C20,original_CAEM_formula_graph_and_HPP_HPF; corrected_per_year_two_residual_solver,FR01,,"[""FR1""]",direct_original_output_atom,implicit GDP deflator growth,false,ministry_caem:source:6a. SEI:row20,Exact original row now exported by the actual CAEM engine; source unit/header caveats preserved.,formula_calculated
ministry_caem,oil_plus10,original_CAEM_2024_actual_2025_forecast,policy_rate,Policy interest rate,percent,annual,2014,,unavailable_source_blank,legacy_historical_input,CAEM.xlsb / native formula export,6a. SEI,C21,original_CAEM_formula_graph_and_HPP_HPF; corrected_per_year_two_residual_solver,FR09,,[],associated_model_indicator,source-defined; see source formula,false,,Associated model indicator; not proof of a direct FR atom.,original_literal
ministry_caem,oil_plus10,original_CAEM_2024_actual_2025_forecast,reer,Real effective exchange rate index,"index, 2010=100",annual,2014,146.5899683644556,run_calculated,legacy_historical_input,CAEM.xlsb / native formula export,6a. SEI,C24,original_CAEM_formula_graph_and_HPP_HPF; corrected_per_year_two_residual_solver,FR10,,[],associated_model_indicator,source-defined; see source formula,false,,Associated model indicator; not proof of a direct FR atom.,formula_calculated
ministry_caem,oil_plus10,original_CAEM_2024_actual_2025_forecast,reer_growth,Real effective exchange rate change,percent,annual,2014,,unavailable_source_error,legacy_historical_input,CAEM.xlsb / native formula export,6a. SEI,C25,original_CAEM_formula_graph_and_HPP_HPF; corrected_per_year_two_residual_solver,FR10,"{""error"":""#VALUE!"",""detail"":""non-numeric scalar: 'Real effective exchange rate (Index, 2010=100)'""}",[],associated_model_indicator,source-defined; see source formula,false,,Associated model indicator; not proof of a direct FR atom.,formula_calculated
ministry_caem,oil_plus10,original_CAEM_2024_actual_2025_forecast,fiscal_revenue_ratio,Fiscal revenue / GDP,percent GDP,annual,2014,38.977892103751486,run_calculated,legacy_historical_input,CAEM.xlsb / native formula export,6a. SEI,C28,original_CAEM_formula_graph_and_HPP_HPF; corrected_per_year_two_residual_solver,FR01,,[],associated_model_indicator,source-defined; see source formula,false,,Associated model indicator; not proof of a direct FR atom.,formula_calculated
ministry_caem,oil_plus10,original_CAEM_2024_actual_2025_forecast,fiscal_expenditure_ratio,Fiscal expenditure / GDP,percent GDP,annual,2014,35.65816638396586,run_calculated,legacy_historical_input,CAEM.xlsb / native formula export,6a. SEI,C29,original_CAEM_formula_graph_and_HPP_HPF; corrected_per_year_two_residual_solver,FR01,,[],associated_model_indicator,source-defined; see source formula,false,,Associated model indicator; not proof of a direct FR atom.,formula_calculated
ministry_caem,oil_plus10,original_CAEM_2024_actual_2025_forecast,overall_fiscal_balance,Overall fiscal balance / GDP,percent GDP,annual,2014,3.319725719785623,run_calculated,legacy_historical_input,CAEM.xlsb / native formula export,6a. SEI,C30,original_CAEM_formula_graph_and_HPP_HPF; corrected_per_year_two_residual_solver,FR01,,[],associated_model_indicator,source-defined; see source formula,false,,Associated model indicator; not proof of a direct FR atom.,formula_calculated
ministry_caem,oil_plus10,original_CAEM_2024_actual_2025_forecast,government_domestic_debt,Government domestic debt / GDP,percent GDP,annual,2014,,unavailable_source_error,legacy_historical_input,CAEM.xlsb / native formula export,6a. SEI,C32,original_CAEM_formula_graph_and_HPP_HPF; corrected_per_year_two_residual_solver,FR01,"{""error"":""#VALUE!"",""detail"":""non-numeric scalar: ' '""}",[],associated_model_indicator,source-defined; see source formula,false,,Associated model indicator; not proof of a direct FR atom.,formula_calculated
ministry_caem,oil_plus10,original_CAEM_2024_actual_2025_forecast,government_external_debt,Government external debt / GDP,percent GDP,annual,2014,,unavailable_source_error,legacy_historical_input,CAEM.xlsb / native formula export,6a. SEI,C33,original_CAEM_formula_graph_and_HPP_HPF; corrected_per_year_two_residual_solver,FR01,"{""error"":""#VALUE!"",""detail"":""non-numeric scalar: ' '""}",[],associated_model_indicator,source-defined; see source formula,false,,Associated model indicator; not proof of a direct FR atom.,formula_calculated
ministry_caem,oil_plus10,original_CAEM_2024_actual_2025_forecast,government_total_debt,Total government debt / GDP,percent GDP,annual,2014,,unavailable_source_error,legacy_historical_input,CAEM.xlsb / native formula export,6a. SEI,C34,original_CAEM_formula_graph_and_HPP_HPF; corrected_per_year_two_residual_solver,FR01,"{""error"":""#VALUE!"",""detail"":""non-numeric scalar: ' '""}",[],associated_model_indicator,source-defined; see source formula,false,,Associated model indicator; not proof of a direct FR atom.,formula_calculated
ministry_caem,oil_plus10,original_CAEM_2024_actual_2025_forecast,current_account,Current account / GDP,percent GDP,annual,2014,13.864612694254424,run_calculated,legacy_historical_input,CAEM.xlsb / native formula export,6a. SEI,C37,original_CAEM_formula_graph_and_HPP_HPF; corrected_per_year_two_residual_solver,FR12,,[],associated_model_indicator,source-defined; see source formula,false,,Associated model indicator; not proof of a direct FR atom.,formula_calculated
ministry_caem,oil_plus10,original_CAEM_2024_actual_2025_forecast,net_fdi,Net FDI / GDP,percent GDP,annual,2014,-2.9294992213725197,run_calculated,legacy_historical_input,CAEM.xlsb / native formula export,6a. SEI,C38,original_CAEM_formula_graph_and_HPP_HPF; corrected_per_year_two_residual_solver,FR12,,[],associated_model_indicator,source-defined; see source formula,false,,Associated model indicator; not proof of a direct FR atom.,formula_calculated
ministry_caem,oil_plus10,original_CAEM_2024_actual_2025_forecast,portfolio_other_investment,Portfolio and other investment / GDP,percent GDP,annual,2014,0.5708602418743997,run_calculated,legacy_historical_input,CAEM.xlsb / native formula export,6a. SEI,C39,original_CAEM_formula_graph_and_HPP_HPF; corrected_per_year_two_residual_solver,FR12,,[],associated_model_indicator,source-defined; see source formula,false,,Associated model indicator; not proof of a direct FR atom.,formula_calculated
ministry_caem,oil_plus10,original_CAEM_2024_actual_2025_forecast,reserves_ratio,Reserves / GDP,percent GDP,annual,2014,18.287133054642876,run_calculated,legacy_historical_input,CAEM.xlsb / native formula export,6a. SEI,C40,original_CAEM_formula_graph_and_HPP_HPF; corrected_per_year_two_residual_solver,FR12,,[],associated_model_indicator,source-defined; see source formula,false,,Associated model indicator; not proof of a direct FR atom.,formula_calculated
ministry_caem,oil_plus10,original_CAEM_2024_actual_2025_forecast,reserves_broad_money,Reserves / broad money,percent,annual,2014,50.04084382940089,run_calculated,legacy_historical_input,CAEM.xlsb / native formula export,6a. SEI,C41,original_CAEM_formula_graph_and_HPP_HPF; corrected_per_year_two_residual_solver,FR12,,[],associated_model_indicator,source-defined; see source formula,false,,Associated model indicator; not proof of a direct FR atom.,formula_calculated
ministry_caem,oil_plus10,original_CAEM_2024_actual_2025_forecast,net_iip,Net international investment position / GDP,percent GDP,annual,2014,0.0,run_calculated,legacy_historical_input,CAEM.xlsb / native formula export,6a. SEI,C42,original_CAEM_formula_graph_and_HPP_HPF; corrected_per_year_two_residual_solver,FR12,,[],associated_model_indicator,source-defined; see source formula,false,,Associated model indicator; not proof of a direct FR atom.,formula_calculated
ministry_caem,oil_plus10,original_CAEM_2024_actual_2025_forecast,external_debt,External debt / GDP,percent GDP,annual,2014,16.10611067733901,run_calculated,legacy_historical_input,CAEM.xlsb / native formula export,6a. SEI,C43,original_CAEM_formula_graph_and_HPP_HPF; corrected_per_year_two_residual_solver,FR12,,[],associated_model_indicator,source-defined; see source formula,false,,Associated model indicator; not proof of a direct FR atom.,formula_calculated
ministry_caem,oil_plus10,original_CAEM_2024_actual_2025_forecast,saving_investment,Savings-investment balance / GDP,percent GDP,annual,2014,12.814587930003162,run_calculated,legacy_historical_input,CAEM.xlsb / native formula export,6a. SEI,C46,original_CAEM_formula_graph_and_HPP_HPF; corrected_per_year_two_residual_solver,FR12,,[],associated_model_indicator,source-defined; see source formula,false,,Associated model indicator; not proof of a direct FR atom.,formula_calculated
ministry_caem,oil_plus10,original_CAEM_2024_actual_2025_forecast,monetary_nfa,Monetary net foreign assets / GDP,percent GDP,annual,2014,17.75445328007605,run_calculated,legacy_historical_input,CAEM.xlsb / native formula export,6a. SEI,C52,original_CAEM_formula_graph_and_HPP_HPF; corrected_per_year_two_residual_solver,FR12,,[],associated_model_indicator,source-defined; see source formula,false,,Associated model indicator; not proof of a direct FR atom.,formula_calculated
ministry_caem,oil_plus10,original_CAEM_2024_actual_2025_forecast,monetary_nda,Monetary net domestic assets / GDP,percent GDP,annual,2014,21.67474693374973,run_calculated,legacy_historical_input,CAEM.xlsb / native formula export,6a. SEI,C53,original_CAEM_formula_graph_and_HPP_HPF; corrected_per_year_two_residual_solver,FR12,,[],associated_model_indicator,source-defined; see source formula,false,,Associated model indicator; not proof of a direct FR atom.,formula_calculated
ministry_caem,oil_plus10,original_CAEM_2024_actual_2025_forecast,private_credit_ratio,Private sector credit / GDP,percent GDP,annual,2014,30.638025213194815,run_calculated,legacy_historical_input,CAEM.xlsb / native formula export,6a. SEI,C55,original_CAEM_formula_graph_and_HPP_HPF; corrected_per_year_two_residual_solver,FR01,,[],associated_model_indicator,source-defined; see source formula,false,,Associated model indicator; not proof of a direct FR atom.,formula_calculated
ministry_caem,oil_plus10,original_CAEM_2024_actual_2025_forecast,broad_money_ratio,Broad money / GDP,percent GDP,annual,2014,36.544413833202576,run_calculated,legacy_historical_input,CAEM.xlsb / native formula export,6a. SEI,C57,original_CAEM_formula_graph_and_HPP_HPF; corrected_per_year_two_residual_solver,FR01,,[],associated_model_indicator,source-defined; see source formula,false,,Associated model indicator; not proof of a direct FR atom.,formula_calculated
ministry_caem,oil_plus10,original_CAEM_2024_actual_2025_forecast,gdp_growth,Real GDP growth,percent,annual,2015,1.0999999999999899,run_calculated,legacy_historical_input,CAEM.xlsb / native formula export,6a. SEI,D9,original_CAEM_formula_graph_and_HPP_HPF; corrected_per_year_two_residual_solver,FR01,,"[""FR1""]",direct_original_output_atom,constant-price GDP growth,false,ministry_caem:source:6a. SEI:row9,Exact original row now exported by the actual CAEM engine; source unit/header caveats preserved.,formula_calculated
ministry_caem,oil_plus10,original_CAEM_2024_actual_2025_forecast,output_gap,Output gap / potential GDP,percent,annual,2015,6.71261116718096,run_calculated,legacy_historical_input,CAEM.xlsb / native formula export,6a. SEI,D10,original_CAEM_formula_graph_and_HPP_HPF; corrected_per_year_two_residual_solver,FR01,,[],associated_model_indicator,source-defined; see source formula,false,,Associated model indicator; not proof of a direct FR atom.,formula_calculated
ministry_caem,oil_plus10,original_CAEM_2024_actual_2025_forecast,domestic_demand_growth,Domestic demand growth,percent,annual,2015,2.6814512811361713,run_calculated,legacy_historical_input,CAEM.xlsb / native formula export,6a. SEI,D11,original_CAEM_formula_graph_and_HPP_HPF; corrected_per_year_two_residual_solver,FR01,,[],associated_model_indicator,source-defined; see source formula,false,,Associated model indicator; not proof of a direct FR atom.,formula_calculated
ministry_caem,oil_plus10,original_CAEM_2024_actual_2025_forecast,consumption_growth,Total consumption growth,percent,annual,2015,8.510009843170806,run_calculated,legacy_historical_input,CAEM.xlsb / native formula export,6a. SEI,D12,original_CAEM_formula_graph_and_HPP_HPF; corrected_per_year_two_residual_solver,FR08,,[],associated_model_indicator,source-defined; see source formula,false,,Associated model indicator; not proof of a direct FR atom.,formula_calculated
ministry_caem,oil_plus10,original_CAEM_2024_actual_2025_forecast,private_consumption_growth,Private consumption growth,percent,annual,2015,10.080405305856676,run_calculated,legacy_historical_input,CAEM.xlsb / native formula export,6a. SEI,D13,original_CAEM_formula_graph_and_HPP_HPF; corrected_per_year_two_residual_solver,FR08,,[],associated_model_indicator,source-defined; see source formula,false,,Associated model indicator; not proof of a direct FR atom.,formula_calculated
ministry_caem,oil_plus10,original_CAEM_2024_actual_2025_forecast,public_consumption_growth,Public consumption growth,percent,annual,2015,1.4999999999999902,run_calculated,legacy_historical_input,CAEM.xlsb / native formula export,6a. SEI,D14,original_CAEM_formula_graph_and_HPP_HPF; corrected_per_year_two_residual_solver,FR08,,[],associated_model_indicator,source-defined; see source formula,false,,Associated model indicator; not proof of a direct FR atom.,formula_calculated
ministry_caem,oil_plus10,original_CAEM_2024_actual_2025_forecast,investment_growth,Total real investment growth,percent,annual,2015,-8.200000000000006,run_calculated,legacy_historical_input,CAEM.xlsb / native formula export,6a. SEI,D15,original_CAEM_formula_graph_and_HPP_HPF; corrected_per_year_two_residual_solver,FR06,,[],associated_model_indicator,source-defined; see source formula,false,,Associated model indicator; not proof of a direct FR atom.,formula_calculated
ministry_caem,oil_plus10,original_CAEM_2024_actual_2025_forecast,exports_growth,Goods and services exports real growth,percent,annual,2015,-0.23999999999999577,run_calculated,legacy_historical_input,CAEM.xlsb / native formula export,6a. SEI,D16,original_CAEM_formula_graph_and_HPP_HPF; corrected_per_year_two_residual_solver,FR07,,[],associated_model_indicator,source-defined; see source formula,false,,Associated model indicator; not proof of a direct FR atom.,formula_calculated
ministry_caem,oil_plus10,original_CAEM_2024_actual_2025_forecast,imports_growth,Goods and services imports real growth,percent,annual,2015,8.389999999999986,run_calculated,legacy_historical_input,CAEM.xlsb / native formula export,6a. SEI,D17,original_CAEM_formula_graph_and_HPP_HPF; corrected_per_year_two_residual_solver,FR07,,[],associated_model_indicator,source-defined; see source formula,false,,Associated model indicator; not proof of a direct FR atom.,formula_calculated
ministry_caem,oil_plus10,original_CAEM_2024_actual_2025_forecast,cpi_avg,CPI inflation (period average),percent,annual,2015,4.0,run_calculated,legacy_historical_input,CAEM.xlsb / native formula export,6a. SEI,D19,original_CAEM_formula_graph_and_HPP_HPF; corrected_per_year_two_residual_solver,FR09,,"[""FR9""]",direct_original_output_atom,annual-average consumer-price inflation,false,ministry_caem:source:6a. SEI:row19,Exact original row now exported by the actual CAEM engine; source unit/header caveats preserved.,formula_calculated
ministry_caem,oil_plus10,original_CAEM_2024_actual_2025_forecast,gdp_deflator,GDP deflator growth,percent,annual,2015,-8.855123796287785,run_calculated,legacy_historical_input,CAEM.xlsb / native formula export,6a. SEI,D20,original_CAEM_formula_graph_and_HPP_HPF; corrected_per_year_two_residual_solver,FR01,,"[""FR1""]",direct_original_output_atom,implicit GDP deflator growth,false,ministry_caem:source:6a. SEI:row20,Exact original row now exported by the actual CAEM engine; source unit/header caveats preserved.,formula_calculated
ministry_caem,oil_plus10,original_CAEM_2024_actual_2025_forecast,policy_rate,Policy interest rate,percent,annual,2015,,unavailable_source_blank,legacy_historical_input,CAEM.xlsb / native formula export,6a. SEI,D21,original_CAEM_formula_graph_and_HPP_HPF; corrected_per_year_two_residual_solver,FR09,,[],associated_model_indicator,source-defined; see source formula,false,,Associated model indicator; not proof of a direct FR atom.,original_literal
ministry_caem,oil_plus10,original_CAEM_2024_actual_2025_forecast,reer,Real effective exchange rate index,"index, 2010=100",annual,2015,110.00810598870943,run_calculated,legacy_historical_input,CAEM.xlsb / native formula export,6a. SEI,D24,original_CAEM_formula_graph_and_HPP_HPF; corrected_per_year_two_residual_solver,FR10,,[],associated_model_indicator,source-defined; see source formula,false,,Associated model indicator; not proof of a direct FR atom.,formula_calculated
ministry_caem,oil_plus10,original_CAEM_2024_actual_2025_forecast,reer_growth,Real effective exchange rate change,percent,annual,2015,-24.955229054143345,run_calculated,legacy_historical_input,CAEM.xlsb / native formula export,6a. SEI,D25,original_CAEM_formula_graph_and_HPP_HPF; corrected_per_year_two_residual_solver,FR10,,[],associated_model_indicator,source-defined; see source formula,false,,Associated model indicator; not proof of a direct FR atom.,formula_calculated
ministry_caem,oil_plus10,original_CAEM_2024_actual_2025_forecast,fiscal_revenue_ratio,Fiscal revenue / GDP,percent GDP,annual,2015,33.86528683523354,run_calculated,legacy_historical_input,CAEM.xlsb / native formula export,6a. SEI,D28,original_CAEM_formula_graph_and_HPP_HPF; corrected_per_year_two_residual_solver,FR01,,[],associated_model_indicator,source-defined; see source formula,false,,Associated model indicator; not proof of a direct FR atom.,formula_calculated
ministry_caem,oil_plus10,original_CAEM_2024_actual_2025_forecast,fiscal_expenditure_ratio,Fiscal expenditure / GDP,percent GDP,annual,2015,37.73741052408974,run_calculated,legacy_historical_input,CAEM.xlsb / native formula export,6a. SEI,D29,original_CAEM_formula_graph_and_HPP_HPF; corrected_per_year_two_residual_solver,FR01,,[],associated_model_indicator,source-defined; see source formula,false,,Associated model indicator; not proof of a direct FR atom.,formula_calculated
ministry_caem,oil_plus10,original_CAEM_2024_actual_2025_forecast,overall_fiscal_balance,Overall fiscal balance / GDP,percent GDP,annual,2015,-3.872123688856198,run_calculated,legacy_historical_input,CAEM.xlsb / native formula export,6a. SEI,D30,original_CAEM_formula_graph_and_HPP_HPF; corrected_per_year_two_residual_solver,FR01,,[],associated_model_indicator,source-defined; see source formula,false,,Associated model indicator; not proof of a direct FR atom.,formula_calculated
ministry_caem,oil_plus10,original_CAEM_2024_actual_2025_forecast,government_domestic_debt,Government domestic debt / GDP,percent GDP,annual,2015,,unavailable_source_error,legacy_historical_input,CAEM.xlsb / native formula export,6a. SEI,D32,original_CAEM_formula_graph_and_HPP_HPF; corrected_per_year_two_residual_solver,FR01,"{""error"":""#VALUE!"",""detail"":""non-numeric scalar: ' '""}",[],associated_model_indicator,source-defined; see source formula,false,,Associated model indicator; not proof of a direct FR atom.,formula_calculated
ministry_caem,oil_plus10,original_CAEM_2024_actual_2025_forecast,government_external_debt,Government external debt / GDP,percent GDP,annual,2015,,unavailable_source_error,legacy_historical_input,CAEM.xlsb / native formula export,6a. SEI,D33,original_CAEM_formula_graph_and_HPP_HPF; corrected_per_year_two_residual_solver,FR01,"{""error"":""#VALUE!"",""detail"":""non-numeric scalar: ' '""}",[],associated_model_indicator,source-defined; see source formula,false,,Associated model indicator; not proof of a direct FR atom.,formula_calculated
ministry_caem,oil_plus10,original_CAEM_2024_actual_2025_forecast,government_total_debt,Total government debt / GDP,percent GDP,annual,2015,,unavailable_source_error,legacy_historical_input,CAEM.xlsb / native formula export,6a. SEI,D34,original_CAEM_formula_graph_and_HPP_HPF; corrected_per_year_two_residual_solver,FR01,"{""error"":""#VALUE!"",""detail"":""non-numeric scalar: ' '""}",[],associated_model_indicator,source-defined; see source formula,false,,Associated model indicator; not proof of a direct FR atom.,formula_calculated
ministry_caem,oil_plus10,original_CAEM_2024_actual_2025_forecast,current_account,Current account / GDP,percent GDP,annual,2015,-0.42078025009194564,run_calculated,legacy_historical_input,CAEM.xlsb / native formula export,6a. SEI,D37,original_CAEM_formula_graph_and_HPP_HPF; corrected_per_year_two_residual_solver,FR12,,[],associated_model_indicator,source-defined; see source formula,false,,Associated model indicator; not proof of a direct FR atom.,formula_calculated
ministry_caem,oil_plus10,original_CAEM_2024_actual_2025_forecast,net_fdi,Net FDI / GDP,percent GDP,annual,2015,-1.481221956601692,run_calculated,legacy_historical_input,CAEM.xlsb / native formula export,6a. SEI,D38,original_CAEM_formula_graph_and_HPP_HPF; corrected_per_year_two_residual_solver,FR12,,[],associated_model_indicator,source-defined; see source formula,false,,Associated model indicator; not proof of a direct FR atom.,formula_calculated
ministry_caem,oil_plus10,original_CAEM_2024_actual_2025_forecast,portfolio_other_investment,Portfolio and other investment / GDP,percent GDP,annual,2015,0.7175699575211475,run_calculated,legacy_historical_input,CAEM.xlsb / native formula export,6a. SEI,D39,original_CAEM_formula_graph_and_HPP_HPF; corrected_per_year_two_residual_solver,FR12,,[],associated_model_indicator,source-defined; see source formula,false,,Associated model indicator; not proof of a direct FR atom.,formula_calculated
ministry_caem,oil_plus10,original_CAEM_2024_actual_2025_forecast,reserves_ratio,Reserves / GDP,percent GDP,annual,2015,9.466027232438396,run_calculated,legacy_historical_input,CAEM.xlsb / native formula export,6a. SEI,D40,original_CAEM_formula_graph_and_HPP_HPF; corrected_per_year_two_residual_solver,FR12,,[],associated_model_indicator,source-defined; see source formula,false,,Associated model indicator; not proof of a direct FR atom.,formula_calculated
ministry_caem,oil_plus10,original_CAEM_2024_actual_2025_forecast,reserves_broad_money,Reserves / broad money,percent,annual,2015,36.750414228976155,run_calculated,legacy_historical_input,CAEM.xlsb / native formula export,6a. SEI,D41,original_CAEM_formula_graph_and_HPP_HPF; corrected_per_year_two_residual_solver,FR12,,[],associated_model_indicator,source-defined; see source formula,false,,Associated model indicator; not proof of a direct FR atom.,formula_calculated
ministry_caem,oil_plus10,original_CAEM_2024_actual_2025_forecast,net_iip,Net international investment position / GDP,percent GDP,annual,2015,0.0,run_calculated,legacy_historical_input,CAEM.xlsb / native formula export,6a. SEI,D42,original_CAEM_formula_graph_and_HPP_HPF; corrected_per_year_two_residual_solver,FR12,,[],associated_model_indicator,source-defined; see source formula,false,,Associated model indicator; not proof of a direct FR atom.,formula_calculated
ministry_caem,oil_plus10,original_CAEM_2024_actual_2025_forecast,external_debt,External debt / GDP,percent GDP,annual,2015,38.24762982381769,run_calculated,legacy_historical_input,CAEM.xlsb / native formula export,6a. SEI,D43,original_CAEM_formula_graph_and_HPP_HPF; corrected_per_year_two_residual_solver,FR12,,[],associated_model_indicator,source-defined; see source formula,false,,Associated model indicator; not proof of a direct FR atom.,formula_calculated
ministry_caem,oil_plus10,original_CAEM_2024_actual_2025_forecast,saving_investment,Savings-investment balance / GDP,percent GDP,annual,2015,-0.7499513199705721,run_calculated,legacy_historical_input,CAEM.xlsb / native formula export,6a. SEI,D46,original_CAEM_formula_graph_and_HPP_HPF; corrected_per_year_two_residual_solver,FR12,,[],associated_model_indicator,source-defined; see source formula,false,,Associated model indicator; not proof of a direct FR atom.,formula_calculated
ministry_caem,oil_plus10,original_CAEM_2024_actual_2025_forecast,monetary_nfa,Monetary net foreign assets / GDP,percent GDP,annual,2015,19.640633938304525,run_calculated,legacy_historical_input,CAEM.xlsb / native formula export,6a. SEI,D52,original_CAEM_formula_graph_and_HPP_HPF; corrected_per_year_two_residual_solver,FR12,,[],associated_model_indicator,source-defined; see source formula,false,,Associated model indicator; not proof of a direct FR atom.,formula_calculated
ministry_caem,oil_plus10,original_CAEM_2024_actual_2025_forecast,monetary_nda,Monetary net domestic assets / GDP,percent GDP,annual,2015,25.512635585288706,run_calculated,legacy_historical_input,CAEM.xlsb / native formula export,6a. SEI,D53,original_CAEM_formula_graph_and_HPP_HPF; corrected_per_year_two_residual_solver,FR12,,[],associated_model_indicator,source-defined; see source formula,false,,Associated model indicator; not proof of a direct FR atom.,formula_calculated
ministry_caem,oil_plus10,original_CAEM_2024_actual_2025_forecast,private_credit_ratio,Private sector credit / GDP,percent GDP,annual,2015,38.5207861386723,run_calculated,legacy_historical_input,CAEM.xlsb / native formula export,6a. SEI,D55,original_CAEM_formula_graph_and_HPP_HPF; corrected_per_year_two_residual_solver,FR01,,[],associated_model_indicator,source-defined; see source formula,false,,Associated model indicator; not proof of a direct FR atom.,formula_calculated
ministry_caem,oil_plus10,original_CAEM_2024_actual_2025_forecast,broad_money_ratio,Broad money / GDP,percent GDP,annual,2015,39.14473463115116,run_calculated,legacy_historical_input,CAEM.xlsb / native formula export,6a. SEI,D57,original_CAEM_formula_graph_and_HPP_HPF; corrected_per_year_two_residual_solver,FR01,,[],associated_model_indicator,source-defined; see source formula,false,,Associated model indicator; not proof of a direct FR atom.,formula_calculated
ministry_caem,oil_plus10,original_CAEM_2024_actual_2025_forecast,gdp_growth,Real GDP growth,percent,annual,2016,-3.1000000000000028,run_calculated,legacy_historical_input,CAEM.xlsb / native formula export,6a. SEI,E9,original_CAEM_formula_graph_and_HPP_HPF; corrected_per_year_two_residual_solver,FR01,,"[""FR1""]",direct_original_output_atom,constant-price GDP growth,false,ministry_caem:source:6a. SEI:row9,Exact original row now exported by the actual CAEM engine; source unit/header caveats preserved.,formula_calculated
ministry_caem,oil_plus10,original_CAEM_2024_actual_2025_forecast,output_gap,Output gap / potential GDP,percent,annual,2016,-1.7839758551862706,run_calculated,legacy_historical_input,CAEM.xlsb / native formula export,6a. SEI,E10,original_CAEM_formula_graph_and_HPP_HPF; corrected_per_year_two_residual_solver,FR01,,[],associated_model_indicator,source-defined; see source formula,false,,Associated model indicator; not proof of a direct FR atom.,formula_calculated
ministry_caem,oil_plus10,original_CAEM_2024_actual_2025_forecast,domestic_demand_growth,Domestic demand growth,percent,annual,2016,-4.141220598372319,run_calculated,legacy_historical_input,CAEM.xlsb / native formula export,6a. SEI,E11,original_CAEM_formula_graph_and_HPP_HPF; corrected_per_year_two_residual_solver,FR01,,[],associated_model_indicator,source-defined; see source formula,false,,Associated model indicator; not proof of a direct FR atom.,formula_calculated
ministry_caem,oil_plus10,original_CAEM_2024_actual_2025_forecast,consumption_growth,Total consumption growth,percent,annual,2016,2.601179581988,run_calculated,legacy_historical_input,CAEM.xlsb / native formula export,6a. SEI,E12,original_CAEM_formula_graph_and_HPP_HPF; corrected_per_year_two_residual_solver,FR08,,[],associated_model_indicator,source-defined; see source formula,false,,Associated model indicator; not proof of a direct FR atom.,formula_calculated
ministry_caem,oil_plus10,original_CAEM_2024_actual_2025_forecast,private_consumption_growth,Private consumption growth,percent,annual,2016,1.7338708342181208,run_calculated,legacy_historical_input,CAEM.xlsb / native formula export,6a. SEI,E13,original_CAEM_formula_graph_and_HPP_HPF; corrected_per_year_two_residual_solver,FR08,,[],associated_model_indicator,source-defined; see source formula,false,,Associated model indicator; not proof of a direct FR atom.,formula_calculated
ministry_caem,oil_plus10,original_CAEM_2024_actual_2025_forecast,public_consumption_growth,Public consumption growth,percent,annual,2016,6.799999999999984,run_calculated,legacy_historical_input,CAEM.xlsb / native formula export,6a. SEI,E14,original_CAEM_formula_graph_and_HPP_HPF; corrected_per_year_two_residual_solver,FR08,,[],associated_model_indicator,source-defined; see source formula,false,,Associated model indicator; not proof of a direct FR atom.,formula_calculated
ministry_caem,oil_plus10,original_CAEM_2024_actual_2025_forecast,investment_growth,Total real investment growth,percent,annual,2016,-19.019999999999992,run_calculated,legacy_historical_input,CAEM.xlsb / native formula export,6a. SEI,E15,original_CAEM_formula_graph_and_HPP_HPF; corrected_per_year_two_residual_solver,FR06,,[],associated_model_indicator,source-defined; see source formula,false,,Associated model indicator; not proof of a direct FR atom.,formula_calculated
ministry_caem,oil_plus10,original_CAEM_2024_actual_2025_forecast,exports_growth,Goods and services exports real growth,percent,annual,2016,-1.9900000000000029,run_calculated,legacy_historical_input,CAEM.xlsb / native formula export,6a. SEI,E16,original_CAEM_formula_graph_and_HPP_HPF; corrected_per_year_two_residual_solver,FR07,,[],associated_model_indicator,source-defined; see source formula,false,,Associated model indicator; not proof of a direct FR atom.,formula_calculated
ministry_caem,oil_plus10,original_CAEM_2024_actual_2025_forecast,imports_growth,Goods and services imports real growth,percent,annual,2016,-3.2199999999999895,run_calculated,legacy_historical_input,CAEM.xlsb / native formula export,6a. SEI,E17,original_CAEM_formula_graph_and_HPP_HPF; corrected_per_year_two_residual_solver,FR07,,[],associated_model_indicator,source-defined; see source formula,false,,Associated model indicator; not proof of a direct FR atom.,formula_calculated
ministry_caem,oil_plus10,original_CAEM_2024_actual_2025_forecast,cpi_avg,CPI inflation (period average),percent,annual,2016,12.400000000000006,run_calculated,legacy_historical_input,CAEM.xlsb / native formula export,6a. SEI,E19,original_CAEM_formula_graph_and_HPP_HPF; corrected_per_year_two_residual_solver,FR09,,"[""FR9""]",direct_original_output_atom,annual-average consumer-price inflation,false,ministry_caem:source:6a. SEI:row19,Exact original row now exported by the actual CAEM engine; source unit/header caveats preserved.,formula_calculated
ministry_caem,oil_plus10,original_CAEM_2024_actual_2025_forecast,gdp_deflator,GDP deflator growth,percent,annual,2016,14.671400392680624,run_calculated,legacy_historical_input,CAEM.xlsb / native formula export,6a. SEI,E20,original_CAEM_formula_graph_and_HPP_HPF; corrected_per_year_two_residual_solver,FR01,,"[""FR1""]",direct_original_output_atom,implicit GDP deflator growth,false,ministry_caem:source:6a. SEI:row20,Exact original row now exported by the actual CAEM engine; source unit/header caveats preserved.,formula_calculated
ministry_caem,oil_plus10,original_CAEM_2024_actual_2025_forecast,policy_rate,Policy interest rate,percent,annual,2016,,unavailable_source_blank,legacy_historical_input,CAEM.xlsb / native formula export,6a. SEI,E21,original_CAEM_formula_graph_and_HPP_HPF; corrected_per_year_two_residual_solver,FR09,,[],associated_model_indicator,source-defined; see source formula,false,,Associated model indicator; not proof of a direct FR atom.,original_literal
ministry_caem,oil_plus10,original_CAEM_2024_actual_2025_forecast,reer,Real effective exchange rate index,"index, 2010=100",annual,2016,91.2866942682561,run_calculated,legacy_historical_input,CAEM.xlsb / native formula export,6a. SEI,E24,original_CAEM_formula_graph_and_HPP_HPF; corrected_per_year_two_residual_solver,FR10,,[],associated_model_indicator,source-defined; see source formula,false,,Associated model indicator; not proof of a direct FR atom.,formula_calculated
ministry_caem,oil_plus10,original_CAEM_2024_actual_2025_forecast,reer_growth,Real effective exchange rate change,percent,annual,2016,-17.018211114710745,run_calculated,legacy_historical_input,CAEM.xlsb / native formula export,6a. SEI,E25,original_CAEM_formula_graph_and_HPP_HPF; corrected_per_year_two_residual_solver,FR10,,[],associated_model_indicator,source-defined; see source formula,false,,Associated model indicator; not proof of a direct FR atom.,formula_calculated
ministry_caem,oil_plus10,original_CAEM_2024_actual_2025_forecast,fiscal_revenue_ratio,Fiscal revenue / GDP,percent GDP,annual,2016,34.252506719050984,run_calculated,legacy_historical_input,CAEM.xlsb / native formula export,6a. SEI,E28,original_CAEM_formula_graph_and_HPP_HPF; corrected_per_year_two_residual_solver,FR01,,[],associated_model_indicator,source-defined; see source formula,false,,Associated model indicator; not proof of a direct FR atom.,formula_calculated
ministry_caem,oil_plus10,original_CAEM_2024_actual_2025_forecast,fiscal_expenditure_ratio,Fiscal expenditure / GDP,percent GDP,annual,2016,33.16033794509575,run_calculated,legacy_historical_input,CAEM.xlsb / native formula export,6a. SEI,E29,original_CAEM_formula_graph_and_HPP_HPF; corrected_per_year_two_residual_solver,FR01,,[],associated_model_indicator,source-defined; see source formula,false,,Associated model indicator; not proof of a direct FR atom.,formula_calculated
ministry_caem,oil_plus10,original_CAEM_2024_actual_2025_forecast,overall_fiscal_balance,Overall fiscal balance / GDP,percent GDP,annual,2016,1.0921687739552417,run_calculated,legacy_historical_input,CAEM.xlsb / native formula export,6a. SEI,E30,original_CAEM_formula_graph_and_HPP_HPF; corrected_per_year_two_residual_solver,FR01,,[],associated_model_indicator,source-defined; see source formula,false,,Associated model indicator; not proof of a direct FR atom.,formula_calculated
ministry_caem,oil_plus10,original_CAEM_2024_actual_2025_forecast,government_domestic_debt,Government domestic debt / GDP,percent GDP,annual,2016,,unavailable_source_error,legacy_historical_input,CAEM.xlsb / native formula export,6a. SEI,E32,original_CAEM_formula_graph_and_HPP_HPF; corrected_per_year_two_residual_solver,FR01,"{""error"":""#VALUE!"",""detail"":""non-numeric scalar: ' '""}",[],associated_model_indicator,source-defined; see source formula,false,,Associated model indicator; not proof of a direct FR atom.,formula_calculated
ministry_caem,oil_plus10,original_CAEM_2024_actual_2025_forecast,government_external_debt,Government external debt / GDP,percent GDP,annual,2016,,unavailable_source_error,legacy_historical_input,CAEM.xlsb / native formula export,6a. SEI,E33,original_CAEM_formula_graph_and_HPP_HPF; corrected_per_year_two_residual_solver,FR01,"{""error"":""#VALUE!"",""detail"":""non-numeric scalar: ' '""}",[],associated_model_indicator,source-defined; see source formula,false,,Associated model indicator; not proof of a direct FR atom.,formula_calculated
ministry_caem,oil_plus10,original_CAEM_2024_actual_2025_forecast,government_total_debt,Total government debt / GDP,percent GDP,annual,2016,,unavailable_source_error,legacy_historical_input,CAEM.xlsb / native formula export,6a. SEI,E34,original_CAEM_formula_graph_and_HPP_HPF; corrected_per_year_two_residual_solver,FR01,"{""error"":""#VALUE!"",""detail"":""non-numeric scalar: ' '""}",[],associated_model_indicator,source-defined; see source formula,false,,Associated model indicator; not proof of a direct FR atom.,formula_calculated
ministry_caem,oil_plus10,original_CAEM_2024_actual_2025_forecast,current_account,Current account / GDP,percent GDP,annual,2016,-3.602483069977427,run_calculated,legacy_historical_input,CAEM.xlsb / native formula export,6a. SEI,E37,original_CAEM_formula_graph_and_HPP_HPF; corrected_per_year_two_residual_solver,FR12,,[],associated_model_indicator,source-defined; see source formula,false,,Associated model indicator; not proof of a direct FR atom.,formula_calculated
ministry_caem,oil_plus10,original_CAEM_2024_actual_2025_forecast,net_fdi,Net FDI / GDP,percent GDP,annual,2016,-5.086790610539974,run_calculated,legacy_historical_input,CAEM.xlsb / native formula export,6a. SEI,E38,original_CAEM_formula_graph_and_HPP_HPF; corrected_per_year_two_residual_solver,FR12,,[],associated_model_indicator,source-defined; see source formula,false,,Associated model indicator; not proof of a direct FR atom.,formula_calculated
ministry_caem,oil_plus10,original_CAEM_2024_actual_2025_forecast,portfolio_other_investment,Portfolio and other investment / GDP,percent GDP,annual,2016,-0.11694072059339482,run_calculated,legacy_historical_input,CAEM.xlsb / native formula export,6a. SEI,E39,original_CAEM_formula_graph_and_HPP_HPF; corrected_per_year_two_residual_solver,FR12,,[],associated_model_indicator,source-defined; see source formula,false,,Associated model indicator; not proof of a direct FR atom.,formula_calculated
ministry_caem,oil_plus10,original_CAEM_2024_actual_2025_forecast,reserves_ratio,Reserves / GDP,percent GDP,annual,2016,10.49677466189603,run_calculated,legacy_historical_input,CAEM.xlsb / native formula export,6a. SEI,E40,original_CAEM_formula_graph_and_HPP_HPF; corrected_per_year_two_residual_solver,FR12,,[],associated_model_indicator,source-defined; see source formula,false,,Associated model indicator; not proof of a direct FR atom.,formula_calculated
ministry_caem,oil_plus10,original_CAEM_2024_actual_2025_forecast,reserves_broad_money,Reserves / broad money,percent,annual,2016,33.68861484059406,run_calculated,legacy_historical_input,CAEM.xlsb / native formula export,6a. SEI,E41,original_CAEM_formula_graph_and_HPP_HPF; corrected_per_year_two_residual_solver,FR12,,[],associated_model_indicator,source-defined; see source formula,false,,Associated model indicator; not proof of a direct FR atom.,formula_calculated
ministry_caem,oil_plus10,original_CAEM_2024_actual_2025_forecast,net_iip,Net international investment position / GDP,percent GDP,annual,2016,0.0,run_calculated,legacy_historical_input,CAEM.xlsb / native formula export,6a. SEI,E42,original_CAEM_formula_graph_and_HPP_HPF; corrected_per_year_two_residual_solver,FR12,,[],associated_model_indicator,source-defined; see source formula,false,,Associated model indicator; not proof of a direct FR atom.,formula_calculated
ministry_caem,oil_plus10,original_CAEM_2024_actual_2025_forecast,external_debt,External debt / GDP,percent GDP,annual,2016,42.80972771647357,run_calculated,legacy_historical_input,CAEM.xlsb / native formula export,6a. SEI,E43,original_CAEM_formula_graph_and_HPP_HPF; corrected_per_year_two_residual_solver,FR12,,[],associated_model_indicator,source-defined; see source formula,false,,Associated model indicator; not proof of a direct FR atom.,formula_calculated
ministry_caem,oil_plus10,original_CAEM_2024_actual_2025_forecast,saving_investment,Savings-investment balance / GDP,percent GDP,annual,2016,-3.104084690989847,run_calculated,legacy_historical_input,CAEM.xlsb / native formula export,6a. SEI,E46,original_CAEM_formula_graph_and_HPP_HPF; corrected_per_year_two_residual_solver,FR12,,[],associated_model_indicator,source-defined; see source formula,false,,Associated model indicator; not proof of a direct FR atom.,formula_calculated
ministry_caem,oil_plus10,original_CAEM_2024_actual_2025_forecast,monetary_nfa,Monetary net foreign assets / GDP,percent GDP,annual,2016,12.563701437876912,run_calculated,legacy_historical_input,CAEM.xlsb / native formula export,6a. SEI,E52,original_CAEM_formula_graph_and_HPP_HPF; corrected_per_year_two_residual_solver,FR12,,[],associated_model_indicator,source-defined; see source formula,false,,Associated model indicator; not proof of a direct FR atom.,formula_calculated
ministry_caem,oil_plus10,original_CAEM_2024_actual_2025_forecast,monetary_nda,Monetary net domestic assets / GDP,percent GDP,annual,2016,20.59835067701886,run_calculated,legacy_historical_input,CAEM.xlsb / native formula export,6a. SEI,E53,original_CAEM_formula_graph_and_HPP_HPF; corrected_per_year_two_residual_solver,FR12,,[],associated_model_indicator,source-defined; see source formula,false,,Associated model indicator; not proof of a direct FR atom.,formula_calculated
ministry_caem,oil_plus10,original_CAEM_2024_actual_2025_forecast,private_credit_ratio,Private sector credit / GDP,percent GDP,annual,2016,31.826945700287297,run_calculated,legacy_historical_input,CAEM.xlsb / native formula export,6a. SEI,E55,original_CAEM_formula_graph_and_HPP_HPF; corrected_per_year_two_residual_solver,FR01,,[],associated_model_indicator,source-defined; see source formula,false,,Associated model indicator; not proof of a direct FR atom.,formula_calculated
ministry_caem,oil_plus10,original_CAEM_2024_actual_2025_forecast,broad_money_ratio,Broad money / GDP,percent GDP,annual,2016,34.57100715837101,run_calculated,legacy_historical_input,CAEM.xlsb / native formula export,6a. SEI,E57,original_CAEM_formula_graph_and_HPP_HPF; corrected_per_year_two_residual_solver,FR01,,[],associated_model_indicator,source-defined; see source formula,false,,Associated model indicator; not proof of a direct FR atom.,formula_calculated
ministry_caem,oil_plus10,original_CAEM_2024_actual_2025_forecast,gdp_growth,Real GDP growth,percent,annual,2017,0.20000000000000018,run_calculated,legacy_historical_input,CAEM.xlsb / native formula export,6a. SEI,F9,original_CAEM_formula_graph_and_HPP_HPF; corrected_per_year_two_residual_solver,FR01,,"[""FR1""]",direct_original_output_atom,constant-price GDP growth,false,ministry_caem:source:6a. SEI:row9,Exact original row now exported by the actual CAEM engine; source unit/header caveats preserved.,formula_calculated
ministry_caem,oil_plus10,original_CAEM_2024_actual_2025_forecast,output_gap,Output gap / potential GDP,percent,annual,2017,-2.337772746013622,run_calculated,legacy_historical_input,CAEM.xlsb / native formula export,6a. SEI,F10,original_CAEM_formula_graph_and_HPP_HPF; corrected_per_year_two_residual_solver,FR01,,[],associated_model_indicator,source-defined; see source formula,false,,Associated model indicator; not proof of a direct FR atom.,formula_calculated
ministry_caem,oil_plus10,original_CAEM_2024_actual_2025_forecast,domestic_demand_growth,Domestic demand growth,percent,annual,2017,0.9706785944045837,run_calculated,legacy_historical_input,CAEM.xlsb / native formula export,6a. SEI,F11,original_CAEM_formula_graph_and_HPP_HPF; corrected_per_year_two_residual_solver,FR01,,[],associated_model_indicator,source-defined; see source formula,false,,Associated model indicator; not proof of a direct FR atom.,formula_calculated
ministry_caem,oil_plus10,original_CAEM_2024_actual_2025_forecast,consumption_growth,Total consumption growth,percent,annual,2017,0.88865907230955,run_calculated,legacy_historical_input,CAEM.xlsb / native formula export,6a. SEI,F12,original_CAEM_formula_graph_and_HPP_HPF; corrected_per_year_two_residual_solver,FR08,,[],associated_model_indicator,source-defined; see source formula,false,,Associated model indicator; not proof of a direct FR atom.,formula_calculated
ministry_caem,oil_plus10,original_CAEM_2024_actual_2025_forecast,private_consumption_growth,Private consumption growth,percent,annual,2017,0.8449990276891084,run_calculated,legacy_historical_input,CAEM.xlsb / native formula export,6a. SEI,F13,original_CAEM_formula_graph_and_HPP_HPF; corrected_per_year_two_residual_solver,FR08,,[],associated_model_indicator,source-defined; see source formula,false,,Associated model indicator; not proof of a direct FR atom.,formula_calculated
ministry_caem,oil_plus10,original_CAEM_2024_actual_2025_forecast,public_consumption_growth,Public consumption growth,percent,annual,2017,1.0900000000000132,run_calculated,legacy_historical_input,CAEM.xlsb / native formula export,6a. SEI,F14,original_CAEM_formula_graph_and_HPP_HPF; corrected_per_year_two_residual_solver,FR08,,[],associated_model_indicator,source-defined; see source formula,false,,Associated model indicator; not proof of a direct FR atom.,formula_calculated
ministry_caem,oil_plus10,original_CAEM_2024_actual_2025_forecast,investment_growth,Total real investment growth,percent,annual,2017,1.200000000000001,run_calculated,legacy_historical_input,CAEM.xlsb / native formula export,6a. SEI,F15,original_CAEM_formula_graph_and_HPP_HPF; corrected_per_year_two_residual_solver,FR06,,[],associated_model_indicator,source-defined; see source formula,false,,Associated model indicator; not proof of a direct FR atom.,formula_calculated
ministry_caem,oil_plus10,original_CAEM_2024_actual_2025_forecast,exports_growth,Goods and services exports real growth,percent,annual,2017,-2.199999999999991,run_calculated,legacy_historical_input,CAEM.xlsb / native formula export,6a. SEI,F16,original_CAEM_formula_graph_and_HPP_HPF; corrected_per_year_two_residual_solver,FR07,,[],associated_model_indicator,source-defined; see source formula,false,,Associated model indicator; not proof of a direct FR atom.,formula_calculated
ministry_caem,oil_plus10,original_CAEM_2024_actual_2025_forecast,imports_growth,Goods and services imports real growth,percent,annual,2017,-0.7999999999999896,run_calculated,legacy_historical_input,CAEM.xlsb / native formula export,6a. SEI,F17,original_CAEM_formula_graph_and_HPP_HPF; corrected_per_year_two_residual_solver,FR07,,[],associated_model_indicator,source-defined; see source formula,false,,Associated model indicator; not proof of a direct FR atom.,formula_calculated
ministry_caem,oil_plus10,original_CAEM_2024_actual_2025_forecast,cpi_avg,CPI inflation (period average),percent,annual,2017,12.900000000000006,run_calculated,legacy_historical_input,CAEM.xlsb / native formula export,6a. SEI,F19,original_CAEM_formula_graph_and_HPP_HPF; corrected_per_year_two_residual_solver,FR09,,"[""FR9""]",direct_original_output_atom,annual-average consumer-price inflation,false,ministry_caem:source:6a. SEI:row19,Exact original row now exported by the actual CAEM engine; source unit/header caveats preserved.,formula_calculated
ministry_caem,oil_plus10,original_CAEM_2024_actual_2025_forecast,gdp_deflator,GDP deflator growth,percent,annual,2017,16.172400239669486,run_calculated,legacy_historical_input,CAEM.xlsb / native formula export,6a. SEI,F20,original_CAEM_formula_graph_and_HPP_HPF; corrected_per_year_two_residual_solver,FR01,,"[""FR1""]",direct_original_output_atom,implicit GDP deflator growth,false,ministry_caem:source:6a. SEI:row20,Exact original row now exported by the actual CAEM engine; source unit/header caveats preserved.,formula_calculated
ministry_caem,oil_plus10,original_CAEM_2024_actual_2025_forecast,policy_rate,Policy interest rate,percent,annual,2017,,unavailable_source_blank,legacy_historical_input,CAEM.xlsb / native formula export,6a. SEI,F21,original_CAEM_formula_graph_and_HPP_HPF; corrected_per_year_two_residual_solver,FR09,,[],associated_model_indicator,source-defined; see source formula,false,,Associated model indicator; not proof of a direct FR atom.,original_literal
ministry_caem,oil_plus10,original_CAEM_2024_actual_2025_forecast,reer,Real effective exchange rate index,"index, 2010=100",annual,2017,94.25934378392971,run_calculated,legacy_historical_input,CAEM.xlsb / native formula export,6a. SEI,F24,original_CAEM_formula_graph_and_HPP_HPF; corrected_per_year_two_residual_solver,FR10,,[],associated_model_indicator,source-defined; see source formula,false,,Associated model indicator; not proof of a direct FR atom.,formula_calculated
ministry_caem,oil_plus10,original_CAEM_2024_actual_2025_forecast,reer_growth,Real effective exchange rate change,percent,annual,2017,3.2563886111793616,run_calculated,legacy_historical_input,CAEM.xlsb / native formula export,6a. SEI,F25,original_CAEM_formula_graph_and_HPP_HPF; corrected_per_year_two_residual_solver,FR10,,[],associated_model_indicator,source-defined; see source formula,false,,Associated model indicator; not proof of a direct FR atom.,formula_calculated
ministry_caem,oil_plus10,original_CAEM_2024_actual_2025_forecast,fiscal_revenue_ratio,Fiscal revenue / GDP,percent GDP,annual,2017,34.22898059933635,run_calculated,legacy_historical_input,CAEM.xlsb / native formula export,6a. SEI,F28,original_CAEM_formula_graph_and_HPP_HPF; corrected_per_year_two_residual_solver,FR01,,[],associated_model_indicator,source-defined; see source formula,false,,Associated model indicator; not proof of a direct FR atom.,formula_calculated
ministry_caem,oil_plus10,original_CAEM_2024_actual_2025_forecast,fiscal_expenditure_ratio,Fiscal expenditure / GDP,percent GDP,annual,2017,34.06554424363572,run_calculated,legacy_historical_input,CAEM.xlsb / native formula export,6a. SEI,F29,original_CAEM_formula_graph_and_HPP_HPF; corrected_per_year_two_residual_solver,FR01,,[],associated_model_indicator,source-defined; see source formula,false,,Associated model indicator; not proof of a direct FR atom.,formula_calculated
ministry_caem,oil_plus10,original_CAEM_2024_actual_2025_forecast,overall_fiscal_balance,Overall fiscal balance / GDP,percent GDP,annual,2017,0.16343635570063553,run_calculated,legacy_historical_input,CAEM.xlsb / native formula export,6a. SEI,F30,original_CAEM_formula_graph_and_HPP_HPF; corrected_per_year_two_residual_solver,FR01,,[],associated_model_indicator,source-defined; see source formula,false,,Associated model indicator; not proof of a direct FR atom.,formula_calculated
ministry_caem,oil_plus10,original_CAEM_2024_actual_2025_forecast,government_domestic_debt,Government domestic debt / GDP,percent GDP,annual,2017,,unavailable_source_error,legacy_historical_input,CAEM.xlsb / native formula export,6a. SEI,F32,original_CAEM_formula_graph_and_HPP_HPF; corrected_per_year_two_residual_solver,FR01,"{""error"":""#VALUE!"",""detail"":""non-numeric scalar: ' '""}",[],associated_model_indicator,source-defined; see source formula,false,,Associated model indicator; not proof of a direct FR atom.,formula_calculated
ministry_caem,oil_plus10,original_CAEM_2024_actual_2025_forecast,government_external_debt,Government external debt / GDP,percent GDP,annual,2017,,unavailable_source_error,legacy_historical_input,CAEM.xlsb / native formula export,6a. SEI,F33,original_CAEM_formula_graph_and_HPP_HPF; corrected_per_year_two_residual_solver,FR01,"{""error"":""#VALUE!"",""detail"":""non-numeric scalar: ' '""}",[],associated_model_indicator,source-defined; see source formula,false,,Associated model indicator; not proof of a direct FR atom.,formula_calculated
ministry_caem,oil_plus10,original_CAEM_2024_actual_2025_forecast,government_total_debt,Total government debt / GDP,percent GDP,annual,2017,,unavailable_source_error,legacy_historical_input,CAEM.xlsb / native formula export,6a. SEI,F34,original_CAEM_formula_graph_and_HPP_HPF; corrected_per_year_two_residual_solver,FR01,"{""error"":""#VALUE!"",""detail"":""non-numeric scalar: ' '""}",[],associated_model_indicator,source-defined; see source formula,false,,Associated model indicator; not proof of a direct FR atom.,formula_calculated
ministry_caem,oil_plus10,original_CAEM_2024_actual_2025_forecast,current_account,Current account / GDP,percent GDP,annual,2017,4.121957887366398,run_calculated,legacy_historical_input,CAEM.xlsb / native formula export,6a. SEI,F37,original_CAEM_formula_graph_and_HPP_HPF; corrected_per_year_two_residual_solver,FR12,,[],associated_model_indicator,source-defined; see source formula,false,,Associated model indicator; not proof of a direct FR atom.,formula_calculated
ministry_caem,oil_plus10,original_CAEM_2024_actual_2025_forecast,net_fdi,Net FDI / GDP,percent GDP,annual,2017,-0.7382316051966377,run_calculated,legacy_historical_input,CAEM.xlsb / native formula export,6a. SEI,F38,original_CAEM_formula_graph_and_HPP_HPF; corrected_per_year_two_residual_solver,FR12,,[],associated_model_indicator,source-defined; see source formula,false,,Associated model indicator; not proof of a direct FR atom.,formula_calculated
ministry_caem,oil_plus10,original_CAEM_2024_actual_2025_forecast,portfolio_other_investment,Portfolio and other investment / GDP,percent GDP,annual,2017,-0.19787641182977012,run_calculated,legacy_historical_input,CAEM.xlsb / native formula export,6a. SEI,F39,original_CAEM_formula_graph_and_HPP_HPF; corrected_per_year_two_residual_solver,FR12,,[],associated_model_indicator,source-defined; see source formula,false,,Associated model indicator; not proof of a direct FR atom.,formula_calculated
ministry_caem,oil_plus10,original_CAEM_2024_actual_2025_forecast,reserves_ratio,Reserves / GDP,percent GDP,annual,2017,13.0532656514751,run_calculated,legacy_historical_input,CAEM.xlsb / native formula export,6a. SEI,F40,original_CAEM_formula_graph_and_HPP_HPF; corrected_per_year_two_residual_solver,FR12,,[],associated_model_indicator,source-defined; see source formula,false,,Associated model indicator; not proof of a direct FR atom.,formula_calculated
ministry_caem,oil_plus10,original_CAEM_2024_actual_2025_forecast,reserves_broad_money,Reserves / broad money,percent,annual,2017,39.82665216593407,run_calculated,legacy_historical_input,CAEM.xlsb / native formula export,6a. SEI,F41,original_CAEM_formula_graph_and_HPP_HPF; corrected_per_year_two_residual_solver,FR12,,[],associated_model_indicator,source-defined; see source formula,false,,Associated model indicator; not proof of a direct FR atom.,formula_calculated
ministry_caem,oil_plus10,original_CAEM_2024_actual_2025_forecast,net_iip,Net international investment position / GDP,percent GDP,annual,2017,0.0,run_calculated,legacy_historical_input,CAEM.xlsb / native formula export,6a. SEI,F42,original_CAEM_formula_graph_and_HPP_HPF; corrected_per_year_two_residual_solver,FR12,,[],associated_model_indicator,source-defined; see source formula,false,,Associated model indicator; not proof of a direct FR atom.,formula_calculated
ministry_caem,oil_plus10,original_CAEM_2024_actual_2025_forecast,external_debt,External debt / GDP,percent GDP,annual,2017,37.31817157363969,run_calculated,legacy_historical_input,CAEM.xlsb / native formula export,6a. SEI,F43,original_CAEM_formula_graph_and_HPP_HPF; corrected_per_year_two_residual_solver,FR12,,[],associated_model_indicator,source-defined; see source formula,false,,Associated model indicator; not proof of a direct FR atom.,formula_calculated
ministry_caem,oil_plus10,original_CAEM_2024_actual_2025_forecast,saving_investment,Savings-investment balance / GDP,percent GDP,annual,2017,2.9495381090963697,run_calculated,legacy_historical_input,CAEM.xlsb / native formula export,6a. SEI,F46,original_CAEM_formula_graph_and_HPP_HPF; corrected_per_year_two_residual_solver,FR12,,[],associated_model_indicator,source-defined; see source formula,false,,Associated model indicator; not proof of a direct FR atom.,formula_calculated
ministry_caem,oil_plus10,original_CAEM_2024_actual_2025_forecast,monetary_nfa,Monetary net foreign assets / GDP,percent GDP,annual,2017,21.39861532066685,run_calculated,legacy_historical_input,CAEM.xlsb / native formula export,6a. SEI,F52,original_CAEM_formula_graph_and_HPP_HPF; corrected_per_year_two_residual_solver,FR12,,[],associated_model_indicator,source-defined; see source formula,false,,Associated model indicator; not proof of a direct FR atom.,formula_calculated
ministry_caem,oil_plus10,original_CAEM_2024_actual_2025_forecast,monetary_nda,Monetary net domestic assets / GDP,percent GDP,annual,2017,7.216242931695333,run_calculated,legacy_historical_input,CAEM.xlsb / native formula export,6a. SEI,F53,original_CAEM_formula_graph_and_HPP_HPF; corrected_per_year_two_residual_solver,FR12,,[],associated_model_indicator,source-defined; see source formula,false,,Associated model indicator; not proof of a direct FR atom.,formula_calculated
ministry_caem,oil_plus10,original_CAEM_2024_actual_2025_forecast,private_credit_ratio,Private sector credit / GDP,percent GDP,annual,2017,10.538786750239558,run_calculated,legacy_historical_input,CAEM.xlsb / native formula export,6a. SEI,F55,original_CAEM_formula_graph_and_HPP_HPF; corrected_per_year_two_residual_solver,FR01,,[],associated_model_indicator,source-defined; see source formula,false,,Associated model indicator; not proof of a direct FR atom.,formula_calculated
ministry_caem,oil_plus10,original_CAEM_2024_actual_2025_forecast,broad_money_ratio,Broad money / GDP,percent GDP,annual,2017,32.37529529075405,run_calculated,legacy_historical_input,CAEM.xlsb / native formula export,6a. SEI,F57,original_CAEM_formula_graph_and_HPP_HPF; corrected_per_year_two_residual_solver,FR01,,[],associated_model_indicator,source-defined; see source formula,false,,Associated model indicator; not proof of a direct FR atom.,formula_calculated
ministry_caem,oil_plus10,original_CAEM_2024_actual_2025_forecast,gdp_growth,Real GDP growth,percent,annual,2018,1.4999999999999902,run_calculated,legacy_historical_input,CAEM.xlsb / native formula export,6a. SEI,G9,original_CAEM_formula_graph_and_HPP_HPF; corrected_per_year_two_residual_solver,FR01,,"[""FR1""]",direct_original_output_atom,constant-price GDP growth,false,ministry_caem:source:6a. SEI:row9,Exact original row now exported by the actual CAEM engine; source unit/header caveats preserved.,formula_calculated
ministry_caem,oil_plus10,original_CAEM_2024_actual_2025_forecast,output_gap,Output gap / potential GDP,percent,annual,2018,-3.487202307761994,run_calculated,legacy_historical_input,CAEM.xlsb / native formula export,6a. SEI,G10,original_CAEM_formula_graph_and_HPP_HPF; corrected_per_year_two_residual_solver,FR01,,[],associated_model_indicator,source-defined; see source formula,false,,Associated model indicator; not proof of a direct FR atom.,formula_calculated
ministry_caem,oil_plus10,original_CAEM_2024_actual_2025_forecast,domestic_demand_growth,Domestic demand growth,percent,annual,2018,1.136932692970971,run_calculated,legacy_historical_input,CAEM.xlsb / native formula export,6a. SEI,G11,original_CAEM_formula_graph_and_HPP_HPF; corrected_per_year_two_residual_solver,FR01,,[],associated_model_indicator,source-defined; see source formula,false,,Associated model indicator; not proof of a direct FR atom.,formula_calculated
ministry_caem,oil_plus10,original_CAEM_2024_actual_2025_forecast,consumption_growth,Total consumption growth,percent,annual,2018,3.0982801157789064,run_calculated,legacy_historical_input,CAEM.xlsb / native formula export,6a. SEI,G12,original_CAEM_formula_graph_and_HPP_HPF; corrected_per_year_two_residual_solver,FR08,,[],associated_model_indicator,source-defined; see source formula,false,,Associated model indicator; not proof of a direct FR atom.,formula_calculated
ministry_caem,oil_plus10,original_CAEM_2024_actual_2025_forecast,private_consumption_growth,Private consumption growth,percent,annual,2018,4.619518454327309,run_calculated,legacy_historical_input,CAEM.xlsb / native formula export,6a. SEI,G13,original_CAEM_formula_graph_and_HPP_HPF; corrected_per_year_two_residual_solver,FR08,,[],associated_model_indicator,source-defined; see source formula,false,,Associated model indicator; not proof of a direct FR atom.,formula_calculated
ministry_caem,oil_plus10,original_CAEM_2024_actual_2025_forecast,public_consumption_growth,Public consumption growth,percent,annual,2018,-3.9000000000000035,run_calculated,legacy_historical_input,CAEM.xlsb / native formula export,6a. SEI,G14,original_CAEM_formula_graph_and_HPP_HPF; corrected_per_year_two_residual_solver,FR08,,[],associated_model_indicator,source-defined; see source formula,false,,Associated model indicator; not proof of a direct FR atom.,formula_calculated
ministry_caem,oil_plus10,original_CAEM_2024_actual_2025_forecast,investment_growth,Total real investment growth,percent,annual,2018,-4.330000000000012,run_calculated,legacy_historical_input,CAEM.xlsb / native formula export,6a. SEI,G15,original_CAEM_formula_graph_and_HPP_HPF; corrected_per_year_two_residual_solver,FR06,,[],associated_model_indicator,source-defined; see source formula,false,,Associated model indicator; not proof of a direct FR atom.,formula_calculated
ministry_caem,oil_plus10,original_CAEM_2024_actual_2025_forecast,exports_growth,Goods and services exports real growth,percent,annual,2018,0.5000000000000115,run_calculated,legacy_historical_input,CAEM.xlsb / native formula export,6a. SEI,G16,original_CAEM_formula_graph_and_HPP_HPF; corrected_per_year_two_residual_solver,FR07,,[],associated_model_indicator,source-defined; see source formula,false,,Associated model indicator; not proof of a direct FR atom.,formula_calculated
ministry_caem,oil_plus10,original_CAEM_2024_actual_2025_forecast,imports_growth,Goods and services imports real growth,percent,annual,2018,-0.22999999999999687,run_calculated,legacy_historical_input,CAEM.xlsb / native formula export,6a. SEI,G17,original_CAEM_formula_graph_and_HPP_HPF; corrected_per_year_two_residual_solver,FR07,,[],associated_model_indicator,source-defined; see source formula,false,,Associated model indicator; not proof of a direct FR atom.,formula_calculated
ministry_caem,oil_plus10,original_CAEM_2024_actual_2025_forecast,cpi_avg,CPI inflation (period average),percent,annual,2018,2.299999999999997,run_calculated,legacy_historical_input,CAEM.xlsb / native formula export,6a. SEI,G19,original_CAEM_formula_graph_and_HPP_HPF; corrected_per_year_two_residual_solver,FR09,,"[""FR9""]",direct_original_output_atom,annual-average consumer-price inflation,false,ministry_caem:source:6a. SEI:row19,Exact original row now exported by the actual CAEM engine; source unit/header caveats preserved.,formula_calculated
ministry_caem,oil_plus10,original_CAEM_2024_actual_2025_forecast,gdp_deflator,GDP deflator growth,percent,annual,2018,12.18487695696551,run_calculated,legacy_historical_input,CAEM.xlsb / native formula export,6a. SEI,G20,original_CAEM_formula_graph_and_HPP_HPF; corrected_per_year_two_residual_solver,FR01,,"[""FR1""]",direct_original_output_atom,implicit GDP deflator growth,false,ministry_caem:source:6a. SEI:row20,Exact original row now exported by the actual CAEM engine; source unit/header caveats preserved.,formula_calculated
ministry_caem,oil_plus10,original_CAEM_2024_actual_2025_forecast,policy_rate,Policy interest rate,percent,annual,2018,,unavailable_source_blank,legacy_historical_input,CAEM.xlsb / native formula export,6a. SEI,G21,original_CAEM_formula_graph_and_HPP_HPF; corrected_per_year_two_residual_solver,FR09,,[],associated_model_indicator,source-defined; see source formula,false,,Associated model indicator; not proof of a direct FR atom.,original_literal
ministry_caem,oil_plus10,original_CAEM_2024_actual_2025_forecast,reer,Real effective exchange rate index,"index, 2010=100",annual,2018,99.58062440078871,run_calculated,legacy_historical_input,CAEM.xlsb / native formula export,6a. SEI,G24,original_CAEM_formula_graph_and_HPP_HPF; corrected_per_year_two_residual_solver,FR10,,[],associated_model_indicator,source-defined; see source formula,false,,Associated model indicator; not proof of a direct FR atom.,formula_calculated
ministry_caem,oil_plus10,original_CAEM_2024_actual_2025_forecast,reer_growth,Real effective exchange rate change,percent,annual,2018,5.645361407413296,run_calculated,legacy_historical_input,CAEM.xlsb / native formula export,6a. SEI,G25,original_CAEM_formula_graph_and_HPP_HPF; corrected_per_year_two_residual_solver,FR10,,[],associated_model_indicator,source-defined; see source formula,false,,Associated model indicator; not proof of a direct FR atom.,formula_calculated
ministry_caem,oil_plus10,original_CAEM_2024_actual_2025_forecast,fiscal_revenue_ratio,Fiscal revenue / GDP,percent GDP,annual,2018,38.40138528192579,run_calculated,legacy_historical_input,CAEM.xlsb / native formula export,6a. SEI,G28,original_CAEM_formula_graph_and_HPP_HPF; corrected_per_year_two_residual_solver,FR01,,[],associated_model_indicator,source-defined; see source formula,false,,Associated model indicator; not proof of a direct FR atom.,formula_calculated
ministry_caem,oil_plus10,original_CAEM_2024_actual_2025_forecast,fiscal_expenditure_ratio,Fiscal expenditure / GDP,percent GDP,annual,2018,30.98411991709533,run_calculated,legacy_historical_input,CAEM.xlsb / native formula export,6a. SEI,G29,original_CAEM_formula_graph_and_HPP_HPF; corrected_per_year_two_residual_solver,FR01,,[],associated_model_indicator,source-defined; see source formula,false,,Associated model indicator; not proof of a direct FR atom.,formula_calculated
ministry_caem,oil_plus10,original_CAEM_2024_actual_2025_forecast,overall_fiscal_balance,Overall fiscal balance / GDP,percent GDP,annual,2018,7.417265364830454,run_calculated,legacy_historical_input,CAEM.xlsb / native formula export,6a. SEI,G30,original_CAEM_formula_graph_and_HPP_HPF; corrected_per_year_two_residual_solver,FR01,,[],associated_model_indicator,source-defined; see source formula,false,,Associated model indicator; not proof of a direct FR atom.,formula_calculated
ministry_caem,oil_plus10,original_CAEM_2024_actual_2025_forecast,government_domestic_debt,Government domestic debt / GDP,percent GDP,annual,2018,1.6483543924486845,run_calculated,legacy_historical_input,CAEM.xlsb / native formula export,6a. SEI,G32,original_CAEM_formula_graph_and_HPP_HPF; corrected_per_year_two_residual_solver,FR01,,[],associated_model_indicator,source-defined; see source formula,false,,Associated model indicator; not proof of a direct FR atom.,formula_calculated
ministry_caem,oil_plus10,original_CAEM_2024_actual_2025_forecast,government_external_debt,Government external debt / GDP,percent GDP,annual,2018,18.948296958497725,run_calculated,legacy_historical_input,CAEM.xlsb / native formula export,6a. SEI,G33,original_CAEM_formula_graph_and_HPP_HPF; corrected_per_year_two_residual_solver,FR01,,[],associated_model_indicator,source-defined; see source formula,false,,Associated model indicator; not proof of a direct FR atom.,formula_calculated
ministry_caem,oil_plus10,original_CAEM_2024_actual_2025_forecast,government_total_debt,Total government debt / GDP,percent GDP,annual,2018,20.596651350946406,run_calculated,legacy_historical_input,CAEM.xlsb / native formula export,6a. SEI,G34,original_CAEM_formula_graph_and_HPP_HPF; corrected_per_year_two_residual_solver,FR01,,[],associated_model_indicator,source-defined; see source formula,false,,Associated model indicator; not proof of a direct FR atom.,formula_calculated
ministry_caem,oil_plus10,original_CAEM_2024_actual_2025_forecast,current_account,Current account / GDP,percent GDP,annual,2018,12.843768291464809,run_calculated,legacy_historical_input,CAEM.xlsb / native formula export,6a. SEI,G37,original_CAEM_formula_graph_and_HPP_HPF; corrected_per_year_two_residual_solver,FR12,,[],associated_model_indicator,source-defined; see source formula,false,,Associated model indicator; not proof of a direct FR atom.,formula_calculated
ministry_caem,oil_plus10,original_CAEM_2024_actual_2025_forecast,net_fdi,Net FDI / GDP,percent GDP,annual,2018,1.7149980022973572,run_calculated,legacy_historical_input,CAEM.xlsb / native formula export,6a. SEI,G38,original_CAEM_formula_graph_and_HPP_HPF; corrected_per_year_two_residual_solver,FR12,,[],associated_model_indicator,source-defined; see source formula,false,,Associated model indicator; not proof of a direct FR atom.,formula_calculated
ministry_caem,oil_plus10,original_CAEM_2024_actual_2025_forecast,portfolio_other_investment,Portfolio and other investment / GDP,percent GDP,annual,2018,1.73777518353893,run_calculated,legacy_historical_input,CAEM.xlsb / native formula export,6a. SEI,G39,original_CAEM_formula_graph_and_HPP_HPF; corrected_per_year_two_residual_solver,FR12,,[],associated_model_indicator,source-defined; see source formula,false,,Associated model indicator; not proof of a direct FR atom.,formula_calculated
ministry_caem,oil_plus10,original_CAEM_2024_actual_2025_forecast,reserves_ratio,Reserves / GDP,percent GDP,annual,2018,11.940972817317766,run_calculated,legacy_historical_input,CAEM.xlsb / native formula export,6a. SEI,G40,original_CAEM_formula_graph_and_HPP_HPF; corrected_per_year_two_residual_solver,FR12,,[],associated_model_indicator,source-defined; see source formula,false,,Associated model indicator; not proof of a direct FR atom.,formula_calculated
ministry_caem,oil_plus10,original_CAEM_2024_actual_2025_forecast,reserves_broad_money,Reserves / broad money,percent,annual,2018,39.74899279208452,run_calculated,legacy_historical_input,CAEM.xlsb / native formula export,6a. SEI,G41,original_CAEM_formula_graph_and_HPP_HPF; corrected_per_year_two_residual_solver,FR12,,[],associated_model_indicator,source-defined; see source formula,false,,Associated model indicator; not proof of a direct FR atom.,formula_calculated
ministry_caem,oil_plus10,original_CAEM_2024_actual_2025_forecast,net_iip,Net international investment position / GDP,percent GDP,annual,2018,0.0,run_calculated,legacy_historical_input,CAEM.xlsb / native formula export,6a. SEI,G42,original_CAEM_formula_graph_and_HPP_HPF; corrected_per_year_two_residual_solver,FR12,,[],associated_model_indicator,source-defined; see source formula,false,,Associated model indicator; not proof of a direct FR atom.,formula_calculated
ministry_caem,oil_plus10,original_CAEM_2024_actual_2025_forecast,external_debt,External debt / GDP,percent GDP,annual,2018,35.198730780752136,run_calculated,legacy_historical_input,CAEM.xlsb / native formula export,6a. SEI,G43,original_CAEM_formula_graph_and_HPP_HPF; corrected_per_year_two_residual_solver,FR12,,[],associated_model_indicator,source-defined; see source formula,false,,Associated model indicator; not proof of a direct FR atom.,formula_calculated
ministry_caem,oil_plus10,original_CAEM_2024_actual_2025_forecast,saving_investment,Savings-investment balance / GDP,percent GDP,annual,2018,9.47827435948659,run_calculated,legacy_historical_input,CAEM.xlsb / native formula export,6a. SEI,G46,original_CAEM_formula_graph_and_HPP_HPF; corrected_per_year_two_residual_solver,FR12,,[],associated_model_indicator,source-defined; see source formula,false,,Associated model indicator; not proof of a direct FR atom.,formula_calculated
ministry_caem,oil_plus10,original_CAEM_2024_actual_2025_forecast,monetary_nfa,Monetary net foreign assets / GDP,percent GDP,annual,2018,18.667709134819948,run_calculated,legacy_historical_input,CAEM.xlsb / native formula export,6a. SEI,G52,original_CAEM_formula_graph_and_HPP_HPF; corrected_per_year_two_residual_solver,FR12,,[],associated_model_indicator,source-defined; see source formula,false,,Associated model indicator; not proof of a direct FR atom.,formula_calculated
ministry_caem,oil_plus10,original_CAEM_2024_actual_2025_forecast,monetary_nda,Monetary net domestic assets / GDP,percent GDP,annual,2018,7.169061333666284,run_calculated,legacy_historical_input,CAEM.xlsb / native formula export,6a. SEI,G53,original_CAEM_formula_graph_and_HPP_HPF; corrected_per_year_two_residual_solver,FR12,,[],associated_model_indicator,source-defined; see source formula,false,,Associated model indicator; not proof of a direct FR atom.,formula_calculated
ministry_caem,oil_plus10,original_CAEM_2024_actual_2025_forecast,private_credit_ratio,Private sector credit / GDP,percent GDP,annual,2018,11.600122786445587,run_calculated,legacy_historical_input,CAEM.xlsb / native formula export,6a. SEI,G55,original_CAEM_formula_graph_and_HPP_HPF; corrected_per_year_two_residual_solver,FR01,,[],associated_model_indicator,source-defined; see source formula,false,,Associated model indicator; not proof of a direct FR atom.,formula_calculated
ministry_caem,oil_plus10,original_CAEM_2024_actual_2025_forecast,broad_money_ratio,Broad money / GDP,percent GDP,annual,2018,30.04094438260999,run_calculated,legacy_historical_input,CAEM.xlsb / native formula export,6a. SEI,G57,original_CAEM_formula_graph_and_HPP_HPF; corrected_per_year_two_residual_solver,FR01,,[],associated_model_indicator,source-defined; see source formula,false,,Associated model indicator; not proof of a direct FR atom.,formula_calculated
ministry_caem,oil_plus10,original_CAEM_2024_actual_2025_forecast,gdp_growth,Real GDP growth,percent,annual,2019,2.499999999999991,run_calculated,legacy_historical_input,CAEM.xlsb / native formula export,6a. SEI,H9,original_CAEM_formula_graph_and_HPP_HPF; corrected_per_year_two_residual_solver,FR01,,"[""FR1""]",direct_original_output_atom,constant-price GDP growth,false,ministry_caem:source:6a. SEI:row9,Exact original row now exported by the actual CAEM engine; source unit/header caveats preserved.,formula_calculated
ministry_caem,oil_plus10,original_CAEM_2024_actual_2025_forecast,output_gap,Output gap / potential GDP,percent,annual,2019,-2.768932209184738,run_calculated,legacy_historical_input,CAEM.xlsb / native formula export,6a. SEI,H10,original_CAEM_formula_graph_and_HPP_HPF; corrected_per_year_two_residual_solver,FR01,,[],associated_model_indicator,source-defined; see source formula,false,,Associated model indicator; not proof of a direct FR atom.,formula_calculated
ministry_caem,oil_plus10,original_CAEM_2024_actual_2025_forecast,domestic_demand_growth,Domestic demand growth,percent,annual,2019,4.2249959434213835,run_calculated,legacy_historical_input,CAEM.xlsb / native formula export,6a. SEI,H11,original_CAEM_formula_graph_and_HPP_HPF; corrected_per_year_two_residual_solver,FR01,,[],associated_model_indicator,source-defined; see source formula,false,,Associated model indicator; not proof of a direct FR atom.,formula_calculated
ministry_caem,oil_plus10,original_CAEM_2024_actual_2025_forecast,consumption_growth,Total consumption growth,percent,annual,2019,5.2720165886516845,run_calculated,legacy_historical_input,CAEM.xlsb / native formula export,6a. SEI,H12,original_CAEM_formula_graph_and_HPP_HPF; corrected_per_year_two_residual_solver,FR08,,[],associated_model_indicator,source-defined; see source formula,false,,Associated model indicator; not proof of a direct FR atom.,formula_calculated
ministry_caem,oil_plus10,original_CAEM_2024_actual_2025_forecast,private_consumption_growth,Private consumption growth,percent,annual,2019,5.889404933463038,run_calculated,legacy_historical_input,CAEM.xlsb / native formula export,6a. SEI,H13,original_CAEM_formula_graph_and_HPP_HPF; corrected_per_year_two_residual_solver,FR08,,[],associated_model_indicator,source-defined; see source formula,false,,Associated model indicator; not proof of a direct FR atom.,formula_calculated
ministry_caem,oil_plus10,original_CAEM_2024_actual_2025_forecast,public_consumption_growth,Public consumption growth,percent,annual,2019,2.1800000000000264,run_calculated,legacy_historical_input,CAEM.xlsb / native formula export,6a. SEI,H14,original_CAEM_formula_graph_and_HPP_HPF; corrected_per_year_two_residual_solver,FR08,,[],associated_model_indicator,source-defined; see source formula,false,,Associated model indicator; not proof of a direct FR atom.,formula_calculated
ministry_caem,oil_plus10,original_CAEM_2024_actual_2025_forecast,investment_growth,Total real investment growth,percent,annual,2019,1.079999999999992,run_calculated,legacy_historical_input,CAEM.xlsb / native formula export,6a. SEI,H15,original_CAEM_formula_graph_and_HPP_HPF; corrected_per_year_two_residual_solver,FR06,,[],associated_model_indicator,source-defined; see source formula,false,,Associated model indicator; not proof of a direct FR atom.,formula_calculated
ministry_caem,oil_plus10,original_CAEM_2024_actual_2025_forecast,exports_growth,Goods and services exports real growth,percent,annual,2019,-4.300000000000015,run_calculated,legacy_historical_input,CAEM.xlsb / native formula export,6a. SEI,H16,original_CAEM_formula_graph_and_HPP_HPF; corrected_per_year_two_residual_solver,FR07,,[],associated_model_indicator,source-defined; see source formula,false,,Associated model indicator; not proof of a direct FR atom.,formula_calculated
ministry_caem,oil_plus10,original_CAEM_2024_actual_2025_forecast,imports_growth,Goods and services imports real growth,percent,annual,2019,-3.200000000000003,run_calculated,legacy_historical_input,CAEM.xlsb / native formula export,6a. SEI,H17,original_CAEM_formula_graph_and_HPP_HPF; corrected_per_year_two_residual_solver,FR07,,[],associated_model_indicator,source-defined; see source formula,false,,Associated model indicator; not proof of a direct FR atom.,formula_calculated
ministry_caem,oil_plus10,original_CAEM_2024_actual_2025_forecast,cpi_avg,CPI inflation (period average),percent,annual,2019,2.6000000000000085,run_calculated,legacy_historical_input,CAEM.xlsb / native formula export,6a. SEI,H19,original_CAEM_formula_graph_and_HPP_HPF; corrected_per_year_two_residual_solver,FR09,,"[""FR9""]",direct_original_output_atom,annual-average consumer-price inflation,false,ministry_caem:source:6a. SEI:row19,Exact original row now exported by the actual CAEM engine; source unit/header caveats preserved.,formula_calculated
ministry_caem,oil_plus10,original_CAEM_2024_actual_2025_forecast,gdp_deflator,GDP deflator growth,percent,annual,2019,-0.241307861812615,run_calculated,legacy_historical_input,CAEM.xlsb / native formula export,6a. SEI,H20,original_CAEM_formula_graph_and_HPP_HPF; corrected_per_year_two_residual_solver,FR01,,"[""FR1""]",direct_original_output_atom,implicit GDP deflator growth,false,ministry_caem:source:6a. SEI:row20,Exact original row now exported by the actual CAEM engine; source unit/header caveats preserved.,formula_calculated
ministry_caem,oil_plus10,original_CAEM_2024_actual_2025_forecast,policy_rate,Policy interest rate,percent,annual,2019,,unavailable_source_blank,legacy_historical_input,CAEM.xlsb / native formula export,6a. SEI,H21,original_CAEM_formula_graph_and_HPP_HPF; corrected_per_year_two_residual_solver,FR09,,[],associated_model_indicator,source-defined; see source formula,false,,Associated model indicator; not proof of a direct FR atom.,original_literal
ministry_caem,oil_plus10,original_CAEM_2024_actual_2025_forecast,reer,Real effective exchange rate index,"index, 2010=100",annual,2019,98.98229019560281,run_calculated,legacy_historical_input,CAEM.xlsb / native formula export,6a. SEI,H24,original_CAEM_formula_graph_and_HPP_HPF; corrected_per_year_two_residual_solver,FR10,,[],associated_model_indicator,source-defined; see source formula,false,,Associated model indicator; not proof of a direct FR atom.,formula_calculated
ministry_caem,oil_plus10,original_CAEM_2024_actual_2025_forecast,reer_growth,Real effective exchange rate change,percent,annual,2019,-0.600854040418286,run_calculated,legacy_historical_input,CAEM.xlsb / native formula export,6a. SEI,H25,original_CAEM_formula_graph_and_HPP_HPF; corrected_per_year_two_residual_solver,FR10,,[],associated_model_indicator,source-defined; see source formula,false,,Associated model indicator; not proof of a direct FR atom.,formula_calculated
ministry_caem,oil_plus10,original_CAEM_2024_actual_2025_forecast,fiscal_revenue_ratio,Fiscal revenue / GDP,percent GDP,annual,2019,41.47532229822629,run_calculated,legacy_historical_input,CAEM.xlsb / native formula export,6a. SEI,H28,original_CAEM_formula_graph_and_HPP_HPF; corrected_per_year_two_residual_solver,FR01,,[],associated_model_indicator,source-defined; see source formula,false,,Associated model indicator; not proof of a direct FR atom.,formula_calculated
ministry_caem,oil_plus10,original_CAEM_2024_actual_2025_forecast,fiscal_expenditure_ratio,Fiscal expenditure / GDP,percent GDP,annual,2019,30.994513987217967,run_calculated,legacy_historical_input,CAEM.xlsb / native formula export,6a. SEI,H29,original_CAEM_formula_graph_and_HPP_HPF; corrected_per_year_two_residual_solver,FR01,,[],associated_model_indicator,source-defined; see source formula,false,,Associated model indicator; not proof of a direct FR atom.,formula_calculated
ministry_caem,oil_plus10,original_CAEM_2024_actual_2025_forecast,overall_fiscal_balance,Overall fiscal balance / GDP,percent GDP,annual,2019,10.480808311008321,run_calculated,legacy_historical_input,CAEM.xlsb / native formula export,6a. SEI,H30,original_CAEM_formula_graph_and_HPP_HPF; corrected_per_year_two_residual_solver,FR01,,[],associated_model_indicator,source-defined; see source formula,false,,Associated model indicator; not proof of a direct FR atom.,formula_calculated
ministry_caem,oil_plus10,original_CAEM_2024_actual_2025_forecast,government_domestic_debt,Government domestic debt / GDP,percent GDP,annual,2019,1.7285295288426084,run_calculated,legacy_historical_input,CAEM.xlsb / native formula export,6a. SEI,H32,original_CAEM_formula_graph_and_HPP_HPF; corrected_per_year_two_residual_solver,FR01,,[],associated_model_indicator,source-defined; see source formula,false,,Associated model indicator; not proof of a direct FR atom.,formula_calculated
ministry_caem,oil_plus10,original_CAEM_2024_actual_2025_forecast,government_external_debt,Government external debt / GDP,percent GDP,annual,2019,18.87108315159922,run_calculated,legacy_historical_input,CAEM.xlsb / native formula export,6a. SEI,H33,original_CAEM_formula_graph_and_HPP_HPF; corrected_per_year_two_residual_solver,FR01,,[],associated_model_indicator,source-defined; see source formula,false,,Associated model indicator; not proof of a direct FR atom.,formula_calculated
ministry_caem,oil_plus10,original_CAEM_2024_actual_2025_forecast,government_total_debt,Total government debt / GDP,percent GDP,annual,2019,20.59961268044183,run_calculated,legacy_historical_input,CAEM.xlsb / native formula export,6a. SEI,H34,original_CAEM_formula_graph_and_HPP_HPF; corrected_per_year_two_residual_solver,FR01,,[],associated_model_indicator,source-defined; see source formula,false,,Associated model indicator; not proof of a direct FR atom.,formula_calculated
ministry_caem,oil_plus10,original_CAEM_2024_actual_2025_forecast,current_account,Current account / GDP,percent GDP,annual,2019,9.060623325624377,run_calculated,legacy_historical_input,CAEM.xlsb / native formula export,6a. SEI,H37,original_CAEM_formula_graph_and_HPP_HPF; corrected_per_year_two_residual_solver,FR12,,[],associated_model_indicator,source-defined; see source formula,false,,Associated model indicator; not proof of a direct FR atom.,formula_calculated
ministry_caem,oil_plus10,original_CAEM_2024_actual_2025_forecast,net_fdi,Net FDI / GDP,percent GDP,annual,2019,2.861687355457274,run_calculated,legacy_historical_input,CAEM.xlsb / native formula export,6a. SEI,H38,original_CAEM_formula_graph_and_HPP_HPF; corrected_per_year_two_residual_solver,FR12,,[],associated_model_indicator,source-defined; see source formula,false,,Associated model indicator; not proof of a direct FR atom.,formula_calculated
ministry_caem,oil_plus10,original_CAEM_2024_actual_2025_forecast,portfolio_other_investment,Portfolio and other investment / GDP,percent GDP,annual,2019,0.43307174203442894,run_calculated,legacy_historical_input,CAEM.xlsb / native formula export,6a. SEI,H39,original_CAEM_formula_graph_and_HPP_HPF; corrected_per_year_two_residual_solver,FR12,,[],associated_model_indicator,source-defined; see source formula,false,,Associated model indicator; not proof of a direct FR atom.,formula_calculated
ministry_caem,oil_plus10,original_CAEM_2024_actual_2025_forecast,reserves_ratio,Reserves / GDP,percent GDP,annual,2019,12.990389085292712,run_calculated,legacy_historical_input,CAEM.xlsb / native formula export,6a. SEI,H40,original_CAEM_formula_graph_and_HPP_HPF; corrected_per_year_two_residual_solver,FR12,,[],associated_model_indicator,source-defined; see source formula,false,,Associated model indicator; not proof of a direct FR atom.,formula_calculated
ministry_caem,oil_plus10,original_CAEM_2024_actual_2025_forecast,reserves_broad_money,Reserves / broad money,percent,annual,2019,36.85485410825268,run_calculated,legacy_historical_input,CAEM.xlsb / native formula export,6a. SEI,H41,original_CAEM_formula_graph_and_HPP_HPF; corrected_per_year_two_residual_solver,FR12,,[],associated_model_indicator,source-defined; see source formula,false,,Associated model indicator; not proof of a direct FR atom.,formula_calculated
ministry_caem,oil_plus10,original_CAEM_2024_actual_2025_forecast,net_iip,Net international investment position / GDP,percent GDP,annual,2019,0.0,run_calculated,legacy_historical_input,CAEM.xlsb / native formula export,6a. SEI,H42,original_CAEM_formula_graph_and_HPP_HPF; corrected_per_year_two_residual_solver,FR12,,[],associated_model_indicator,source-defined; see source formula,false,,Associated model indicator; not proof of a direct FR atom.,formula_calculated
ministry_caem,oil_plus10,original_CAEM_2024_actual_2025_forecast,external_debt,External debt / GDP,percent GDP,annual,2019,34.331783952613186,run_calculated,legacy_historical_input,CAEM.xlsb / native formula export,6a. SEI,H43,original_CAEM_formula_graph_and_HPP_HPF; corrected_per_year_two_residual_solver,FR12,,[],associated_model_indicator,source-defined; see source formula,false,,Associated model indicator; not proof of a direct FR atom.,formula_calculated
ministry_caem,oil_plus10,original_CAEM_2024_actual_2025_forecast,saving_investment,Savings-investment balance / GDP,percent GDP,annual,2019,5.9620302285087545,run_calculated,legacy_historical_input,CAEM.xlsb / native formula export,6a. SEI,H46,original_CAEM_formula_graph_and_HPP_HPF; corrected_per_year_two_residual_solver,FR12,,[],associated_model_indicator,source-defined; see source formula,false,,Associated model indicator; not proof of a direct FR atom.,formula_calculated
ministry_caem,oil_plus10,original_CAEM_2024_actual_2025_forecast,monetary_nfa,Monetary net foreign assets / GDP,percent GDP,annual,2019,20.66449547285466,run_calculated,legacy_historical_input,CAEM.xlsb / native formula export,6a. SEI,H52,original_CAEM_formula_graph_and_HPP_HPF; corrected_per_year_two_residual_solver,FR12,,[],associated_model_indicator,source-defined; see source formula,false,,Associated model indicator; not proof of a direct FR atom.,formula_calculated
ministry_caem,oil_plus10,original_CAEM_2024_actual_2025_forecast,monetary_nda,Monetary net domestic assets / GDP,percent GDP,annual,2019,8.840927773694018,run_calculated,legacy_historical_input,CAEM.xlsb / native formula export,6a. SEI,H53,original_CAEM_formula_graph_and_HPP_HPF; corrected_per_year_two_residual_solver,FR12,,[],associated_model_indicator,source-defined; see source formula,false,,Associated model indicator; not proof of a direct FR atom.,formula_calculated
ministry_caem,oil_plus10,original_CAEM_2024_actual_2025_forecast,private_credit_ratio,Private sector credit / GDP,percent GDP,annual,2019,13.996181348890424,run_calculated,legacy_historical_input,CAEM.xlsb / native formula export,6a. SEI,H55,original_CAEM_formula_graph_and_HPP_HPF; corrected_per_year_two_residual_solver,FR01,,[],associated_model_indicator,source-defined; see source formula,false,,Associated model indicator; not proof of a direct FR atom.,formula_calculated
ministry_caem,oil_plus10,original_CAEM_2024_actual_2025_forecast,broad_money_ratio,Broad money / GDP,percent GDP,annual,2019,35.24743049351496,run_calculated,legacy_historical_input,CAEM.xlsb / native formula export,6a. SEI,H57,original_CAEM_formula_graph_and_HPP_HPF; corrected_per_year_two_residual_solver,FR01,,[],associated_model_indicator,source-defined; see source formula,false,,Associated model indicator; not proof of a direct FR atom.,formula_calculated
ministry_caem,oil_plus10,original_CAEM_2024_actual_2025_forecast,gdp_growth,Real GDP growth,percent,annual,2020,-4.200000000000004,run_calculated,legacy_historical_input,CAEM.xlsb / native formula export,6a. SEI,I9,original_CAEM_formula_graph_and_HPP_HPF; corrected_per_year_two_residual_solver,FR01,,"[""FR1""]",direct_original_output_atom,constant-price GDP growth,false,ministry_caem:source:6a. SEI:row9,Exact original row now exported by the actual CAEM engine; source unit/header caveats preserved.,formula_calculated
ministry_caem,oil_plus10,original_CAEM_2024_actual_2025_forecast,output_gap,Output gap / potential GDP,percent,annual,2020,-8.690555153337677,run_calculated,legacy_historical_input,CAEM.xlsb / native formula export,6a. SEI,I10,original_CAEM_formula_graph_and_HPP_HPF; corrected_per_year_two_residual_solver,FR01,,[],associated_model_indicator,source-defined; see source formula,false,,Associated model indicator; not proof of a direct FR atom.,formula_calculated
ministry_caem,oil_plus10,original_CAEM_2024_actual_2025_forecast,domestic_demand_growth,Domestic demand growth,percent,annual,2020,-6.865473178660785,run_calculated,legacy_historical_input,CAEM.xlsb / native formula export,6a. SEI,I11,original_CAEM_formula_graph_and_HPP_HPF; corrected_per_year_two_residual_solver,FR01,,[],associated_model_indicator,source-defined; see source formula,false,,Associated model indicator; not proof of a direct FR atom.,formula_calculated
ministry_caem,oil_plus10,original_CAEM_2024_actual_2025_forecast,consumption_growth,Total consumption growth,percent,annual,2020,-6.7265726063649005,run_calculated,legacy_historical_input,CAEM.xlsb / native formula export,6a. SEI,I12,original_CAEM_formula_graph_and_HPP_HPF; corrected_per_year_two_residual_solver,FR08,,[],associated_model_indicator,source-defined; see source formula,false,,Associated model indicator; not proof of a direct FR atom.,formula_calculated
ministry_caem,oil_plus10,original_CAEM_2024_actual_2025_forecast,private_consumption_growth,Private consumption growth,percent,annual,2020,-8.677730803561868,run_calculated,legacy_historical_input,CAEM.xlsb / native formula export,6a. SEI,I13,original_CAEM_formula_graph_and_HPP_HPF; corrected_per_year_two_residual_solver,FR08,,[],associated_model_indicator,source-defined; see source formula,false,,Associated model indicator; not proof of a direct FR atom.,formula_calculated
ministry_caem,oil_plus10,original_CAEM_2024_actual_2025_forecast,public_consumption_growth,Public consumption growth,percent,annual,2020,3.400000000000003,run_calculated,legacy_historical_input,CAEM.xlsb / native formula export,6a. SEI,I14,original_CAEM_formula_graph_and_HPP_HPF; corrected_per_year_two_residual_solver,FR08,,[],associated_model_indicator,source-defined; see source formula,false,,Associated model indicator; not proof of a direct FR atom.,formula_calculated
ministry_caem,oil_plus10,original_CAEM_2024_actual_2025_forecast,investment_growth,Total real investment growth,percent,annual,2020,-7.299999999999995,run_calculated,legacy_historical_input,CAEM.xlsb / native formula export,6a. SEI,I15,original_CAEM_formula_graph_and_HPP_HPF; corrected_per_year_two_residual_solver,FR06,,[],associated_model_indicator,source-defined; see source formula,false,,Associated model indicator; not proof of a direct FR atom.,formula_calculated
ministry_caem,oil_plus10,original_CAEM_2024_actual_2025_forecast,exports_growth,Goods and services exports real growth,percent,annual,2020,-11.499999999999988,run_calculated,legacy_historical_input,CAEM.xlsb / native formula export,6a. SEI,I16,original_CAEM_formula_graph_and_HPP_HPF; corrected_per_year_two_residual_solver,FR07,,[],associated_model_indicator,source-defined; see source formula,false,,Associated model indicator; not proof of a direct FR atom.,formula_calculated
ministry_caem,oil_plus10,original_CAEM_2024_actual_2025_forecast,imports_growth,Goods and services imports real growth,percent,annual,2020,-17.100000000000005,run_calculated,legacy_historical_input,CAEM.xlsb / native formula export,6a. SEI,I17,original_CAEM_formula_graph_and_HPP_HPF; corrected_per_year_two_residual_solver,FR07,,[],associated_model_indicator,source-defined; see source formula,false,,Associated model indicator; not proof of a direct FR atom.,formula_calculated
ministry_caem,oil_plus10,original_CAEM_2024_actual_2025_forecast,cpi_avg,CPI inflation (period average),percent,annual,2020,2.799999999999997,run_calculated,legacy_historical_input,CAEM.xlsb / native formula export,6a. SEI,I19,original_CAEM_formula_graph_and_HPP_HPF; corrected_per_year_two_residual_solver,FR09,,"[""FR9""]",direct_original_output_atom,annual-average consumer-price inflation,false,ministry_caem:source:6a. SEI:row19,Exact original row now exported by the actual CAEM engine; source unit/header caveats preserved.,formula_calculated
ministry_caem,oil_plus10,original_CAEM_2024_actual_2025_forecast,gdp_deflator,GDP deflator growth,percent,annual,2020,-7.492629845063945,run_calculated,legacy_historical_input,CAEM.xlsb / native formula export,6a. SEI,I20,original_CAEM_formula_graph_and_HPP_HPF; corrected_per_year_two_residual_solver,FR01,,"[""FR1""]",direct_original_output_atom,implicit GDP deflator growth,false,ministry_caem:source:6a. SEI:row20,Exact original row now exported by the actual CAEM engine; source unit/header caveats preserved.,formula_calculated
ministry_caem,oil_plus10,original_CAEM_2024_actual_2025_forecast,policy_rate,Policy interest rate,percent,annual,2020,,unavailable_source_blank,legacy_historical_input,CAEM.xlsb / native formula export,6a. SEI,I21,original_CAEM_formula_graph_and_HPP_HPF; corrected_per_year_two_residual_solver,FR09,,[],associated_model_indicator,source-defined; see source formula,false,,Associated model indicator; not proof of a direct FR atom.,original_literal
ministry_caem,oil_plus10,original_CAEM_2024_actual_2025_forecast,reer,Real effective exchange rate index,"index, 2010=100",annual,2020,100.34383835439583,run_calculated,legacy_historical_input,CAEM.xlsb / native formula export,6a. SEI,I24,original_CAEM_formula_graph_and_HPP_HPF; corrected_per_year_two_residual_solver,FR10,,[],associated_model_indicator,source-defined; see source formula,false,,Associated model indicator; not proof of a direct FR atom.,formula_calculated
ministry_caem,oil_plus10,original_CAEM_2024_actual_2025_forecast,reer_growth,Real effective exchange rate change,percent,annual,2020,1.3755472378972122,run_calculated,legacy_historical_input,CAEM.xlsb / native formula export,6a. SEI,I25,original_CAEM_formula_graph_and_HPP_HPF; corrected_per_year_two_residual_solver,FR10,,[],associated_model_indicator,source-defined; see source formula,false,,Associated model indicator; not proof of a direct FR atom.,formula_calculated
ministry_caem,oil_plus10,original_CAEM_2024_actual_2025_forecast,fiscal_revenue_ratio,Fiscal revenue / GDP,percent GDP,annual,2020,33.708818500346524,run_calculated,legacy_historical_input,CAEM.xlsb / native formula export,6a. SEI,I28,original_CAEM_formula_graph_and_HPP_HPF; corrected_per_year_two_residual_solver,FR01,,[],associated_model_indicator,source-defined; see source formula,false,,Associated model indicator; not proof of a direct FR atom.,formula_calculated
ministry_caem,oil_plus10,original_CAEM_2024_actual_2025_forecast,fiscal_expenditure_ratio,Fiscal expenditure / GDP,percent GDP,annual,2020,38.61242532113681,run_calculated,legacy_historical_input,CAEM.xlsb / native formula export,6a. SEI,I29,original_CAEM_formula_graph_and_HPP_HPF; corrected_per_year_two_residual_solver,FR01,,[],associated_model_indicator,source-defined; see source formula,false,,Associated model indicator; not proof of a direct FR atom.,formula_calculated
ministry_caem,oil_plus10,original_CAEM_2024_actual_2025_forecast,overall_fiscal_balance,Overall fiscal balance / GDP,percent GDP,annual,2020,-4.903606820790292,run_calculated,legacy_historical_input,CAEM.xlsb / native formula export,6a. SEI,I30,original_CAEM_formula_graph_and_HPP_HPF; corrected_per_year_two_residual_solver,FR01,,[],associated_model_indicator,source-defined; see source formula,false,,Associated model indicator; not proof of a direct FR atom.,formula_calculated
ministry_caem,oil_plus10,original_CAEM_2024_actual_2025_forecast,government_domestic_debt,Government domestic debt / GDP,percent GDP,annual,2020,2.676151621494637,run_calculated,legacy_historical_input,CAEM.xlsb / native formula export,6a. SEI,I32,original_CAEM_formula_graph_and_HPP_HPF; corrected_per_year_two_residual_solver,FR01,,[],associated_model_indicator,source-defined; see source formula,false,,Associated model indicator; not proof of a direct FR atom.,formula_calculated
ministry_caem,oil_plus10,original_CAEM_2024_actual_2025_forecast,government_external_debt,Government external debt / GDP,percent GDP,annual,2020,20.662637903169134,run_calculated,legacy_historical_input,CAEM.xlsb / native formula export,6a. SEI,I33,original_CAEM_formula_graph_and_HPP_HPF; corrected_per_year_two_residual_solver,FR01,,[],associated_model_indicator,source-defined; see source formula,false,,Associated model indicator; not proof of a direct FR atom.,formula_calculated
ministry_caem,oil_plus10,original_CAEM_2024_actual_2025_forecast,government_total_debt,Total government debt / GDP,percent GDP,annual,2020,23.338789524663774,run_calculated,legacy_historical_input,CAEM.xlsb / native formula export,6a. SEI,I34,original_CAEM_formula_graph_and_HPP_HPF; corrected_per_year_two_residual_solver,FR01,,[],associated_model_indicator,source-defined; see source formula,false,,Associated model indicator; not proof of a direct FR atom.,formula_calculated
ministry_caem,oil_plus10,original_CAEM_2024_actual_2025_forecast,current_account,Current account / GDP,percent GDP,annual,2020,-0.5330335183753759,run_calculated,legacy_historical_input,CAEM.xlsb / native formula export,6a. SEI,I37,original_CAEM_formula_graph_and_HPP_HPF; corrected_per_year_two_residual_solver,FR12,,[],associated_model_indicator,source-defined; see source formula,false,,Associated model indicator; not proof of a direct FR atom.,formula_calculated
ministry_caem,oil_plus10,original_CAEM_2024_actual_2025_forecast,net_fdi,Net FDI / GDP,percent GDP,annual,2020,1.8030122034057103,run_calculated,legacy_historical_input,CAEM.xlsb / native formula export,6a. SEI,I38,original_CAEM_formula_graph_and_HPP_HPF; corrected_per_year_two_residual_solver,FR12,,[],associated_model_indicator,source-defined; see source formula,false,,Associated model indicator; not proof of a direct FR atom.,formula_calculated
ministry_caem,oil_plus10,original_CAEM_2024_actual_2025_forecast,portfolio_other_investment,Portfolio and other investment / GDP,percent GDP,annual,2020,0.05328273955917829,run_calculated,legacy_historical_input,CAEM.xlsb / native formula export,6a. SEI,I39,original_CAEM_formula_graph_and_HPP_HPF; corrected_per_year_two_residual_solver,FR12,,[],associated_model_indicator,source-defined; see source formula,false,,Associated model indicator; not proof of a direct FR atom.,formula_calculated
ministry_caem,oil_plus10,original_CAEM_2024_actual_2025_forecast,reserves_ratio,Reserves / GDP,percent GDP,annual,2020,14.919176788845052,run_calculated,legacy_historical_input,CAEM.xlsb / native formula export,6a. SEI,I40,original_CAEM_formula_graph_and_HPP_HPF; corrected_per_year_two_residual_solver,FR12,,[],associated_model_indicator,source-defined; see source formula,false,,Associated model indicator; not proof of a direct FR atom.,formula_calculated
ministry_caem,oil_plus10,original_CAEM_2024_actual_2025_forecast,reserves_broad_money,Reserves / broad money,percent,annual,2020,37.10041266516663,run_calculated,legacy_historical_input,CAEM.xlsb / native formula export,6a. SEI,I41,original_CAEM_formula_graph_and_HPP_HPF; corrected_per_year_two_residual_solver,FR12,,[],associated_model_indicator,source-defined; see source formula,false,,Associated model indicator; not proof of a direct FR atom.,formula_calculated
ministry_caem,oil_plus10,original_CAEM_2024_actual_2025_forecast,net_iip,Net international investment position / GDP,percent GDP,annual,2020,0.0,run_calculated,legacy_historical_input,CAEM.xlsb / native formula export,6a. SEI,I42,original_CAEM_formula_graph_and_HPP_HPF; corrected_per_year_two_residual_solver,FR12,,[],associated_model_indicator,source-defined; see source formula,false,,Associated model indicator; not proof of a direct FR atom.,formula_calculated
ministry_caem,oil_plus10,original_CAEM_2024_actual_2025_forecast,external_debt,External debt / GDP,percent GDP,annual,2020,38.597074528377014,run_calculated,legacy_historical_input,CAEM.xlsb / native formula export,6a. SEI,I43,original_CAEM_formula_graph_and_HPP_HPF; corrected_per_year_two_residual_solver,FR12,,[],associated_model_indicator,source-defined; see source formula,false,,Associated model indicator; not proof of a direct FR atom.,formula_calculated
ministry_caem,oil_plus10,original_CAEM_2024_actual_2025_forecast,saving_investment,Savings-investment balance / GDP,percent GDP,annual,2020,-1.8394978650584877,run_calculated,legacy_historical_input,CAEM.xlsb / native formula export,6a. SEI,I46,original_CAEM_formula_graph_and_HPP_HPF; corrected_per_year_two_residual_solver,FR12,,[],associated_model_indicator,source-defined; see source formula,false,,Associated model indicator; not proof of a direct FR atom.,formula_calculated
ministry_caem,oil_plus10,original_CAEM_2024_actual_2025_forecast,monetary_nfa,Monetary net foreign assets / GDP,percent GDP,annual,2020,25.40151184913906,run_calculated,legacy_historical_input,CAEM.xlsb / native formula export,6a. SEI,I52,original_CAEM_formula_graph_and_HPP_HPF; corrected_per_year_two_residual_solver,FR12,,[],associated_model_indicator,source-defined; see source formula,false,,Associated model indicator; not proof of a direct FR atom.,formula_calculated
ministry_caem,oil_plus10,original_CAEM_2024_actual_2025_forecast,monetary_nda,Monetary net domestic assets / GDP,percent GDP,annual,2020,9.13358533368881,run_calculated,legacy_historical_input,CAEM.xlsb / native formula export,6a. SEI,I53,original_CAEM_formula_graph_and_HPP_HPF; corrected_per_year_two_residual_solver,FR12,,[],associated_model_indicator,source-defined; see source formula,false,,Associated model indicator; not proof of a direct FR atom.,formula_calculated
ministry_caem,oil_plus10,original_CAEM_2024_actual_2025_forecast,private_credit_ratio,Private sector credit / GDP,percent GDP,annual,2020,13.886489851497899,run_calculated,legacy_historical_input,CAEM.xlsb / native formula export,6a. SEI,I55,original_CAEM_formula_graph_and_HPP_HPF; corrected_per_year_two_residual_solver,FR01,,[],associated_model_indicator,source-defined; see source formula,false,,Associated model indicator; not proof of a direct FR atom.,formula_calculated
ministry_caem,oil_plus10,original_CAEM_2024_actual_2025_forecast,broad_money_ratio,Broad money / GDP,percent GDP,annual,2020,40.21296723433102,run_calculated,legacy_historical_input,CAEM.xlsb / native formula export,6a. SEI,I57,original_CAEM_formula_graph_and_HPP_HPF; corrected_per_year_two_residual_solver,FR01,,[],associated_model_indicator,source-defined; see source formula,false,,Associated model indicator; not proof of a direct FR atom.,formula_calculated
ministry_caem,oil_plus10,original_CAEM_2024_actual_2025_forecast,gdp_growth,Real GDP growth,percent,annual,2021,5.600000000000005,run_calculated,legacy_historical_input,CAEM.xlsb / native formula export,6a. SEI,J9,original_CAEM_formula_graph_and_HPP_HPF; corrected_per_year_two_residual_solver,FR01,,"[""FR1""]",direct_original_output_atom,constant-price GDP growth,false,ministry_caem:source:6a. SEI:row9,Exact original row now exported by the actual CAEM engine; source unit/header caveats preserved.,formula_calculated
ministry_caem,oil_plus10,original_CAEM_2024_actual_2025_forecast,output_gap,Output gap / potential GDP,percent,annual,2021,-5.681029773540692,run_calculated,legacy_historical_input,CAEM.xlsb / native formula export,6a. SEI,J10,original_CAEM_formula_graph_and_HPP_HPF; corrected_per_year_two_residual_solver,FR01,,[],associated_model_indicator,source-defined; see source formula,false,,Associated model indicator; not proof of a direct FR atom.,formula_calculated
ministry_caem,oil_plus10,original_CAEM_2024_actual_2025_forecast,domestic_demand_growth,Domestic demand growth,percent,annual,2021,1.7322898973372913,run_calculated,legacy_historical_input,CAEM.xlsb / native formula export,6a. SEI,J11,original_CAEM_formula_graph_and_HPP_HPF; corrected_per_year_two_residual_solver,FR01,,[],associated_model_indicator,source-defined; see source formula,false,,Associated model indicator; not proof of a direct FR atom.,formula_calculated
ministry_caem,oil_plus10,original_CAEM_2024_actual_2025_forecast,consumption_growth,Total consumption growth,percent,annual,2021,3.712115938168381,run_calculated,legacy_historical_input,CAEM.xlsb / native formula export,6a. SEI,J12,original_CAEM_formula_graph_and_HPP_HPF; corrected_per_year_two_residual_solver,FR08,,[],associated_model_indicator,source-defined; see source formula,false,,Associated model indicator; not proof of a direct FR atom.,formula_calculated
ministry_caem,oil_plus10,original_CAEM_2024_actual_2025_forecast,private_consumption_growth,Private consumption growth,percent,annual,2021,3.6491780102720917,run_calculated,legacy_historical_input,CAEM.xlsb / native formula export,6a. SEI,J13,original_CAEM_formula_graph_and_HPP_HPF; corrected_per_year_two_residual_solver,FR08,,[],associated_model_indicator,source-defined; see source formula,false,,Associated model indicator; not proof of a direct FR atom.,formula_calculated
ministry_caem,oil_plus10,original_CAEM_2024_actual_2025_forecast,public_consumption_growth,Public consumption growth,percent,annual,2021,4.000611139852994,run_calculated,legacy_historical_input,CAEM.xlsb / native formula export,6a. SEI,J14,original_CAEM_formula_graph_and_HPP_HPF; corrected_per_year_two_residual_solver,FR08,,[],associated_model_indicator,source-defined; see source formula,false,,Associated model indicator; not proof of a direct FR atom.,formula_calculated
ministry_caem,oil_plus10,original_CAEM_2024_actual_2025_forecast,investment_growth,Total real investment growth,percent,annual,2021,-4.499571521136692,run_calculated,legacy_historical_input,CAEM.xlsb / native formula export,6a. SEI,J15,original_CAEM_formula_graph_and_HPP_HPF; corrected_per_year_two_residual_solver,FR06,,[],associated_model_indicator,source-defined; see source formula,false,,Associated model indicator; not proof of a direct FR atom.,formula_calculated
ministry_caem,oil_plus10,original_CAEM_2024_actual_2025_forecast,exports_growth,Goods and services exports real growth,percent,annual,2021,13.799830682881552,run_calculated,legacy_historical_input,CAEM.xlsb / native formula export,6a. SEI,J16,original_CAEM_formula_graph_and_HPP_HPF; corrected_per_year_two_residual_solver,FR07,,[],associated_model_indicator,source-defined; see source formula,false,,Associated model indicator; not proof of a direct FR atom.,formula_calculated
ministry_caem,oil_plus10,original_CAEM_2024_actual_2025_forecast,imports_growth,Goods and services imports real growth,percent,annual,2021,2.9996429472578967,run_calculated,legacy_historical_input,CAEM.xlsb / native formula export,6a. SEI,J17,original_CAEM_formula_graph_and_HPP_HPF; corrected_per_year_two_residual_solver,FR07,,[],associated_model_indicator,source-defined; see source formula,false,,Associated model indicator; not proof of a direct FR atom.,formula_calculated
ministry_caem,oil_plus10,original_CAEM_2024_actual_2025_forecast,cpi_avg,CPI inflation (period average),percent,annual,2021,6.699999999999989,run_calculated,legacy_historical_input,CAEM.xlsb / native formula export,6a. SEI,J19,original_CAEM_formula_graph_and_HPP_HPF; corrected_per_year_two_residual_solver,FR09,,"[""FR9""]",direct_original_output_atom,annual-average consumer-price inflation,false,ministry_caem:source:6a. SEI:row19,Exact original row now exported by the actual CAEM engine; source unit/header caveats preserved.,formula_calculated
ministry_caem,oil_plus10,original_CAEM_2024_actual_2025_forecast,gdp_deflator,GDP deflator growth,percent,annual,2021,21.607766062498257,run_calculated,legacy_historical_input,CAEM.xlsb / native formula export,6a. SEI,J20,original_CAEM_formula_graph_and_HPP_HPF; corrected_per_year_two_residual_solver,FR01,,"[""FR1""]",direct_original_output_atom,implicit GDP deflator growth,false,ministry_caem:source:6a. SEI:row20,Exact original row now exported by the actual CAEM engine; source unit/header caveats preserved.,formula_calculated
ministry_caem,oil_plus10,original_CAEM_2024_actual_2025_forecast,policy_rate,Policy interest rate,percent,annual,2021,,unavailable_source_blank,legacy_historical_input,CAEM.xlsb / native formula export,6a. SEI,J21,original_CAEM_formula_graph_and_HPP_HPF; corrected_per_year_two_residual_solver,FR09,,[],associated_model_indicator,source-defined; see source formula,false,,Associated model indicator; not proof of a direct FR atom.,original_literal
ministry_caem,oil_plus10,original_CAEM_2024_actual_2025_forecast,reer,Real effective exchange rate index,"index, 2010=100",annual,2021,113.620612431606,run_calculated,legacy_historical_input,CAEM.xlsb / native formula export,6a. SEI,J24,original_CAEM_formula_graph_and_HPP_HPF; corrected_per_year_two_residual_solver,FR10,,[],associated_model_indicator,source-defined; see source formula,false,,Associated model indicator; not proof of a direct FR atom.,formula_calculated
ministry_caem,oil_plus10,original_CAEM_2024_actual_2025_forecast,reer_growth,Real effective exchange rate change,percent,annual,2021,13.231279862266266,run_calculated,legacy_historical_input,CAEM.xlsb / native formula export,6a. SEI,J25,original_CAEM_formula_graph_and_HPP_HPF; corrected_per_year_two_residual_solver,FR10,,[],associated_model_indicator,source-defined; see source formula,false,,Associated model indicator; not proof of a direct FR atom.,formula_calculated
ministry_caem,oil_plus10,original_CAEM_2024_actual_2025_forecast,fiscal_revenue_ratio,Fiscal revenue / GDP,percent GDP,annual,2021,36.41511375145918,run_calculated,legacy_historical_input,CAEM.xlsb / native formula export,6a. SEI,J28,original_CAEM_formula_graph_and_HPP_HPF; corrected_per_year_two_residual_solver,FR01,,[],associated_model_indicator,source-defined; see source formula,false,,Associated model indicator; not proof of a direct FR atom.,formula_calculated
ministry_caem,oil_plus10,original_CAEM_2024_actual_2025_forecast,fiscal_expenditure_ratio,Fiscal expenditure / GDP,percent GDP,annual,2021,30.492235137849345,run_calculated,legacy_historical_input,CAEM.xlsb / native formula export,6a. SEI,J29,original_CAEM_formula_graph_and_HPP_HPF; corrected_per_year_two_residual_solver,FR01,,[],associated_model_indicator,source-defined; see source formula,false,,Associated model indicator; not proof of a direct FR atom.,formula_calculated
ministry_caem,oil_plus10,original_CAEM_2024_actual_2025_forecast,overall_fiscal_balance,Overall fiscal balance / GDP,percent GDP,annual,2021,5.922878613609841,run_calculated,legacy_historical_input,CAEM.xlsb / native formula export,6a. SEI,J30,original_CAEM_formula_graph_and_HPP_HPF; corrected_per_year_two_residual_solver,FR01,,[],associated_model_indicator,source-defined; see source formula,false,,Associated model indicator; not proof of a direct FR atom.,formula_calculated
ministry_caem,oil_plus10,original_CAEM_2024_actual_2025_forecast,government_domestic_debt,Government domestic debt / GDP,percent GDP,annual,2021,3.2921616425187135,run_calculated,legacy_historical_input,CAEM.xlsb / native formula export,6a. SEI,J32,original_CAEM_formula_graph_and_HPP_HPF; corrected_per_year_two_residual_solver,FR01,,[],associated_model_indicator,source-defined; see source formula,false,,Associated model indicator; not proof of a direct FR atom.,formula_calculated
ministry_caem,oil_plus10,original_CAEM_2024_actual_2025_forecast,government_external_debt,Government external debt / GDP,percent GDP,annual,2021,14.839286633935314,run_calculated,legacy_historical_input,CAEM.xlsb / native formula export,6a. SEI,J33,original_CAEM_formula_graph_and_HPP_HPF; corrected_per_year_two_residual_solver,FR01,,[],associated_model_indicator,source-defined; see source formula,false,,Associated model indicator; not proof of a direct FR atom.,formula_calculated
ministry_caem,oil_plus10,original_CAEM_2024_actual_2025_forecast,government_total_debt,Total government debt / GDP,percent GDP,annual,2021,18.13144827645403,run_calculated,legacy_historical_input,CAEM.xlsb / native formula export,6a. SEI,J34,original_CAEM_formula_graph_and_HPP_HPF; corrected_per_year_two_residual_solver,FR01,,[],associated_model_indicator,source-defined; see source formula,false,,Associated model indicator; not proof of a direct FR atom.,formula_calculated
ministry_caem,oil_plus10,original_CAEM_2024_actual_2025_forecast,current_account,Current account / GDP,percent GDP,annual,2021,15.123607343953852,run_calculated,legacy_historical_input,CAEM.xlsb / native formula export,6a. SEI,J37,original_CAEM_formula_graph_and_HPP_HPF; corrected_per_year_two_residual_solver,FR12,,[],associated_model_indicator,source-defined; see source formula,false,,Associated model indicator; not proof of a direct FR atom.,formula_calculated
ministry_caem,oil_plus10,original_CAEM_2024_actual_2025_forecast,net_fdi,Net FDI / GDP,percent GDP,annual,2021,4.0887609009132735,run_calculated,legacy_historical_input,CAEM.xlsb / native formula export,6a. SEI,J38,original_CAEM_formula_graph_and_HPP_HPF; corrected_per_year_two_residual_solver,FR12,,[],associated_model_indicator,source-defined; see source formula,false,,Associated model indicator; not proof of a direct FR atom.,formula_calculated
ministry_caem,oil_plus10,original_CAEM_2024_actual_2025_forecast,portfolio_other_investment,Portfolio and other investment / GDP,percent GDP,annual,2021,0.8345290719631945,run_calculated,legacy_historical_input,CAEM.xlsb / native formula export,6a. SEI,J39,original_CAEM_formula_graph_and_HPP_HPF; corrected_per_year_two_residual_solver,FR12,,[],associated_model_indicator,source-defined; see source formula,false,,Associated model indicator; not proof of a direct FR atom.,formula_calculated
ministry_caem,oil_plus10,original_CAEM_2024_actual_2025_forecast,reserves_ratio,Reserves / GDP,percent GDP,annual,2021,12.904597401644317,run_calculated,legacy_historical_input,CAEM.xlsb / native formula export,6a. SEI,J40,original_CAEM_formula_graph_and_HPP_HPF; corrected_per_year_two_residual_solver,FR12,,[],associated_model_indicator,source-defined; see source formula,false,,Associated model indicator; not proof of a direct FR atom.,formula_calculated
ministry_caem,oil_plus10,original_CAEM_2024_actual_2025_forecast,reserves_broad_money,Reserves / broad money,percent,annual,2021,34.71475793730938,run_calculated,legacy_historical_input,CAEM.xlsb / native formula export,6a. SEI,J41,original_CAEM_formula_graph_and_HPP_HPF; corrected_per_year_two_residual_solver,FR12,,[],associated_model_indicator,source-defined; see source formula,false,,Associated model indicator; not proof of a direct FR atom.,formula_calculated
ministry_caem,oil_plus10,original_CAEM_2024_actual_2025_forecast,net_iip,Net international investment position / GDP,percent GDP,annual,2021,0.0,run_calculated,legacy_historical_input,CAEM.xlsb / native formula export,6a. SEI,J42,original_CAEM_formula_graph_and_HPP_HPF; corrected_per_year_two_residual_solver,FR12,,[],associated_model_indicator,source-defined; see source formula,false,,Associated model indicator; not proof of a direct FR atom.,formula_calculated
ministry_caem,oil_plus10,original_CAEM_2024_actual_2025_forecast,external_debt,External debt / GDP,percent GDP,annual,2021,28.541499941954783,run_calculated,legacy_historical_input,CAEM.xlsb / native formula export,6a. SEI,J43,original_CAEM_formula_graph_and_HPP_HPF; corrected_per_year_two_residual_solver,FR12,,[],associated_model_indicator,source-defined; see source formula,false,,Associated model indicator; not proof of a direct FR atom.,formula_calculated
ministry_caem,oil_plus10,original_CAEM_2024_actual_2025_forecast,saving_investment,Savings-investment balance / GDP,percent GDP,annual,2021,14.285510368742713,run_calculated,legacy_historical_input,CAEM.xlsb / native formula export,6a. SEI,J46,original_CAEM_formula_graph_and_HPP_HPF; corrected_per_year_two_residual_solver,FR12,,[],associated_model_indicator,source-defined; see source formula,false,,Associated model indicator; not proof of a direct FR atom.,formula_calculated
ministry_caem,oil_plus10,original_CAEM_2024_actual_2025_forecast,monetary_nfa,Monetary net foreign assets / GDP,percent GDP,annual,2021,21.64196724922535,run_calculated,legacy_historical_input,CAEM.xlsb / native formula export,6a. SEI,J52,original_CAEM_formula_graph_and_HPP_HPF; corrected_per_year_two_residual_solver,FR12,,[],associated_model_indicator,source-defined; see source formula,false,,Associated model indicator; not proof of a direct FR atom.,formula_calculated
ministry_caem,oil_plus10,original_CAEM_2024_actual_2025_forecast,monetary_nda,Monetary net domestic assets / GDP,percent GDP,annual,2021,11.624675274368263,run_calculated,legacy_historical_input,CAEM.xlsb / native formula export,6a. SEI,J53,original_CAEM_formula_graph_and_HPP_HPF; corrected_per_year_two_residual_solver,FR12,,[],associated_model_indicator,source-defined; see source formula,false,,Associated model indicator; not proof of a direct FR atom.,formula_calculated
ministry_caem,oil_plus10,original_CAEM_2024_actual_2025_forecast,private_credit_ratio,Private sector credit / GDP,percent GDP,annual,2021,13.440638023286755,run_calculated,legacy_historical_input,CAEM.xlsb / native formula export,6a. SEI,J55,original_CAEM_formula_graph_and_HPP_HPF; corrected_per_year_two_residual_solver,FR01,,[],associated_model_indicator,source-defined; see source formula,false,,Associated model indicator; not proof of a direct FR atom.,formula_calculated
ministry_caem,oil_plus10,original_CAEM_2024_actual_2025_forecast,broad_money_ratio,Broad money / GDP,percent GDP,annual,2021,37.17323169860048,run_calculated,legacy_historical_input,CAEM.xlsb / native formula export,6a. SEI,J57,original_CAEM_formula_graph_and_HPP_HPF; corrected_per_year_two_residual_solver,FR01,,[],associated_model_indicator,source-defined; see source formula,false,,Associated model indicator; not proof of a direct FR atom.,formula_calculated
ministry_caem,oil_plus10,original_CAEM_2024_actual_2025_forecast,gdp_growth,Real GDP growth,percent,annual,2022,4.699999999999993,run_calculated,legacy_historical_input,CAEM.xlsb / native formula export,6a. SEI,K9,original_CAEM_formula_graph_and_HPP_HPF; corrected_per_year_two_residual_solver,FR01,,"[""FR1""]",direct_original_output_atom,constant-price GDP growth,false,ministry_caem:source:6a. SEI:row9,Exact original row now exported by the actual CAEM engine; source unit/header caveats preserved.,formula_calculated
ministry_caem,oil_plus10,original_CAEM_2024_actual_2025_forecast,output_gap,Output gap / potential GDP,percent,annual,2022,-1.0506751446020424,run_calculated,legacy_historical_input,CAEM.xlsb / native formula export,6a. SEI,K10,original_CAEM_formula_graph_and_HPP_HPF; corrected_per_year_two_residual_solver,FR01,,[],associated_model_indicator,source-defined; see source formula,false,,Associated model indicator; not proof of a direct FR atom.,formula_calculated
ministry_caem,oil_plus10,original_CAEM_2024_actual_2025_forecast,domestic_demand_growth,Domestic demand growth,percent,annual,2022,3.1735192028102155,run_calculated,legacy_historical_input,CAEM.xlsb / native formula export,6a. SEI,K11,original_CAEM_formula_graph_and_HPP_HPF; corrected_per_year_two_residual_solver,FR01,,[],associated_model_indicator,source-defined; see source formula,false,,Associated model indicator; not proof of a direct FR atom.,formula_calculated
ministry_caem,oil_plus10,original_CAEM_2024_actual_2025_forecast,consumption_growth,Total consumption growth,percent,annual,2022,3.8678775495912143,run_calculated,legacy_historical_input,CAEM.xlsb / native formula export,6a. SEI,K12,original_CAEM_formula_graph_and_HPP_HPF; corrected_per_year_two_residual_solver,FR08,,[],associated_model_indicator,source-defined; see source formula,false,,Associated model indicator; not proof of a direct FR atom.,formula_calculated
ministry_caem,oil_plus10,original_CAEM_2024_actual_2025_forecast,private_consumption_growth,Private consumption growth,percent,annual,2022,4.546000000000006,run_calculated,legacy_historical_input,CAEM.xlsb / native formula export,6a. SEI,K13,original_CAEM_formula_graph_and_HPP_HPF; corrected_per_year_two_residual_solver,FR08,,[],associated_model_indicator,source-defined; see source formula,false,,Associated model indicator; not proof of a direct FR atom.,formula_calculated
ministry_caem,oil_plus10,original_CAEM_2024_actual_2025_forecast,public_consumption_growth,Public consumption growth,percent,annual,2022,0.770000000000004,run_calculated,legacy_historical_input,CAEM.xlsb / native formula export,6a. SEI,K14,original_CAEM_formula_graph_and_HPP_HPF; corrected_per_year_two_residual_solver,FR08,,[],associated_model_indicator,source-defined; see source formula,false,,Associated model indicator; not proof of a direct FR atom.,formula_calculated
ministry_caem,oil_plus10,original_CAEM_2024_actual_2025_forecast,investment_growth,Total real investment growth,percent,annual,2022,0.7999680810740761,run_calculated,legacy_historical_input,CAEM.xlsb / native formula export,6a. SEI,K15,original_CAEM_formula_graph_and_HPP_HPF; corrected_per_year_two_residual_solver,FR06,,[],associated_model_indicator,source-defined; see source formula,false,,Associated model indicator; not proof of a direct FR atom.,formula_calculated
ministry_caem,oil_plus10,original_CAEM_2024_actual_2025_forecast,exports_growth,Goods and services exports real growth,percent,annual,2022,13.000017009791964,run_calculated,legacy_historical_input,CAEM.xlsb / native formula export,6a. SEI,K16,original_CAEM_formula_graph_and_HPP_HPF; corrected_per_year_two_residual_solver,FR07,,[],associated_model_indicator,source-defined; see source formula,false,,Associated model indicator; not proof of a direct FR atom.,formula_calculated
ministry_caem,oil_plus10,original_CAEM_2024_actual_2025_forecast,imports_growth,Goods and services imports real growth,percent,annual,2022,13.4998592172479,run_calculated,legacy_historical_input,CAEM.xlsb / native formula export,6a. SEI,K17,original_CAEM_formula_graph_and_HPP_HPF; corrected_per_year_two_residual_solver,FR07,,[],associated_model_indicator,source-defined; see source formula,false,,Associated model indicator; not proof of a direct FR atom.,formula_calculated
ministry_caem,oil_plus10,original_CAEM_2024_actual_2025_forecast,cpi_avg,CPI inflation (period average),percent,annual,2022,13.900000000000006,run_calculated,legacy_historical_input,CAEM.xlsb / native formula export,6a. SEI,K19,original_CAEM_formula_graph_and_HPP_HPF; corrected_per_year_two_residual_solver,FR09,,"[""FR9""]",direct_original_output_atom,annual-average consumer-price inflation,false,ministry_caem:source:6a. SEI:row19,Exact original row now exported by the actual CAEM engine; source unit/header caveats preserved.,formula_calculated
ministry_caem,oil_plus10,original_CAEM_2024_actual_2025_forecast,gdp_deflator,GDP deflator growth,percent,annual,2022,37.28996831013373,run_calculated,legacy_historical_input,CAEM.xlsb / native formula export,6a. SEI,K20,original_CAEM_formula_graph_and_HPP_HPF; corrected_per_year_two_residual_solver,FR01,,"[""FR1""]",direct_original_output_atom,implicit GDP deflator growth,false,ministry_caem:source:6a. SEI:row20,Exact original row now exported by the actual CAEM engine; source unit/header caveats preserved.,formula_calculated
ministry_caem,oil_plus10,original_CAEM_2024_actual_2025_forecast,policy_rate,Policy interest rate,percent,annual,2022,,unavailable_source_blank,legacy_historical_input,CAEM.xlsb / native formula export,6a. SEI,K21,original_CAEM_formula_graph_and_HPP_HPF; corrected_per_year_two_residual_solver,FR09,,[],associated_model_indicator,source-defined; see source formula,false,,Associated model indicator; not proof of a direct FR atom.,original_literal
ministry_caem,oil_plus10,original_CAEM_2024_actual_2025_forecast,reer,Real effective exchange rate index,"index, 2010=100",annual,2022,122.3095839083818,run_calculated,legacy_historical_input,CAEM.xlsb / native formula export,6a. SEI,K24,original_CAEM_formula_graph_and_HPP_HPF; corrected_per_year_two_residual_solver,FR10,,[],associated_model_indicator,source-defined; see source formula,false,,Associated model indicator; not proof of a direct FR atom.,formula_calculated
ministry_caem,oil_plus10,original_CAEM_2024_actual_2025_forecast,reer_growth,Real effective exchange rate change,percent,annual,2022,7.647354904028636,run_calculated,legacy_historical_input,CAEM.xlsb / native formula export,6a. SEI,K25,original_CAEM_formula_graph_and_HPP_HPF; corrected_per_year_two_residual_solver,FR10,,[],associated_model_indicator,source-defined; see source formula,false,,Associated model indicator; not proof of a direct FR atom.,formula_calculated
ministry_caem,oil_plus10,original_CAEM_2024_actual_2025_forecast,fiscal_revenue_ratio,Fiscal revenue / GDP,percent GDP,annual,2022,32.16903135265618,run_calculated,legacy_historical_input,CAEM.xlsb / native formula export,6a. SEI,K28,original_CAEM_formula_graph_and_HPP_HPF; corrected_per_year_two_residual_solver,FR01,,[],associated_model_indicator,source-defined; see source formula,false,,Associated model indicator; not proof of a direct FR atom.,formula_calculated
ministry_caem,oil_plus10,original_CAEM_2024_actual_2025_forecast,fiscal_expenditure_ratio,Fiscal expenditure / GDP,percent GDP,annual,2022,25.315202041162117,run_calculated,legacy_historical_input,CAEM.xlsb / native formula export,6a. SEI,K29,original_CAEM_formula_graph_and_HPP_HPF; corrected_per_year_two_residual_solver,FR01,,[],associated_model_indicator,source-defined; see source formula,false,,Associated model indicator; not proof of a direct FR atom.,formula_calculated
ministry_caem,oil_plus10,original_CAEM_2024_actual_2025_forecast,overall_fiscal_balance,Overall fiscal balance / GDP,percent GDP,annual,2022,6.853829311494058,run_calculated,legacy_historical_input,CAEM.xlsb / native formula export,6a. SEI,K30,original_CAEM_formula_graph_and_HPP_HPF; corrected_per_year_two_residual_solver,FR01,,[],associated_model_indicator,source-defined; see source formula,false,,Associated model indicator; not proof of a direct FR atom.,formula_calculated
ministry_caem,oil_plus10,original_CAEM_2024_actual_2025_forecast,government_domestic_debt,Government domestic debt / GDP,percent GDP,annual,2022,3.12615928469009,run_calculated,legacy_historical_input,CAEM.xlsb / native formula export,6a. SEI,K32,original_CAEM_formula_graph_and_HPP_HPF; corrected_per_year_two_residual_solver,FR01,,[],associated_model_indicator,source-defined; see source formula,false,,Associated model indicator; not proof of a direct FR atom.,formula_calculated
ministry_caem,oil_plus10,original_CAEM_2024_actual_2025_forecast,government_external_debt,Government external debt / GDP,percent GDP,annual,2022,8.493103445701996,run_calculated,legacy_historical_input,CAEM.xlsb / native formula export,6a. SEI,K33,original_CAEM_formula_graph_and_HPP_HPF; corrected_per_year_two_residual_solver,FR01,,[],associated_model_indicator,source-defined; see source formula,false,,Associated model indicator; not proof of a direct FR atom.,formula_calculated
ministry_caem,oil_plus10,original_CAEM_2024_actual_2025_forecast,government_total_debt,Total government debt / GDP,percent GDP,annual,2022,11.619262730392085,run_calculated,legacy_historical_input,CAEM.xlsb / native formula export,6a. SEI,K34,original_CAEM_formula_graph_and_HPP_HPF; corrected_per_year_two_residual_solver,FR01,,[],associated_model_indicator,source-defined; see source formula,false,,Associated model indicator; not proof of a direct FR atom.,formula_calculated
ministry_caem,oil_plus10,original_CAEM_2024_actual_2025_forecast,current_account,Current account / GDP,percent GDP,annual,2022,29.791694651223715,run_calculated,legacy_historical_input,CAEM.xlsb / native formula export,6a. SEI,K37,original_CAEM_formula_graph_and_HPP_HPF; corrected_per_year_two_residual_solver,FR12,,[],associated_model_indicator,source-defined; see source formula,false,,Associated model indicator; not proof of a direct FR atom.,formula_calculated
ministry_caem,oil_plus10,original_CAEM_2024_actual_2025_forecast,net_fdi,Net FDI / GDP,percent GDP,annual,2022,6.4700325514078605,run_calculated,legacy_historical_input,CAEM.xlsb / native formula export,6a. SEI,K38,original_CAEM_formula_graph_and_HPP_HPF; corrected_per_year_two_residual_solver,FR12,,[],associated_model_indicator,source-defined; see source formula,false,,Associated model indicator; not proof of a direct FR atom.,formula_calculated
ministry_caem,oil_plus10,original_CAEM_2024_actual_2025_forecast,portfolio_other_investment,Portfolio and other investment / GDP,percent GDP,annual,2022,1.4703834437911603,run_calculated,legacy_historical_input,CAEM.xlsb / native formula export,6a. SEI,K39,original_CAEM_formula_graph_and_HPP_HPF; corrected_per_year_two_residual_solver,FR12,,[],associated_model_indicator,source-defined; see source formula,false,,Associated model indicator; not proof of a direct FR atom.,formula_calculated
ministry_caem,oil_plus10,original_CAEM_2024_actual_2025_forecast,reserves_ratio,Reserves / GDP,percent GDP,annual,2022,11.414780772500666,run_calculated,legacy_historical_input,CAEM.xlsb / native formula export,6a. SEI,K40,original_CAEM_formula_graph_and_HPP_HPF; corrected_per_year_two_residual_solver,FR12,,[],associated_model_indicator,source-defined; see source formula,false,,Associated model indicator; not proof of a direct FR atom.,formula_calculated
ministry_caem,oil_plus10,original_CAEM_2024_actual_2025_forecast,reserves_broad_money,Reserves / broad money,percent,annual,2022,35.70978400172294,run_calculated,legacy_historical_input,CAEM.xlsb / native formula export,6a. SEI,K41,original_CAEM_formula_graph_and_HPP_HPF; corrected_per_year_two_residual_solver,FR12,,[],associated_model_indicator,source-defined; see source formula,false,,Associated model indicator; not proof of a direct FR atom.,formula_calculated
ministry_caem,oil_plus10,original_CAEM_2024_actual_2025_forecast,net_iip,Net international investment position / GDP,percent GDP,annual,2022,0.0,run_calculated,legacy_historical_input,CAEM.xlsb / native formula export,6a. SEI,K42,original_CAEM_formula_graph_and_HPP_HPF; corrected_per_year_two_residual_solver,FR12,,[],associated_model_indicator,source-defined; see source formula,false,,Associated model indicator; not proof of a direct FR atom.,formula_calculated
ministry_caem,oil_plus10,original_CAEM_2024_actual_2025_forecast,external_debt,External debt / GDP,percent GDP,annual,2022,19.385286323579354,run_calculated,legacy_historical_input,CAEM.xlsb / native formula export,6a. SEI,K43,original_CAEM_formula_graph_and_HPP_HPF; corrected_per_year_two_residual_solver,FR12,,[],associated_model_indicator,source-defined; see source formula,false,,Associated model indicator; not proof of a direct FR atom.,formula_calculated
ministry_caem,oil_plus10,original_CAEM_2024_actual_2025_forecast,saving_investment,Savings-investment balance / GDP,percent GDP,annual,2022,26.028912905390428,run_calculated,legacy_historical_input,CAEM.xlsb / native formula export,6a. SEI,K46,original_CAEM_formula_graph_and_HPP_HPF; corrected_per_year_two_residual_solver,FR12,,[],associated_model_indicator,source-defined; see source formula,false,,Associated model indicator; not proof of a direct FR atom.,formula_calculated
ministry_caem,oil_plus10,original_CAEM_2024_actual_2025_forecast,monetary_nfa,Monetary net foreign assets / GDP,percent GDP,annual,2022,18.683501295853564,run_calculated,legacy_historical_input,CAEM.xlsb / native formula export,6a. SEI,K52,original_CAEM_formula_graph_and_HPP_HPF; corrected_per_year_two_residual_solver,FR12,,[],associated_model_indicator,source-defined; see source formula,false,,Associated model indicator; not proof of a direct FR atom.,formula_calculated
ministry_caem,oil_plus10,original_CAEM_2024_actual_2025_forecast,monetary_nda,Monetary net domestic assets / GDP,percent GDP,annual,2022,10.292885724964862,run_calculated,legacy_historical_input,CAEM.xlsb / native formula export,6a. SEI,K53,original_CAEM_formula_graph_and_HPP_HPF; corrected_per_year_two_residual_solver,FR12,,[],associated_model_indicator,source-defined; see source formula,false,,Associated model indicator; not proof of a direct FR atom.,formula_calculated
ministry_caem,oil_plus10,original_CAEM_2024_actual_2025_forecast,private_credit_ratio,Private sector credit / GDP,percent GDP,annual,2022,11.263271463559366,run_calculated,legacy_historical_input,CAEM.xlsb / native formula export,6a. SEI,K55,original_CAEM_formula_graph_and_HPP_HPF; corrected_per_year_two_residual_solver,FR01,,[],associated_model_indicator,source-defined; see source formula,false,,Associated model indicator; not proof of a direct FR atom.,formula_calculated
ministry_caem,oil_plus10,original_CAEM_2024_actual_2025_forecast,broad_money_ratio,Broad money / GDP,percent GDP,annual,2022,31.96541533813232,run_calculated,legacy_historical_input,CAEM.xlsb / native formula export,6a. SEI,K57,original_CAEM_formula_graph_and_HPP_HPF; corrected_per_year_two_residual_solver,FR01,,[],associated_model_indicator,source-defined; see source formula,false,,Associated model indicator; not proof of a direct FR atom.,formula_calculated
ministry_caem,oil_plus10,original_CAEM_2024_actual_2025_forecast,gdp_growth,Real GDP growth,percent,annual,2023,1.4000000000000012,run_calculated,legacy_historical_input,CAEM.xlsb / native formula export,6a. SEI,L9,original_CAEM_formula_graph_and_HPP_HPF; corrected_per_year_two_residual_solver,FR01,,"[""FR1""]",direct_original_output_atom,constant-price GDP growth,false,ministry_caem:source:6a. SEI:row9,Exact original row now exported by the actual CAEM engine; source unit/header caveats preserved.,formula_calculated
ministry_caem,oil_plus10,original_CAEM_2024_actual_2025_forecast,output_gap,Output gap / potential GDP,percent,annual,2023,-0.8346330893069909,run_calculated,legacy_historical_input,CAEM.xlsb / native formula export,6a. SEI,L10,original_CAEM_formula_graph_and_HPP_HPF; corrected_per_year_two_residual_solver,FR01,,[],associated_model_indicator,source-defined; see source formula,false,,Associated model indicator; not proof of a direct FR atom.,formula_calculated
ministry_caem,oil_plus10,original_CAEM_2024_actual_2025_forecast,domestic_demand_growth,Domestic demand growth,percent,annual,2023,6.929163826105622,run_calculated,legacy_historical_input,CAEM.xlsb / native formula export,6a. SEI,L11,original_CAEM_formula_graph_and_HPP_HPF; corrected_per_year_two_residual_solver,FR01,,[],associated_model_indicator,source-defined; see source formula,false,,Associated model indicator; not proof of a direct FR atom.,formula_calculated
ministry_caem,oil_plus10,original_CAEM_2024_actual_2025_forecast,consumption_growth,Total consumption growth,percent,annual,2023,3.928111623395658,run_calculated,legacy_historical_input,CAEM.xlsb / native formula export,6a. SEI,L12,original_CAEM_formula_graph_and_HPP_HPF; corrected_per_year_two_residual_solver,FR08,,[],associated_model_indicator,source-defined; see source formula,false,,Associated model indicator; not proof of a direct FR atom.,formula_calculated
ministry_caem,oil_plus10,original_CAEM_2024_actual_2025_forecast,private_consumption_growth,Private consumption growth,percent,annual,2023,5.200000000000005,run_calculated,legacy_historical_input,CAEM.xlsb / native formula export,6a. SEI,L13,original_CAEM_formula_graph_and_HPP_HPF; corrected_per_year_two_residual_solver,FR08,,[],associated_model_indicator,source-defined; see source formula,false,,Associated model indicator; not proof of a direct FR atom.,formula_calculated
ministry_caem,oil_plus10,original_CAEM_2024_actual_2025_forecast,public_consumption_growth,Public consumption growth,percent,annual,2023,-2.100000000000002,run_calculated,legacy_historical_input,CAEM.xlsb / native formula export,6a. SEI,L14,original_CAEM_formula_graph_and_HPP_HPF; corrected_per_year_two_residual_solver,FR08,,[],associated_model_indicator,source-defined; see source formula,false,,Associated model indicator; not proof of a direct FR atom.,formula_calculated
ministry_caem,oil_plus10,original_CAEM_2024_actual_2025_forecast,investment_growth,Total real investment growth,percent,annual,2023,17.500000000000004,run_calculated,legacy_historical_input,CAEM.xlsb / native formula export,6a. SEI,L15,original_CAEM_formula_graph_and_HPP_HPF; corrected_per_year_two_residual_solver,FR06,,[],associated_model_indicator,source-defined; see source formula,false,,Associated model indicator; not proof of a direct FR atom.,formula_calculated
ministry_caem,oil_plus10,original_CAEM_2024_actual_2025_forecast,exports_growth,Goods and services exports real growth,percent,annual,2023,-0.10000000000000009,run_calculated,legacy_historical_input,CAEM.xlsb / native formula export,6a. SEI,L16,original_CAEM_formula_graph_and_HPP_HPF; corrected_per_year_two_residual_solver,FR07,,[],associated_model_indicator,source-defined; see source formula,false,,Associated model indicator; not proof of a direct FR atom.,formula_calculated
ministry_caem,oil_plus10,original_CAEM_2024_actual_2025_forecast,imports_growth,Goods and services imports real growth,percent,annual,2023,9.699999999999998,run_calculated,legacy_historical_input,CAEM.xlsb / native formula export,6a. SEI,L17,original_CAEM_formula_graph_and_HPP_HPF; corrected_per_year_two_residual_solver,FR07,,[],associated_model_indicator,source-defined; see source formula,false,,Associated model indicator; not proof of a direct FR atom.,formula_calculated
ministry_caem,oil_plus10,original_CAEM_2024_actual_2025_forecast,cpi_avg,CPI inflation (period average),percent,annual,2023,8.800000000000068,run_calculated,legacy_historical_input,CAEM.xlsb / native formula export,6a. SEI,L19,original_CAEM_formula_graph_and_HPP_HPF; corrected_per_year_two_residual_solver,FR09,,"[""FR9""]",direct_original_output_atom,annual-average consumer-price inflation,false,ministry_caem:source:6a. SEI:row19,Exact original row now exported by the actual CAEM engine; source unit/header caveats preserved.,formula_calculated
ministry_caem,oil_plus10,original_CAEM_2024_actual_2025_forecast,gdp_deflator,GDP deflator growth,percent,annual,2023,-9.363323746655908,run_calculated,legacy_historical_input,CAEM.xlsb / native formula export,6a. SEI,L20,original_CAEM_formula_graph_and_HPP_HPF; corrected_per_year_two_residual_solver,FR01,,"[""FR1""]",direct_original_output_atom,implicit GDP deflator growth,false,ministry_caem:source:6a. SEI:row20,Exact original row now exported by the actual CAEM engine; source unit/header caveats preserved.,formula_calculated
ministry_caem,oil_plus10,original_CAEM_2024_actual_2025_forecast,policy_rate,Policy interest rate,percent,annual,2023,,unavailable_source_blank,legacy_historical_input,CAEM.xlsb / native formula export,6a. SEI,L21,original_CAEM_formula_graph_and_HPP_HPF; corrected_per_year_two_residual_solver,FR09,,[],associated_model_indicator,source-defined; see source formula,false,,Associated model indicator; not proof of a direct FR atom.,original_literal
ministry_caem,oil_plus10,original_CAEM_2024_actual_2025_forecast,reer,Real effective exchange rate index,"index, 2010=100",annual,2023,121.37819246927887,run_calculated,legacy_historical_input,CAEM.xlsb / native formula export,6a. SEI,L24,original_CAEM_formula_graph_and_HPP_HPF; corrected_per_year_two_residual_solver,FR10,,[],associated_model_indicator,source-defined; see source formula,false,,Associated model indicator; not proof of a direct FR atom.,formula_calculated
ministry_caem,oil_plus10,original_CAEM_2024_actual_2025_forecast,reer_growth,Real effective exchange rate change,percent,annual,2023,-0.7615032357567331,run_calculated,legacy_historical_input,CAEM.xlsb / native formula export,6a. SEI,L25,original_CAEM_formula_graph_and_HPP_HPF; corrected_per_year_two_residual_solver,FR10,,[],associated_model_indicator,source-defined; see source formula,false,,Associated model indicator; not proof of a direct FR atom.,formula_calculated
ministry_caem,oil_plus10,original_CAEM_2024_actual_2025_forecast,fiscal_revenue_ratio,Fiscal revenue / GDP,percent GDP,annual,2023,40.64781187768216,run_calculated,legacy_historical_input,CAEM.xlsb / native formula export,6a. SEI,L28,original_CAEM_formula_graph_and_HPP_HPF; corrected_per_year_two_residual_solver,FR01,,[],associated_model_indicator,source-defined; see source formula,false,,Associated model indicator; not proof of a direct FR atom.,formula_calculated
ministry_caem,oil_plus10,original_CAEM_2024_actual_2025_forecast,fiscal_expenditure_ratio,Fiscal expenditure / GDP,percent GDP,annual,2023,32.51443208877887,run_calculated,legacy_historical_input,CAEM.xlsb / native formula export,6a. SEI,L29,original_CAEM_formula_graph_and_HPP_HPF; corrected_per_year_two_residual_solver,FR01,,[],associated_model_indicator,source-defined; see source formula,false,,Associated model indicator; not proof of a direct FR atom.,formula_calculated
ministry_caem,oil_plus10,original_CAEM_2024_actual_2025_forecast,overall_fiscal_balance,Overall fiscal balance / GDP,percent GDP,annual,2023,8.133379788903287,run_calculated,legacy_historical_input,CAEM.xlsb / native formula export,6a. SEI,L30,original_CAEM_formula_graph_and_HPP_HPF; corrected_per_year_two_residual_solver,FR01,,[],associated_model_indicator,source-defined; see source formula,false,,Associated model indicator; not proof of a direct FR atom.,formula_calculated
ministry_caem,oil_plus10,original_CAEM_2024_actual_2025_forecast,government_domestic_debt,Government domestic debt / GDP,percent GDP,annual,2023,12.886060405235511,run_calculated,legacy_historical_input,CAEM.xlsb / native formula export,6a. SEI,L32,original_CAEM_formula_graph_and_HPP_HPF; corrected_per_year_two_residual_solver,FR01,,[],associated_model_indicator,source-defined; see source formula,false,,Associated model indicator; not proof of a direct FR atom.,formula_calculated
ministry_caem,oil_plus10,original_CAEM_2024_actual_2025_forecast,government_external_debt,Government external debt / GDP,percent GDP,annual,2023,8.920768888412422,run_calculated,legacy_historical_input,CAEM.xlsb / native formula export,6a. SEI,L33,original_CAEM_formula_graph_and_HPP_HPF; corrected_per_year_two_residual_solver,FR01,,[],associated_model_indicator,source-defined; see source formula,false,,Associated model indicator; not proof of a direct FR atom.,formula_calculated
ministry_caem,oil_plus10,original_CAEM_2024_actual_2025_forecast,government_total_debt,Total government debt / GDP,percent GDP,annual,2023,21.806829293647933,run_calculated,legacy_historical_input,CAEM.xlsb / native formula export,6a. SEI,L34,original_CAEM_formula_graph_and_HPP_HPF; corrected_per_year_two_residual_solver,FR01,,[],associated_model_indicator,source-defined; see source formula,false,,Associated model indicator; not proof of a direct FR atom.,formula_calculated
ministry_caem,oil_plus10,original_CAEM_2024_actual_2025_forecast,current_account,Current account / GDP,percent GDP,annual,2023,11.500129620786108,run_calculated,legacy_historical_input,CAEM.xlsb / native formula export,6a. SEI,L37,original_CAEM_formula_graph_and_HPP_HPF; corrected_per_year_two_residual_solver,FR12,,[],associated_model_indicator,source-defined; see source formula,false,,Associated model indicator; not proof of a direct FR atom.,formula_calculated
ministry_caem,oil_plus10,original_CAEM_2024_actual_2025_forecast,net_fdi,Net FDI / GDP,percent GDP,annual,2023,2.8903136887996594,run_calculated,legacy_historical_input,CAEM.xlsb / native formula export,6a. SEI,L38,original_CAEM_formula_graph_and_HPP_HPF; corrected_per_year_two_residual_solver,FR12,,[],associated_model_indicator,source-defined; see source formula,false,,Associated model indicator; not proof of a direct FR atom.,formula_calculated
ministry_caem,oil_plus10,original_CAEM_2024_actual_2025_forecast,portfolio_other_investment,Portfolio and other investment / GDP,percent GDP,annual,2023,-0.01577418369766845,run_calculated,legacy_historical_input,CAEM.xlsb / native formula export,6a. SEI,L39,original_CAEM_formula_graph_and_HPP_HPF; corrected_per_year_two_residual_solver,FR12,,[],associated_model_indicator,source-defined; see source formula,false,,Associated model indicator; not proof of a direct FR atom.,formula_calculated
ministry_caem,oil_plus10,original_CAEM_2024_actual_2025_forecast,reserves_ratio,Reserves / GDP,percent GDP,annual,2023,16.033750134006453,run_calculated,legacy_historical_input,CAEM.xlsb / native formula export,6a. SEI,L40,original_CAEM_formula_graph_and_HPP_HPF; corrected_per_year_two_residual_solver,FR12,,[],associated_model_indicator,source-defined; see source formula,false,,Associated model indicator; not proof of a direct FR atom.,formula_calculated
ministry_caem,oil_plus10,original_CAEM_2024_actual_2025_forecast,reserves_broad_money,Reserves / broad money,percent,annual,2023,43.79983794732142,run_calculated,legacy_historical_input,CAEM.xlsb / native formula export,6a. SEI,L41,original_CAEM_formula_graph_and_HPP_HPF; corrected_per_year_two_residual_solver,FR12,,[],associated_model_indicator,source-defined; see source formula,false,,Associated model indicator; not proof of a direct FR atom.,formula_calculated
ministry_caem,oil_plus10,original_CAEM_2024_actual_2025_forecast,net_iip,Net international investment position / GDP,percent GDP,annual,2023,,unavailable_source_non_numeric,legacy_historical_input,CAEM.xlsb / native formula export,6a. SEI,L42,original_CAEM_formula_graph_and_HPP_HPF; corrected_per_year_two_residual_solver,FR12, ,[],associated_model_indicator,source-defined; see source formula,false,,Associated model indicator; not proof of a direct FR atom.,original_literal
ministry_caem,oil_plus10,original_CAEM_2024_actual_2025_forecast,external_debt,External debt / GDP,percent GDP,annual,2023,20.064899730687642,run_calculated,legacy_historical_input,CAEM.xlsb / native formula export,6a. SEI,L43,original_CAEM_formula_graph_and_HPP_HPF; corrected_per_year_two_residual_solver,FR12,,[],associated_model_indicator,source-defined; see source formula,false,,Associated model indicator; not proof of a direct FR atom.,formula_calculated
ministry_caem,oil_plus10,original_CAEM_2024_actual_2025_forecast,saving_investment,Savings-investment balance / GDP,percent GDP,annual,2023,10.040007910441453,run_calculated,legacy_historical_input,CAEM.xlsb / native formula export,6a. SEI,L46,original_CAEM_formula_graph_and_HPP_HPF; corrected_per_year_two_residual_solver,FR12,,[],associated_model_indicator,source-defined; see source formula,false,,Associated model indicator; not proof of a direct FR atom.,formula_calculated
ministry_caem,oil_plus10,original_CAEM_2024_actual_2025_forecast,monetary_nfa,Monetary net foreign assets / GDP,percent GDP,annual,2023,20.479867956726476,run_calculated,legacy_historical_input,CAEM.xlsb / native formula export,6a. SEI,L52,original_CAEM_formula_graph_and_HPP_HPF; corrected_per_year_two_residual_solver,FR12,,[],associated_model_indicator,source-defined; see source formula,false,,Associated model indicator; not proof of a direct FR atom.,formula_calculated
ministry_caem,oil_plus10,original_CAEM_2024_actual_2025_forecast,monetary_nda,Monetary net domestic assets / GDP,percent GDP,annual,2023,14.80672756557382,run_calculated,legacy_historical_input,CAEM.xlsb / native formula export,6a. SEI,L53,original_CAEM_formula_graph_and_HPP_HPF; corrected_per_year_two_residual_solver,FR12,,[],associated_model_indicator,source-defined; see source formula,false,,Associated model indicator; not proof of a direct FR atom.,formula_calculated
ministry_caem,oil_plus10,original_CAEM_2024_actual_2025_forecast,private_credit_ratio,Private sector credit / GDP,percent GDP,annual,2023,14.787614018747904,run_calculated,legacy_historical_input,CAEM.xlsb / native formula export,6a. SEI,L55,original_CAEM_formula_graph_and_HPP_HPF; corrected_per_year_two_residual_solver,FR01,,[],associated_model_indicator,source-defined; see source formula,false,,Associated model indicator; not proof of a direct FR atom.,formula_calculated
ministry_caem,oil_plus10,original_CAEM_2024_actual_2025_forecast,broad_money_ratio,Broad money / GDP,percent GDP,annual,2023,36.60687090507146,run_calculated,legacy_historical_input,CAEM.xlsb / native formula export,6a. SEI,L57,original_CAEM_formula_graph_and_HPP_HPF; corrected_per_year_two_residual_solver,FR01,,[],associated_model_indicator,source-defined; see source formula,false,,Associated model indicator; not proof of a direct FR atom.,formula_calculated
ministry_caem,oil_plus10,original_CAEM_2024_actual_2025_forecast,gdp_growth,Real GDP growth,percent,annual,2024,4.0999999999999925,run_calculated,legacy_historical_input,CAEM.xlsb / native formula export,6a. SEI,M9,original_CAEM_formula_graph_and_HPP_HPF; corrected_per_year_two_residual_solver,FR01,,"[""FR1""]",direct_original_output_atom,constant-price GDP growth,false,ministry_caem:source:6a. SEI:row9,Exact original row now exported by the actual CAEM engine; source unit/header caveats preserved.,formula_calculated
ministry_caem,oil_plus10,original_CAEM_2024_actual_2025_forecast,output_gap,Output gap / potential GDP,percent,annual,2024,0.7743204420820549,run_calculated,legacy_historical_input,CAEM.xlsb / native formula export,6a. SEI,M10,original_CAEM_formula_graph_and_HPP_HPF; corrected_per_year_two_residual_solver,FR01,,[],associated_model_indicator,source-defined; see source formula,false,,Associated model indicator; not proof of a direct FR atom.,formula_calculated
ministry_caem,oil_plus10,original_CAEM_2024_actual_2025_forecast,domestic_demand_growth,Domestic demand growth,percent,annual,2024,1.907674401812831,run_calculated,legacy_historical_input,CAEM.xlsb / native formula export,6a. SEI,M11,original_CAEM_formula_graph_and_HPP_HPF; corrected_per_year_two_residual_solver,FR01,,[],associated_model_indicator,source-defined; see source formula,false,,Associated model indicator; not proof of a direct FR atom.,formula_calculated
ministry_caem,oil_plus10,original_CAEM_2024_actual_2025_forecast,consumption_growth,Total consumption growth,percent,annual,2024,2.7446685119618452,run_calculated,legacy_historical_input,CAEM.xlsb / native formula export,6a. SEI,M12,original_CAEM_formula_graph_and_HPP_HPF; corrected_per_year_two_residual_solver,FR08,,[],associated_model_indicator,source-defined; see source formula,false,,Associated model indicator; not proof of a direct FR atom.,formula_calculated
ministry_caem,oil_plus10,original_CAEM_2024_actual_2025_forecast,private_consumption_growth,Private consumption growth,percent,annual,2024,3.0999999999999917,run_calculated,legacy_historical_input,CAEM.xlsb / native formula export,6a. SEI,M13,original_CAEM_formula_graph_and_HPP_HPF; corrected_per_year_two_residual_solver,FR08,,[],associated_model_indicator,source-defined; see source formula,false,,Associated model indicator; not proof of a direct FR atom.,formula_calculated
ministry_caem,oil_plus10,original_CAEM_2024_actual_2025_forecast,public_consumption_growth,Public consumption growth,percent,annual,2024,0.934999999999997,run_calculated,legacy_historical_input,CAEM.xlsb / native formula export,6a. SEI,M14,original_CAEM_formula_graph_and_HPP_HPF; corrected_per_year_two_residual_solver,FR08,,[],associated_model_indicator,source-defined; see source formula,false,,Associated model indicator; not proof of a direct FR atom.,formula_calculated
ministry_caem,oil_plus10,original_CAEM_2024_actual_2025_forecast,investment_growth,Total real investment growth,percent,annual,2024,-0.7000000000000117,run_calculated,legacy_historical_input,CAEM.xlsb / native formula export,6a. SEI,M15,original_CAEM_formula_graph_and_HPP_HPF; corrected_per_year_two_residual_solver,FR06,,[],associated_model_indicator,source-defined; see source formula,false,,Associated model indicator; not proof of a direct FR atom.,formula_calculated
ministry_caem,oil_plus10,original_CAEM_2024_actual_2025_forecast,exports_growth,Goods and services exports real growth,percent,annual,2024,3.200000000000003,run_calculated,legacy_historical_input,CAEM.xlsb / native formula export,6a. SEI,M16,original_CAEM_formula_graph_and_HPP_HPF; corrected_per_year_two_residual_solver,FR07,,[],associated_model_indicator,source-defined; see source formula,false,,Associated model indicator; not proof of a direct FR atom.,formula_calculated
ministry_caem,oil_plus10,original_CAEM_2024_actual_2025_forecast,imports_growth,Goods and services imports real growth,percent,annual,2024,-2.400000000000002,run_calculated,legacy_historical_input,CAEM.xlsb / native formula export,6a. SEI,M17,original_CAEM_formula_graph_and_HPP_HPF; corrected_per_year_two_residual_solver,FR07,,[],associated_model_indicator,source-defined; see source formula,false,,Associated model indicator; not proof of a direct FR atom.,formula_calculated
ministry_caem,oil_plus10,original_CAEM_2024_actual_2025_forecast,cpi_avg,CPI inflation (period average),percent,annual,2024,2.1999999999999744,run_calculated,legacy_historical_input,CAEM.xlsb / native formula export,6a. SEI,M19,original_CAEM_formula_graph_and_HPP_HPF; corrected_per_year_two_residual_solver,FR09,,"[""FR9""]",direct_original_output_atom,annual-average consumer-price inflation,false,ministry_caem:source:6a. SEI:row19,Exact original row now exported by the actual CAEM engine; source unit/header caveats preserved.,formula_calculated
ministry_caem,oil_plus10,original_CAEM_2024_actual_2025_forecast,gdp_deflator,GDP deflator growth,percent,annual,2024,-1.4352568844036853,run_calculated,legacy_historical_input,CAEM.xlsb / native formula export,6a. SEI,M20,original_CAEM_formula_graph_and_HPP_HPF; corrected_per_year_two_residual_solver,FR01,,"[""FR1""]",direct_original_output_atom,implicit GDP deflator growth,false,ministry_caem:source:6a. SEI:row20,Exact original row now exported by the actual CAEM engine; source unit/header caveats preserved.,formula_calculated
ministry_caem,oil_plus10,original_CAEM_2024_actual_2025_forecast,policy_rate,Policy interest rate,percent,annual,2024,,unavailable_source_blank,legacy_historical_input,CAEM.xlsb / native formula export,6a. SEI,M21,original_CAEM_formula_graph_and_HPP_HPF; corrected_per_year_two_residual_solver,FR09,,[],associated_model_indicator,source-defined; see source formula,false,,Associated model indicator; not proof of a direct FR atom.,original_literal
ministry_caem,oil_plus10,original_CAEM_2024_actual_2025_forecast,reer,Real effective exchange rate index,"index, 2010=100",annual,2024,125.08348913750399,run_calculated,legacy_historical_input,CAEM.xlsb / native formula export,6a. SEI,M24,original_CAEM_formula_graph_and_HPP_HPF; corrected_per_year_two_residual_solver,FR10,,[],associated_model_indicator,source-defined; see source formula,false,,Associated model indicator; not proof of a direct FR atom.,formula_calculated
ministry_caem,oil_plus10,original_CAEM_2024_actual_2025_forecast,reer_growth,Real effective exchange rate change,percent,annual,2024,3.052687301438395,run_calculated,legacy_historical_input,CAEM.xlsb / native formula export,6a. SEI,M25,original_CAEM_formula_graph_and_HPP_HPF; corrected_per_year_two_residual_solver,FR10,,[],associated_model_indicator,source-defined; see source formula,false,,Associated model indicator; not proof of a direct FR atom.,formula_calculated
ministry_caem,oil_plus10,original_CAEM_2024_actual_2025_forecast,fiscal_revenue_ratio,Fiscal revenue / GDP,percent GDP,annual,2024,37.96631232338903,run_calculated,legacy_historical_input,CAEM.xlsb / native formula export,6a. SEI,M28,original_CAEM_formula_graph_and_HPP_HPF; corrected_per_year_two_residual_solver,FR01,,[],associated_model_indicator,source-defined; see source formula,false,,Associated model indicator; not proof of a direct FR atom.,formula_calculated
ministry_caem,oil_plus10,original_CAEM_2024_actual_2025_forecast,fiscal_expenditure_ratio,Fiscal expenditure / GDP,percent GDP,annual,2024,33.00530446345885,run_calculated,legacy_historical_input,CAEM.xlsb / native formula export,6a. SEI,M29,original_CAEM_formula_graph_and_HPP_HPF; corrected_per_year_two_residual_solver,FR01,,[],associated_model_indicator,source-defined; see source formula,false,,Associated model indicator; not proof of a direct FR atom.,formula_calculated
ministry_caem,oil_plus10,original_CAEM_2024_actual_2025_forecast,overall_fiscal_balance,Overall fiscal balance / GDP,percent GDP,annual,2024,4.961007859930188,run_calculated,legacy_historical_input,CAEM.xlsb / native formula export,6a. SEI,M30,original_CAEM_formula_graph_and_HPP_HPF; corrected_per_year_two_residual_solver,FR01,,[],associated_model_indicator,source-defined; see source formula,false,,Associated model indicator; not proof of a direct FR atom.,formula_calculated
ministry_caem,oil_plus10,original_CAEM_2024_actual_2025_forecast,government_domestic_debt,Government domestic debt / GDP,percent GDP,annual,2024,4.7697824073707595,run_calculated,legacy_historical_input,CAEM.xlsb / native formula export,6a. SEI,M32,original_CAEM_formula_graph_and_HPP_HPF; corrected_per_year_two_residual_solver,FR01,,[],associated_model_indicator,source-defined; see source formula,false,,Associated model indicator; not proof of a direct FR atom.,formula_calculated
ministry_caem,oil_plus10,original_CAEM_2024_actual_2025_forecast,government_external_debt,Government external debt / GDP,percent GDP,annual,2024,6.902570110102345,run_calculated,legacy_historical_input,CAEM.xlsb / native formula export,6a. SEI,M33,original_CAEM_formula_graph_and_HPP_HPF; corrected_per_year_two_residual_solver,FR01,,[],associated_model_indicator,source-defined; see source formula,false,,Associated model indicator; not proof of a direct FR atom.,formula_calculated
ministry_caem,oil_plus10,original_CAEM_2024_actual_2025_forecast,government_total_debt,Total government debt / GDP,percent GDP,annual,2024,11.672352517473104,run_calculated,legacy_historical_input,CAEM.xlsb / native formula export,6a. SEI,M34,original_CAEM_formula_graph_and_HPP_HPF; corrected_per_year_two_residual_solver,FR01,,[],associated_model_indicator,source-defined; see source formula,false,,Associated model indicator; not proof of a direct FR atom.,formula_calculated
ministry_caem,oil_plus10,original_CAEM_2024_actual_2025_forecast,current_account,Current account / GDP,percent GDP,annual,2024,6.285477320396988,run_calculated,legacy_historical_input,CAEM.xlsb / native formula export,6a. SEI,M37,original_CAEM_formula_graph_and_HPP_HPF; corrected_per_year_two_residual_solver,FR12,,[],associated_model_indicator,source-defined; see source formula,false,,Associated model indicator; not proof of a direct FR atom.,formula_calculated
ministry_caem,oil_plus10,original_CAEM_2024_actual_2025_forecast,net_fdi,Net FDI / GDP,percent GDP,annual,2024,1.303810126882861,run_calculated,legacy_historical_input,CAEM.xlsb / native formula export,6a. SEI,M38,original_CAEM_formula_graph_and_HPP_HPF; corrected_per_year_two_residual_solver,FR12,,[],associated_model_indicator,source-defined; see source formula,false,,Associated model indicator; not proof of a direct FR atom.,formula_calculated
ministry_caem,oil_plus10,original_CAEM_2024_actual_2025_forecast,portfolio_other_investment,Portfolio and other investment / GDP,percent GDP,annual,2024,0.942421697523291,run_calculated,legacy_historical_input,CAEM.xlsb / native formula export,6a. SEI,M39,original_CAEM_formula_graph_and_HPP_HPF; corrected_per_year_two_residual_solver,FR12,,[],associated_model_indicator,source-defined; see source formula,false,,Associated model indicator; not proof of a direct FR atom.,formula_calculated
ministry_caem,oil_plus10,original_CAEM_2024_actual_2025_forecast,reserves_ratio,Reserves / GDP,percent GDP,annual,2024,14.74718411866674,run_calculated,legacy_historical_input,CAEM.xlsb / native formula export,6a. SEI,M40,original_CAEM_formula_graph_and_HPP_HPF; corrected_per_year_two_residual_solver,FR12,,[],associated_model_indicator,source-defined; see source formula,false,,Associated model indicator; not proof of a direct FR atom.,formula_calculated
ministry_caem,oil_plus10,original_CAEM_2024_actual_2025_forecast,reserves_broad_money,Reserves / broad money,percent,annual,2024,40.07142563006558,run_calculated,legacy_historical_input,CAEM.xlsb / native formula export,6a. SEI,M41,original_CAEM_formula_graph_and_HPP_HPF; corrected_per_year_two_residual_solver,FR12,,[],associated_model_indicator,source-defined; see source formula,false,,Associated model indicator; not proof of a direct FR atom.,formula_calculated
ministry_caem,oil_plus10,original_CAEM_2024_actual_2025_forecast,net_iip,Net international investment position / GDP,percent GDP,annual,2024,,unavailable_source_non_numeric,legacy_historical_input,CAEM.xlsb / native formula export,6a. SEI,M42,original_CAEM_formula_graph_and_HPP_HPF; corrected_per_year_two_residual_solver,FR12, ,[],associated_model_indicator,source-defined; see source formula,false,,Associated model indicator; not proof of a direct FR atom.,original_literal
ministry_caem,oil_plus10,original_CAEM_2024_actual_2025_forecast,external_debt,External debt / GDP,percent GDP,annual,2024,18.553700427879406,run_calculated,legacy_historical_input,CAEM.xlsb / native formula export,6a. SEI,M43,original_CAEM_formula_graph_and_HPP_HPF; corrected_per_year_two_residual_solver,FR12,,[],associated_model_indicator,source-defined; see source formula,false,,Associated model indicator; not proof of a direct FR atom.,formula_calculated
ministry_caem,oil_plus10,original_CAEM_2024_actual_2025_forecast,saving_investment,Savings-investment balance / GDP,percent GDP,annual,2024,5.435343867805908,run_calculated,legacy_historical_input,CAEM.xlsb / native formula export,6a. SEI,M46,original_CAEM_formula_graph_and_HPP_HPF; corrected_per_year_two_residual_solver,FR12,,[],associated_model_indicator,source-defined; see source formula,false,,Associated model indicator; not proof of a direct FR atom.,formula_calculated
ministry_caem,oil_plus10,original_CAEM_2024_actual_2025_forecast,monetary_nfa,Monetary net foreign assets / GDP,percent GDP,annual,2024,21.06282690924076,run_calculated,legacy_historical_input,CAEM.xlsb / native formula export,6a. SEI,M52,original_CAEM_formula_graph_and_HPP_HPF; corrected_per_year_two_residual_solver,FR12,,[],associated_model_indicator,source-defined; see source formula,false,,Associated model indicator; not proof of a direct FR atom.,formula_calculated
ministry_caem,oil_plus10,original_CAEM_2024_actual_2025_forecast,monetary_nda,Monetary net domestic assets / GDP,percent GDP,annual,2024,16.94129783087637,run_calculated,legacy_historical_input,CAEM.xlsb / native formula export,6a. SEI,M53,original_CAEM_formula_graph_and_HPP_HPF; corrected_per_year_two_residual_solver,FR12,,[],associated_model_indicator,source-defined; see source formula,false,,Associated model indicator; not proof of a direct FR atom.,formula_calculated
ministry_caem,oil_plus10,original_CAEM_2024_actual_2025_forecast,private_credit_ratio,Private sector credit / GDP,percent GDP,annual,2024,17.60124348344507,run_calculated,legacy_historical_input,CAEM.xlsb / native formula export,6a. SEI,M55,original_CAEM_formula_graph_and_HPP_HPF; corrected_per_year_two_residual_solver,FR01,,[],associated_model_indicator,source-defined; see source formula,false,,Associated model indicator; not proof of a direct FR atom.,formula_calculated
ministry_caem,oil_plus10,original_CAEM_2024_actual_2025_forecast,broad_money_ratio,Broad money / GDP,percent GDP,annual,2024,36.80224470876306,run_calculated,legacy_historical_input,CAEM.xlsb / native formula export,6a. SEI,M57,original_CAEM_formula_graph_and_HPP_HPF; corrected_per_year_two_residual_solver,FR01,,[],associated_model_indicator,source-defined; see source formula,false,,Associated model indicator; not proof of a direct FR atom.,formula_calculated
ministry_caem,oil_plus10,original_CAEM_2024_actual_2025_forecast,gdp_growth,Real GDP growth,percent,annual,2025,2.9691115825475123,run_calculated,scenario_forecast,CAEM.xlsb / native formula export,6a. SEI,N9,original_CAEM_formula_graph_and_HPP_HPF; corrected_per_year_two_residual_solver,FR01,,"[""FR1""]",direct_original_output_atom,constant-price GDP growth,false,ministry_caem:source:6a. SEI:row9,Exact original row now exported by the actual CAEM engine; source unit/header caveats preserved.,formula_calculated
ministry_caem,oil_plus10,original_CAEM_2024_actual_2025_forecast,output_gap,Output gap / potential GDP,percent,annual,2025,0.6495550577309217,run_calculated,scenario_forecast,CAEM.xlsb / native formula export,6a. SEI,N10,original_CAEM_formula_graph_and_HPP_HPF; corrected_per_year_two_residual_solver,FR01,,[],associated_model_indicator,source-defined; see source formula,false,,Associated model indicator; not proof of a direct FR atom.,formula_calculated
ministry_caem,oil_plus10,original_CAEM_2024_actual_2025_forecast,domestic_demand_growth,Domestic demand growth,percent,annual,2025,2.777639355883643,run_calculated,scenario_forecast,CAEM.xlsb / native formula export,6a. SEI,N11,original_CAEM_formula_graph_and_HPP_HPF; corrected_per_year_two_residual_solver,FR01,,[],associated_model_indicator,source-defined; see source formula,false,,Associated model indicator; not proof of a direct FR atom.,formula_calculated
ministry_caem,oil_plus10,original_CAEM_2024_actual_2025_forecast,consumption_growth,Total consumption growth,percent,annual,2025,3.642308751404899,run_calculated,scenario_forecast,CAEM.xlsb / native formula export,6a. SEI,N12,original_CAEM_formula_graph_and_HPP_HPF; corrected_per_year_two_residual_solver,FR08,,[],associated_model_indicator,source-defined; see source formula,false,,Associated model indicator; not proof of a direct FR atom.,formula_calculated
ministry_caem,oil_plus10,original_CAEM_2024_actual_2025_forecast,private_consumption_growth,Private consumption growth,percent,annual,2025,3.3061739393306144,run_calculated,scenario_forecast,CAEM.xlsb / native formula export,6a. SEI,N13,original_CAEM_formula_graph_and_HPP_HPF; corrected_per_year_two_residual_solver,FR08,,[],associated_model_indicator,source-defined; see source formula,false,,Associated model indicator; not proof of a direct FR atom.,formula_calculated
ministry_caem,oil_plus10,original_CAEM_2024_actual_2025_forecast,public_consumption_growth,Public consumption growth,percent,annual,2025,5.390929816726331,run_calculated,scenario_forecast,CAEM.xlsb / native formula export,6a. SEI,N14,original_CAEM_formula_graph_and_HPP_HPF; corrected_per_year_two_residual_solver,FR08,,[],associated_model_indicator,source-defined; see source formula,false,,Associated model indicator; not proof of a direct FR atom.,formula_calculated
ministry_caem,oil_plus10,original_CAEM_2024_actual_2025_forecast,investment_growth,Total real investment growth,percent,annual,2025,-0.009708019095111542,run_calculated,scenario_forecast,CAEM.xlsb / native formula export,6a. SEI,N15,original_CAEM_formula_graph_and_HPP_HPF; corrected_per_year_two_residual_solver,FR06,,[],associated_model_indicator,source-defined; see source formula,false,,Associated model indicator; not proof of a direct FR atom.,formula_calculated
ministry_caem,oil_plus10,original_CAEM_2024_actual_2025_forecast,exports_growth,Goods and services exports real growth,percent,annual,2025,2.353726580363414,run_calculated,scenario_forecast,CAEM.xlsb / native formula export,6a. SEI,N16,original_CAEM_formula_graph_and_HPP_HPF; corrected_per_year_two_residual_solver,FR07,,[],associated_model_indicator,source-defined; see source formula,false,,Associated model indicator; not proof of a direct FR atom.,formula_calculated
ministry_caem,oil_plus10,original_CAEM_2024_actual_2025_forecast,imports_growth,Goods and services imports real growth,percent,annual,2025,0.7035407315568989,run_calculated,scenario_forecast,CAEM.xlsb / native formula export,6a. SEI,N17,original_CAEM_formula_graph_and_HPP_HPF; corrected_per_year_two_residual_solver,FR07,,[],associated_model_indicator,source-defined; see source formula,false,,Associated model indicator; not proof of a direct FR atom.,formula_calculated
ministry_caem,oil_plus10,original_CAEM_2024_actual_2025_forecast,cpi_avg,CPI inflation (period average),percent,annual,2025,5.052987635856589,run_calculated,scenario_forecast,CAEM.xlsb / native formula export,6a. SEI,N19,original_CAEM_formula_graph_and_HPP_HPF; corrected_per_year_two_residual_solver,FR09,,"[""FR9""]",direct_original_output_atom,annual-average consumer-price inflation,false,ministry_caem:source:6a. SEI:row19,Exact original row now exported by the actual CAEM engine; source unit/header caveats preserved.,formula_calculated
ministry_caem,oil_plus10,original_CAEM_2024_actual_2025_forecast,gdp_deflator,GDP deflator growth,percent,annual,2025,0.7610717282602337,run_calculated,scenario_forecast,CAEM.xlsb / native formula export,6a. SEI,N20,original_CAEM_formula_graph_and_HPP_HPF; corrected_per_year_two_residual_solver,FR01,,"[""FR1""]",direct_original_output_atom,implicit GDP deflator growth,false,ministry_caem:source:6a. SEI:row20,Exact original row now exported by the actual CAEM engine; source unit/header caveats preserved.,formula_calculated
ministry_caem,oil_plus10,original_CAEM_2024_actual_2025_forecast,policy_rate,Policy interest rate,percent,annual,2025,,unavailable_source_blank,scenario_forecast,CAEM.xlsb / native formula export,6a. SEI,N21,original_CAEM_formula_graph_and_HPP_HPF; corrected_per_year_two_residual_solver,FR09,,[],associated_model_indicator,source-defined; see source formula,false,,Associated model indicator; not proof of a direct FR atom.,original_literal
ministry_caem,oil_plus10,original_CAEM_2024_actual_2025_forecast,reer,Real effective exchange rate index,"index, 2010=100",annual,2025,127.94931098161646,run_calculated,scenario_forecast,CAEM.xlsb / native formula export,6a. SEI,N24,original_CAEM_formula_graph_and_HPP_HPF; corrected_per_year_two_residual_solver,FR10,,[],associated_model_indicator,source-defined; see source formula,false,,Associated model indicator; not proof of a direct FR atom.,formula_calculated
ministry_caem,oil_plus10,original_CAEM_2024_actual_2025_forecast,reer_growth,Real effective exchange rate change,percent,annual,2025,2.291127201418308,run_calculated,scenario_forecast,CAEM.xlsb / native formula export,6a. SEI,N25,original_CAEM_formula_graph_and_HPP_HPF; corrected_per_year_two_residual_solver,FR10,,[],associated_model_indicator,source-defined; see source formula,false,,Associated model indicator; not proof of a direct FR atom.,formula_calculated
ministry_caem,oil_plus10,original_CAEM_2024_actual_2025_forecast,fiscal_revenue_ratio,Fiscal revenue / GDP,percent GDP,annual,2025,35.39684916171526,run_calculated,scenario_forecast,CAEM.xlsb / native formula export,6a. SEI,N28,original_CAEM_formula_graph_and_HPP_HPF; corrected_per_year_two_residual_solver,FR01,,[],associated_model_indicator,source-defined; see source formula,false,,Associated model indicator; not proof of a direct FR atom.,formula_calculated
ministry_caem,oil_plus10,original_CAEM_2024_actual_2025_forecast,fiscal_expenditure_ratio,Fiscal expenditure / GDP,percent GDP,annual,2025,36.33667648822346,run_calculated,scenario_forecast,CAEM.xlsb / native formula export,6a. SEI,N29,original_CAEM_formula_graph_and_HPP_HPF; corrected_per_year_two_residual_solver,FR01,,[],associated_model_indicator,source-defined; see source formula,false,,Associated model indicator; not proof of a direct FR atom.,formula_calculated
ministry_caem,oil_plus10,original_CAEM_2024_actual_2025_forecast,overall_fiscal_balance,Overall fiscal balance / GDP,percent GDP,annual,2025,-0.9398273265081994,run_calculated,scenario_forecast,CAEM.xlsb / native formula export,6a. SEI,N30,original_CAEM_formula_graph_and_HPP_HPF; corrected_per_year_two_residual_solver,FR01,,[],associated_model_indicator,source-defined; see source formula,false,,Associated model indicator; not proof of a direct FR atom.,formula_calculated
ministry_caem,oil_plus10,original_CAEM_2024_actual_2025_forecast,government_domestic_debt,Government domestic debt / GDP,percent GDP,annual,2025,4.172062297520145,run_calculated,scenario_forecast,CAEM.xlsb / native formula export,6a. SEI,N32,original_CAEM_formula_graph_and_HPP_HPF; corrected_per_year_two_residual_solver,FR01,,[],associated_model_indicator,source-defined; see source formula,false,,Associated model indicator; not proof of a direct FR atom.,formula_calculated
ministry_caem,oil_plus10,original_CAEM_2024_actual_2025_forecast,government_external_debt,Government external debt / GDP,percent GDP,annual,2025,7.748115695394555,run_calculated,scenario_forecast,CAEM.xlsb / native formula export,6a. SEI,N33,original_CAEM_formula_graph_and_HPP_HPF; corrected_per_year_two_residual_solver,FR01,,[],associated_model_indicator,source-defined; see source formula,false,,Associated model indicator; not proof of a direct FR atom.,formula_calculated
ministry_caem,oil_plus10,original_CAEM_2024_actual_2025_forecast,government_total_debt,Total government debt / GDP,percent GDP,annual,2025,11.920177992914699,run_calculated,scenario_forecast,CAEM.xlsb / native formula export,6a. SEI,N34,original_CAEM_formula_graph_and_HPP_HPF; corrected_per_year_two_residual_solver,FR01,,[],associated_model_indicator,source-defined; see source formula,false,,Associated model indicator; not proof of a direct FR atom.,formula_calculated
ministry_caem,oil_plus10,original_CAEM_2024_actual_2025_forecast,current_account,Current account / GDP,percent GDP,annual,2025,4.499910264063465,run_calculated,scenario_forecast,CAEM.xlsb / native formula export,6a. SEI,N37,original_CAEM_formula_graph_and_HPP_HPF; corrected_per_year_two_residual_solver,FR12,,[],associated_model_indicator,source-defined; see source formula,false,,Associated model indicator; not proof of a direct FR atom.,formula_calculated
ministry_caem,oil_plus10,original_CAEM_2024_actual_2025_forecast,net_fdi,Net FDI / GDP,percent GDP,annual,2025,1.2178973560409658,run_calculated,scenario_forecast,CAEM.xlsb / native formula export,6a. SEI,N38,original_CAEM_formula_graph_and_HPP_HPF; corrected_per_year_two_residual_solver,FR12,,[],associated_model_indicator,source-defined; see source formula,false,,Associated model indicator; not proof of a direct FR atom.,formula_calculated
ministry_caem,oil_plus10,original_CAEM_2024_actual_2025_forecast,portfolio_other_investment,Portfolio and other investment / GDP,percent GDP,annual,2025,0.31273074844063076,run_calculated,scenario_forecast,CAEM.xlsb / native formula export,6a. SEI,N39,original_CAEM_formula_graph_and_HPP_HPF; corrected_per_year_two_residual_solver,FR12,,[],associated_model_indicator,source-defined; see source formula,false,,Associated model indicator; not proof of a direct FR atom.,formula_calculated
ministry_caem,oil_plus10,original_CAEM_2024_actual_2025_forecast,reserves_ratio,Reserves / GDP,percent GDP,annual,2025,15.73719455398868,run_calculated,scenario_forecast,CAEM.xlsb / native formula export,6a. SEI,N40,original_CAEM_formula_graph_and_HPP_HPF; corrected_per_year_two_residual_solver,FR12,,[],associated_model_indicator,source-defined; see source formula,false,,Associated model indicator; not proof of a direct FR atom.,formula_calculated
ministry_caem,oil_plus10,original_CAEM_2024_actual_2025_forecast,reserves_broad_money,Reserves / broad money,percent,annual,2025,44.972093848070585,run_calculated,scenario_forecast,CAEM.xlsb / native formula export,6a. SEI,N41,original_CAEM_formula_graph_and_HPP_HPF; corrected_per_year_two_residual_solver,FR12,,[],associated_model_indicator,source-defined; see source formula,false,,Associated model indicator; not proof of a direct FR atom.,formula_calculated
ministry_caem,oil_plus10,original_CAEM_2024_actual_2025_forecast,net_iip,Net international investment position / GDP,percent GDP,annual,2025,,unavailable_source_non_numeric,scenario_forecast,CAEM.xlsb / native formula export,6a. SEI,N42,original_CAEM_formula_graph_and_HPP_HPF; corrected_per_year_two_residual_solver,FR12, ,[],associated_model_indicator,source-defined; see source formula,false,,Associated model indicator; not proof of a direct FR atom.,original_literal
ministry_caem,oil_plus10,original_CAEM_2024_actual_2025_forecast,external_debt,External debt / GDP,percent GDP,annual,2025,11.32197815918558,run_calculated,scenario_forecast,CAEM.xlsb / native formula export,6a. SEI,N43,original_CAEM_formula_graph_and_HPP_HPF; corrected_per_year_two_residual_solver,FR12,,[],associated_model_indicator,source-defined; see source formula,false,,Associated model indicator; not proof of a direct FR atom.,formula_calculated
ministry_caem,oil_plus10,original_CAEM_2024_actual_2025_forecast,saving_investment,Savings-investment balance / GDP,percent GDP,annual,2025,3.8390140776198214,run_calculated,scenario_forecast,CAEM.xlsb / native formula export,6a. SEI,N46,original_CAEM_formula_graph_and_HPP_HPF; corrected_per_year_two_residual_solver,FR12,,[],associated_model_indicator,source-defined; see source formula,false,,Associated model indicator; not proof of a direct FR atom.,formula_calculated
ministry_caem,oil_plus10,original_CAEM_2024_actual_2025_forecast,monetary_nfa,Monetary net foreign assets / GDP,percent GDP,annual,2025,21.824397969140584,run_calculated,scenario_forecast,CAEM.xlsb / native formula export,6a. SEI,N52,original_CAEM_formula_graph_and_HPP_HPF; corrected_per_year_two_residual_solver,FR12,,[],associated_model_indicator,source-defined; see source formula,false,,Associated model indicator; not proof of a direct FR atom.,formula_calculated
ministry_caem,oil_plus10,original_CAEM_2024_actual_2025_forecast,monetary_nda,Monetary net domestic assets / GDP,percent GDP,annual,2025,14.327253619849422,run_calculated,scenario_forecast,CAEM.xlsb / native formula export,6a. SEI,N53,original_CAEM_formula_graph_and_HPP_HPF; corrected_per_year_two_residual_solver,FR12,,[],associated_model_indicator,source-defined; see source formula,false,,Associated model indicator; not proof of a direct FR atom.,formula_calculated
ministry_caem,oil_plus10,original_CAEM_2024_actual_2025_forecast,private_credit_ratio,Private sector credit / GDP,percent GDP,annual,2025,14.930434812593488,run_calculated,scenario_forecast,CAEM.xlsb / native formula export,6a. SEI,N55,original_CAEM_formula_graph_and_HPP_HPF; corrected_per_year_two_residual_solver,FR01,,[],associated_model_indicator,source-defined; see source formula,false,,Associated model indicator; not proof of a direct FR atom.,formula_calculated
ministry_caem,oil_plus10,original_CAEM_2024_actual_2025_forecast,broad_money_ratio,Broad money / GDP,percent GDP,annual,2025,34.99324404852865,run_calculated,scenario_forecast,CAEM.xlsb / native formula export,6a. SEI,N57,original_CAEM_formula_graph_and_HPP_HPF; corrected_per_year_two_residual_solver,FR01,,[],associated_model_indicator,source-defined; see source formula,false,,Associated model indicator; not proof of a direct FR atom.,formula_calculated
ministry_caem,oil_plus10,original_CAEM_2024_actual_2025_forecast,gdp_growth,Real GDP growth,percent,annual,2026,2.8424569568155533,run_calculated,scenario_forecast,CAEM.xlsb / native formula export,6a. SEI,O9,original_CAEM_formula_graph_and_HPP_HPF; corrected_per_year_two_residual_solver,FR01,,"[""FR1""]",direct_original_output_atom,constant-price GDP growth,false,ministry_caem:source:6a. SEI:row9,Exact original row now exported by the actual CAEM engine; source unit/header caveats preserved.,formula_calculated
ministry_caem,oil_plus10,original_CAEM_2024_actual_2025_forecast,output_gap,Output gap / potential GDP,percent,annual,2026,0.8317695378526668,run_calculated,scenario_forecast,CAEM.xlsb / native formula export,6a. SEI,O10,original_CAEM_formula_graph_and_HPP_HPF; corrected_per_year_two_residual_solver,FR01,,[],associated_model_indicator,source-defined; see source formula,false,,Associated model indicator; not proof of a direct FR atom.,formula_calculated
ministry_caem,oil_plus10,original_CAEM_2024_actual_2025_forecast,domestic_demand_growth,Domestic demand growth,percent,annual,2026,7.685392592810114,run_calculated,scenario_forecast,CAEM.xlsb / native formula export,6a. SEI,O11,original_CAEM_formula_graph_and_HPP_HPF; corrected_per_year_two_residual_solver,FR01,,[],associated_model_indicator,source-defined; see source formula,false,,Associated model indicator; not proof of a direct FR atom.,formula_calculated
ministry_caem,oil_plus10,original_CAEM_2024_actual_2025_forecast,consumption_growth,Total consumption growth,percent,annual,2026,10.682988000068594,run_calculated,scenario_forecast,CAEM.xlsb / native formula export,6a. SEI,O12,original_CAEM_formula_graph_and_HPP_HPF; corrected_per_year_two_residual_solver,FR08,,[],associated_model_indicator,source-defined; see source formula,false,,Associated model indicator; not proof of a direct FR atom.,formula_calculated
ministry_caem,oil_plus10,original_CAEM_2024_actual_2025_forecast,private_consumption_growth,Private consumption growth,percent,annual,2026,13.110418152521785,run_calculated,scenario_forecast,CAEM.xlsb / native formula export,6a. SEI,O13,original_CAEM_formula_graph_and_HPP_HPF; corrected_per_year_two_residual_solver,FR08,,[],associated_model_indicator,source-defined; see source formula,false,,Associated model indicator; not proof of a direct FR atom.,formula_calculated
ministry_caem,oil_plus10,original_CAEM_2024_actual_2025_forecast,public_consumption_growth,Public consumption growth,percent,annual,2026,-1.6950552688112963,run_calculated,scenario_forecast,CAEM.xlsb / native formula export,6a. SEI,O14,original_CAEM_formula_graph_and_HPP_HPF; corrected_per_year_two_residual_solver,FR08,,[],associated_model_indicator,source-defined; see source formula,false,,Associated model indicator; not proof of a direct FR atom.,formula_calculated
ministry_caem,oil_plus10,original_CAEM_2024_actual_2025_forecast,investment_growth,Total real investment growth,percent,annual,2026,-2.3305831859087967,run_calculated,scenario_forecast,CAEM.xlsb / native formula export,6a. SEI,O15,original_CAEM_formula_graph_and_HPP_HPF; corrected_per_year_two_residual_solver,FR06,,[],associated_model_indicator,source-defined; see source formula,false,,Associated model indicator; not proof of a direct FR atom.,formula_calculated
ministry_caem,oil_plus10,original_CAEM_2024_actual_2025_forecast,exports_growth,Goods and services exports real growth,percent,annual,2026,1.87935424710534,run_calculated,scenario_forecast,CAEM.xlsb / native formula export,6a. SEI,O16,original_CAEM_formula_graph_and_HPP_HPF; corrected_per_year_two_residual_solver,FR07,,[],associated_model_indicator,source-defined; see source formula,false,,Associated model indicator; not proof of a direct FR atom.,formula_calculated
ministry_caem,oil_plus10,original_CAEM_2024_actual_2025_forecast,imports_growth,Goods and services imports real growth,percent,annual,2026,15.644637568086168,run_calculated,scenario_forecast,CAEM.xlsb / native formula export,6a. SEI,O17,original_CAEM_formula_graph_and_HPP_HPF; corrected_per_year_two_residual_solver,FR07,,[],associated_model_indicator,source-defined; see source formula,false,,Associated model indicator; not proof of a direct FR atom.,formula_calculated
ministry_caem,oil_plus10,original_CAEM_2024_actual_2025_forecast,cpi_avg,CPI inflation (period average),percent,annual,2026,4.790071782333937,run_calculated,scenario_forecast,CAEM.xlsb / native formula export,6a. SEI,O19,original_CAEM_formula_graph_and_HPP_HPF; corrected_per_year_two_residual_solver,FR09,,"[""FR9""]",direct_original_output_atom,annual-average consumer-price inflation,false,ministry_caem:source:6a. SEI:row19,Exact original row now exported by the actual CAEM engine; source unit/header caveats preserved.,formula_calculated
ministry_caem,oil_plus10,original_CAEM_2024_actual_2025_forecast,gdp_deflator,GDP deflator growth,percent,annual,2026,0.6743123473433883,run_calculated,scenario_forecast,CAEM.xlsb / native formula export,6a. SEI,O20,original_CAEM_formula_graph_and_HPP_HPF; corrected_per_year_two_residual_solver,FR01,,"[""FR1""]",direct_original_output_atom,implicit GDP deflator growth,false,ministry_caem:source:6a. SEI:row20,Exact original row now exported by the actual CAEM engine; source unit/header caveats preserved.,formula_calculated
ministry_caem,oil_plus10,original_CAEM_2024_actual_2025_forecast,policy_rate,Policy interest rate,percent,annual,2026,,unavailable_source_blank,scenario_forecast,CAEM.xlsb / native formula export,6a. SEI,O21,original_CAEM_formula_graph_and_HPP_HPF; corrected_per_year_two_residual_solver,FR09,,[],associated_model_indicator,source-defined; see source formula,false,,Associated model indicator; not proof of a direct FR atom.,original_literal
ministry_caem,oil_plus10,original_CAEM_2024_actual_2025_forecast,reer,Real effective exchange rate index,"index, 2010=100",annual,2026,131.19195188125005,run_calculated,scenario_forecast,CAEM.xlsb / native formula export,6a. SEI,O24,original_CAEM_formula_graph_and_HPP_HPF; corrected_per_year_two_residual_solver,FR10,,[],associated_model_indicator,source-defined; see source formula,false,,Associated model indicator; not proof of a direct FR atom.,formula_calculated
ministry_caem,oil_plus10,original_CAEM_2024_actual_2025_forecast,reer_growth,Real effective exchange rate change,percent,annual,2026,2.5343168124598137,run_calculated,scenario_forecast,CAEM.xlsb / native formula export,6a. SEI,O25,original_CAEM_formula_graph_and_HPP_HPF; corrected_per_year_two_residual_solver,FR10,,[],associated_model_indicator,source-defined; see source formula,false,,Associated model indicator; not proof of a direct FR atom.,formula_calculated
ministry_caem,oil_plus10,original_CAEM_2024_actual_2025_forecast,fiscal_revenue_ratio,Fiscal revenue / GDP,percent GDP,annual,2026,35.40441008275353,run_calculated,scenario_forecast,CAEM.xlsb / native formula export,6a. SEI,O28,original_CAEM_formula_graph_and_HPP_HPF; corrected_per_year_two_residual_solver,FR01,,[],associated_model_indicator,source-defined; see source formula,false,,Associated model indicator; not proof of a direct FR atom.,formula_calculated
ministry_caem,oil_plus10,original_CAEM_2024_actual_2025_forecast,fiscal_expenditure_ratio,Fiscal expenditure / GDP,percent GDP,annual,2026,36.00909470274852,run_calculated,scenario_forecast,CAEM.xlsb / native formula export,6a. SEI,O29,original_CAEM_formula_graph_and_HPP_HPF; corrected_per_year_two_residual_solver,FR01,,[],associated_model_indicator,source-defined; see source formula,false,,Associated model indicator; not proof of a direct FR atom.,formula_calculated
ministry_caem,oil_plus10,original_CAEM_2024_actual_2025_forecast,overall_fiscal_balance,Overall fiscal balance / GDP,percent GDP,annual,2026,-0.6046846199949915,run_calculated,scenario_forecast,CAEM.xlsb / native formula export,6a. SEI,O30,original_CAEM_formula_graph_and_HPP_HPF; corrected_per_year_two_residual_solver,FR01,,[],associated_model_indicator,source-defined; see source formula,false,,Associated model indicator; not proof of a direct FR atom.,formula_calculated
ministry_caem,oil_plus10,original_CAEM_2024_actual_2025_forecast,government_domestic_debt,Government domestic debt / GDP,percent GDP,annual,2026,4.679874161410387,run_calculated,scenario_forecast,CAEM.xlsb / native formula export,6a. SEI,O32,original_CAEM_formula_graph_and_HPP_HPF; corrected_per_year_two_residual_solver,FR01,,[],associated_model_indicator,source-defined; see source formula,false,,Associated model indicator; not proof of a direct FR atom.,formula_calculated
ministry_caem,oil_plus10,original_CAEM_2024_actual_2025_forecast,government_external_debt,Government external debt / GDP,percent GDP,annual,2026,7.01981124211558,run_calculated,scenario_forecast,CAEM.xlsb / native formula export,6a. SEI,O33,original_CAEM_formula_graph_and_HPP_HPF; corrected_per_year_two_residual_solver,FR01,,[],associated_model_indicator,source-defined; see source formula,false,,Associated model indicator; not proof of a direct FR atom.,formula_calculated
ministry_caem,oil_plus10,original_CAEM_2024_actual_2025_forecast,government_total_debt,Total government debt / GDP,percent GDP,annual,2026,11.699685403525967,run_calculated,scenario_forecast,CAEM.xlsb / native formula export,6a. SEI,O34,original_CAEM_formula_graph_and_HPP_HPF; corrected_per_year_two_residual_solver,FR01,,[],associated_model_indicator,source-defined; see source formula,false,,Associated model indicator; not proof of a direct FR atom.,formula_calculated
ministry_caem,oil_plus10,original_CAEM_2024_actual_2025_forecast,current_account,Current account / GDP,percent GDP,annual,2026,-3.3368867586910813,run_calculated,scenario_forecast,CAEM.xlsb / native formula export,6a. SEI,O37,original_CAEM_formula_graph_and_HPP_HPF; corrected_per_year_two_residual_solver,FR12,,[],associated_model_indicator,source-defined; see source formula,false,,Associated model indicator; not proof of a direct FR atom.,formula_calculated
ministry_caem,oil_plus10,original_CAEM_2024_actual_2025_forecast,net_fdi,Net FDI / GDP,percent GDP,annual,2026,1.1763039955678363,run_calculated,scenario_forecast,CAEM.xlsb / native formula export,6a. SEI,O38,original_CAEM_formula_graph_and_HPP_HPF; corrected_per_year_two_residual_solver,FR12,,[],associated_model_indicator,source-defined; see source formula,false,,Associated model indicator; not proof of a direct FR atom.,formula_calculated
ministry_caem,oil_plus10,original_CAEM_2024_actual_2025_forecast,portfolio_other_investment,Portfolio and other investment / GDP,percent GDP,annual,2026,0.30205043725808045,run_calculated,scenario_forecast,CAEM.xlsb / native formula export,6a. SEI,O39,original_CAEM_formula_graph_and_HPP_HPF; corrected_per_year_two_residual_solver,FR12,,[],associated_model_indicator,source-defined; see source formula,false,,Associated model indicator; not proof of a direct FR atom.,formula_calculated
ministry_caem,oil_plus10,original_CAEM_2024_actual_2025_forecast,reserves_ratio,Reserves / GDP,percent GDP,annual,2026,8.874411771694678,run_calculated,scenario_forecast,CAEM.xlsb / native formula export,6a. SEI,O40,original_CAEM_formula_graph_and_HPP_HPF; corrected_per_year_two_residual_solver,FR12,,[],associated_model_indicator,source-defined; see source formula,false,,Associated model indicator; not proof of a direct FR atom.,formula_calculated
ministry_caem,oil_plus10,original_CAEM_2024_actual_2025_forecast,reserves_broad_money,Reserves / broad money,percent,annual,2026,25.24547949459538,run_calculated,scenario_forecast,CAEM.xlsb / native formula export,6a. SEI,O41,original_CAEM_formula_graph_and_HPP_HPF; corrected_per_year_two_residual_solver,FR12,,[],associated_model_indicator,source-defined; see source formula,false,,Associated model indicator; not proof of a direct FR atom.,formula_calculated
ministry_caem,oil_plus10,original_CAEM_2024_actual_2025_forecast,net_iip,Net international investment position / GDP,percent GDP,annual,2026,,unavailable_source_non_numeric,scenario_forecast,CAEM.xlsb / native formula export,6a. SEI,O42,original_CAEM_formula_graph_and_HPP_HPF; corrected_per_year_two_residual_solver,FR12, ,[],associated_model_indicator,source-defined; see source formula,false,,Associated model indicator; not proof of a direct FR atom.,original_literal
ministry_caem,oil_plus10,original_CAEM_2024_actual_2025_forecast,external_debt,External debt / GDP,percent GDP,annual,2026,12.168252246480291,run_calculated,scenario_forecast,CAEM.xlsb / native formula export,6a. SEI,O43,original_CAEM_formula_graph_and_HPP_HPF; corrected_per_year_two_residual_solver,FR12,,[],associated_model_indicator,source-defined; see source formula,false,,Associated model indicator; not proof of a direct FR atom.,formula_calculated
ministry_caem,oil_plus10,original_CAEM_2024_actual_2025_forecast,saving_investment,Savings-investment balance / GDP,percent GDP,annual,2026,-3.852663278954383,run_calculated,scenario_forecast,CAEM.xlsb / native formula export,6a. SEI,O46,original_CAEM_formula_graph_and_HPP_HPF; corrected_per_year_two_residual_solver,FR12,,[],associated_model_indicator,source-defined; see source formula,false,,Associated model indicator; not proof of a direct FR atom.,formula_calculated
ministry_caem,oil_plus10,original_CAEM_2024_actual_2025_forecast,monetary_nfa,Monetary net foreign assets / GDP,percent GDP,annual,2026,18.97061276753358,run_calculated,scenario_forecast,CAEM.xlsb / native formula export,6a. SEI,O52,original_CAEM_formula_graph_and_HPP_HPF; corrected_per_year_two_residual_solver,FR12,,[],associated_model_indicator,source-defined; see source formula,false,,Associated model indicator; not proof of a direct FR atom.,formula_calculated
ministry_caem,oil_plus10,original_CAEM_2024_actual_2025_forecast,monetary_nda,Monetary net domestic assets / GDP,percent GDP,annual,2026,17.300711675203697,run_calculated,scenario_forecast,CAEM.xlsb / native formula export,6a. SEI,O53,original_CAEM_formula_graph_and_HPP_HPF; corrected_per_year_two_residual_solver,FR12,,[],associated_model_indicator,source-defined; see source formula,false,,Associated model indicator; not proof of a direct FR atom.,formula_calculated
ministry_caem,oil_plus10,original_CAEM_2024_actual_2025_forecast,private_credit_ratio,Private sector credit / GDP,percent GDP,annual,2026,17.863943249749678,run_calculated,scenario_forecast,CAEM.xlsb / native formula export,6a. SEI,O55,original_CAEM_formula_graph_and_HPP_HPF; corrected_per_year_two_residual_solver,FR01,,[],associated_model_indicator,source-defined; see source formula,false,,Associated model indicator; not proof of a direct FR atom.,formula_calculated
ministry_caem,oil_plus10,original_CAEM_2024_actual_2025_forecast,broad_money_ratio,Broad money / GDP,percent GDP,annual,2026,35.15247857975737,run_calculated,scenario_forecast,CAEM.xlsb / native formula export,6a. SEI,O57,original_CAEM_formula_graph_and_HPP_HPF; corrected_per_year_two_residual_solver,FR01,,[],associated_model_indicator,source-defined; see source formula,false,,Associated model indicator; not proof of a direct FR atom.,formula_calculated
ministry_caem,oil_plus10,original_CAEM_2024_actual_2025_forecast,gdp_growth,Real GDP growth,percent,annual,2027,3.2373111126893894,run_calculated,scenario_forecast,CAEM.xlsb / native formula export,6a. SEI,P9,original_CAEM_formula_graph_and_HPP_HPF; corrected_per_year_two_residual_solver,FR01,,"[""FR1""]",direct_original_output_atom,constant-price GDP growth,false,ministry_caem:source:6a. SEI:row9,Exact original row now exported by the actual CAEM engine; source unit/header caveats preserved.,formula_calculated
ministry_caem,oil_plus10,original_CAEM_2024_actual_2025_forecast,output_gap,Output gap / potential GDP,percent,annual,2027,0.7057238048300496,run_calculated,scenario_forecast,CAEM.xlsb / native formula export,6a. SEI,P10,original_CAEM_formula_graph_and_HPP_HPF; corrected_per_year_two_residual_solver,FR01,,[],associated_model_indicator,source-defined; see source formula,false,,Associated model indicator; not proof of a direct FR atom.,formula_calculated
ministry_caem,oil_plus10,original_CAEM_2024_actual_2025_forecast,domestic_demand_growth,Domestic demand growth,percent,annual,2027,6.277784187727686,run_calculated,scenario_forecast,CAEM.xlsb / native formula export,6a. SEI,P11,original_CAEM_formula_graph_and_HPP_HPF; corrected_per_year_two_residual_solver,FR01,,[],associated_model_indicator,source-defined; see source formula,false,,Associated model indicator; not proof of a direct FR atom.,formula_calculated
ministry_caem,oil_plus10,original_CAEM_2024_actual_2025_forecast,consumption_growth,Total consumption growth,percent,annual,2027,8.775691371845017,run_calculated,scenario_forecast,CAEM.xlsb / native formula export,6a. SEI,P12,original_CAEM_formula_graph_and_HPP_HPF; corrected_per_year_two_residual_solver,FR08,,[],associated_model_indicator,source-defined; see source formula,false,,Associated model indicator; not proof of a direct FR atom.,formula_calculated
ministry_caem,oil_plus10,original_CAEM_2024_actual_2025_forecast,private_consumption_growth,Private consumption growth,percent,annual,2027,10.469896709801008,run_calculated,scenario_forecast,CAEM.xlsb / native formula export,6a. SEI,P13,original_CAEM_formula_graph_and_HPP_HPF; corrected_per_year_two_residual_solver,FR08,,[],associated_model_indicator,source-defined; see source formula,false,,Associated model indicator; not proof of a direct FR atom.,formula_calculated
ministry_caem,oil_plus10,original_CAEM_2024_actual_2025_forecast,public_consumption_growth,Public consumption growth,percent,annual,2027,-1.1645869495125916,run_calculated,scenario_forecast,CAEM.xlsb / native formula export,6a. SEI,P14,original_CAEM_formula_graph_and_HPP_HPF; corrected_per_year_two_residual_solver,FR08,,[],associated_model_indicator,source-defined; see source formula,false,,Associated model indicator; not proof of a direct FR atom.,formula_calculated
ministry_caem,oil_plus10,original_CAEM_2024_actual_2025_forecast,investment_growth,Total real investment growth,percent,annual,2027,-3.1806408955230903,run_calculated,scenario_forecast,CAEM.xlsb / native formula export,6a. SEI,P15,original_CAEM_formula_graph_and_HPP_HPF; corrected_per_year_two_residual_solver,FR06,,[],associated_model_indicator,source-defined; see source formula,false,,Associated model indicator; not proof of a direct FR atom.,formula_calculated
ministry_caem,oil_plus10,original_CAEM_2024_actual_2025_forecast,exports_growth,Goods and services exports real growth,percent,annual,2027,0.5577121496903885,run_calculated,scenario_forecast,CAEM.xlsb / native formula export,6a. SEI,P16,original_CAEM_formula_graph_and_HPP_HPF; corrected_per_year_two_residual_solver,FR07,,[],associated_model_indicator,source-defined; see source formula,false,,Associated model indicator; not proof of a direct FR atom.,formula_calculated
ministry_caem,oil_plus10,original_CAEM_2024_actual_2025_forecast,imports_growth,Goods and services imports real growth,percent,annual,2027,9.43692829552441,run_calculated,scenario_forecast,CAEM.xlsb / native formula export,6a. SEI,P17,original_CAEM_formula_graph_and_HPP_HPF; corrected_per_year_two_residual_solver,FR07,,[],associated_model_indicator,source-defined; see source formula,false,,Associated model indicator; not proof of a direct FR atom.,formula_calculated
ministry_caem,oil_plus10,original_CAEM_2024_actual_2025_forecast,cpi_avg,CPI inflation (period average),percent,annual,2027,4.324640847505047,run_calculated,scenario_forecast,CAEM.xlsb / native formula export,6a. SEI,P19,original_CAEM_formula_graph_and_HPP_HPF; corrected_per_year_two_residual_solver,FR09,,"[""FR9""]",direct_original_output_atom,annual-average consumer-price inflation,false,ministry_caem:source:6a. SEI:row19,Exact original row now exported by the actual CAEM engine; source unit/header caveats preserved.,formula_calculated
ministry_caem,oil_plus10,original_CAEM_2024_actual_2025_forecast,gdp_deflator,GDP deflator growth,percent,annual,2027,3.2562167963280757,run_calculated,scenario_forecast,CAEM.xlsb / native formula export,6a. SEI,P20,original_CAEM_formula_graph_and_HPP_HPF; corrected_per_year_two_residual_solver,FR01,,"[""FR1""]",direct_original_output_atom,implicit GDP deflator growth,false,ministry_caem:source:6a. SEI:row20,Exact original row now exported by the actual CAEM engine; source unit/header caveats preserved.,formula_calculated
ministry_caem,oil_plus10,original_CAEM_2024_actual_2025_forecast,policy_rate,Policy interest rate,percent,annual,2027,,unavailable_source_blank,scenario_forecast,CAEM.xlsb / native formula export,6a. SEI,P21,original_CAEM_formula_graph_and_HPP_HPF; corrected_per_year_two_residual_solver,FR09,,[],associated_model_indicator,source-defined; see source formula,false,,Associated model indicator; not proof of a direct FR atom.,original_literal
ministry_caem,oil_plus10,original_CAEM_2024_actual_2025_forecast,reer,Real effective exchange rate index,"index, 2010=100",annual,2027,134.18189472641743,run_calculated,scenario_forecast,CAEM.xlsb / native formula export,6a. SEI,P24,original_CAEM_formula_graph_and_HPP_HPF; corrected_per_year_two_residual_solver,FR10,,[],associated_model_indicator,source-defined; see source formula,false,,Associated model indicator; not proof of a direct FR atom.,formula_calculated
ministry_caem,oil_plus10,original_CAEM_2024_actual_2025_forecast,reer_growth,Real effective exchange rate change,percent,annual,2027,2.2790596544167263,run_calculated,scenario_forecast,CAEM.xlsb / native formula export,6a. SEI,P25,original_CAEM_formula_graph_and_HPP_HPF; corrected_per_year_two_residual_solver,FR10,,[],associated_model_indicator,source-defined; see source formula,false,,Associated model indicator; not proof of a direct FR atom.,formula_calculated
ministry_caem,oil_plus10,original_CAEM_2024_actual_2025_forecast,fiscal_revenue_ratio,Fiscal revenue / GDP,percent GDP,annual,2027,34.461991527149685,run_calculated,scenario_forecast,CAEM.xlsb / native formula export,6a. SEI,P28,original_CAEM_formula_graph_and_HPP_HPF; corrected_per_year_two_residual_solver,FR01,,[],associated_model_indicator,source-defined; see source formula,false,,Associated model indicator; not proof of a direct FR atom.,formula_calculated
ministry_caem,oil_plus10,original_CAEM_2024_actual_2025_forecast,fiscal_expenditure_ratio,Fiscal expenditure / GDP,percent GDP,annual,2027,34.28137503917502,run_calculated,scenario_forecast,CAEM.xlsb / native formula export,6a. SEI,P29,original_CAEM_formula_graph_and_HPP_HPF; corrected_per_year_two_residual_solver,FR01,,[],associated_model_indicator,source-defined; see source formula,false,,Associated model indicator; not proof of a direct FR atom.,formula_calculated
ministry_caem,oil_plus10,original_CAEM_2024_actual_2025_forecast,overall_fiscal_balance,Overall fiscal balance / GDP,percent GDP,annual,2027,0.18061648797466734,run_calculated,scenario_forecast,CAEM.xlsb / native formula export,6a. SEI,P30,original_CAEM_formula_graph_and_HPP_HPF; corrected_per_year_two_residual_solver,FR01,,[],associated_model_indicator,source-defined; see source formula,false,,Associated model indicator; not proof of a direct FR atom.,formula_calculated
ministry_caem,oil_plus10,original_CAEM_2024_actual_2025_forecast,government_domestic_debt,Government domestic debt / GDP,percent GDP,annual,2027,4.114331584950143,run_calculated,scenario_forecast,CAEM.xlsb / native formula export,6a. SEI,P32,original_CAEM_formula_graph_and_HPP_HPF; corrected_per_year_two_residual_solver,FR01,,[],associated_model_indicator,source-defined; see source formula,false,,Associated model indicator; not proof of a direct FR atom.,formula_calculated
ministry_caem,oil_plus10,original_CAEM_2024_actual_2025_forecast,government_external_debt,Government external debt / GDP,percent GDP,annual,2027,6.171497377425215,run_calculated,scenario_forecast,CAEM.xlsb / native formula export,6a. SEI,P33,original_CAEM_formula_graph_and_HPP_HPF; corrected_per_year_two_residual_solver,FR01,,[],associated_model_indicator,source-defined; see source formula,false,,Associated model indicator; not proof of a direct FR atom.,formula_calculated
ministry_caem,oil_plus10,original_CAEM_2024_actual_2025_forecast,government_total_debt,Total government debt / GDP,percent GDP,annual,2027,10.28582896237536,run_calculated,scenario_forecast,CAEM.xlsb / native formula export,6a. SEI,P34,original_CAEM_formula_graph_and_HPP_HPF; corrected_per_year_two_residual_solver,FR01,,[],associated_model_indicator,source-defined; see source formula,false,,Associated model indicator; not proof of a direct FR atom.,formula_calculated
ministry_caem,oil_plus10,original_CAEM_2024_actual_2025_forecast,current_account,Current account / GDP,percent GDP,annual,2027,-7.068352973572749,run_calculated,scenario_forecast,CAEM.xlsb / native formula export,6a. SEI,P37,original_CAEM_formula_graph_and_HPP_HPF; corrected_per_year_two_residual_solver,FR12,,[],associated_model_indicator,source-defined; see source formula,false,,Associated model indicator; not proof of a direct FR atom.,formula_calculated
ministry_caem,oil_plus10,original_CAEM_2024_actual_2025_forecast,net_fdi,Net FDI / GDP,percent GDP,annual,2027,1.1034856218617874,run_calculated,scenario_forecast,CAEM.xlsb / native formula export,6a. SEI,P38,original_CAEM_formula_graph_and_HPP_HPF; corrected_per_year_two_residual_solver,FR12,,[],associated_model_indicator,source-defined; see source formula,false,,Associated model indicator; not proof of a direct FR atom.,formula_calculated
ministry_caem,oil_plus10,original_CAEM_2024_actual_2025_forecast,portfolio_other_investment,Portfolio and other investment / GDP,percent GDP,annual,2027,0.2833521911404034,run_calculated,scenario_forecast,CAEM.xlsb / native formula export,6a. SEI,P39,original_CAEM_formula_graph_and_HPP_HPF; corrected_per_year_two_residual_solver,FR12,,[],associated_model_indicator,source-defined; see source formula,false,,Associated model indicator; not proof of a direct FR atom.,formula_calculated
ministry_caem,oil_plus10,original_CAEM_2024_actual_2025_forecast,reserves_ratio,Reserves / GDP,percent GDP,annual,2027,-1.7711118681028069,run_calculated,scenario_forecast,CAEM.xlsb / native formula export,6a. SEI,P40,original_CAEM_formula_graph_and_HPP_HPF; corrected_per_year_two_residual_solver,FR12,,[],associated_model_indicator,source-defined; see source formula,false,,Associated model indicator; not proof of a direct FR atom.,formula_calculated
ministry_caem,oil_plus10,original_CAEM_2024_actual_2025_forecast,reserves_broad_money,Reserves / broad money,percent,annual,2027,-4.997783313503793,run_calculated,scenario_forecast,CAEM.xlsb / native formula export,6a. SEI,P41,original_CAEM_formula_graph_and_HPP_HPF; corrected_per_year_two_residual_solver,FR12,,[],associated_model_indicator,source-defined; see source formula,false,,Associated model indicator; not proof of a direct FR atom.,formula_calculated
ministry_caem,oil_plus10,original_CAEM_2024_actual_2025_forecast,net_iip,Net international investment position / GDP,percent GDP,annual,2027,,unavailable_source_non_numeric,scenario_forecast,CAEM.xlsb / native formula export,6a. SEI,P42,original_CAEM_formula_graph_and_HPP_HPF; corrected_per_year_two_residual_solver,FR12, ,[],associated_model_indicator,source-defined; see source formula,false,,Associated model indicator; not proof of a direct FR atom.,original_literal
ministry_caem,oil_plus10,original_CAEM_2024_actual_2025_forecast,external_debt,External debt / GDP,percent GDP,annual,2027,16.285273079558884,run_calculated,scenario_forecast,CAEM.xlsb / native formula export,6a. SEI,P43,original_CAEM_formula_graph_and_HPP_HPF; corrected_per_year_two_residual_solver,FR12,,[],associated_model_indicator,source-defined; see source formula,false,,Associated model indicator; not proof of a direct FR atom.,formula_calculated
ministry_caem,oil_plus10,original_CAEM_2024_actual_2025_forecast,saving_investment,Savings-investment balance / GDP,percent GDP,annual,2027,-7.443016410973935,run_calculated,scenario_forecast,CAEM.xlsb / native formula export,6a. SEI,P46,original_CAEM_formula_graph_and_HPP_HPF; corrected_per_year_two_residual_solver,FR12,,[],associated_model_indicator,source-defined; see source formula,false,,Associated model indicator; not proof of a direct FR atom.,formula_calculated
ministry_caem,oil_plus10,original_CAEM_2024_actual_2025_forecast,monetary_nfa,Monetary net foreign assets / GDP,percent GDP,annual,2027,12.748169353828963,run_calculated,scenario_forecast,CAEM.xlsb / native formula export,6a. SEI,P52,original_CAEM_formula_graph_and_HPP_HPF; corrected_per_year_two_residual_solver,FR12,,[],associated_model_indicator,source-defined; see source formula,false,,Associated model indicator; not proof of a direct FR atom.,formula_calculated
ministry_caem,oil_plus10,original_CAEM_2024_actual_2025_forecast,monetary_nda,Monetary net domestic assets / GDP,percent GDP,annual,2027,23.739363372080135,run_calculated,scenario_forecast,CAEM.xlsb / native formula export,6a. SEI,P53,original_CAEM_formula_graph_and_HPP_HPF; corrected_per_year_two_residual_solver,FR12,,[],associated_model_indicator,source-defined; see source formula,false,,Associated model indicator; not proof of a direct FR atom.,formula_calculated
ministry_caem,oil_plus10,original_CAEM_2024_actual_2025_forecast,private_credit_ratio,Private sector credit / GDP,percent GDP,annual,2027,24.272063238922705,run_calculated,scenario_forecast,CAEM.xlsb / native formula export,6a. SEI,P55,original_CAEM_formula_graph_and_HPP_HPF; corrected_per_year_two_residual_solver,FR01,,[],associated_model_indicator,source-defined; see source formula,false,,Associated model indicator; not proof of a direct FR atom.,formula_calculated
ministry_caem,oil_plus10,original_CAEM_2024_actual_2025_forecast,broad_money_ratio,Broad money / GDP,percent GDP,annual,2027,35.43794832635779,run_calculated,scenario_forecast,CAEM.xlsb / native formula export,6a. SEI,P57,original_CAEM_formula_graph_and_HPP_HPF; corrected_per_year_two_residual_solver,FR01,,[],associated_model_indicator,source-defined; see source formula,false,,Associated model indicator; not proof of a direct FR atom.,formula_calculated
ministry_caem,oil_plus10,original_CAEM_2024_actual_2025_forecast,gdp_growth,Real GDP growth,percent,annual,2028,3.0761867738110515,run_calculated,scenario_forecast,CAEM.xlsb / native formula export,6a. SEI,Q9,original_CAEM_formula_graph_and_HPP_HPF; corrected_per_year_two_residual_solver,FR01,,"[""FR1""]",direct_original_output_atom,constant-price GDP growth,false,ministry_caem:source:6a. SEI:row9,Exact original row now exported by the actual CAEM engine; source unit/header caveats preserved.,formula_calculated
ministry_caem,oil_plus10,original_CAEM_2024_actual_2025_forecast,output_gap,Output gap / potential GDP,percent,annual,2028,0.7252718587501761,run_calculated,scenario_forecast,CAEM.xlsb / native formula export,6a. SEI,Q10,original_CAEM_formula_graph_and_HPP_HPF; corrected_per_year_two_residual_solver,FR01,,[],associated_model_indicator,source-defined; see source formula,false,,Associated model indicator; not proof of a direct FR atom.,formula_calculated
ministry_caem,oil_plus10,original_CAEM_2024_actual_2025_forecast,domestic_demand_growth,Domestic demand growth,percent,annual,2028,5.462377902612414,run_calculated,scenario_forecast,CAEM.xlsb / native formula export,6a. SEI,Q11,original_CAEM_formula_graph_and_HPP_HPF; corrected_per_year_two_residual_solver,FR01,,[],associated_model_indicator,source-defined; see source formula,false,,Associated model indicator; not proof of a direct FR atom.,formula_calculated
ministry_caem,oil_plus10,original_CAEM_2024_actual_2025_forecast,consumption_growth,Total consumption growth,percent,annual,2028,7.3434341833724215,run_calculated,scenario_forecast,CAEM.xlsb / native formula export,6a. SEI,Q12,original_CAEM_formula_graph_and_HPP_HPF; corrected_per_year_two_residual_solver,FR08,,[],associated_model_indicator,source-defined; see source formula,false,,Associated model indicator; not proof of a direct FR atom.,formula_calculated
ministry_caem,oil_plus10,original_CAEM_2024_actual_2025_forecast,private_consumption_growth,Private consumption growth,percent,annual,2028,8.572659193822197,run_calculated,scenario_forecast,CAEM.xlsb / native formula export,6a. SEI,Q13,original_CAEM_formula_graph_and_HPP_HPF; corrected_per_year_two_residual_solver,FR08,,[],associated_model_indicator,source-defined; see source formula,false,,Associated model indicator; not proof of a direct FR atom.,formula_calculated
ministry_caem,oil_plus10,original_CAEM_2024_actual_2025_forecast,public_consumption_growth,Public consumption growth,percent,annual,2028,-0.717683347162068,run_calculated,scenario_forecast,CAEM.xlsb / native formula export,6a. SEI,Q14,original_CAEM_formula_graph_and_HPP_HPF; corrected_per_year_two_residual_solver,FR08,,[],associated_model_indicator,source-defined; see source formula,false,,Associated model indicator; not proof of a direct FR atom.,formula_calculated
ministry_caem,oil_plus10,original_CAEM_2024_actual_2025_forecast,investment_growth,Total real investment growth,percent,annual,2028,-2.5399062711409237,run_calculated,scenario_forecast,CAEM.xlsb / native formula export,6a. SEI,Q15,original_CAEM_formula_graph_and_HPP_HPF; corrected_per_year_two_residual_solver,FR06,,[],associated_model_indicator,source-defined; see source formula,false,,Associated model indicator; not proof of a direct FR atom.,formula_calculated
ministry_caem,oil_plus10,original_CAEM_2024_actual_2025_forecast,exports_growth,Goods and services exports real growth,percent,annual,2028,0.058103641561800146,run_calculated,scenario_forecast,CAEM.xlsb / native formula export,6a. SEI,Q16,original_CAEM_formula_graph_and_HPP_HPF; corrected_per_year_two_residual_solver,FR07,,[],associated_model_indicator,source-defined; see source formula,false,,Associated model indicator; not proof of a direct FR atom.,formula_calculated
ministry_caem,oil_plus10,original_CAEM_2024_actual_2025_forecast,imports_growth,Goods and services imports real growth,percent,annual,2028,8.299868282200123,run_calculated,scenario_forecast,CAEM.xlsb / native formula export,6a. SEI,Q17,original_CAEM_formula_graph_and_HPP_HPF; corrected_per_year_two_residual_solver,FR07,,[],associated_model_indicator,source-defined; see source formula,false,,Associated model indicator; not proof of a direct FR atom.,formula_calculated
ministry_caem,oil_plus10,original_CAEM_2024_actual_2025_forecast,cpi_avg,CPI inflation (period average),percent,annual,2028,4.150693922199641,run_calculated,scenario_forecast,CAEM.xlsb / native formula export,6a. SEI,Q19,original_CAEM_formula_graph_and_HPP_HPF; corrected_per_year_two_residual_solver,FR09,,"[""FR9""]",direct_original_output_atom,annual-average consumer-price inflation,false,ministry_caem:source:6a. SEI:row19,Exact original row now exported by the actual CAEM engine; source unit/header caveats preserved.,formula_calculated
ministry_caem,oil_plus10,original_CAEM_2024_actual_2025_forecast,gdp_deflator,GDP deflator growth,percent,annual,2028,2.8386583628827253,run_calculated,scenario_forecast,CAEM.xlsb / native formula export,6a. SEI,Q20,original_CAEM_formula_graph_and_HPP_HPF; corrected_per_year_two_residual_solver,FR01,,"[""FR1""]",direct_original_output_atom,implicit GDP deflator growth,false,ministry_caem:source:6a. SEI:row20,Exact original row now exported by the actual CAEM engine; source unit/header caveats preserved.,formula_calculated
ministry_caem,oil_plus10,original_CAEM_2024_actual_2025_forecast,policy_rate,Policy interest rate,percent,annual,2028,,unavailable_source_blank,scenario_forecast,CAEM.xlsb / native formula export,6a. SEI,Q21,original_CAEM_formula_graph_and_HPP_HPF; corrected_per_year_two_residual_solver,FR09,,[],associated_model_indicator,source-defined; see source formula,false,,Associated model indicator; not proof of a direct FR atom.,original_literal
ministry_caem,oil_plus10,original_CAEM_2024_actual_2025_forecast,reer,Real effective exchange rate index,"index, 2010=100",annual,2028,137.0111514465874,run_calculated,scenario_forecast,CAEM.xlsb / native formula export,6a. SEI,Q24,original_CAEM_formula_graph_and_HPP_HPF; corrected_per_year_two_residual_solver,FR10,,[],associated_model_indicator,source-defined; see source formula,false,,Associated model indicator; not proof of a direct FR atom.,formula_calculated
ministry_caem,oil_plus10,original_CAEM_2024_actual_2025_forecast,reer_growth,Real effective exchange rate change,percent,annual,2028,2.1085234531369013,run_calculated,scenario_forecast,CAEM.xlsb / native formula export,6a. SEI,Q25,original_CAEM_formula_graph_and_HPP_HPF; corrected_per_year_two_residual_solver,FR10,,[],associated_model_indicator,source-defined; see source formula,false,,Associated model indicator; not proof of a direct FR atom.,formula_calculated
ministry_caem,oil_plus10,original_CAEM_2024_actual_2025_forecast,fiscal_revenue_ratio,Fiscal revenue / GDP,percent GDP,annual,2028,33.05821279109465,run_calculated,scenario_forecast,CAEM.xlsb / native formula export,6a. SEI,Q28,original_CAEM_formula_graph_and_HPP_HPF; corrected_per_year_two_residual_solver,FR01,,[],associated_model_indicator,source-defined; see source formula,false,,Associated model indicator; not proof of a direct FR atom.,formula_calculated
ministry_caem,oil_plus10,original_CAEM_2024_actual_2025_forecast,fiscal_expenditure_ratio,Fiscal expenditure / GDP,percent GDP,annual,2028,33.26983261074846,run_calculated,scenario_forecast,CAEM.xlsb / native formula export,6a. SEI,Q29,original_CAEM_formula_graph_and_HPP_HPF; corrected_per_year_two_residual_solver,FR01,,[],associated_model_indicator,source-defined; see source formula,false,,Associated model indicator; not proof of a direct FR atom.,formula_calculated
ministry_caem,oil_plus10,original_CAEM_2024_actual_2025_forecast,overall_fiscal_balance,Overall fiscal balance / GDP,percent GDP,annual,2028,-0.2116198196538114,run_calculated,scenario_forecast,CAEM.xlsb / native formula export,6a. SEI,Q30,original_CAEM_formula_graph_and_HPP_HPF; corrected_per_year_two_residual_solver,FR01,,[],associated_model_indicator,source-defined; see source formula,false,,Associated model indicator; not proof of a direct FR atom.,formula_calculated
ministry_caem,oil_plus10,original_CAEM_2024_actual_2025_forecast,government_domestic_debt,Government domestic debt / GDP,percent GDP,annual,2028,3.736792728774623,run_calculated,scenario_forecast,CAEM.xlsb / native formula export,6a. SEI,Q32,original_CAEM_formula_graph_and_HPP_HPF; corrected_per_year_two_residual_solver,FR01,,[],associated_model_indicator,source-defined; see source formula,false,,Associated model indicator; not proof of a direct FR atom.,formula_calculated
ministry_caem,oil_plus10,original_CAEM_2024_actual_2025_forecast,government_external_debt,Government external debt / GDP,percent GDP,annual,2028,5.605189093161934,run_calculated,scenario_forecast,CAEM.xlsb / native formula export,6a. SEI,Q33,original_CAEM_formula_graph_and_HPP_HPF; corrected_per_year_two_residual_solver,FR01,,[],associated_model_indicator,source-defined; see source formula,false,,Associated model indicator; not proof of a direct FR atom.,formula_calculated
ministry_caem,oil_plus10,original_CAEM_2024_actual_2025_forecast,government_total_debt,Total government debt / GDP,percent GDP,annual,2028,9.341981821936558,run_calculated,scenario_forecast,CAEM.xlsb / native formula export,6a. SEI,Q34,original_CAEM_formula_graph_and_HPP_HPF; corrected_per_year_two_residual_solver,FR01,,[],associated_model_indicator,source-defined; see source formula,false,,Associated model indicator; not proof of a direct FR atom.,formula_calculated
ministry_caem,oil_plus10,original_CAEM_2024_actual_2025_forecast,current_account,Current account / GDP,percent GDP,annual,2028,-10.7601086774799,run_calculated,scenario_forecast,CAEM.xlsb / native formula export,6a. SEI,Q37,original_CAEM_formula_graph_and_HPP_HPF; corrected_per_year_two_residual_solver,FR12,,[],associated_model_indicator,source-defined; see source formula,false,,Associated model indicator; not proof of a direct FR atom.,formula_calculated
ministry_caem,oil_plus10,original_CAEM_2024_actual_2025_forecast,net_fdi,Net FDI / GDP,percent GDP,annual,2028,1.041002884336712,run_calculated,scenario_forecast,CAEM.xlsb / native formula export,6a. SEI,Q38,original_CAEM_formula_graph_and_HPP_HPF; corrected_per_year_two_residual_solver,FR12,,[],associated_model_indicator,source-defined; see source formula,false,,Associated model indicator; not proof of a direct FR atom.,formula_calculated
ministry_caem,oil_plus10,original_CAEM_2024_actual_2025_forecast,portfolio_other_investment,Portfolio and other investment / GDP,percent GDP,annual,2028,0.26730792174946216,run_calculated,scenario_forecast,CAEM.xlsb / native formula export,6a. SEI,Q39,original_CAEM_formula_graph_and_HPP_HPF; corrected_per_year_two_residual_solver,FR12,,[],associated_model_indicator,source-defined; see source formula,false,,Associated model indicator; not proof of a direct FR atom.,formula_calculated
ministry_caem,oil_plus10,original_CAEM_2024_actual_2025_forecast,reserves_ratio,Reserves / GDP,percent GDP,annual,2028,-15.172694029620365,run_calculated,scenario_forecast,CAEM.xlsb / native formula export,6a. SEI,Q40,original_CAEM_formula_graph_and_HPP_HPF; corrected_per_year_two_residual_solver,FR12,,[],associated_model_indicator,source-defined; see source formula,false,,Associated model indicator; not proof of a direct FR atom.,formula_calculated
ministry_caem,oil_plus10,original_CAEM_2024_actual_2025_forecast,reserves_broad_money,Reserves / broad money,percent,annual,2028,-42.68487562167705,run_calculated,scenario_forecast,CAEM.xlsb / native formula export,6a. SEI,Q41,original_CAEM_formula_graph_and_HPP_HPF; corrected_per_year_two_residual_solver,FR12,,[],associated_model_indicator,source-defined; see source formula,false,,Associated model indicator; not proof of a direct FR atom.,formula_calculated
ministry_caem,oil_plus10,original_CAEM_2024_actual_2025_forecast,net_iip,Net international investment position / GDP,percent GDP,annual,2028,,unavailable_source_non_numeric,scenario_forecast,CAEM.xlsb / native formula export,6a. SEI,Q42,original_CAEM_formula_graph_and_HPP_HPF; corrected_per_year_two_residual_solver,FR12, ,[],associated_model_indicator,source-defined; see source formula,false,,Associated model indicator; not proof of a direct FR atom.,original_literal
ministry_caem,oil_plus10,original_CAEM_2024_actual_2025_forecast,external_debt,External debt / GDP,percent GDP,annual,2028,24.16425959634796,run_calculated,scenario_forecast,CAEM.xlsb / native formula export,6a. SEI,Q43,original_CAEM_formula_graph_and_HPP_HPF; corrected_per_year_two_residual_solver,FR12,,[],associated_model_indicator,source-defined; see source formula,false,,Associated model indicator; not proof of a direct FR atom.,formula_calculated
ministry_caem,oil_plus10,original_CAEM_2024_actual_2025_forecast,saving_investment,Savings-investment balance / GDP,percent GDP,annual,2028,-11.006597758586935,run_calculated,scenario_forecast,CAEM.xlsb / native formula export,6a. SEI,Q46,original_CAEM_formula_graph_and_HPP_HPF; corrected_per_year_two_residual_solver,FR12,,[],associated_model_indicator,source-defined; see source formula,false,,Associated model indicator; not proof of a direct FR atom.,formula_calculated
ministry_caem,oil_plus10,original_CAEM_2024_actual_2025_forecast,monetary_nfa,Monetary net foreign assets / GDP,percent GDP,annual,2028,5.275394966922215,run_calculated,scenario_forecast,CAEM.xlsb / native formula export,6a. SEI,Q52,original_CAEM_formula_graph_and_HPP_HPF; corrected_per_year_two_residual_solver,FR12,,[],associated_model_indicator,source-defined; see source formula,false,,Associated model indicator; not proof of a direct FR atom.,formula_calculated
ministry_caem,oil_plus10,original_CAEM_2024_actual_2025_forecast,monetary_nda,Monetary net domestic assets / GDP,percent GDP,annual,2028,31.26059040013136,run_calculated,scenario_forecast,CAEM.xlsb / native formula export,6a. SEI,Q53,original_CAEM_formula_graph_and_HPP_HPF; corrected_per_year_two_residual_solver,FR12,,[],associated_model_indicator,source-defined; see source formula,false,,Associated model indicator; not proof of a direct FR atom.,formula_calculated
ministry_caem,oil_plus10,original_CAEM_2024_actual_2025_forecast,private_credit_ratio,Private sector credit / GDP,percent GDP,annual,2028,31.758894771669397,run_calculated,scenario_forecast,CAEM.xlsb / native formula export,6a. SEI,Q55,original_CAEM_formula_graph_and_HPP_HPF; corrected_per_year_two_residual_solver,FR01,,[],associated_model_indicator,source-defined; see source formula,false,,Associated model indicator; not proof of a direct FR atom.,formula_calculated
ministry_caem,oil_plus10,original_CAEM_2024_actual_2025_forecast,broad_money_ratio,Broad money / GDP,percent GDP,annual,2028,35.54583165264063,run_calculated,scenario_forecast,CAEM.xlsb / native formula export,6a. SEI,Q57,original_CAEM_formula_graph_and_HPP_HPF; corrected_per_year_two_residual_solver,FR01,,[],associated_model_indicator,source-defined; see source formula,false,,Associated model indicator; not proof of a direct FR atom.,formula_calculated
ministry_caem,oil_plus10,original_CAEM_2024_actual_2025_forecast,gdp_growth,Real GDP growth,percent,annual,2029,4.847836544531359,run_calculated,scenario_forecast,CAEM.xlsb / native formula export,6a. SEI,R9,original_CAEM_formula_graph_and_HPP_HPF; corrected_per_year_two_residual_solver,FR01,,"[""FR1""]",direct_original_output_atom,constant-price GDP growth,false,ministry_caem:source:6a. SEI:row9,Exact original row now exported by the actual CAEM engine; source unit/header caveats preserved.,formula_calculated
ministry_caem,oil_plus10,original_CAEM_2024_actual_2025_forecast,output_gap,Output gap / potential GDP,percent,annual,2029,0.6192714864906579,run_calculated,scenario_forecast,CAEM.xlsb / native formula export,6a. SEI,R10,original_CAEM_formula_graph_and_HPP_HPF; corrected_per_year_two_residual_solver,FR01,,[],associated_model_indicator,source-defined; see source formula,false,,Associated model indicator; not proof of a direct FR atom.,formula_calculated
ministry_caem,oil_plus10,original_CAEM_2024_actual_2025_forecast,domestic_demand_growth,Domestic demand growth,percent,annual,2029,4.147808225112648,run_calculated,scenario_forecast,CAEM.xlsb / native formula export,6a. SEI,R11,original_CAEM_formula_graph_and_HPP_HPF; corrected_per_year_two_residual_solver,FR01,,[],associated_model_indicator,source-defined; see source formula,false,,Associated model indicator; not proof of a direct FR atom.,formula_calculated
ministry_caem,oil_plus10,original_CAEM_2024_actual_2025_forecast,consumption_growth,Total consumption growth,percent,annual,2029,5.1332601752703155,run_calculated,scenario_forecast,CAEM.xlsb / native formula export,6a. SEI,R12,original_CAEM_formula_graph_and_HPP_HPF; corrected_per_year_two_residual_solver,FR08,,[],associated_model_indicator,source-defined; see source formula,false,,Associated model indicator; not proof of a direct FR atom.,formula_calculated
ministry_caem,oil_plus10,original_CAEM_2024_actual_2025_forecast,private_consumption_growth,Private consumption growth,percent,annual,2029,6.022368672791645,run_calculated,scenario_forecast,CAEM.xlsb / native formula export,6a. SEI,R13,original_CAEM_formula_graph_and_HPP_HPF; corrected_per_year_two_residual_solver,FR08,,[],associated_model_indicator,source-defined; see source formula,false,,Associated model indicator; not proof of a direct FR atom.,formula_calculated
ministry_caem,oil_plus10,original_CAEM_2024_actual_2025_forecast,public_consumption_growth,Public consumption growth,percent,annual,2029,-1.2430171617096475,run_calculated,scenario_forecast,CAEM.xlsb / native formula export,6a. SEI,R14,original_CAEM_formula_graph_and_HPP_HPF; corrected_per_year_two_residual_solver,FR08,,[],associated_model_indicator,source-defined; see source formula,false,,Associated model indicator; not proof of a direct FR atom.,formula_calculated
ministry_caem,oil_plus10,original_CAEM_2024_actual_2025_forecast,investment_growth,Total real investment growth,percent,annual,2029,-0.46957896725592363,run_calculated,scenario_forecast,CAEM.xlsb / native formula export,6a. SEI,R15,original_CAEM_formula_graph_and_HPP_HPF; corrected_per_year_two_residual_solver,FR06,,[],associated_model_indicator,source-defined; see source formula,false,,Associated model indicator; not proof of a direct FR atom.,formula_calculated
ministry_caem,oil_plus10,original_CAEM_2024_actual_2025_forecast,exports_growth,Goods and services exports real growth,percent,annual,2029,2.9295932857893945,run_calculated,scenario_forecast,CAEM.xlsb / native formula export,6a. SEI,R16,original_CAEM_formula_graph_and_HPP_HPF; corrected_per_year_two_residual_solver,FR07,,[],associated_model_indicator,source-defined; see source formula,false,,Associated model indicator; not proof of a direct FR atom.,formula_calculated
ministry_caem,oil_plus10,original_CAEM_2024_actual_2025_forecast,imports_growth,Goods and services imports real growth,percent,annual,2029,5.4998783544502885,run_calculated,scenario_forecast,CAEM.xlsb / native formula export,6a. SEI,R17,original_CAEM_formula_graph_and_HPP_HPF; corrected_per_year_two_residual_solver,FR07,,[],associated_model_indicator,source-defined; see source formula,false,,Associated model indicator; not proof of a direct FR atom.,formula_calculated
ministry_caem,oil_plus10,original_CAEM_2024_actual_2025_forecast,cpi_avg,CPI inflation (period average),percent,annual,2029,4.012264566018812,run_calculated,scenario_forecast,CAEM.xlsb / native formula export,6a. SEI,R19,original_CAEM_formula_graph_and_HPP_HPF; corrected_per_year_two_residual_solver,FR09,,"[""FR9""]",direct_original_output_atom,annual-average consumer-price inflation,false,ministry_caem:source:6a. SEI:row19,Exact original row now exported by the actual CAEM engine; source unit/header caveats preserved.,formula_calculated
ministry_caem,oil_plus10,original_CAEM_2024_actual_2025_forecast,gdp_deflator,GDP deflator growth,percent,annual,2029,2.657649614652513,run_calculated,scenario_forecast,CAEM.xlsb / native formula export,6a. SEI,R20,original_CAEM_formula_graph_and_HPP_HPF; corrected_per_year_two_residual_solver,FR01,,"[""FR1""]",direct_original_output_atom,implicit GDP deflator growth,false,ministry_caem:source:6a. SEI:row20,Exact original row now exported by the actual CAEM engine; source unit/header caveats preserved.,formula_calculated
ministry_caem,oil_plus10,original_CAEM_2024_actual_2025_forecast,policy_rate,Policy interest rate,percent,annual,2029,,unavailable_source_blank,scenario_forecast,CAEM.xlsb / native formula export,6a. SEI,R21,original_CAEM_formula_graph_and_HPP_HPF; corrected_per_year_two_residual_solver,FR09,,[],associated_model_indicator,source-defined; see source formula,false,,Associated model indicator; not proof of a direct FR atom.,original_literal
ministry_caem,oil_plus10,original_CAEM_2024_actual_2025_forecast,reer,Real effective exchange rate index,"index, 2010=100",annual,2029,139.7141189486012,run_calculated,scenario_forecast,CAEM.xlsb / native formula export,6a. SEI,R24,original_CAEM_formula_graph_and_HPP_HPF; corrected_per_year_two_residual_solver,FR10,,[],associated_model_indicator,source-defined; see source formula,false,,Associated model indicator; not proof of a direct FR atom.,formula_calculated
ministry_caem,oil_plus10,original_CAEM_2024_actual_2025_forecast,reer_growth,Real effective exchange rate change,percent,annual,2029,1.9728083980576683,run_calculated,scenario_forecast,CAEM.xlsb / native formula export,6a. SEI,R25,original_CAEM_formula_graph_and_HPP_HPF; corrected_per_year_two_residual_solver,FR10,,[],associated_model_indicator,source-defined; see source formula,false,,Associated model indicator; not proof of a direct FR atom.,formula_calculated
ministry_caem,oil_plus10,original_CAEM_2024_actual_2025_forecast,fiscal_revenue_ratio,Fiscal revenue / GDP,percent GDP,annual,2029,31.743911831330955,run_calculated,scenario_forecast,CAEM.xlsb / native formula export,6a. SEI,R28,original_CAEM_formula_graph_and_HPP_HPF; corrected_per_year_two_residual_solver,FR01,,[],associated_model_indicator,source-defined; see source formula,false,,Associated model indicator; not proof of a direct FR atom.,formula_calculated
ministry_caem,oil_plus10,original_CAEM_2024_actual_2025_forecast,fiscal_expenditure_ratio,Fiscal expenditure / GDP,percent GDP,annual,2029,31.42650190882744,run_calculated,scenario_forecast,CAEM.xlsb / native formula export,6a. SEI,R29,original_CAEM_formula_graph_and_HPP_HPF; corrected_per_year_two_residual_solver,FR01,,[],associated_model_indicator,source-defined; see source formula,false,,Associated model indicator; not proof of a direct FR atom.,formula_calculated
ministry_caem,oil_plus10,original_CAEM_2024_actual_2025_forecast,overall_fiscal_balance,Overall fiscal balance / GDP,percent GDP,annual,2029,0.3174099225035205,run_calculated,scenario_forecast,CAEM.xlsb / native formula export,6a. SEI,R30,original_CAEM_formula_graph_and_HPP_HPF; corrected_per_year_two_residual_solver,FR01,,[],associated_model_indicator,source-defined; see source formula,false,,Associated model indicator; not proof of a direct FR atom.,formula_calculated
ministry_caem,oil_plus10,original_CAEM_2024_actual_2025_forecast,government_domestic_debt,Government domestic debt / GDP,percent GDP,annual,2029,3.110062974738755,run_calculated,scenario_forecast,CAEM.xlsb / native formula export,6a. SEI,R32,original_CAEM_formula_graph_and_HPP_HPF; corrected_per_year_two_residual_solver,FR01,,[],associated_model_indicator,source-defined; see source formula,false,,Associated model indicator; not proof of a direct FR atom.,formula_calculated
ministry_caem,oil_plus10,original_CAEM_2024_actual_2025_forecast,government_external_debt,Government external debt / GDP,percent GDP,annual,2029,4.665094462108133,run_calculated,scenario_forecast,CAEM.xlsb / native formula export,6a. SEI,R33,original_CAEM_formula_graph_and_HPP_HPF; corrected_per_year_two_residual_solver,FR01,,[],associated_model_indicator,source-defined; see source formula,false,,Associated model indicator; not proof of a direct FR atom.,formula_calculated
ministry_caem,oil_plus10,original_CAEM_2024_actual_2025_forecast,government_total_debt,Total government debt / GDP,percent GDP,annual,2029,7.775157436846887,run_calculated,scenario_forecast,CAEM.xlsb / native formula export,6a. SEI,R34,original_CAEM_formula_graph_and_HPP_HPF; corrected_per_year_two_residual_solver,FR01,,[],associated_model_indicator,source-defined; see source formula,false,,Associated model indicator; not proof of a direct FR atom.,formula_calculated
ministry_caem,oil_plus10,original_CAEM_2024_actual_2025_forecast,current_account,Current account / GDP,percent GDP,annual,2029,-11.6536741847293,run_calculated,scenario_forecast,CAEM.xlsb / native formula export,6a. SEI,R37,original_CAEM_formula_graph_and_HPP_HPF; corrected_per_year_two_residual_solver,FR12,,[],associated_model_indicator,source-defined; see source formula,false,,Associated model indicator; not proof of a direct FR atom.,formula_calculated
ministry_caem,oil_plus10,original_CAEM_2024_actual_2025_forecast,net_fdi,Net FDI / GDP,percent GDP,annual,2029,0.9671662711120986,run_calculated,scenario_forecast,CAEM.xlsb / native formula export,6a. SEI,R38,original_CAEM_formula_graph_and_HPP_HPF; corrected_per_year_two_residual_solver,FR12,,[],associated_model_indicator,source-defined; see source formula,false,,Associated model indicator; not proof of a direct FR atom.,formula_calculated
ministry_caem,oil_plus10,original_CAEM_2024_actual_2025_forecast,portfolio_other_investment,Portfolio and other investment / GDP,percent GDP,annual,2029,0.24834821286962935,run_calculated,scenario_forecast,CAEM.xlsb / native formula export,6a. SEI,R39,original_CAEM_formula_graph_and_HPP_HPF; corrected_per_year_two_residual_solver,FR12,,[],associated_model_indicator,source-defined; see source formula,false,,Associated model indicator; not proof of a direct FR atom.,formula_calculated
ministry_caem,oil_plus10,original_CAEM_2024_actual_2025_forecast,reserves_ratio,Reserves / GDP,percent GDP,annual,2029,-28.451690899796063,run_calculated,scenario_forecast,CAEM.xlsb / native formula export,6a. SEI,R40,original_CAEM_formula_graph_and_HPP_HPF; corrected_per_year_two_residual_solver,FR12,,[],associated_model_indicator,source-defined; see source formula,false,,Associated model indicator; not proof of a direct FR atom.,formula_calculated
ministry_caem,oil_plus10,original_CAEM_2024_actual_2025_forecast,reserves_broad_money,Reserves / broad money,percent,annual,2029,-79.84835367684758,run_calculated,scenario_forecast,CAEM.xlsb / native formula export,6a. SEI,R41,original_CAEM_formula_graph_and_HPP_HPF; corrected_per_year_two_residual_solver,FR12,,[],associated_model_indicator,source-defined; see source formula,false,,Associated model indicator; not proof of a direct FR atom.,formula_calculated
ministry_caem,oil_plus10,original_CAEM_2024_actual_2025_forecast,net_iip,Net international investment position / GDP,percent GDP,annual,2029,,unavailable_source_non_numeric,scenario_forecast,CAEM.xlsb / native formula export,6a. SEI,R42,original_CAEM_formula_graph_and_HPP_HPF; corrected_per_year_two_residual_solver,FR12, ,[],associated_model_indicator,source-defined; see source formula,false,,Associated model indicator; not proof of a direct FR atom.,original_literal
ministry_caem,oil_plus10,original_CAEM_2024_actual_2025_forecast,external_debt,External debt / GDP,percent GDP,annual,2029,32.129745379812015,run_calculated,scenario_forecast,CAEM.xlsb / native formula export,6a. SEI,R43,original_CAEM_formula_graph_and_HPP_HPF; corrected_per_year_two_residual_solver,FR12,,[],associated_model_indicator,source-defined; see source formula,false,,Associated model indicator; not proof of a direct FR atom.,formula_calculated
ministry_caem,oil_plus10,original_CAEM_2024_actual_2025_forecast,saving_investment,Savings-investment balance / GDP,percent GDP,annual,2029,-11.784864297757036,run_calculated,scenario_forecast,CAEM.xlsb / native formula export,6a. SEI,R46,original_CAEM_formula_graph_and_HPP_HPF; corrected_per_year_two_residual_solver,FR12,,[],associated_model_indicator,source-defined; see source formula,false,,Associated model indicator; not proof of a direct FR atom.,formula_calculated
ministry_caem,oil_plus10,original_CAEM_2024_actual_2025_forecast,monetary_nfa,Monetary net foreign assets / GDP,percent GDP,annual,2029,-2.2763655592596863,run_calculated,scenario_forecast,CAEM.xlsb / native formula export,6a. SEI,R52,original_CAEM_formula_graph_and_HPP_HPF; corrected_per_year_two_residual_solver,FR12,,[],associated_model_indicator,source-defined; see source formula,false,,Associated model indicator; not proof of a direct FR atom.,formula_calculated
ministry_caem,oil_plus10,original_CAEM_2024_actual_2025_forecast,monetary_nda,Monetary net domestic assets / GDP,percent GDP,annual,2029,38.82844650304133,run_calculated,scenario_forecast,CAEM.xlsb / native formula export,6a. SEI,R53,original_CAEM_formula_graph_and_HPP_HPF; corrected_per_year_two_residual_solver,FR12,,[],associated_model_indicator,source-defined; see source formula,false,,Associated model indicator; not proof of a direct FR atom.,formula_calculated
ministry_caem,oil_plus10,original_CAEM_2024_actual_2025_forecast,private_credit_ratio,Private sector credit / GDP,percent GDP,annual,2029,39.297755167932735,run_calculated,scenario_forecast,CAEM.xlsb / native formula export,6a. SEI,R55,original_CAEM_formula_graph_and_HPP_HPF; corrected_per_year_two_residual_solver,FR01,,[],associated_model_indicator,source-defined; see source formula,false,,Associated model indicator; not proof of a direct FR atom.,formula_calculated
ministry_caem,oil_plus10,original_CAEM_2024_actual_2025_forecast,broad_money_ratio,Broad money / GDP,percent GDP,annual,2029,35.632157195052805,run_calculated,scenario_forecast,CAEM.xlsb / native formula export,6a. SEI,R57,original_CAEM_formula_graph_and_HPP_HPF; corrected_per_year_two_residual_solver,FR01,,[],associated_model_indicator,source-defined; see source formula,false,,Associated model indicator; not proof of a direct FR atom.,formula_calculated
ministry_caem,oil_plus10,original_CAEM_2024_actual_2025_forecast,gdp_nom,"Core-framework nominal GDP at market prices, expenditure account",mln AZN,annual,2014,59014.09999999999,run_calculated,legacy_historical_input,CAEM.xlsb / native formula export,5a.  GDP Nominal + (S+I),D24,"exact native sheet output, year header independently checked",FR01,,"[""FR1""]",direct_original_output_atom,current market GDP,false,ministry_caem:source:5a.  GDP Nominal + (S+I):row24,Exact original row now exported by the actual CAEM engine; source unit/header caveats preserved.,formula_calculated
ministry_caem,oil_plus10,original_CAEM_2024_actual_2025_forecast,gdp_nom,"Core-framework nominal GDP at market prices, expenditure account",mln AZN,annual,2015,54380.0,run_calculated,legacy_historical_input,CAEM.xlsb / native formula export,5a.  GDP Nominal + (S+I),E24,"exact native sheet output, year header independently checked",FR01,,"[""FR1""]",direct_original_output_atom,current market GDP,false,ministry_caem:source:5a.  GDP Nominal + (S+I):row24,Exact original row now exported by the actual CAEM engine; source unit/header caveats preserved.,formula_calculated
ministry_caem,oil_plus10,original_CAEM_2024_actual_2025_forecast,gdp_nom,"Core-framework nominal GDP at market prices, expenditure account",mln AZN,annual,2016,60425.200000000004,run_calculated,legacy_historical_input,CAEM.xlsb / native formula export,5a.  GDP Nominal + (S+I),F24,"exact native sheet output, year header independently checked",FR01,,"[""FR1""]",direct_original_output_atom,current market GDP,false,ministry_caem:source:5a.  GDP Nominal + (S+I):row24,Exact original row now exported by the actual CAEM engine; source unit/header caveats preserved.,formula_calculated
ministry_caem,oil_plus10,original_CAEM_2024_actual_2025_forecast,gdp_nom,"Core-framework nominal GDP at market prices, expenditure account",mln AZN,annual,2017,70337.79999999999,run_calculated,legacy_historical_input,CAEM.xlsb / native formula export,5a.  GDP Nominal + (S+I),G24,"exact native sheet output, year header independently checked",FR01,,"[""FR1""]",direct_original_output_atom,current market GDP,false,ministry_caem:source:5a.  GDP Nominal + (S+I):row24,Exact original row now exported by the actual CAEM engine; source unit/header caveats preserved.,formula_calculated
ministry_caem,oil_plus10,original_CAEM_2024_actual_2025_forecast,gdp_nom,"Core-framework nominal GDP at market prices, expenditure account",mln AZN,annual,2018,80092.00000000001,run_calculated,legacy_historical_input,CAEM.xlsb / native formula export,5a.  GDP Nominal + (S+I),H24,"exact native sheet output, year header independently checked",FR01,,"[""FR1""]",direct_original_output_atom,current market GDP,false,ministry_caem:source:5a.  GDP Nominal + (S+I):row24,Exact original row now exported by the actual CAEM engine; source unit/header caveats preserved.,formula_calculated
ministry_caem,oil_plus10,original_CAEM_2024_actual_2025_forecast,gdp_nom,"Core-framework nominal GDP at market prices, expenditure account",mln AZN,annual,2019,81896.2,run_calculated,legacy_historical_input,CAEM.xlsb / native formula export,5a.  GDP Nominal + (S+I),I24,"exact native sheet output, year header independently checked",FR01,,"[""FR1""]",direct_original_output_atom,current market GDP,false,ministry_caem:source:5a.  GDP Nominal + (S+I):row24,Exact original row now exported by the actual CAEM engine; source unit/header caveats preserved.,formula_calculated
ministry_caem,oil_plus10,original_CAEM_2024_actual_2025_forecast,gdp_nom,"Core-framework nominal GDP at market prices, expenditure account",mln AZN,annual,2020,72578.1,run_calculated,legacy_historical_input,CAEM.xlsb / native formula export,5a.  GDP Nominal + (S+I),J24,"exact native sheet output, year header independently checked",FR01,,"[""FR1""]",direct_original_output_atom,current market GDP,false,ministry_caem:source:5a.  GDP Nominal + (S+I):row24,Exact original row now exported by the actual CAEM engine; source unit/header caveats preserved.,formula_calculated
ministry_caem,oil_plus10,original_CAEM_2024_actual_2025_forecast,gdp_nom,"Core-framework nominal GDP at market prices, expenditure account",mln AZN,annual,2021,93203.2,run_calculated,legacy_historical_input,CAEM.xlsb / native formula export,5a.  GDP Nominal + (S+I),K24,"exact native sheet output, year header independently checked",FR01,,"[""FR1""]",direct_original_output_atom,current market GDP,false,ministry_caem:source:5a.  GDP Nominal + (S+I):row24,Exact original row now exported by the actual CAEM engine; source unit/header caveats preserved.,formula_calculated
ministry_caem,oil_plus10,original_CAEM_2024_actual_2025_forecast,gdp_nom,"Core-framework nominal GDP at market prices, expenditure account",mln AZN,annual,2022,133972.7,run_calculated,legacy_historical_input,CAEM.xlsb / native formula export,5a.  GDP Nominal + (S+I),L24,"exact native sheet output, year header independently checked",FR01,,"[""FR1""]",direct_original_output_atom,current market GDP,false,ministry_caem:source:5a.  GDP Nominal + (S+I):row24,Exact original row now exported by the actual CAEM engine; source unit/header caveats preserved.,formula_calculated
ministry_caem,oil_plus10,original_CAEM_2024_actual_2025_forecast,gdp_nom,"Core-framework nominal GDP at market prices, expenditure account",mln AZN,annual,2023,123128.4,run_calculated,legacy_historical_input,CAEM.xlsb / native formula export,5a.  GDP Nominal + (S+I),M24,"exact native sheet output, year header independently checked",FR01,,"[""FR1""]",direct_original_output_atom,current market GDP,false,ministry_caem:source:5a.  GDP Nominal + (S+I):row24,Exact original row now exported by the actual CAEM engine; source unit/header caveats preserved.,formula_calculated
ministry_caem,oil_plus10,original_CAEM_2024_actual_2025_forecast,gdp_nom,"Core-framework nominal GDP at market prices, expenditure account",mln AZN,annual,2024,126337.0,run_calculated,legacy_historical_input,CAEM.xlsb / native formula export,5a.  GDP Nominal + (S+I),N24,"exact native sheet output, year header independently checked",FR01,,"[""FR1""]",direct_original_output_atom,current market GDP,false,ministry_caem:source:5a.  GDP Nominal + (S+I):row24,Exact original row now exported by the actual CAEM engine; source unit/header caveats preserved.,formula_calculated
ministry_caem,oil_plus10,original_CAEM_2024_actual_2025_forecast,gdp_nom,"Core-framework nominal GDP at market prices, expenditure account",mln AZN,annual,2025,131078.15014800825,run_calculated,scenario_forecast,CAEM.xlsb / native formula export,5a.  GDP Nominal + (S+I),O24,"exact native sheet output, year header independently checked",FR01,,"[""FR1""]",direct_original_output_atom,current market GDP,false,ministry_caem:source:5a.  GDP Nominal + (S+I):row24,Exact original row now exported by the actual CAEM engine; source unit/header caveats preserved.,formula_calculated
ministry_caem,oil_plus10,original_CAEM_2024_actual_2025_forecast,gdp_nom,"Core-framework nominal GDP at market prices, expenditure account",mln AZN,annual,2026,135712.9900956744,run_calculated,scenario_forecast,CAEM.xlsb / native formula export,5a.  GDP Nominal + (S+I),P24,"exact native sheet output, year header independently checked",FR01,,"[""FR1""]",direct_original_output_atom,current market GDP,false,ministry_caem:source:5a.  GDP Nominal + (S+I):row24,Exact original row now exported by the actual CAEM engine; source unit/header caveats preserved.,formula_calculated
ministry_caem,oil_plus10,original_CAEM_2024_actual_2025_forecast,gdp_nom,"Core-framework nominal GDP at market prices, expenditure account",mln AZN,annual,2027,144668.61129613794,run_calculated,scenario_forecast,CAEM.xlsb / native formula export,5a.  GDP Nominal + (S+I),Q24,"exact native sheet output, year header independently checked",FR01,,"[""FR1""]",direct_original_output_atom,current market GDP,false,ministry_caem:source:5a.  GDP Nominal + (S+I):row24,Exact original row now exported by the actual CAEM engine; source unit/header caveats preserved.,formula_calculated
ministry_caem,oil_plus10,original_CAEM_2024_actual_2025_forecast,gdp_nom,"Core-framework nominal GDP at market prices, expenditure account",mln AZN,annual,2028,153351.86376713685,run_calculated,scenario_forecast,CAEM.xlsb / native formula export,5a.  GDP Nominal + (S+I),R24,"exact native sheet output, year header independently checked",FR01,,"[""FR1""]",direct_original_output_atom,current market GDP,false,ministry_caem:source:5a.  GDP Nominal + (S+I):row24,Exact original row now exported by the actual CAEM engine; source unit/header caveats preserved.,formula_calculated
ministry_caem,oil_plus10,original_CAEM_2024_actual_2025_forecast,gdp_nom,"Core-framework nominal GDP at market prices, expenditure account",mln AZN,annual,2029,165059.24293290114,run_calculated,scenario_forecast,CAEM.xlsb / native formula export,5a.  GDP Nominal + (S+I),S24,"exact native sheet output, year header independently checked",FR01,,"[""FR1""]",direct_original_output_atom,current market GDP,false,ministry_caem:source:5a.  GDP Nominal + (S+I):row24,Exact original row now exported by the actual CAEM engine; source unit/header caveats preserved.,formula_calculated
ministry_caem,oil_plus10,original_CAEM_2024_actual_2025_forecast,gdp_nom_production_source,Original bottom-up production-book nominal GDP (distinct source output),mln AZN,annual,2014,59014.100000000006,run_calculated,legacy_historical_input,CAEM.xlsb / native formula export,1a. Real GDP - Production,H85,"exact native sheet output, year header independently checked",FR01,,"[""FR1""]",auxiliary_original_production_diagnostic,current market GDP,false,ministry_caem:source:1a. Real GDP - Production:row85,Exact original row now exported by the actual CAEM engine; source unit/header caveats preserved.,formula_calculated
ministry_caem,oil_plus10,original_CAEM_2024_actual_2025_forecast,gdp_nom_production_source,Original bottom-up production-book nominal GDP (distinct source output),mln AZN,annual,2015,54380.04,run_calculated,legacy_historical_input,CAEM.xlsb / native formula export,1a. Real GDP - Production,I85,"exact native sheet output, year header independently checked",FR01,,"[""FR1""]",auxiliary_original_production_diagnostic,current market GDP,false,ministry_caem:source:1a. Real GDP - Production:row85,Exact original row now exported by the actual CAEM engine; source unit/header caveats preserved.,formula_calculated
ministry_caem,oil_plus10,original_CAEM_2024_actual_2025_forecast,gdp_nom_production_source,Original bottom-up production-book nominal GDP (distinct source output),mln AZN,annual,2016,60425.22,run_calculated,legacy_historical_input,CAEM.xlsb / native formula export,1a. Real GDP - Production,J85,"exact native sheet output, year header independently checked",FR01,,"[""FR1""]",auxiliary_original_production_diagnostic,current market GDP,false,ministry_caem:source:1a. Real GDP - Production:row85,Exact original row now exported by the actual CAEM engine; source unit/header caveats preserved.,formula_calculated
ministry_caem,oil_plus10,original_CAEM_2024_actual_2025_forecast,gdp_nom_production_source,Original bottom-up production-book nominal GDP (distinct source output),mln AZN,annual,2017,70337.795,run_calculated,legacy_historical_input,CAEM.xlsb / native formula export,1a. Real GDP - Production,K85,"exact native sheet output, year header independently checked",FR01,,"[""FR1""]",auxiliary_original_production_diagnostic,current market GDP,false,ministry_caem:source:1a. Real GDP - Production:row85,Exact original row now exported by the actual CAEM engine; source unit/header caveats preserved.,formula_calculated
ministry_caem,oil_plus10,original_CAEM_2024_actual_2025_forecast,gdp_nom_production_source,Original bottom-up production-book nominal GDP (distinct source output),mln AZN,annual,2018,80091.93000000001,run_calculated,legacy_historical_input,CAEM.xlsb / native formula export,1a. Real GDP - Production,L85,"exact native sheet output, year header independently checked",FR01,,"[""FR1""]",auxiliary_original_production_diagnostic,current market GDP,false,ministry_caem:source:1a. Real GDP - Production:row85,Exact original row now exported by the actual CAEM engine; source unit/header caveats preserved.,formula_calculated
ministry_caem,oil_plus10,original_CAEM_2024_actual_2025_forecast,gdp_nom_production_source,Original bottom-up production-book nominal GDP (distinct source output),mln AZN,annual,2019,81896.15,run_calculated,legacy_historical_input,CAEM.xlsb / native formula export,1a. Real GDP - Production,M85,"exact native sheet output, year header independently checked",FR01,,"[""FR1""]",auxiliary_original_production_diagnostic,current market GDP,false,ministry_caem:source:1a. Real GDP - Production:row85,Exact original row now exported by the actual CAEM engine; source unit/header caveats preserved.,formula_calculated
ministry_caem,oil_plus10,original_CAEM_2024_actual_2025_forecast,gdp_nom_production_source,Original bottom-up production-book nominal GDP (distinct source output),mln AZN,annual,2020,72578.10999999999,run_calculated,legacy_historical_input,CAEM.xlsb / native formula export,1a. Real GDP - Production,N85,"exact native sheet output, year header independently checked",FR01,,"[""FR1""]",auxiliary_original_production_diagnostic,current market GDP,false,ministry_caem:source:1a. Real GDP - Production:row85,Exact original row now exported by the actual CAEM engine; source unit/header caveats preserved.,formula_calculated
ministry_caem,oil_plus10,original_CAEM_2024_actual_2025_forecast,gdp_nom_production_source,Original bottom-up production-book nominal GDP (distinct source output),mln AZN,annual,2021,93203.31,run_calculated,legacy_historical_input,CAEM.xlsb / native formula export,1a. Real GDP - Production,O85,"exact native sheet output, year header independently checked",FR01,,"[""FR1""]",auxiliary_original_production_diagnostic,current market GDP,false,ministry_caem:source:1a. Real GDP - Production:row85,Exact original row now exported by the actual CAEM engine; source unit/header caveats preserved.,formula_calculated
ministry_caem,oil_plus10,original_CAEM_2024_actual_2025_forecast,gdp_nom_production_source,Original bottom-up production-book nominal GDP (distinct source output),mln AZN,annual,2022,133972.7,run_calculated,legacy_historical_input,CAEM.xlsb / native formula export,1a. Real GDP - Production,P85,"exact native sheet output, year header independently checked",FR01,,"[""FR1""]",auxiliary_original_production_diagnostic,current market GDP,false,ministry_caem:source:1a. Real GDP - Production:row85,Exact original row now exported by the actual CAEM engine; source unit/header caveats preserved.,formula_calculated
ministry_caem,oil_plus10,original_CAEM_2024_actual_2025_forecast,gdp_nom_production_source,Original bottom-up production-book nominal GDP (distinct source output),mln AZN,annual,2023,123128.40000000001,run_calculated,legacy_historical_input,CAEM.xlsb / native formula export,1a. Real GDP - Production,Q85,"exact native sheet output, year header independently checked",FR01,,"[""FR1""]",auxiliary_original_production_diagnostic,current market GDP,false,ministry_caem:source:1a. Real GDP - Production:row85,Exact original row now exported by the actual CAEM engine; source unit/header caveats preserved.,formula_calculated
ministry_caem,oil_plus10,original_CAEM_2024_actual_2025_forecast,gdp_nom_production_source,Original bottom-up production-book nominal GDP (distinct source output),mln AZN,annual,2024,126337.0,run_calculated,legacy_historical_input,CAEM.xlsb / native formula export,1a. Real GDP - Production,R85,"exact native sheet output, year header independently checked",FR01,,"[""FR1""]",auxiliary_original_production_diagnostic,current market GDP,false,ministry_caem:source:1a. Real GDP - Production:row85,Exact original row now exported by the actual CAEM engine; source unit/header caveats preserved.,formula_calculated
ministry_caem,oil_plus10,original_CAEM_2024_actual_2025_forecast,gdp_nom_production_source,Original bottom-up production-book nominal GDP (distinct source output),mln AZN,annual,2025,131232.46405446038,run_calculated,scenario_forecast,CAEM.xlsb / native formula export,1a. Real GDP - Production,S85,"exact native sheet output, year header independently checked",FR01,,"[""FR1""]",auxiliary_original_production_diagnostic,current market GDP,false,ministry_caem:source:1a. Real GDP - Production:row85,Exact original row now exported by the actual CAEM engine; source unit/header caveats preserved.,formula_calculated
ministry_caem,oil_plus10,original_CAEM_2024_actual_2025_forecast,gdp_nom_production_source,Original bottom-up production-book nominal GDP (distinct source output),mln AZN,annual,2026,134940.0649547648,run_calculated,scenario_forecast,CAEM.xlsb / native formula export,1a. Real GDP - Production,T85,"exact native sheet output, year header independently checked",FR01,,"[""FR1""]",auxiliary_original_production_diagnostic,current market GDP,false,ministry_caem:source:1a. Real GDP - Production:row85,Exact original row now exported by the actual CAEM engine; source unit/header caveats preserved.,formula_calculated
ministry_caem,oil_plus10,original_CAEM_2024_actual_2025_forecast,gdp_nom_production_source,Original bottom-up production-book nominal GDP (distinct source output),mln AZN,annual,2027,142370.54051517052,run_calculated,scenario_forecast,CAEM.xlsb / native formula export,1a. Real GDP - Production,U85,"exact native sheet output, year header independently checked",FR01,,"[""FR1""]",auxiliary_original_production_diagnostic,current market GDP,false,ministry_caem:source:1a. Real GDP - Production:row85,Exact original row now exported by the actual CAEM engine; source unit/header caveats preserved.,formula_calculated
ministry_caem,oil_plus10,original_CAEM_2024_actual_2025_forecast,gdp_nom_production_source,Original bottom-up production-book nominal GDP (distinct source output),mln AZN,annual,2028,150084.9060403184,run_calculated,scenario_forecast,CAEM.xlsb / native formula export,1a. Real GDP - Production,V85,"exact native sheet output, year header independently checked",FR01,,"[""FR1""]",auxiliary_original_production_diagnostic,current market GDP,false,ministry_caem:source:1a. Real GDP - Production:row85,Exact original row now exported by the actual CAEM engine; source unit/header caveats preserved.,formula_calculated
ministry_caem,oil_plus10,original_CAEM_2024_actual_2025_forecast,gdp_nom_production_source,Original bottom-up production-book nominal GDP (distinct source output),mln AZN,annual,2029,161032.58197957627,run_calculated,scenario_forecast,CAEM.xlsb / native formula export,1a. Real GDP - Production,W85,"exact native sheet output, year header independently checked",FR01,,"[""FR1""]",auxiliary_original_production_diagnostic,current market GDP,false,ministry_caem:source:1a. Real GDP - Production:row85,Exact original row now exported by the actual CAEM engine; source unit/header caveats preserved.,formula_calculated
ministry_caem,oil_plus10,original_CAEM_2024_actual_2025_forecast,nonoil_gdp_nom,"Non-oil GDP production-book output, source CAEM coverage",mln AZN,annual,2014,36189.2,run_calculated,legacy_historical_input,CAEM.xlsb / native formula export,1a. Real GDP - Production,H86,"exact native sheet output, year header independently checked",FR01,,[],associated_model_indicator,source-defined; see source formula,false,,Associated model indicator; not proof of a direct FR atom.,formula_calculated
ministry_caem,oil_plus10,original_CAEM_2024_actual_2025_forecast,nonoil_gdp_nom,"Non-oil GDP production-book output, source CAEM coverage",mln AZN,annual,2015,37920.44,run_calculated,legacy_historical_input,CAEM.xlsb / native formula export,1a. Real GDP - Production,I86,"exact native sheet output, year header independently checked",FR01,,[],associated_model_indicator,source-defined; see source formula,false,,Associated model indicator; not proof of a direct FR atom.,formula_calculated
ministry_caem,oil_plus10,original_CAEM_2024_actual_2025_forecast,nonoil_gdp_nom,"Non-oil GDP production-book output, source CAEM coverage",mln AZN,annual,2016,39975.780000000006,run_calculated,legacy_historical_input,CAEM.xlsb / native formula export,1a. Real GDP - Production,J86,"exact native sheet output, year header independently checked",FR01,,[],associated_model_indicator,source-defined; see source formula,false,,Associated model indicator; not proof of a direct FR atom.,formula_calculated
ministry_caem,oil_plus10,original_CAEM_2024_actual_2025_forecast,nonoil_gdp_nom,"Non-oil GDP production-book output, source CAEM coverage",mln AZN,annual,2017,44311.795000000006,run_calculated,legacy_historical_input,CAEM.xlsb / native formula export,1a. Real GDP - Production,K86,"exact native sheet output, year header independently checked",FR01,,[],associated_model_indicator,source-defined; see source formula,false,,Associated model indicator; not proof of a direct FR atom.,formula_calculated
ministry_caem,oil_plus10,original_CAEM_2024_actual_2025_forecast,nonoil_gdp_nom,"Non-oil GDP production-book output, source CAEM coverage",mln AZN,annual,2018,46702.53999999999,run_calculated,legacy_historical_input,CAEM.xlsb / native formula export,1a. Real GDP - Production,L86,"exact native sheet output, year header independently checked",FR01,,[],associated_model_indicator,source-defined; see source formula,false,,Associated model indicator; not proof of a direct FR atom.,formula_calculated
ministry_caem,oil_plus10,original_CAEM_2024_actual_2025_forecast,nonoil_gdp_nom,"Non-oil GDP production-book output, source CAEM coverage",mln AZN,annual,2019,50650.17999999999,run_calculated,legacy_historical_input,CAEM.xlsb / native formula export,1a. Real GDP - Production,M86,"exact native sheet output, year header independently checked",FR01,,[],associated_model_indicator,source-defined; see source formula,false,,Associated model indicator; not proof of a direct FR atom.,formula_calculated
ministry_caem,oil_plus10,original_CAEM_2024_actual_2025_forecast,nonoil_gdp_nom,"Non-oil GDP production-book output, source CAEM coverage",mln AZN,annual,2020,51131.520000000004,run_calculated,legacy_historical_input,CAEM.xlsb / native formula export,1a. Real GDP - Production,N86,"exact native sheet output, year header independently checked",FR01,,[],associated_model_indicator,source-defined; see source formula,false,,Associated model indicator; not proof of a direct FR atom.,formula_calculated
ministry_caem,oil_plus10,original_CAEM_2024_actual_2025_forecast,nonoil_gdp_nom,"Non-oil GDP production-book output, source CAEM coverage",mln AZN,annual,2021,57432.61,run_calculated,legacy_historical_input,CAEM.xlsb / native formula export,1a. Real GDP - Production,O86,"exact native sheet output, year header independently checked",FR01,,[],associated_model_indicator,source-defined; see source formula,false,,Associated model indicator; not proof of a direct FR atom.,formula_calculated
ministry_caem,oil_plus10,original_CAEM_2024_actual_2025_forecast,nonoil_gdp_nom,"Non-oil GDP production-book output, source CAEM coverage",mln AZN,annual,2022,69764.08,run_calculated,legacy_historical_input,CAEM.xlsb / native formula export,1a. Real GDP - Production,P86,"exact native sheet output, year header independently checked",FR01,,[],associated_model_indicator,source-defined; see source formula,false,,Associated model indicator; not proof of a direct FR atom.,formula_calculated
ministry_caem,oil_plus10,original_CAEM_2024_actual_2025_forecast,nonoil_gdp_nom,"Non-oil GDP production-book output, source CAEM coverage",mln AZN,annual,2023,78990.3,run_calculated,legacy_historical_input,CAEM.xlsb / native formula export,1a. Real GDP - Production,Q86,"exact native sheet output, year header independently checked",FR01,,[],associated_model_indicator,source-defined; see source formula,false,,Associated model indicator; not proof of a direct FR atom.,formula_calculated
ministry_caem,oil_plus10,original_CAEM_2024_actual_2025_forecast,nonoil_gdp_nom,"Non-oil GDP production-book output, source CAEM coverage",mln AZN,annual,2024,85712.40000000001,run_calculated,legacy_historical_input,CAEM.xlsb / native formula export,1a. Real GDP - Production,R86,"exact native sheet output, year header independently checked",FR01,,[],associated_model_indicator,source-defined; see source formula,false,,Associated model indicator; not proof of a direct FR atom.,formula_calculated
ministry_caem,oil_plus10,original_CAEM_2024_actual_2025_forecast,nonoil_gdp_nom,"Non-oil GDP production-book output, source CAEM coverage",mln AZN,annual,2025,92899.49364941928,run_calculated,scenario_forecast,CAEM.xlsb / native formula export,1a. Real GDP - Production,S86,"exact native sheet output, year header independently checked",FR01,,[],associated_model_indicator,source-defined; see source formula,false,,Associated model indicator; not proof of a direct FR atom.,formula_calculated
ministry_caem,oil_plus10,original_CAEM_2024_actual_2025_forecast,nonoil_gdp_nom,"Non-oil GDP production-book output, source CAEM coverage",mln AZN,annual,2026,100795.52299154413,run_calculated,scenario_forecast,CAEM.xlsb / native formula export,1a. Real GDP - Production,T86,"exact native sheet output, year header independently checked",FR01,,[],associated_model_indicator,source-defined; see source formula,false,,Associated model indicator; not proof of a direct FR atom.,formula_calculated
ministry_caem,oil_plus10,original_CAEM_2024_actual_2025_forecast,nonoil_gdp_nom,"Non-oil GDP production-book output, source CAEM coverage",mln AZN,annual,2027,108826.46197212275,run_calculated,scenario_forecast,CAEM.xlsb / native formula export,1a. Real GDP - Production,U86,"exact native sheet output, year header independently checked",FR01,,[],associated_model_indicator,source-defined; see source formula,false,,Associated model indicator; not proof of a direct FR atom.,formula_calculated
ministry_caem,oil_plus10,original_CAEM_2024_actual_2025_forecast,nonoil_gdp_nom,"Non-oil GDP production-book output, source CAEM coverage",mln AZN,annual,2028,117667.28995266964,run_calculated,scenario_forecast,CAEM.xlsb / native formula export,1a. Real GDP - Production,V86,"exact native sheet output, year header independently checked",FR01,,[],associated_model_indicator,source-defined; see source formula,false,,Associated model indicator; not proof of a direct FR atom.,formula_calculated
ministry_caem,oil_plus10,original_CAEM_2024_actual_2025_forecast,nonoil_gdp_nom,"Non-oil GDP production-book output, source CAEM coverage",mln AZN,annual,2029,126963.50539945865,run_calculated,scenario_forecast,CAEM.xlsb / native formula export,1a. Real GDP - Production,W86,"exact native sheet output, year header independently checked",FR01,,[],associated_model_indicator,source-defined; see source formula,false,,Associated model indicator; not proof of a direct FR atom.,formula_calculated
ministry_caem,oil_plus10,original_CAEM_2024_actual_2025_forecast,nonoil_gdp_growth,"Real non-oil GDP growth, source CAEM coverage",percent,annual,2014,,unavailable_source_blank,legacy_historical_input,CAEM.xlsb / native formula export,1a. Real GDP - Production,H13,"exact native sheet output, year header independently checked",FR01,,[],associated_model_indicator,source-defined; see source formula,false,,Associated model indicator; not proof of a direct FR atom.,original_literal
ministry_caem,oil_plus10,original_CAEM_2024_actual_2025_forecast,nonoil_gdp_growth,"Real non-oil GDP growth, source CAEM coverage",percent,annual,2015,1.0999999999999899,run_calculated,legacy_historical_input,CAEM.xlsb / native formula export,1a. Real GDP - Production,I13,"exact native sheet output, year header independently checked",FR01,,[],associated_model_indicator,source-defined; see source formula,false,,Associated model indicator; not proof of a direct FR atom.,formula_calculated
ministry_caem,oil_plus10,original_CAEM_2024_actual_2025_forecast,nonoil_gdp_growth,"Real non-oil GDP growth, source CAEM coverage",percent,annual,2016,-4.5000000000000036,run_calculated,legacy_historical_input,CAEM.xlsb / native formula export,1a. Real GDP - Production,J13,"exact native sheet output, year header independently checked",FR01,,[],associated_model_indicator,source-defined; see source formula,false,,Associated model indicator; not proof of a direct FR atom.,formula_calculated
ministry_caem,oil_plus10,original_CAEM_2024_actual_2025_forecast,nonoil_gdp_growth,"Real non-oil GDP growth, source CAEM coverage",percent,annual,2017,2.8000000000000025,run_calculated,legacy_historical_input,CAEM.xlsb / native formula export,1a. Real GDP - Production,K13,"exact native sheet output, year header independently checked",FR01,,[],associated_model_indicator,source-defined; see source formula,false,,Associated model indicator; not proof of a direct FR atom.,formula_calculated
ministry_caem,oil_plus10,original_CAEM_2024_actual_2025_forecast,nonoil_gdp_growth,"Real non-oil GDP growth, source CAEM coverage",percent,annual,2018,2.0000000000000018,run_calculated,legacy_historical_input,CAEM.xlsb / native formula export,1a. Real GDP - Production,L13,"exact native sheet output, year header independently checked",FR01,,[],associated_model_indicator,source-defined; see source formula,false,,Associated model indicator; not proof of a direct FR atom.,formula_calculated
ministry_caem,oil_plus10,original_CAEM_2024_actual_2025_forecast,nonoil_gdp_growth,"Real non-oil GDP growth, source CAEM coverage",percent,annual,2019,4.0000000000000036,run_calculated,legacy_historical_input,CAEM.xlsb / native formula export,1a. Real GDP - Production,M13,"exact native sheet output, year header independently checked",FR01,,[],associated_model_indicator,source-defined; see source formula,false,,Associated model indicator; not proof of a direct FR atom.,formula_calculated
ministry_caem,oil_plus10,original_CAEM_2024_actual_2025_forecast,nonoil_gdp_growth,"Real non-oil GDP growth, source CAEM coverage",percent,annual,2020,-2.9000000000000026,run_calculated,legacy_historical_input,CAEM.xlsb / native formula export,1a. Real GDP - Production,N13,"exact native sheet output, year header independently checked",FR01,,[],associated_model_indicator,source-defined; see source formula,false,,Associated model indicator; not proof of a direct FR atom.,formula_calculated
ministry_caem,oil_plus10,original_CAEM_2024_actual_2025_forecast,nonoil_gdp_growth,"Real non-oil GDP growth, source CAEM coverage",percent,annual,2021,7.099999999999995,run_calculated,legacy_historical_input,CAEM.xlsb / native formula export,1a. Real GDP - Production,O13,"exact native sheet output, year header independently checked",FR01,,[],associated_model_indicator,source-defined; see source formula,false,,Associated model indicator; not proof of a direct FR atom.,formula_calculated
ministry_caem,oil_plus10,original_CAEM_2024_actual_2025_forecast,nonoil_gdp_growth,"Real non-oil GDP growth, source CAEM coverage",percent,annual,2022,9.09999999999993,run_calculated,legacy_historical_input,CAEM.xlsb / native formula export,1a. Real GDP - Production,P13,"exact native sheet output, year header independently checked",FR01,,[],associated_model_indicator,source-defined; see source formula,false,,Associated model indicator; not proof of a direct FR atom.,formula_calculated
ministry_caem,oil_plus10,original_CAEM_2024_actual_2025_forecast,nonoil_gdp_growth,"Real non-oil GDP growth, source CAEM coverage",percent,annual,2023,4.499999999999993,run_calculated,legacy_historical_input,CAEM.xlsb / native formula export,1a. Real GDP - Production,Q13,"exact native sheet output, year header independently checked",FR01,,[],associated_model_indicator,source-defined; see source formula,false,,Associated model indicator; not proof of a direct FR atom.,formula_calculated
ministry_caem,oil_plus10,original_CAEM_2024_actual_2025_forecast,nonoil_gdp_growth,"Real non-oil GDP growth, source CAEM coverage",percent,annual,2024,6.2000000000000055,run_calculated,legacy_historical_input,CAEM.xlsb / native formula export,1a. Real GDP - Production,R13,"exact native sheet output, year header independently checked",FR01,,[],associated_model_indicator,source-defined; see source formula,false,,Associated model indicator; not proof of a direct FR atom.,formula_calculated
ministry_caem,oil_plus10,original_CAEM_2024_actual_2025_forecast,nonoil_gdp_growth,"Real non-oil GDP growth, source CAEM coverage",percent,annual,2025,4.552211631415787,run_calculated,scenario_forecast,CAEM.xlsb / native formula export,1a. Real GDP - Production,S13,"exact native sheet output, year header independently checked",FR01,,[],associated_model_indicator,source-defined; see source formula,false,,Associated model indicator; not proof of a direct FR atom.,formula_calculated
ministry_caem,oil_plus10,original_CAEM_2024_actual_2025_forecast,nonoil_gdp_growth,"Real non-oil GDP growth, source CAEM coverage",percent,annual,2026,5.002073408188494,run_calculated,scenario_forecast,CAEM.xlsb / native formula export,1a. Real GDP - Production,T13,"exact native sheet output, year header independently checked",FR01,,[],associated_model_indicator,source-defined; see source formula,false,,Associated model indicator; not proof of a direct FR atom.,formula_calculated
ministry_caem,oil_plus10,original_CAEM_2024_actual_2025_forecast,nonoil_gdp_growth,"Real non-oil GDP growth, source CAEM coverage",percent,annual,2027,4.771425736098962,run_calculated,scenario_forecast,CAEM.xlsb / native formula export,1a. Real GDP - Production,U13,"exact native sheet output, year header independently checked",FR01,,[],associated_model_indicator,source-defined; see source formula,false,,Associated model indicator; not proof of a direct FR atom.,formula_calculated
ministry_caem,oil_plus10,original_CAEM_2024_actual_2025_forecast,nonoil_gdp_growth,"Real non-oil GDP growth, source CAEM coverage",percent,annual,2028,4.9814908121382615,run_calculated,scenario_forecast,CAEM.xlsb / native formula export,1a. Real GDP - Production,V13,"exact native sheet output, year header independently checked",FR01,,[],associated_model_indicator,source-defined; see source formula,false,,Associated model indicator; not proof of a direct FR atom.,formula_calculated
ministry_caem,oil_plus10,original_CAEM_2024_actual_2025_forecast,nonoil_gdp_growth,"Real non-oil GDP growth, source CAEM coverage",percent,annual,2029,4.884827887628603,run_calculated,scenario_forecast,CAEM.xlsb / native formula export,1a. Real GDP - Production,W13,"exact native sheet output, year header independently checked",FR01,,[],associated_model_indicator,source-defined; see source formula,false,,Associated model indicator; not proof of a direct FR atom.,formula_calculated
ministry_caem,oil_plus10,original_CAEM_2024_actual_2025_forecast,usd_annual_average,Annual-average AZN per USD,AZN/USD,annual,2014,0.7844,run_calculated,legacy_historical_input,CAEM.xlsb / native formula export,1b. Infl and Ex rates,D101,"exact native sheet output, year header independently checked",FR10,,"[""FR10""]",direct_original_output_atom,nominal bilateral annual-average AZN per USD,false,ministry_caem:source:1b. Infl and Ex rates:row101,Exact original row now exported by the actual CAEM engine; source unit/header caveats preserved.,formula_calculated
ministry_caem,oil_plus10,original_CAEM_2024_actual_2025_forecast,usd_annual_average,Annual-average AZN per USD,AZN/USD,annual,2015,1.0261,run_calculated,legacy_historical_input,CAEM.xlsb / native formula export,1b. Infl and Ex rates,E101,"exact native sheet output, year header independently checked",FR10,,"[""FR10""]",direct_original_output_atom,nominal bilateral annual-average AZN per USD,false,ministry_caem:source:1b. Infl and Ex rates:row101,Exact original row now exported by the actual CAEM engine; source unit/header caveats preserved.,formula_calculated
ministry_caem,oil_plus10,original_CAEM_2024_actual_2025_forecast,usd_annual_average,Annual-average AZN per USD,AZN/USD,annual,2016,1.5959,run_calculated,legacy_historical_input,CAEM.xlsb / native formula export,1b. Infl and Ex rates,F101,"exact native sheet output, year header independently checked",FR10,,"[""FR10""]",direct_original_output_atom,nominal bilateral annual-average AZN per USD,false,ministry_caem:source:1b. Infl and Ex rates:row101,Exact original row now exported by the actual CAEM engine; source unit/header caveats preserved.,formula_calculated
ministry_caem,oil_plus10,original_CAEM_2024_actual_2025_forecast,usd_annual_average,Annual-average AZN per USD,AZN/USD,annual,2017,1.7211,run_calculated,legacy_historical_input,CAEM.xlsb / native formula export,1b. Infl and Ex rates,G101,"exact native sheet output, year header independently checked",FR10,,"[""FR10""]",direct_original_output_atom,nominal bilateral annual-average AZN per USD,false,ministry_caem:source:1b. Infl and Ex rates:row101,Exact original row now exported by the actual CAEM engine; source unit/header caveats preserved.,formula_calculated
ministry_caem,oil_plus10,original_CAEM_2024_actual_2025_forecast,usd_annual_average,Annual-average AZN per USD,AZN/USD,annual,2018,1.7,run_calculated,legacy_historical_input,CAEM.xlsb / native formula export,1b. Infl and Ex rates,H101,"exact native sheet output, year header independently checked",FR10,,"[""FR10""]",direct_original_output_atom,nominal bilateral annual-average AZN per USD,false,ministry_caem:source:1b. Infl and Ex rates:row101,Exact original row now exported by the actual CAEM engine; source unit/header caveats preserved.,formula_calculated
ministry_caem,oil_plus10,original_CAEM_2024_actual_2025_forecast,usd_annual_average,Annual-average AZN per USD,AZN/USD,annual,2019,1.7,run_calculated,legacy_historical_input,CAEM.xlsb / native formula export,1b. Infl and Ex rates,I101,"exact native sheet output, year header independently checked",FR10,,"[""FR10""]",direct_original_output_atom,nominal bilateral annual-average AZN per USD,false,ministry_caem:source:1b. Infl and Ex rates:row101,Exact original row now exported by the actual CAEM engine; source unit/header caveats preserved.,formula_calculated
ministry_caem,oil_plus10,original_CAEM_2024_actual_2025_forecast,usd_annual_average,Annual-average AZN per USD,AZN/USD,annual,2020,1.7,run_calculated,legacy_historical_input,CAEM.xlsb / native formula export,1b. Infl and Ex rates,J101,"exact native sheet output, year header independently checked",FR10,,"[""FR10""]",direct_original_output_atom,nominal bilateral annual-average AZN per USD,false,ministry_caem:source:1b. Infl and Ex rates:row101,Exact original row now exported by the actual CAEM engine; source unit/header caveats preserved.,formula_calculated
ministry_caem,oil_plus10,original_CAEM_2024_actual_2025_forecast,usd_annual_average,Annual-average AZN per USD,AZN/USD,annual,2021,1.7,run_calculated,legacy_historical_input,CAEM.xlsb / native formula export,1b. Infl and Ex rates,K101,"exact native sheet output, year header independently checked",FR10,,"[""FR10""]",direct_original_output_atom,nominal bilateral annual-average AZN per USD,false,ministry_caem:source:1b. Infl and Ex rates:row101,Exact original row now exported by the actual CAEM engine; source unit/header caveats preserved.,formula_calculated
ministry_caem,oil_plus10,original_CAEM_2024_actual_2025_forecast,usd_annual_average,Annual-average AZN per USD,AZN/USD,annual,2022,1.7,run_calculated,legacy_historical_input,CAEM.xlsb / native formula export,1b. Infl and Ex rates,L101,"exact native sheet output, year header independently checked",FR10,,"[""FR10""]",direct_original_output_atom,nominal bilateral annual-average AZN per USD,false,ministry_caem:source:1b. Infl and Ex rates:row101,Exact original row now exported by the actual CAEM engine; source unit/header caveats preserved.,formula_calculated
ministry_caem,oil_plus10,original_CAEM_2024_actual_2025_forecast,usd_annual_average,Annual-average AZN per USD,AZN/USD,annual,2023,1.7,run_calculated,legacy_historical_input,CAEM.xlsb / native formula export,1b. Infl and Ex rates,M101,"exact native sheet output, year header independently checked",FR10,,"[""FR10""]",direct_original_output_atom,nominal bilateral annual-average AZN per USD,false,ministry_caem:source:1b. Infl and Ex rates:row101,Exact original row now exported by the actual CAEM engine; source unit/header caveats preserved.,formula_calculated
ministry_caem,oil_plus10,original_CAEM_2024_actual_2025_forecast,usd_annual_average,Annual-average AZN per USD,AZN/USD,annual,2024,1.7,run_calculated,legacy_historical_input,CAEM.xlsb / native formula export,1b. Infl and Ex rates,N101,"exact native sheet output, year header independently checked",FR10,,"[""FR10""]",direct_original_output_atom,nominal bilateral annual-average AZN per USD,false,ministry_caem:source:1b. Infl and Ex rates:row101,Exact original row now exported by the actual CAEM engine; source unit/header caveats preserved.,formula_calculated
ministry_caem,oil_plus10,original_CAEM_2024_actual_2025_forecast,usd_annual_average,Annual-average AZN per USD,AZN/USD,annual,2025,1.7,run_calculated,scenario_forecast,CAEM.xlsb / native formula export,1b. Infl and Ex rates,O101,"exact native sheet output, year header independently checked",FR10,,"[""FR10""]",direct_original_output_atom,nominal bilateral annual-average AZN per USD,false,ministry_caem:source:1b. Infl and Ex rates:row101,Exact original row now exported by the actual CAEM engine; source unit/header caveats preserved.,formula_calculated
ministry_caem,oil_plus10,original_CAEM_2024_actual_2025_forecast,usd_annual_average,Annual-average AZN per USD,AZN/USD,annual,2026,1.7,run_calculated,scenario_forecast,CAEM.xlsb / native formula export,1b. Infl and Ex rates,P101,"exact native sheet output, year header independently checked",FR10,,"[""FR10""]",direct_original_output_atom,nominal bilateral annual-average AZN per USD,false,ministry_caem:source:1b. Infl and Ex rates:row101,Exact original row now exported by the actual CAEM engine; source unit/header caveats preserved.,formula_calculated
ministry_caem,oil_plus10,original_CAEM_2024_actual_2025_forecast,usd_annual_average,Annual-average AZN per USD,AZN/USD,annual,2027,1.7,run_calculated,scenario_forecast,CAEM.xlsb / native formula export,1b. Infl and Ex rates,Q101,"exact native sheet output, year header independently checked",FR10,,"[""FR10""]",direct_original_output_atom,nominal bilateral annual-average AZN per USD,false,ministry_caem:source:1b. Infl and Ex rates:row101,Exact original row now exported by the actual CAEM engine; source unit/header caveats preserved.,formula_calculated
ministry_caem,oil_plus10,original_CAEM_2024_actual_2025_forecast,usd_annual_average,Annual-average AZN per USD,AZN/USD,annual,2028,1.7,run_calculated,scenario_forecast,CAEM.xlsb / native formula export,1b. Infl and Ex rates,R101,"exact native sheet output, year header independently checked",FR10,,"[""FR10""]",direct_original_output_atom,nominal bilateral annual-average AZN per USD,false,ministry_caem:source:1b. Infl and Ex rates:row101,Exact original row now exported by the actual CAEM engine; source unit/header caveats preserved.,formula_calculated
ministry_caem,oil_plus10,original_CAEM_2024_actual_2025_forecast,usd_annual_average,Annual-average AZN per USD,AZN/USD,annual,2029,1.7,run_calculated,scenario_forecast,CAEM.xlsb / native formula export,1b. Infl and Ex rates,S101,"exact native sheet output, year header independently checked",FR10,,"[""FR10""]",direct_original_output_atom,nominal bilateral annual-average AZN per USD,false,ministry_caem:source:1b. Infl and Ex rates:row101,Exact original row now exported by the actual CAEM engine; source unit/header caveats preserved.,formula_calculated
ministry_caem,oil_plus10,original_CAEM_2024_actual_2025_forecast,source:1a. Real GDP - Production:row86,Non-oil GDP nominal market,mln AZN,annual,2025,92899.49364941928,run_calculated,scenario_forecast,CAEM.xlsb / native formula export,1a. Real GDP - Production,S86,exact native source formula output; year header checked; original units unchanged,FR1,,"[""FR1""]",direct_original_output_atom,current market GDP,false,ministry_caem:source:1a. Real GDP - Production:row86,Exact original row now exported by the actual CAEM engine; source unit/header caveats preserved.,formula_calculated
ministry_caem,oil_plus10,original_CAEM_2024_actual_2025_forecast,source:1a. Real GDP - Production:row86,Non-oil GDP nominal market,mln AZN,annual,2026,100795.52299154413,run_calculated,scenario_forecast,CAEM.xlsb / native formula export,1a. Real GDP - Production,T86,exact native source formula output; year header checked; original units unchanged,FR1,,"[""FR1""]",direct_original_output_atom,current market GDP,false,ministry_caem:source:1a. Real GDP - Production:row86,Exact original row now exported by the actual CAEM engine; source unit/header caveats preserved.,formula_calculated
ministry_caem,oil_plus10,original_CAEM_2024_actual_2025_forecast,source:1a. Real GDP - Production:row86,Non-oil GDP nominal market,mln AZN,annual,2027,108826.46197212275,run_calculated,scenario_forecast,CAEM.xlsb / native formula export,1a. Real GDP - Production,U86,exact native source formula output; year header checked; original units unchanged,FR1,,"[""FR1""]",direct_original_output_atom,current market GDP,false,ministry_caem:source:1a. Real GDP - Production:row86,Exact original row now exported by the actual CAEM engine; source unit/header caveats preserved.,formula_calculated
ministry_caem,oil_plus10,original_CAEM_2024_actual_2025_forecast,source:1a. Real GDP - Production:row86,Non-oil GDP nominal market,mln AZN,annual,2028,117667.28995266964,run_calculated,scenario_forecast,CAEM.xlsb / native formula export,1a. Real GDP - Production,V86,exact native source formula output; year header checked; original units unchanged,FR1,,"[""FR1""]",direct_original_output_atom,current market GDP,false,ministry_caem:source:1a. Real GDP - Production:row86,Exact original row now exported by the actual CAEM engine; source unit/header caveats preserved.,formula_calculated
ministry_caem,oil_plus10,original_CAEM_2024_actual_2025_forecast,source:1a. Real GDP - Production:row86,Non-oil GDP nominal market,mln AZN,annual,2029,126963.50539945865,run_calculated,scenario_forecast,CAEM.xlsb / native formula export,1a. Real GDP - Production,W86,exact native source formula output; year header checked; original units unchanged,FR1,,"[""FR1""]",direct_original_output_atom,current market GDP,false,ministry_caem:source:1a. Real GDP - Production:row86,Exact original row now exported by the actual CAEM engine; source unit/header caveats preserved.,formula_calculated
ministry_caem,oil_plus10,original_CAEM_2024_actual_2025_forecast,source:1a. Real GDP - Production:row87,Oil GDP nominal market,mln AZN,annual,2025,38332.97040504109,run_calculated,scenario_forecast,CAEM.xlsb / native formula export,1a. Real GDP - Production,S87,exact native source formula output; year header checked; original units unchanged,FR1,,"[""FR1""]",direct_original_output_atom,current market GDP,false,ministry_caem:source:1a. Real GDP - Production:row87,Exact original row now exported by the actual CAEM engine; source unit/header caveats preserved.,formula_calculated
ministry_caem,oil_plus10,original_CAEM_2024_actual_2025_forecast,source:1a. Real GDP - Production:row87,Oil GDP nominal market,mln AZN,annual,2026,34144.541963220676,run_calculated,scenario_forecast,CAEM.xlsb / native formula export,1a. Real GDP - Production,T87,exact native source formula output; year header checked; original units unchanged,FR1,,"[""FR1""]",direct_original_output_atom,current market GDP,false,ministry_caem:source:1a. Real GDP - Production:row87,Exact original row now exported by the actual CAEM engine; source unit/header caveats preserved.,formula_calculated
ministry_caem,oil_plus10,original_CAEM_2024_actual_2025_forecast,source:1a. Real GDP - Production:row87,Oil GDP nominal market,mln AZN,annual,2027,33544.07854304776,run_calculated,scenario_forecast,CAEM.xlsb / native formula export,1a. Real GDP - Production,U87,exact native source formula output; year header checked; original units unchanged,FR1,,"[""FR1""]",direct_original_output_atom,current market GDP,false,ministry_caem:source:1a. Real GDP - Production:row87,Exact original row now exported by the actual CAEM engine; source unit/header caveats preserved.,formula_calculated
ministry_caem,oil_plus10,original_CAEM_2024_actual_2025_forecast,source:1a. Real GDP - Production:row87,Oil GDP nominal market,mln AZN,annual,2028,32417.61608764876,run_calculated,scenario_forecast,CAEM.xlsb / native formula export,1a. Real GDP - Production,V87,exact native source formula output; year header checked; original units unchanged,FR1,,"[""FR1""]",direct_original_output_atom,current market GDP,false,ministry_caem:source:1a. Real GDP - Production:row87,Exact original row now exported by the actual CAEM engine; source unit/header caveats preserved.,formula_calculated
ministry_caem,oil_plus10,original_CAEM_2024_actual_2025_forecast,source:1a. Real GDP - Production:row87,Oil GDP nominal market,mln AZN,annual,2029,34069.07658011761,run_calculated,scenario_forecast,CAEM.xlsb / native formula export,1a. Real GDP - Production,W87,exact native source formula output; year header checked; original units unchanged,FR1,,"[""FR1""]",direct_original_output_atom,current market GDP,false,ministry_caem:source:1a. Real GDP - Production:row87,Exact original row now exported by the actual CAEM engine; source unit/header caveats preserved.,formula_calculated
ministry_caem,oil_plus10,original_CAEM_2024_actual_2025_forecast,source:1a. Real GDP - Production:row185,Non-oil GDP real growth,%,annual,2025,4.552211631415794,run_calculated,scenario_forecast,CAEM.xlsb / native formula export,1a. Real GDP - Production,S185,exact native source formula output; year header checked; original units unchanged,FR1,,"[""FR1""]",direct_original_output_atom,original constant-price volume growth; historical base-year unresolved,false,ministry_caem:source:1a. Real GDP - Production:row185,Exact original row now exported by the actual CAEM engine; source unit/header caveats preserved.,formula_calculated
ministry_caem,oil_plus10,original_CAEM_2024_actual_2025_forecast,source:1a. Real GDP - Production:row185,Non-oil GDP real growth,%,annual,2026,5.002073408188498,run_calculated,scenario_forecast,CAEM.xlsb / native formula export,1a. Real GDP - Production,T185,exact native source formula output; year header checked; original units unchanged,FR1,,"[""FR1""]",direct_original_output_atom,original constant-price volume growth; historical base-year unresolved,false,ministry_caem:source:1a. Real GDP - Production:row185,Exact original row now exported by the actual CAEM engine; source unit/header caveats preserved.,formula_calculated
ministry_caem,oil_plus10,original_CAEM_2024_actual_2025_forecast,source:1a. Real GDP - Production:row185,Non-oil GDP real growth,%,annual,2027,4.771425736098974,run_calculated,scenario_forecast,CAEM.xlsb / native formula export,1a. Real GDP - Production,U185,exact native source formula output; year header checked; original units unchanged,FR1,,"[""FR1""]",direct_original_output_atom,original constant-price volume growth; historical base-year unresolved,false,ministry_caem:source:1a. Real GDP - Production:row185,Exact original row now exported by the actual CAEM engine; source unit/header caveats preserved.,formula_calculated
ministry_caem,oil_plus10,original_CAEM_2024_actual_2025_forecast,source:1a. Real GDP - Production:row185,Non-oil GDP real growth,%,annual,2028,4.981490812138252,run_calculated,scenario_forecast,CAEM.xlsb / native formula export,1a. Real GDP - Production,V185,exact native source formula output; year header checked; original units unchanged,FR1,,"[""FR1""]",direct_original_output_atom,original constant-price volume growth; historical base-year unresolved,false,ministry_caem:source:1a. Real GDP - Production:row185,Exact original row now exported by the actual CAEM engine; source unit/header caveats preserved.,formula_calculated
ministry_caem,oil_plus10,original_CAEM_2024_actual_2025_forecast,source:1a. Real GDP - Production:row185,Non-oil GDP real growth,%,annual,2029,4.884827887628601,run_calculated,scenario_forecast,CAEM.xlsb / native formula export,1a. Real GDP - Production,W185,exact native source formula output; year header checked; original units unchanged,FR1,,"[""FR1""]",direct_original_output_atom,original constant-price volume growth; historical base-year unresolved,false,ministry_caem:source:1a. Real GDP - Production:row185,Exact original row now exported by the actual CAEM engine; source unit/header caveats preserved.,formula_calculated
ministry_caem,oil_plus10,original_CAEM_2024_actual_2025_forecast,source:1a. Real GDP - Production:row124,Non-oil GDP implicit deflator,%,annual,2025,3.6660299888070966,run_calculated,scenario_forecast,CAEM.xlsb / native formula export,1a. Real GDP - Production,S124,exact native source formula output; year header checked; original units unchanged,FR1,,"[""FR1""]",direct_original_output_atom,implicit current/volume deflator growth,false,ministry_caem:source:1a. Real GDP - Production:row124,Exact original row now exported by the actual CAEM engine; source unit/header caveats preserved.,formula_calculated
ministry_caem,oil_plus10,original_CAEM_2024_actual_2025_forecast,source:1a. Real GDP - Production:row124,Non-oil GDP implicit deflator,%,annual,2026,3.3308545026328886,run_calculated,scenario_forecast,CAEM.xlsb / native formula export,1a. Real GDP - Production,T124,exact native source formula output; year header checked; original units unchanged,FR1,,"[""FR1""]",direct_original_output_atom,implicit current/volume deflator growth,false,ministry_caem:source:1a. Real GDP - Production:row124,Exact original row now exported by the actual CAEM engine; source unit/header caveats preserved.,formula_calculated
ministry_caem,oil_plus10,original_CAEM_2024_actual_2025_forecast,source:1a. Real GDP - Production:row124,Non-oil GDP implicit deflator,%,annual,2027,3.05057365419313,run_calculated,scenario_forecast,CAEM.xlsb / native formula export,1a. Real GDP - Production,U124,exact native source formula output; year header checked; original units unchanged,FR1,,"[""FR1""]",direct_original_output_atom,implicit current/volume deflator growth,false,ministry_caem:source:1a. Real GDP - Production:row124,Exact original row now exported by the actual CAEM engine; source unit/header caveats preserved.,formula_calculated
ministry_caem,oil_plus10,original_CAEM_2024_actual_2025_forecast,source:1a. Real GDP - Production:row124,Non-oil GDP implicit deflator,%,annual,2028,2.993188928091243,run_calculated,scenario_forecast,CAEM.xlsb / native formula export,1a. Real GDP - Production,V124,exact native source formula output; year header checked; original units unchanged,FR1,,"[""FR1""]",direct_original_output_atom,implicit current/volume deflator growth,false,ministry_caem:source:1a. Real GDP - Production:row124,Exact original row now exported by the actual CAEM engine; source unit/header caveats preserved.,formula_calculated
ministry_caem,oil_plus10,original_CAEM_2024_actual_2025_forecast,source:1a. Real GDP - Production:row124,Non-oil GDP implicit deflator,%,annual,2029,2.875150495594923,run_calculated,scenario_forecast,CAEM.xlsb / native formula export,1a. Real GDP - Production,W124,exact native source formula output; year header checked; original units unchanged,FR1,,"[""FR1""]",direct_original_output_atom,implicit current/volume deflator growth,false,ministry_caem:source:1a. Real GDP - Production:row124,Exact original row now exported by the actual CAEM engine; source unit/header caveats preserved.,formula_calculated
ministry_caem,oil_plus10,original_CAEM_2024_actual_2025_forecast,source:1a. Real GDP - Production:row62,"   Agriculture, Forestry and Fishing / current basic-price VA or source tax component",mln AZN,annual,2025,7619.4151319615075,run_calculated,scenario_forecast,CAEM.xlsb / native formula export,1a. Real GDP - Production,S62,exact native source formula output; year header checked; original units unchanged,FR2,,"[""FR2"",""FR3""]",direct_original_output_atom,current basic-price value-added component,false,ministry_caem:source:1a. Real GDP - Production:row62,Exact original row now exported by the actual CAEM engine; source unit/header caveats preserved.,formula_calculated
ministry_caem,oil_plus10,original_CAEM_2024_actual_2025_forecast,source:1a. Real GDP - Production:row62,"   Agriculture, Forestry and Fishing / current basic-price VA or source tax component",mln AZN,annual,2026,8151.865812724225,run_calculated,scenario_forecast,CAEM.xlsb / native formula export,1a. Real GDP - Production,T62,exact native source formula output; year header checked; original units unchanged,FR2,,"[""FR2"",""FR3""]",direct_original_output_atom,current basic-price value-added component,false,ministry_caem:source:1a. Real GDP - Production:row62,Exact original row now exported by the actual CAEM engine; source unit/header caveats preserved.,formula_calculated
ministry_caem,oil_plus10,original_CAEM_2024_actual_2025_forecast,source:1a. Real GDP - Production:row62,"   Agriculture, Forestry and Fishing / current basic-price VA or source tax component",mln AZN,annual,2027,8668.322118595679,run_calculated,scenario_forecast,CAEM.xlsb / native formula export,1a. Real GDP - Production,U62,exact native source formula output; year header checked; original units unchanged,FR2,,"[""FR2"",""FR3""]",direct_original_output_atom,current basic-price value-added component,false,ministry_caem:source:1a. Real GDP - Production:row62,Exact original row now exported by the actual CAEM engine; source unit/header caveats preserved.,formula_calculated
ministry_caem,oil_plus10,original_CAEM_2024_actual_2025_forecast,source:1a. Real GDP - Production:row62,"   Agriculture, Forestry and Fishing / current basic-price VA or source tax component",mln AZN,annual,2028,9219.55658912918,run_calculated,scenario_forecast,CAEM.xlsb / native formula export,1a. Real GDP - Production,V62,exact native source formula output; year header checked; original units unchanged,FR2,,"[""FR2"",""FR3""]",direct_original_output_atom,current basic-price value-added component,false,ministry_caem:source:1a. Real GDP - Production:row62,Exact original row now exported by the actual CAEM engine; source unit/header caveats preserved.,formula_calculated
ministry_caem,oil_plus10,original_CAEM_2024_actual_2025_forecast,source:1a. Real GDP - Production:row62,"   Agriculture, Forestry and Fishing / current basic-price VA or source tax component",mln AZN,annual,2029,9801.687828337606,run_calculated,scenario_forecast,CAEM.xlsb / native formula export,1a. Real GDP - Production,W62,exact native source formula output; year header checked; original units unchanged,FR2,,"[""FR2"",""FR3""]",direct_original_output_atom,current basic-price value-added component,false,ministry_caem:source:1a. Real GDP - Production:row62,Exact original row now exported by the actual CAEM engine; source unit/header caveats preserved.,formula_calculated
ministry_caem,oil_plus10,original_CAEM_2024_actual_2025_forecast,source:1a. Real GDP - Production:row99,"   Agriculture, Forestry and Fishing / deflator growth",%,annual,2025,4.170887635856587,run_calculated,scenario_forecast,CAEM.xlsb / native formula export,1a. Real GDP - Production,S99,exact native source formula output; year header checked; original units unchanged,FR2,,"[""FR2"",""FR3""]",direct_original_output_atom,implicit current/volume deflator growth,false,ministry_caem:source:1a. Real GDP - Production:row99,Exact original row now exported by the actual CAEM engine; source unit/header caveats preserved.,formula_calculated
ministry_caem,oil_plus10,original_CAEM_2024_actual_2025_forecast,source:1a. Real GDP - Production:row99,"   Agriculture, Forestry and Fishing / deflator growth",%,annual,2026,3.7711717823339366,run_calculated,scenario_forecast,CAEM.xlsb / native formula export,1a. Real GDP - Production,T99,exact native source formula output; year header checked; original units unchanged,FR2,,"[""FR2"",""FR3""]",direct_original_output_atom,implicit current/volume deflator growth,false,ministry_caem:source:1a. Real GDP - Production:row99,Exact original row now exported by the actual CAEM engine; source unit/header caveats preserved.,formula_calculated
ministry_caem,oil_plus10,original_CAEM_2024_actual_2025_forecast,source:1a. Real GDP - Production:row99,"   Agriculture, Forestry and Fishing / deflator growth",%,annual,2027,3.4391408475050467,run_calculated,scenario_forecast,CAEM.xlsb / native formula export,1a. Real GDP - Production,U99,exact native source formula output; year header checked; original units unchanged,FR2,,"[""FR2"",""FR3""]",direct_original_output_atom,implicit current/volume deflator growth,false,ministry_caem:source:1a. Real GDP - Production:row99,Exact original row now exported by the actual CAEM engine; source unit/header caveats preserved.,formula_calculated
ministry_caem,oil_plus10,original_CAEM_2024_actual_2025_forecast,source:1a. Real GDP - Production:row99,"   Agriculture, Forestry and Fishing / deflator growth",%,annual,2028,3.3616939221996396,run_calculated,scenario_forecast,CAEM.xlsb / native formula export,1a. Real GDP - Production,V99,exact native source formula output; year header checked; original units unchanged,FR2,,"[""FR2"",""FR3""]",direct_original_output_atom,implicit current/volume deflator growth,false,ministry_caem:source:1a. Real GDP - Production:row99,Exact original row now exported by the actual CAEM engine; source unit/header caveats preserved.,formula_calculated
ministry_caem,oil_plus10,original_CAEM_2024_actual_2025_forecast,source:1a. Real GDP - Production:row99,"   Agriculture, Forestry and Fishing / deflator growth",%,annual,2029,3.2175645660188117,run_calculated,scenario_forecast,CAEM.xlsb / native formula export,1a. Real GDP - Production,W99,exact native source formula output; year header checked; original units unchanged,FR2,,"[""FR2"",""FR3""]",direct_original_output_atom,implicit current/volume deflator growth,false,ministry_caem:source:1a. Real GDP - Production:row99,Exact original row now exported by the actual CAEM engine; source unit/header caveats preserved.,formula_calculated
ministry_caem,oil_plus10,original_CAEM_2024_actual_2025_forecast,source:1a. Real GDP - Production:row159,"   Agriculture, Forestry and Fishing / real growth",%,annual,2025,2.34,source_input,scenario_forecast,CAEM.xlsb / native formula export,1a. Real GDP - Production,S159,exact native source formula output; year header checked; original units unchanged,FR2,,"[""FR2"",""FR3""]",direct_original_output_atom,original constant-price volume growth; historical base-year unresolved,false,ministry_caem:source:1a. Real GDP - Production:row159,Exact original row now exported by the actual CAEM engine; source unit/header caveats preserved.,original_literal
ministry_caem,oil_plus10,original_CAEM_2024_actual_2025_forecast,source:1a. Real GDP - Production:row159,"   Agriculture, Forestry and Fishing / real growth",%,annual,2026,3.1,source_input,scenario_forecast,CAEM.xlsb / native formula export,1a. Real GDP - Production,T159,exact native source formula output; year header checked; original units unchanged,FR2,,"[""FR2"",""FR3""]",direct_original_output_atom,original constant-price volume growth; historical base-year unresolved,false,ministry_caem:source:1a. Real GDP - Production:row159,Exact original row now exported by the actual CAEM engine; source unit/header caveats preserved.,original_literal
ministry_caem,oil_plus10,original_CAEM_2024_actual_2025_forecast,source:1a. Real GDP - Production:row159,"   Agriculture, Forestry and Fishing / real growth",%,annual,2027,2.8,source_input,scenario_forecast,CAEM.xlsb / native formula export,1a. Real GDP - Production,U159,exact native source formula output; year header checked; original units unchanged,FR2,,"[""FR2"",""FR3""]",direct_original_output_atom,original constant-price volume growth; historical base-year unresolved,false,ministry_caem:source:1a. Real GDP - Production:row159,Exact original row now exported by the actual CAEM engine; source unit/header caveats preserved.,original_literal
ministry_caem,oil_plus10,original_CAEM_2024_actual_2025_forecast,source:1a. Real GDP - Production:row159,"   Agriculture, Forestry and Fishing / real growth",%,annual,2028,2.9,source_input,scenario_forecast,CAEM.xlsb / native formula export,1a. Real GDP - Production,V159,exact native source formula output; year header checked; original units unchanged,FR2,,"[""FR2"",""FR3""]",direct_original_output_atom,original constant-price volume growth; historical base-year unresolved,false,ministry_caem:source:1a. Real GDP - Production:row159,Exact original row now exported by the actual CAEM engine; source unit/header caveats preserved.,original_literal
ministry_caem,oil_plus10,original_CAEM_2024_actual_2025_forecast,source:1a. Real GDP - Production:row159,"   Agriculture, Forestry and Fishing / real growth",%,annual,2029,3.0,source_input,scenario_forecast,CAEM.xlsb / native formula export,1a. Real GDP - Production,W159,exact native source formula output; year header checked; original units unchanged,FR2,,"[""FR2"",""FR3""]",direct_original_output_atom,original constant-price volume growth; historical base-year unresolved,false,ministry_caem:source:1a. Real GDP - Production:row159,Exact original row now exported by the actual CAEM engine; source unit/header caveats preserved.,original_literal
ministry_caem,oil_plus10,original_CAEM_2024_actual_2025_forecast,source:1a. Real GDP - Production:row63,   Mining and Quarrying  / current basic-price VA or source tax component,mln AZN,annual,2025,34398.55117755567,run_calculated,scenario_forecast,CAEM.xlsb / native formula export,1a. Real GDP - Production,S63,exact native source formula output; year header checked; original units unchanged,FR2,,"[""FR2"",""FR3""]",direct_original_output_atom,current basic-price value-added component,false,ministry_caem:source:1a. Real GDP - Production:row63,Exact original row now exported by the actual CAEM engine; source unit/header caveats preserved.,formula_calculated
ministry_caem,oil_plus10,original_CAEM_2024_actual_2025_forecast,source:1a. Real GDP - Production:row63,   Mining and Quarrying  / current basic-price VA or source tax component,mln AZN,annual,2026,30310.51141223982,run_calculated,scenario_forecast,CAEM.xlsb / native formula export,1a. Real GDP - Production,T63,exact native source formula output; year header checked; original units unchanged,FR2,,"[""FR2"",""FR3""]",direct_original_output_atom,current basic-price value-added component,false,ministry_caem:source:1a. Real GDP - Production:row63,Exact original row now exported by the actual CAEM engine; source unit/header caveats preserved.,formula_calculated
ministry_caem,oil_plus10,original_CAEM_2024_actual_2025_forecast,source:1a. Real GDP - Production:row63,   Mining and Quarrying  / current basic-price VA or source tax component,mln AZN,annual,2027,29442.347042692505,run_calculated,scenario_forecast,CAEM.xlsb / native formula export,1a. Real GDP - Production,U63,exact native source formula output; year header checked; original units unchanged,FR2,,"[""FR2"",""FR3""]",direct_original_output_atom,current basic-price value-added component,false,ministry_caem:source:1a. Real GDP - Production:row63,Exact original row now exported by the actual CAEM engine; source unit/header caveats preserved.,formula_calculated
ministry_caem,oil_plus10,original_CAEM_2024_actual_2025_forecast,source:1a. Real GDP - Production:row63,   Mining and Quarrying  / current basic-price VA or source tax component,mln AZN,annual,2028,29116.872326517583,run_calculated,scenario_forecast,CAEM.xlsb / native formula export,1a. Real GDP - Production,V63,exact native source formula output; year header checked; original units unchanged,FR2,,"[""FR2"",""FR3""]",direct_original_output_atom,current basic-price value-added component,false,ministry_caem:source:1a. Real GDP - Production:row63,Exact original row now exported by the actual CAEM engine; source unit/header caveats preserved.,formula_calculated
ministry_caem,oil_plus10,original_CAEM_2024_actual_2025_forecast,source:1a. Real GDP - Production:row63,   Mining and Quarrying  / current basic-price VA or source tax component,mln AZN,annual,2029,30785.969699760262,run_calculated,scenario_forecast,CAEM.xlsb / native formula export,1a. Real GDP - Production,W63,exact native source formula output; year header checked; original units unchanged,FR2,,"[""FR2"",""FR3""]",direct_original_output_atom,current basic-price value-added component,false,ministry_caem:source:1a. Real GDP - Production:row63,Exact original row now exported by the actual CAEM engine; source unit/header caveats preserved.,formula_calculated
ministry_caem,oil_plus10,original_CAEM_2024_actual_2025_forecast,source:1a. Real GDP - Production:row100,   Mining and Quarrying  / deflator growth,%,annual,2025,,unavailable_source_blank,scenario_forecast,CAEM.xlsb / native formula export,1a. Real GDP - Production,S100,exact native source formula output; year header checked; original units unchanged,FR2,,"[""FR2"",""FR3""]",direct_original_output_atom,implicit current/volume deflator growth,false,ministry_caem:source:1a. Real GDP - Production:row100,Exact original row now exported by the actual CAEM engine; source unit/header caveats preserved.,original_literal
ministry_caem,oil_plus10,original_CAEM_2024_actual_2025_forecast,source:1a. Real GDP - Production:row100,   Mining and Quarrying  / deflator growth,%,annual,2026,,unavailable_source_blank,scenario_forecast,CAEM.xlsb / native formula export,1a. Real GDP - Production,T100,exact native source formula output; year header checked; original units unchanged,FR2,,"[""FR2"",""FR3""]",direct_original_output_atom,implicit current/volume deflator growth,false,ministry_caem:source:1a. Real GDP - Production:row100,Exact original row now exported by the actual CAEM engine; source unit/header caveats preserved.,original_literal
ministry_caem,oil_plus10,original_CAEM_2024_actual_2025_forecast,source:1a. Real GDP - Production:row100,   Mining and Quarrying  / deflator growth,%,annual,2027,,unavailable_source_blank,scenario_forecast,CAEM.xlsb / native formula export,1a. Real GDP - Production,U100,exact native source formula output; year header checked; original units unchanged,FR2,,"[""FR2"",""FR3""]",direct_original_output_atom,implicit current/volume deflator growth,false,ministry_caem:source:1a. Real GDP - Production:row100,Exact original row now exported by the actual CAEM engine; source unit/header caveats preserved.,original_literal
ministry_caem,oil_plus10,original_CAEM_2024_actual_2025_forecast,source:1a. Real GDP - Production:row100,   Mining and Quarrying  / deflator growth,%,annual,2028,,unavailable_source_blank,scenario_forecast,CAEM.xlsb / native formula export,1a. Real GDP - Production,V100,exact native source formula output; year header checked; original units unchanged,FR2,,"[""FR2"",""FR3""]",direct_original_output_atom,implicit current/volume deflator growth,false,ministry_caem:source:1a. Real GDP - Production:row100,Exact original row now exported by the actual CAEM engine; source unit/header caveats preserved.,original_literal
ministry_caem,oil_plus10,original_CAEM_2024_actual_2025_forecast,source:1a. Real GDP - Production:row100,   Mining and Quarrying  / deflator growth,%,annual,2029,,unavailable_source_blank,scenario_forecast,CAEM.xlsb / native formula export,1a. Real GDP - Production,W100,exact native source formula output; year header checked; original units unchanged,FR2,,"[""FR2"",""FR3""]",direct_original_output_atom,implicit current/volume deflator growth,false,ministry_caem:source:1a. Real GDP - Production:row100,Exact original row now exported by the actual CAEM engine; source unit/header caveats preserved.,original_literal
ministry_caem,oil_plus10,original_CAEM_2024_actual_2025_forecast,source:1a. Real GDP - Production:row160,   Mining and Quarrying  / real growth,%,annual,2025,-0.7567819116293348,run_calculated,scenario_forecast,CAEM.xlsb / native formula export,1a. Real GDP - Production,S160,exact native source formula output; year header checked; original units unchanged,FR2,,"[""FR2"",""FR3""]",direct_original_output_atom,original constant-price volume growth; historical base-year unresolved,false,ministry_caem:source:1a. Real GDP - Production:row160,Exact original row now exported by the actual CAEM engine; source unit/header caveats preserved.,formula_calculated
ministry_caem,oil_plus10,original_CAEM_2024_actual_2025_forecast,source:1a. Real GDP - Production:row160,   Mining and Quarrying  / real growth,%,annual,2026,-2.1928403910847596,run_calculated,scenario_forecast,CAEM.xlsb / native formula export,1a. Real GDP - Production,T160,exact native source formula output; year header checked; original units unchanged,FR2,,"[""FR2"",""FR3""]",direct_original_output_atom,original constant-price volume growth; historical base-year unresolved,false,ministry_caem:source:1a. Real GDP - Production:row160,Exact original row now exported by the actual CAEM engine; source unit/header caveats preserved.,formula_calculated
ministry_caem,oil_plus10,original_CAEM_2024_actual_2025_forecast,source:1a. Real GDP - Production:row160,   Mining and Quarrying  / real growth,%,annual,2027,-2.130068953697186,run_calculated,scenario_forecast,CAEM.xlsb / native formula export,1a. Real GDP - Production,U160,exact native source formula output; year header checked; original units unchanged,FR2,,"[""FR2"",""FR3""]",direct_original_output_atom,original constant-price volume growth; historical base-year unresolved,false,ministry_caem:source:1a. Real GDP - Production:row160,Exact original row now exported by the actual CAEM engine; source unit/header caveats preserved.,formula_calculated
ministry_caem,oil_plus10,original_CAEM_2024_actual_2025_forecast,source:1a. Real GDP - Production:row160,   Mining and Quarrying  / real growth,%,annual,2028,-2.6034000909525967,run_calculated,scenario_forecast,CAEM.xlsb / native formula export,1a. Real GDP - Production,V160,exact native source formula output; year header checked; original units unchanged,FR2,,"[""FR2"",""FR3""]",direct_original_output_atom,original constant-price volume growth; historical base-year unresolved,false,ministry_caem:source:1a. Real GDP - Production:row160,Exact original row now exported by the actual CAEM engine; source unit/header caveats preserved.,formula_calculated
ministry_caem,oil_plus10,original_CAEM_2024_actual_2025_forecast,source:1a. Real GDP - Production:row160,   Mining and Quarrying  / real growth,%,annual,2029,4.052753546224772,run_calculated,scenario_forecast,CAEM.xlsb / native formula export,1a. Real GDP - Production,W160,exact native source formula output; year header checked; original units unchanged,FR2,,"[""FR2"",""FR3""]",direct_original_output_atom,original constant-price volume growth; historical base-year unresolved,false,ministry_caem:source:1a. Real GDP - Production:row160,Exact original row now exported by the actual CAEM engine; source unit/header caveats preserved.,formula_calculated
ministry_caem,oil_plus10,original_CAEM_2024_actual_2025_forecast,source:1a. Real GDP - Production:row64,o/w oil and gas / current basic-price VA or source tax component,mln AZN,annual,2025,32123.061307119613,run_calculated,scenario_forecast,CAEM.xlsb / native formula export,1a. Real GDP - Production,S64,exact native source formula output; year header checked; original units unchanged,FR2,,"[""FR2"",""FR3""]",direct_original_output_atom,current basic-price value-added component,false,ministry_caem:source:1a. Real GDP - Production:row64,Exact original row now exported by the actual CAEM engine; source unit/header caveats preserved.,formula_calculated
ministry_caem,oil_plus10,original_CAEM_2024_actual_2025_forecast,source:1a. Real GDP - Production:row64,o/w oil and gas / current basic-price VA or source tax component,mln AZN,annual,2026,27866.017253941445,run_calculated,scenario_forecast,CAEM.xlsb / native formula export,1a. Real GDP - Production,T64,exact native source formula output; year header checked; original units unchanged,FR2,,"[""FR2"",""FR3""]",direct_original_output_atom,current basic-price value-added component,false,ministry_caem:source:1a. Real GDP - Production:row64,Exact original row now exported by the actual CAEM engine; source unit/header caveats preserved.,formula_calculated
ministry_caem,oil_plus10,original_CAEM_2024_actual_2025_forecast,source:1a. Real GDP - Production:row64,o/w oil and gas / current basic-price VA or source tax component,mln AZN,annual,2027,26928.136953132278,run_calculated,scenario_forecast,CAEM.xlsb / native formula export,1a. Real GDP - Production,U64,exact native source formula output; year header checked; original units unchanged,FR2,,"[""FR2"",""FR3""]",direct_original_output_atom,current basic-price value-added component,false,ministry_caem:source:1a. Real GDP - Production:row64,Exact original row now exported by the actual CAEM engine; source unit/header caveats preserved.,formula_calculated
ministry_caem,oil_plus10,original_CAEM_2024_actual_2025_forecast,source:1a. Real GDP - Production:row64,o/w oil and gas / current basic-price VA or source tax component,mln AZN,annual,2028,25858.173995013134,run_calculated,scenario_forecast,CAEM.xlsb / native formula export,1a. Real GDP - Production,V64,exact native source formula output; year header checked; original units unchanged,FR2,,"[""FR2"",""FR3""]",direct_original_output_atom,current basic-price value-added component,false,ministry_caem:source:1a. Real GDP - Production:row64,Exact original row now exported by the actual CAEM engine; source unit/header caveats preserved.,formula_calculated
ministry_caem,oil_plus10,original_CAEM_2024_actual_2025_forecast,source:1a. Real GDP - Production:row64,o/w oil and gas / current basic-price VA or source tax component,mln AZN,annual,2029,27062.642538274828,run_calculated,scenario_forecast,CAEM.xlsb / native formula export,1a. Real GDP - Production,W64,exact native source formula output; year header checked; original units unchanged,FR2,,"[""FR2"",""FR3""]",direct_original_output_atom,current basic-price value-added component,false,ministry_caem:source:1a. Real GDP - Production:row64,Exact original row now exported by the actual CAEM engine; source unit/header caveats preserved.,formula_calculated
ministry_caem,oil_plus10,original_CAEM_2024_actual_2025_forecast,source:1a. Real GDP - Production:row101,o/w oil and gas / deflator growth,%,annual,2025,-7.833836814508757,run_calculated,scenario_forecast,CAEM.xlsb / native formula export,1a. Real GDP - Production,S101,exact native source formula output; year header checked; original units unchanged,FR2,,"[""FR2"",""FR3""]",direct_original_output_atom,implicit current/volume deflator growth,false,ministry_caem:source:1a. Real GDP - Production:row101,Exact original row now exported by the actual CAEM engine; source unit/header caveats preserved.,formula_calculated
ministry_caem,oil_plus10,original_CAEM_2024_actual_2025_forecast,source:1a. Real GDP - Production:row101,o/w oil and gas / deflator growth,%,annual,2026,-10.947559904826292,run_calculated,scenario_forecast,CAEM.xlsb / native formula export,1a. Real GDP - Production,T101,exact native source formula output; year header checked; original units unchanged,FR2,,"[""FR2"",""FR3""]",direct_original_output_atom,implicit current/volume deflator growth,false,ministry_caem:source:1a. Real GDP - Production:row101,Exact original row now exported by the actual CAEM engine; source unit/header caveats preserved.,formula_calculated
ministry_caem,oil_plus10,original_CAEM_2024_actual_2025_forecast,source:1a. Real GDP - Production:row101,o/w oil and gas / deflator growth,%,annual,2027,-0.8197587609738974,run_calculated,scenario_forecast,CAEM.xlsb / native formula export,1a. Real GDP - Production,U101,exact native source formula output; year header checked; original units unchanged,FR2,,"[""FR2"",""FR3""]",direct_original_output_atom,implicit current/volume deflator growth,false,ministry_caem:source:1a. Real GDP - Production:row101,Exact original row now exported by the actual CAEM engine; source unit/header caveats preserved.,formula_calculated
ministry_caem,oil_plus10,original_CAEM_2024_actual_2025_forecast,source:1a. Real GDP - Production:row101,o/w oil and gas / deflator growth,%,annual,2028,-0.8922435766434944,run_calculated,scenario_forecast,CAEM.xlsb / native formula export,1a. Real GDP - Production,V101,exact native source formula output; year header checked; original units unchanged,FR2,,"[""FR2"",""FR3""]",direct_original_output_atom,implicit current/volume deflator growth,false,ministry_caem:source:1a. Real GDP - Production:row101,Exact original row now exported by the actual CAEM engine; source unit/header caveats preserved.,formula_calculated
ministry_caem,oil_plus10,original_CAEM_2024_actual_2025_forecast,source:1a. Real GDP - Production:row101,o/w oil and gas / deflator growth,%,annual,2029,0.33968976165859033,run_calculated,scenario_forecast,CAEM.xlsb / native formula export,1a. Real GDP - Production,W101,exact native source formula output; year header checked; original units unchanged,FR2,,"[""FR2"",""FR3""]",direct_original_output_atom,implicit current/volume deflator growth,false,ministry_caem:source:1a. Real GDP - Production:row101,Exact original row now exported by the actual CAEM engine; source unit/header caveats preserved.,formula_calculated
ministry_caem,oil_plus10,original_CAEM_2024_actual_2025_forecast,source:1a. Real GDP - Production:row161,o/w oil and gas / real growth,%,annual,2025,-1.028741529211885,run_calculated,scenario_forecast,CAEM.xlsb / native formula export,1a. Real GDP - Production,S161,exact native source formula output; year header checked; original units unchanged,FR2,,"[""FR2"",""FR3""]",direct_original_output_atom,original constant-price volume growth; historical base-year unresolved,false,ministry_caem:source:1a. Real GDP - Production:row161,Exact original row now exported by the actual CAEM engine; source unit/header caveats preserved.,formula_calculated
ministry_caem,oil_plus10,original_CAEM_2024_actual_2025_forecast,source:1a. Real GDP - Production:row161,o/w oil and gas / real growth,%,annual,2026,-2.588069283868478,run_calculated,scenario_forecast,CAEM.xlsb / native formula export,1a. Real GDP - Production,T161,exact native source formula output; year header checked; original units unchanged,FR2,,"[""FR2"",""FR3""]",direct_original_output_atom,original constant-price volume growth; historical base-year unresolved,false,ministry_caem:source:1a. Real GDP - Production:row161,Exact original row now exported by the actual CAEM engine; source unit/header caveats preserved.,formula_calculated
ministry_caem,oil_plus10,original_CAEM_2024_actual_2025_forecast,source:1a. Real GDP - Production:row161,o/w oil and gas / real growth,%,annual,2027,-2.566961733014466,run_calculated,scenario_forecast,CAEM.xlsb / native formula export,1a. Real GDP - Production,U161,exact native source formula output; year header checked; original units unchanged,FR2,,"[""FR2"",""FR3""]",direct_original_output_atom,original constant-price volume growth; historical base-year unresolved,false,ministry_caem:source:1a. Real GDP - Production:row161,Exact original row now exported by the actual CAEM engine; source unit/header caveats preserved.,formula_calculated
ministry_caem,oil_plus10,original_CAEM_2024_actual_2025_forecast,source:1a. Real GDP - Production:row161,o/w oil and gas / real growth,%,annual,2028,-3.1088967078550525,run_calculated,scenario_forecast,CAEM.xlsb / native formula export,1a. Real GDP - Production,V161,exact native source formula output; year header checked; original units unchanged,FR2,,"[""FR2"",""FR3""]",direct_original_output_atom,original constant-price volume growth; historical base-year unresolved,false,ministry_caem:source:1a. Real GDP - Production:row161,Exact original row now exported by the actual CAEM engine; source unit/header caveats preserved.,formula_calculated
ministry_caem,oil_plus10,original_CAEM_2024_actual_2025_forecast,source:1a. Real GDP - Production:row161,o/w oil and gas / real growth,%,annual,2029,4.303670993391336,run_calculated,scenario_forecast,CAEM.xlsb / native formula export,1a. Real GDP - Production,W161,exact native source formula output; year header checked; original units unchanged,FR2,,"[""FR2"",""FR3""]",direct_original_output_atom,original constant-price volume growth; historical base-year unresolved,false,ministry_caem:source:1a. Real GDP - Production:row161,Exact original row now exported by the actual CAEM engine; source unit/header caveats preserved.,formula_calculated
ministry_caem,oil_plus10,original_CAEM_2024_actual_2025_forecast,source:1a. Real GDP - Production:row65,Oil and gas servis / current basic-price VA or source tax component,mln AZN,annual,2025,1884.1505760000002,run_calculated,scenario_forecast,CAEM.xlsb / native formula export,1a. Real GDP - Production,S65,exact native source formula output; year header checked; original units unchanged,FR2,,"[""FR2"",""FR3""]",direct_original_output_atom,current basic-price value-added component,false,ministry_caem:source:1a. Real GDP - Production:row65,Exact original row now exported by the actual CAEM engine; source unit/header caveats preserved.,formula_calculated
ministry_caem,oil_plus10,original_CAEM_2024_actual_2025_forecast,source:1a. Real GDP - Production:row65,Oil and gas servis / current basic-price VA or source tax component,mln AZN,annual,2026,2049.2707683800722,run_calculated,scenario_forecast,CAEM.xlsb / native formula export,1a. Real GDP - Production,T65,exact native source formula output; year header checked; original units unchanged,FR2,,"[""FR2"",""FR3""]",direct_original_output_atom,current basic-price value-added component,false,ministry_caem:source:1a. Real GDP - Production:row65,Exact original row now exported by the actual CAEM engine; source unit/header caveats preserved.,formula_calculated
ministry_caem,oil_plus10,original_CAEM_2024_actual_2025_forecast,source:1a. Real GDP - Production:row65,Oil and gas servis / current basic-price VA or source tax component,mln AZN,annual,2027,2194.5923457948234,run_calculated,scenario_forecast,CAEM.xlsb / native formula export,1a. Real GDP - Production,U65,exact native source formula output; year header checked; original units unchanged,FR2,,"[""FR2"",""FR3""]",direct_original_output_atom,current basic-price value-added component,false,ministry_caem:source:1a. Real GDP - Production:row65,Exact original row now exported by the actual CAEM engine; source unit/header caveats preserved.,formula_calculated
ministry_caem,oil_plus10,original_CAEM_2024_actual_2025_forecast,source:1a. Real GDP - Production:row65,Oil and gas servis / current basic-price VA or source tax component,mln AZN,annual,2028,2340.9178438550193,run_calculated,scenario_forecast,CAEM.xlsb / native formula export,1a. Real GDP - Production,V65,exact native source formula output; year header checked; original units unchanged,FR2,,"[""FR2"",""FR3""]",direct_original_output_atom,current basic-price value-added component,false,ministry_caem:source:1a. Real GDP - Production:row65,Exact original row now exported by the actual CAEM engine; source unit/header caveats preserved.,formula_calculated
ministry_caem,oil_plus10,original_CAEM_2024_actual_2025_forecast,source:1a. Real GDP - Production:row65,Oil and gas servis / current basic-price VA or source tax component,mln AZN,annual,2029,2483.475784394634,run_calculated,scenario_forecast,CAEM.xlsb / native formula export,1a. Real GDP - Production,W65,exact native source formula output; year header checked; original units unchanged,FR2,,"[""FR2"",""FR3""]",direct_original_output_atom,current basic-price value-added component,false,ministry_caem:source:1a. Real GDP - Production:row65,Exact original row now exported by the actual CAEM engine; source unit/header caveats preserved.,formula_calculated
ministry_caem,oil_plus10,original_CAEM_2024_actual_2025_forecast,source:1a. Real GDP - Production:row102,Oil and gas servis / deflator growth,%,annual,2025,10.439999999999998,source_input,scenario_forecast,CAEM.xlsb / native formula export,1a. Real GDP - Production,S102,exact native source formula output; year header checked; original units unchanged,FR2,,"[""FR2"",""FR3""]",direct_original_output_atom,implicit current/volume deflator growth,false,ministry_caem:source:1a. Real GDP - Production:row102,Exact original row now exported by the actual CAEM engine; source unit/header caveats preserved.,original_literal
ministry_caem,oil_plus10,original_CAEM_2024_actual_2025_forecast,source:1a. Real GDP - Production:row102,Oil and gas servis / deflator growth,%,annual,2026,4.49,source_input,scenario_forecast,CAEM.xlsb / native formula export,1a. Real GDP - Production,T102,exact native source formula output; year header checked; original units unchanged,FR2,,"[""FR2"",""FR3""]",direct_original_output_atom,implicit current/volume deflator growth,false,ministry_caem:source:1a. Real GDP - Production:row102,Exact original row now exported by the actual CAEM engine; source unit/header caveats preserved.,original_literal
ministry_caem,oil_plus10,original_CAEM_2024_actual_2025_forecast,source:1a. Real GDP - Production:row102,Oil and gas servis / deflator growth,%,annual,2027,3.5700000000000074,source_input,scenario_forecast,CAEM.xlsb / native formula export,1a. Real GDP - Production,U102,exact native source formula output; year header checked; original units unchanged,FR2,,"[""FR2"",""FR3""]",direct_original_output_atom,implicit current/volume deflator growth,false,ministry_caem:source:1a. Real GDP - Production:row102,Exact original row now exported by the actual CAEM engine; source unit/header caveats preserved.,original_literal
ministry_caem,oil_plus10,original_CAEM_2024_actual_2025_forecast,source:1a. Real GDP - Production:row102,Oil and gas servis / deflator growth,%,annual,2028,3.3400000000000034,source_input,scenario_forecast,CAEM.xlsb / native formula export,1a. Real GDP - Production,V102,exact native source formula output; year header checked; original units unchanged,FR2,,"[""FR2"",""FR3""]",direct_original_output_atom,implicit current/volume deflator growth,false,ministry_caem:source:1a. Real GDP - Production:row102,Exact original row now exported by the actual CAEM engine; source unit/header caveats preserved.,original_literal
ministry_caem,oil_plus10,original_CAEM_2024_actual_2025_forecast,source:1a. Real GDP - Production:row102,Oil and gas servis / deflator growth,%,annual,2029,3.1300000000000097,source_input,scenario_forecast,CAEM.xlsb / native formula export,1a. Real GDP - Production,W102,exact native source formula output; year header checked; original units unchanged,FR2,,"[""FR2"",""FR3""]",direct_original_output_atom,implicit current/volume deflator growth,false,ministry_caem:source:1a. Real GDP - Production:row102,Exact original row now exported by the actual CAEM engine; source unit/header caveats preserved.,original_literal
ministry_caem,oil_plus10,original_CAEM_2024_actual_2025_forecast,source:1a. Real GDP - Production:row162,Oil and gas servis / real growth,%,annual,2025,5.0,source_input,scenario_forecast,CAEM.xlsb / native formula export,1a. Real GDP - Production,S162,exact native source formula output; year header checked; original units unchanged,FR2,,"[""FR2"",""FR3""]",direct_original_output_atom,original constant-price volume growth; historical base-year unresolved,false,ministry_caem:source:1a. Real GDP - Production:row162,Exact original row now exported by the actual CAEM engine; source unit/header caveats preserved.,original_literal
ministry_caem,oil_plus10,original_CAEM_2024_actual_2025_forecast,source:1a. Real GDP - Production:row162,Oil and gas servis / real growth,%,annual,2026,4.089999999999989,source_input,scenario_forecast,CAEM.xlsb / native formula export,1a. Real GDP - Production,T162,exact native source formula output; year header checked; original units unchanged,FR2,,"[""FR2"",""FR3""]",direct_original_output_atom,original constant-price volume growth; historical base-year unresolved,false,ministry_caem:source:1a. Real GDP - Production:row162,Exact original row now exported by the actual CAEM engine; source unit/header caveats preserved.,original_literal
ministry_caem,oil_plus10,original_CAEM_2024_actual_2025_forecast,source:1a. Real GDP - Production:row162,Oil and gas servis / real growth,%,annual,2027,3.4000000000000057,source_input,scenario_forecast,CAEM.xlsb / native formula export,1a. Real GDP - Production,U162,exact native source formula output; year header checked; original units unchanged,FR2,,"[""FR2"",""FR3""]",direct_original_output_atom,original constant-price volume growth; historical base-year unresolved,false,ministry_caem:source:1a. Real GDP - Production:row162,Exact original row now exported by the actual CAEM engine; source unit/header caveats preserved.,original_literal
ministry_caem,oil_plus10,original_CAEM_2024_actual_2025_forecast,source:1a. Real GDP - Production:row162,Oil and gas servis / real growth,%,annual,2028,3.219999999999999,source_input,scenario_forecast,CAEM.xlsb / native formula export,1a. Real GDP - Production,V162,exact native source formula output; year header checked; original units unchanged,FR2,,"[""FR2"",""FR3""]",direct_original_output_atom,original constant-price volume growth; historical base-year unresolved,false,ministry_caem:source:1a. Real GDP - Production:row162,Exact original row now exported by the actual CAEM engine; source unit/header caveats preserved.,original_literal
ministry_caem,oil_plus10,original_CAEM_2024_actual_2025_forecast,source:1a. Real GDP - Production:row162,Oil and gas servis / real growth,%,annual,2029,2.8699999999999903,source_input,scenario_forecast,CAEM.xlsb / native formula export,1a. Real GDP - Production,W162,exact native source formula output; year header checked; original units unchanged,FR2,,"[""FR2"",""FR3""]",direct_original_output_atom,original constant-price volume growth; historical base-year unresolved,false,ministry_caem:source:1a. Real GDP - Production:row162,Exact original row now exported by the actual CAEM engine; source unit/header caveats preserved.,original_literal
ministry_caem,oil_plus10,original_CAEM_2024_actual_2025_forecast,source:1a. Real GDP - Production:row66,metal (non-oil) / current basic-price VA or source tax component,mln AZN,annual,2025,262.78564798571716,run_calculated,scenario_forecast,CAEM.xlsb / native formula export,1a. Real GDP - Production,S66,exact native source formula output; year header checked; original units unchanged,FR2,,"[""FR2"",""FR3""]",direct_original_output_atom,current basic-price value-added component,false,ministry_caem:source:1a. Real GDP - Production:row66,Exact original row now exported by the actual CAEM engine; source unit/header caveats preserved.,formula_calculated
ministry_caem,oil_plus10,original_CAEM_2024_actual_2025_forecast,source:1a. Real GDP - Production:row66,metal (non-oil) / current basic-price VA or source tax component,mln AZN,annual,2026,265.82381338657535,run_calculated,scenario_forecast,CAEM.xlsb / native formula export,1a. Real GDP - Production,T66,exact native source formula output; year header checked; original units unchanged,FR2,,"[""FR2"",""FR3""]",direct_original_output_atom,current basic-price value-added component,false,ministry_caem:source:1a. Real GDP - Production:row66,Exact original row now exported by the actual CAEM engine; source unit/header caveats preserved.,formula_calculated
ministry_caem,oil_plus10,original_CAEM_2024_actual_2025_forecast,source:1a. Real GDP - Production:row66,metal (non-oil) / current basic-price VA or source tax component,mln AZN,annual,2027,181.75243923393327,run_calculated,scenario_forecast,CAEM.xlsb / native formula export,1a. Real GDP - Production,U66,exact native source formula output; year header checked; original units unchanged,FR2,,"[""FR2"",""FR3""]",direct_original_output_atom,current basic-price value-added component,false,ministry_caem:source:1a. Real GDP - Production:row66,Exact original row now exported by the actual CAEM engine; source unit/header caveats preserved.,formula_calculated
ministry_caem,oil_plus10,original_CAEM_2024_actual_2025_forecast,source:1a. Real GDP - Production:row66,metal (non-oil) / current basic-price VA or source tax component,mln AZN,annual,2028,761.0305821452326,run_calculated,scenario_forecast,CAEM.xlsb / native formula export,1a. Real GDP - Production,V66,exact native source formula output; year header checked; original units unchanged,FR2,,"[""FR2"",""FR3""]",direct_original_output_atom,current basic-price value-added component,false,ministry_caem:source:1a. Real GDP - Production:row66,Exact original row now exported by the actual CAEM engine; source unit/header caveats preserved.,formula_calculated
ministry_caem,oil_plus10,original_CAEM_2024_actual_2025_forecast,source:1a. Real GDP - Production:row66,metal (non-oil) / current basic-price VA or source tax component,mln AZN,annual,2029,1066.732401725364,run_calculated,scenario_forecast,CAEM.xlsb / native formula export,1a. Real GDP - Production,W66,exact native source formula output; year header checked; original units unchanged,FR2,,"[""FR2"",""FR3""]",direct_original_output_atom,current basic-price value-added component,false,ministry_caem:source:1a. Real GDP - Production:row66,Exact original row now exported by the actual CAEM engine; source unit/header caveats preserved.,formula_calculated
ministry_caem,oil_plus10,original_CAEM_2024_actual_2025_forecast,source:1a. Real GDP - Production:row103,metal (non-oil) / deflator growth,%,annual,2025,4.170887635856587,run_calculated,scenario_forecast,CAEM.xlsb / native formula export,1a. Real GDP - Production,S103,exact native source formula output; year header checked; original units unchanged,FR2,,"[""FR2"",""FR3""]",direct_original_output_atom,implicit current/volume deflator growth,false,ministry_caem:source:1a. Real GDP - Production:row103,Exact original row now exported by the actual CAEM engine; source unit/header caveats preserved.,formula_calculated
ministry_caem,oil_plus10,original_CAEM_2024_actual_2025_forecast,source:1a. Real GDP - Production:row103,metal (non-oil) / deflator growth,%,annual,2026,3.7711717823339366,run_calculated,scenario_forecast,CAEM.xlsb / native formula export,1a. Real GDP - Production,T103,exact native source formula output; year header checked; original units unchanged,FR2,,"[""FR2"",""FR3""]",direct_original_output_atom,implicit current/volume deflator growth,false,ministry_caem:source:1a. Real GDP - Production:row103,Exact original row now exported by the actual CAEM engine; source unit/header caveats preserved.,formula_calculated
ministry_caem,oil_plus10,original_CAEM_2024_actual_2025_forecast,source:1a. Real GDP - Production:row103,metal (non-oil) / deflator growth,%,annual,2027,3.4391408475050467,run_calculated,scenario_forecast,CAEM.xlsb / native formula export,1a. Real GDP - Production,U103,exact native source formula output; year header checked; original units unchanged,FR2,,"[""FR2"",""FR3""]",direct_original_output_atom,implicit current/volume deflator growth,false,ministry_caem:source:1a. Real GDP - Production:row103,Exact original row now exported by the actual CAEM engine; source unit/header caveats preserved.,formula_calculated
ministry_caem,oil_plus10,original_CAEM_2024_actual_2025_forecast,source:1a. Real GDP - Production:row103,metal (non-oil) / deflator growth,%,annual,2028,3.3616939221996396,run_calculated,scenario_forecast,CAEM.xlsb / native formula export,1a. Real GDP - Production,V103,exact native source formula output; year header checked; original units unchanged,FR2,,"[""FR2"",""FR3""]",direct_original_output_atom,implicit current/volume deflator growth,false,ministry_caem:source:1a. Real GDP - Production:row103,Exact original row now exported by the actual CAEM engine; source unit/header caveats preserved.,formula_calculated
ministry_caem,oil_plus10,original_CAEM_2024_actual_2025_forecast,source:1a. Real GDP - Production:row103,metal (non-oil) / deflator growth,%,annual,2029,3.2175645660188117,run_calculated,scenario_forecast,CAEM.xlsb / native formula export,1a. Real GDP - Production,W103,exact native source formula output; year header checked; original units unchanged,FR2,,"[""FR2"",""FR3""]",direct_original_output_atom,implicit current/volume deflator growth,false,ministry_caem:source:1a. Real GDP - Production:row103,Exact original row now exported by the actual CAEM engine; source unit/header caveats preserved.,formula_calculated
ministry_caem,oil_plus10,original_CAEM_2024_actual_2025_forecast,source:1a. Real GDP - Production:row163,metal (non-oil) / real growth,%,annual,2025,38.0,run_calculated,scenario_forecast,CAEM.xlsb / native formula export,1a. Real GDP - Production,S163,exact native source formula output; year header checked; original units unchanged,FR2,,"[""FR2"",""FR3""]",direct_original_output_atom,original constant-price volume growth; historical base-year unresolved,false,ministry_caem:source:1a. Real GDP - Production:row163,Exact original row now exported by the actual CAEM engine; source unit/header caveats preserved.,formula_calculated
ministry_caem,oil_plus10,original_CAEM_2024_actual_2025_forecast,source:1a. Real GDP - Production:row163,metal (non-oil) / real growth,%,annual,2026,-2.52,source_input,scenario_forecast,CAEM.xlsb / native formula export,1a. Real GDP - Production,T163,exact native source formula output; year header checked; original units unchanged,FR2,,"[""FR2"",""FR3""]",direct_original_output_atom,original constant-price volume growth; historical base-year unresolved,false,ministry_caem:source:1a. Real GDP - Production:row163,Exact original row now exported by the actual CAEM engine; source unit/header caveats preserved.,original_literal
ministry_caem,oil_plus10,original_CAEM_2024_actual_2025_forecast,source:1a. Real GDP - Production:row163,metal (non-oil) / real growth,%,annual,2027,-33.9,source_input,scenario_forecast,CAEM.xlsb / native formula export,1a. Real GDP - Production,U163,exact native source formula output; year header checked; original units unchanged,FR2,,"[""FR2"",""FR3""]",direct_original_output_atom,original constant-price volume growth; historical base-year unresolved,false,ministry_caem:source:1a. Real GDP - Production:row163,Exact original row now exported by the actual CAEM engine; source unit/header caveats preserved.,original_literal
ministry_caem,oil_plus10,original_CAEM_2024_actual_2025_forecast,source:1a. Real GDP - Production:row163,metal (non-oil) / real growth,%,annual,2028,305.1,run_calculated,scenario_forecast,CAEM.xlsb / native formula export,1a. Real GDP - Production,V163,exact native source formula output; year header checked; original units unchanged,FR2,,"[""FR2"",""FR3""]",direct_original_output_atom,original constant-price volume growth; historical base-year unresolved,false,ministry_caem:source:1a. Real GDP - Production:row163,Exact original row now exported by the actual CAEM engine; source unit/header caveats preserved.,formula_calculated
ministry_caem,oil_plus10,original_CAEM_2024_actual_2025_forecast,source:1a. Real GDP - Production:row163,metal (non-oil) / real growth,%,annual,2029,35.800000000000004,run_calculated,scenario_forecast,CAEM.xlsb / native formula export,1a. Real GDP - Production,W163,exact native source formula output; year header checked; original units unchanged,FR2,,"[""FR2"",""FR3""]",direct_original_output_atom,original constant-price volume growth; historical base-year unresolved,false,ministry_caem:source:1a. Real GDP - Production:row163,Exact original row now exported by the actual CAEM engine; source unit/header caveats preserved.,formula_calculated
ministry_caem,oil_plus10,original_CAEM_2024_actual_2025_forecast,source:1a. Real GDP - Production:row67,other mining (non-oil) / current basic-price VA or source tax component,mln AZN,annual,2025,128.55364645034334,run_calculated,scenario_forecast,CAEM.xlsb / native formula export,1a. Real GDP - Production,S67,exact native source formula output; year header checked; original units unchanged,FR2,,"[""FR2"",""FR3""]",direct_original_output_atom,current basic-price value-added component,false,ministry_caem:source:1a. Real GDP - Production:row67,Exact original row now exported by the actual CAEM engine; source unit/header caveats preserved.,formula_calculated
ministry_caem,oil_plus10,original_CAEM_2024_actual_2025_forecast,source:1a. Real GDP - Production:row67,other mining (non-oil) / current basic-price VA or source tax component,mln AZN,annual,2026,129.39957653172678,run_calculated,scenario_forecast,CAEM.xlsb / native formula export,1a. Real GDP - Production,T67,exact native source formula output; year header checked; original units unchanged,FR2,,"[""FR2"",""FR3""]",direct_original_output_atom,current basic-price value-added component,false,ministry_caem:source:1a. Real GDP - Production:row67,Exact original row now exported by the actual CAEM engine; source unit/header caveats preserved.,formula_calculated
ministry_caem,oil_plus10,original_CAEM_2024_actual_2025_forecast,source:1a. Real GDP - Production:row67,other mining (non-oil) / current basic-price VA or source tax component,mln AZN,annual,2027,137.86530453146977,run_calculated,scenario_forecast,CAEM.xlsb / native formula export,1a. Real GDP - Production,U67,exact native source formula output; year header checked; original units unchanged,FR2,,"[""FR2"",""FR3""]",direct_original_output_atom,current basic-price value-added component,false,ministry_caem:source:1a. Real GDP - Production:row67,Exact original row now exported by the actual CAEM engine; source unit/header caveats preserved.,formula_calculated
ministry_caem,oil_plus10,original_CAEM_2024_actual_2025_forecast,source:1a. Real GDP - Production:row67,other mining (non-oil) / current basic-price VA or source tax component,mln AZN,annual,2028,156.74990550419886,run_calculated,scenario_forecast,CAEM.xlsb / native formula export,1a. Real GDP - Production,V67,exact native source formula output; year header checked; original units unchanged,FR2,,"[""FR2"",""FR3""]",direct_original_output_atom,current basic-price value-added component,false,ministry_caem:source:1a. Real GDP - Production:row67,Exact original row now exported by the actual CAEM engine; source unit/header caveats preserved.,formula_calculated
ministry_caem,oil_plus10,original_CAEM_2024_actual_2025_forecast,source:1a. Real GDP - Production:row67,other mining (non-oil) / current basic-price VA or source tax component,mln AZN,annual,2029,173.11897536543785,run_calculated,scenario_forecast,CAEM.xlsb / native formula export,1a. Real GDP - Production,W67,exact native source formula output; year header checked; original units unchanged,FR2,,"[""FR2"",""FR3""]",direct_original_output_atom,current basic-price value-added component,false,ministry_caem:source:1a. Real GDP - Production:row67,Exact original row now exported by the actual CAEM engine; source unit/header caveats preserved.,formula_calculated
ministry_caem,oil_plus10,original_CAEM_2024_actual_2025_forecast,source:1a. Real GDP - Production:row104,other mining (non-oil) / deflator growth,%,annual,2025,4.170887635856587,run_calculated,scenario_forecast,CAEM.xlsb / native formula export,1a. Real GDP - Production,S104,exact native source formula output; year header checked; original units unchanged,FR2,,"[""FR2"",""FR3""]",direct_original_output_atom,implicit current/volume deflator growth,false,ministry_caem:source:1a. Real GDP - Production:row104,Exact original row now exported by the actual CAEM engine; source unit/header caveats preserved.,formula_calculated
ministry_caem,oil_plus10,original_CAEM_2024_actual_2025_forecast,source:1a. Real GDP - Production:row104,other mining (non-oil) / deflator growth,%,annual,2026,3.7711717823339366,run_calculated,scenario_forecast,CAEM.xlsb / native formula export,1a. Real GDP - Production,T104,exact native source formula output; year header checked; original units unchanged,FR2,,"[""FR2"",""FR3""]",direct_original_output_atom,implicit current/volume deflator growth,false,ministry_caem:source:1a. Real GDP - Production:row104,Exact original row now exported by the actual CAEM engine; source unit/header caveats preserved.,formula_calculated
ministry_caem,oil_plus10,original_CAEM_2024_actual_2025_forecast,source:1a. Real GDP - Production:row104,other mining (non-oil) / deflator growth,%,annual,2027,3.4391408475050467,run_calculated,scenario_forecast,CAEM.xlsb / native formula export,1a. Real GDP - Production,U104,exact native source formula output; year header checked; original units unchanged,FR2,,"[""FR2"",""FR3""]",direct_original_output_atom,implicit current/volume deflator growth,false,ministry_caem:source:1a. Real GDP - Production:row104,Exact original row now exported by the actual CAEM engine; source unit/header caveats preserved.,formula_calculated
ministry_caem,oil_plus10,original_CAEM_2024_actual_2025_forecast,source:1a. Real GDP - Production:row104,other mining (non-oil) / deflator growth,%,annual,2028,3.3616939221996396,run_calculated,scenario_forecast,CAEM.xlsb / native formula export,1a. Real GDP - Production,V104,exact native source formula output; year header checked; original units unchanged,FR2,,"[""FR2"",""FR3""]",direct_original_output_atom,implicit current/volume deflator growth,false,ministry_caem:source:1a. Real GDP - Production:row104,Exact original row now exported by the actual CAEM engine; source unit/header caveats preserved.,formula_calculated
ministry_caem,oil_plus10,original_CAEM_2024_actual_2025_forecast,source:1a. Real GDP - Production:row104,other mining (non-oil) / deflator growth,%,annual,2029,3.2175645660188117,run_calculated,scenario_forecast,CAEM.xlsb / native formula export,1a. Real GDP - Production,W104,exact native source formula output; year header checked; original units unchanged,FR2,,"[""FR2"",""FR3""]",direct_original_output_atom,implicit current/volume deflator growth,false,ministry_caem:source:1a. Real GDP - Production:row104,Exact original row now exported by the actual CAEM engine; source unit/header caveats preserved.,formula_calculated
ministry_caem,oil_plus10,original_CAEM_2024_actual_2025_forecast,source:1a. Real GDP - Production:row164,other mining (non-oil) / real growth,%,annual,2025,9.5,run_calculated,scenario_forecast,CAEM.xlsb / native formula export,1a. Real GDP - Production,S164,exact native source formula output; year header checked; original units unchanged,FR2,,"[""FR2"",""FR3""]",direct_original_output_atom,original constant-price volume growth; historical base-year unresolved,false,ministry_caem:source:1a. Real GDP - Production:row164,Exact original row now exported by the actual CAEM engine; source unit/header caveats preserved.,formula_calculated
ministry_caem,oil_plus10,original_CAEM_2024_actual_2025_forecast,source:1a. Real GDP - Production:row164,other mining (non-oil) / real growth,%,annual,2026,-3.0,source_input,scenario_forecast,CAEM.xlsb / native formula export,1a. Real GDP - Production,T164,exact native source formula output; year header checked; original units unchanged,FR2,,"[""FR2"",""FR3""]",direct_original_output_atom,original constant-price volume growth; historical base-year unresolved,false,ministry_caem:source:1a. Real GDP - Production:row164,Exact original row now exported by the actual CAEM engine; source unit/header caveats preserved.,original_literal
ministry_caem,oil_plus10,original_CAEM_2024_actual_2025_forecast,source:1a. Real GDP - Production:row164,other mining (non-oil) / real growth,%,annual,2027,3.0,source_input,scenario_forecast,CAEM.xlsb / native formula export,1a. Real GDP - Production,U164,exact native source formula output; year header checked; original units unchanged,FR2,,"[""FR2"",""FR3""]",direct_original_output_atom,original constant-price volume growth; historical base-year unresolved,false,ministry_caem:source:1a. Real GDP - Production:row164,Exact original row now exported by the actual CAEM engine; source unit/header caveats preserved.,original_literal
ministry_caem,oil_plus10,original_CAEM_2024_actual_2025_forecast,source:1a. Real GDP - Production:row164,other mining (non-oil) / real growth,%,annual,2028,10.0,source_input,scenario_forecast,CAEM.xlsb / native formula export,1a. Real GDP - Production,V164,exact native source formula output; year header checked; original units unchanged,FR2,,"[""FR2"",""FR3""]",direct_original_output_atom,original constant-price volume growth; historical base-year unresolved,false,ministry_caem:source:1a. Real GDP - Production:row164,Exact original row now exported by the actual CAEM engine; source unit/header caveats preserved.,original_literal
ministry_caem,oil_plus10,original_CAEM_2024_actual_2025_forecast,source:1a. Real GDP - Production:row164,other mining (non-oil) / real growth,%,annual,2029,7.0,source_input,scenario_forecast,CAEM.xlsb / native formula export,1a. Real GDP - Production,W164,exact native source formula output; year header checked; original units unchanged,FR2,,"[""FR2"",""FR3""]",direct_original_output_atom,original constant-price volume growth; historical base-year unresolved,false,ministry_caem:source:1a. Real GDP - Production:row164,Exact original row now exported by the actual CAEM engine; source unit/header caveats preserved.,original_literal
ministry_caem,oil_plus10,original_CAEM_2024_actual_2025_forecast,source:1a. Real GDP - Production:row69,   Manufacturing / current basic-price VA or source tax component,mln AZN,annual,2025,7921.899550036993,run_calculated,scenario_forecast,CAEM.xlsb / native formula export,1a. Real GDP - Production,S69,exact native source formula output; year header checked; original units unchanged,FR2,,"[""FR2"",""FR3""]",direct_original_output_atom,current basic-price value-added component,false,ministry_caem:source:1a. Real GDP - Production:row69,Exact original row now exported by the actual CAEM engine; source unit/header caveats preserved.,formula_calculated
ministry_caem,oil_plus10,original_CAEM_2024_actual_2025_forecast,source:1a. Real GDP - Production:row69,   Manufacturing / current basic-price VA or source tax component,mln AZN,annual,2026,8892.677960732557,run_calculated,scenario_forecast,CAEM.xlsb / native formula export,1a. Real GDP - Production,T69,exact native source formula output; year header checked; original units unchanged,FR2,,"[""FR2"",""FR3""]",direct_original_output_atom,current basic-price value-added component,false,ministry_caem:source:1a. Real GDP - Production:row69,Exact original row now exported by the actual CAEM engine; source unit/header caveats preserved.,formula_calculated
ministry_caem,oil_plus10,original_CAEM_2024_actual_2025_forecast,source:1a. Real GDP - Production:row69,   Manufacturing / current basic-price VA or source tax component,mln AZN,annual,2027,9995.487138017612,run_calculated,scenario_forecast,CAEM.xlsb / native formula export,1a. Real GDP - Production,U69,exact native source formula output; year header checked; original units unchanged,FR2,,"[""FR2"",""FR3""]",direct_original_output_atom,current basic-price value-added component,false,ministry_caem:source:1a. Real GDP - Production:row69,Exact original row now exported by the actual CAEM engine; source unit/header caveats preserved.,formula_calculated
ministry_caem,oil_plus10,original_CAEM_2024_actual_2025_forecast,source:1a. Real GDP - Production:row69,   Manufacturing / current basic-price VA or source tax component,mln AZN,annual,2028,10610.452569032881,run_calculated,scenario_forecast,CAEM.xlsb / native formula export,1a. Real GDP - Production,V69,exact native source formula output; year header checked; original units unchanged,FR2,,"[""FR2"",""FR3""]",direct_original_output_atom,current basic-price value-added component,false,ministry_caem:source:1a. Real GDP - Production:row69,Exact original row now exported by the actual CAEM engine; source unit/header caveats preserved.,formula_calculated
ministry_caem,oil_plus10,original_CAEM_2024_actual_2025_forecast,source:1a. Real GDP - Production:row69,   Manufacturing / current basic-price VA or source tax component,mln AZN,annual,2029,11725.22533859736,run_calculated,scenario_forecast,CAEM.xlsb / native formula export,1a. Real GDP - Production,W69,exact native source formula output; year header checked; original units unchanged,FR2,,"[""FR2"",""FR3""]",direct_original_output_atom,current basic-price value-added component,false,ministry_caem:source:1a. Real GDP - Production:row69,Exact original row now exported by the actual CAEM engine; source unit/header caveats preserved.,formula_calculated
ministry_caem,oil_plus10,original_CAEM_2024_actual_2025_forecast,source:1a. Real GDP - Production:row106,   Manufacturing / deflator growth,%,annual,2025,,unavailable_source_blank,scenario_forecast,CAEM.xlsb / native formula export,1a. Real GDP - Production,S106,exact native source formula output; year header checked; original units unchanged,FR2,,"[""FR2"",""FR3""]",direct_original_output_atom,implicit current/volume deflator growth,false,ministry_caem:source:1a. Real GDP - Production:row106,Exact original row now exported by the actual CAEM engine; source unit/header caveats preserved.,original_literal
ministry_caem,oil_plus10,original_CAEM_2024_actual_2025_forecast,source:1a. Real GDP - Production:row106,   Manufacturing / deflator growth,%,annual,2026,,unavailable_source_blank,scenario_forecast,CAEM.xlsb / native formula export,1a. Real GDP - Production,T106,exact native source formula output; year header checked; original units unchanged,FR2,,"[""FR2"",""FR3""]",direct_original_output_atom,implicit current/volume deflator growth,false,ministry_caem:source:1a. Real GDP - Production:row106,Exact original row now exported by the actual CAEM engine; source unit/header caveats preserved.,original_literal
ministry_caem,oil_plus10,original_CAEM_2024_actual_2025_forecast,source:1a. Real GDP - Production:row106,   Manufacturing / deflator growth,%,annual,2027,,unavailable_source_blank,scenario_forecast,CAEM.xlsb / native formula export,1a. Real GDP - Production,U106,exact native source formula output; year header checked; original units unchanged,FR2,,"[""FR2"",""FR3""]",direct_original_output_atom,implicit current/volume deflator growth,false,ministry_caem:source:1a. Real GDP - Production:row106,Exact original row now exported by the actual CAEM engine; source unit/header caveats preserved.,original_literal
ministry_caem,oil_plus10,original_CAEM_2024_actual_2025_forecast,source:1a. Real GDP - Production:row106,   Manufacturing / deflator growth,%,annual,2028,,unavailable_source_blank,scenario_forecast,CAEM.xlsb / native formula export,1a. Real GDP - Production,V106,exact native source formula output; year header checked; original units unchanged,FR2,,"[""FR2"",""FR3""]",direct_original_output_atom,implicit current/volume deflator growth,false,ministry_caem:source:1a. Real GDP - Production:row106,Exact original row now exported by the actual CAEM engine; source unit/header caveats preserved.,original_literal
ministry_caem,oil_plus10,original_CAEM_2024_actual_2025_forecast,source:1a. Real GDP - Production:row106,   Manufacturing / deflator growth,%,annual,2029,,unavailable_source_blank,scenario_forecast,CAEM.xlsb / native formula export,1a. Real GDP - Production,W106,exact native source formula output; year header checked; original units unchanged,FR2,,"[""FR2"",""FR3""]",direct_original_output_atom,implicit current/volume deflator growth,false,ministry_caem:source:1a. Real GDP - Production:row106,Exact original row now exported by the actual CAEM engine; source unit/header caveats preserved.,original_literal
ministry_caem,oil_plus10,original_CAEM_2024_actual_2025_forecast,source:1a. Real GDP - Production:row166,   Manufacturing / real growth,%,annual,2025,,unavailable_source_blank,scenario_forecast,CAEM.xlsb / native formula export,1a. Real GDP - Production,S166,exact native source formula output; year header checked; original units unchanged,FR2,,"[""FR2"",""FR3""]",direct_original_output_atom,original constant-price volume growth; historical base-year unresolved,false,ministry_caem:source:1a. Real GDP - Production:row166,Exact original row now exported by the actual CAEM engine; source unit/header caveats preserved.,original_literal
ministry_caem,oil_plus10,original_CAEM_2024_actual_2025_forecast,source:1a. Real GDP - Production:row166,   Manufacturing / real growth,%,annual,2026,,unavailable_source_blank,scenario_forecast,CAEM.xlsb / native formula export,1a. Real GDP - Production,T166,exact native source formula output; year header checked; original units unchanged,FR2,,"[""FR2"",""FR3""]",direct_original_output_atom,original constant-price volume growth; historical base-year unresolved,false,ministry_caem:source:1a. Real GDP - Production:row166,Exact original row now exported by the actual CAEM engine; source unit/header caveats preserved.,original_literal
ministry_caem,oil_plus10,original_CAEM_2024_actual_2025_forecast,source:1a. Real GDP - Production:row166,   Manufacturing / real growth,%,annual,2027,,unavailable_source_blank,scenario_forecast,CAEM.xlsb / native formula export,1a. Real GDP - Production,U166,exact native source formula output; year header checked; original units unchanged,FR2,,"[""FR2"",""FR3""]",direct_original_output_atom,original constant-price volume growth; historical base-year unresolved,false,ministry_caem:source:1a. Real GDP - Production:row166,Exact original row now exported by the actual CAEM engine; source unit/header caveats preserved.,original_literal
ministry_caem,oil_plus10,original_CAEM_2024_actual_2025_forecast,source:1a. Real GDP - Production:row166,   Manufacturing / real growth,%,annual,2028,,unavailable_source_blank,scenario_forecast,CAEM.xlsb / native formula export,1a. Real GDP - Production,V166,exact native source formula output; year header checked; original units unchanged,FR2,,"[""FR2"",""FR3""]",direct_original_output_atom,original constant-price volume growth; historical base-year unresolved,false,ministry_caem:source:1a. Real GDP - Production:row166,Exact original row now exported by the actual CAEM engine; source unit/header caveats preserved.,original_literal
ministry_caem,oil_plus10,original_CAEM_2024_actual_2025_forecast,source:1a. Real GDP - Production:row166,   Manufacturing / real growth,%,annual,2029,,unavailable_source_blank,scenario_forecast,CAEM.xlsb / native formula export,1a. Real GDP - Production,W166,exact native source formula output; year header checked; original units unchanged,FR2,,"[""FR2"",""FR3""]",direct_original_output_atom,original constant-price volume growth; historical base-year unresolved,false,ministry_caem:source:1a. Real GDP - Production:row166,Exact original row now exported by the actual CAEM engine; source unit/header caveats preserved.,original_literal
ministry_caem,oil_plus10,original_CAEM_2024_actual_2025_forecast,source:1a. Real GDP - Production:row70,o/w oil and gas / current basic-price VA or source tax component,mln AZN,annual,2025,2498.4,run_calculated,scenario_forecast,CAEM.xlsb / native formula export,1a. Real GDP - Production,S70,exact native source formula output; year header checked; original units unchanged,FR2,,"[""FR2"",""FR3""]",direct_original_output_atom,current basic-price value-added component,false,ministry_caem:source:1a. Real GDP - Production:row70,Exact original row now exported by the actual CAEM engine; source unit/header caveats preserved.,formula_calculated
ministry_caem,oil_plus10,original_CAEM_2024_actual_2025_forecast,source:1a. Real GDP - Production:row70,o/w oil and gas / current basic-price VA or source tax component,mln AZN,annual,2026,2641.7000000000003,run_calculated,scenario_forecast,CAEM.xlsb / native formula export,1a. Real GDP - Production,T70,exact native source formula output; year header checked; original units unchanged,FR2,,"[""FR2"",""FR3""]",direct_original_output_atom,current basic-price value-added component,false,ministry_caem:source:1a. Real GDP - Production:row70,Exact original row now exported by the actual CAEM engine; source unit/header caveats preserved.,formula_calculated
ministry_caem,oil_plus10,original_CAEM_2024_actual_2025_forecast,source:1a. Real GDP - Production:row70,o/w oil and gas / current basic-price VA or source tax component,mln AZN,annual,2027,2867.2,run_calculated,scenario_forecast,CAEM.xlsb / native formula export,1a. Real GDP - Production,U70,exact native source formula output; year header checked; original units unchanged,FR2,,"[""FR2"",""FR3""]",direct_original_output_atom,current basic-price value-added component,false,ministry_caem:source:1a. Real GDP - Production:row70,Exact original row now exported by the actual CAEM engine; source unit/header caveats preserved.,formula_calculated
ministry_caem,oil_plus10,original_CAEM_2024_actual_2025_forecast,source:1a. Real GDP - Production:row70,o/w oil and gas / current basic-price VA or source tax component,mln AZN,annual,2028,2726.3,run_calculated,scenario_forecast,CAEM.xlsb / native formula export,1a. Real GDP - Production,V70,exact native source formula output; year header checked; original units unchanged,FR2,,"[""FR2"",""FR3""]",direct_original_output_atom,current basic-price value-added component,false,ministry_caem:source:1a. Real GDP - Production:row70,Exact original row now exported by the actual CAEM engine; source unit/header caveats preserved.,formula_calculated
ministry_caem,oil_plus10,original_CAEM_2024_actual_2025_forecast,source:1a. Real GDP - Production:row70,o/w oil and gas / current basic-price VA or source tax component,mln AZN,annual,2029,2957.3,run_calculated,scenario_forecast,CAEM.xlsb / native formula export,1a. Real GDP - Production,W70,exact native source formula output; year header checked; original units unchanged,FR2,,"[""FR2"",""FR3""]",direct_original_output_atom,current basic-price value-added component,false,ministry_caem:source:1a. Real GDP - Production:row70,Exact original row now exported by the actual CAEM engine; source unit/header caveats preserved.,formula_calculated
ministry_caem,oil_plus10,original_CAEM_2024_actual_2025_forecast,source:1a. Real GDP - Production:row107,o/w oil and gas / deflator growth,%,annual,2025,7.654570114812316,run_calculated,scenario_forecast,CAEM.xlsb / native formula export,1a. Real GDP - Production,S107,exact native source formula output; year header checked; original units unchanged,FR2,,"[""FR2"",""FR3""]",direct_original_output_atom,implicit current/volume deflator growth,false,ministry_caem:source:1a. Real GDP - Production:row107,Exact original row now exported by the actual CAEM engine; source unit/header caveats preserved.,formula_calculated
ministry_caem,oil_plus10,original_CAEM_2024_actual_2025_forecast,source:1a. Real GDP - Production:row107,o/w oil and gas / deflator growth,%,annual,2026,3.2208911962593163,run_calculated,scenario_forecast,CAEM.xlsb / native formula export,1a. Real GDP - Production,T107,exact native source formula output; year header checked; original units unchanged,FR2,,"[""FR2"",""FR3""]",direct_original_output_atom,implicit current/volume deflator growth,false,ministry_caem:source:1a. Real GDP - Production:row107,Exact original row now exported by the actual CAEM engine; source unit/header caveats preserved.,formula_calculated
ministry_caem,oil_plus10,original_CAEM_2024_actual_2025_forecast,source:1a. Real GDP - Production:row107,o/w oil and gas / deflator growth,%,annual,2027,-0.29049923638437747,run_calculated,scenario_forecast,CAEM.xlsb / native formula export,1a. Real GDP - Production,U107,exact native source formula output; year header checked; original units unchanged,FR2,,"[""FR2"",""FR3""]",direct_original_output_atom,implicit current/volume deflator growth,false,ministry_caem:source:1a. Real GDP - Production:row107,Exact original row now exported by the actual CAEM engine; source unit/header caveats preserved.,formula_calculated
ministry_caem,oil_plus10,original_CAEM_2024_actual_2025_forecast,source:1a. Real GDP - Production:row107,o/w oil and gas / deflator growth,%,annual,2028,-0.3065308915984275,run_calculated,scenario_forecast,CAEM.xlsb / native formula export,1a. Real GDP - Production,V107,exact native source formula output; year header checked; original units unchanged,FR2,,"[""FR2"",""FR3""]",direct_original_output_atom,implicit current/volume deflator growth,false,ministry_caem:source:1a. Real GDP - Production:row107,Exact original row now exported by the actual CAEM engine; source unit/header caveats preserved.,formula_calculated
ministry_caem,oil_plus10,original_CAEM_2024_actual_2025_forecast,source:1a. Real GDP - Production:row107,o/w oil and gas / deflator growth,%,annual,2029,-0.3731475321966826,run_calculated,scenario_forecast,CAEM.xlsb / native formula export,1a. Real GDP - Production,W107,exact native source formula output; year header checked; original units unchanged,FR2,,"[""FR2"",""FR3""]",direct_original_output_atom,implicit current/volume deflator growth,false,ministry_caem:source:1a. Real GDP - Production:row107,Exact original row now exported by the actual CAEM engine; source unit/header caveats preserved.,formula_calculated
ministry_caem,oil_plus10,original_CAEM_2024_actual_2025_forecast,source:1a. Real GDP - Production:row167,o/w oil and gas / real growth,%,annual,2025,11.498957614738643,run_calculated,scenario_forecast,CAEM.xlsb / native formula export,1a. Real GDP - Production,S167,exact native source formula output; year header checked; original units unchanged,FR2,,"[""FR2"",""FR3""]",direct_original_output_atom,original constant-price volume growth; historical base-year unresolved,false,ministry_caem:source:1a. Real GDP - Production:row167,Exact original row now exported by the actual CAEM engine; source unit/header caveats preserved.,formula_calculated
ministry_caem,oil_plus10,original_CAEM_2024_actual_2025_forecast,source:1a. Real GDP - Production:row167,o/w oil and gas / real growth,%,annual,2026,-5.503061660163411,run_calculated,scenario_forecast,CAEM.xlsb / native formula export,1a. Real GDP - Production,T167,exact native source formula output; year header checked; original units unchanged,FR2,,"[""FR2"",""FR3""]",direct_original_output_atom,original constant-price volume growth; historical base-year unresolved,false,ministry_caem:source:1a. Real GDP - Production:row167,Exact original row now exported by the actual CAEM engine; source unit/header caveats preserved.,formula_calculated
ministry_caem,oil_plus10,original_CAEM_2024_actual_2025_forecast,source:1a. Real GDP - Production:row167,o/w oil and gas / real growth,%,annual,2027,8.479983721592845,run_calculated,scenario_forecast,CAEM.xlsb / native formula export,1a. Real GDP - Production,U167,exact native source formula output; year header checked; original units unchanged,FR2,,"[""FR2"",""FR3""]",direct_original_output_atom,original constant-price volume growth; historical base-year unresolved,false,ministry_caem:source:1a. Real GDP - Production:row167,Exact original row now exported by the actual CAEM engine; source unit/header caveats preserved.,formula_calculated
ministry_caem,oil_plus10,original_CAEM_2024_actual_2025_forecast,source:1a. Real GDP - Production:row167,o/w oil and gas / real growth,%,annual,2028,-8.078002715779391,run_calculated,scenario_forecast,CAEM.xlsb / native formula export,1a. Real GDP - Production,V167,exact native source formula output; year header checked; original units unchanged,FR2,,"[""FR2"",""FR3""]",direct_original_output_atom,original constant-price volume growth; historical base-year unresolved,false,ministry_caem:source:1a. Real GDP - Production:row167,Exact original row now exported by the actual CAEM engine; source unit/header caveats preserved.,formula_calculated
ministry_caem,oil_plus10,original_CAEM_2024_actual_2025_forecast,source:1a. Real GDP - Production:row167,o/w oil and gas / real growth,%,annual,2029,8.509365246992758,run_calculated,scenario_forecast,CAEM.xlsb / native formula export,1a. Real GDP - Production,W167,exact native source formula output; year header checked; original units unchanged,FR2,,"[""FR2"",""FR3""]",direct_original_output_atom,original constant-price volume growth; historical base-year unresolved,false,ministry_caem:source:1a. Real GDP - Production:row167,Exact original row now exported by the actual CAEM engine; source unit/header caveats preserved.,formula_calculated
ministry_caem,oil_plus10,original_CAEM_2024_actual_2025_forecast,source:1a. Real GDP - Production:row72,o/w non-oil / current basic-price VA or source tax component,mln AZN,annual,2025,5423.499550036993,run_calculated,scenario_forecast,CAEM.xlsb / native formula export,1a. Real GDP - Production,S72,exact native source formula output; year header checked; original units unchanged,FR2,,"[""FR2"",""FR3""]",direct_original_output_atom,current basic-price value-added component,false,ministry_caem:source:1a. Real GDP - Production:row72,Exact original row now exported by the actual CAEM engine; source unit/header caveats preserved.,formula_calculated
ministry_caem,oil_plus10,original_CAEM_2024_actual_2025_forecast,source:1a. Real GDP - Production:row72,o/w non-oil / current basic-price VA or source tax component,mln AZN,annual,2026,6250.977960732556,run_calculated,scenario_forecast,CAEM.xlsb / native formula export,1a. Real GDP - Production,T72,exact native source formula output; year header checked; original units unchanged,FR2,,"[""FR2"",""FR3""]",direct_original_output_atom,current basic-price value-added component,false,ministry_caem:source:1a. Real GDP - Production:row72,Exact original row now exported by the actual CAEM engine; source unit/header caveats preserved.,formula_calculated
ministry_caem,oil_plus10,original_CAEM_2024_actual_2025_forecast,source:1a. Real GDP - Production:row72,o/w non-oil / current basic-price VA or source tax component,mln AZN,annual,2027,7128.287138017613,run_calculated,scenario_forecast,CAEM.xlsb / native formula export,1a. Real GDP - Production,U72,exact native source formula output; year header checked; original units unchanged,FR2,,"[""FR2"",""FR3""]",direct_original_output_atom,current basic-price value-added component,false,ministry_caem:source:1a. Real GDP - Production:row72,Exact original row now exported by the actual CAEM engine; source unit/header caveats preserved.,formula_calculated
ministry_caem,oil_plus10,original_CAEM_2024_actual_2025_forecast,source:1a. Real GDP - Production:row72,o/w non-oil / current basic-price VA or source tax component,mln AZN,annual,2028,7884.152569032881,run_calculated,scenario_forecast,CAEM.xlsb / native formula export,1a. Real GDP - Production,V72,exact native source formula output; year header checked; original units unchanged,FR2,,"[""FR2"",""FR3""]",direct_original_output_atom,current basic-price value-added component,false,ministry_caem:source:1a. Real GDP - Production:row72,Exact original row now exported by the actual CAEM engine; source unit/header caveats preserved.,formula_calculated
ministry_caem,oil_plus10,original_CAEM_2024_actual_2025_forecast,source:1a. Real GDP - Production:row72,o/w non-oil / current basic-price VA or source tax component,mln AZN,annual,2029,8767.925338597359,run_calculated,scenario_forecast,CAEM.xlsb / native formula export,1a. Real GDP - Production,W72,exact native source formula output; year header checked; original units unchanged,FR2,,"[""FR2"",""FR3""]",direct_original_output_atom,current basic-price value-added component,false,ministry_caem:source:1a. Real GDP - Production:row72,Exact original row now exported by the actual CAEM engine; source unit/header caveats preserved.,formula_calculated
ministry_caem,oil_plus10,original_CAEM_2024_actual_2025_forecast,source:1a. Real GDP - Production:row108,o/w non-oil / deflator growth,%,annual,2025,4.170887635856587,run_calculated,scenario_forecast,CAEM.xlsb / native formula export,1a. Real GDP - Production,S108,exact native source formula output; year header checked; original units unchanged,FR2,,"[""FR2"",""FR3""]",direct_original_output_atom,implicit current/volume deflator growth,false,ministry_caem:source:1a. Real GDP - Production:row108,Exact original row now exported by the actual CAEM engine; source unit/header caveats preserved.,formula_calculated
ministry_caem,oil_plus10,original_CAEM_2024_actual_2025_forecast,source:1a. Real GDP - Production:row108,o/w non-oil / deflator growth,%,annual,2026,3.7711717823339366,run_calculated,scenario_forecast,CAEM.xlsb / native formula export,1a. Real GDP - Production,T108,exact native source formula output; year header checked; original units unchanged,FR2,,"[""FR2"",""FR3""]",direct_original_output_atom,implicit current/volume deflator growth,false,ministry_caem:source:1a. Real GDP - Production:row108,Exact original row now exported by the actual CAEM engine; source unit/header caveats preserved.,formula_calculated
ministry_caem,oil_plus10,original_CAEM_2024_actual_2025_forecast,source:1a. Real GDP - Production:row108,o/w non-oil / deflator growth,%,annual,2027,3.4391408475050467,run_calculated,scenario_forecast,CAEM.xlsb / native formula export,1a. Real GDP - Production,U108,exact native source formula output; year header checked; original units unchanged,FR2,,"[""FR2"",""FR3""]",direct_original_output_atom,implicit current/volume deflator growth,false,ministry_caem:source:1a. Real GDP - Production:row108,Exact original row now exported by the actual CAEM engine; source unit/header caveats preserved.,formula_calculated
ministry_caem,oil_plus10,original_CAEM_2024_actual_2025_forecast,source:1a. Real GDP - Production:row108,o/w non-oil / deflator growth,%,annual,2028,3.3616939221996396,run_calculated,scenario_forecast,CAEM.xlsb / native formula export,1a. Real GDP - Production,V108,exact native source formula output; year header checked; original units unchanged,FR2,,"[""FR2"",""FR3""]",direct_original_output_atom,implicit current/volume deflator growth,false,ministry_caem:source:1a. Real GDP - Production:row108,Exact original row now exported by the actual CAEM engine; source unit/header caveats preserved.,formula_calculated
ministry_caem,oil_plus10,original_CAEM_2024_actual_2025_forecast,source:1a. Real GDP - Production:row108,o/w non-oil / deflator growth,%,annual,2029,3.2175645660188117,run_calculated,scenario_forecast,CAEM.xlsb / native formula export,1a. Real GDP - Production,W108,exact native source formula output; year header checked; original units unchanged,FR2,,"[""FR2"",""FR3""]",direct_original_output_atom,implicit current/volume deflator growth,false,ministry_caem:source:1a. Real GDP - Production:row108,Exact original row now exported by the actual CAEM engine; source unit/header caveats preserved.,formula_calculated
ministry_caem,oil_plus10,original_CAEM_2024_actual_2025_forecast,source:1a. Real GDP - Production:row168,o/w non-oil / real growth,%,annual,2025,8.006567919674694,source_input,scenario_forecast,CAEM.xlsb / native formula export,1a. Real GDP - Production,S168,exact native source formula output; year header checked; original units unchanged,FR2,,"[""FR2"",""FR3""]",direct_original_output_atom,original constant-price volume growth; historical base-year unresolved,false,ministry_caem:source:1a. Real GDP - Production:row168,Exact original row now exported by the actual CAEM engine; source unit/header caveats preserved.,original_literal
ministry_caem,oil_plus10,original_CAEM_2024_actual_2025_forecast,source:1a. Real GDP - Production:row168,o/w non-oil / real growth,%,annual,2026,11.0686871409264,run_calculated,scenario_forecast,CAEM.xlsb / native formula export,1a. Real GDP - Production,T168,exact native source formula output; year header checked; original units unchanged,FR2,,"[""FR2"",""FR3""]",direct_original_output_atom,original constant-price volume growth; historical base-year unresolved,false,ministry_caem:source:1a. Real GDP - Production:row168,Exact original row now exported by the actual CAEM engine; source unit/header caveats preserved.,formula_calculated
ministry_caem,oil_plus10,original_CAEM_2024_actual_2025_forecast,source:1a. Real GDP - Production:row168,o/w non-oil / real growth,%,annual,2027,10.243327460592301,run_calculated,scenario_forecast,CAEM.xlsb / native formula export,1a. Real GDP - Production,U168,exact native source formula output; year header checked; original units unchanged,FR2,,"[""FR2"",""FR3""]",direct_original_output_atom,original constant-price volume growth; historical base-year unresolved,false,ministry_caem:source:1a. Real GDP - Production:row168,Exact original row now exported by the actual CAEM engine; source unit/header caveats preserved.,formula_calculated
ministry_caem,oil_plus10,original_CAEM_2024_actual_2025_forecast,source:1a. Real GDP - Production:row168,o/w non-oil / real growth,%,annual,2028,7.006514081363759,run_calculated,scenario_forecast,CAEM.xlsb / native formula export,1a. Real GDP - Production,V168,exact native source formula output; year header checked; original units unchanged,FR2,,"[""FR2"",""FR3""]",direct_original_output_atom,original constant-price volume growth; historical base-year unresolved,false,ministry_caem:source:1a. Real GDP - Production:row168,Exact original row now exported by the actual CAEM engine; source unit/header caveats preserved.,formula_calculated
ministry_caem,oil_plus10,original_CAEM_2024_actual_2025_forecast,source:1a. Real GDP - Production:row168,o/w non-oil / real growth,%,annual,2029,7.74278953220744,run_calculated,scenario_forecast,CAEM.xlsb / native formula export,1a. Real GDP - Production,W168,exact native source formula output; year header checked; original units unchanged,FR2,,"[""FR2"",""FR3""]",direct_original_output_atom,original constant-price volume growth; historical base-year unresolved,false,ministry_caem:source:1a. Real GDP - Production:row168,Exact original row now exported by the actual CAEM engine; source unit/header caveats preserved.,formula_calculated
ministry_caem,oil_plus10,original_CAEM_2024_actual_2025_forecast,source:1a. Real GDP - Production:row73,   Electricity / current basic-price VA or source tax component,mln AZN,annual,2025,1492.1412943947062,run_calculated,scenario_forecast,CAEM.xlsb / native formula export,1a. Real GDP - Production,S73,exact native source formula output; year header checked; original units unchanged,FR2,,"[""FR2"",""FR3""]",direct_original_output_atom,current basic-price value-added component,false,ministry_caem:source:1a. Real GDP - Production:row73,Exact original row now exported by the actual CAEM engine; source unit/header caveats preserved.,formula_calculated
ministry_caem,oil_plus10,original_CAEM_2024_actual_2025_forecast,source:1a. Real GDP - Production:row73,   Electricity / current basic-price VA or source tax component,mln AZN,annual,2026,1571.6386934290936,run_calculated,scenario_forecast,CAEM.xlsb / native formula export,1a. Real GDP - Production,T73,exact native source formula output; year header checked; original units unchanged,FR2,,"[""FR2"",""FR3""]",direct_original_output_atom,current basic-price value-added component,false,ministry_caem:source:1a. Real GDP - Production:row73,Exact original row now exported by the actual CAEM engine; source unit/header caveats preserved.,formula_calculated
ministry_caem,oil_plus10,original_CAEM_2024_actual_2025_forecast,source:1a. Real GDP - Production:row73,   Electricity / current basic-price VA or source tax component,mln AZN,annual,2027,1676.0859381230182,run_calculated,scenario_forecast,CAEM.xlsb / native formula export,1a. Real GDP - Production,U73,exact native source formula output; year header checked; original units unchanged,FR2,,"[""FR2"",""FR3""]",direct_original_output_atom,current basic-price value-added component,false,ministry_caem:source:1a. Real GDP - Production:row73,Exact original row now exported by the actual CAEM engine; source unit/header caveats preserved.,formula_calculated
ministry_caem,oil_plus10,original_CAEM_2024_actual_2025_forecast,source:1a. Real GDP - Production:row73,   Electricity / current basic-price VA or source tax component,mln AZN,annual,2028,1787.8686033872866,run_calculated,scenario_forecast,CAEM.xlsb / native formula export,1a. Real GDP - Production,V73,exact native source formula output; year header checked; original units unchanged,FR2,,"[""FR2"",""FR3""]",direct_original_output_atom,current basic-price value-added component,false,ministry_caem:source:1a. Real GDP - Production:row73,Exact original row now exported by the actual CAEM engine; source unit/header caveats preserved.,formula_calculated
ministry_caem,oil_plus10,original_CAEM_2024_actual_2025_forecast,source:1a. Real GDP - Production:row73,   Electricity / current basic-price VA or source tax component,mln AZN,annual,2029,1913.6740239689545,run_calculated,scenario_forecast,CAEM.xlsb / native formula export,1a. Real GDP - Production,W73,exact native source formula output; year header checked; original units unchanged,FR2,,"[""FR2"",""FR3""]",direct_original_output_atom,current basic-price value-added component,false,ministry_caem:source:1a. Real GDP - Production:row73,Exact original row now exported by the actual CAEM engine; source unit/header caveats preserved.,formula_calculated
ministry_caem,oil_plus10,original_CAEM_2024_actual_2025_forecast,source:1a. Real GDP - Production:row109,   Electricity / deflator growth,%,annual,2025,4.170887635856587,run_calculated,scenario_forecast,CAEM.xlsb / native formula export,1a. Real GDP - Production,S109,exact native source formula output; year header checked; original units unchanged,FR2,,"[""FR2"",""FR3""]",direct_original_output_atom,implicit current/volume deflator growth,false,ministry_caem:source:1a. Real GDP - Production:row109,Exact original row now exported by the actual CAEM engine; source unit/header caveats preserved.,formula_calculated
ministry_caem,oil_plus10,original_CAEM_2024_actual_2025_forecast,source:1a. Real GDP - Production:row109,   Electricity / deflator growth,%,annual,2026,3.7711717823339366,run_calculated,scenario_forecast,CAEM.xlsb / native formula export,1a. Real GDP - Production,T109,exact native source formula output; year header checked; original units unchanged,FR2,,"[""FR2"",""FR3""]",direct_original_output_atom,implicit current/volume deflator growth,false,ministry_caem:source:1a. Real GDP - Production:row109,Exact original row now exported by the actual CAEM engine; source unit/header caveats preserved.,formula_calculated
ministry_caem,oil_plus10,original_CAEM_2024_actual_2025_forecast,source:1a. Real GDP - Production:row109,   Electricity / deflator growth,%,annual,2027,3.4391408475050467,run_calculated,scenario_forecast,CAEM.xlsb / native formula export,1a. Real GDP - Production,U109,exact native source formula output; year header checked; original units unchanged,FR2,,"[""FR2"",""FR3""]",direct_original_output_atom,implicit current/volume deflator growth,false,ministry_caem:source:1a. Real GDP - Production:row109,Exact original row now exported by the actual CAEM engine; source unit/header caveats preserved.,formula_calculated
ministry_caem,oil_plus10,original_CAEM_2024_actual_2025_forecast,source:1a. Real GDP - Production:row109,   Electricity / deflator growth,%,annual,2028,3.3616939221996396,run_calculated,scenario_forecast,CAEM.xlsb / native formula export,1a. Real GDP - Production,V109,exact native source formula output; year header checked; original units unchanged,FR2,,"[""FR2"",""FR3""]",direct_original_output_atom,implicit current/volume deflator growth,false,ministry_caem:source:1a. Real GDP - Production:row109,Exact original row now exported by the actual CAEM engine; source unit/header caveats preserved.,formula_calculated
ministry_caem,oil_plus10,original_CAEM_2024_actual_2025_forecast,source:1a. Real GDP - Production:row109,   Electricity / deflator growth,%,annual,2029,3.2175645660188117,run_calculated,scenario_forecast,CAEM.xlsb / native formula export,1a. Real GDP - Production,W109,exact native source formula output; year header checked; original units unchanged,FR2,,"[""FR2"",""FR3""]",direct_original_output_atom,implicit current/volume deflator growth,false,ministry_caem:source:1a. Real GDP - Production:row109,Exact original row now exported by the actual CAEM engine; source unit/header caveats preserved.,formula_calculated
ministry_caem,oil_plus10,original_CAEM_2024_actual_2025_forecast,source:1a. Real GDP - Production:row169,   Electricity / real growth,%,annual,2025,8.400000000000006,source_input,scenario_forecast,CAEM.xlsb / native formula export,1a. Real GDP - Production,S169,exact native source formula output; year header checked; original units unchanged,FR2,,"[""FR2"",""FR3""]",direct_original_output_atom,original constant-price volume growth; historical base-year unresolved,false,ministry_caem:source:1a. Real GDP - Production:row169,Exact original row now exported by the actual CAEM engine; source unit/header caveats preserved.,original_literal
ministry_caem,oil_plus10,original_CAEM_2024_actual_2025_forecast,source:1a. Real GDP - Production:row169,   Electricity / real growth,%,annual,2026,1.4999999999999858,source_input,scenario_forecast,CAEM.xlsb / native formula export,1a. Real GDP - Production,T169,exact native source formula output; year header checked; original units unchanged,FR2,,"[""FR2"",""FR3""]",direct_original_output_atom,original constant-price volume growth; historical base-year unresolved,false,ministry_caem:source:1a. Real GDP - Production:row169,Exact original row now exported by the actual CAEM engine; source unit/header caveats preserved.,original_literal
ministry_caem,oil_plus10,original_CAEM_2024_actual_2025_forecast,source:1a. Real GDP - Production:row169,   Electricity / real growth,%,annual,2027,3.0999999999999943,source_input,scenario_forecast,CAEM.xlsb / native formula export,1a. Real GDP - Production,U169,exact native source formula output; year header checked; original units unchanged,FR2,,"[""FR2"",""FR3""]",direct_original_output_atom,original constant-price volume growth; historical base-year unresolved,false,ministry_caem:source:1a. Real GDP - Production:row169,Exact original row now exported by the actual CAEM engine; source unit/header caveats preserved.,original_literal
ministry_caem,oil_plus10,original_CAEM_2024_actual_2025_forecast,source:1a. Real GDP - Production:row169,   Electricity / real growth,%,annual,2028,3.200000000000003,source_input,scenario_forecast,CAEM.xlsb / native formula export,1a. Real GDP - Production,V169,exact native source formula output; year header checked; original units unchanged,FR2,,"[""FR2"",""FR3""]",direct_original_output_atom,original constant-price volume growth; historical base-year unresolved,false,ministry_caem:source:1a. Real GDP - Production:row169,Exact original row now exported by the actual CAEM engine; source unit/header caveats preserved.,original_literal
ministry_caem,oil_plus10,original_CAEM_2024_actual_2025_forecast,source:1a. Real GDP - Production:row169,   Electricity / real growth,%,annual,2029,3.6999999999999886,source_input,scenario_forecast,CAEM.xlsb / native formula export,1a. Real GDP - Production,W169,exact native source formula output; year header checked; original units unchanged,FR2,,"[""FR2"",""FR3""]",direct_original_output_atom,original constant-price volume growth; historical base-year unresolved,false,ministry_caem:source:1a. Real GDP - Production:row169,Exact original row now exported by the actual CAEM engine; source unit/header caveats preserved.,original_literal
ministry_caem,oil_plus10,original_CAEM_2024_actual_2025_forecast,source:1a. Real GDP - Production:row74,   Water / current basic-price VA or source tax component,mln AZN,annual,2025,297.0295355364771,run_calculated,scenario_forecast,CAEM.xlsb / native formula export,1a. Real GDP - Production,S74,exact native source formula output; year header checked; original units unchanged,FR2,,"[""FR2"",""FR3""]",direct_original_output_atom,current basic-price value-added component,false,ministry_caem:source:1a. Real GDP - Production:row74,Exact original row now exported by the actual CAEM engine; source unit/header caveats preserved.,formula_calculated
ministry_caem,oil_plus10,original_CAEM_2024_actual_2025_forecast,source:1a. Real GDP - Production:row74,   Water / current basic-price VA or source tax component,mln AZN,annual,2026,315.6285742754061,run_calculated,scenario_forecast,CAEM.xlsb / native formula export,1a. Real GDP - Production,T74,exact native source formula output; year header checked; original units unchanged,FR2,,"[""FR2"",""FR3""]",direct_original_output_atom,current basic-price value-added component,false,ministry_caem:source:1a. Real GDP - Production:row74,Exact original row now exported by the actual CAEM engine; source unit/header caveats preserved.,formula_calculated
ministry_caem,oil_plus10,original_CAEM_2024_actual_2025_forecast,source:1a. Real GDP - Production:row74,   Water / current basic-price VA or source tax component,mln AZN,annual,2027,333.33963869520323,run_calculated,scenario_forecast,CAEM.xlsb / native formula export,1a. Real GDP - Production,U74,exact native source formula output; year header checked; original units unchanged,FR2,,"[""FR2"",""FR3""]",direct_original_output_atom,current basic-price value-added component,false,ministry_caem:source:1a. Real GDP - Production:row74,Exact original row now exported by the actual CAEM engine; source unit/header caveats preserved.,formula_calculated
ministry_caem,oil_plus10,original_CAEM_2024_actual_2025_forecast,source:1a. Real GDP - Production:row74,   Water / current basic-price VA or source tax component,mln AZN,annual,2028,352.19440710444513,run_calculated,scenario_forecast,CAEM.xlsb / native formula export,1a. Real GDP - Production,V74,exact native source formula output; year header checked; original units unchanged,FR2,,"[""FR2"",""FR3""]",direct_original_output_atom,current basic-price value-added component,false,ministry_caem:source:1a. Real GDP - Production:row74,Exact original row now exported by the actual CAEM engine; source unit/header caveats preserved.,formula_calculated
ministry_caem,oil_plus10,original_CAEM_2024_actual_2025_forecast,source:1a. Real GDP - Production:row74,   Water / current basic-price VA or source tax component,mln AZN,annual,2029,367.5616335849532,run_calculated,scenario_forecast,CAEM.xlsb / native formula export,1a. Real GDP - Production,W74,exact native source formula output; year header checked; original units unchanged,FR2,,"[""FR2"",""FR3""]",direct_original_output_atom,current basic-price value-added component,false,ministry_caem:source:1a. Real GDP - Production:row74,Exact original row now exported by the actual CAEM engine; source unit/header caveats preserved.,formula_calculated
ministry_caem,oil_plus10,original_CAEM_2024_actual_2025_forecast,source:1a. Real GDP - Production:row110,   Water / deflator growth,%,annual,2025,4.170887635856587,run_calculated,scenario_forecast,CAEM.xlsb / native formula export,1a. Real GDP - Production,S110,exact native source formula output; year header checked; original units unchanged,FR2,,"[""FR2"",""FR3""]",direct_original_output_atom,implicit current/volume deflator growth,false,ministry_caem:source:1a. Real GDP - Production:row110,Exact original row now exported by the actual CAEM engine; source unit/header caveats preserved.,formula_calculated
ministry_caem,oil_plus10,original_CAEM_2024_actual_2025_forecast,source:1a. Real GDP - Production:row110,   Water / deflator growth,%,annual,2026,3.7711717823339366,run_calculated,scenario_forecast,CAEM.xlsb / native formula export,1a. Real GDP - Production,T110,exact native source formula output; year header checked; original units unchanged,FR2,,"[""FR2"",""FR3""]",direct_original_output_atom,implicit current/volume deflator growth,false,ministry_caem:source:1a. Real GDP - Production:row110,Exact original row now exported by the actual CAEM engine; source unit/header caveats preserved.,formula_calculated
ministry_caem,oil_plus10,original_CAEM_2024_actual_2025_forecast,source:1a. Real GDP - Production:row110,   Water / deflator growth,%,annual,2027,3.4391408475050467,run_calculated,scenario_forecast,CAEM.xlsb / native formula export,1a. Real GDP - Production,U110,exact native source formula output; year header checked; original units unchanged,FR2,,"[""FR2"",""FR3""]",direct_original_output_atom,implicit current/volume deflator growth,false,ministry_caem:source:1a. Real GDP - Production:row110,Exact original row now exported by the actual CAEM engine; source unit/header caveats preserved.,formula_calculated
ministry_caem,oil_plus10,original_CAEM_2024_actual_2025_forecast,source:1a. Real GDP - Production:row110,   Water / deflator growth,%,annual,2028,3.3616939221996396,run_calculated,scenario_forecast,CAEM.xlsb / native formula export,1a. Real GDP - Production,V110,exact native source formula output; year header checked; original units unchanged,FR2,,"[""FR2"",""FR3""]",direct_original_output_atom,implicit current/volume deflator growth,false,ministry_caem:source:1a. Real GDP - Production:row110,Exact original row now exported by the actual CAEM engine; source unit/header caveats preserved.,formula_calculated
ministry_caem,oil_plus10,original_CAEM_2024_actual_2025_forecast,source:1a. Real GDP - Production:row110,   Water / deflator growth,%,annual,2029,3.2175645660188117,run_calculated,scenario_forecast,CAEM.xlsb / native formula export,1a. Real GDP - Production,W110,exact native source formula output; year header checked; original units unchanged,FR2,,"[""FR2"",""FR3""]",direct_original_output_atom,implicit current/volume deflator growth,false,ministry_caem:source:1a. Real GDP - Production:row110,Exact original row now exported by the actual CAEM engine; source unit/header caveats preserved.,formula_calculated
ministry_caem,oil_plus10,original_CAEM_2024_actual_2025_forecast,source:1a. Real GDP - Production:row170,   Water / real growth,%,annual,2025,1.4000000000000057,source_input,scenario_forecast,CAEM.xlsb / native formula export,1a. Real GDP - Production,S170,exact native source formula output; year header checked; original units unchanged,FR2,,"[""FR2"",""FR3""]",direct_original_output_atom,original constant-price volume growth; historical base-year unresolved,false,ministry_caem:source:1a. Real GDP - Production:row170,Exact original row now exported by the actual CAEM engine; source unit/header caveats preserved.,original_literal
ministry_caem,oil_plus10,original_CAEM_2024_actual_2025_forecast,source:1a. Real GDP - Production:row170,   Water / real growth,%,annual,2026,2.4000000000000057,source_input,scenario_forecast,CAEM.xlsb / native formula export,1a. Real GDP - Production,T170,exact native source formula output; year header checked; original units unchanged,FR2,,"[""FR2"",""FR3""]",direct_original_output_atom,original constant-price volume growth; historical base-year unresolved,false,ministry_caem:source:1a. Real GDP - Production:row170,Exact original row now exported by the actual CAEM engine; source unit/header caveats preserved.,original_literal
ministry_caem,oil_plus10,original_CAEM_2024_actual_2025_forecast,source:1a. Real GDP - Production:row170,   Water / real growth,%,annual,2027,2.0999999999999943,source_input,scenario_forecast,CAEM.xlsb / native formula export,1a. Real GDP - Production,U170,exact native source formula output; year header checked; original units unchanged,FR2,,"[""FR2"",""FR3""]",direct_original_output_atom,original constant-price volume growth; historical base-year unresolved,false,ministry_caem:source:1a. Real GDP - Production:row170,Exact original row now exported by the actual CAEM engine; source unit/header caveats preserved.,original_literal
ministry_caem,oil_plus10,original_CAEM_2024_actual_2025_forecast,source:1a. Real GDP - Production:row170,   Water / real growth,%,annual,2028,2.219999999999999,source_input,scenario_forecast,CAEM.xlsb / native formula export,1a. Real GDP - Production,V170,exact native source formula output; year header checked; original units unchanged,FR2,,"[""FR2"",""FR3""]",direct_original_output_atom,original constant-price volume growth; historical base-year unresolved,false,ministry_caem:source:1a. Real GDP - Production:row170,Exact original row now exported by the actual CAEM engine; source unit/header caveats preserved.,original_literal
ministry_caem,oil_plus10,original_CAEM_2024_actual_2025_forecast,source:1a. Real GDP - Production:row170,   Water / real growth,%,annual,2029,1.1100000000000136,source_input,scenario_forecast,CAEM.xlsb / native formula export,1a. Real GDP - Production,W170,exact native source formula output; year header checked; original units unchanged,FR2,,"[""FR2"",""FR3""]",direct_original_output_atom,original constant-price volume growth; historical base-year unresolved,false,ministry_caem:source:1a. Real GDP - Production:row170,Exact original row now exported by the actual CAEM engine; source unit/header caveats preserved.,original_literal
ministry_caem,oil_plus10,original_CAEM_2024_actual_2025_forecast,source:1a. Real GDP - Production:row75,   Construction / current basic-price VA or source tax component,mln AZN,annual,2025,9532.949959413207,run_calculated,scenario_forecast,CAEM.xlsb / native formula export,1a. Real GDP - Production,S75,exact native source formula output; year header checked; original units unchanged,FR2,,"[""FR2"",""FR3""]",direct_original_output_atom,current basic-price value-added component,false,ministry_caem:source:1a. Real GDP - Production:row75,Exact original row now exported by the actual CAEM engine; source unit/header caveats preserved.,formula_calculated
ministry_caem,oil_plus10,original_CAEM_2024_actual_2025_forecast,source:1a. Real GDP - Production:row75,   Construction / current basic-price VA or source tax component,mln AZN,annual,2026,10594.81810366638,run_calculated,scenario_forecast,CAEM.xlsb / native formula export,1a. Real GDP - Production,T75,exact native source formula output; year header checked; original units unchanged,FR2,,"[""FR2"",""FR3""]",direct_original_output_atom,current basic-price value-added component,false,ministry_caem:source:1a. Real GDP - Production:row75,Exact original row now exported by the actual CAEM engine; source unit/header caveats preserved.,formula_calculated
ministry_caem,oil_plus10,original_CAEM_2024_actual_2025_forecast,source:1a. Real GDP - Production:row75,   Construction / current basic-price VA or source tax component,mln AZN,annual,2027,11698.824474303441,run_calculated,scenario_forecast,CAEM.xlsb / native formula export,1a. Real GDP - Production,U75,exact native source formula output; year header checked; original units unchanged,FR2,,"[""FR2"",""FR3""]",direct_original_output_atom,current basic-price value-added component,false,ministry_caem:source:1a. Real GDP - Production:row75,Exact original row now exported by the actual CAEM engine; source unit/header caveats preserved.,formula_calculated
ministry_caem,oil_plus10,original_CAEM_2024_actual_2025_forecast,source:1a. Real GDP - Production:row75,   Construction / current basic-price VA or source tax component,mln AZN,annual,2028,12660.431993469276,run_calculated,scenario_forecast,CAEM.xlsb / native formula export,1a. Real GDP - Production,V75,exact native source formula output; year header checked; original units unchanged,FR2,,"[""FR2"",""FR3""]",direct_original_output_atom,current basic-price value-added component,false,ministry_caem:source:1a. Real GDP - Production:row75,Exact original row now exported by the actual CAEM engine; source unit/header caveats preserved.,formula_calculated
ministry_caem,oil_plus10,original_CAEM_2024_actual_2025_forecast,source:1a. Real GDP - Production:row75,   Construction / current basic-price VA or source tax component,mln AZN,annual,2029,13695.04346642146,run_calculated,scenario_forecast,CAEM.xlsb / native formula export,1a. Real GDP - Production,W75,exact native source formula output; year header checked; original units unchanged,FR2,,"[""FR2"",""FR3""]",direct_original_output_atom,current basic-price value-added component,false,ministry_caem:source:1a. Real GDP - Production:row75,Exact original row now exported by the actual CAEM engine; source unit/header caveats preserved.,formula_calculated
ministry_caem,oil_plus10,original_CAEM_2024_actual_2025_forecast,source:1a. Real GDP - Production:row111,   Construction / deflator growth,%,annual,2025,4.170887635856587,run_calculated,scenario_forecast,CAEM.xlsb / native formula export,1a. Real GDP - Production,S111,exact native source formula output; year header checked; original units unchanged,FR2,,"[""FR2"",""FR3""]",direct_original_output_atom,implicit current/volume deflator growth,false,ministry_caem:source:1a. Real GDP - Production:row111,Exact original row now exported by the actual CAEM engine; source unit/header caveats preserved.,formula_calculated
ministry_caem,oil_plus10,original_CAEM_2024_actual_2025_forecast,source:1a. Real GDP - Production:row111,   Construction / deflator growth,%,annual,2026,3.7711717823339366,run_calculated,scenario_forecast,CAEM.xlsb / native formula export,1a. Real GDP - Production,T111,exact native source formula output; year header checked; original units unchanged,FR2,,"[""FR2"",""FR3""]",direct_original_output_atom,implicit current/volume deflator growth,false,ministry_caem:source:1a. Real GDP - Production:row111,Exact original row now exported by the actual CAEM engine; source unit/header caveats preserved.,formula_calculated
ministry_caem,oil_plus10,original_CAEM_2024_actual_2025_forecast,source:1a. Real GDP - Production:row111,   Construction / deflator growth,%,annual,2027,3.4391408475050467,run_calculated,scenario_forecast,CAEM.xlsb / native formula export,1a. Real GDP - Production,U111,exact native source formula output; year header checked; original units unchanged,FR2,,"[""FR2"",""FR3""]",direct_original_output_atom,implicit current/volume deflator growth,false,ministry_caem:source:1a. Real GDP - Production:row111,Exact original row now exported by the actual CAEM engine; source unit/header caveats preserved.,formula_calculated
ministry_caem,oil_plus10,original_CAEM_2024_actual_2025_forecast,source:1a. Real GDP - Production:row111,   Construction / deflator growth,%,annual,2028,3.3616939221996396,run_calculated,scenario_forecast,CAEM.xlsb / native formula export,1a. Real GDP - Production,V111,exact native source formula output; year header checked; original units unchanged,FR2,,"[""FR2"",""FR3""]",direct_original_output_atom,implicit current/volume deflator growth,false,ministry_caem:source:1a. Real GDP - Production:row111,Exact original row now exported by the actual CAEM engine; source unit/header caveats preserved.,formula_calculated
ministry_caem,oil_plus10,original_CAEM_2024_actual_2025_forecast,source:1a. Real GDP - Production:row111,   Construction / deflator growth,%,annual,2029,3.2175645660188117,run_calculated,scenario_forecast,CAEM.xlsb / native formula export,1a. Real GDP - Production,W111,exact native source formula output; year header checked; original units unchanged,FR2,,"[""FR2"",""FR3""]",direct_original_output_atom,implicit current/volume deflator growth,false,ministry_caem:source:1a. Real GDP - Production:row111,Exact original row now exported by the actual CAEM engine; source unit/header caveats preserved.,formula_calculated
ministry_caem,oil_plus10,original_CAEM_2024_actual_2025_forecast,source:1a. Real GDP - Production:row171,   Construction / real growth,%,annual,2025,7.94,source_input,scenario_forecast,CAEM.xlsb / native formula export,1a. Real GDP - Production,S171,exact native source formula output; year header checked; original units unchanged,FR2,,"[""FR2"",""FR3""]",direct_original_output_atom,original constant-price volume growth; historical base-year unresolved,false,ministry_caem:source:1a. Real GDP - Production:row171,Exact original row now exported by the actual CAEM engine; source unit/header caveats preserved.,original_literal
ministry_caem,oil_plus10,original_CAEM_2024_actual_2025_forecast,source:1a. Real GDP - Production:row171,   Construction / real growth,%,annual,2026,7.1,source_input,scenario_forecast,CAEM.xlsb / native formula export,1a. Real GDP - Production,T171,exact native source formula output; year header checked; original units unchanged,FR2,,"[""FR2"",""FR3""]",direct_original_output_atom,original constant-price volume growth; historical base-year unresolved,false,ministry_caem:source:1a. Real GDP - Production:row171,Exact original row now exported by the actual CAEM engine; source unit/header caveats preserved.,original_literal
ministry_caem,oil_plus10,original_CAEM_2024_actual_2025_forecast,source:1a. Real GDP - Production:row171,   Construction / real growth,%,annual,2027,6.749,source_input,scenario_forecast,CAEM.xlsb / native formula export,1a. Real GDP - Production,U171,exact native source formula output; year header checked; original units unchanged,FR2,,"[""FR2"",""FR3""]",direct_original_output_atom,original constant-price volume growth; historical base-year unresolved,false,ministry_caem:source:1a. Real GDP - Production:row171,Exact original row now exported by the actual CAEM engine; source unit/header caveats preserved.,original_literal
ministry_caem,oil_plus10,original_CAEM_2024_actual_2025_forecast,source:1a. Real GDP - Production:row171,   Construction / real growth,%,annual,2028,4.7,source_input,scenario_forecast,CAEM.xlsb / native formula export,1a. Real GDP - Production,V171,exact native source formula output; year header checked; original units unchanged,FR2,,"[""FR2"",""FR3""]",direct_original_output_atom,original constant-price volume growth; historical base-year unresolved,false,ministry_caem:source:1a. Real GDP - Production:row171,Exact original row now exported by the actual CAEM engine; source unit/header caveats preserved.,original_literal
ministry_caem,oil_plus10,original_CAEM_2024_actual_2025_forecast,source:1a. Real GDP - Production:row171,   Construction / real growth,%,annual,2029,4.8,source_input,scenario_forecast,CAEM.xlsb / native formula export,1a. Real GDP - Production,W171,exact native source formula output; year header checked; original units unchanged,FR2,,"[""FR2"",""FR3""]",direct_original_output_atom,original constant-price volume growth; historical base-year unresolved,false,ministry_caem:source:1a. Real GDP - Production:row171,Exact original row now exported by the actual CAEM engine; source unit/header caveats preserved.,original_literal
ministry_caem,oil_plus10,original_CAEM_2024_actual_2025_forecast,source:1a. Real GDP - Production:row77,Wholesale & Retail Trade;  / current basic-price VA or source tax component,mln AZN,annual,2025,14532.264092433676,run_calculated,scenario_forecast,CAEM.xlsb / native formula export,1a. Real GDP - Production,S77,exact native source formula output; year header checked; original units unchanged,FR2,,"[""FR2"",""FR3""]",direct_original_output_atom,current basic-price value-added component,false,ministry_caem:source:1a. Real GDP - Production:row77,Exact original row now exported by the actual CAEM engine; source unit/header caveats preserved.,formula_calculated
ministry_caem,oil_plus10,original_CAEM_2024_actual_2025_forecast,source:1a. Real GDP - Production:row77,Wholesale & Retail Trade;  / current basic-price VA or source tax component,mln AZN,annual,2026,15593.03096021932,run_calculated,scenario_forecast,CAEM.xlsb / native formula export,1a. Real GDP - Production,T77,exact native source formula output; year header checked; original units unchanged,FR2,,"[""FR2"",""FR3""]",direct_original_output_atom,current basic-price value-added component,false,ministry_caem:source:1a. Real GDP - Production:row77,Exact original row now exported by the actual CAEM engine; source unit/header caveats preserved.,formula_calculated
ministry_caem,oil_plus10,original_CAEM_2024_actual_2025_forecast,source:1a. Real GDP - Production:row77,Wholesale & Retail Trade;  / current basic-price VA or source tax component,mln AZN,annual,2027,16700.27438024604,run_calculated,scenario_forecast,CAEM.xlsb / native formula export,1a. Real GDP - Production,U77,exact native source formula output; year header checked; original units unchanged,FR2,,"[""FR2"",""FR3""]",direct_original_output_atom,current basic-price value-added component,false,ministry_caem:source:1a. Real GDP - Production:row77,Exact original row now exported by the actual CAEM engine; source unit/header caveats preserved.,formula_calculated
ministry_caem,oil_plus10,original_CAEM_2024_actual_2025_forecast,source:1a. Real GDP - Production:row77,Wholesale & Retail Trade;  / current basic-price VA or source tax component,mln AZN,annual,2028,17865.845516195142,run_calculated,scenario_forecast,CAEM.xlsb / native formula export,1a. Real GDP - Production,V77,exact native source formula output; year header checked; original units unchanged,FR2,,"[""FR2"",""FR3""]",direct_original_output_atom,current basic-price value-added component,false,ministry_caem:source:1a. Real GDP - Production:row77,Exact original row now exported by the actual CAEM engine; source unit/header caveats preserved.,formula_calculated
ministry_caem,oil_plus10,original_CAEM_2024_actual_2025_forecast,source:1a. Real GDP - Production:row77,Wholesale & Retail Trade;  / current basic-price VA or source tax component,mln AZN,annual,2029,19097.1792174055,run_calculated,scenario_forecast,CAEM.xlsb / native formula export,1a. Real GDP - Production,W77,exact native source formula output; year header checked; original units unchanged,FR2,,"[""FR2"",""FR3""]",direct_original_output_atom,current basic-price value-added component,false,ministry_caem:source:1a. Real GDP - Production:row77,Exact original row now exported by the actual CAEM engine; source unit/header caveats preserved.,formula_calculated
ministry_caem,oil_plus10,original_CAEM_2024_actual_2025_forecast,source:1a. Real GDP - Production:row113,Wholesale & Retail Trade;  / deflator growth,%,annual,2025,4.170887635856587,run_calculated,scenario_forecast,CAEM.xlsb / native formula export,1a. Real GDP - Production,S113,exact native source formula output; year header checked; original units unchanged,FR2,,"[""FR2"",""FR3""]",direct_original_output_atom,implicit current/volume deflator growth,false,ministry_caem:source:1a. Real GDP - Production:row113,Exact original row now exported by the actual CAEM engine; source unit/header caveats preserved.,formula_calculated
ministry_caem,oil_plus10,original_CAEM_2024_actual_2025_forecast,source:1a. Real GDP - Production:row113,Wholesale & Retail Trade;  / deflator growth,%,annual,2026,3.7711717823339366,run_calculated,scenario_forecast,CAEM.xlsb / native formula export,1a. Real GDP - Production,T113,exact native source formula output; year header checked; original units unchanged,FR2,,"[""FR2"",""FR3""]",direct_original_output_atom,implicit current/volume deflator growth,false,ministry_caem:source:1a. Real GDP - Production:row113,Exact original row now exported by the actual CAEM engine; source unit/header caveats preserved.,formula_calculated
ministry_caem,oil_plus10,original_CAEM_2024_actual_2025_forecast,source:1a. Real GDP - Production:row113,Wholesale & Retail Trade;  / deflator growth,%,annual,2027,3.4391408475050467,run_calculated,scenario_forecast,CAEM.xlsb / native formula export,1a. Real GDP - Production,U113,exact native source formula output; year header checked; original units unchanged,FR2,,"[""FR2"",""FR3""]",direct_original_output_atom,implicit current/volume deflator growth,false,ministry_caem:source:1a. Real GDP - Production:row113,Exact original row now exported by the actual CAEM engine; source unit/header caveats preserved.,formula_calculated
ministry_caem,oil_plus10,original_CAEM_2024_actual_2025_forecast,source:1a. Real GDP - Production:row113,Wholesale & Retail Trade;  / deflator growth,%,annual,2028,3.3616939221996396,run_calculated,scenario_forecast,CAEM.xlsb / native formula export,1a. Real GDP - Production,V113,exact native source formula output; year header checked; original units unchanged,FR2,,"[""FR2"",""FR3""]",direct_original_output_atom,implicit current/volume deflator growth,false,ministry_caem:source:1a. Real GDP - Production:row113,Exact original row now exported by the actual CAEM engine; source unit/header caveats preserved.,formula_calculated
ministry_caem,oil_plus10,original_CAEM_2024_actual_2025_forecast,source:1a. Real GDP - Production:row113,Wholesale & Retail Trade;  / deflator growth,%,annual,2029,3.2175645660188117,run_calculated,scenario_forecast,CAEM.xlsb / native formula export,1a. Real GDP - Production,W113,exact native source formula output; year header checked; original units unchanged,FR2,,"[""FR2"",""FR3""]",direct_original_output_atom,implicit current/volume deflator growth,false,ministry_caem:source:1a. Real GDP - Production:row113,Exact original row now exported by the actual CAEM engine; source unit/header caveats preserved.,formula_calculated
ministry_caem,oil_plus10,original_CAEM_2024_actual_2025_forecast,source:1a. Real GDP - Production:row173,Wholesale & Retail Trade;  / real growth,%,annual,2025,3.24,source_input,scenario_forecast,CAEM.xlsb / native formula export,1a. Real GDP - Production,S173,exact native source formula output; year header checked; original units unchanged,FR2,,"[""FR2"",""FR3""]",direct_original_output_atom,original constant-price volume growth; historical base-year unresolved,false,ministry_caem:source:1a. Real GDP - Production:row173,Exact original row now exported by the actual CAEM engine; source unit/header caveats preserved.,original_literal
ministry_caem,oil_plus10,original_CAEM_2024_actual_2025_forecast,source:1a. Real GDP - Production:row173,Wholesale & Retail Trade;  / real growth,%,annual,2026,3.4,source_input,scenario_forecast,CAEM.xlsb / native formula export,1a. Real GDP - Production,T173,exact native source formula output; year header checked; original units unchanged,FR2,,"[""FR2"",""FR3""]",direct_original_output_atom,original constant-price volume growth; historical base-year unresolved,false,ministry_caem:source:1a. Real GDP - Production:row173,Exact original row now exported by the actual CAEM engine; source unit/header caveats preserved.,original_literal
ministry_caem,oil_plus10,original_CAEM_2024_actual_2025_forecast,source:1a. Real GDP - Production:row173,Wholesale & Retail Trade;  / real growth,%,annual,2027,3.54,source_input,scenario_forecast,CAEM.xlsb / native formula export,1a. Real GDP - Production,U173,exact native source formula output; year header checked; original units unchanged,FR2,,"[""FR2"",""FR3""]",direct_original_output_atom,original constant-price volume growth; historical base-year unresolved,false,ministry_caem:source:1a. Real GDP - Production:row173,Exact original row now exported by the actual CAEM engine; source unit/header caveats preserved.,original_literal
ministry_caem,oil_plus10,original_CAEM_2024_actual_2025_forecast,source:1a. Real GDP - Production:row173,Wholesale & Retail Trade;  / real growth,%,annual,2028,3.5,source_input,scenario_forecast,CAEM.xlsb / native formula export,1a. Real GDP - Production,V173,exact native source formula output; year header checked; original units unchanged,FR2,,"[""FR2"",""FR3""]",direct_original_output_atom,original constant-price volume growth; historical base-year unresolved,false,ministry_caem:source:1a. Real GDP - Production:row173,Exact original row now exported by the actual CAEM engine; source unit/header caveats preserved.,original_literal
ministry_caem,oil_plus10,original_CAEM_2024_actual_2025_forecast,source:1a. Real GDP - Production:row173,Wholesale & Retail Trade;  / real growth,%,annual,2029,3.56,source_input,scenario_forecast,CAEM.xlsb / native formula export,1a. Real GDP - Production,W173,exact native source formula output; year header checked; original units unchanged,FR2,,"[""FR2"",""FR3""]",direct_original_output_atom,original constant-price volume growth; historical base-year unresolved,false,ministry_caem:source:1a. Real GDP - Production:row173,Exact original row now exported by the actual CAEM engine; source unit/header caveats preserved.,original_literal
ministry_caem,oil_plus10,original_CAEM_2024_actual_2025_forecast,source:1a. Real GDP - Production:row78,Tourism (Hotels & Restr) / current basic-price VA or source tax component,mln AZN,annual,2025,3536.89020943026,run_calculated,scenario_forecast,CAEM.xlsb / native formula export,1a. Real GDP - Production,S78,exact native source formula output; year header checked; original units unchanged,FR2,,"[""FR2"",""FR3""]",direct_original_output_atom,current basic-price value-added component,false,ministry_caem:source:1a. Real GDP - Production:row78,Exact original row now exported by the actual CAEM engine; source unit/header caveats preserved.,formula_calculated
ministry_caem,oil_plus10,original_CAEM_2024_actual_2025_forecast,source:1a. Real GDP - Production:row78,Tourism (Hotels & Restr) / current basic-price VA or source tax component,mln AZN,annual,2026,4189.248934458657,run_calculated,scenario_forecast,CAEM.xlsb / native formula export,1a. Real GDP - Production,T78,exact native source formula output; year header checked; original units unchanged,FR2,,"[""FR2"",""FR3""]",direct_original_output_atom,current basic-price value-added component,false,ministry_caem:source:1a. Real GDP - Production:row78,Exact original row now exported by the actual CAEM engine; source unit/header caveats preserved.,formula_calculated
ministry_caem,oil_plus10,original_CAEM_2024_actual_2025_forecast,source:1a. Real GDP - Production:row78,Tourism (Hotels & Restr) / current basic-price VA or source tax component,mln AZN,annual,2027,4653.989015594075,run_calculated,scenario_forecast,CAEM.xlsb / native formula export,1a. Real GDP - Production,U78,exact native source formula output; year header checked; original units unchanged,FR2,,"[""FR2"",""FR3""]",direct_original_output_atom,current basic-price value-added component,false,ministry_caem:source:1a. Real GDP - Production:row78,Exact original row now exported by the actual CAEM engine; source unit/header caveats preserved.,formula_calculated
ministry_caem,oil_plus10,original_CAEM_2024_actual_2025_forecast,source:1a. Real GDP - Production:row78,Tourism (Hotels & Restr) / current basic-price VA or source tax component,mln AZN,annual,2028,5171.225022581475,run_calculated,scenario_forecast,CAEM.xlsb / native formula export,1a. Real GDP - Production,V78,exact native source formula output; year header checked; original units unchanged,FR2,,"[""FR2"",""FR3""]",direct_original_output_atom,current basic-price value-added component,false,ministry_caem:source:1a. Real GDP - Production:row78,Exact original row now exported by the actual CAEM engine; source unit/header caveats preserved.,formula_calculated
ministry_caem,oil_plus10,original_CAEM_2024_actual_2025_forecast,source:1a. Real GDP - Production:row78,Tourism (Hotels & Restr) / current basic-price VA or source tax component,mln AZN,annual,2029,5757.148871122975,run_calculated,scenario_forecast,CAEM.xlsb / native formula export,1a. Real GDP - Production,W78,exact native source formula output; year header checked; original units unchanged,FR2,,"[""FR2"",""FR3""]",direct_original_output_atom,current basic-price value-added component,false,ministry_caem:source:1a. Real GDP - Production:row78,Exact original row now exported by the actual CAEM engine; source unit/header caveats preserved.,formula_calculated
ministry_caem,oil_plus10,original_CAEM_2024_actual_2025_forecast,source:1a. Real GDP - Production:row114,Tourism (Hotels & Restr) / deflator growth,%,annual,2025,4.170887635856587,run_calculated,scenario_forecast,CAEM.xlsb / native formula export,1a. Real GDP - Production,S114,exact native source formula output; year header checked; original units unchanged,FR2,,"[""FR2"",""FR3""]",direct_original_output_atom,implicit current/volume deflator growth,false,ministry_caem:source:1a. Real GDP - Production:row114,Exact original row now exported by the actual CAEM engine; source unit/header caveats preserved.,formula_calculated
ministry_caem,oil_plus10,original_CAEM_2024_actual_2025_forecast,source:1a. Real GDP - Production:row114,Tourism (Hotels & Restr) / deflator growth,%,annual,2026,3.7711717823339366,run_calculated,scenario_forecast,CAEM.xlsb / native formula export,1a. Real GDP - Production,T114,exact native source formula output; year header checked; original units unchanged,FR2,,"[""FR2"",""FR3""]",direct_original_output_atom,implicit current/volume deflator growth,false,ministry_caem:source:1a. Real GDP - Production:row114,Exact original row now exported by the actual CAEM engine; source unit/header caveats preserved.,formula_calculated
ministry_caem,oil_plus10,original_CAEM_2024_actual_2025_forecast,source:1a. Real GDP - Production:row114,Tourism (Hotels & Restr) / deflator growth,%,annual,2027,3.4391408475050467,run_calculated,scenario_forecast,CAEM.xlsb / native formula export,1a. Real GDP - Production,U114,exact native source formula output; year header checked; original units unchanged,FR2,,"[""FR2"",""FR3""]",direct_original_output_atom,implicit current/volume deflator growth,false,ministry_caem:source:1a. Real GDP - Production:row114,Exact original row now exported by the actual CAEM engine; source unit/header caveats preserved.,formula_calculated
ministry_caem,oil_plus10,original_CAEM_2024_actual_2025_forecast,source:1a. Real GDP - Production:row114,Tourism (Hotels & Restr) / deflator growth,%,annual,2028,3.3616939221996396,run_calculated,scenario_forecast,CAEM.xlsb / native formula export,1a. Real GDP - Production,V114,exact native source formula output; year header checked; original units unchanged,FR2,,"[""FR2"",""FR3""]",direct_original_output_atom,implicit current/volume deflator growth,false,ministry_caem:source:1a. Real GDP - Production:row114,Exact original row now exported by the actual CAEM engine; source unit/header caveats preserved.,formula_calculated
ministry_caem,oil_plus10,original_CAEM_2024_actual_2025_forecast,source:1a. Real GDP - Production:row114,Tourism (Hotels & Restr) / deflator growth,%,annual,2029,3.2175645660188117,run_calculated,scenario_forecast,CAEM.xlsb / native formula export,1a. Real GDP - Production,W114,exact native source formula output; year header checked; original units unchanged,FR2,,"[""FR2"",""FR3""]",direct_original_output_atom,implicit current/volume deflator growth,false,ministry_caem:source:1a. Real GDP - Production:row114,Exact original row now exported by the actual CAEM engine; source unit/header caveats preserved.,formula_calculated
ministry_caem,oil_plus10,original_CAEM_2024_actual_2025_forecast,source:1a. Real GDP - Production:row174,Tourism (Hotels & Restr) / real growth,%,annual,2025,9.94,source_input,scenario_forecast,CAEM.xlsb / native formula export,1a. Real GDP - Production,S174,exact native source formula output; year header checked; original units unchanged,FR2,,"[""FR2"",""FR3""]",direct_original_output_atom,original constant-price volume growth; historical base-year unresolved,false,ministry_caem:source:1a. Real GDP - Production:row174,Exact original row now exported by the actual CAEM engine; source unit/header caveats preserved.,original_literal
ministry_caem,oil_plus10,original_CAEM_2024_actual_2025_forecast,source:1a. Real GDP - Production:row174,Tourism (Hotels & Restr) / real growth,%,annual,2026,14.14,source_input,scenario_forecast,CAEM.xlsb / native formula export,1a. Real GDP - Production,T174,exact native source formula output; year header checked; original units unchanged,FR2,,"[""FR2"",""FR3""]",direct_original_output_atom,original constant-price volume growth; historical base-year unresolved,false,ministry_caem:source:1a. Real GDP - Production:row174,Exact original row now exported by the actual CAEM engine; source unit/header caveats preserved.,original_literal
ministry_caem,oil_plus10,original_CAEM_2024_actual_2025_forecast,source:1a. Real GDP - Production:row174,Tourism (Hotels & Restr) / real growth,%,annual,2027,7.4,source_input,scenario_forecast,CAEM.xlsb / native formula export,1a. Real GDP - Production,U174,exact native source formula output; year header checked; original units unchanged,FR2,,"[""FR2"",""FR3""]",direct_original_output_atom,original constant-price volume growth; historical base-year unresolved,false,ministry_caem:source:1a. Real GDP - Production:row174,Exact original row now exported by the actual CAEM engine; source unit/header caveats preserved.,original_literal
ministry_caem,oil_plus10,original_CAEM_2024_actual_2025_forecast,source:1a. Real GDP - Production:row174,Tourism (Hotels & Restr) / real growth,%,annual,2028,7.5,source_input,scenario_forecast,CAEM.xlsb / native formula export,1a. Real GDP - Production,V174,exact native source formula output; year header checked; original units unchanged,FR2,,"[""FR2"",""FR3""]",direct_original_output_atom,original constant-price volume growth; historical base-year unresolved,false,ministry_caem:source:1a. Real GDP - Production:row174,Exact original row now exported by the actual CAEM engine; source unit/header caveats preserved.,original_literal
ministry_caem,oil_plus10,original_CAEM_2024_actual_2025_forecast,source:1a. Real GDP - Production:row174,Tourism (Hotels & Restr) / real growth,%,annual,2029,7.86,source_input,scenario_forecast,CAEM.xlsb / native formula export,1a. Real GDP - Production,W174,exact native source formula output; year header checked; original units unchanged,FR2,,"[""FR2"",""FR3""]",direct_original_output_atom,original constant-price volume growth; historical base-year unresolved,false,ministry_caem:source:1a. Real GDP - Production:row174,Exact original row now exported by the actual CAEM engine; source unit/header caveats preserved.,original_literal
ministry_caem,oil_plus10,original_CAEM_2024_actual_2025_forecast,source:1a. Real GDP - Production:row79,Transport  / current basic-price VA or source tax component,mln AZN,annual,2025,9479.487293124026,run_calculated,scenario_forecast,CAEM.xlsb / native formula export,1a. Real GDP - Production,S79,exact native source formula output; year header checked; original units unchanged,FR2,,"[""FR2"",""FR3""]",direct_original_output_atom,current basic-price value-added component,false,ministry_caem:source:1a. Real GDP - Production:row79,Exact original row now exported by the actual CAEM engine; source unit/header caveats preserved.,formula_calculated
ministry_caem,oil_plus10,original_CAEM_2024_actual_2025_forecast,source:1a. Real GDP - Production:row79,Transport  / current basic-price VA or source tax component,mln AZN,annual,2026,10289.475895011734,run_calculated,scenario_forecast,CAEM.xlsb / native formula export,1a. Real GDP - Production,T79,exact native source formula output; year header checked; original units unchanged,FR2,,"[""FR2"",""FR3""]",direct_original_output_atom,current basic-price value-added component,false,ministry_caem:source:1a. Real GDP - Production:row79,Exact original row now exported by the actual CAEM engine; source unit/header caveats preserved.,formula_calculated
ministry_caem,oil_plus10,original_CAEM_2024_actual_2025_forecast,source:1a. Real GDP - Production:row79,Transport  / current basic-price VA or source tax component,mln AZN,annual,2027,11207.442773077364,run_calculated,scenario_forecast,CAEM.xlsb / native formula export,1a. Real GDP - Production,U79,exact native source formula output; year header checked; original units unchanged,FR2,,"[""FR2"",""FR3""]",direct_original_output_atom,current basic-price value-added component,false,ministry_caem:source:1a. Real GDP - Production:row79,Exact original row now exported by the actual CAEM engine; source unit/header caveats preserved.,formula_calculated
ministry_caem,oil_plus10,original_CAEM_2024_actual_2025_forecast,source:1a. Real GDP - Production:row79,Transport  / current basic-price VA or source tax component,mln AZN,annual,2028,12163.412830394605,run_calculated,scenario_forecast,CAEM.xlsb / native formula export,1a. Real GDP - Production,V79,exact native source formula output; year header checked; original units unchanged,FR2,,"[""FR2"",""FR3""]",direct_original_output_atom,current basic-price value-added component,false,ministry_caem:source:1a. Real GDP - Production:row79,Exact original row now exported by the actual CAEM engine; source unit/header caveats preserved.,formula_calculated
ministry_caem,oil_plus10,original_CAEM_2024_actual_2025_forecast,source:1a. Real GDP - Production:row79,Transport  / current basic-price VA or source tax component,mln AZN,annual,2029,13220.181751701097,run_calculated,scenario_forecast,CAEM.xlsb / native formula export,1a. Real GDP - Production,W79,exact native source formula output; year header checked; original units unchanged,FR2,,"[""FR2"",""FR3""]",direct_original_output_atom,current basic-price value-added component,false,ministry_caem:source:1a. Real GDP - Production:row79,Exact original row now exported by the actual CAEM engine; source unit/header caveats preserved.,formula_calculated
ministry_caem,oil_plus10,original_CAEM_2024_actual_2025_forecast,source:1a. Real GDP - Production:row115,Transport  / deflator growth,%,annual,2025,4.170887635856587,run_calculated,scenario_forecast,CAEM.xlsb / native formula export,1a. Real GDP - Production,S115,exact native source formula output; year header checked; original units unchanged,FR2,,"[""FR2"",""FR3""]",direct_original_output_atom,implicit current/volume deflator growth,false,ministry_caem:source:1a. Real GDP - Production:row115,Exact original row now exported by the actual CAEM engine; source unit/header caveats preserved.,formula_calculated
ministry_caem,oil_plus10,original_CAEM_2024_actual_2025_forecast,source:1a. Real GDP - Production:row115,Transport  / deflator growth,%,annual,2026,3.7711717823339366,run_calculated,scenario_forecast,CAEM.xlsb / native formula export,1a. Real GDP - Production,T115,exact native source formula output; year header checked; original units unchanged,FR2,,"[""FR2"",""FR3""]",direct_original_output_atom,implicit current/volume deflator growth,false,ministry_caem:source:1a. Real GDP - Production:row115,Exact original row now exported by the actual CAEM engine; source unit/header caveats preserved.,formula_calculated
ministry_caem,oil_plus10,original_CAEM_2024_actual_2025_forecast,source:1a. Real GDP - Production:row115,Transport  / deflator growth,%,annual,2027,3.4391408475050467,run_calculated,scenario_forecast,CAEM.xlsb / native formula export,1a. Real GDP - Production,U115,exact native source formula output; year header checked; original units unchanged,FR2,,"[""FR2"",""FR3""]",direct_original_output_atom,implicit current/volume deflator growth,false,ministry_caem:source:1a. Real GDP - Production:row115,Exact original row now exported by the actual CAEM engine; source unit/header caveats preserved.,formula_calculated
ministry_caem,oil_plus10,original_CAEM_2024_actual_2025_forecast,source:1a. Real GDP - Production:row115,Transport  / deflator growth,%,annual,2028,3.3616939221996396,run_calculated,scenario_forecast,CAEM.xlsb / native formula export,1a. Real GDP - Production,V115,exact native source formula output; year header checked; original units unchanged,FR2,,"[""FR2"",""FR3""]",direct_original_output_atom,implicit current/volume deflator growth,false,ministry_caem:source:1a. Real GDP - Production:row115,Exact original row now exported by the actual CAEM engine; source unit/header caveats preserved.,formula_calculated
ministry_caem,oil_plus10,original_CAEM_2024_actual_2025_forecast,source:1a. Real GDP - Production:row115,Transport  / deflator growth,%,annual,2029,3.2175645660188117,run_calculated,scenario_forecast,CAEM.xlsb / native formula export,1a. Real GDP - Production,W115,exact native source formula output; year header checked; original units unchanged,FR2,,"[""FR2"",""FR3""]",direct_original_output_atom,implicit current/volume deflator growth,false,ministry_caem:source:1a. Real GDP - Production:row115,Exact original row now exported by the actual CAEM engine; source unit/header caveats preserved.,formula_calculated
ministry_caem,oil_plus10,original_CAEM_2024_actual_2025_forecast,source:1a. Real GDP - Production:row175,Transport  / real growth,%,annual,2025,3.14,source_input,scenario_forecast,CAEM.xlsb / native formula export,1a. Real GDP - Production,S175,exact native source formula output; year header checked; original units unchanged,FR2,,"[""FR2"",""FR3""]",direct_original_output_atom,original constant-price volume growth; historical base-year unresolved,false,ministry_caem:source:1a. Real GDP - Production:row175,Exact original row now exported by the actual CAEM engine; source unit/header caveats preserved.,original_literal
ministry_caem,oil_plus10,original_CAEM_2024_actual_2025_forecast,source:1a. Real GDP - Production:row175,Transport  / real growth,%,annual,2026,4.6,source_input,scenario_forecast,CAEM.xlsb / native formula export,1a. Real GDP - Production,T175,exact native source formula output; year header checked; original units unchanged,FR2,,"[""FR2"",""FR3""]",direct_original_output_atom,original constant-price volume growth; historical base-year unresolved,false,ministry_caem:source:1a. Real GDP - Production:row175,Exact original row now exported by the actual CAEM engine; source unit/header caveats preserved.,original_literal
ministry_caem,oil_plus10,original_CAEM_2024_actual_2025_forecast,source:1a. Real GDP - Production:row175,Transport  / real growth,%,annual,2027,5.3,source_input,scenario_forecast,CAEM.xlsb / native formula export,1a. Real GDP - Production,U175,exact native source formula output; year header checked; original units unchanged,FR2,,"[""FR2"",""FR3""]",direct_original_output_atom,original constant-price volume growth; historical base-year unresolved,false,ministry_caem:source:1a. Real GDP - Production:row175,Exact original row now exported by the actual CAEM engine; source unit/header caveats preserved.,original_literal
ministry_caem,oil_plus10,original_CAEM_2024_actual_2025_forecast,source:1a. Real GDP - Production:row175,Transport  / real growth,%,annual,2028,5.0,source_input,scenario_forecast,CAEM.xlsb / native formula export,1a. Real GDP - Production,V175,exact native source formula output; year header checked; original units unchanged,FR2,,"[""FR2"",""FR3""]",direct_original_output_atom,original constant-price volume growth; historical base-year unresolved,false,ministry_caem:source:1a. Real GDP - Production:row175,Exact original row now exported by the actual CAEM engine; source unit/header caveats preserved.,original_literal
ministry_caem,oil_plus10,original_CAEM_2024_actual_2025_forecast,source:1a. Real GDP - Production:row175,Transport  / real growth,%,annual,2029,5.3,source_input,scenario_forecast,CAEM.xlsb / native formula export,1a. Real GDP - Production,W175,exact native source formula output; year header checked; original units unchanged,FR2,,"[""FR2"",""FR3""]",direct_original_output_atom,original constant-price volume growth; historical base-year unresolved,false,ministry_caem:source:1a. Real GDP - Production:row175,Exact original row now exported by the actual CAEM engine; source unit/header caveats preserved.,original_literal
ministry_caem,oil_plus10,original_CAEM_2024_actual_2025_forecast,source:1a. Real GDP - Production:row80,Communication / current basic-price VA or source tax component,mln AZN,annual,2025,2755.53748678179,run_calculated,scenario_forecast,CAEM.xlsb / native formula export,1a. Real GDP - Production,S80,exact native source formula output; year header checked; original units unchanged,FR2,,"[""FR2"",""FR3""]",direct_original_output_atom,current basic-price value-added component,false,ministry_caem:source:1a. Real GDP - Production:row80,Exact original row now exported by the actual CAEM engine; source unit/header caveats preserved.,formula_calculated
ministry_caem,oil_plus10,original_CAEM_2024_actual_2025_forecast,source:1a. Real GDP - Production:row80,Communication / current basic-price VA or source tax component,mln AZN,annual,2026,3148.2583463673673,run_calculated,scenario_forecast,CAEM.xlsb / native formula export,1a. Real GDP - Production,T80,exact native source formula output; year header checked; original units unchanged,FR2,,"[""FR2"",""FR3""]",direct_original_output_atom,current basic-price value-added component,false,ministry_caem:source:1a. Real GDP - Production:row80,Exact original row now exported by the actual CAEM engine; source unit/header caveats preserved.,formula_calculated
ministry_caem,oil_plus10,original_CAEM_2024_actual_2025_forecast,source:1a. Real GDP - Production:row80,Communication / current basic-price VA or source tax component,mln AZN,annual,2027,3591.9541178119284,run_calculated,scenario_forecast,CAEM.xlsb / native formula export,1a. Real GDP - Production,U80,exact native source formula output; year header checked; original units unchanged,FR2,,"[""FR2"",""FR3""]",direct_original_output_atom,current basic-price value-added component,false,ministry_caem:source:1a. Real GDP - Production:row80,Exact original row now exported by the actual CAEM engine; source unit/header caveats preserved.,formula_calculated
ministry_caem,oil_plus10,original_CAEM_2024_actual_2025_forecast,source:1a. Real GDP - Production:row80,Communication / current basic-price VA or source tax component,mln AZN,annual,2028,4091.400492428631,run_calculated,scenario_forecast,CAEM.xlsb / native formula export,1a. Real GDP - Production,V80,exact native source formula output; year header checked; original units unchanged,FR2,,"[""FR2"",""FR3""]",direct_original_output_atom,current basic-price value-added component,false,ministry_caem:source:1a. Real GDP - Production:row80,Exact original row now exported by the actual CAEM engine; source unit/header caveats preserved.,formula_calculated
ministry_caem,oil_plus10,original_CAEM_2024_actual_2025_forecast,source:1a. Real GDP - Production:row80,Communication / current basic-price VA or source tax component,mln AZN,annual,2029,4649.571383364553,run_calculated,scenario_forecast,CAEM.xlsb / native formula export,1a. Real GDP - Production,W80,exact native source formula output; year header checked; original units unchanged,FR2,,"[""FR2"",""FR3""]",direct_original_output_atom,current basic-price value-added component,false,ministry_caem:source:1a. Real GDP - Production:row80,Exact original row now exported by the actual CAEM engine; source unit/header caveats preserved.,formula_calculated
ministry_caem,oil_plus10,original_CAEM_2024_actual_2025_forecast,source:1a. Real GDP - Production:row116,Communication / deflator growth,%,annual,2025,4.170887635856587,run_calculated,scenario_forecast,CAEM.xlsb / native formula export,1a. Real GDP - Production,S116,exact native source formula output; year header checked; original units unchanged,FR2,,"[""FR2"",""FR3""]",direct_original_output_atom,implicit current/volume deflator growth,false,ministry_caem:source:1a. Real GDP - Production:row116,Exact original row now exported by the actual CAEM engine; source unit/header caveats preserved.,formula_calculated
ministry_caem,oil_plus10,original_CAEM_2024_actual_2025_forecast,source:1a. Real GDP - Production:row116,Communication / deflator growth,%,annual,2026,3.7711717823339366,run_calculated,scenario_forecast,CAEM.xlsb / native formula export,1a. Real GDP - Production,T116,exact native source formula output; year header checked; original units unchanged,FR2,,"[""FR2"",""FR3""]",direct_original_output_atom,implicit current/volume deflator growth,false,ministry_caem:source:1a. Real GDP - Production:row116,Exact original row now exported by the actual CAEM engine; source unit/header caveats preserved.,formula_calculated
ministry_caem,oil_plus10,original_CAEM_2024_actual_2025_forecast,source:1a. Real GDP - Production:row116,Communication / deflator growth,%,annual,2027,3.4391408475050467,run_calculated,scenario_forecast,CAEM.xlsb / native formula export,1a. Real GDP - Production,U116,exact native source formula output; year header checked; original units unchanged,FR2,,"[""FR2"",""FR3""]",direct_original_output_atom,implicit current/volume deflator growth,false,ministry_caem:source:1a. Real GDP - Production:row116,Exact original row now exported by the actual CAEM engine; source unit/header caveats preserved.,formula_calculated
ministry_caem,oil_plus10,original_CAEM_2024_actual_2025_forecast,source:1a. Real GDP - Production:row116,Communication / deflator growth,%,annual,2028,3.3616939221996396,run_calculated,scenario_forecast,CAEM.xlsb / native formula export,1a. Real GDP - Production,V116,exact native source formula output; year header checked; original units unchanged,FR2,,"[""FR2"",""FR3""]",direct_original_output_atom,implicit current/volume deflator growth,false,ministry_caem:source:1a. Real GDP - Production:row116,Exact original row now exported by the actual CAEM engine; source unit/header caveats preserved.,formula_calculated
ministry_caem,oil_plus10,original_CAEM_2024_actual_2025_forecast,source:1a. Real GDP - Production:row116,Communication / deflator growth,%,annual,2029,3.2175645660188117,run_calculated,scenario_forecast,CAEM.xlsb / native formula export,1a. Real GDP - Production,W116,exact native source formula output; year header checked; original units unchanged,FR2,,"[""FR2"",""FR3""]",direct_original_output_atom,implicit current/volume deflator growth,false,ministry_caem:source:1a. Real GDP - Production:row116,Exact original row now exported by the actual CAEM engine; source unit/header caveats preserved.,formula_calculated
ministry_caem,oil_plus10,original_CAEM_2024_actual_2025_forecast,source:1a. Real GDP - Production:row176,Communication / real growth,%,annual,2025,10.24,source_input,scenario_forecast,CAEM.xlsb / native formula export,1a. Real GDP - Production,S176,exact native source formula output; year header checked; original units unchanged,FR2,,"[""FR2"",""FR3""]",direct_original_output_atom,original constant-price volume growth; historical base-year unresolved,false,ministry_caem:source:1a. Real GDP - Production:row176,Exact original row now exported by the actual CAEM engine; source unit/header caveats preserved.,original_literal
ministry_caem,oil_plus10,original_CAEM_2024_actual_2025_forecast,source:1a. Real GDP - Production:row176,Communication / real growth,%,annual,2026,10.1,source_input,scenario_forecast,CAEM.xlsb / native formula export,1a. Real GDP - Production,T176,exact native source formula output; year header checked; original units unchanged,FR2,,"[""FR2"",""FR3""]",direct_original_output_atom,original constant-price volume growth; historical base-year unresolved,false,ministry_caem:source:1a. Real GDP - Production:row176,Exact original row now exported by the actual CAEM engine; source unit/header caveats preserved.,original_literal
ministry_caem,oil_plus10,original_CAEM_2024_actual_2025_forecast,source:1a. Real GDP - Production:row176,Communication / real growth,%,annual,2027,10.3,source_input,scenario_forecast,CAEM.xlsb / native formula export,1a. Real GDP - Production,U176,exact native source formula output; year header checked; original units unchanged,FR2,,"[""FR2"",""FR3""]",direct_original_output_atom,original constant-price volume growth; historical base-year unresolved,false,ministry_caem:source:1a. Real GDP - Production:row176,Exact original row now exported by the actual CAEM engine; source unit/header caveats preserved.,original_literal
ministry_caem,oil_plus10,original_CAEM_2024_actual_2025_forecast,source:1a. Real GDP - Production:row176,Communication / real growth,%,annual,2028,10.2,source_input,scenario_forecast,CAEM.xlsb / native formula export,1a. Real GDP - Production,V176,exact native source formula output; year header checked; original units unchanged,FR2,,"[""FR2"",""FR3""]",direct_original_output_atom,original constant-price volume growth; historical base-year unresolved,false,ministry_caem:source:1a. Real GDP - Production:row176,Exact original row now exported by the actual CAEM engine; source unit/header caveats preserved.,original_literal
ministry_caem,oil_plus10,original_CAEM_2024_actual_2025_forecast,source:1a. Real GDP - Production:row176,Communication / real growth,%,annual,2029,10.1,source_input,scenario_forecast,CAEM.xlsb / native formula export,1a. Real GDP - Production,W176,exact native source formula output; year header checked; original units unchanged,FR2,,"[""FR2"",""FR3""]",direct_original_output_atom,original constant-price volume growth; historical base-year unresolved,false,ministry_caem:source:1a. Real GDP - Production:row176,Exact original row now exported by the actual CAEM engine; source unit/header caveats preserved.,original_literal
ministry_caem,oil_plus10,original_CAEM_2024_actual_2025_forecast,source:1a. Real GDP - Production:row81,Social and other services / current basic-price VA or source tax component,mln AZN,annual,2025,26991.747771504954,run_calculated,scenario_forecast,CAEM.xlsb / native formula export,1a. Real GDP - Production,S81,exact native source formula output; year header checked; original units unchanged,FR2,,"[""FR2"",""FR3""]",direct_original_output_atom,current basic-price value-added component,false,ministry_caem:source:1a. Real GDP - Production:row81,Exact original row now exported by the actual CAEM engine; source unit/header caveats preserved.,formula_calculated
ministry_caem,oil_plus10,original_CAEM_2024_actual_2025_forecast,source:1a. Real GDP - Production:row81,Social and other services / current basic-price VA or source tax component,mln AZN,annual,2026,28905.961841327422,run_calculated,scenario_forecast,CAEM.xlsb / native formula export,1a. Real GDP - Production,T81,exact native source formula output; year header checked; original units unchanged,FR2,,"[""FR2"",""FR3""]",direct_original_output_atom,current basic-price value-added component,false,ministry_caem:source:1a. Real GDP - Production:row81,Exact original row now exported by the actual CAEM engine; source unit/header caveats preserved.,formula_calculated
ministry_caem,oil_plus10,original_CAEM_2024_actual_2025_forecast,source:1a. Real GDP - Production:row81,Social and other services / current basic-price VA or source tax component,mln AZN,annual,2027,30916.681254177547,run_calculated,scenario_forecast,CAEM.xlsb / native formula export,1a. Real GDP - Production,U81,exact native source formula output; year header checked; original units unchanged,FR2,,"[""FR2"",""FR3""]",direct_original_output_atom,current basic-price value-added component,false,ministry_caem:source:1a. Real GDP - Production:row81,Exact original row now exported by the actual CAEM engine; source unit/header caveats preserved.,formula_calculated
ministry_caem,oil_plus10,original_CAEM_2024_actual_2025_forecast,source:1a. Real GDP - Production:row81,Social and other services / current basic-price VA or source tax component,mln AZN,annual,2028,33029.72723192627,run_calculated,scenario_forecast,CAEM.xlsb / native formula export,1a. Real GDP - Production,V81,exact native source formula output; year header checked; original units unchanged,FR2,,"[""FR2"",""FR3""]",direct_original_output_atom,current basic-price value-added component,false,ministry_caem:source:1a. Real GDP - Production:row81,Exact original row now exported by the actual CAEM engine; source unit/header caveats preserved.,formula_calculated
ministry_caem,oil_plus10,original_CAEM_2024_actual_2025_forecast,source:1a. Real GDP - Production:row81,Social and other services / current basic-price VA or source tax component,mln AZN,annual,2029,35319.80931273076,run_calculated,scenario_forecast,CAEM.xlsb / native formula export,1a. Real GDP - Production,W81,exact native source formula output; year header checked; original units unchanged,FR2,,"[""FR2"",""FR3""]",direct_original_output_atom,current basic-price value-added component,false,ministry_caem:source:1a. Real GDP - Production:row81,Exact original row now exported by the actual CAEM engine; source unit/header caveats preserved.,formula_calculated
ministry_caem,oil_plus10,original_CAEM_2024_actual_2025_forecast,source:1a. Real GDP - Production:row117,Social and other services / deflator growth,%,annual,2025,4.170887635856587,run_calculated,scenario_forecast,CAEM.xlsb / native formula export,1a. Real GDP - Production,S117,exact native source formula output; year header checked; original units unchanged,FR2,,"[""FR2"",""FR3""]",direct_original_output_atom,implicit current/volume deflator growth,false,ministry_caem:source:1a. Real GDP - Production:row117,Exact original row now exported by the actual CAEM engine; source unit/header caveats preserved.,formula_calculated
ministry_caem,oil_plus10,original_CAEM_2024_actual_2025_forecast,source:1a. Real GDP - Production:row117,Social and other services / deflator growth,%,annual,2026,3.7711717823339366,run_calculated,scenario_forecast,CAEM.xlsb / native formula export,1a. Real GDP - Production,T117,exact native source formula output; year header checked; original units unchanged,FR2,,"[""FR2"",""FR3""]",direct_original_output_atom,implicit current/volume deflator growth,false,ministry_caem:source:1a. Real GDP - Production:row117,Exact original row now exported by the actual CAEM engine; source unit/header caveats preserved.,formula_calculated
ministry_caem,oil_plus10,original_CAEM_2024_actual_2025_forecast,source:1a. Real GDP - Production:row117,Social and other services / deflator growth,%,annual,2027,3.4391408475050467,run_calculated,scenario_forecast,CAEM.xlsb / native formula export,1a. Real GDP - Production,U117,exact native source formula output; year header checked; original units unchanged,FR2,,"[""FR2"",""FR3""]",direct_original_output_atom,implicit current/volume deflator growth,false,ministry_caem:source:1a. Real GDP - Production:row117,Exact original row now exported by the actual CAEM engine; source unit/header caveats preserved.,formula_calculated
ministry_caem,oil_plus10,original_CAEM_2024_actual_2025_forecast,source:1a. Real GDP - Production:row117,Social and other services / deflator growth,%,annual,2028,3.3616939221996396,run_calculated,scenario_forecast,CAEM.xlsb / native formula export,1a. Real GDP - Production,V117,exact native source formula output; year header checked; original units unchanged,FR2,,"[""FR2"",""FR3""]",direct_original_output_atom,implicit current/volume deflator growth,false,ministry_caem:source:1a. Real GDP - Production:row117,Exact original row now exported by the actual CAEM engine; source unit/header caveats preserved.,formula_calculated
ministry_caem,oil_plus10,original_CAEM_2024_actual_2025_forecast,source:1a. Real GDP - Production:row117,Social and other services / deflator growth,%,annual,2029,3.2175645660188117,run_calculated,scenario_forecast,CAEM.xlsb / native formula export,1a. Real GDP - Production,W117,exact native source formula output; year header checked; original units unchanged,FR2,,"[""FR2"",""FR3""]",direct_original_output_atom,implicit current/volume deflator growth,false,ministry_caem:source:1a. Real GDP - Production:row117,Exact original row now exported by the actual CAEM engine; source unit/header caveats preserved.,formula_calculated
ministry_caem,oil_plus10,original_CAEM_2024_actual_2025_forecast,source:1a. Real GDP - Production:row177,Social and other services / real growth,%,annual,2025,2.949,source_input,scenario_forecast,CAEM.xlsb / native formula export,1a. Real GDP - Production,S177,exact native source formula output; year header checked; original units unchanged,FR2,,"[""FR2"",""FR3""]",direct_original_output_atom,original constant-price volume growth; historical base-year unresolved,false,ministry_caem:source:1a. Real GDP - Production:row177,Exact original row now exported by the actual CAEM engine; source unit/header caveats preserved.,original_literal
ministry_caem,oil_plus10,original_CAEM_2024_actual_2025_forecast,source:1a. Real GDP - Production:row177,Social and other services / real growth,%,annual,2026,3.2,source_input,scenario_forecast,CAEM.xlsb / native formula export,1a. Real GDP - Production,T177,exact native source formula output; year header checked; original units unchanged,FR2,,"[""FR2"",""FR3""]",direct_original_output_atom,original constant-price volume growth; historical base-year unresolved,false,ministry_caem:source:1a. Real GDP - Production:row177,Exact original row now exported by the actual CAEM engine; source unit/header caveats preserved.,original_literal
ministry_caem,oil_plus10,original_CAEM_2024_actual_2025_forecast,source:1a. Real GDP - Production:row177,Social and other services / real growth,%,annual,2027,3.4,source_input,scenario_forecast,CAEM.xlsb / native formula export,1a. Real GDP - Production,U177,exact native source formula output; year header checked; original units unchanged,FR2,,"[""FR2"",""FR3""]",direct_original_output_atom,original constant-price volume growth; historical base-year unresolved,false,ministry_caem:source:1a. Real GDP - Production:row177,Exact original row now exported by the actual CAEM engine; source unit/header caveats preserved.,original_literal
ministry_caem,oil_plus10,original_CAEM_2024_actual_2025_forecast,source:1a. Real GDP - Production:row177,Social and other services / real growth,%,annual,2028,3.36,source_input,scenario_forecast,CAEM.xlsb / native formula export,1a. Real GDP - Production,V177,exact native source formula output; year header checked; original units unchanged,FR2,,"[""FR2"",""FR3""]",direct_original_output_atom,original constant-price volume growth; historical base-year unresolved,false,ministry_caem:source:1a. Real GDP - Production:row177,Exact original row now exported by the actual CAEM engine; source unit/header caveats preserved.,original_literal
ministry_caem,oil_plus10,original_CAEM_2024_actual_2025_forecast,source:1a. Real GDP - Production:row177,Social and other services / real growth,%,annual,2029,3.6,source_input,scenario_forecast,CAEM.xlsb / native formula export,1a. Real GDP - Production,W177,exact native source formula output; year header checked; original units unchanged,FR2,,"[""FR2"",""FR3""]",direct_original_output_atom,original constant-price volume growth; historical base-year unresolved,false,ministry_caem:source:1a. Real GDP - Production:row177,Exact original row now exported by the actual CAEM engine; source unit/header caveats preserved.,original_literal
ministry_caem,oil_plus10,original_CAEM_2024_actual_2025_forecast,source:1a. Real GDP - Production:row82, Taxes Less Subsidies on Products / current basic-price VA or source tax component,mln AZN,annual,2025,12674.550552287103,run_calculated,scenario_forecast,CAEM.xlsb / native formula export,1a. Real GDP - Production,S82,exact native source formula output; year header checked; original units unchanged,FR2,,"[""FR2"",""FR3""]",direct_original_output_atom,current net-product-tax component,false,ministry_caem:source:1a. Real GDP - Production:row82,Exact original row now exported by the actual CAEM engine; source unit/header caveats preserved.,formula_calculated
ministry_caem,oil_plus10,original_CAEM_2024_actual_2025_forecast,source:1a. Real GDP - Production:row82, Taxes Less Subsidies on Products / current basic-price VA or source tax component,mln AZN,annual,2026,12976.948420312816,run_calculated,scenario_forecast,CAEM.xlsb / native formula export,1a. Real GDP - Production,T82,exact native source formula output; year header checked; original units unchanged,FR2,,"[""FR2"",""FR3""]",direct_original_output_atom,current net-product-tax component,false,ministry_caem:source:1a. Real GDP - Production:row82,Exact original row now exported by the actual CAEM engine; source unit/header caveats preserved.,formula_calculated
ministry_caem,oil_plus10,original_CAEM_2024_actual_2025_forecast,source:1a. Real GDP - Production:row82, Taxes Less Subsidies on Products / current basic-price VA or source tax component,mln AZN,annual,2027,13485.79262383611,run_calculated,scenario_forecast,CAEM.xlsb / native formula export,1a. Real GDP - Production,U82,exact native source formula output; year header checked; original units unchanged,FR2,,"[""FR2"",""FR3""]",direct_original_output_atom,current net-product-tax component,false,ministry_caem:source:1a. Real GDP - Production:row82,Exact original row now exported by the actual CAEM engine; source unit/header caveats preserved.,formula_calculated
ministry_caem,oil_plus10,original_CAEM_2024_actual_2025_forecast,source:1a. Real GDP - Production:row82, Taxes Less Subsidies on Products / current basic-price VA or source tax component,mln AZN,annual,2028,14015.918458151635,run_calculated,scenario_forecast,CAEM.xlsb / native formula export,1a. Real GDP - Production,V82,exact native source formula output; year header checked; original units unchanged,FR2,,"[""FR2"",""FR3""]",direct_original_output_atom,current net-product-tax component,false,ministry_caem:source:1a. Real GDP - Production:row82,Exact original row now exported by the actual CAEM engine; source unit/header caveats preserved.,formula_calculated
ministry_caem,oil_plus10,original_CAEM_2024_actual_2025_forecast,source:1a. Real GDP - Production:row82, Taxes Less Subsidies on Products / current basic-price VA or source tax component,mln AZN,annual,2029,14699.529452580766,run_calculated,scenario_forecast,CAEM.xlsb / native formula export,1a. Real GDP - Production,W82,exact native source formula output; year header checked; original units unchanged,FR2,,"[""FR2"",""FR3""]",direct_original_output_atom,current net-product-tax component,false,ministry_caem:source:1a. Real GDP - Production:row82,Exact original row now exported by the actual CAEM engine; source unit/header caveats preserved.,formula_calculated
ministry_caem,oil_plus10,original_CAEM_2024_actual_2025_forecast,source:1a. Real GDP - Production:row118, Taxes Less Subsidies on Products / deflator growth,%,annual,2025,,unavailable_source_blank,scenario_forecast,CAEM.xlsb / native formula export,1a. Real GDP - Production,S118,exact native source formula output; year header checked; original units unchanged,FR2,,"[""FR2"",""FR3""]",direct_original_output_atom,implicit current/volume deflator growth,false,ministry_caem:source:1a. Real GDP - Production:row118,Exact original row now exported by the actual CAEM engine; source unit/header caveats preserved.,original_literal
ministry_caem,oil_plus10,original_CAEM_2024_actual_2025_forecast,source:1a. Real GDP - Production:row118, Taxes Less Subsidies on Products / deflator growth,%,annual,2026,,unavailable_source_blank,scenario_forecast,CAEM.xlsb / native formula export,1a. Real GDP - Production,T118,exact native source formula output; year header checked; original units unchanged,FR2,,"[""FR2"",""FR3""]",direct_original_output_atom,implicit current/volume deflator growth,false,ministry_caem:source:1a. Real GDP - Production:row118,Exact original row now exported by the actual CAEM engine; source unit/header caveats preserved.,original_literal
ministry_caem,oil_plus10,original_CAEM_2024_actual_2025_forecast,source:1a. Real GDP - Production:row118, Taxes Less Subsidies on Products / deflator growth,%,annual,2027,,unavailable_source_blank,scenario_forecast,CAEM.xlsb / native formula export,1a. Real GDP - Production,U118,exact native source formula output; year header checked; original units unchanged,FR2,,"[""FR2"",""FR3""]",direct_original_output_atom,implicit current/volume deflator growth,false,ministry_caem:source:1a. Real GDP - Production:row118,Exact original row now exported by the actual CAEM engine; source unit/header caveats preserved.,original_literal
ministry_caem,oil_plus10,original_CAEM_2024_actual_2025_forecast,source:1a. Real GDP - Production:row118, Taxes Less Subsidies on Products / deflator growth,%,annual,2028,,unavailable_source_blank,scenario_forecast,CAEM.xlsb / native formula export,1a. Real GDP - Production,V118,exact native source formula output; year header checked; original units unchanged,FR2,,"[""FR2"",""FR3""]",direct_original_output_atom,implicit current/volume deflator growth,false,ministry_caem:source:1a. Real GDP - Production:row118,Exact original row now exported by the actual CAEM engine; source unit/header caveats preserved.,original_literal
ministry_caem,oil_plus10,original_CAEM_2024_actual_2025_forecast,source:1a. Real GDP - Production:row118, Taxes Less Subsidies on Products / deflator growth,%,annual,2029,,unavailable_source_blank,scenario_forecast,CAEM.xlsb / native formula export,1a. Real GDP - Production,W118,exact native source formula output; year header checked; original units unchanged,FR2,,"[""FR2"",""FR3""]",direct_original_output_atom,implicit current/volume deflator growth,false,ministry_caem:source:1a. Real GDP - Production:row118,Exact original row now exported by the actual CAEM engine; source unit/header caveats preserved.,original_literal
ministry_caem,oil_plus10,original_CAEM_2024_actual_2025_forecast,source:1a. Real GDP - Production:row178, Taxes Less Subsidies on Products / real growth,%,annual,2025,,unavailable_source_blank,scenario_forecast,CAEM.xlsb / native formula export,1a. Real GDP - Production,S178,exact native source formula output; year header checked; original units unchanged,FR2,,"[""FR2"",""FR3""]",direct_original_output_atom,original constant-price volume growth; historical base-year unresolved,false,ministry_caem:source:1a. Real GDP - Production:row178,Exact original row now exported by the actual CAEM engine; source unit/header caveats preserved.,original_literal
ministry_caem,oil_plus10,original_CAEM_2024_actual_2025_forecast,source:1a. Real GDP - Production:row178, Taxes Less Subsidies on Products / real growth,%,annual,2026,,unavailable_source_blank,scenario_forecast,CAEM.xlsb / native formula export,1a. Real GDP - Production,T178,exact native source formula output; year header checked; original units unchanged,FR2,,"[""FR2"",""FR3""]",direct_original_output_atom,original constant-price volume growth; historical base-year unresolved,false,ministry_caem:source:1a. Real GDP - Production:row178,Exact original row now exported by the actual CAEM engine; source unit/header caveats preserved.,original_literal
ministry_caem,oil_plus10,original_CAEM_2024_actual_2025_forecast,source:1a. Real GDP - Production:row178, Taxes Less Subsidies on Products / real growth,%,annual,2027,,unavailable_source_blank,scenario_forecast,CAEM.xlsb / native formula export,1a. Real GDP - Production,U178,exact native source formula output; year header checked; original units unchanged,FR2,,"[""FR2"",""FR3""]",direct_original_output_atom,original constant-price volume growth; historical base-year unresolved,false,ministry_caem:source:1a. Real GDP - Production:row178,Exact original row now exported by the actual CAEM engine; source unit/header caveats preserved.,original_literal
ministry_caem,oil_plus10,original_CAEM_2024_actual_2025_forecast,source:1a. Real GDP - Production:row178, Taxes Less Subsidies on Products / real growth,%,annual,2028,,unavailable_source_blank,scenario_forecast,CAEM.xlsb / native formula export,1a. Real GDP - Production,V178,exact native source formula output; year header checked; original units unchanged,FR2,,"[""FR2"",""FR3""]",direct_original_output_atom,original constant-price volume growth; historical base-year unresolved,false,ministry_caem:source:1a. Real GDP - Production:row178,Exact original row now exported by the actual CAEM engine; source unit/header caveats preserved.,original_literal
ministry_caem,oil_plus10,original_CAEM_2024_actual_2025_forecast,source:1a. Real GDP - Production:row178, Taxes Less Subsidies on Products / real growth,%,annual,2029,,unavailable_source_blank,scenario_forecast,CAEM.xlsb / native formula export,1a. Real GDP - Production,W178,exact native source formula output; year header checked; original units unchanged,FR2,,"[""FR2"",""FR3""]",direct_original_output_atom,original constant-price volume growth; historical base-year unresolved,false,ministry_caem:source:1a. Real GDP - Production:row178,Exact original row now exported by the actual CAEM engine; source unit/header caveats preserved.,original_literal
ministry_caem,oil_plus10,original_CAEM_2024_actual_2025_forecast,source:1a. Real GDP - Production:row83,o/w oil and gas / current basic-price VA or source tax component,mln AZN,annual,2025,1827.35852192147,run_calculated,scenario_forecast,CAEM.xlsb / native formula export,1a. Real GDP - Production,S83,exact native source formula output; year header checked; original units unchanged,FR2,,"[""FR2"",""FR3""]",direct_original_output_atom,current net-product-tax component,false,ministry_caem:source:1a. Real GDP - Production:row83,Exact original row now exported by the actual CAEM engine; source unit/header caveats preserved.,formula_calculated
ministry_caem,oil_plus10,original_CAEM_2024_actual_2025_forecast,source:1a. Real GDP - Production:row83,o/w oil and gas / current basic-price VA or source tax component,mln AZN,annual,2026,1587.5539408991604,run_calculated,scenario_forecast,CAEM.xlsb / native formula export,1a. Real GDP - Production,T83,exact native source formula output; year header checked; original units unchanged,FR2,,"[""FR2"",""FR3""]",direct_original_output_atom,current net-product-tax component,false,ministry_caem:source:1a. Real GDP - Production:row83,Exact original row now exported by the actual CAEM engine; source unit/header caveats preserved.,formula_calculated
ministry_caem,oil_plus10,original_CAEM_2024_actual_2025_forecast,source:1a. Real GDP - Production:row83,o/w oil and gas / current basic-price VA or source tax component,mln AZN,annual,2027,1554.1492441206583,run_calculated,scenario_forecast,CAEM.xlsb / native formula export,1a. Real GDP - Production,U83,exact native source formula output; year header checked; original units unchanged,FR2,,"[""FR2"",""FR3""]",direct_original_output_atom,current net-product-tax component,false,ministry_caem:source:1a. Real GDP - Production:row83,Exact original row now exported by the actual CAEM engine; source unit/header caveats preserved.,formula_calculated
ministry_caem,oil_plus10,original_CAEM_2024_actual_2025_forecast,source:1a. Real GDP - Production:row83,o/w oil and gas / current basic-price VA or source tax component,mln AZN,annual,2028,1492.2242487806075,run_calculated,scenario_forecast,CAEM.xlsb / native formula export,1a. Real GDP - Production,V83,exact native source formula output; year header checked; original units unchanged,FR2,,"[""FR2"",""FR3""]",direct_original_output_atom,current net-product-tax component,false,ministry_caem:source:1a. Real GDP - Production:row83,Exact original row now exported by the actual CAEM engine; source unit/header caveats preserved.,formula_calculated
ministry_caem,oil_plus10,original_CAEM_2024_actual_2025_forecast,source:1a. Real GDP - Production:row83,o/w oil and gas / current basic-price VA or source tax component,mln AZN,annual,2029,1565.6582574481458,run_calculated,scenario_forecast,CAEM.xlsb / native formula export,1a. Real GDP - Production,W83,exact native source formula output; year header checked; original units unchanged,FR2,,"[""FR2"",""FR3""]",direct_original_output_atom,current net-product-tax component,false,ministry_caem:source:1a. Real GDP - Production:row83,Exact original row now exported by the actual CAEM engine; source unit/header caveats preserved.,formula_calculated
ministry_caem,oil_plus10,original_CAEM_2024_actual_2025_forecast,source:1a. Real GDP - Production:row119,o/w oil and gas / deflator growth,%,annual,2025,-7.833836814508757,run_calculated,scenario_forecast,CAEM.xlsb / native formula export,1a. Real GDP - Production,S119,exact native source formula output; year header checked; original units unchanged,FR2,,"[""FR2"",""FR3""]",direct_original_output_atom,implicit current/volume deflator growth,false,ministry_caem:source:1a. Real GDP - Production:row119,Exact original row now exported by the actual CAEM engine; source unit/header caveats preserved.,formula_calculated
ministry_caem,oil_plus10,original_CAEM_2024_actual_2025_forecast,source:1a. Real GDP - Production:row119,o/w oil and gas / deflator growth,%,annual,2026,-10.947559904826292,run_calculated,scenario_forecast,CAEM.xlsb / native formula export,1a. Real GDP - Production,T119,exact native source formula output; year header checked; original units unchanged,FR2,,"[""FR2"",""FR3""]",direct_original_output_atom,implicit current/volume deflator growth,false,ministry_caem:source:1a. Real GDP - Production:row119,Exact original row now exported by the actual CAEM engine; source unit/header caveats preserved.,formula_calculated
ministry_caem,oil_plus10,original_CAEM_2024_actual_2025_forecast,source:1a. Real GDP - Production:row119,o/w oil and gas / deflator growth,%,annual,2027,-0.8197587609738974,run_calculated,scenario_forecast,CAEM.xlsb / native formula export,1a. Real GDP - Production,U119,exact native source formula output; year header checked; original units unchanged,FR2,,"[""FR2"",""FR3""]",direct_original_output_atom,implicit current/volume deflator growth,false,ministry_caem:source:1a. Real GDP - Production:row119,Exact original row now exported by the actual CAEM engine; source unit/header caveats preserved.,formula_calculated
ministry_caem,oil_plus10,original_CAEM_2024_actual_2025_forecast,source:1a. Real GDP - Production:row119,o/w oil and gas / deflator growth,%,annual,2028,-0.8922435766434944,run_calculated,scenario_forecast,CAEM.xlsb / native formula export,1a. Real GDP - Production,V119,exact native source formula output; year header checked; original units unchanged,FR2,,"[""FR2"",""FR3""]",direct_original_output_atom,implicit current/volume deflator growth,false,ministry_caem:source:1a. Real GDP - Production:row119,Exact original row now exported by the actual CAEM engine; source unit/header caveats preserved.,formula_calculated
ministry_caem,oil_plus10,original_CAEM_2024_actual_2025_forecast,source:1a. Real GDP - Production:row119,o/w oil and gas / deflator growth,%,annual,2029,0.33968976165859033,run_calculated,scenario_forecast,CAEM.xlsb / native formula export,1a. Real GDP - Production,W119,exact native source formula output; year header checked; original units unchanged,FR2,,"[""FR2"",""FR3""]",direct_original_output_atom,implicit current/volume deflator growth,false,ministry_caem:source:1a. Real GDP - Production:row119,Exact original row now exported by the actual CAEM engine; source unit/header caveats preserved.,formula_calculated
ministry_caem,oil_plus10,original_CAEM_2024_actual_2025_forecast,source:1a. Real GDP - Production:row179,o/w oil and gas / real growth,%,annual,2025,-0.19238334343595553,run_calculated,scenario_forecast,CAEM.xlsb / native formula export,1a. Real GDP - Production,S179,exact native source formula output; year header checked; original units unchanged,FR2,,"[""FR2"",""FR3""]",direct_original_output_atom,original constant-price volume growth; historical base-year unresolved,false,ministry_caem:source:1a. Real GDP - Production:row179,Exact original row now exported by the actual CAEM engine; source unit/header caveats preserved.,formula_calculated
ministry_caem,oil_plus10,original_CAEM_2024_actual_2025_forecast,source:1a. Real GDP - Production:row179,o/w oil and gas / real growth,%,annual,2026,-2.4428951349786736,run_calculated,scenario_forecast,CAEM.xlsb / native formula export,1a. Real GDP - Production,T179,exact native source formula output; year header checked; original units unchanged,FR2,,"[""FR2"",""FR3""]",direct_original_output_atom,original constant-price volume growth; historical base-year unresolved,false,ministry_caem:source:1a. Real GDP - Production:row179,Exact original row now exported by the actual CAEM engine; source unit/header caveats preserved.,formula_calculated
ministry_caem,oil_plus10,original_CAEM_2024_actual_2025_forecast,source:1a. Real GDP - Production:row179,o/w oil and gas / real growth,%,annual,2027,-1.2950186394287364,run_calculated,scenario_forecast,CAEM.xlsb / native formula export,1a. Real GDP - Production,U179,exact native source formula output; year header checked; original units unchanged,FR2,,"[""FR2"",""FR3""]",direct_original_output_atom,original constant-price volume growth; historical base-year unresolved,false,ministry_caem:source:1a. Real GDP - Production:row179,Exact original row now exported by the actual CAEM engine; source unit/header caveats preserved.,formula_calculated
ministry_caem,oil_plus10,original_CAEM_2024_actual_2025_forecast,source:1a. Real GDP - Production:row179,o/w oil and gas / real growth,%,annual,2028,-3.120089995285917,run_calculated,scenario_forecast,CAEM.xlsb / native formula export,1a. Real GDP - Production,V179,exact native source formula output; year header checked; original units unchanged,FR2,,"[""FR2"",""FR3""]",direct_original_output_atom,original constant-price volume growth; historical base-year unresolved,false,ministry_caem:source:1a. Real GDP - Production:row179,Exact original row now exported by the actual CAEM engine; source unit/header caveats preserved.,formula_calculated
ministry_caem,oil_plus10,original_CAEM_2024_actual_2025_forecast,source:1a. Real GDP - Production:row179,o/w oil and gas / real growth,%,annual,2029,4.56591110582715,run_calculated,scenario_forecast,CAEM.xlsb / native formula export,1a. Real GDP - Production,W179,exact native source formula output; year header checked; original units unchanged,FR2,,"[""FR2"",""FR3""]",direct_original_output_atom,original constant-price volume growth; historical base-year unresolved,false,ministry_caem:source:1a. Real GDP - Production:row179,Exact original row now exported by the actual CAEM engine; source unit/header caveats preserved.,formula_calculated
ministry_caem,oil_plus10,original_CAEM_2024_actual_2025_forecast,source:1a. Real GDP - Production:row84,o/w non-oil / current basic-price VA or source tax component,mln AZN,annual,2025,10847.192030365633,run_calculated,scenario_forecast,CAEM.xlsb / native formula export,1a. Real GDP - Production,S84,exact native source formula output; year header checked; original units unchanged,FR2,,"[""FR2"",""FR3""]",direct_original_output_atom,current net-product-tax component,false,ministry_caem:source:1a. Real GDP - Production:row84,Exact original row now exported by the actual CAEM engine; source unit/header caveats preserved.,formula_calculated
ministry_caem,oil_plus10,original_CAEM_2024_actual_2025_forecast,source:1a. Real GDP - Production:row84,o/w non-oil / current basic-price VA or source tax component,mln AZN,annual,2026,11389.394479413655,run_calculated,scenario_forecast,CAEM.xlsb / native formula export,1a. Real GDP - Production,T84,exact native source formula output; year header checked; original units unchanged,FR2,,"[""FR2"",""FR3""]",direct_original_output_atom,current net-product-tax component,false,ministry_caem:source:1a. Real GDP - Production:row84,Exact original row now exported by the actual CAEM engine; source unit/header caveats preserved.,formula_calculated
ministry_caem,oil_plus10,original_CAEM_2024_actual_2025_forecast,source:1a. Real GDP - Production:row84,o/w non-oil / current basic-price VA or source tax component,mln AZN,annual,2027,11931.643379715451,run_calculated,scenario_forecast,CAEM.xlsb / native formula export,1a. Real GDP - Production,U84,exact native source formula output; year header checked; original units unchanged,FR2,,"[""FR2"",""FR3""]",direct_original_output_atom,current net-product-tax component,false,ministry_caem:source:1a. Real GDP - Production:row84,Exact original row now exported by the actual CAEM engine; source unit/header caveats preserved.,formula_calculated
ministry_caem,oil_plus10,original_CAEM_2024_actual_2025_forecast,source:1a. Real GDP - Production:row84,o/w non-oil / current basic-price VA or source tax component,mln AZN,annual,2028,12523.694209371028,run_calculated,scenario_forecast,CAEM.xlsb / native formula export,1a. Real GDP - Production,V84,exact native source formula output; year header checked; original units unchanged,FR2,,"[""FR2"",""FR3""]",direct_original_output_atom,current net-product-tax component,false,ministry_caem:source:1a. Real GDP - Production:row84,Exact original row now exported by the actual CAEM engine; source unit/header caveats preserved.,formula_calculated
ministry_caem,oil_plus10,original_CAEM_2024_actual_2025_forecast,source:1a. Real GDP - Production:row84,o/w non-oil / current basic-price VA or source tax component,mln AZN,annual,2029,13133.87119513262,run_calculated,scenario_forecast,CAEM.xlsb / native formula export,1a. Real GDP - Production,W84,exact native source formula output; year header checked; original units unchanged,FR2,,"[""FR2"",""FR3""]",direct_original_output_atom,current net-product-tax component,false,ministry_caem:source:1a. Real GDP - Production:row84,Exact original row now exported by the actual CAEM engine; source unit/header caveats preserved.,formula_calculated
ministry_caem,oil_plus10,original_CAEM_2024_actual_2025_forecast,source:1a. Real GDP - Production:row121,o/w non-oil / deflator growth,%,annual,2025,0.0,run_calculated,scenario_forecast,CAEM.xlsb / native formula export,1a. Real GDP - Production,S121,exact native source formula output; year header checked; original units unchanged,FR2,,"[""FR2"",""FR3""]",direct_original_output_atom,implicit current/volume deflator growth,false,ministry_caem:source:1a. Real GDP - Production:row121,Exact original row now exported by the actual CAEM engine; source unit/header caveats preserved.,formula_calculated
ministry_caem,oil_plus10,original_CAEM_2024_actual_2025_forecast,source:1a. Real GDP - Production:row121,o/w non-oil / deflator growth,%,annual,2026,0.0,run_calculated,scenario_forecast,CAEM.xlsb / native formula export,1a. Real GDP - Production,T121,exact native source formula output; year header checked; original units unchanged,FR2,,"[""FR2"",""FR3""]",direct_original_output_atom,implicit current/volume deflator growth,false,ministry_caem:source:1a. Real GDP - Production:row121,Exact original row now exported by the actual CAEM engine; source unit/header caveats preserved.,formula_calculated
ministry_caem,oil_plus10,original_CAEM_2024_actual_2025_forecast,source:1a. Real GDP - Production:row121,o/w non-oil / deflator growth,%,annual,2027,0.0,run_calculated,scenario_forecast,CAEM.xlsb / native formula export,1a. Real GDP - Production,U121,exact native source formula output; year header checked; original units unchanged,FR2,,"[""FR2"",""FR3""]",direct_original_output_atom,implicit current/volume deflator growth,false,ministry_caem:source:1a. Real GDP - Production:row121,Exact original row now exported by the actual CAEM engine; source unit/header caveats preserved.,formula_calculated
ministry_caem,oil_plus10,original_CAEM_2024_actual_2025_forecast,source:1a. Real GDP - Production:row121,o/w non-oil / deflator growth,%,annual,2028,0.0,run_calculated,scenario_forecast,CAEM.xlsb / native formula export,1a. Real GDP - Production,V121,exact native source formula output; year header checked; original units unchanged,FR2,,"[""FR2"",""FR3""]",direct_original_output_atom,implicit current/volume deflator growth,false,ministry_caem:source:1a. Real GDP - Production:row121,Exact original row now exported by the actual CAEM engine; source unit/header caveats preserved.,formula_calculated
ministry_caem,oil_plus10,original_CAEM_2024_actual_2025_forecast,source:1a. Real GDP - Production:row121,o/w non-oil / deflator growth,%,annual,2029,0.0,run_calculated,scenario_forecast,CAEM.xlsb / native formula export,1a. Real GDP - Production,W121,exact native source formula output; year header checked; original units unchanged,FR2,,"[""FR2"",""FR3""]",direct_original_output_atom,implicit current/volume deflator growth,false,ministry_caem:source:1a. Real GDP - Production:row121,Exact original row now exported by the actual CAEM engine; source unit/header caveats preserved.,formula_calculated
ministry_caem,oil_plus10,original_CAEM_2024_actual_2025_forecast,source:1a. Real GDP - Production:row180,o/w non-oil / real growth,%,annual,2025,4.535127405562825,run_calculated,scenario_forecast,CAEM.xlsb / native formula export,1a. Real GDP - Production,S180,exact native source formula output; year header checked; original units unchanged,FR2,,"[""FR2"",""FR3""]",direct_original_output_atom,original constant-price volume growth; historical base-year unresolved,false,ministry_caem:source:1a. Real GDP - Production:row180,Exact original row now exported by the actual CAEM engine; source unit/header caveats preserved.,formula_calculated
ministry_caem,oil_plus10,original_CAEM_2024_actual_2025_forecast,source:1a. Real GDP - Production:row180,o/w non-oil / real growth,%,annual,2026,4.998551215191717,run_calculated,scenario_forecast,CAEM.xlsb / native formula export,1a. Real GDP - Production,T180,exact native source formula output; year header checked; original units unchanged,FR2,,"[""FR2"",""FR3""]",direct_original_output_atom,original constant-price volume growth; historical base-year unresolved,false,ministry_caem:source:1a. Real GDP - Production:row180,Exact original row now exported by the actual CAEM engine; source unit/header caveats preserved.,formula_calculated
ministry_caem,oil_plus10,original_CAEM_2024_actual_2025_forecast,source:1a. Real GDP - Production:row180,o/w non-oil / real growth,%,annual,2027,4.760998499805337,run_calculated,scenario_forecast,CAEM.xlsb / native formula export,1a. Real GDP - Production,U180,exact native source formula output; year header checked; original units unchanged,FR2,,"[""FR2"",""FR3""]",direct_original_output_atom,original constant-price volume growth; historical base-year unresolved,false,ministry_caem:source:1a. Real GDP - Production:row180,Exact original row now exported by the actual CAEM engine; source unit/header caveats preserved.,formula_calculated
ministry_caem,oil_plus10,original_CAEM_2024_actual_2025_forecast,source:1a. Real GDP - Production:row180,o/w non-oil / real growth,%,annual,2028,4.962022504478292,run_calculated,scenario_forecast,CAEM.xlsb / native formula export,1a. Real GDP - Production,V180,exact native source formula output; year header checked; original units unchanged,FR2,,"[""FR2"",""FR3""]",direct_original_output_atom,original constant-price volume growth; historical base-year unresolved,false,ministry_caem:source:1a. Real GDP - Production:row180,Exact original row now exported by the actual CAEM engine; source unit/header caveats preserved.,formula_calculated
ministry_caem,oil_plus10,original_CAEM_2024_actual_2025_forecast,source:1a. Real GDP - Production:row180,o/w non-oil / real growth,%,annual,2029,4.872180488924901,run_calculated,scenario_forecast,CAEM.xlsb / native formula export,1a. Real GDP - Production,W180,exact native source formula output; year header checked; original units unchanged,FR2,,"[""FR2"",""FR3""]",direct_original_output_atom,original constant-price volume growth; historical base-year unresolved,false,ministry_caem:source:1a. Real GDP - Production:row180,Exact original row now exported by the actual CAEM engine; source unit/header caveats preserved.,formula_calculated
ministry_caem,oil_plus10,original_CAEM_2024_actual_2025_forecast,source:6a. SEI:row15,Expenditure real fixed-capital investment growth,%,annual,2025,-0.009708019095111542,run_calculated,scenario_forecast,CAEM.xlsb / native formula export,6a. SEI,N15,exact native source formula output; year header checked; original units unchanged,FR6,,"[""FR6""]",direct_original_output_atom,constant-price expenditure fixed-capital formation growth,false,ministry_caem:source:6a. SEI:row15,Exact original row now exported by the actual CAEM engine; source unit/header caveats preserved.,formula_calculated
ministry_caem,oil_plus10,original_CAEM_2024_actual_2025_forecast,source:6a. SEI:row15,Expenditure real fixed-capital investment growth,%,annual,2026,-2.3305831859087967,run_calculated,scenario_forecast,CAEM.xlsb / native formula export,6a. SEI,O15,exact native source formula output; year header checked; original units unchanged,FR6,,"[""FR6""]",direct_original_output_atom,constant-price expenditure fixed-capital formation growth,false,ministry_caem:source:6a. SEI:row15,Exact original row now exported by the actual CAEM engine; source unit/header caveats preserved.,formula_calculated
ministry_caem,oil_plus10,original_CAEM_2024_actual_2025_forecast,source:6a. SEI:row15,Expenditure real fixed-capital investment growth,%,annual,2027,-3.1806408955230903,run_calculated,scenario_forecast,CAEM.xlsb / native formula export,6a. SEI,P15,exact native source formula output; year header checked; original units unchanged,FR6,,"[""FR6""]",direct_original_output_atom,constant-price expenditure fixed-capital formation growth,false,ministry_caem:source:6a. SEI:row15,Exact original row now exported by the actual CAEM engine; source unit/header caveats preserved.,formula_calculated
ministry_caem,oil_plus10,original_CAEM_2024_actual_2025_forecast,source:6a. SEI:row15,Expenditure real fixed-capital investment growth,%,annual,2028,-2.5399062711409237,run_calculated,scenario_forecast,CAEM.xlsb / native formula export,6a. SEI,Q15,exact native source formula output; year header checked; original units unchanged,FR6,,"[""FR6""]",direct_original_output_atom,constant-price expenditure fixed-capital formation growth,false,ministry_caem:source:6a. SEI:row15,Exact original row now exported by the actual CAEM engine; source unit/header caveats preserved.,formula_calculated
ministry_caem,oil_plus10,original_CAEM_2024_actual_2025_forecast,source:6a. SEI:row15,Expenditure real fixed-capital investment growth,%,annual,2029,-0.46957896725592363,run_calculated,scenario_forecast,CAEM.xlsb / native formula export,6a. SEI,R15,exact native source formula output; year header checked; original units unchanged,FR6,,"[""FR6""]",direct_original_output_atom,constant-price expenditure fixed-capital formation growth,false,ministry_caem:source:6a. SEI:row15,Exact original row now exported by the actual CAEM engine; source unit/header caveats preserved.,formula_calculated
ministry_caem,oil_plus10,original_CAEM_2024_actual_2025_forecast,source:5a.  GDP Nominal + (S+I):row12,Fixed capital formation excluding inventories,mln AZN,annual,2025,23314.911822999806,run_calculated,scenario_forecast,CAEM.xlsb / native formula export,5a.  GDP Nominal + (S+I),O12,exact native source formula output; year header checked; original units unchanged,FR6,,"[""FR6""]",direct_original_output_atom,current SNA fixed-capital formation excluding inventory,false,ministry_caem:source:5a.  GDP Nominal + (S+I):row12,Exact original row now exported by the actual CAEM engine; source unit/header caveats preserved.,formula_calculated
ministry_caem,oil_plus10,original_CAEM_2024_actual_2025_forecast,source:5a.  GDP Nominal + (S+I):row12,Fixed capital formation excluding inventories,mln AZN,annual,2026,24429.081382967866,run_calculated,scenario_forecast,CAEM.xlsb / native formula export,5a.  GDP Nominal + (S+I),P12,exact native source formula output; year header checked; original units unchanged,FR6,,"[""FR6""]",direct_original_output_atom,current SNA fixed-capital formation excluding inventory,false,ministry_caem:source:5a.  GDP Nominal + (S+I):row12,Exact original row now exported by the actual CAEM engine; source unit/header caveats preserved.,formula_calculated
ministry_caem,oil_plus10,original_CAEM_2024_actual_2025_forecast,source:5a.  GDP Nominal + (S+I):row12,Fixed capital formation excluding inventories,mln AZN,annual,2027,25074.700210320625,run_calculated,scenario_forecast,CAEM.xlsb / native formula export,5a.  GDP Nominal + (S+I),Q12,exact native source formula output; year header checked; original units unchanged,FR6,,"[""FR6""]",direct_original_output_atom,current SNA fixed-capital formation excluding inventory,false,ministry_caem:source:5a.  GDP Nominal + (S+I):row12,Exact original row now exported by the actual CAEM engine; source unit/header caveats preserved.,formula_calculated
ministry_caem,oil_plus10,original_CAEM_2024_actual_2025_forecast,source:5a.  GDP Nominal + (S+I):row12,Fixed capital formation excluding inventories,mln AZN,annual,2028,25830.497281961445,run_calculated,scenario_forecast,CAEM.xlsb / native formula export,5a.  GDP Nominal + (S+I),R12,exact native source formula output; year header checked; original units unchanged,FR6,,"[""FR6""]",direct_original_output_atom,current SNA fixed-capital formation excluding inventory,false,ministry_caem:source:5a.  GDP Nominal + (S+I):row12,Exact original row now exported by the actual CAEM engine; source unit/header caveats preserved.,formula_calculated
ministry_caem,oil_plus10,original_CAEM_2024_actual_2025_forecast,source:5a.  GDP Nominal + (S+I):row12,Fixed capital formation excluding inventories,mln AZN,annual,2029,27136.950986928718,run_calculated,scenario_forecast,CAEM.xlsb / native formula export,5a.  GDP Nominal + (S+I),S12,exact native source formula output; year header checked; original units unchanged,FR6,,"[""FR6""]",direct_original_output_atom,current SNA fixed-capital formation excluding inventory,false,ministry_caem:source:5a.  GDP Nominal + (S+I):row12,Exact original row now exported by the actual CAEM engine; source unit/header caveats preserved.,formula_calculated
ministry_caem,oil_plus10,original_CAEM_2024_actual_2025_forecast,source:2a.  External USD:row20,current account,mln USD,annual,2025,3469.64654850279,run_calculated,scenario_forecast,CAEM.xlsb / native formula export,2a.  External USD,O20,exact native source formula output; year header checked; original units unchanged,FR7,,"[""FR7"",""FR11"",""FR12""]",direct_original_output_atom,"current external flow, mln USD",false,ministry_caem:source:2a.  External USD:row20,Exact original row now exported by the actual CAEM engine; source unit/header caveats preserved.,formula_calculated
ministry_caem,oil_plus10,original_CAEM_2024_actual_2025_forecast,source:2a.  External USD:row20,current account,mln USD,annual,2026,-2663.8757625448816,run_calculated,scenario_forecast,CAEM.xlsb / native formula export,2a.  External USD,P20,exact native source formula output; year header checked; original units unchanged,FR7,,"[""FR7"",""FR11"",""FR12""]",direct_original_output_atom,"current external flow, mln USD",false,ministry_caem:source:2a.  External USD:row20,Exact original row now exported by the actual CAEM engine; source unit/header caveats preserved.,formula_calculated
ministry_caem,oil_plus10,original_CAEM_2024_actual_2025_forecast,source:2a.  External USD:row20,current account,mln USD,annual,2027,-6015.1106402217465,run_calculated,scenario_forecast,CAEM.xlsb / native formula export,2a.  External USD,Q20,exact native source formula output; year header checked; original units unchanged,FR7,,"[""FR7"",""FR11"",""FR12""]",direct_original_output_atom,"current external flow, mln USD",false,ministry_caem:source:2a.  External USD:row20,Exact original row now exported by the actual CAEM engine; source unit/header caveats preserved.,formula_calculated
ministry_caem,oil_plus10,original_CAEM_2024_actual_2025_forecast,source:2a.  External USD:row20,current account,mln USD,annual,2028,-9706.368941344028,run_calculated,scenario_forecast,CAEM.xlsb / native formula export,2a.  External USD,R20,exact native source formula output; year header checked; original units unchanged,FR7,,"[""FR7"",""FR11"",""FR12""]",direct_original_output_atom,"current external flow, mln USD",false,ministry_caem:source:2a.  External USD:row20,Exact original row now exported by the actual CAEM engine; source unit/header caveats preserved.,formula_calculated
ministry_caem,oil_plus10,original_CAEM_2024_actual_2025_forecast,source:2a.  External USD:row20,current account,mln USD,annual,2029,-11314.98022540066,run_calculated,scenario_forecast,CAEM.xlsb / native formula export,2a.  External USD,S20,exact native source formula output; year header checked; original units unchanged,FR7,,"[""FR7"",""FR11"",""FR12""]",direct_original_output_atom,"current external flow, mln USD",false,ministry_caem:source:2a.  External USD:row20,Exact original row now exported by the actual CAEM engine; source unit/header caveats preserved.,formula_calculated
ministry_caem,oil_plus10,original_CAEM_2024_actual_2025_forecast,source:2a.  External USD:row21,goods and services balance,mln USD,annual,2025,3666.624126313116,run_calculated,scenario_forecast,CAEM.xlsb / native formula export,2a.  External USD,O21,exact native source formula output; year header checked; original units unchanged,FR7,,"[""FR7"",""FR11"",""FR12""]",direct_original_output_atom,"current external flow, mln USD",false,ministry_caem:source:2a.  External USD:row21,Exact original row now exported by the actual CAEM engine; source unit/header caveats preserved.,formula_calculated
ministry_caem,oil_plus10,original_CAEM_2024_actual_2025_forecast,source:2a.  External USD:row21,goods and services balance,mln USD,annual,2026,-2855.4848848970723,run_calculated,scenario_forecast,CAEM.xlsb / native formula export,2a.  External USD,P21,exact native source formula output; year header checked; original units unchanged,FR7,,"[""FR7"",""FR11"",""FR12""]",direct_original_output_atom,"current external flow, mln USD",false,ministry_caem:source:2a.  External USD:row21,Exact original row now exported by the actual CAEM engine; source unit/header caveats preserved.,formula_calculated
ministry_caem,oil_plus10,original_CAEM_2024_actual_2025_forecast,source:2a.  External USD:row21,goods and services balance,mln USD,annual,2027,-6440.289453530881,run_calculated,scenario_forecast,CAEM.xlsb / native formula export,2a.  External USD,Q21,exact native source formula output; year header checked; original units unchanged,FR7,,"[""FR7"",""FR11"",""FR12""]",direct_original_output_atom,"current external flow, mln USD",false,ministry_caem:source:2a.  External USD:row21,Exact original row now exported by the actual CAEM engine; source unit/header caveats preserved.,formula_calculated
ministry_caem,oil_plus10,original_CAEM_2024_actual_2025_forecast,source:2a.  External USD:row21,goods and services balance,mln USD,annual,2028,-10271.626070732313,run_calculated,scenario_forecast,CAEM.xlsb / native formula export,2a.  External USD,R21,exact native source formula output; year header checked; original units unchanged,FR7,,"[""FR7"",""FR11"",""FR12""]",direct_original_output_atom,"current external flow, mln USD",false,ministry_caem:source:2a.  External USD:row21,Exact original row now exported by the actual CAEM engine; source unit/header caveats preserved.,formula_calculated
ministry_caem,oil_plus10,original_CAEM_2024_actual_2025_forecast,source:2a.  External USD:row21,goods and services balance,mln USD,annual,2029,-12220.048391574292,run_calculated,scenario_forecast,CAEM.xlsb / native formula export,2a.  External USD,S21,exact native source formula output; year header checked; original units unchanged,FR7,,"[""FR7"",""FR11"",""FR12""]",direct_original_output_atom,"current external flow, mln USD",false,ministry_caem:source:2a.  External USD:row21,Exact original row now exported by the actual CAEM engine; source unit/header caveats preserved.,formula_calculated
ministry_caem,oil_plus10,original_CAEM_2024_actual_2025_forecast,source:2a.  External USD:row22,exports goods and services,mln USD,annual,2025,31941.112762659905,run_calculated,scenario_forecast,CAEM.xlsb / native formula export,2a.  External USD,O22,exact native source formula output; year header checked; original units unchanged,FR7,,"[""FR7"",""FR11"",""FR12""]",direct_original_output_atom,"current external flow, mln USD",false,ministry_caem:source:2a.  External USD:row22,Exact original row now exported by the actual CAEM engine; source unit/header caveats preserved.,formula_calculated
ministry_caem,oil_plus10,original_CAEM_2024_actual_2025_forecast,source:2a.  External USD:row22,exports goods and services,mln USD,annual,2026,30561.799480806003,run_calculated,scenario_forecast,CAEM.xlsb / native formula export,2a.  External USD,P22,exact native source formula output; year header checked; original units unchanged,FR7,,"[""FR7"",""FR11"",""FR12""]",direct_original_output_atom,"current external flow, mln USD",false,ministry_caem:source:2a.  External USD:row22,Exact original row now exported by the actual CAEM engine; source unit/header caveats preserved.,formula_calculated
ministry_caem,oil_plus10,original_CAEM_2024_actual_2025_forecast,source:2a.  External USD:row22,exports goods and services,mln USD,annual,2027,30861.977066667198,run_calculated,scenario_forecast,CAEM.xlsb / native formula export,2a.  External USD,Q22,exact native source formula output; year header checked; original units unchanged,FR7,,"[""FR7"",""FR11"",""FR12""]",direct_original_output_atom,"current external flow, mln USD",false,ministry_caem:source:2a.  External USD:row22,Exact original row now exported by the actual CAEM engine; source unit/header caveats preserved.,formula_calculated
ministry_caem,oil_plus10,original_CAEM_2024_actual_2025_forecast,source:2a.  External USD:row22,exports goods and services,mln USD,annual,2028,30934.645547070442,run_calculated,scenario_forecast,CAEM.xlsb / native formula export,2a.  External USD,R22,exact native source formula output; year header checked; original units unchanged,FR7,,"[""FR7"",""FR11"",""FR12""]",direct_original_output_atom,"current external flow, mln USD",false,ministry_caem:source:2a.  External USD:row22,Exact original row now exported by the actual CAEM engine; source unit/header caveats preserved.,formula_calculated
ministry_caem,oil_plus10,original_CAEM_2024_actual_2025_forecast,source:2a.  External USD:row22,exports goods and services,mln USD,annual,2029,32121.969368235714,run_calculated,scenario_forecast,CAEM.xlsb / native formula export,2a.  External USD,S22,exact native source formula output; year header checked; original units unchanged,FR7,,"[""FR7"",""FR11"",""FR12""]",direct_original_output_atom,"current external flow, mln USD",false,ministry_caem:source:2a.  External USD:row22,Exact original row now exported by the actual CAEM engine; source unit/header caveats preserved.,formula_calculated
ministry_caem,oil_plus10,original_CAEM_2024_actual_2025_forecast,source:2a.  External USD:row23,exports goods,mln USD,annual,2025,23410.431158495005,run_calculated,scenario_forecast,CAEM.xlsb / native formula export,2a.  External USD,O23,exact native source formula output; year header checked; original units unchanged,FR7,,"[""FR7"",""FR11"",""FR12""]",direct_original_output_atom,"current external flow, mln USD",false,ministry_caem:source:2a.  External USD:row23,Exact original row now exported by the actual CAEM engine; source unit/header caveats preserved.,formula_calculated
ministry_caem,oil_plus10,original_CAEM_2024_actual_2025_forecast,source:2a.  External USD:row23,exports goods,mln USD,annual,2026,21134.923837757924,run_calculated,scenario_forecast,CAEM.xlsb / native formula export,2a.  External USD,P23,exact native source formula output; year header checked; original units unchanged,FR7,,"[""FR7"",""FR11"",""FR12""]",direct_original_output_atom,"current external flow, mln USD",false,ministry_caem:source:2a.  External USD:row23,Exact original row now exported by the actual CAEM engine; source unit/header caveats preserved.,formula_calculated
ministry_caem,oil_plus10,original_CAEM_2024_actual_2025_forecast,source:2a.  External USD:row23,exports goods,mln USD,annual,2027,20772.38728839552,run_calculated,scenario_forecast,CAEM.xlsb / native formula export,2a.  External USD,Q23,exact native source formula output; year header checked; original units unchanged,FR7,,"[""FR7"",""FR11"",""FR12""]",direct_original_output_atom,"current external flow, mln USD",false,ministry_caem:source:2a.  External USD:row23,Exact original row now exported by the actual CAEM engine; source unit/header caveats preserved.,formula_calculated
ministry_caem,oil_plus10,original_CAEM_2024_actual_2025_forecast,source:2a.  External USD:row23,exports goods,mln USD,annual,2028,20321.691896779288,run_calculated,scenario_forecast,CAEM.xlsb / native formula export,2a.  External USD,R23,exact native source formula output; year header checked; original units unchanged,FR7,,"[""FR7"",""FR11"",""FR12""]",direct_original_output_atom,"current external flow, mln USD",false,ministry_caem:source:2a.  External USD:row23,Exact original row now exported by the actual CAEM engine; source unit/header caveats preserved.,formula_calculated
ministry_caem,oil_plus10,original_CAEM_2024_actual_2025_forecast,source:2a.  External USD:row23,exports goods,mln USD,annual,2029,21143.498340916885,run_calculated,scenario_forecast,CAEM.xlsb / native formula export,2a.  External USD,S23,exact native source formula output; year header checked; original units unchanged,FR7,,"[""FR7"",""FR11"",""FR12""]",direct_original_output_atom,"current external flow, mln USD",false,ministry_caem:source:2a.  External USD:row23,Exact original row now exported by the actual CAEM engine; source unit/header caveats preserved.,formula_calculated
ministry_caem,oil_plus10,original_CAEM_2024_actual_2025_forecast,source:2a.  External USD:row28,exports services,mln USD,annual,2025,8530.681604164898,run_calculated,scenario_forecast,CAEM.xlsb / native formula export,2a.  External USD,O28,exact native source formula output; year header checked; original units unchanged,FR7,,"[""FR7"",""FR11"",""FR12""]",direct_original_output_atom,"current external flow, mln USD",false,ministry_caem:source:2a.  External USD:row28,Exact original row now exported by the actual CAEM engine; source unit/header caveats preserved.,formula_calculated
ministry_caem,oil_plus10,original_CAEM_2024_actual_2025_forecast,source:2a.  External USD:row28,exports services,mln USD,annual,2026,9426.87564304808,run_calculated,scenario_forecast,CAEM.xlsb / native formula export,2a.  External USD,P28,exact native source formula output; year header checked; original units unchanged,FR7,,"[""FR7"",""FR11"",""FR12""]",direct_original_output_atom,"current external flow, mln USD",false,ministry_caem:source:2a.  External USD:row28,Exact original row now exported by the actual CAEM engine; source unit/header caveats preserved.,formula_calculated
ministry_caem,oil_plus10,original_CAEM_2024_actual_2025_forecast,source:2a.  External USD:row28,exports services,mln USD,annual,2027,10089.589778271678,run_calculated,scenario_forecast,CAEM.xlsb / native formula export,2a.  External USD,Q28,exact native source formula output; year header checked; original units unchanged,FR7,,"[""FR7"",""FR11"",""FR12""]",direct_original_output_atom,"current external flow, mln USD",false,ministry_caem:source:2a.  External USD:row28,Exact original row now exported by the actual CAEM engine; source unit/header caveats preserved.,formula_calculated
ministry_caem,oil_plus10,original_CAEM_2024_actual_2025_forecast,source:2a.  External USD:row28,exports services,mln USD,annual,2028,10612.953650291154,run_calculated,scenario_forecast,CAEM.xlsb / native formula export,2a.  External USD,R28,exact native source formula output; year header checked; original units unchanged,FR7,,"[""FR7"",""FR11"",""FR12""]",direct_original_output_atom,"current external flow, mln USD",false,ministry_caem:source:2a.  External USD:row28,Exact original row now exported by the actual CAEM engine; source unit/header caveats preserved.,formula_calculated
ministry_caem,oil_plus10,original_CAEM_2024_actual_2025_forecast,source:2a.  External USD:row28,exports services,mln USD,annual,2029,10978.471027318828,run_calculated,scenario_forecast,CAEM.xlsb / native formula export,2a.  External USD,S28,exact native source formula output; year header checked; original units unchanged,FR7,,"[""FR7"",""FR11"",""FR12""]",direct_original_output_atom,"current external flow, mln USD",false,ministry_caem:source:2a.  External USD:row28,Exact original row now exported by the actual CAEM engine; source unit/header caveats preserved.,formula_calculated
ministry_caem,oil_plus10,original_CAEM_2024_actual_2025_forecast,source:2a.  External USD:row46,imports goods and services,mln USD,annual,2025,28274.48863634679,run_calculated,scenario_forecast,CAEM.xlsb / native formula export,2a.  External USD,O46,exact native source formula output; year header checked; original units unchanged,FR7,,"[""FR7"",""FR11"",""FR12""]",direct_original_output_atom,"current external flow, mln USD",false,ministry_caem:source:2a.  External USD:row46,Exact original row now exported by the actual CAEM engine; source unit/header caveats preserved.,formula_calculated
ministry_caem,oil_plus10,original_CAEM_2024_actual_2025_forecast,source:2a.  External USD:row46,imports goods and services,mln USD,annual,2026,33417.284365703075,run_calculated,scenario_forecast,CAEM.xlsb / native formula export,2a.  External USD,P46,exact native source formula output; year header checked; original units unchanged,FR7,,"[""FR7"",""FR11"",""FR12""]",direct_original_output_atom,"current external flow, mln USD",false,ministry_caem:source:2a.  External USD:row46,Exact original row now exported by the actual CAEM engine; source unit/header caveats preserved.,formula_calculated
ministry_caem,oil_plus10,original_CAEM_2024_actual_2025_forecast,source:2a.  External USD:row46,imports goods and services,mln USD,annual,2027,37302.26652019808,run_calculated,scenario_forecast,CAEM.xlsb / native formula export,2a.  External USD,Q46,exact native source formula output; year header checked; original units unchanged,FR7,,"[""FR7"",""FR11"",""FR12""]",direct_original_output_atom,"current external flow, mln USD",false,ministry_caem:source:2a.  External USD:row46,Exact original row now exported by the actual CAEM engine; source unit/header caveats preserved.,formula_calculated
ministry_caem,oil_plus10,original_CAEM_2024_actual_2025_forecast,source:2a.  External USD:row46,imports goods and services,mln USD,annual,2028,41206.271617802755,run_calculated,scenario_forecast,CAEM.xlsb / native formula export,2a.  External USD,R46,exact native source formula output; year header checked; original units unchanged,FR7,,"[""FR7"",""FR11"",""FR12""]",direct_original_output_atom,"current external flow, mln USD",false,ministry_caem:source:2a.  External USD:row46,Exact original row now exported by the actual CAEM engine; source unit/header caveats preserved.,formula_calculated
ministry_caem,oil_plus10,original_CAEM_2024_actual_2025_forecast,source:2a.  External USD:row46,imports goods and services,mln USD,annual,2029,44342.017759810005,run_calculated,scenario_forecast,CAEM.xlsb / native formula export,2a.  External USD,S46,exact native source formula output; year header checked; original units unchanged,FR7,,"[""FR7"",""FR11"",""FR12""]",direct_original_output_atom,"current external flow, mln USD",false,ministry_caem:source:2a.  External USD:row46,Exact original row now exported by the actual CAEM engine; source unit/header caveats preserved.,formula_calculated
ministry_caem,oil_plus10,original_CAEM_2024_actual_2025_forecast,source:2a.  External USD:row47,imports goods,mln USD,annual,2025,19341.457527193863,run_calculated,scenario_forecast,CAEM.xlsb / native formula export,2a.  External USD,O47,exact native source formula output; year header checked; original units unchanged,FR7,,"[""FR7"",""FR11"",""FR12""]",direct_original_output_atom,"current external flow, mln USD",false,ministry_caem:source:2a.  External USD:row47,Exact original row now exported by the actual CAEM engine; source unit/header caveats preserved.,formula_calculated
ministry_caem,oil_plus10,original_CAEM_2024_actual_2025_forecast,source:2a.  External USD:row47,imports goods,mln USD,annual,2026,23025.083686141403,run_calculated,scenario_forecast,CAEM.xlsb / native formula export,2a.  External USD,P47,exact native source formula output; year header checked; original units unchanged,FR7,,"[""FR7"",""FR11"",""FR12""]",direct_original_output_atom,"current external flow, mln USD",false,ministry_caem:source:2a.  External USD:row47,Exact original row now exported by the actual CAEM engine; source unit/header caveats preserved.,formula_calculated
ministry_caem,oil_plus10,original_CAEM_2024_actual_2025_forecast,source:2a.  External USD:row47,imports goods,mln USD,annual,2027,25800.012066983825,run_calculated,scenario_forecast,CAEM.xlsb / native formula export,2a.  External USD,Q47,exact native source formula output; year header checked; original units unchanged,FR7,,"[""FR7"",""FR11"",""FR12""]",direct_original_output_atom,"current external flow, mln USD",false,ministry_caem:source:2a.  External USD:row47,Exact original row now exported by the actual CAEM engine; source unit/header caveats preserved.,formula_calculated
ministry_caem,oil_plus10,original_CAEM_2024_actual_2025_forecast,source:2a.  External USD:row47,imports goods,mln USD,annual,2028,28843.150992493516,run_calculated,scenario_forecast,CAEM.xlsb / native formula export,2a.  External USD,R47,exact native source formula output; year header checked; original units unchanged,FR7,,"[""FR7"",""FR11"",""FR12""]",direct_original_output_atom,"current external flow, mln USD",false,ministry_caem:source:2a.  External USD:row47,Exact original row now exported by the actual CAEM engine; source unit/header caveats preserved.,formula_calculated
ministry_caem,oil_plus10,original_CAEM_2024_actual_2025_forecast,source:2a.  External USD:row47,imports goods,mln USD,annual,2029,31346.604385477527,run_calculated,scenario_forecast,CAEM.xlsb / native formula export,2a.  External USD,S47,exact native source formula output; year header checked; original units unchanged,FR7,,"[""FR7"",""FR11"",""FR12""]",direct_original_output_atom,"current external flow, mln USD",false,ministry_caem:source:2a.  External USD:row47,Exact original row now exported by the actual CAEM engine; source unit/header caveats preserved.,formula_calculated
ministry_caem,oil_plus10,original_CAEM_2024_actual_2025_forecast,source:2a.  External USD:row53,imports services,mln USD,annual,2025,8933.031109152926,run_calculated,scenario_forecast,CAEM.xlsb / native formula export,2a.  External USD,O53,exact native source formula output; year header checked; original units unchanged,FR7,,"[""FR7"",""FR11"",""FR12""]",direct_original_output_atom,"current external flow, mln USD",false,ministry_caem:source:2a.  External USD:row53,Exact original row now exported by the actual CAEM engine; source unit/header caveats preserved.,formula_calculated
ministry_caem,oil_plus10,original_CAEM_2024_actual_2025_forecast,source:2a.  External USD:row53,imports services,mln USD,annual,2026,10392.200679561669,run_calculated,scenario_forecast,CAEM.xlsb / native formula export,2a.  External USD,P53,exact native source formula output; year header checked; original units unchanged,FR7,,"[""FR7"",""FR11"",""FR12""]",direct_original_output_atom,"current external flow, mln USD",false,ministry_caem:source:2a.  External USD:row53,Exact original row now exported by the actual CAEM engine; source unit/header caveats preserved.,formula_calculated
ministry_caem,oil_plus10,original_CAEM_2024_actual_2025_forecast,source:2a.  External USD:row53,imports services,mln USD,annual,2027,11502.254453214255,run_calculated,scenario_forecast,CAEM.xlsb / native formula export,2a.  External USD,Q53,exact native source formula output; year header checked; original units unchanged,FR7,,"[""FR7"",""FR11"",""FR12""]",direct_original_output_atom,"current external flow, mln USD",false,ministry_caem:source:2a.  External USD:row53,Exact original row now exported by the actual CAEM engine; source unit/header caveats preserved.,formula_calculated
ministry_caem,oil_plus10,original_CAEM_2024_actual_2025_forecast,source:2a.  External USD:row53,imports services,mln USD,annual,2028,12363.120625309237,run_calculated,scenario_forecast,CAEM.xlsb / native formula export,2a.  External USD,R53,exact native source formula output; year header checked; original units unchanged,FR7,,"[""FR7"",""FR11"",""FR12""]",direct_original_output_atom,"current external flow, mln USD",false,ministry_caem:source:2a.  External USD:row53,Exact original row now exported by the actual CAEM engine; source unit/header caveats preserved.,formula_calculated
ministry_caem,oil_plus10,original_CAEM_2024_actual_2025_forecast,source:2a.  External USD:row53,imports services,mln USD,annual,2029,12995.413374332476,run_calculated,scenario_forecast,CAEM.xlsb / native formula export,2a.  External USD,S53,exact native source formula output; year header checked; original units unchanged,FR7,,"[""FR7"",""FR11"",""FR12""]",direct_original_output_atom,"current external flow, mln USD",false,ministry_caem:source:2a.  External USD:row53,Exact original row now exported by the actual CAEM engine; source unit/header caveats preserved.,formula_calculated
ministry_caem,oil_plus10,original_CAEM_2024_actual_2025_forecast,source:2a.  External USD:row74,primary income net,mln USD,annual,2025,-706.5602222744819,run_calculated,scenario_forecast,CAEM.xlsb / native formula export,2a.  External USD,O74,exact native source formula output; year header checked; original units unchanged,FR7,,"[""FR7"",""FR11"",""FR12""]",direct_original_output_atom,"current external flow, mln USD",false,ministry_caem:source:2a.  External USD:row74,Exact original row now exported by the actual CAEM engine; source unit/header caveats preserved.,formula_calculated
ministry_caem,oil_plus10,original_CAEM_2024_actual_2025_forecast,source:2a.  External USD:row74,primary income net,mln USD,annual,2026,-220.14131168353043,run_calculated,scenario_forecast,CAEM.xlsb / native formula export,2a.  External USD,P74,exact native source formula output; year header checked; original units unchanged,FR7,,"[""FR7"",""FR11"",""FR12""]",direct_original_output_atom,"current external flow, mln USD",false,ministry_caem:source:2a.  External USD:row74,Exact original row now exported by the actual CAEM engine; source unit/header caveats preserved.,formula_calculated
ministry_caem,oil_plus10,original_CAEM_2024_actual_2025_forecast,source:2a.  External USD:row74,primary income net,mln USD,annual,2027,106.34328864874107,run_calculated,scenario_forecast,CAEM.xlsb / native formula export,2a.  External USD,Q74,exact native source formula output; year header checked; original units unchanged,FR7,,"[""FR7"",""FR11"",""FR12""]",direct_original_output_atom,"current external flow, mln USD",false,ministry_caem:source:2a.  External USD:row74,Exact original row now exported by the actual CAEM engine; source unit/header caveats preserved.,formula_calculated
ministry_caem,oil_plus10,original_CAEM_2024_actual_2025_forecast,source:2a.  External USD:row74,primary income net,mln USD,annual,2028,342.9067765293899,run_calculated,scenario_forecast,CAEM.xlsb / native formula export,2a.  External USD,R74,exact native source formula output; year header checked; original units unchanged,FR7,,"[""FR7"",""FR11"",""FR12""]",direct_original_output_atom,"current external flow, mln USD",false,ministry_caem:source:2a.  External USD:row74,Exact original row now exported by the actual CAEM engine; source unit/header caveats preserved.,formula_calculated
ministry_caem,oil_plus10,original_CAEM_2024_actual_2025_forecast,source:2a.  External USD:row74,primary income net,mln USD,annual,2029,777.6908677228007,run_calculated,scenario_forecast,CAEM.xlsb / native formula export,2a.  External USD,S74,exact native source formula output; year header checked; original units unchanged,FR7,,"[""FR7"",""FR11"",""FR12""]",direct_original_output_atom,"current external flow, mln USD",false,ministry_caem:source:2a.  External USD:row74,Exact original row now exported by the actual CAEM engine; source unit/header caveats preserved.,formula_calculated
ministry_caem,oil_plus10,original_CAEM_2024_actual_2025_forecast,source:2a.  External USD:row93,secondary income net,mln USD,annual,2025,509.5826444641559,run_calculated,scenario_forecast,CAEM.xlsb / native formula export,2a.  External USD,O93,exact native source formula output; year header checked; original units unchanged,FR7,,"[""FR7"",""FR11"",""FR12""]",direct_original_output_atom,"current external flow, mln USD",false,ministry_caem:source:2a.  External USD:row93,Exact original row now exported by the actual CAEM engine; source unit/header caveats preserved.,formula_calculated
ministry_caem,oil_plus10,original_CAEM_2024_actual_2025_forecast,source:2a.  External USD:row93,secondary income net,mln USD,annual,2026,411.75043403572136,run_calculated,scenario_forecast,CAEM.xlsb / native formula export,2a.  External USD,P93,exact native source formula output; year header checked; original units unchanged,FR7,,"[""FR7"",""FR11"",""FR12""]",direct_original_output_atom,"current external flow, mln USD",false,ministry_caem:source:2a.  External USD:row93,Exact original row now exported by the actual CAEM engine; source unit/header caveats preserved.,formula_calculated
ministry_caem,oil_plus10,original_CAEM_2024_actual_2025_forecast,source:2a.  External USD:row93,secondary income net,mln USD,annual,2027,318.8355246603934,run_calculated,scenario_forecast,CAEM.xlsb / native formula export,2a.  External USD,Q93,exact native source formula output; year header checked; original units unchanged,FR7,,"[""FR7"",""FR11"",""FR12""]",direct_original_output_atom,"current external flow, mln USD",false,ministry_caem:source:2a.  External USD:row93,Exact original row now exported by the actual CAEM engine; source unit/header caveats preserved.,formula_calculated
ministry_caem,oil_plus10,original_CAEM_2024_actual_2025_forecast,source:2a.  External USD:row93,secondary income net,mln USD,annual,2028,222.35035285889612,run_calculated,scenario_forecast,CAEM.xlsb / native formula export,2a.  External USD,R93,exact native source formula output; year header checked; original units unchanged,FR7,,"[""FR7"",""FR11"",""FR12""]",direct_original_output_atom,"current external flow, mln USD",false,ministry_caem:source:2a.  External USD:row93,Exact original row now exported by the actual CAEM engine; source unit/header caveats preserved.,formula_calculated
ministry_caem,oil_plus10,original_CAEM_2024_actual_2025_forecast,source:2a.  External USD:row93,secondary income net,mln USD,annual,2029,127.37729845082987,run_calculated,scenario_forecast,CAEM.xlsb / native formula export,2a.  External USD,S93,exact native source formula output; year header checked; original units unchanged,FR7,,"[""FR7"",""FR11"",""FR12""]",direct_original_output_atom,"current external flow, mln USD",false,ministry_caem:source:2a.  External USD:row93,Exact original row now exported by the actual CAEM engine; source unit/header caveats preserved.,formula_calculated
ministry_caem,oil_plus10,original_CAEM_2024_actual_2025_forecast,source:2a.  External USD:row105,capital account,mln USD,annual,2025,0.0,source_input,scenario_forecast,CAEM.xlsb / native formula export,2a.  External USD,O105,exact native source formula output; year header checked; original units unchanged,FR7,,"[""FR7"",""FR11"",""FR12""]",direct_original_output_atom,"current external flow, mln USD",false,ministry_caem:source:2a.  External USD:row105,Exact original row now exported by the actual CAEM engine; source unit/header caveats preserved.,original_literal
ministry_caem,oil_plus10,original_CAEM_2024_actual_2025_forecast,source:2a.  External USD:row105,capital account,mln USD,annual,2026,0.0,source_input,scenario_forecast,CAEM.xlsb / native formula export,2a.  External USD,P105,exact native source formula output; year header checked; original units unchanged,FR7,,"[""FR7"",""FR11"",""FR12""]",direct_original_output_atom,"current external flow, mln USD",false,ministry_caem:source:2a.  External USD:row105,Exact original row now exported by the actual CAEM engine; source unit/header caveats preserved.,original_literal
ministry_caem,oil_plus10,original_CAEM_2024_actual_2025_forecast,source:2a.  External USD:row105,capital account,mln USD,annual,2027,0.0,source_input,scenario_forecast,CAEM.xlsb / native formula export,2a.  External USD,Q105,exact native source formula output; year header checked; original units unchanged,FR7,,"[""FR7"",""FR11"",""FR12""]",direct_original_output_atom,"current external flow, mln USD",false,ministry_caem:source:2a.  External USD:row105,Exact original row now exported by the actual CAEM engine; source unit/header caveats preserved.,original_literal
ministry_caem,oil_plus10,original_CAEM_2024_actual_2025_forecast,source:2a.  External USD:row105,capital account,mln USD,annual,2028,0.0,source_input,scenario_forecast,CAEM.xlsb / native formula export,2a.  External USD,R105,exact native source formula output; year header checked; original units unchanged,FR7,,"[""FR7"",""FR11"",""FR12""]",direct_original_output_atom,"current external flow, mln USD",false,ministry_caem:source:2a.  External USD:row105,Exact original row now exported by the actual CAEM engine; source unit/header caveats preserved.,original_literal
ministry_caem,oil_plus10,original_CAEM_2024_actual_2025_forecast,source:2a.  External USD:row105,capital account,mln USD,annual,2029,0.0,source_input,scenario_forecast,CAEM.xlsb / native formula export,2a.  External USD,S105,exact native source formula output; year header checked; original units unchanged,FR7,,"[""FR7"",""FR11"",""FR12""]",direct_original_output_atom,"current external flow, mln USD",false,ministry_caem:source:2a.  External USD:row105,Exact original row now exported by the actual CAEM engine; source unit/header caveats preserved.,original_literal
ministry_caem,oil_plus10,original_CAEM_2024_actual_2025_forecast,source:2a.  External USD:row109,financial account excluding reserves,mln USD,annual,2025,-2295.015074054873,run_calculated,scenario_forecast,CAEM.xlsb / native formula export,2a.  External USD,O109,exact native source formula output; year header checked; original units unchanged,FR7,,"[""FR7"",""FR11"",""FR12""]",direct_original_output_atom,"current external flow, mln USD",false,ministry_caem:source:2a.  External USD:row109,Exact original row now exported by the actual CAEM engine; source unit/header caveats preserved.,formula_calculated
ministry_caem,oil_plus10,original_CAEM_2024_actual_2025_forecast,source:2a.  External USD:row109,financial account excluding reserves,mln USD,annual,2026,-2385.708906744586,run_calculated,scenario_forecast,CAEM.xlsb / native formula export,2a.  External USD,P109,exact native source formula output; year header checked; original units unchanged,FR7,,"[""FR7"",""FR11"",""FR12""]",direct_original_output_atom,"current external flow, mln USD",false,ministry_caem:source:2a.  External USD:row109,Exact original row now exported by the actual CAEM engine; source unit/header caveats preserved.,formula_calculated
ministry_caem,oil_plus10,original_CAEM_2024_actual_2025_forecast,source:2a.  External USD:row109,financial account excluding reserves,mln USD,annual,2027,-2576.6378967516544,run_calculated,scenario_forecast,CAEM.xlsb / native formula export,2a.  External USD,Q109,exact native source formula output; year header checked; original units unchanged,FR7,,"[""FR7"",""FR11"",""FR12""]",direct_original_output_atom,"current external flow, mln USD",false,ministry_caem:source:2a.  External USD:row109,Exact original row now exported by the actual CAEM engine; source unit/header caveats preserved.,formula_calculated
ministry_caem,oil_plus10,original_CAEM_2024_actual_2025_forecast,source:2a.  External USD:row109,financial account excluding reserves,mln USD,annual,2028,-2473.258196316274,run_calculated,scenario_forecast,CAEM.xlsb / native formula export,2a.  External USD,R109,exact native source formula output; year header checked; original units unchanged,FR7,,"[""FR7"",""FR11"",""FR12""]",direct_original_output_atom,"current external flow, mln USD",false,ministry_caem:source:2a.  External USD:row109,Exact original row now exported by the actual CAEM engine; source unit/header caveats preserved.,formula_calculated
ministry_caem,oil_plus10,original_CAEM_2024_actual_2025_forecast,source:2a.  External USD:row109,financial account excluding reserves,mln USD,annual,2029,-2622.9824350137956,run_calculated,scenario_forecast,CAEM.xlsb / native formula export,2a.  External USD,S109,exact native source formula output; year header checked; original units unchanged,FR7,,"[""FR7"",""FR11"",""FR12""]",direct_original_output_atom,"current external flow, mln USD",false,ministry_caem:source:2a.  External USD:row109,Exact original row now exported by the actual CAEM engine; source unit/header caveats preserved.,formula_calculated
ministry_caem,oil_plus10,original_CAEM_2024_actual_2025_forecast,source:2a.  External USD:row110,direct investment assets minus liabilities,mln USD,annual,2025,939.05725,run_calculated,scenario_forecast,CAEM.xlsb / native formula export,2a.  External USD,O110,exact native source formula output; year header checked; original units unchanged,FR7,,"[""FR7"",""FR11"",""FR12""]",direct_original_output_atom,"current external flow, mln USD",false,ministry_caem:source:2a.  External USD:row110,Exact original row now exported by the actual CAEM engine; source unit/header caveats preserved.,formula_calculated
ministry_caem,oil_plus10,original_CAEM_2024_actual_2025_forecast,source:2a.  External USD:row110,direct investment assets minus liabilities,mln USD,annual,2026,939.05725,run_calculated,scenario_forecast,CAEM.xlsb / native formula export,2a.  External USD,P110,exact native source formula output; year header checked; original units unchanged,FR7,,"[""FR7"",""FR11"",""FR12""]",direct_original_output_atom,"current external flow, mln USD",false,ministry_caem:source:2a.  External USD:row110,Exact original row now exported by the actual CAEM engine; source unit/header caveats preserved.,formula_calculated
ministry_caem,oil_plus10,original_CAEM_2024_actual_2025_forecast,source:2a.  External USD:row110,direct investment assets minus liabilities,mln USD,annual,2027,939.05725,run_calculated,scenario_forecast,CAEM.xlsb / native formula export,2a.  External USD,Q110,exact native source formula output; year header checked; original units unchanged,FR7,,"[""FR7"",""FR11"",""FR12""]",direct_original_output_atom,"current external flow, mln USD",false,ministry_caem:source:2a.  External USD:row110,Exact original row now exported by the actual CAEM engine; source unit/header caveats preserved.,formula_calculated
ministry_caem,oil_plus10,original_CAEM_2024_actual_2025_forecast,source:2a.  External USD:row110,direct investment assets minus liabilities,mln USD,annual,2028,939.05725,run_calculated,scenario_forecast,CAEM.xlsb / native formula export,2a.  External USD,R110,exact native source formula output; year header checked; original units unchanged,FR7,,"[""FR7"",""FR11"",""FR12""]",direct_original_output_atom,"current external flow, mln USD",false,ministry_caem:source:2a.  External USD:row110,Exact original row now exported by the actual CAEM engine; source unit/header caveats preserved.,formula_calculated
ministry_caem,oil_plus10,original_CAEM_2024_actual_2025_forecast,source:2a.  External USD:row110,direct investment assets minus liabilities,mln USD,annual,2029,939.05725,run_calculated,scenario_forecast,CAEM.xlsb / native formula export,2a.  External USD,S110,exact native source formula output; year header checked; original units unchanged,FR7,,"[""FR7"",""FR11"",""FR12""]",direct_original_output_atom,"current external flow, mln USD",false,ministry_caem:source:2a.  External USD:row110,Exact original row now exported by the actual CAEM engine; source unit/header caveats preserved.,formula_calculated
ministry_caem,oil_plus10,original_CAEM_2024_actual_2025_forecast,source:2a.  External USD:row115,portfolio investment assets minus liabilities,mln USD,annual,2025,706.1034,run_calculated,scenario_forecast,CAEM.xlsb / native formula export,2a.  External USD,O115,exact native source formula output; year header checked; original units unchanged,FR7,,"[""FR7"",""FR11"",""FR12""]",direct_original_output_atom,"current external flow, mln USD",false,ministry_caem:source:2a.  External USD:row115,Exact original row now exported by the actual CAEM engine; source unit/header caveats preserved.,formula_calculated
ministry_caem,oil_plus10,original_CAEM_2024_actual_2025_forecast,source:2a.  External USD:row115,portfolio investment assets minus liabilities,mln USD,annual,2026,706.1034,run_calculated,scenario_forecast,CAEM.xlsb / native formula export,2a.  External USD,P115,exact native source formula output; year header checked; original units unchanged,FR7,,"[""FR7"",""FR11"",""FR12""]",direct_original_output_atom,"current external flow, mln USD",false,ministry_caem:source:2a.  External USD:row115,Exact original row now exported by the actual CAEM engine; source unit/header caveats preserved.,formula_calculated
ministry_caem,oil_plus10,original_CAEM_2024_actual_2025_forecast,source:2a.  External USD:row115,portfolio investment assets minus liabilities,mln USD,annual,2027,706.1034,run_calculated,scenario_forecast,CAEM.xlsb / native formula export,2a.  External USD,Q115,exact native source formula output; year header checked; original units unchanged,FR7,,"[""FR7"",""FR11"",""FR12""]",direct_original_output_atom,"current external flow, mln USD",false,ministry_caem:source:2a.  External USD:row115,Exact original row now exported by the actual CAEM engine; source unit/header caveats preserved.,formula_calculated
ministry_caem,oil_plus10,original_CAEM_2024_actual_2025_forecast,source:2a.  External USD:row115,portfolio investment assets minus liabilities,mln USD,annual,2028,706.1034,run_calculated,scenario_forecast,CAEM.xlsb / native formula export,2a.  External USD,R115,exact native source formula output; year header checked; original units unchanged,FR7,,"[""FR7"",""FR11"",""FR12""]",direct_original_output_atom,"current external flow, mln USD",false,ministry_caem:source:2a.  External USD:row115,Exact original row now exported by the actual CAEM engine; source unit/header caveats preserved.,formula_calculated
ministry_caem,oil_plus10,original_CAEM_2024_actual_2025_forecast,source:2a.  External USD:row115,portfolio investment assets minus liabilities,mln USD,annual,2029,706.1034,run_calculated,scenario_forecast,CAEM.xlsb / native formula export,2a.  External USD,S115,exact native source formula output; year header checked; original units unchanged,FR7,,"[""FR7"",""FR11"",""FR12""]",direct_original_output_atom,"current external flow, mln USD",false,ministry_caem:source:2a.  External USD:row115,Exact original row now exported by the actual CAEM engine; source unit/header caveats preserved.,formula_calculated
ministry_caem,oil_plus10,original_CAEM_2024_actual_2025_forecast,source:2a.  External USD:row123,other investment assets minus liabilities,mln USD,annual,2025,649.8544240548731,run_calculated,scenario_forecast,CAEM.xlsb / native formula export,2a.  External USD,O123,exact native source formula output; year header checked; original units unchanged,FR7,,"[""FR7"",""FR11"",""FR12""]",direct_original_output_atom,"current external flow, mln USD",false,ministry_caem:source:2a.  External USD:row123,Exact original row now exported by the actual CAEM engine; source unit/header caveats preserved.,formula_calculated
ministry_caem,oil_plus10,original_CAEM_2024_actual_2025_forecast,source:2a.  External USD:row123,other investment assets minus liabilities,mln USD,annual,2026,740.5482567445863,run_calculated,scenario_forecast,CAEM.xlsb / native formula export,2a.  External USD,P123,exact native source formula output; year header checked; original units unchanged,FR7,,"[""FR7"",""FR11"",""FR12""]",direct_original_output_atom,"current external flow, mln USD",false,ministry_caem:source:2a.  External USD:row123,Exact original row now exported by the actual CAEM engine; source unit/header caveats preserved.,formula_calculated
ministry_caem,oil_plus10,original_CAEM_2024_actual_2025_forecast,source:2a.  External USD:row123,other investment assets minus liabilities,mln USD,annual,2027,931.4772467516547,run_calculated,scenario_forecast,CAEM.xlsb / native formula export,2a.  External USD,Q123,exact native source formula output; year header checked; original units unchanged,FR7,,"[""FR7"",""FR11"",""FR12""]",direct_original_output_atom,"current external flow, mln USD",false,ministry_caem:source:2a.  External USD:row123,Exact original row now exported by the actual CAEM engine; source unit/header caveats preserved.,formula_calculated
ministry_caem,oil_plus10,original_CAEM_2024_actual_2025_forecast,source:2a.  External USD:row123,other investment assets minus liabilities,mln USD,annual,2028,828.0975463162741,run_calculated,scenario_forecast,CAEM.xlsb / native formula export,2a.  External USD,R123,exact native source formula output; year header checked; original units unchanged,FR7,,"[""FR7"",""FR11"",""FR12""]",direct_original_output_atom,"current external flow, mln USD",false,ministry_caem:source:2a.  External USD:row123,Exact original row now exported by the actual CAEM engine; source unit/header caveats preserved.,formula_calculated
ministry_caem,oil_plus10,original_CAEM_2024_actual_2025_forecast,source:2a.  External USD:row123,other investment assets minus liabilities,mln USD,annual,2029,977.8217850137956,run_calculated,scenario_forecast,CAEM.xlsb / native formula export,2a.  External USD,S123,exact native source formula output; year header checked; original units unchanged,FR7,,"[""FR7"",""FR11"",""FR12""]",direct_original_output_atom,"current external flow, mln USD",false,ministry_caem:source:2a.  External USD:row123,Exact original row now exported by the actual CAEM engine; source unit/header caveats preserved.,formula_calculated
ministry_caem,oil_plus10,original_CAEM_2024_actual_2025_forecast,source:2a.  External USD:row132,reserve assets change,mln USD,annual,2025,1174.6314744479173,run_calculated,scenario_forecast,CAEM.xlsb / native formula export,2a.  External USD,O132,exact native source formula output; year header checked; original units unchanged,FR7,,"[""FR7"",""FR11"",""FR12""]",direct_original_output_atom,"current external flow, mln USD",false,ministry_caem:source:2a.  External USD:row132,Exact original row now exported by the actual CAEM engine; source unit/header caveats preserved.,formula_calculated
ministry_caem,oil_plus10,original_CAEM_2024_actual_2025_forecast,source:2a.  External USD:row132,reserve assets change,mln USD,annual,2026,-5049.5846692894675,run_calculated,scenario_forecast,CAEM.xlsb / native formula export,2a.  External USD,P132,exact native source formula output; year header checked; original units unchanged,FR7,,"[""FR7"",""FR11"",""FR12""]",direct_original_output_atom,"current external flow, mln USD",false,ministry_caem:source:2a.  External USD:row132,Exact original row now exported by the actual CAEM engine; source unit/header caveats preserved.,formula_calculated
ministry_caem,oil_plus10,original_CAEM_2024_actual_2025_forecast,source:2a.  External USD:row132,reserve assets change,mln USD,annual,2027,-8591.7485369734,run_calculated,scenario_forecast,CAEM.xlsb / native formula export,2a.  External USD,Q132,exact native source formula output; year header checked; original units unchanged,FR7,,"[""FR7"",""FR11"",""FR12""]",direct_original_output_atom,"current external flow, mln USD",false,ministry_caem:source:2a.  External USD:row132,Exact original row now exported by the actual CAEM engine; source unit/header caveats preserved.,formula_calculated
ministry_caem,oil_plus10,original_CAEM_2024_actual_2025_forecast,source:2a.  External USD:row132,reserve assets change,mln USD,annual,2028,-12179.627137660302,run_calculated,scenario_forecast,CAEM.xlsb / native formula export,2a.  External USD,R132,exact native source formula output; year header checked; original units unchanged,FR7,,"[""FR7"",""FR11"",""FR12""]",direct_original_output_atom,"current external flow, mln USD",false,ministry_caem:source:2a.  External USD:row132,Exact original row now exported by the actual CAEM engine; source unit/header caveats preserved.,formula_calculated
ministry_caem,oil_plus10,original_CAEM_2024_actual_2025_forecast,source:2a.  External USD:row132,reserve assets change,mln USD,annual,2029,-13937.962660414456,run_calculated,scenario_forecast,CAEM.xlsb / native formula export,2a.  External USD,S132,exact native source formula output; year header checked; original units unchanged,FR7,,"[""FR7"",""FR11"",""FR12""]",direct_original_output_atom,"current external flow, mln USD",false,ministry_caem:source:2a.  External USD:row132,Exact original row now exported by the actual CAEM engine; source unit/header caveats preserved.,formula_calculated
ministry_caem,oil_plus10,original_CAEM_2024_actual_2025_forecast,source:Oil_and_gas_sector:row69,World-market oil price Brent,US$/barrel,annual,2025,77.56911344190415,run_calculated,scenario_forecast,CAEM.xlsb / native formula export,Oil_and_gas_sector,AH69,exact native source formula output; year header checked; original units unchanged,FR5,,"[""FR5""]",direct_original_output_atom,nominal USD world Brent annual price,false,ministry_caem:source:Oil_and_gas_sector:row69,Exact original row now exported by the actual CAEM engine; source unit/header caveats preserved.,formula_calculated
ministry_caem,oil_plus10,original_CAEM_2024_actual_2025_forecast,source:Oil_and_gas_sector:row69,World-market oil price Brent,US$/barrel,annual,2026,72.44817681756014,run_calculated,scenario_forecast,CAEM.xlsb / native formula export,Oil_and_gas_sector,AI69,exact native source formula output; year header checked; original units unchanged,FR5,,"[""FR5""]",direct_original_output_atom,nominal USD world Brent annual price,false,ministry_caem:source:Oil_and_gas_sector:row69,Exact original row now exported by the actual CAEM engine; source unit/header caveats preserved.,formula_calculated
ministry_caem,oil_plus10,original_CAEM_2024_actual_2025_forecast,source:Oil_and_gas_sector:row69,World-market oil price Brent,US$/barrel,annual,2027,72.75468116366102,run_calculated,scenario_forecast,CAEM.xlsb / native formula export,Oil_and_gas_sector,AJ69,exact native source formula output; year header checked; original units unchanged,FR5,,"[""FR5""]",direct_original_output_atom,nominal USD world Brent annual price,false,ministry_caem:source:Oil_and_gas_sector:row69,Exact original row now exported by the actual CAEM engine; source unit/header caveats preserved.,formula_calculated
ministry_caem,oil_plus10,original_CAEM_2024_actual_2025_forecast,source:Oil_and_gas_sector:row69,World-market oil price Brent,US$/barrel,annual,2028,72.9225755568795,run_calculated,scenario_forecast,CAEM.xlsb / native formula export,Oil_and_gas_sector,AK69,exact native source formula output; year header checked; original units unchanged,FR5,,"[""FR5""]",direct_original_output_atom,nominal USD world Brent annual price,false,ministry_caem:source:Oil_and_gas_sector:row69,Exact original row now exported by the actual CAEM engine; source unit/header caveats preserved.,formula_calculated
ministry_caem,oil_plus10,original_CAEM_2024_actual_2025_forecast,source:Oil_and_gas_sector:row69,World-market oil price Brent,US$/barrel,annual,2029,72.99331060122995,run_calculated,scenario_forecast,CAEM.xlsb / native formula export,Oil_and_gas_sector,AL69,exact native source formula output; year header checked; original units unchanged,FR5,,"[""FR5""]",direct_original_output_atom,nominal USD world Brent annual price,false,ministry_caem:source:Oil_and_gas_sector:row69,Exact original row now exported by the actual CAEM engine; source unit/header caveats preserved.,formula_calculated
ministry_caem,oil_plus10,original_CAEM_2024_actual_2025_forecast,source:Oil_and_gas_sector:row19,Oil production,million tons,annual,2025,28453.31113477298,run_calculated,scenario_forecast,CAEM.xlsb / native formula export,Oil_and_gas_sector,AH19,exact native source formula output; year header checked; original units unchanged,FR4,,"[""FR4""]",direct_original_output_atom,physical quantity; no price basis,true,ministry_caem:source:Oil_and_gas_sector:row19,Exact original row now exported by the actual CAEM engine; source unit/header caveats preserved. Original literal unit says million tons but source values e.g28453 and priced equations show scale needing owner validation; no implicit unit repair or cross-model conversion.,formula_calculated
ministry_caem,oil_plus10,original_CAEM_2024_actual_2025_forecast,source:Oil_and_gas_sector:row19,Oil production,million tons,annual,2026,27639.428588181105,run_calculated,scenario_forecast,CAEM.xlsb / native formula export,Oil_and_gas_sector,AI19,exact native source formula output; year header checked; original units unchanged,FR4,,"[""FR4""]",direct_original_output_atom,physical quantity; no price basis,true,ministry_caem:source:Oil_and_gas_sector:row19,Exact original row now exported by the actual CAEM engine; source unit/header caveats preserved. Original literal unit says million tons but source values e.g28453 and priced equations show scale needing owner validation; no implicit unit repair or cross-model conversion.,formula_calculated
ministry_caem,oil_plus10,original_CAEM_2024_actual_2025_forecast,source:Oil_and_gas_sector:row19,Oil production,million tons,annual,2027,27068.014736814184,run_calculated,scenario_forecast,CAEM.xlsb / native formula export,Oil_and_gas_sector,AJ19,exact native source formula output; year header checked; original units unchanged,FR4,,"[""FR4""]",direct_original_output_atom,physical quantity; no price basis,true,ministry_caem:source:Oil_and_gas_sector:row19,Exact original row now exported by the actual CAEM engine; source unit/header caveats preserved. Original literal unit says million tons but source values e.g28453 and priced equations show scale needing owner validation; no implicit unit repair or cross-model conversion.,formula_calculated
ministry_caem,oil_plus10,original_CAEM_2024_actual_2025_forecast,source:Oil_and_gas_sector:row19,Oil production,million tons,annual,2028,26591.863071339463,run_calculated,scenario_forecast,CAEM.xlsb / native formula export,Oil_and_gas_sector,AK19,exact native source formula output; year header checked; original units unchanged,FR4,,"[""FR4""]",direct_original_output_atom,physical quantity; no price basis,true,ministry_caem:source:Oil_and_gas_sector:row19,Exact original row now exported by the actual CAEM engine; source unit/header caveats preserved. Original literal unit says million tons but source values e.g28453 and priced equations show scale needing owner validation; no implicit unit repair or cross-model conversion.,formula_calculated
ministry_caem,oil_plus10,original_CAEM_2024_actual_2025_forecast,source:Oil_and_gas_sector:row19,Oil production,million tons,annual,2029,27390.224081878394,run_calculated,scenario_forecast,CAEM.xlsb / native formula export,Oil_and_gas_sector,AL19,exact native source formula output; year header checked; original units unchanged,FR4,,"[""FR4""]",direct_original_output_atom,physical quantity; no price basis,true,ministry_caem:source:Oil_and_gas_sector:row19,Exact original row now exported by the actual CAEM engine; source unit/header caveats preserved. Original literal unit says million tons but source values e.g28453 and priced equations show scale needing owner validation; no implicit unit repair or cross-model conversion.,formula_calculated
ministry_caem,oil_plus10,original_CAEM_2024_actual_2025_forecast,source:Oil_and_gas_sector:row20,Oil production (Marketable),million tons,annual,2025,28477.80213477298,run_calculated,scenario_forecast,CAEM.xlsb / native formula export,Oil_and_gas_sector,AH20,exact native source formula output; year header checked; original units unchanged,FR4,,"[""FR4""]",direct_original_output_atom,physical quantity; no price basis,true,ministry_caem:source:Oil_and_gas_sector:row20,Exact original row now exported by the actual CAEM engine; source unit/header caveats preserved. Original literal unit says million tons but source values e.g28453 and priced equations show scale needing owner validation; no implicit unit repair or cross-model conversion.,formula_calculated
ministry_caem,oil_plus10,original_CAEM_2024_actual_2025_forecast,source:Oil_and_gas_sector:row20,Oil production (Marketable),million tons,annual,2026,27587.5385881811,run_calculated,scenario_forecast,CAEM.xlsb / native formula export,Oil_and_gas_sector,AI20,exact native source formula output; year header checked; original units unchanged,FR4,,"[""FR4""]",direct_original_output_atom,physical quantity; no price basis,true,ministry_caem:source:Oil_and_gas_sector:row20,Exact original row now exported by the actual CAEM engine; source unit/header caveats preserved. Original literal unit says million tons but source values e.g28453 and priced equations show scale needing owner validation; no implicit unit repair or cross-model conversion.,formula_calculated
ministry_caem,oil_plus10,original_CAEM_2024_actual_2025_forecast,source:Oil_and_gas_sector:row20,Oil production (Marketable),million tons,annual,2027,27016.728736814184,run_calculated,scenario_forecast,CAEM.xlsb / native formula export,Oil_and_gas_sector,AJ20,exact native source formula output; year header checked; original units unchanged,FR4,,"[""FR4""]",direct_original_output_atom,physical quantity; no price basis,true,ministry_caem:source:Oil_and_gas_sector:row20,Exact original row now exported by the actual CAEM engine; source unit/header caveats preserved. Original literal unit says million tons but source values e.g28453 and priced equations show scale needing owner validation; no implicit unit repair or cross-model conversion.,formula_calculated
ministry_caem,oil_plus10,original_CAEM_2024_actual_2025_forecast,source:Oil_and_gas_sector:row20,Oil production (Marketable),million tons,annual,2028,26540.29907133946,run_calculated,scenario_forecast,CAEM.xlsb / native formula export,Oil_and_gas_sector,AK20,exact native source formula output; year header checked; original units unchanged,FR4,,"[""FR4""]",direct_original_output_atom,physical quantity; no price basis,true,ministry_caem:source:Oil_and_gas_sector:row20,Exact original row now exported by the actual CAEM engine; source unit/header caveats preserved. Original literal unit says million tons but source values e.g28453 and priced equations show scale needing owner validation; no implicit unit repair or cross-model conversion.,formula_calculated
ministry_caem,oil_plus10,original_CAEM_2024_actual_2025_forecast,source:Oil_and_gas_sector:row20,Oil production (Marketable),million tons,annual,2029,27338.272081878393,run_calculated,scenario_forecast,CAEM.xlsb / native formula export,Oil_and_gas_sector,AL20,exact native source formula output; year header checked; original units unchanged,FR4,,"[""FR4""]",direct_original_output_atom,physical quantity; no price basis,true,ministry_caem:source:Oil_and_gas_sector:row20,Exact original row now exported by the actual CAEM engine; source unit/header caveats preserved. Original literal unit says million tons but source values e.g28453 and priced equations show scale needing owner validation; no implicit unit repair or cross-model conversion.,formula_calculated
ministry_caem,oil_plus10,original_CAEM_2024_actual_2025_forecast,source:Oil_and_gas_sector:row21,Domestic consumption,million tons,annual,2025,5353.565999999999,source_input,scenario_forecast,CAEM.xlsb / native formula export,Oil_and_gas_sector,AH21,exact native source formula output; year header checked; original units unchanged,FR4,,"[""FR4""]",direct_original_output_atom,physical quantity; no price basis,true,ministry_caem:source:Oil_and_gas_sector:row21,Exact original row now exported by the actual CAEM engine; source unit/header caveats preserved. Original literal unit says million tons but source values e.g28453 and priced equations show scale needing owner validation; no implicit unit repair or cross-model conversion.,original_literal
ministry_caem,oil_plus10,original_CAEM_2024_actual_2025_forecast,source:Oil_and_gas_sector:row21,Domestic consumption,million tons,annual,2026,5090.464999999999,source_input,scenario_forecast,CAEM.xlsb / native formula export,Oil_and_gas_sector,AI21,exact native source formula output; year header checked; original units unchanged,FR4,,"[""FR4""]",direct_original_output_atom,physical quantity; no price basis,true,ministry_caem:source:Oil_and_gas_sector:row21,Exact original row now exported by the actual CAEM engine; source unit/header caveats preserved. Original literal unit says million tons but source values e.g28453 and priced equations show scale needing owner validation; no implicit unit repair or cross-model conversion.,original_literal
ministry_caem,oil_plus10,original_CAEM_2024_actual_2025_forecast,source:Oil_and_gas_sector:row21,Domestic consumption,million tons,annual,2027,5375.613,source_input,scenario_forecast,CAEM.xlsb / native formula export,Oil_and_gas_sector,AJ21,exact native source formula output; year header checked; original units unchanged,FR4,,"[""FR4""]",direct_original_output_atom,physical quantity; no price basis,true,ministry_caem:source:Oil_and_gas_sector:row21,Exact original row now exported by the actual CAEM engine; source unit/header caveats preserved. Original literal unit says million tons but source values e.g28453 and priced equations show scale needing owner validation; no implicit unit repair or cross-model conversion.,original_literal
ministry_caem,oil_plus10,original_CAEM_2024_actual_2025_forecast,source:Oil_and_gas_sector:row21,Domestic consumption,million tons,annual,2028,5229.844999999999,source_input,scenario_forecast,CAEM.xlsb / native formula export,Oil_and_gas_sector,AK21,exact native source formula output; year header checked; original units unchanged,FR4,,"[""FR4""]",direct_original_output_atom,physical quantity; no price basis,true,ministry_caem:source:Oil_and_gas_sector:row21,Exact original row now exported by the actual CAEM engine; source unit/header caveats preserved. Original literal unit says million tons but source values e.g28453 and priced equations show scale needing owner validation; no implicit unit repair or cross-model conversion.,original_literal
ministry_caem,oil_plus10,original_CAEM_2024_actual_2025_forecast,source:Oil_and_gas_sector:row21,Domestic consumption,million tons,annual,2029,5087.992,source_input,scenario_forecast,CAEM.xlsb / native formula export,Oil_and_gas_sector,AL21,exact native source formula output; year header checked; original units unchanged,FR4,,"[""FR4""]",direct_original_output_atom,physical quantity; no price basis,true,ministry_caem:source:Oil_and_gas_sector:row21,Exact original row now exported by the actual CAEM engine; source unit/header caveats preserved. Original literal unit says million tons but source values e.g28453 and priced equations show scale needing owner validation; no implicit unit repair or cross-model conversion.,original_literal
ministry_caem,oil_plus10,original_CAEM_2024_actual_2025_forecast,source:Oil_and_gas_sector:row22,Exports,million tons,annual,2025,23124.236134772982,run_calculated,scenario_forecast,CAEM.xlsb / native formula export,Oil_and_gas_sector,AH22,exact native source formula output; year header checked; original units unchanged,FR4,,"[""FR4""]",direct_original_output_atom,physical quantity; no price basis,true,ministry_caem:source:Oil_and_gas_sector:row22,Exact original row now exported by the actual CAEM engine; source unit/header caveats preserved. Original literal unit says million tons but source values e.g28453 and priced equations show scale needing owner validation; no implicit unit repair or cross-model conversion.,formula_calculated
ministry_caem,oil_plus10,original_CAEM_2024_actual_2025_forecast,source:Oil_and_gas_sector:row22,Exports,million tons,annual,2026,22497.07358818111,run_calculated,scenario_forecast,CAEM.xlsb / native formula export,Oil_and_gas_sector,AI22,exact native source formula output; year header checked; original units unchanged,FR4,,"[""FR4""]",direct_original_output_atom,physical quantity; no price basis,true,ministry_caem:source:Oil_and_gas_sector:row22,Exact original row now exported by the actual CAEM engine; source unit/header caveats preserved. Original literal unit says million tons but source values e.g28453 and priced equations show scale needing owner validation; no implicit unit repair or cross-model conversion.,formula_calculated
ministry_caem,oil_plus10,original_CAEM_2024_actual_2025_forecast,source:Oil_and_gas_sector:row22,Exports,million tons,annual,2027,21641.115736814187,run_calculated,scenario_forecast,CAEM.xlsb / native formula export,Oil_and_gas_sector,AJ22,exact native source formula output; year header checked; original units unchanged,FR4,,"[""FR4""]",direct_original_output_atom,physical quantity; no price basis,true,ministry_caem:source:Oil_and_gas_sector:row22,Exact original row now exported by the actual CAEM engine; source unit/header caveats preserved. Original literal unit says million tons but source values e.g28453 and priced equations show scale needing owner validation; no implicit unit repair or cross-model conversion.,formula_calculated
ministry_caem,oil_plus10,original_CAEM_2024_actual_2025_forecast,source:Oil_and_gas_sector:row22,Exports,million tons,annual,2028,21310.454071339464,run_calculated,scenario_forecast,CAEM.xlsb / native formula export,Oil_and_gas_sector,AK22,exact native source formula output; year header checked; original units unchanged,FR4,,"[""FR4""]",direct_original_output_atom,physical quantity; no price basis,true,ministry_caem:source:Oil_and_gas_sector:row22,Exact original row now exported by the actual CAEM engine; source unit/header caveats preserved. Original literal unit says million tons but source values e.g28453 and priced equations show scale needing owner validation; no implicit unit repair or cross-model conversion.,formula_calculated
ministry_caem,oil_plus10,original_CAEM_2024_actual_2025_forecast,source:Oil_and_gas_sector:row22,Exports,million tons,annual,2029,22250.280081878394,run_calculated,scenario_forecast,CAEM.xlsb / native formula export,Oil_and_gas_sector,AL22,exact native source formula output; year header checked; original units unchanged,FR4,,"[""FR4""]",direct_original_output_atom,physical quantity; no price basis,true,ministry_caem:source:Oil_and_gas_sector:row22,Exact original row now exported by the actual CAEM engine; source unit/header caveats preserved. Original literal unit says million tons but source values e.g28453 and priced equations show scale needing owner validation; no implicit unit repair or cross-model conversion.,formula_calculated
ministry_caem,oil_plus10,original_CAEM_2024_actual_2025_forecast,source:Oil_and_gas_sector:row23,AIOC,million tons,annual,2025,20717.839537343476,run_calculated,scenario_forecast,CAEM.xlsb / native formula export,Oil_and_gas_sector,AH23,exact native source formula output; year header checked; original units unchanged,FR4,,"[""FR4""]",direct_original_output_atom,physical quantity; no price basis,true,ministry_caem:source:Oil_and_gas_sector:row23,Exact original row now exported by the actual CAEM engine; source unit/header caveats preserved. Original literal unit says million tons but source values e.g28453 and priced equations show scale needing owner validation; no implicit unit repair or cross-model conversion.,formula_calculated
ministry_caem,oil_plus10,original_CAEM_2024_actual_2025_forecast,source:Oil_and_gas_sector:row23,AIOC,million tons,annual,2026,20070.229588181108,run_calculated,scenario_forecast,CAEM.xlsb / native formula export,Oil_and_gas_sector,AI23,exact native source formula output; year header checked; original units unchanged,FR4,,"[""FR4""]",direct_original_output_atom,physical quantity; no price basis,true,ministry_caem:source:Oil_and_gas_sector:row23,Exact original row now exported by the actual CAEM engine; source unit/header caveats preserved. Original literal unit says million tons but source values e.g28453 and priced equations show scale needing owner validation; no implicit unit repair or cross-model conversion.,formula_calculated
ministry_caem,oil_plus10,original_CAEM_2024_actual_2025_forecast,source:Oil_and_gas_sector:row23,AIOC,million tons,annual,2027,19666.700788814185,run_calculated,scenario_forecast,CAEM.xlsb / native formula export,Oil_and_gas_sector,AJ23,exact native source formula output; year header checked; original units unchanged,FR4,,"[""FR4""]",direct_original_output_atom,physical quantity; no price basis,true,ministry_caem:source:Oil_and_gas_sector:row23,Exact original row now exported by the actual CAEM engine; source unit/header caveats preserved. Original literal unit says million tons but source values e.g28453 and priced equations show scale needing owner validation; no implicit unit repair or cross-model conversion.,formula_calculated
ministry_caem,oil_plus10,original_CAEM_2024_actual_2025_forecast,source:Oil_and_gas_sector:row23,AIOC,million tons,annual,2028,19206.931343339464,run_calculated,scenario_forecast,CAEM.xlsb / native formula export,Oil_and_gas_sector,AK23,exact native source formula output; year header checked; original units unchanged,FR4,,"[""FR4""]",direct_original_output_atom,physical quantity; no price basis,true,ministry_caem:source:Oil_and_gas_sector:row23,Exact original row now exported by the actual CAEM engine; source unit/header caveats preserved. Original literal unit says million tons but source values e.g28453 and priced equations show scale needing owner validation; no implicit unit repair or cross-model conversion.,formula_calculated
ministry_caem,oil_plus10,original_CAEM_2024_actual_2025_forecast,source:Oil_and_gas_sector:row23,AIOC,million tons,annual,2029,18575.702145878393,run_calculated,scenario_forecast,CAEM.xlsb / native formula export,Oil_and_gas_sector,AL23,exact native source formula output; year header checked; original units unchanged,FR4,,"[""FR4""]",direct_original_output_atom,physical quantity; no price basis,true,ministry_caem:source:Oil_and_gas_sector:row23,Exact original row now exported by the actual CAEM engine; source unit/header caveats preserved. Original literal unit says million tons but source values e.g28453 and priced equations show scale needing owner validation; no implicit unit repair or cross-model conversion.,formula_calculated
ministry_caem,oil_plus10,original_CAEM_2024_actual_2025_forecast,source:Oil_and_gas_sector:row24,SOCAR+MM-ƏŞ+yeni yataqlar,million tons,annual,2025,2406.3965974295047,run_calculated,scenario_forecast,CAEM.xlsb / native formula export,Oil_and_gas_sector,AH24,exact native source formula output; year header checked; original units unchanged,FR4,,"[""FR4""]",direct_original_output_atom,physical quantity; no price basis,true,ministry_caem:source:Oil_and_gas_sector:row24,Exact original row now exported by the actual CAEM engine; source unit/header caveats preserved. Original literal unit says million tons but source values e.g28453 and priced equations show scale needing owner validation; no implicit unit repair or cross-model conversion.,formula_calculated
ministry_caem,oil_plus10,original_CAEM_2024_actual_2025_forecast,source:Oil_and_gas_sector:row24,SOCAR+MM-ƏŞ+yeni yataqlar,million tons,annual,2026,2426.844,run_calculated,scenario_forecast,CAEM.xlsb / native formula export,Oil_and_gas_sector,AI24,exact native source formula output; year header checked; original units unchanged,FR4,,"[""FR4""]",direct_original_output_atom,physical quantity; no price basis,true,ministry_caem:source:Oil_and_gas_sector:row24,Exact original row now exported by the actual CAEM engine; source unit/header caveats preserved. Original literal unit says million tons but source values e.g28453 and priced equations show scale needing owner validation; no implicit unit repair or cross-model conversion.,formula_calculated
ministry_caem,oil_plus10,original_CAEM_2024_actual_2025_forecast,source:Oil_and_gas_sector:row24,SOCAR+MM-ƏŞ+yeni yataqlar,million tons,annual,2027,1974.4149479999999,run_calculated,scenario_forecast,CAEM.xlsb / native formula export,Oil_and_gas_sector,AJ24,exact native source formula output; year header checked; original units unchanged,FR4,,"[""FR4""]",direct_original_output_atom,physical quantity; no price basis,true,ministry_caem:source:Oil_and_gas_sector:row24,Exact original row now exported by the actual CAEM engine; source unit/header caveats preserved. Original literal unit says million tons but source values e.g28453 and priced equations show scale needing owner validation; no implicit unit repair or cross-model conversion.,formula_calculated
ministry_caem,oil_plus10,original_CAEM_2024_actual_2025_forecast,source:Oil_and_gas_sector:row24,SOCAR+MM-ƏŞ+yeni yataqlar,million tons,annual,2028,2103.522728,run_calculated,scenario_forecast,CAEM.xlsb / native formula export,Oil_and_gas_sector,AK24,exact native source formula output; year header checked; original units unchanged,FR4,,"[""FR4""]",direct_original_output_atom,physical quantity; no price basis,true,ministry_caem:source:Oil_and_gas_sector:row24,Exact original row now exported by the actual CAEM engine; source unit/header caveats preserved. Original literal unit says million tons but source values e.g28453 and priced equations show scale needing owner validation; no implicit unit repair or cross-model conversion.,formula_calculated
ministry_caem,oil_plus10,original_CAEM_2024_actual_2025_forecast,source:Oil_and_gas_sector:row24,SOCAR+MM-ƏŞ+yeni yataqlar,million tons,annual,2029,3674.577936,run_calculated,scenario_forecast,CAEM.xlsb / native formula export,Oil_and_gas_sector,AL24,exact native source formula output; year header checked; original units unchanged,FR4,,"[""FR4""]",direct_original_output_atom,physical quantity; no price basis,true,ministry_caem:source:Oil_and_gas_sector:row24,Exact original row now exported by the actual CAEM engine; source unit/header caveats preserved. Original literal unit says million tons but source values e.g28453 and priced equations show scale needing owner validation; no implicit unit repair or cross-model conversion.,formula_calculated
ministry_caem,oil_plus10,original_CAEM_2024_actual_2025_forecast,source:Oil_and_gas_sector:row25,SOCAR NQÇİ,million tons,annual,2025,333.5340000000001,source_input,scenario_forecast,CAEM.xlsb / native formula export,Oil_and_gas_sector,AH25,exact native source formula output; year header checked; original units unchanged,FR4,,"[""FR4""]",direct_original_output_atom,physical quantity; no price basis,true,ministry_caem:source:Oil_and_gas_sector:row25,Exact original row now exported by the actual CAEM engine; source unit/header caveats preserved. Original literal unit says million tons but source values e.g28453 and priced equations show scale needing owner validation; no implicit unit repair or cross-model conversion.,original_literal
ministry_caem,oil_plus10,original_CAEM_2024_actual_2025_forecast,source:Oil_and_gas_sector:row25,SOCAR NQÇİ,million tons,annual,2026,500.52700000000004,source_input,scenario_forecast,CAEM.xlsb / native formula export,Oil_and_gas_sector,AI25,exact native source formula output; year header checked; original units unchanged,FR4,,"[""FR4""]",direct_original_output_atom,physical quantity; no price basis,true,ministry_caem:source:Oil_and_gas_sector:row25,Exact original row now exported by the actual CAEM engine; source unit/header caveats preserved. Original literal unit says million tons but source values e.g28453 and priced equations show scale needing owner validation; no implicit unit repair or cross-model conversion.,original_literal
ministry_caem,oil_plus10,original_CAEM_2024_actual_2025_forecast,source:Oil_and_gas_sector:row25,SOCAR NQÇİ,million tons,annual,2027,2.4769999999998618,source_input,scenario_forecast,CAEM.xlsb / native formula export,Oil_and_gas_sector,AJ25,exact native source formula output; year header checked; original units unchanged,FR4,,"[""FR4""]",direct_original_output_atom,physical quantity; no price basis,true,ministry_caem:source:Oil_and_gas_sector:row25,Exact original row now exported by the actual CAEM engine; source unit/header caveats preserved. Original literal unit says million tons but source values e.g28453 and priced equations show scale needing owner validation; no implicit unit repair or cross-model conversion.,original_literal
ministry_caem,oil_plus10,original_CAEM_2024_actual_2025_forecast,source:Oil_and_gas_sector:row25,SOCAR NQÇİ,million tons,annual,2028,2.4270000000001346,source_input,scenario_forecast,CAEM.xlsb / native formula export,Oil_and_gas_sector,AK25,exact native source formula output; year header checked; original units unchanged,FR4,,"[""FR4""]",direct_original_output_atom,physical quantity; no price basis,true,ministry_caem:source:Oil_and_gas_sector:row25,Exact original row now exported by the actual CAEM engine; source unit/header caveats preserved. Original literal unit says million tons but source values e.g28453 and priced equations show scale needing owner validation; no implicit unit repair or cross-model conversion.,original_literal
ministry_caem,oil_plus10,original_CAEM_2024_actual_2025_forecast,source:Oil_and_gas_sector:row25,SOCAR NQÇİ,million tons,annual,2029,2.3789999999999054,source_input,scenario_forecast,CAEM.xlsb / native formula export,Oil_and_gas_sector,AL25,exact native source formula output; year header checked; original units unchanged,FR4,,"[""FR4""]",direct_original_output_atom,physical quantity; no price basis,true,ministry_caem:source:Oil_and_gas_sector:row25,Exact original row now exported by the actual CAEM engine; source unit/header caveats preserved. Original literal unit says million tons but source values e.g28453 and priced equations show scale needing owner validation; no implicit unit repair or cross-model conversion.,original_literal
ministry_caem,oil_plus10,original_CAEM_2024_actual_2025_forecast,source:Oil_and_gas_sector:row26,MM-ƏŞlər,million tons,annual,2025,1504.675,source_input,scenario_forecast,CAEM.xlsb / native formula export,Oil_and_gas_sector,AH26,exact native source formula output; year header checked; original units unchanged,FR4,,"[""FR4""]",direct_original_output_atom,physical quantity; no price basis,true,ministry_caem:source:Oil_and_gas_sector:row26,Exact original row now exported by the actual CAEM engine; source unit/header caveats preserved. Original literal unit says million tons but source values e.g28453 and priced equations show scale needing owner validation; no implicit unit repair or cross-model conversion.,original_literal
ministry_caem,oil_plus10,original_CAEM_2024_actual_2025_forecast,source:Oil_and_gas_sector:row26,MM-ƏŞlər,million tons,annual,2026,1440.702,source_input,scenario_forecast,CAEM.xlsb / native formula export,Oil_and_gas_sector,AI26,exact native source formula output; year header checked; original units unchanged,FR4,,"[""FR4""]",direct_original_output_atom,physical quantity; no price basis,true,ministry_caem:source:Oil_and_gas_sector:row26,Exact original row now exported by the actual CAEM engine; source unit/header caveats preserved. Original literal unit says million tons but source values e.g28453 and priced equations show scale needing owner validation; no implicit unit repair or cross-model conversion.,original_literal
ministry_caem,oil_plus10,original_CAEM_2024_actual_2025_forecast,source:Oil_and_gas_sector:row26,MM-ƏŞlər,million tons,annual,2027,1475.401,source_input,scenario_forecast,CAEM.xlsb / native formula export,Oil_and_gas_sector,AJ26,exact native source formula output; year header checked; original units unchanged,FR4,,"[""FR4""]",direct_original_output_atom,physical quantity; no price basis,true,ministry_caem:source:Oil_and_gas_sector:row26,Exact original row now exported by the actual CAEM engine; source unit/header caveats preserved. Original literal unit says million tons but source values e.g28453 and priced equations show scale needing owner validation; no implicit unit repair or cross-model conversion.,original_literal
ministry_caem,oil_plus10,original_CAEM_2024_actual_2025_forecast,source:Oil_and_gas_sector:row26,MM-ƏŞlər,million tons,annual,2028,1534.011,source_input,scenario_forecast,CAEM.xlsb / native formula export,Oil_and_gas_sector,AK26,exact native source formula output; year header checked; original units unchanged,FR4,,"[""FR4""]",direct_original_output_atom,physical quantity; no price basis,true,ministry_caem:source:Oil_and_gas_sector:row26,Exact original row now exported by the actual CAEM engine; source unit/header caveats preserved. Original literal unit says million tons but source values e.g28453 and priced equations show scale needing owner validation; no implicit unit repair or cross-model conversion.,original_literal
ministry_caem,oil_plus10,original_CAEM_2024_actual_2025_forecast,source:Oil_and_gas_sector:row26,MM-ƏŞlər,million tons,annual,2029,1620.429,source_input,scenario_forecast,CAEM.xlsb / native formula export,Oil_and_gas_sector,AL26,exact native source formula output; year header checked; original units unchanged,FR4,,"[""FR4""]",direct_original_output_atom,physical quantity; no price basis,true,ministry_caem:source:Oil_and_gas_sector:row26,Exact original row now exported by the actual CAEM engine; source unit/header caveats preserved. Original literal unit says million tons but source values e.g28453 and priced equations show scale needing owner validation; no implicit unit repair or cross-model conversion.,original_literal
ministry_caem,oil_plus10,original_CAEM_2024_actual_2025_forecast,source:Oil_and_gas_sector:row27,Yeni yataqlar,million tons,annual,2025,568.1875974295048,source_input,scenario_forecast,CAEM.xlsb / native formula export,Oil_and_gas_sector,AH27,exact native source formula output; year header checked; original units unchanged,FR4,,"[""FR4""]",direct_original_output_atom,physical quantity; no price basis,true,ministry_caem:source:Oil_and_gas_sector:row27,Exact original row now exported by the actual CAEM engine; source unit/header caveats preserved. Original literal unit says million tons but source values e.g28453 and priced equations show scale needing owner validation; no implicit unit repair or cross-model conversion.,original_literal
ministry_caem,oil_plus10,original_CAEM_2024_actual_2025_forecast,source:Oil_and_gas_sector:row27,Yeni yataqlar,million tons,annual,2026,485.615,source_input,scenario_forecast,CAEM.xlsb / native formula export,Oil_and_gas_sector,AI27,exact native source formula output; year header checked; original units unchanged,FR4,,"[""FR4""]",direct_original_output_atom,physical quantity; no price basis,true,ministry_caem:source:Oil_and_gas_sector:row27,Exact original row now exported by the actual CAEM engine; source unit/header caveats preserved. Original literal unit says million tons but source values e.g28453 and priced equations show scale needing owner validation; no implicit unit repair or cross-model conversion.,original_literal
ministry_caem,oil_plus10,original_CAEM_2024_actual_2025_forecast,source:Oil_and_gas_sector:row27,Yeni yataqlar,million tons,annual,2027,496.536948,source_input,scenario_forecast,CAEM.xlsb / native formula export,Oil_and_gas_sector,AJ27,exact native source formula output; year header checked; original units unchanged,FR4,,"[""FR4""]",direct_original_output_atom,physical quantity; no price basis,true,ministry_caem:source:Oil_and_gas_sector:row27,Exact original row now exported by the actual CAEM engine; source unit/header caveats preserved. Original literal unit says million tons but source values e.g28453 and priced equations show scale needing owner validation; no implicit unit repair or cross-model conversion.,original_literal
ministry_caem,oil_plus10,original_CAEM_2024_actual_2025_forecast,source:Oil_and_gas_sector:row27,Yeni yataqlar,million tons,annual,2028,567.084728,source_input,scenario_forecast,CAEM.xlsb / native formula export,Oil_and_gas_sector,AK27,exact native source formula output; year header checked; original units unchanged,FR4,,"[""FR4""]",direct_original_output_atom,physical quantity; no price basis,true,ministry_caem:source:Oil_and_gas_sector:row27,Exact original row now exported by the actual CAEM engine; source unit/header caveats preserved. Original literal unit says million tons but source values e.g28453 and priced equations show scale needing owner validation; no implicit unit repair or cross-model conversion.,original_literal
ministry_caem,oil_plus10,original_CAEM_2024_actual_2025_forecast,source:Oil_and_gas_sector:row27,Yeni yataqlar,million tons,annual,2029,2051.769936,source_input,scenario_forecast,CAEM.xlsb / native formula export,Oil_and_gas_sector,AL27,exact native source formula output; year header checked; original units unchanged,FR4,,"[""FR4""]",direct_original_output_atom,physical quantity; no price basis,true,ministry_caem:source:Oil_and_gas_sector:row27,Exact original row now exported by the actual CAEM engine; source unit/header caveats preserved. Original literal unit says million tons but source values e.g28453 and priced equations show scale needing owner validation; no implicit unit repair or cross-model conversion.,original_literal
ministry_caem,oil_plus10,original_CAEM_2024_actual_2025_forecast,source:Oil_and_gas_sector:row28,ACG ,million tons,annual,2025,16725.06738544474,run_calculated,scenario_forecast,CAEM.xlsb / native formula export,Oil_and_gas_sector,AH28,exact native source formula output; year header checked; original units unchanged,FR4,,"[""FR4""]",direct_original_output_atom,physical quantity; no price basis,true,ministry_caem:source:Oil_and_gas_sector:row28,Exact original row now exported by the actual CAEM engine; source unit/header caveats preserved. Original literal unit says million tons but source values e.g28453 and priced equations show scale needing owner validation; no implicit unit repair or cross-model conversion.,formula_calculated
ministry_caem,oil_plus10,original_CAEM_2024_actual_2025_forecast,source:Oil_and_gas_sector:row28,ACG ,million tons,annual,2026,16233.153638814016,run_calculated,scenario_forecast,CAEM.xlsb / native formula export,Oil_and_gas_sector,AI28,exact native source formula output; year header checked; original units unchanged,FR4,,"[""FR4""]",direct_original_output_atom,physical quantity; no price basis,true,ministry_caem:source:Oil_and_gas_sector:row28,Exact original row now exported by the actual CAEM engine; source unit/header caveats preserved. Original literal unit says million tons but source values e.g28453 and priced equations show scale needing owner validation; no implicit unit repair or cross-model conversion.,formula_calculated
ministry_caem,oil_plus10,original_CAEM_2024_actual_2025_forecast,source:Oil_and_gas_sector:row28,ACG ,million tons,annual,2027,16085.579514824796,run_calculated,scenario_forecast,CAEM.xlsb / native formula export,Oil_and_gas_sector,AJ28,exact native source formula output; year header checked; original units unchanged,FR4,,"[""FR4""]",direct_original_output_atom,physical quantity; no price basis,true,ministry_caem:source:Oil_and_gas_sector:row28,Exact original row now exported by the actual CAEM engine; source unit/header caveats preserved. Original literal unit says million tons but source values e.g28453 and priced equations show scale needing owner validation; no implicit unit repair or cross-model conversion.,formula_calculated
ministry_caem,oil_plus10,original_CAEM_2024_actual_2025_forecast,source:Oil_and_gas_sector:row28,ACG ,million tons,annual,2028,16129.649595687333,run_calculated,scenario_forecast,CAEM.xlsb / native formula export,Oil_and_gas_sector,AK28,exact native source formula output; year header checked; original units unchanged,FR4,,"[""FR4""]",direct_original_output_atom,physical quantity; no price basis,true,ministry_caem:source:Oil_and_gas_sector:row28,Exact original row now exported by the actual CAEM engine; source unit/header caveats preserved. Original literal unit says million tons but source values e.g28453 and priced equations show scale needing owner validation; no implicit unit repair or cross-model conversion.,formula_calculated
ministry_caem,oil_plus10,original_CAEM_2024_actual_2025_forecast,source:Oil_and_gas_sector:row28,ACG ,million tons,annual,2029,16036.388140161724,run_calculated,scenario_forecast,CAEM.xlsb / native formula export,Oil_and_gas_sector,AL28,exact native source formula output; year header checked; original units unchanged,FR4,,"[""FR4""]",direct_original_output_atom,physical quantity; no price basis,true,ministry_caem:source:Oil_and_gas_sector:row28,Exact original row now exported by the actual CAEM engine; source unit/header caveats preserved. Original literal unit says million tons but source values e.g28453 and priced equations show scale needing owner validation; no implicit unit repair or cross-model conversion.,formula_calculated
ministry_caem,oil_plus10,original_CAEM_2024_actual_2025_forecast,source:Oil_and_gas_sector:row29,ACG (marketable),million tons,annual,2025,16725.06738544474,run_calculated,scenario_forecast,CAEM.xlsb / native formula export,Oil_and_gas_sector,AH29,exact native source formula output; year header checked; original units unchanged,FR4,,"[""FR4""]",direct_original_output_atom,physical quantity; no price basis,true,ministry_caem:source:Oil_and_gas_sector:row29,Exact original row now exported by the actual CAEM engine; source unit/header caveats preserved. Original literal unit says million tons but source values e.g28453 and priced equations show scale needing owner validation; no implicit unit repair or cross-model conversion.,formula_calculated
ministry_caem,oil_plus10,original_CAEM_2024_actual_2025_forecast,source:Oil_and_gas_sector:row29,ACG (marketable),million tons,annual,2026,16233.153638814016,run_calculated,scenario_forecast,CAEM.xlsb / native formula export,Oil_and_gas_sector,AI29,exact native source formula output; year header checked; original units unchanged,FR4,,"[""FR4""]",direct_original_output_atom,physical quantity; no price basis,true,ministry_caem:source:Oil_and_gas_sector:row29,Exact original row now exported by the actual CAEM engine; source unit/header caveats preserved. Original literal unit says million tons but source values e.g28453 and priced equations show scale needing owner validation; no implicit unit repair or cross-model conversion.,formula_calculated
ministry_caem,oil_plus10,original_CAEM_2024_actual_2025_forecast,source:Oil_and_gas_sector:row29,ACG (marketable),million tons,annual,2027,16085.579514824796,run_calculated,scenario_forecast,CAEM.xlsb / native formula export,Oil_and_gas_sector,AJ29,exact native source formula output; year header checked; original units unchanged,FR4,,"[""FR4""]",direct_original_output_atom,physical quantity; no price basis,true,ministry_caem:source:Oil_and_gas_sector:row29,Exact original row now exported by the actual CAEM engine; source unit/header caveats preserved. Original literal unit says million tons but source values e.g28453 and priced equations show scale needing owner validation; no implicit unit repair or cross-model conversion.,formula_calculated
ministry_caem,oil_plus10,original_CAEM_2024_actual_2025_forecast,source:Oil_and_gas_sector:row29,ACG (marketable),million tons,annual,2028,16129.649595687333,run_calculated,scenario_forecast,CAEM.xlsb / native formula export,Oil_and_gas_sector,AK29,exact native source formula output; year header checked; original units unchanged,FR4,,"[""FR4""]",direct_original_output_atom,physical quantity; no price basis,true,ministry_caem:source:Oil_and_gas_sector:row29,Exact original row now exported by the actual CAEM engine; source unit/header caveats preserved. Original literal unit says million tons but source values e.g28453 and priced equations show scale needing owner validation; no implicit unit repair or cross-model conversion.,formula_calculated
ministry_caem,oil_plus10,original_CAEM_2024_actual_2025_forecast,source:Oil_and_gas_sector:row29,ACG (marketable),million tons,annual,2029,16036.388140161724,run_calculated,scenario_forecast,CAEM.xlsb / native formula export,Oil_and_gas_sector,AL29,exact native source formula output; year header checked; original units unchanged,FR4,,"[""FR4""]",direct_original_output_atom,physical quantity; no price basis,true,ministry_caem:source:Oil_and_gas_sector:row29,Exact original row now exported by the actual CAEM engine; source unit/header caveats preserved. Original literal unit says million tons but source values e.g28453 and priced equations show scale needing owner validation; no implicit unit repair or cross-model conversion.,formula_calculated
ministry_caem,oil_plus10,original_CAEM_2024_actual_2025_forecast,source:Oil_and_gas_sector:row30,Condensate ,million tons,annual,2025,3992.772151898734,source_input,scenario_forecast,CAEM.xlsb / native formula export,Oil_and_gas_sector,AH30,exact native source formula output; year header checked; original units unchanged,FR4,,"[""FR4""]",direct_original_output_atom,physical quantity; no price basis,true,ministry_caem:source:Oil_and_gas_sector:row30,Exact original row now exported by the actual CAEM engine; source unit/header caveats preserved. Original literal unit says million tons but source values e.g28453 and priced equations show scale needing owner validation; no implicit unit repair or cross-model conversion.,original_literal
ministry_caem,oil_plus10,original_CAEM_2024_actual_2025_forecast,source:Oil_and_gas_sector:row30,Condensate ,million tons,annual,2026,3837.0759493670885,source_input,scenario_forecast,CAEM.xlsb / native formula export,Oil_and_gas_sector,AI30,exact native source formula output; year header checked; original units unchanged,FR4,,"[""FR4""]",direct_original_output_atom,physical quantity; no price basis,true,ministry_caem:source:Oil_and_gas_sector:row30,Exact original row now exported by the actual CAEM engine; source unit/header caveats preserved. Original literal unit says million tons but source values e.g28453 and priced equations show scale needing owner validation; no implicit unit repair or cross-model conversion.,original_literal
ministry_caem,oil_plus10,original_CAEM_2024_actual_2025_forecast,source:Oil_and_gas_sector:row30,Condensate ,million tons,annual,2027,3581.1212739893895,source_input,scenario_forecast,CAEM.xlsb / native formula export,Oil_and_gas_sector,AJ30,exact native source formula output; year header checked; original units unchanged,FR4,,"[""FR4""]",direct_original_output_atom,physical quantity; no price basis,true,ministry_caem:source:Oil_and_gas_sector:row30,Exact original row now exported by the actual CAEM engine; source unit/header caveats preserved. Original literal unit says million tons but source values e.g28453 and priced equations show scale needing owner validation; no implicit unit repair or cross-model conversion.,original_literal
ministry_caem,oil_plus10,original_CAEM_2024_actual_2025_forecast,source:Oil_and_gas_sector:row30,Condensate ,million tons,annual,2028,3077.2817476521304,source_input,scenario_forecast,CAEM.xlsb / native formula export,Oil_and_gas_sector,AK30,exact native source formula output; year header checked; original units unchanged,FR4,,"[""FR4""]",direct_original_output_atom,physical quantity; no price basis,true,ministry_caem:source:Oil_and_gas_sector:row30,Exact original row now exported by the actual CAEM engine; source unit/header caveats preserved. Original literal unit says million tons but source values e.g28453 and priced equations show scale needing owner validation; no implicit unit repair or cross-model conversion.,original_literal
ministry_caem,oil_plus10,original_CAEM_2024_actual_2025_forecast,source:Oil_and_gas_sector:row30,Condensate ,million tons,annual,2029,2539.31400571667,source_input,scenario_forecast,CAEM.xlsb / native formula export,Oil_and_gas_sector,AL30,exact native source formula output; year header checked; original units unchanged,FR4,,"[""FR4""]",direct_original_output_atom,physical quantity; no price basis,true,ministry_caem:source:Oil_and_gas_sector:row30,Exact original row now exported by the actual CAEM engine; source unit/header caveats preserved. Original literal unit says million tons but source values e.g28453 and priced equations show scale needing owner validation; no implicit unit repair or cross-model conversion.,original_literal
ministry_caem,oil_plus10,original_CAEM_2024_actual_2025_forecast,source:Oil_and_gas_sector:row31,Condensate (marketable),million tons,annual,2025,3992.772151898734,run_calculated,scenario_forecast,CAEM.xlsb / native formula export,Oil_and_gas_sector,AH31,exact native source formula output; year header checked; original units unchanged,FR4,,"[""FR4""]",direct_original_output_atom,physical quantity; no price basis,true,ministry_caem:source:Oil_and_gas_sector:row31,Exact original row now exported by the actual CAEM engine; source unit/header caveats preserved. Original literal unit says million tons but source values e.g28453 and priced equations show scale needing owner validation; no implicit unit repair or cross-model conversion.,formula_calculated
ministry_caem,oil_plus10,original_CAEM_2024_actual_2025_forecast,source:Oil_and_gas_sector:row31,Condensate (marketable),million tons,annual,2026,3837.0759493670885,run_calculated,scenario_forecast,CAEM.xlsb / native formula export,Oil_and_gas_sector,AI31,exact native source formula output; year header checked; original units unchanged,FR4,,"[""FR4""]",direct_original_output_atom,physical quantity; no price basis,true,ministry_caem:source:Oil_and_gas_sector:row31,Exact original row now exported by the actual CAEM engine; source unit/header caveats preserved. Original literal unit says million tons but source values e.g28453 and priced equations show scale needing owner validation; no implicit unit repair or cross-model conversion.,formula_calculated
ministry_caem,oil_plus10,original_CAEM_2024_actual_2025_forecast,source:Oil_and_gas_sector:row31,Condensate (marketable),million tons,annual,2027,3581.1212739893895,run_calculated,scenario_forecast,CAEM.xlsb / native formula export,Oil_and_gas_sector,AJ31,exact native source formula output; year header checked; original units unchanged,FR4,,"[""FR4""]",direct_original_output_atom,physical quantity; no price basis,true,ministry_caem:source:Oil_and_gas_sector:row31,Exact original row now exported by the actual CAEM engine; source unit/header caveats preserved. Original literal unit says million tons but source values e.g28453 and priced equations show scale needing owner validation; no implicit unit repair or cross-model conversion.,formula_calculated
ministry_caem,oil_plus10,original_CAEM_2024_actual_2025_forecast,source:Oil_and_gas_sector:row31,Condensate (marketable),million tons,annual,2028,3077.2817476521304,run_calculated,scenario_forecast,CAEM.xlsb / native formula export,Oil_and_gas_sector,AK31,exact native source formula output; year header checked; original units unchanged,FR4,,"[""FR4""]",direct_original_output_atom,physical quantity; no price basis,true,ministry_caem:source:Oil_and_gas_sector:row31,Exact original row now exported by the actual CAEM engine; source unit/header caveats preserved. Original literal unit says million tons but source values e.g28453 and priced equations show scale needing owner validation; no implicit unit repair or cross-model conversion.,formula_calculated
ministry_caem,oil_plus10,original_CAEM_2024_actual_2025_forecast,source:Oil_and_gas_sector:row31,Condensate (marketable),million tons,annual,2029,2539.31400571667,run_calculated,scenario_forecast,CAEM.xlsb / native formula export,Oil_and_gas_sector,AL31,exact native source formula output; year header checked; original units unchanged,FR4,,"[""FR4""]",direct_original_output_atom,physical quantity; no price basis,true,ministry_caem:source:Oil_and_gas_sector:row31,Exact original row now exported by the actual CAEM engine; source unit/header caveats preserved. Original literal unit says million tons but source values e.g28453 and priced equations show scale needing owner validation; no implicit unit repair or cross-model conversion.,formula_calculated
ministry_caem,oil_plus10,original_CAEM_2024_actual_2025_forecast,source:Oil_and_gas_sector:row32,SOCAR,million tons,annual,2025,7735.471597429504,source_input,scenario_forecast,CAEM.xlsb / native formula export,Oil_and_gas_sector,AH32,exact native source formula output; year header checked; original units unchanged,FR4,,"[""FR4""]",direct_original_output_atom,physical quantity; no price basis,true,ministry_caem:source:Oil_and_gas_sector:row32,Exact original row now exported by the actual CAEM engine; source unit/header caveats preserved. Original literal unit says million tons but source values e.g28453 and priced equations show scale needing owner validation; no implicit unit repair or cross-model conversion.,original_literal
ministry_caem,oil_plus10,original_CAEM_2024_actual_2025_forecast,source:Oil_and_gas_sector:row32,SOCAR,million tons,annual,2026,7569.1990000000005,source_input,scenario_forecast,CAEM.xlsb / native formula export,Oil_and_gas_sector,AI32,exact native source formula output; year header checked; original units unchanged,FR4,,"[""FR4""]",direct_original_output_atom,physical quantity; no price basis,true,ministry_caem:source:Oil_and_gas_sector:row32,Exact original row now exported by the actual CAEM engine; source unit/header caveats preserved. Original literal unit says million tons but source values e.g28453 and priced equations show scale needing owner validation; no implicit unit repair or cross-model conversion.,original_literal
ministry_caem,oil_plus10,original_CAEM_2024_actual_2025_forecast,source:Oil_and_gas_sector:row32,SOCAR,million tons,annual,2027,7401.313948,source_input,scenario_forecast,CAEM.xlsb / native formula export,Oil_and_gas_sector,AJ32,exact native source formula output; year header checked; original units unchanged,FR4,,"[""FR4""]",direct_original_output_atom,physical quantity; no price basis,true,ministry_caem:source:Oil_and_gas_sector:row32,Exact original row now exported by the actual CAEM engine; source unit/header caveats preserved. Original literal unit says million tons but source values e.g28453 and priced equations show scale needing owner validation; no implicit unit repair or cross-model conversion.,original_literal
ministry_caem,oil_plus10,original_CAEM_2024_actual_2025_forecast,source:Oil_and_gas_sector:row32,SOCAR,million tons,annual,2028,7384.931728,source_input,scenario_forecast,CAEM.xlsb / native formula export,Oil_and_gas_sector,AK32,exact native source formula output; year header checked; original units unchanged,FR4,,"[""FR4""]",direct_original_output_atom,physical quantity; no price basis,true,ministry_caem:source:Oil_and_gas_sector:row32,Exact original row now exported by the actual CAEM engine; source unit/header caveats preserved. Original literal unit says million tons but source values e.g28453 and priced equations show scale needing owner validation; no implicit unit repair or cross-model conversion.,original_literal
ministry_caem,oil_plus10,original_CAEM_2024_actual_2025_forecast,source:Oil_and_gas_sector:row32,SOCAR,million tons,annual,2029,8814.521936000001,source_input,scenario_forecast,CAEM.xlsb / native formula export,Oil_and_gas_sector,AL32,exact native source formula output; year header checked; original units unchanged,FR4,,"[""FR4""]",direct_original_output_atom,physical quantity; no price basis,true,ministry_caem:source:Oil_and_gas_sector:row32,Exact original row now exported by the actual CAEM engine; source unit/header caveats preserved. Original literal unit says million tons but source values e.g28453 and priced equations show scale needing owner validation; no implicit unit repair or cross-model conversion.,original_literal
ministry_caem,oil_plus10,original_CAEM_2024_actual_2025_forecast,source:Oil_and_gas_sector:row33,SOCAR (marketable),million tons,annual,2025,7759.962597429504,source_input,scenario_forecast,CAEM.xlsb / native formula export,Oil_and_gas_sector,AH33,exact native source formula output; year header checked; original units unchanged,FR4,,"[""FR4""]",direct_original_output_atom,physical quantity; no price basis,true,ministry_caem:source:Oil_and_gas_sector:row33,Exact original row now exported by the actual CAEM engine; source unit/header caveats preserved. Original literal unit says million tons but source values e.g28453 and priced equations show scale needing owner validation; no implicit unit repair or cross-model conversion.,original_literal
ministry_caem,oil_plus10,original_CAEM_2024_actual_2025_forecast,source:Oil_and_gas_sector:row33,SOCAR (marketable),million tons,annual,2026,7517.308999999999,source_input,scenario_forecast,CAEM.xlsb / native formula export,Oil_and_gas_sector,AI33,exact native source formula output; year header checked; original units unchanged,FR4,,"[""FR4""]",direct_original_output_atom,physical quantity; no price basis,true,ministry_caem:source:Oil_and_gas_sector:row33,Exact original row now exported by the actual CAEM engine; source unit/header caveats preserved. Original literal unit says million tons but source values e.g28453 and priced equations show scale needing owner validation; no implicit unit repair or cross-model conversion.,original_literal
ministry_caem,oil_plus10,original_CAEM_2024_actual_2025_forecast,source:Oil_and_gas_sector:row33,SOCAR (marketable),million tons,annual,2027,7350.027948,source_input,scenario_forecast,CAEM.xlsb / native formula export,Oil_and_gas_sector,AJ33,exact native source formula output; year header checked; original units unchanged,FR4,,"[""FR4""]",direct_original_output_atom,physical quantity; no price basis,true,ministry_caem:source:Oil_and_gas_sector:row33,Exact original row now exported by the actual CAEM engine; source unit/header caveats preserved. Original literal unit says million tons but source values e.g28453 and priced equations show scale needing owner validation; no implicit unit repair or cross-model conversion.,original_literal
ministry_caem,oil_plus10,original_CAEM_2024_actual_2025_forecast,source:Oil_and_gas_sector:row33,SOCAR (marketable),million tons,annual,2028,7333.367727999999,source_input,scenario_forecast,CAEM.xlsb / native formula export,Oil_and_gas_sector,AK33,exact native source formula output; year header checked; original units unchanged,FR4,,"[""FR4""]",direct_original_output_atom,physical quantity; no price basis,true,ministry_caem:source:Oil_and_gas_sector:row33,Exact original row now exported by the actual CAEM engine; source unit/header caveats preserved. Original literal unit says million tons but source values e.g28453 and priced equations show scale needing owner validation; no implicit unit repair or cross-model conversion.,original_literal
ministry_caem,oil_plus10,original_CAEM_2024_actual_2025_forecast,source:Oil_and_gas_sector:row33,SOCAR (marketable),million tons,annual,2029,8762.569936,source_input,scenario_forecast,CAEM.xlsb / native formula export,Oil_and_gas_sector,AL33,exact native source formula output; year header checked; original units unchanged,FR4,,"[""FR4""]",direct_original_output_atom,physical quantity; no price basis,true,ministry_caem:source:Oil_and_gas_sector:row33,Exact original row now exported by the actual CAEM engine; source unit/header caveats preserved. Original literal unit says million tons but source values e.g28453 and priced equations show scale needing owner validation; no implicit unit repair or cross-model conversion.,original_literal
ministry_caem,oil_plus10,original_CAEM_2024_actual_2025_forecast,source:Oil_and_gas_sector:row34,Oil-derived products,million tons,annual,2025,5944.858000000002,source_input,scenario_forecast,CAEM.xlsb / native formula export,Oil_and_gas_sector,AH34,exact native source formula output; year header checked; original units unchanged,FR4,,"[""FR4""]",direct_original_output_atom,physical quantity; no price basis,true,ministry_caem:source:Oil_and_gas_sector:row34,Exact original row now exported by the actual CAEM engine; source unit/header caveats preserved. Original literal unit says million tons but source values e.g28453 and priced equations show scale needing owner validation; no implicit unit repair or cross-model conversion.,original_literal
ministry_caem,oil_plus10,original_CAEM_2024_actual_2025_forecast,source:Oil_and_gas_sector:row34,Oil-derived products,million tons,annual,2026,5610.676,source_input,scenario_forecast,CAEM.xlsb / native formula export,Oil_and_gas_sector,AI34,exact native source formula output; year header checked; original units unchanged,FR4,,"[""FR4""]",direct_original_output_atom,physical quantity; no price basis,true,ministry_caem:source:Oil_and_gas_sector:row34,Exact original row now exported by the actual CAEM engine; source unit/header caveats preserved. Original literal unit says million tons but source values e.g28453 and priced equations show scale needing owner validation; no implicit unit repair or cross-model conversion.,original_literal
ministry_caem,oil_plus10,original_CAEM_2024_actual_2025_forecast,source:Oil_and_gas_sector:row34,Oil-derived products,million tons,annual,2027,6093.044999999999,source_input,scenario_forecast,CAEM.xlsb / native formula export,Oil_and_gas_sector,AJ34,exact native source formula output; year header checked; original units unchanged,FR4,,"[""FR4""]",direct_original_output_atom,physical quantity; no price basis,true,ministry_caem:source:Oil_and_gas_sector:row34,Exact original row now exported by the actual CAEM engine; source unit/header caveats preserved. Original literal unit says million tons but source values e.g28453 and priced equations show scale needing owner validation; no implicit unit repair or cross-model conversion.,original_literal
ministry_caem,oil_plus10,original_CAEM_2024_actual_2025_forecast,source:Oil_and_gas_sector:row34,Oil-derived products,million tons,annual,2028,5610.676,source_input,scenario_forecast,CAEM.xlsb / native formula export,Oil_and_gas_sector,AK34,exact native source formula output; year header checked; original units unchanged,FR4,,"[""FR4""]",direct_original_output_atom,physical quantity; no price basis,true,ministry_caem:source:Oil_and_gas_sector:row34,Exact original row now exported by the actual CAEM engine; source unit/header caveats preserved. Original literal unit says million tons but source values e.g28453 and priced equations show scale needing owner validation; no implicit unit repair or cross-model conversion.,original_literal
ministry_caem,oil_plus10,original_CAEM_2024_actual_2025_forecast,source:Oil_and_gas_sector:row34,Oil-derived products,million tons,annual,2029,6093.044999999999,source_input,scenario_forecast,CAEM.xlsb / native formula export,Oil_and_gas_sector,AL34,exact native source formula output; year header checked; original units unchanged,FR4,,"[""FR4""]",direct_original_output_atom,physical quantity; no price basis,true,ministry_caem:source:Oil_and_gas_sector:row34,Exact original row now exported by the actual CAEM engine; source unit/header caveats preserved. Original literal unit says million tons but source values e.g28453 and priced equations show scale needing owner validation; no implicit unit repair or cross-model conversion.,original_literal
ministry_caem,oil_plus10,original_CAEM_2024_actual_2025_forecast,source:Oil_and_gas_sector:row35,Domestic consumption,million tons,annual,2025,5338.769000000002,run_calculated,scenario_forecast,CAEM.xlsb / native formula export,Oil_and_gas_sector,AH35,exact native source formula output; year header checked; original units unchanged,FR4,,"[""FR4""]",direct_original_output_atom,physical quantity; no price basis,true,ministry_caem:source:Oil_and_gas_sector:row35,Exact original row now exported by the actual CAEM engine; source unit/header caveats preserved. Original literal unit says million tons but source values e.g28453 and priced equations show scale needing owner validation; no implicit unit repair or cross-model conversion.,formula_calculated
ministry_caem,oil_plus10,original_CAEM_2024_actual_2025_forecast,source:Oil_and_gas_sector:row35,Domestic consumption,million tons,annual,2026,4922.142000000001,run_calculated,scenario_forecast,CAEM.xlsb / native formula export,Oil_and_gas_sector,AI35,exact native source formula output; year header checked; original units unchanged,FR4,,"[""FR4""]",direct_original_output_atom,physical quantity; no price basis,true,ministry_caem:source:Oil_and_gas_sector:row35,Exact original row now exported by the actual CAEM engine; source unit/header caveats preserved. Original literal unit says million tons but source values e.g28453 and priced equations show scale needing owner validation; no implicit unit repair or cross-model conversion.,formula_calculated
ministry_caem,oil_plus10,original_CAEM_2024_actual_2025_forecast,source:Oil_and_gas_sector:row35,Domestic consumption,million tons,annual,2027,5376.98,run_calculated,scenario_forecast,CAEM.xlsb / native formula export,Oil_and_gas_sector,AJ35,exact native source formula output; year header checked; original units unchanged,FR4,,"[""FR4""]",direct_original_output_atom,physical quantity; no price basis,true,ministry_caem:source:Oil_and_gas_sector:row35,Exact original row now exported by the actual CAEM engine; source unit/header caveats preserved. Original literal unit says million tons but source values e.g28453 and priced equations show scale needing owner validation; no implicit unit repair or cross-model conversion.,formula_calculated
ministry_caem,oil_plus10,original_CAEM_2024_actual_2025_forecast,source:Oil_and_gas_sector:row35,Domestic consumption,million tons,annual,2028,5003.023,run_calculated,scenario_forecast,CAEM.xlsb / native formula export,Oil_and_gas_sector,AK35,exact native source formula output; year header checked; original units unchanged,FR4,,"[""FR4""]",direct_original_output_atom,physical quantity; no price basis,true,ministry_caem:source:Oil_and_gas_sector:row35,Exact original row now exported by the actual CAEM engine; source unit/header caveats preserved. Original literal unit says million tons but source values e.g28453 and priced equations show scale needing owner validation; no implicit unit repair or cross-model conversion.,formula_calculated
ministry_caem,oil_plus10,original_CAEM_2024_actual_2025_forecast,source:Oil_and_gas_sector:row35,Domestic consumption,million tons,annual,2029,5465.066999999999,run_calculated,scenario_forecast,CAEM.xlsb / native formula export,Oil_and_gas_sector,AL35,exact native source formula output; year header checked; original units unchanged,FR4,,"[""FR4""]",direct_original_output_atom,physical quantity; no price basis,true,ministry_caem:source:Oil_and_gas_sector:row35,Exact original row now exported by the actual CAEM engine; source unit/header caveats preserved. Original literal unit says million tons but source values e.g28453 and priced equations show scale needing owner validation; no implicit unit repair or cross-model conversion.,formula_calculated
ministry_caem,oil_plus10,original_CAEM_2024_actual_2025_forecast,source:Oil_and_gas_sector:row36,Exports,million tons,annual,2025,606.089,source_input,scenario_forecast,CAEM.xlsb / native formula export,Oil_and_gas_sector,AH36,exact native source formula output; year header checked; original units unchanged,FR4,,"[""FR4""]",direct_original_output_atom,physical quantity; no price basis,true,ministry_caem:source:Oil_and_gas_sector:row36,Exact original row now exported by the actual CAEM engine; source unit/header caveats preserved. Original literal unit says million tons but source values e.g28453 and priced equations show scale needing owner validation; no implicit unit repair or cross-model conversion.,original_literal
ministry_caem,oil_plus10,original_CAEM_2024_actual_2025_forecast,source:Oil_and_gas_sector:row36,Exports,million tons,annual,2026,688.534,source_input,scenario_forecast,CAEM.xlsb / native formula export,Oil_and_gas_sector,AI36,exact native source formula output; year header checked; original units unchanged,FR4,,"[""FR4""]",direct_original_output_atom,physical quantity; no price basis,true,ministry_caem:source:Oil_and_gas_sector:row36,Exact original row now exported by the actual CAEM engine; source unit/header caveats preserved. Original literal unit says million tons but source values e.g28453 and priced equations show scale needing owner validation; no implicit unit repair or cross-model conversion.,original_literal
ministry_caem,oil_plus10,original_CAEM_2024_actual_2025_forecast,source:Oil_and_gas_sector:row36,Exports,million tons,annual,2027,716.0649999999999,source_input,scenario_forecast,CAEM.xlsb / native formula export,Oil_and_gas_sector,AJ36,exact native source formula output; year header checked; original units unchanged,FR4,,"[""FR4""]",direct_original_output_atom,physical quantity; no price basis,true,ministry_caem:source:Oil_and_gas_sector:row36,Exact original row now exported by the actual CAEM engine; source unit/header caveats preserved. Original literal unit says million tons but source values e.g28453 and priced equations show scale needing owner validation; no implicit unit repair or cross-model conversion.,original_literal
ministry_caem,oil_plus10,original_CAEM_2024_actual_2025_forecast,source:Oil_and_gas_sector:row36,Exports,million tons,annual,2028,607.6529999999999,source_input,scenario_forecast,CAEM.xlsb / native formula export,Oil_and_gas_sector,AK36,exact native source formula output; year header checked; original units unchanged,FR4,,"[""FR4""]",direct_original_output_atom,physical quantity; no price basis,true,ministry_caem:source:Oil_and_gas_sector:row36,Exact original row now exported by the actual CAEM engine; source unit/header caveats preserved. Original literal unit says million tons but source values e.g28453 and priced equations show scale needing owner validation; no implicit unit repair or cross-model conversion.,original_literal
ministry_caem,oil_plus10,original_CAEM_2024_actual_2025_forecast,source:Oil_and_gas_sector:row36,Exports,million tons,annual,2029,627.978,source_input,scenario_forecast,CAEM.xlsb / native formula export,Oil_and_gas_sector,AL36,exact native source formula output; year header checked; original units unchanged,FR4,,"[""FR4""]",direct_original_output_atom,physical quantity; no price basis,true,ministry_caem:source:Oil_and_gas_sector:row36,Exact original row now exported by the actual CAEM engine; source unit/header caveats preserved. Original literal unit says million tons but source values e.g28453 and priced equations show scale needing owner validation; no implicit unit repair or cross-model conversion.,original_literal
ministry_caem,oil_plus10,original_CAEM_2024_actual_2025_forecast,source:Oil_and_gas_sector:row37,Gas production,million m3,annual,2025,38644.05050658158,run_calculated,scenario_forecast,CAEM.xlsb / native formula export,Oil_and_gas_sector,AH37,exact native source formula output; year header checked; original units unchanged,FR4,,"[""FR4""]",direct_original_output_atom,physical quantity; no price basis,false,ministry_caem:source:Oil_and_gas_sector:row37,Exact original row now exported by the actual CAEM engine; source unit/header caveats preserved.,formula_calculated
ministry_caem,oil_plus10,original_CAEM_2024_actual_2025_forecast,source:Oil_and_gas_sector:row37,Gas production,million m3,annual,2026,38008.428814068335,run_calculated,scenario_forecast,CAEM.xlsb / native formula export,Oil_and_gas_sector,AI37,exact native source formula output; year header checked; original units unchanged,FR4,,"[""FR4""]",direct_original_output_atom,physical quantity; no price basis,false,ministry_caem:source:Oil_and_gas_sector:row37,Exact original row now exported by the actual CAEM engine; source unit/header caveats preserved.,formula_calculated
ministry_caem,oil_plus10,original_CAEM_2024_actual_2025_forecast,source:Oil_and_gas_sector:row37,Gas production,million m3,annual,2027,36657.64645469919,run_calculated,scenario_forecast,CAEM.xlsb / native formula export,Oil_and_gas_sector,AJ37,exact native source formula output; year header checked; original units unchanged,FR4,,"[""FR4""]",direct_original_output_atom,physical quantity; no price basis,false,ministry_caem:source:Oil_and_gas_sector:row37,Exact original row now exported by the actual CAEM engine; source unit/header caveats preserved.,formula_calculated
ministry_caem,oil_plus10,original_CAEM_2024_actual_2025_forecast,source:Oil_and_gas_sector:row37,Gas production,million m3,annual,2028,34533.24754506972,run_calculated,scenario_forecast,CAEM.xlsb / native formula export,Oil_and_gas_sector,AK37,exact native source formula output; year header checked; original units unchanged,FR4,,"[""FR4""]",direct_original_output_atom,physical quantity; no price basis,false,ministry_caem:source:Oil_and_gas_sector:row37,Exact original row now exported by the actual CAEM engine; source unit/header caveats preserved.,formula_calculated
ministry_caem,oil_plus10,original_CAEM_2024_actual_2025_forecast,source:Oil_and_gas_sector:row37,Gas production,million m3,annual,2029,36984.91816349616,run_calculated,scenario_forecast,CAEM.xlsb / native formula export,Oil_and_gas_sector,AL37,exact native source formula output; year header checked; original units unchanged,FR4,,"[""FR4""]",direct_original_output_atom,physical quantity; no price basis,false,ministry_caem:source:Oil_and_gas_sector:row37,Exact original row now exported by the actual CAEM engine; source unit/header caveats preserved.,formula_calculated
ministry_caem,oil_plus10,original_CAEM_2024_actual_2025_forecast,source:Oil_and_gas_sector:row38,Domestic consumption,million m3,annual,2025,13506.311928932566,source_input,scenario_forecast,CAEM.xlsb / native formula export,Oil_and_gas_sector,AH38,exact native source formula output; year header checked; original units unchanged,FR4,,"[""FR4""]",direct_original_output_atom,physical quantity; no price basis,false,ministry_caem:source:Oil_and_gas_sector:row38,Exact original row now exported by the actual CAEM engine; source unit/header caveats preserved.,original_literal
ministry_caem,oil_plus10,original_CAEM_2024_actual_2025_forecast,source:Oil_and_gas_sector:row38,Domestic consumption,million m3,annual,2026,13709.24404640584,source_input,scenario_forecast,CAEM.xlsb / native formula export,Oil_and_gas_sector,AI38,exact native source formula output; year header checked; original units unchanged,FR4,,"[""FR4""]",direct_original_output_atom,physical quantity; no price basis,false,ministry_caem:source:Oil_and_gas_sector:row38,Exact original row now exported by the actual CAEM engine; source unit/header caveats preserved.,original_literal
ministry_caem,oil_plus10,original_CAEM_2024_actual_2025_forecast,source:Oil_and_gas_sector:row38,Domestic consumption,million m3,annual,2027,12987.02824439829,source_input,scenario_forecast,CAEM.xlsb / native formula export,Oil_and_gas_sector,AJ38,exact native source formula output; year header checked; original units unchanged,FR4,,"[""FR4""]",direct_original_output_atom,physical quantity; no price basis,false,ministry_caem:source:Oil_and_gas_sector:row38,Exact original row now exported by the actual CAEM engine; source unit/header caveats preserved.,original_literal
ministry_caem,oil_plus10,original_CAEM_2024_actual_2025_forecast,source:Oil_and_gas_sector:row38,Domestic consumption,million m3,annual,2028,12757.073554761722,source_input,scenario_forecast,CAEM.xlsb / native formula export,Oil_and_gas_sector,AK38,exact native source formula output; year header checked; original units unchanged,FR4,,"[""FR4""]",direct_original_output_atom,physical quantity; no price basis,false,ministry_caem:source:Oil_and_gas_sector:row38,Exact original row now exported by the actual CAEM engine; source unit/header caveats preserved.,original_literal
ministry_caem,oil_plus10,original_CAEM_2024_actual_2025_forecast,source:Oil_and_gas_sector:row38,Domestic consumption,million m3,annual,2029,15208.472348838153,source_input,scenario_forecast,CAEM.xlsb / native formula export,Oil_and_gas_sector,AL38,exact native source formula output; year header checked; original units unchanged,FR4,,"[""FR4""]",direct_original_output_atom,physical quantity; no price basis,false,ministry_caem:source:Oil_and_gas_sector:row38,Exact original row now exported by the actual CAEM engine; source unit/header caveats preserved.,original_literal
ministry_caem,oil_plus10,original_CAEM_2024_actual_2025_forecast,source:Oil_and_gas_sector:row39,Exports,million m3,annual,2025,25137.738577649015,source_input,scenario_forecast,CAEM.xlsb / native formula export,Oil_and_gas_sector,AH39,exact native source formula output; year header checked; original units unchanged,FR4,,"[""FR4""]",direct_original_output_atom,physical quantity; no price basis,false,ministry_caem:source:Oil_and_gas_sector:row39,Exact original row now exported by the actual CAEM engine; source unit/header caveats preserved.,original_literal
ministry_caem,oil_plus10,original_CAEM_2024_actual_2025_forecast,source:Oil_and_gas_sector:row39,Exports,million m3,annual,2026,24299.1847676625,source_input,scenario_forecast,CAEM.xlsb / native formula export,Oil_and_gas_sector,AI39,exact native source formula output; year header checked; original units unchanged,FR4,,"[""FR4""]",direct_original_output_atom,physical quantity; no price basis,false,ministry_caem:source:Oil_and_gas_sector:row39,Exact original row now exported by the actual CAEM engine; source unit/header caveats preserved.,original_literal
ministry_caem,oil_plus10,original_CAEM_2024_actual_2025_forecast,source:Oil_and_gas_sector:row39,Exports,million m3,annual,2027,23670.6182103009,source_input,scenario_forecast,CAEM.xlsb / native formula export,Oil_and_gas_sector,AJ39,exact native source formula output; year header checked; original units unchanged,FR4,,"[""FR4""]",direct_original_output_atom,physical quantity; no price basis,false,ministry_caem:source:Oil_and_gas_sector:row39,Exact original row now exported by the actual CAEM engine; source unit/header caveats preserved.,original_literal
ministry_caem,oil_plus10,original_CAEM_2024_actual_2025_forecast,source:Oil_and_gas_sector:row39,Exports,million m3,annual,2028,21776.173990308,source_input,scenario_forecast,CAEM.xlsb / native formula export,Oil_and_gas_sector,AK39,exact native source formula output; year header checked; original units unchanged,FR4,,"[""FR4""]",direct_original_output_atom,physical quantity; no price basis,false,ministry_caem:source:Oil_and_gas_sector:row39,Exact original row now exported by the actual CAEM engine; source unit/header caveats preserved.,original_literal
ministry_caem,oil_plus10,original_CAEM_2024_actual_2025_forecast,source:Oil_and_gas_sector:row39,Exports,million m3,annual,2029,21776.445814658004,source_input,scenario_forecast,CAEM.xlsb / native formula export,Oil_and_gas_sector,AL39,exact native source formula output; year header checked; original units unchanged,FR4,,"[""FR4""]",direct_original_output_atom,physical quantity; no price basis,false,ministry_caem:source:Oil_and_gas_sector:row39,Exact original row now exported by the actual CAEM engine; source unit/header caveats preserved.,original_literal
ministry_caem,oil_plus10,original_CAEM_2024_actual_2025_forecast,source:Oil_and_gas_sector:row40,Losses,million m3,annual,2025,884.8188669999984,source_input,scenario_forecast,CAEM.xlsb / native formula export,Oil_and_gas_sector,AH40,exact native source formula output; year header checked; original units unchanged,FR4,,"[""FR4""]",direct_original_output_atom,physical quantity; no price basis,false,ministry_caem:source:Oil_and_gas_sector:row40,Exact original row now exported by the actual CAEM engine; source unit/header caveats preserved.,original_literal
ministry_caem,oil_plus10,original_CAEM_2024_actual_2025_forecast,source:Oil_and_gas_sector:row40,Losses,million m3,annual,2026,852.2450000000005,source_input,scenario_forecast,CAEM.xlsb / native formula export,Oil_and_gas_sector,AI40,exact native source formula output; year header checked; original units unchanged,FR4,,"[""FR4""]",direct_original_output_atom,physical quantity; no price basis,false,ministry_caem:source:Oil_and_gas_sector:row40,Exact original row now exported by the actual CAEM engine; source unit/header caveats preserved.,original_literal
ministry_caem,oil_plus10,original_CAEM_2024_actual_2025_forecast,source:Oil_and_gas_sector:row40,Losses,million m3,annual,2027,858.433,source_input,scenario_forecast,CAEM.xlsb / native formula export,Oil_and_gas_sector,AJ40,exact native source formula output; year header checked; original units unchanged,FR4,,"[""FR4""]",direct_original_output_atom,physical quantity; no price basis,false,ministry_caem:source:Oil_and_gas_sector:row40,Exact original row now exported by the actual CAEM engine; source unit/header caveats preserved.,original_literal
ministry_caem,oil_plus10,original_CAEM_2024_actual_2025_forecast,source:Oil_and_gas_sector:row40,Losses,million m3,annual,2028,861.1099999999997,source_input,scenario_forecast,CAEM.xlsb / native formula export,Oil_and_gas_sector,AK40,exact native source formula output; year header checked; original units unchanged,FR4,,"[""FR4""]",direct_original_output_atom,physical quantity; no price basis,false,ministry_caem:source:Oil_and_gas_sector:row40,Exact original row now exported by the actual CAEM engine; source unit/header caveats preserved.,original_literal
ministry_caem,oil_plus10,original_CAEM_2024_actual_2025_forecast,source:Oil_and_gas_sector:row40,Losses,million m3,annual,2029,936.4660000000001,source_input,scenario_forecast,CAEM.xlsb / native formula export,Oil_and_gas_sector,AL40,exact native source formula output; year header checked; original units unchanged,FR4,,"[""FR4""]",direct_original_output_atom,physical quantity; no price basis,false,ministry_caem:source:Oil_and_gas_sector:row40,Exact original row now exported by the actual CAEM engine; source unit/header caveats preserved.,original_literal
ministry_caem,oil_plus10,original_CAEM_2024_actual_2025_forecast,source:Oil_and_gas_sector:row41,ACG associated gas,million m3,annual,2025,2798.60674654248,source_input,scenario_forecast,CAEM.xlsb / native formula export,Oil_and_gas_sector,AH41,exact native source formula output; year header checked; original units unchanged,FR4,,"[""FR4""]",direct_original_output_atom,physical quantity; no price basis,false,ministry_caem:source:Oil_and_gas_sector:row41,Exact original row now exported by the actual CAEM engine; source unit/header caveats preserved.,original_literal
ministry_caem,oil_plus10,original_CAEM_2024_actual_2025_forecast,source:Oil_and_gas_sector:row41,ACG associated gas,million m3,annual,2026,2837.5469999999996,source_input,scenario_forecast,CAEM.xlsb / native formula export,Oil_and_gas_sector,AI41,exact native source formula output; year header checked; original units unchanged,FR4,,"[""FR4""]",direct_original_output_atom,physical quantity; no price basis,false,ministry_caem:source:Oil_and_gas_sector:row41,Exact original row now exported by the actual CAEM engine; source unit/header caveats preserved.,original_literal
ministry_caem,oil_plus10,original_CAEM_2024_actual_2025_forecast,source:Oil_and_gas_sector:row41,ACG associated gas,million m3,annual,2027,1787.605776721507,source_input,scenario_forecast,CAEM.xlsb / native formula export,Oil_and_gas_sector,AJ41,exact native source formula output; year header checked; original units unchanged,FR4,,"[""FR4""]",direct_original_output_atom,physical quantity; no price basis,false,ministry_caem:source:Oil_and_gas_sector:row41,Exact original row now exported by the actual CAEM engine; source unit/header caveats preserved.,original_literal
ministry_caem,oil_plus10,original_CAEM_2024_actual_2025_forecast,source:Oil_and_gas_sector:row41,ACG associated gas,million m3,annual,2028,1613.6386609748834,source_input,scenario_forecast,CAEM.xlsb / native formula export,Oil_and_gas_sector,AK41,exact native source formula output; year header checked; original units unchanged,FR4,,"[""FR4""]",direct_original_output_atom,physical quantity; no price basis,false,ministry_caem:source:Oil_and_gas_sector:row41,Exact original row now exported by the actual CAEM engine; source unit/header caveats preserved.,original_literal
ministry_caem,oil_plus10,original_CAEM_2024_actual_2025_forecast,source:Oil_and_gas_sector:row41,ACG associated gas,million m3,annual,2029,1447.8410227682966,source_input,scenario_forecast,CAEM.xlsb / native formula export,Oil_and_gas_sector,AL41,exact native source formula output; year header checked; original units unchanged,FR4,,"[""FR4""]",direct_original_output_atom,physical quantity; no price basis,false,ministry_caem:source:Oil_and_gas_sector:row41,Exact original row now exported by the actual CAEM engine; source unit/header caveats preserved.,original_literal
ministry_caem,oil_plus10,original_CAEM_2024_actual_2025_forecast,source:Oil_and_gas_sector:row42,ACG dərin qaz layihəsi ixrac,million m3,annual,2025,70.0,source_input,scenario_forecast,CAEM.xlsb / native formula export,Oil_and_gas_sector,AH42,exact native source formula output; year header checked; original units unchanged,FR4,,"[""FR4""]",direct_original_output_atom,physical quantity; no price basis,false,ministry_caem:source:Oil_and_gas_sector:row42,Exact original row now exported by the actual CAEM engine; source unit/header caveats preserved.,original_literal
ministry_caem,oil_plus10,original_CAEM_2024_actual_2025_forecast,source:Oil_and_gas_sector:row42,ACG dərin qaz layihəsi ixrac,million m3,annual,2026,500.0,source_input,scenario_forecast,CAEM.xlsb / native formula export,Oil_and_gas_sector,AI42,exact native source formula output; year header checked; original units unchanged,FR4,,"[""FR4""]",direct_original_output_atom,physical quantity; no price basis,false,ministry_caem:source:Oil_and_gas_sector:row42,Exact original row now exported by the actual CAEM engine; source unit/header caveats preserved.,original_literal
ministry_caem,oil_plus10,original_CAEM_2024_actual_2025_forecast,source:Oil_and_gas_sector:row42,ACG dərin qaz layihəsi ixrac,million m3,annual,2027,400.0,source_input,scenario_forecast,CAEM.xlsb / native formula export,Oil_and_gas_sector,AJ42,exact native source formula output; year header checked; original units unchanged,FR4,,"[""FR4""]",direct_original_output_atom,physical quantity; no price basis,false,ministry_caem:source:Oil_and_gas_sector:row42,Exact original row now exported by the actual CAEM engine; source unit/header caveats preserved.,original_literal
ministry_caem,oil_plus10,original_CAEM_2024_actual_2025_forecast,source:Oil_and_gas_sector:row42,ACG dərin qaz layihəsi ixrac,million m3,annual,2028,400.0,source_input,scenario_forecast,CAEM.xlsb / native formula export,Oil_and_gas_sector,AK42,exact native source formula output; year header checked; original units unchanged,FR4,,"[""FR4""]",direct_original_output_atom,physical quantity; no price basis,false,ministry_caem:source:Oil_and_gas_sector:row42,Exact original row now exported by the actual CAEM engine; source unit/header caveats preserved.,original_literal
ministry_caem,oil_plus10,original_CAEM_2024_actual_2025_forecast,source:Oil_and_gas_sector:row42,ACG dərin qaz layihəsi ixrac,million m3,annual,2029,400.0,source_input,scenario_forecast,CAEM.xlsb / native formula export,Oil_and_gas_sector,AL42,exact native source formula output; year header checked; original units unchanged,FR4,,"[""FR4""]",direct_original_output_atom,physical quantity; no price basis,false,ministry_caem:source:Oil_and_gas_sector:row42,Exact original row now exported by the actual CAEM engine; source unit/header caveats preserved.,original_literal
ministry_caem,oil_plus10,original_CAEM_2024_actual_2025_forecast,source:Oil_and_gas_sector:row43,Shah Deniz,million m3,annual,2025,27189.6089480391,source_input,scenario_forecast,CAEM.xlsb / native formula export,Oil_and_gas_sector,AH43,exact native source formula output; year header checked; original units unchanged,FR4,,"[""FR4""]",direct_original_output_atom,physical quantity; no price basis,false,ministry_caem:source:Oil_and_gas_sector:row43,Exact original row now exported by the actual CAEM engine; source unit/header caveats preserved.,original_literal
ministry_caem,oil_plus10,original_CAEM_2024_actual_2025_forecast,source:Oil_and_gas_sector:row43,Shah Deniz,million m3,annual,2026,26854.4067676625,source_input,scenario_forecast,CAEM.xlsb / native formula export,Oil_and_gas_sector,AI43,exact native source formula output; year header checked; original units unchanged,FR4,,"[""FR4""]",direct_original_output_atom,physical quantity; no price basis,false,ministry_caem:source:Oil_and_gas_sector:row43,Exact original row now exported by the actual CAEM engine; source unit/header caveats preserved.,original_literal
ministry_caem,oil_plus10,original_CAEM_2024_actual_2025_forecast,source:Oil_and_gas_sector:row43,Shah Deniz,million m3,annual,2027,26633.6182103009,source_input,scenario_forecast,CAEM.xlsb / native formula export,Oil_and_gas_sector,AJ43,exact native source formula output; year header checked; original units unchanged,FR4,,"[""FR4""]",direct_original_output_atom,physical quantity; no price basis,false,ministry_caem:source:Oil_and_gas_sector:row43,Exact original row now exported by the actual CAEM engine; source unit/header caveats preserved.,original_literal
ministry_caem,oil_plus10,original_CAEM_2024_actual_2025_forecast,source:Oil_and_gas_sector:row43,Shah Deniz,million m3,annual,2028,24253.673990308,source_input,scenario_forecast,CAEM.xlsb / native formula export,Oil_and_gas_sector,AK43,exact native source formula output; year header checked; original units unchanged,FR4,,"[""FR4""]",direct_original_output_atom,physical quantity; no price basis,false,ministry_caem:source:Oil_and_gas_sector:row43,Exact original row now exported by the actual CAEM engine; source unit/header caveats preserved.,original_literal
ministry_caem,oil_plus10,original_CAEM_2024_actual_2025_forecast,source:Oil_and_gas_sector:row43,Shah Deniz,million m3,annual,2029,21582.927814658,source_input,scenario_forecast,CAEM.xlsb / native formula export,Oil_and_gas_sector,AL43,exact native source formula output; year header checked; original units unchanged,FR4,,"[""FR4""]",direct_original_output_atom,physical quantity; no price basis,false,ministry_caem:source:Oil_and_gas_sector:row43,Exact original row now exported by the actual CAEM engine; source unit/header caveats preserved.,original_literal
ministry_caem,oil_plus10,original_CAEM_2024_actual_2025_forecast,source:Oil_and_gas_sector:row44,Azərbaycana verilən,million m3,annual,2025,4464.21037039008,source_input,scenario_forecast,CAEM.xlsb / native formula export,Oil_and_gas_sector,AH44,exact native source formula output; year header checked; original units unchanged,FR4,,"[""FR4""]",direct_original_output_atom,physical quantity; no price basis,false,ministry_caem:source:Oil_and_gas_sector:row44,Exact original row now exported by the actual CAEM engine; source unit/header caveats preserved.,original_literal
ministry_caem,oil_plus10,original_CAEM_2024_actual_2025_forecast,source:Oil_and_gas_sector:row44,Azərbaycana verilən,million m3,annual,2026,4483.0,source_input,scenario_forecast,CAEM.xlsb / native formula export,Oil_and_gas_sector,AI44,exact native source formula output; year header checked; original units unchanged,FR4,,"[""FR4""]",direct_original_output_atom,physical quantity; no price basis,false,ministry_caem:source:Oil_and_gas_sector:row44,Exact original row now exported by the actual CAEM engine; source unit/header caveats preserved.,original_literal
ministry_caem,oil_plus10,original_CAEM_2024_actual_2025_forecast,source:Oil_and_gas_sector:row44,Azərbaycana verilən,million m3,annual,2027,3980.0,source_input,scenario_forecast,CAEM.xlsb / native formula export,Oil_and_gas_sector,AJ44,exact native source formula output; year header checked; original units unchanged,FR4,,"[""FR4""]",direct_original_output_atom,physical quantity; no price basis,false,ministry_caem:source:Oil_and_gas_sector:row44,Exact original row now exported by the actual CAEM engine; source unit/header caveats preserved.,original_literal
ministry_caem,oil_plus10,original_CAEM_2024_actual_2025_forecast,source:Oil_and_gas_sector:row44,Azərbaycana verilən,million m3,annual,2028,3500.0,source_input,scenario_forecast,CAEM.xlsb / native formula export,Oil_and_gas_sector,AK44,exact native source formula output; year header checked; original units unchanged,FR4,,"[""FR4""]",direct_original_output_atom,physical quantity; no price basis,false,ministry_caem:source:Oil_and_gas_sector:row44,Exact original row now exported by the actual CAEM engine; source unit/header caveats preserved.,original_literal
ministry_caem,oil_plus10,original_CAEM_2024_actual_2025_forecast,source:Oil_and_gas_sector:row44,Azərbaycana verilən,million m3,annual,2029,3000.0,source_input,scenario_forecast,CAEM.xlsb / native formula export,Oil_and_gas_sector,AL44,exact native source formula output; year header checked; original units unchanged,FR4,,"[""FR4""]",direct_original_output_atom,physical quantity; no price basis,false,ministry_caem:source:Oil_and_gas_sector:row44,Exact original row now exported by the actual CAEM engine; source unit/header caveats preserved.,original_literal
ministry_caem,oil_plus10,original_CAEM_2024_actual_2025_forecast,source:Oil_and_gas_sector:row45,Future fields (PSAs),million m3,annual,2025,0.0,source_input,scenario_forecast,CAEM.xlsb / native formula export,Oil_and_gas_sector,AH45,exact native source formula output; year header checked; original units unchanged,FR4,,"[""FR4""]",direct_original_output_atom,physical quantity; no price basis,false,ministry_caem:source:Oil_and_gas_sector:row45,Exact original row now exported by the actual CAEM engine; source unit/header caveats preserved.,original_literal
ministry_caem,oil_plus10,original_CAEM_2024_actual_2025_forecast,source:Oil_and_gas_sector:row45,Future fields (PSAs),million m3,annual,2026,0.0,source_input,scenario_forecast,CAEM.xlsb / native formula export,Oil_and_gas_sector,AI45,exact native source formula output; year header checked; original units unchanged,FR4,,"[""FR4""]",direct_original_output_atom,physical quantity; no price basis,false,ministry_caem:source:Oil_and_gas_sector:row45,Exact original row now exported by the actual CAEM engine; source unit/header caveats preserved.,original_literal
ministry_caem,oil_plus10,original_CAEM_2024_actual_2025_forecast,source:Oil_and_gas_sector:row45,Future fields (PSAs),million m3,annual,2027,0.0,source_input,scenario_forecast,CAEM.xlsb / native formula export,Oil_and_gas_sector,AJ45,exact native source formula output; year header checked; original units unchanged,FR4,,"[""FR4""]",direct_original_output_atom,physical quantity; no price basis,false,ministry_caem:source:Oil_and_gas_sector:row45,Exact original row now exported by the actual CAEM engine; source unit/header caveats preserved.,original_literal
ministry_caem,oil_plus10,original_CAEM_2024_actual_2025_forecast,source:Oil_and_gas_sector:row45,Future fields (PSAs),million m3,annual,2028,0.0,source_input,scenario_forecast,CAEM.xlsb / native formula export,Oil_and_gas_sector,AK45,exact native source formula output; year header checked; original units unchanged,FR4,,"[""FR4""]",direct_original_output_atom,physical quantity; no price basis,false,ministry_caem:source:Oil_and_gas_sector:row45,Exact original row now exported by the actual CAEM engine; source unit/header caveats preserved.,original_literal
ministry_caem,oil_plus10,original_CAEM_2024_actual_2025_forecast,source:Oil_and_gas_sector:row45,Future fields (PSAs),million m3,annual,2029,0.0,source_input,scenario_forecast,CAEM.xlsb / native formula export,Oil_and_gas_sector,AL45,exact native source formula output; year header checked; original units unchanged,FR4,,"[""FR4""]",direct_original_output_atom,physical quantity; no price basis,false,ministry_caem:source:Oil_and_gas_sector:row45,Exact original row now exported by the actual CAEM engine; source unit/header caveats preserved.,original_literal
ministry_caem,oil_plus10,original_CAEM_2024_actual_2025_forecast,source:Oil_and_gas_sector:row46,SOCAR,million m3,annual,2025,9470.965359605458,source_input,scenario_forecast,CAEM.xlsb / native formula export,Oil_and_gas_sector,AH46,exact native source formula output; year header checked; original units unchanged,FR4,,"[""FR4""]",direct_original_output_atom,physical quantity; no price basis,false,ministry_caem:source:Oil_and_gas_sector:row46,Exact original row now exported by the actual CAEM engine; source unit/header caveats preserved.,original_literal
ministry_caem,oil_plus10,original_CAEM_2024_actual_2025_forecast,source:Oil_and_gas_sector:row46,SOCAR,million m3,annual,2026,8669.025046405839,source_input,scenario_forecast,CAEM.xlsb / native formula export,Oil_and_gas_sector,AI46,exact native source formula output; year header checked; original units unchanged,FR4,,"[""FR4""]",direct_original_output_atom,physical quantity; no price basis,false,ministry_caem:source:Oil_and_gas_sector:row46,Exact original row now exported by the actual CAEM engine; source unit/header caveats preserved.,original_literal
ministry_caem,oil_plus10,original_CAEM_2024_actual_2025_forecast,source:Oil_and_gas_sector:row46,SOCAR,million m3,annual,2027,8695.150467676785,source_input,scenario_forecast,CAEM.xlsb / native formula export,Oil_and_gas_sector,AJ46,exact native source formula output; year header checked; original units unchanged,FR4,,"[""FR4""]",direct_original_output_atom,physical quantity; no price basis,false,ministry_caem:source:Oil_and_gas_sector:row46,Exact original row now exported by the actual CAEM engine; source unit/header caveats preserved.,original_literal
ministry_caem,oil_plus10,original_CAEM_2024_actual_2025_forecast,source:Oil_and_gas_sector:row46,SOCAR,million m3,annual,2028,9127.33989378684,source_input,scenario_forecast,CAEM.xlsb / native formula export,Oil_and_gas_sector,AK46,exact native source formula output; year header checked; original units unchanged,FR4,,"[""FR4""]",direct_original_output_atom,physical quantity; no price basis,false,ministry_caem:source:Oil_and_gas_sector:row46,Exact original row now exported by the actual CAEM engine; source unit/header caveats preserved.,original_literal
ministry_caem,oil_plus10,original_CAEM_2024_actual_2025_forecast,source:Oil_and_gas_sector:row46,SOCAR,million m3,annual,2029,14491.26632606985,source_input,scenario_forecast,CAEM.xlsb / native formula export,Oil_and_gas_sector,AL46,exact native source formula output; year header checked; original units unchanged,FR4,,"[""FR4""]",direct_original_output_atom,physical quantity; no price basis,false,ministry_caem:source:Oil_and_gas_sector:row46,Exact original row now exported by the actual CAEM engine; source unit/header caveats preserved.,original_literal
ministry_caem,oil_plus10,original_CAEM_2024_actual_2025_forecast,source:Oil_and_gas_sector:row47,NQÇİ daxili,million m3,annual,2025,3077.8610000000017,source_input,scenario_forecast,CAEM.xlsb / native formula export,Oil_and_gas_sector,AH47,exact native source formula output; year header checked; original units unchanged,FR4,,"[""FR4""]",direct_original_output_atom,physical quantity; no price basis,false,ministry_caem:source:Oil_and_gas_sector:row47,Exact original row now exported by the actual CAEM engine; source unit/header caveats preserved.,original_literal
ministry_caem,oil_plus10,original_CAEM_2024_actual_2025_forecast,source:Oil_and_gas_sector:row47,NQÇİ daxili,million m3,annual,2026,2921.3949999999995,source_input,scenario_forecast,CAEM.xlsb / native formula export,Oil_and_gas_sector,AI47,exact native source formula output; year header checked; original units unchanged,FR4,,"[""FR4""]",direct_original_output_atom,physical quantity; no price basis,false,ministry_caem:source:Oil_and_gas_sector:row47,Exact original row now exported by the actual CAEM engine; source unit/header caveats preserved.,original_literal
ministry_caem,oil_plus10,original_CAEM_2024_actual_2025_forecast,source:Oil_and_gas_sector:row47,NQÇİ daxili,million m3,annual,2027,2680.4469999999997,source_input,scenario_forecast,CAEM.xlsb / native formula export,Oil_and_gas_sector,AJ47,exact native source formula output; year header checked; original units unchanged,FR4,,"[""FR4""]",direct_original_output_atom,physical quantity; no price basis,false,ministry_caem:source:Oil_and_gas_sector:row47,Exact original row now exported by the actual CAEM engine; source unit/header caveats preserved.,original_literal
ministry_caem,oil_plus10,original_CAEM_2024_actual_2025_forecast,source:Oil_and_gas_sector:row47,NQÇİ daxili,million m3,annual,2028,2532.424,source_input,scenario_forecast,CAEM.xlsb / native formula export,Oil_and_gas_sector,AK47,exact native source formula output; year header checked; original units unchanged,FR4,,"[""FR4""]",direct_original_output_atom,physical quantity; no price basis,false,ministry_caem:source:Oil_and_gas_sector:row47,Exact original row now exported by the actual CAEM engine; source unit/header caveats preserved.,original_literal
ministry_caem,oil_plus10,original_CAEM_2024_actual_2025_forecast,source:Oil_and_gas_sector:row47,NQÇİ daxili,million m3,annual,2029,2611.834,source_input,scenario_forecast,CAEM.xlsb / native formula export,Oil_and_gas_sector,AL47,exact native source formula output; year header checked; original units unchanged,FR4,,"[""FR4""]",direct_original_output_atom,physical quantity; no price basis,false,ministry_caem:source:Oil_and_gas_sector:row47,Exact original row now exported by the actual CAEM engine; source unit/header caveats preserved.,original_literal
ministry_caem,oil_plus10,original_CAEM_2024_actual_2025_forecast,source:Oil_and_gas_sector:row48,NQÇİ ixrac,million m3,annual,2025,830.637,source_input,scenario_forecast,CAEM.xlsb / native formula export,Oil_and_gas_sector,AH48,exact native source formula output; year header checked; original units unchanged,FR4,,"[""FR4""]",direct_original_output_atom,physical quantity; no price basis,false,ministry_caem:source:Oil_and_gas_sector:row48,Exact original row now exported by the actual CAEM engine; source unit/header caveats preserved.,original_literal
ministry_caem,oil_plus10,original_CAEM_2024_actual_2025_forecast,source:Oil_and_gas_sector:row48,NQÇİ ixrac,million m3,annual,2026,1033.528,source_input,scenario_forecast,CAEM.xlsb / native formula export,Oil_and_gas_sector,AI48,exact native source formula output; year header checked; original units unchanged,FR4,,"[""FR4""]",direct_original_output_atom,physical quantity; no price basis,false,ministry_caem:source:Oil_and_gas_sector:row48,Exact original row now exported by the actual CAEM engine; source unit/header caveats preserved.,original_literal
ministry_caem,oil_plus10,original_CAEM_2024_actual_2025_forecast,source:Oil_and_gas_sector:row48,NQÇİ ixrac,million m3,annual,2027,1017.0,source_input,scenario_forecast,CAEM.xlsb / native formula export,Oil_and_gas_sector,AJ48,exact native source formula output; year header checked; original units unchanged,FR4,,"[""FR4""]",direct_original_output_atom,physical quantity; no price basis,false,ministry_caem:source:Oil_and_gas_sector:row48,Exact original row now exported by the actual CAEM engine; source unit/header caveats preserved.,original_literal
ministry_caem,oil_plus10,original_CAEM_2024_actual_2025_forecast,source:Oil_and_gas_sector:row48,NQÇİ ixrac,million m3,annual,2028,1022.5,source_input,scenario_forecast,CAEM.xlsb / native formula export,Oil_and_gas_sector,AK48,exact native source formula output; year header checked; original units unchanged,FR4,,"[""FR4""]",direct_original_output_atom,physical quantity; no price basis,false,ministry_caem:source:Oil_and_gas_sector:row48,Exact original row now exported by the actual CAEM engine; source unit/header caveats preserved.,original_literal
ministry_caem,oil_plus10,original_CAEM_2024_actual_2025_forecast,source:Oil_and_gas_sector:row48,NQÇİ ixrac,million m3,annual,2029,1017.0,source_input,scenario_forecast,CAEM.xlsb / native formula export,Oil_and_gas_sector,AL48,exact native source formula output; year header checked; original units unchanged,FR4,,"[""FR4""]",direct_original_output_atom,physical quantity; no price basis,false,ministry_caem:source:Oil_and_gas_sector:row48,Exact original row now exported by the actual CAEM engine; source unit/header caveats preserved.,original_literal
ministry_caem,oil_plus10,original_CAEM_2024_actual_2025_forecast,source:Oil_and_gas_sector:row49,MM-ƏŞlər daxili,million m3,annual,2025,2843.387812,source_input,scenario_forecast,CAEM.xlsb / native formula export,Oil_and_gas_sector,AH49,exact native source formula output; year header checked; original units unchanged,FR4,,"[""FR4""]",direct_original_output_atom,physical quantity; no price basis,false,ministry_caem:source:Oil_and_gas_sector:row49,Exact original row now exported by the actual CAEM engine; source unit/header caveats preserved.,original_literal
ministry_caem,oil_plus10,original_CAEM_2024_actual_2025_forecast,source:Oil_and_gas_sector:row49,MM-ƏŞlər daxili,million m3,annual,2026,2355.632046405839,source_input,scenario_forecast,CAEM.xlsb / native formula export,Oil_and_gas_sector,AI49,exact native source formula output; year header checked; original units unchanged,FR4,,"[""FR4""]",direct_original_output_atom,physical quantity; no price basis,false,ministry_caem:source:Oil_and_gas_sector:row49,Exact original row now exported by the actual CAEM engine; source unit/header caveats preserved.,original_literal
ministry_caem,oil_plus10,original_CAEM_2024_actual_2025_forecast,source:Oil_and_gas_sector:row49,MM-ƏŞlər daxili,million m3,annual,2027,2627.489467676786,source_input,scenario_forecast,CAEM.xlsb / native formula export,Oil_and_gas_sector,AJ49,exact native source formula output; year header checked; original units unchanged,FR4,,"[""FR4""]",direct_original_output_atom,physical quantity; no price basis,false,ministry_caem:source:Oil_and_gas_sector:row49,Exact original row now exported by the actual CAEM engine; source unit/header caveats preserved.,original_literal
ministry_caem,oil_plus10,original_CAEM_2024_actual_2025_forecast,source:Oil_and_gas_sector:row49,MM-ƏŞlər daxili,million m3,annual,2028,3184.058893786841,source_input,scenario_forecast,CAEM.xlsb / native formula export,Oil_and_gas_sector,AK49,exact native source formula output; year header checked; original units unchanged,FR4,,"[""FR4""]",direct_original_output_atom,physical quantity; no price basis,false,ministry_caem:source:Oil_and_gas_sector:row49,Exact original row now exported by the actual CAEM engine; source unit/header caveats preserved.,original_literal
ministry_caem,oil_plus10,original_CAEM_2024_actual_2025_forecast,source:Oil_and_gas_sector:row49,MM-ƏŞlər daxili,million m3,annual,2029,4083.3713260698523,source_input,scenario_forecast,CAEM.xlsb / native formula export,Oil_and_gas_sector,AL49,exact native source formula output; year header checked; original units unchanged,FR4,,"[""FR4""]",direct_original_output_atom,physical quantity; no price basis,false,ministry_caem:source:Oil_and_gas_sector:row49,Exact original row now exported by the actual CAEM engine; source unit/header caveats preserved.,original_literal
ministry_caem,oil_plus10,original_CAEM_2024_actual_2025_forecast,source:Oil_and_gas_sector:row50,Abşeron daxili,million m3,annual,2025,1545.555,source_input,scenario_forecast,CAEM.xlsb / native formula export,Oil_and_gas_sector,AH50,exact native source formula output; year header checked; original units unchanged,FR4,,"[""FR4""]",direct_original_output_atom,physical quantity; no price basis,false,ministry_caem:source:Oil_and_gas_sector:row50,Exact original row now exported by the actual CAEM engine; source unit/header caveats preserved.,original_literal
ministry_caem,oil_plus10,original_CAEM_2024_actual_2025_forecast,source:Oil_and_gas_sector:row50,Abşeron daxili,million m3,annual,2026,1505.92,source_input,scenario_forecast,CAEM.xlsb / native formula export,Oil_and_gas_sector,AI50,exact native source formula output; year header checked; original units unchanged,FR4,,"[""FR4""]",direct_original_output_atom,physical quantity; no price basis,false,ministry_caem:source:Oil_and_gas_sector:row50,Exact original row now exported by the actual CAEM engine; source unit/header caveats preserved.,original_literal
ministry_caem,oil_plus10,original_CAEM_2024_actual_2025_forecast,source:Oil_and_gas_sector:row50,Abşeron daxili,million m3,annual,2027,1510.026,source_input,scenario_forecast,CAEM.xlsb / native formula export,Oil_and_gas_sector,AJ50,exact native source formula output; year header checked; original units unchanged,FR4,,"[""FR4""]",direct_original_output_atom,physical quantity; no price basis,false,ministry_caem:source:Oil_and_gas_sector:row50,Exact original row now exported by the actual CAEM engine; source unit/header caveats preserved.,original_literal
ministry_caem,oil_plus10,original_CAEM_2024_actual_2025_forecast,source:Oil_and_gas_sector:row50,Abşeron daxili,million m3,annual,2028,1510.026,source_input,scenario_forecast,CAEM.xlsb / native formula export,Oil_and_gas_sector,AK50,exact native source formula output; year header checked; original units unchanged,FR4,,"[""FR4""]",direct_original_output_atom,physical quantity; no price basis,false,ministry_caem:source:Oil_and_gas_sector:row50,Exact original row now exported by the actual CAEM engine; source unit/header caveats preserved.,original_literal
ministry_caem,oil_plus10,original_CAEM_2024_actual_2025_forecast,source:Oil_and_gas_sector:row50,Abşeron daxili,million m3,annual,2029,1480.408,source_input,scenario_forecast,CAEM.xlsb / native formula export,Oil_and_gas_sector,AL50,exact native source formula output; year header checked; original units unchanged,FR4,,"[""FR4""]",direct_original_output_atom,physical quantity; no price basis,false,ministry_caem:source:Oil_and_gas_sector:row50,Exact original row now exported by the actual CAEM engine; source unit/header caveats preserved.,original_literal
ministry_caem,oil_plus10,original_CAEM_2024_actual_2025_forecast,source:Oil_and_gas_sector:row51,"""Abşeron"" yatağının tam miqyaslı işlənməsi (daxili)",million m3,annual,2025,0.0,source_input,scenario_forecast,CAEM.xlsb / native formula export,Oil_and_gas_sector,AH51,exact native source formula output; year header checked; original units unchanged,FR4,,"[""FR4""]",direct_original_output_atom,physical quantity; no price basis,false,ministry_caem:source:Oil_and_gas_sector:row51,Exact original row now exported by the actual CAEM engine; source unit/header caveats preserved.,original_literal
ministry_caem,oil_plus10,original_CAEM_2024_actual_2025_forecast,source:Oil_and_gas_sector:row51,"""Abşeron"" yatağının tam miqyaslı işlənməsi (daxili)",million m3,annual,2026,0.0,source_input,scenario_forecast,CAEM.xlsb / native formula export,Oil_and_gas_sector,AI51,exact native source formula output; year header checked; original units unchanged,FR4,,"[""FR4""]",direct_original_output_atom,physical quantity; no price basis,false,ministry_caem:source:Oil_and_gas_sector:row51,Exact original row now exported by the actual CAEM engine; source unit/header caveats preserved.,original_literal
ministry_caem,oil_plus10,original_CAEM_2024_actual_2025_forecast,source:Oil_and_gas_sector:row51,"""Abşeron"" yatağının tam miqyaslı işlənməsi (daxili)",million m3,annual,2027,0.0,source_input,scenario_forecast,CAEM.xlsb / native formula export,Oil_and_gas_sector,AJ51,exact native source formula output; year header checked; original units unchanged,FR4,,"[""FR4""]",direct_original_output_atom,physical quantity; no price basis,false,ministry_caem:source:Oil_and_gas_sector:row51,Exact original row now exported by the actual CAEM engine; source unit/header caveats preserved.,original_literal
ministry_caem,oil_plus10,original_CAEM_2024_actual_2025_forecast,source:Oil_and_gas_sector:row51,"""Abşeron"" yatağının tam miqyaslı işlənməsi (daxili)",million m3,annual,2028,11.926,source_input,scenario_forecast,CAEM.xlsb / native formula export,Oil_and_gas_sector,AK51,exact native source formula output; year header checked; original units unchanged,FR4,,"[""FR4""]",direct_original_output_atom,physical quantity; no price basis,false,ministry_caem:source:Oil_and_gas_sector:row51,Exact original row now exported by the actual CAEM engine; source unit/header caveats preserved.,original_literal
ministry_caem,oil_plus10,original_CAEM_2024_actual_2025_forecast,source:Oil_and_gas_sector:row51,"""Abşeron"" yatağının tam miqyaslı işlənməsi (daxili)",million m3,annual,2029,2176.518,source_input,scenario_forecast,CAEM.xlsb / native formula export,Oil_and_gas_sector,AL51,exact native source formula output; year header checked; original units unchanged,FR4,,"[""FR4""]",direct_original_output_atom,physical quantity; no price basis,false,ministry_caem:source:Oil_and_gas_sector:row51,Exact original row now exported by the actual CAEM engine; source unit/header caveats preserved.,original_literal
ministry_caem,oil_plus10,original_CAEM_2024_actual_2025_forecast,source:Oil_and_gas_sector:row52,Bahar və Qum Dəniz  daxilə,million m3,annual,2025,,unavailable_source_blank,scenario_forecast,CAEM.xlsb / native formula export,Oil_and_gas_sector,AH52,exact native source formula output; year header checked; original units unchanged,FR4,,"[""FR4""]",direct_original_output_atom,physical quantity; no price basis,false,ministry_caem:source:Oil_and_gas_sector:row52,Exact original row now exported by the actual CAEM engine; source unit/header caveats preserved.,original_literal
ministry_caem,oil_plus10,original_CAEM_2024_actual_2025_forecast,source:Oil_and_gas_sector:row52,Bahar və Qum Dəniz  daxilə,million m3,annual,2026,,unavailable_source_blank,scenario_forecast,CAEM.xlsb / native formula export,Oil_and_gas_sector,AI52,exact native source formula output; year header checked; original units unchanged,FR4,,"[""FR4""]",direct_original_output_atom,physical quantity; no price basis,false,ministry_caem:source:Oil_and_gas_sector:row52,Exact original row now exported by the actual CAEM engine; source unit/header caveats preserved.,original_literal
ministry_caem,oil_plus10,original_CAEM_2024_actual_2025_forecast,source:Oil_and_gas_sector:row52,Bahar və Qum Dəniz  daxilə,million m3,annual,2027,1.46,source_input,scenario_forecast,CAEM.xlsb / native formula export,Oil_and_gas_sector,AJ52,exact native source formula output; year header checked; original units unchanged,FR4,,"[""FR4""]",direct_original_output_atom,physical quantity; no price basis,false,ministry_caem:source:Oil_and_gas_sector:row52,Exact original row now exported by the actual CAEM engine; source unit/header caveats preserved.,original_literal
ministry_caem,oil_plus10,original_CAEM_2024_actual_2025_forecast,source:Oil_and_gas_sector:row52,Bahar və Qum Dəniz  daxilə,million m3,annual,2028,5.0,source_input,scenario_forecast,CAEM.xlsb / native formula export,Oil_and_gas_sector,AK52,exact native source formula output; year header checked; original units unchanged,FR4,,"[""FR4""]",direct_original_output_atom,physical quantity; no price basis,false,ministry_caem:source:Oil_and_gas_sector:row52,Exact original row now exported by the actual CAEM engine; source unit/header caveats preserved.,original_literal
ministry_caem,oil_plus10,original_CAEM_2024_actual_2025_forecast,source:Oil_and_gas_sector:row52,Bahar və Qum Dəniz  daxilə,million m3,annual,2029,8.5,source_input,scenario_forecast,CAEM.xlsb / native formula export,Oil_and_gas_sector,AL52,exact native source formula output; year header checked; original units unchanged,FR4,,"[""FR4""]",direct_original_output_atom,physical quantity; no price basis,false,ministry_caem:source:Oil_and_gas_sector:row52,Exact original row now exported by the actual CAEM engine; source unit/header caveats preserved.,original_literal
ministry_caem,oil_plus10,original_CAEM_2024_actual_2025_forecast,source:Oil_and_gas_sector:row53,Azərenerjiyə elektrik enerjisi ixracı üçün verilən qaz,million m3,annual,2025,,unavailable_source_blank,scenario_forecast,CAEM.xlsb / native formula export,Oil_and_gas_sector,AH53,exact native source formula output; year header checked; original units unchanged,FR4,,"[""FR4""]",direct_original_output_atom,physical quantity; no price basis,false,ministry_caem:source:Oil_and_gas_sector:row53,Exact original row now exported by the actual CAEM engine; source unit/header caveats preserved.,original_literal
ministry_caem,oil_plus10,original_CAEM_2024_actual_2025_forecast,source:Oil_and_gas_sector:row53,Azərenerjiyə elektrik enerjisi ixracı üçün verilən qaz,million m3,annual,2026,,unavailable_source_blank,scenario_forecast,CAEM.xlsb / native formula export,Oil_and_gas_sector,AI53,exact native source formula output; year header checked; original units unchanged,FR4,,"[""FR4""]",direct_original_output_atom,physical quantity; no price basis,false,ministry_caem:source:Oil_and_gas_sector:row53,Exact original row now exported by the actual CAEM engine; source unit/header caveats preserved.,original_literal
ministry_caem,oil_plus10,original_CAEM_2024_actual_2025_forecast,source:Oil_and_gas_sector:row53,Azərenerjiyə elektrik enerjisi ixracı üçün verilən qaz,million m3,annual,2027,,unavailable_source_blank,scenario_forecast,CAEM.xlsb / native formula export,Oil_and_gas_sector,AJ53,exact native source formula output; year header checked; original units unchanged,FR4,,"[""FR4""]",direct_original_output_atom,physical quantity; no price basis,false,ministry_caem:source:Oil_and_gas_sector:row53,Exact original row now exported by the actual CAEM engine; source unit/header caveats preserved.,original_literal
ministry_caem,oil_plus10,original_CAEM_2024_actual_2025_forecast,source:Oil_and_gas_sector:row53,Azərenerjiyə elektrik enerjisi ixracı üçün verilən qaz,million m3,annual,2028,,unavailable_source_blank,scenario_forecast,CAEM.xlsb / native formula export,Oil_and_gas_sector,AK53,exact native source formula output; year header checked; original units unchanged,FR4,,"[""FR4""]",direct_original_output_atom,physical quantity; no price basis,false,ministry_caem:source:Oil_and_gas_sector:row53,Exact original row now exported by the actual CAEM engine; source unit/header caveats preserved.,original_literal
ministry_caem,oil_plus10,original_CAEM_2024_actual_2025_forecast,source:Oil_and_gas_sector:row53,Azərenerjiyə elektrik enerjisi ixracı üçün verilən qaz,million m3,annual,2029,,unavailable_source_blank,scenario_forecast,CAEM.xlsb / native formula export,Oil_and_gas_sector,AL53,exact native source formula output; year header checked; original units unchanged,FR4,,"[""FR4""]",direct_original_output_atom,physical quantity; no price basis,false,ministry_caem:source:Oil_and_gas_sector:row53,Exact original row now exported by the actual CAEM engine; source unit/header caveats preserved.,original_literal
ministry_caem,oil_plus10,original_CAEM_2024_actual_2025_forecast,source:Oil_and_gas_sector:row54,Şahdənizin Azərbaycana verdiyindən ixraca yönəldilən,million m3,annual,2025,1293.309,source_input,scenario_forecast,CAEM.xlsb / native formula export,Oil_and_gas_sector,AH54,exact native source formula output; year header checked; original units unchanged,FR4,,"[""FR4""]",direct_original_output_atom,physical quantity; no price basis,false,ministry_caem:source:Oil_and_gas_sector:row54,Exact original row now exported by the actual CAEM engine; source unit/header caveats preserved.,original_literal
ministry_caem,oil_plus10,original_CAEM_2024_actual_2025_forecast,source:Oil_and_gas_sector:row54,Şahdənizin Azərbaycana verdiyindən ixraca yönəldilən,million m3,annual,2026,894.25,source_input,scenario_forecast,CAEM.xlsb / native formula export,Oil_and_gas_sector,AI54,exact native source formula output; year header checked; original units unchanged,FR4,,"[""FR4""]",direct_original_output_atom,physical quantity; no price basis,false,ministry_caem:source:Oil_and_gas_sector:row54,Exact original row now exported by the actual CAEM engine; source unit/header caveats preserved.,original_literal
ministry_caem,oil_plus10,original_CAEM_2024_actual_2025_forecast,source:Oil_and_gas_sector:row54,Şahdənizin Azərbaycana verdiyindən ixraca yönəldilən,million m3,annual,2027,0.0,source_input,scenario_forecast,CAEM.xlsb / native formula export,Oil_and_gas_sector,AJ54,exact native source formula output; year header checked; original units unchanged,FR4,,"[""FR4""]",direct_original_output_atom,physical quantity; no price basis,false,ministry_caem:source:Oil_and_gas_sector:row54,Exact original row now exported by the actual CAEM engine; source unit/header caveats preserved.,original_literal
ministry_caem,oil_plus10,original_CAEM_2024_actual_2025_forecast,source:Oil_and_gas_sector:row54,Şahdənizin Azərbaycana verdiyindən ixraca yönəldilən,million m3,annual,2028,0.0,source_input,scenario_forecast,CAEM.xlsb / native formula export,Oil_and_gas_sector,AK54,exact native source formula output; year header checked; original units unchanged,FR4,,"[""FR4""]",direct_original_output_atom,physical quantity; no price basis,false,ministry_caem:source:Oil_and_gas_sector:row54,Exact original row now exported by the actual CAEM engine; source unit/header caveats preserved.,original_literal
ministry_caem,oil_plus10,original_CAEM_2024_actual_2025_forecast,source:Oil_and_gas_sector:row54,Şahdənizin Azərbaycana verdiyindən ixraca yönəldilən,million m3,annual,2029,,unavailable_source_blank,scenario_forecast,CAEM.xlsb / native formula export,Oil_and_gas_sector,AL54,exact native source formula output; year header checked; original units unchanged,FR4,,"[""FR4""]",direct_original_output_atom,physical quantity; no price basis,false,ministry_caem:source:Oil_and_gas_sector:row54,Exact original row now exported by the actual CAEM engine; source unit/header caveats preserved.,original_literal
ministry_caem,oil_plus10,original_CAEM_2024_actual_2025_forecast,source:Oil_and_gas_sector:row55,Abşeron yatağının tam miqyaslı işlənməsindən ixraca yönəldilən,million m3,annual,2025,,unavailable_source_blank,scenario_forecast,CAEM.xlsb / native formula export,Oil_and_gas_sector,AH55,exact native source formula output; year header checked; original units unchanged,FR4,,"[""FR4""]",direct_original_output_atom,physical quantity; no price basis,false,ministry_caem:source:Oil_and_gas_sector:row55,Exact original row now exported by the actual CAEM engine; source unit/header caveats preserved.,original_literal
ministry_caem,oil_plus10,original_CAEM_2024_actual_2025_forecast,source:Oil_and_gas_sector:row55,Abşeron yatağının tam miqyaslı işlənməsindən ixraca yönəldilən,million m3,annual,2026,,unavailable_source_blank,scenario_forecast,CAEM.xlsb / native formula export,Oil_and_gas_sector,AI55,exact native source formula output; year header checked; original units unchanged,FR4,,"[""FR4""]",direct_original_output_atom,physical quantity; no price basis,false,ministry_caem:source:Oil_and_gas_sector:row55,Exact original row now exported by the actual CAEM engine; source unit/header caveats preserved.,original_literal
ministry_caem,oil_plus10,original_CAEM_2024_actual_2025_forecast,source:Oil_and_gas_sector:row55,Abşeron yatağının tam miqyaslı işlənməsindən ixraca yönəldilən,million m3,annual,2027,,unavailable_source_blank,scenario_forecast,CAEM.xlsb / native formula export,Oil_and_gas_sector,AJ55,exact native source formula output; year header checked; original units unchanged,FR4,,"[""FR4""]",direct_original_output_atom,physical quantity; no price basis,false,ministry_caem:source:Oil_and_gas_sector:row55,Exact original row now exported by the actual CAEM engine; source unit/header caveats preserved.,original_literal
ministry_caem,oil_plus10,original_CAEM_2024_actual_2025_forecast,source:Oil_and_gas_sector:row55,Abşeron yatağının tam miqyaslı işlənməsindən ixraca yönəldilən,million m3,annual,2028,,unavailable_source_blank,scenario_forecast,CAEM.xlsb / native formula export,Oil_and_gas_sector,AK55,exact native source formula output; year header checked; original units unchanged,FR4,,"[""FR4""]",direct_original_output_atom,physical quantity; no price basis,false,ministry_caem:source:Oil_and_gas_sector:row55,Exact original row now exported by the actual CAEM engine; source unit/header caveats preserved.,original_literal
ministry_caem,oil_plus10,original_CAEM_2024_actual_2025_forecast,source:Oil_and_gas_sector:row55,Abşeron yatağının tam miqyaslı işlənməsindən ixraca yönəldilən,million m3,annual,2029,2176.5180000000046,source_input,scenario_forecast,CAEM.xlsb / native formula export,Oil_and_gas_sector,AL55,exact native source formula output; year header checked; original units unchanged,FR4,,"[""FR4""]",direct_original_output_atom,physical quantity; no price basis,false,ministry_caem:source:Oil_and_gas_sector:row55,Exact original row now exported by the actual CAEM engine; source unit/header caveats preserved.,original_literal
ministry_caem,oil_plus10,original_CAEM_2024_actual_2025_forecast,source:Oil_and_gas_sector:row56,    SOCAR export,million m3,annual,2025,,unavailable_source_blank,scenario_forecast,CAEM.xlsb / native formula export,Oil_and_gas_sector,AH56,exact native source formula output; year header checked; original units unchanged,FR4,,"[""FR4""]",direct_original_output_atom,physical quantity; no price basis,false,ministry_caem:source:Oil_and_gas_sector:row56,Exact original row now exported by the actual CAEM engine; source unit/header caveats preserved.,original_literal
ministry_caem,oil_plus10,original_CAEM_2024_actual_2025_forecast,source:Oil_and_gas_sector:row56,    SOCAR export,million m3,annual,2026,,unavailable_source_blank,scenario_forecast,CAEM.xlsb / native formula export,Oil_and_gas_sector,AI56,exact native source formula output; year header checked; original units unchanged,FR4,,"[""FR4""]",direct_original_output_atom,physical quantity; no price basis,false,ministry_caem:source:Oil_and_gas_sector:row56,Exact original row now exported by the actual CAEM engine; source unit/header caveats preserved.,original_literal
ministry_caem,oil_plus10,original_CAEM_2024_actual_2025_forecast,source:Oil_and_gas_sector:row56,    SOCAR export,million m3,annual,2027,,unavailable_source_blank,scenario_forecast,CAEM.xlsb / native formula export,Oil_and_gas_sector,AJ56,exact native source formula output; year header checked; original units unchanged,FR4,,"[""FR4""]",direct_original_output_atom,physical quantity; no price basis,false,ministry_caem:source:Oil_and_gas_sector:row56,Exact original row now exported by the actual CAEM engine; source unit/header caveats preserved.,original_literal
ministry_caem,oil_plus10,original_CAEM_2024_actual_2025_forecast,source:Oil_and_gas_sector:row56,    SOCAR export,million m3,annual,2028,,unavailable_source_blank,scenario_forecast,CAEM.xlsb / native formula export,Oil_and_gas_sector,AK56,exact native source formula output; year header checked; original units unchanged,FR4,,"[""FR4""]",direct_original_output_atom,physical quantity; no price basis,false,ministry_caem:source:Oil_and_gas_sector:row56,Exact original row now exported by the actual CAEM engine; source unit/header caveats preserved.,original_literal
ministry_caem,oil_plus10,original_CAEM_2024_actual_2025_forecast,source:Oil_and_gas_sector:row56,    SOCAR export,million m3,annual,2029,,unavailable_source_blank,scenario_forecast,CAEM.xlsb / native formula export,Oil_and_gas_sector,AL56,exact native source formula output; year header checked; original units unchanged,FR4,,"[""FR4""]",direct_original_output_atom,physical quantity; no price basis,false,ministry_caem:source:Oil_and_gas_sector:row56,Exact original row now exported by the actual CAEM engine; source unit/header caveats preserved.,original_literal
ministry_caem,oil_plus10,original_CAEM_2024_actual_2025_forecast,source:Oil_and_gas_sector:row57,Azneft,million m3,annual,2025,1033.528,source_input,scenario_forecast,CAEM.xlsb / native formula export,Oil_and_gas_sector,AH57,exact native source formula output; year header checked; original units unchanged,FR4,,"[""FR4""]",direct_original_output_atom,physical quantity; no price basis,false,ministry_caem:source:Oil_and_gas_sector:row57,Exact original row now exported by the actual CAEM engine; source unit/header caveats preserved.,original_literal
ministry_caem,oil_plus10,original_CAEM_2024_actual_2025_forecast,source:Oil_and_gas_sector:row57,Azneft,million m3,annual,2026,1017.0,source_input,scenario_forecast,CAEM.xlsb / native formula export,Oil_and_gas_sector,AI57,exact native source formula output; year header checked; original units unchanged,FR4,,"[""FR4""]",direct_original_output_atom,physical quantity; no price basis,false,ministry_caem:source:Oil_and_gas_sector:row57,Exact original row now exported by the actual CAEM engine; source unit/header caveats preserved.,original_literal
ministry_caem,oil_plus10,original_CAEM_2024_actual_2025_forecast,source:Oil_and_gas_sector:row57,Azneft,million m3,annual,2027,1022.5,source_input,scenario_forecast,CAEM.xlsb / native formula export,Oil_and_gas_sector,AJ57,exact native source formula output; year header checked; original units unchanged,FR4,,"[""FR4""]",direct_original_output_atom,physical quantity; no price basis,false,ministry_caem:source:Oil_and_gas_sector:row57,Exact original row now exported by the actual CAEM engine; source unit/header caveats preserved.,original_literal
ministry_caem,oil_plus10,original_CAEM_2024_actual_2025_forecast,source:Oil_and_gas_sector:row57,Azneft,million m3,annual,2028,1017.0,source_input,scenario_forecast,CAEM.xlsb / native formula export,Oil_and_gas_sector,AK57,exact native source formula output; year header checked; original units unchanged,FR4,,"[""FR4""]",direct_original_output_atom,physical quantity; no price basis,false,ministry_caem:source:Oil_and_gas_sector:row57,Exact original row now exported by the actual CAEM engine; source unit/header caveats preserved.,original_literal
ministry_caem,oil_plus10,original_CAEM_2024_actual_2025_forecast,source:Oil_and_gas_sector:row57,Azneft,million m3,annual,2029,1017.0,source_input,scenario_forecast,CAEM.xlsb / native formula export,Oil_and_gas_sector,AL57,exact native source formula output; year header checked; original units unchanged,FR4,,"[""FR4""]",direct_original_output_atom,physical quantity; no price basis,false,ministry_caem:source:Oil_and_gas_sector:row57,Exact original row now exported by the actual CAEM engine; source unit/header caveats preserved.,original_literal
ministry_caem,oil_plus10,original_CAEM_2024_actual_2025_forecast,source:Oil_and_gas_sector:row58,Azneft (Türkiyəyə ixrac),million m3,annual,2025,288.394,source_input,scenario_forecast,CAEM.xlsb / native formula export,Oil_and_gas_sector,AH58,exact native source formula output; year header checked; original units unchanged,FR4,,"[""FR4""]",direct_original_output_atom,physical quantity; no price basis,false,ministry_caem:source:Oil_and_gas_sector:row58,Exact original row now exported by the actual CAEM engine; source unit/header caveats preserved.,original_literal
ministry_caem,oil_plus10,original_CAEM_2024_actual_2025_forecast,source:Oil_and_gas_sector:row58,Azneft (Türkiyəyə ixrac),million m3,annual,2026,,unavailable_source_blank,scenario_forecast,CAEM.xlsb / native formula export,Oil_and_gas_sector,AI58,exact native source formula output; year header checked; original units unchanged,FR4,,"[""FR4""]",direct_original_output_atom,physical quantity; no price basis,false,ministry_caem:source:Oil_and_gas_sector:row58,Exact original row now exported by the actual CAEM engine; source unit/header caveats preserved.,original_literal
ministry_caem,oil_plus10,original_CAEM_2024_actual_2025_forecast,source:Oil_and_gas_sector:row58,Azneft (Türkiyəyə ixrac),million m3,annual,2027,,unavailable_source_blank,scenario_forecast,CAEM.xlsb / native formula export,Oil_and_gas_sector,AJ58,exact native source formula output; year header checked; original units unchanged,FR4,,"[""FR4""]",direct_original_output_atom,physical quantity; no price basis,false,ministry_caem:source:Oil_and_gas_sector:row58,Exact original row now exported by the actual CAEM engine; source unit/header caveats preserved.,original_literal
ministry_caem,oil_plus10,original_CAEM_2024_actual_2025_forecast,source:Oil_and_gas_sector:row58,Azneft (Türkiyəyə ixrac),million m3,annual,2028,,unavailable_source_blank,scenario_forecast,CAEM.xlsb / native formula export,Oil_and_gas_sector,AK58,exact native source formula output; year header checked; original units unchanged,FR4,,"[""FR4""]",direct_original_output_atom,physical quantity; no price basis,false,ministry_caem:source:Oil_and_gas_sector:row58,Exact original row now exported by the actual CAEM engine; source unit/header caveats preserved.,original_literal
ministry_caem,oil_plus10,original_CAEM_2024_actual_2025_forecast,source:Oil_and_gas_sector:row58,Azneft (Türkiyəyə ixrac),million m3,annual,2029,,unavailable_source_blank,scenario_forecast,CAEM.xlsb / native formula export,Oil_and_gas_sector,AL58,exact native source formula output; year header checked; original units unchanged,FR4,,"[""FR4""]",direct_original_output_atom,physical quantity; no price basis,false,ministry_caem:source:Oil_and_gas_sector:row58,Exact original row now exported by the actual CAEM engine; source unit/header caveats preserved.,original_literal
ministry_caem,oil_plus10,original_CAEM_2024_actual_2025_forecast,source:Oil_and_gas_sector:row59,Idxal edib ixrac etdiyi qaz,million m3,annual,2025,,unavailable_source_blank,scenario_forecast,CAEM.xlsb / native formula export,Oil_and_gas_sector,AH59,exact native source formula output; year header checked; original units unchanged,FR4,,"[""FR4""]",direct_original_output_atom,physical quantity; no price basis,false,ministry_caem:source:Oil_and_gas_sector:row59,Exact original row now exported by the actual CAEM engine; source unit/header caveats preserved.,original_literal
ministry_caem,oil_plus10,original_CAEM_2024_actual_2025_forecast,source:Oil_and_gas_sector:row59,Idxal edib ixrac etdiyi qaz,million m3,annual,2026,,unavailable_source_blank,scenario_forecast,CAEM.xlsb / native formula export,Oil_and_gas_sector,AI59,exact native source formula output; year header checked; original units unchanged,FR4,,"[""FR4""]",direct_original_output_atom,physical quantity; no price basis,false,ministry_caem:source:Oil_and_gas_sector:row59,Exact original row now exported by the actual CAEM engine; source unit/header caveats preserved.,original_literal
ministry_caem,oil_plus10,original_CAEM_2024_actual_2025_forecast,source:Oil_and_gas_sector:row59,Idxal edib ixrac etdiyi qaz,million m3,annual,2027,,unavailable_source_blank,scenario_forecast,CAEM.xlsb / native formula export,Oil_and_gas_sector,AJ59,exact native source formula output; year header checked; original units unchanged,FR4,,"[""FR4""]",direct_original_output_atom,physical quantity; no price basis,false,ministry_caem:source:Oil_and_gas_sector:row59,Exact original row now exported by the actual CAEM engine; source unit/header caveats preserved.,original_literal
ministry_caem,oil_plus10,original_CAEM_2024_actual_2025_forecast,source:Oil_and_gas_sector:row59,Idxal edib ixrac etdiyi qaz,million m3,annual,2028,,unavailable_source_blank,scenario_forecast,CAEM.xlsb / native formula export,Oil_and_gas_sector,AK59,exact native source formula output; year header checked; original units unchanged,FR4,,"[""FR4""]",direct_original_output_atom,physical quantity; no price basis,false,ministry_caem:source:Oil_and_gas_sector:row59,Exact original row now exported by the actual CAEM engine; source unit/header caveats preserved.,original_literal
ministry_caem,oil_plus10,original_CAEM_2024_actual_2025_forecast,source:Oil_and_gas_sector:row59,Idxal edib ixrac etdiyi qaz,million m3,annual,2029,,unavailable_source_blank,scenario_forecast,CAEM.xlsb / native formula export,Oil_and_gas_sector,AL59,exact native source formula output; year header checked; original units unchanged,FR4,,"[""FR4""]",direct_original_output_atom,physical quantity; no price basis,false,ministry_caem:source:Oil_and_gas_sector:row59,Exact original row now exported by the actual CAEM engine; source unit/header caveats preserved.,original_literal
ministry_caem,oil_plus10,original_CAEM_2024_actual_2025_forecast,source:Oil_and_gas_sector:row60, Azərkontrakt SOCARA qaytardığı qazın ixracı,million m3,annual,2025,0.0,source_input,scenario_forecast,CAEM.xlsb / native formula export,Oil_and_gas_sector,AH60,exact native source formula output; year header checked; original units unchanged,FR4,,"[""FR4""]",direct_original_output_atom,physical quantity; no price basis,false,ministry_caem:source:Oil_and_gas_sector:row60,Exact original row now exported by the actual CAEM engine; source unit/header caveats preserved.,original_literal
ministry_caem,oil_plus10,original_CAEM_2024_actual_2025_forecast,source:Oil_and_gas_sector:row60, Azərkontrakt SOCARA qaytardığı qazın ixracı,million m3,annual,2026,0.0,source_input,scenario_forecast,CAEM.xlsb / native formula export,Oil_and_gas_sector,AI60,exact native source formula output; year header checked; original units unchanged,FR4,,"[""FR4""]",direct_original_output_atom,physical quantity; no price basis,false,ministry_caem:source:Oil_and_gas_sector:row60,Exact original row now exported by the actual CAEM engine; source unit/header caveats preserved.,original_literal
ministry_caem,oil_plus10,original_CAEM_2024_actual_2025_forecast,source:Oil_and_gas_sector:row60, Azərkontrakt SOCARA qaytardığı qazın ixracı,million m3,annual,2027,0.0,source_input,scenario_forecast,CAEM.xlsb / native formula export,Oil_and_gas_sector,AJ60,exact native source formula output; year header checked; original units unchanged,FR4,,"[""FR4""]",direct_original_output_atom,physical quantity; no price basis,false,ministry_caem:source:Oil_and_gas_sector:row60,Exact original row now exported by the actual CAEM engine; source unit/header caveats preserved.,original_literal
ministry_caem,oil_plus10,original_CAEM_2024_actual_2025_forecast,source:Oil_and_gas_sector:row60, Azərkontrakt SOCARA qaytardığı qazın ixracı,million m3,annual,2028,0.0,source_input,scenario_forecast,CAEM.xlsb / native formula export,Oil_and_gas_sector,AK60,exact native source formula output; year header checked; original units unchanged,FR4,,"[""FR4""]",direct_original_output_atom,physical quantity; no price basis,false,ministry_caem:source:Oil_and_gas_sector:row60,Exact original row now exported by the actual CAEM engine; source unit/header caveats preserved.,original_literal
ministry_caem,oil_plus10,original_CAEM_2024_actual_2025_forecast,source:Oil_and_gas_sector:row60, Azərkontrakt SOCARA qaytardığı qazın ixracı,million m3,annual,2029,0.0,source_input,scenario_forecast,CAEM.xlsb / native formula export,Oil_and_gas_sector,AL60,exact native source formula output; year header checked; original units unchanged,FR4,,"[""FR4""]",direct_original_output_atom,physical quantity; no price basis,false,ministry_caem:source:Oil_and_gas_sector:row60,Exact original row now exported by the actual CAEM engine; source unit/header caveats preserved.,original_literal
ministry_caem,oil_plus10,original_CAEM_2024_actual_2025_forecast,source:Oil_and_gas_sector:row61,ACQ dərin qaz layihəsi üzrə qazın SOCAR tərəfindən ixracı,million m3,annual,2025,0.0,source_input,scenario_forecast,CAEM.xlsb / native formula export,Oil_and_gas_sector,AH61,exact native source formula output; year header checked; original units unchanged,FR4,,"[""FR4""]",direct_original_output_atom,physical quantity; no price basis,false,ministry_caem:source:Oil_and_gas_sector:row61,Exact original row now exported by the actual CAEM engine; source unit/header caveats preserved.,original_literal
ministry_caem,oil_plus10,original_CAEM_2024_actual_2025_forecast,source:Oil_and_gas_sector:row61,ACQ dərin qaz layihəsi üzrə qazın SOCAR tərəfindən ixracı,million m3,annual,2026,0.0,source_input,scenario_forecast,CAEM.xlsb / native formula export,Oil_and_gas_sector,AI61,exact native source formula output; year header checked; original units unchanged,FR4,,"[""FR4""]",direct_original_output_atom,physical quantity; no price basis,false,ministry_caem:source:Oil_and_gas_sector:row61,Exact original row now exported by the actual CAEM engine; source unit/header caveats preserved.,original_literal
ministry_caem,oil_plus10,original_CAEM_2024_actual_2025_forecast,source:Oil_and_gas_sector:row61,ACQ dərin qaz layihəsi üzrə qazın SOCAR tərəfindən ixracı,million m3,annual,2027,0.0,source_input,scenario_forecast,CAEM.xlsb / native formula export,Oil_and_gas_sector,AJ61,exact native source formula output; year header checked; original units unchanged,FR4,,"[""FR4""]",direct_original_output_atom,physical quantity; no price basis,false,ministry_caem:source:Oil_and_gas_sector:row61,Exact original row now exported by the actual CAEM engine; source unit/header caveats preserved.,original_literal
ministry_caem,oil_plus10,original_CAEM_2024_actual_2025_forecast,source:Oil_and_gas_sector:row61,ACQ dərin qaz layihəsi üzrə qazın SOCAR tərəfindən ixracı,million m3,annual,2028,0.0,source_input,scenario_forecast,CAEM.xlsb / native formula export,Oil_and_gas_sector,AK61,exact native source formula output; year header checked; original units unchanged,FR4,,"[""FR4""]",direct_original_output_atom,physical quantity; no price basis,false,ministry_caem:source:Oil_and_gas_sector:row61,Exact original row now exported by the actual CAEM engine; source unit/header caveats preserved.,original_literal
ministry_caem,oil_plus10,original_CAEM_2024_actual_2025_forecast,source:Oil_and_gas_sector:row61,ACQ dərin qaz layihəsi üzrə qazın SOCAR tərəfindən ixracı,million m3,annual,2029,0.0,source_input,scenario_forecast,CAEM.xlsb / native formula export,Oil_and_gas_sector,AL61,exact native source formula output; year header checked; original units unchanged,FR4,,"[""FR4""]",direct_original_output_atom,physical quantity; no price basis,false,ministry_caem:source:Oil_and_gas_sector:row61,Exact original row now exported by the actual CAEM engine; source unit/header caveats preserved.,original_literal
ministry_caem,oil_plus10,original_CAEM_2024_actual_2025_forecast,source:Oil_and_gas_sector:row62,f'ərq,million m3,annual,2025,0.311680605453148,source_input,scenario_forecast,CAEM.xlsb / native formula export,Oil_and_gas_sector,AH62,exact native source formula output; year header checked; original units unchanged,FR4,,"[""FR4""]",direct_original_output_atom,physical quantity; no price basis,false,ministry_caem:source:Oil_and_gas_sector:row62,Exact original row now exported by the actual CAEM engine; source unit/header caveats preserved.,original_literal
ministry_caem,oil_plus10,original_CAEM_2024_actual_2025_forecast,source:Oil_and_gas_sector:row62,f'ərq,million m3,annual,2026,0.30499999999665306,source_input,scenario_forecast,CAEM.xlsb / native formula export,Oil_and_gas_sector,AI62,exact native source formula output; year header checked; original units unchanged,FR4,,"[""FR4""]",direct_original_output_atom,physical quantity; no price basis,false,ministry_caem:source:Oil_and_gas_sector:row62,Exact original row now exported by the actual CAEM engine; source unit/header caveats preserved.,original_literal
ministry_caem,oil_plus10,original_CAEM_2024_actual_2025_forecast,source:Oil_and_gas_sector:row62,f'ərq,million m3,annual,2027,0.29500000000552973,source_input,scenario_forecast,CAEM.xlsb / native formula export,Oil_and_gas_sector,AJ62,exact native source formula output; year header checked; original units unchanged,FR4,,"[""FR4""]",direct_original_output_atom,physical quantity; no price basis,false,ministry_caem:source:Oil_and_gas_sector:row62,Exact original row now exported by the actual CAEM engine; source unit/header caveats preserved.,original_literal
ministry_caem,oil_plus10,original_CAEM_2024_actual_2025_forecast,source:Oil_and_gas_sector:row62,f'ərq,million m3,annual,2028,0.29500000000552973,source_input,scenario_forecast,CAEM.xlsb / native formula export,Oil_and_gas_sector,AK62,exact native source formula output; year header checked; original units unchanged,FR4,,"[""FR4""]",direct_original_output_atom,physical quantity; no price basis,false,ministry_caem:source:Oil_and_gas_sector:row62,Exact original row now exported by the actual CAEM engine; source unit/header caveats preserved.,original_literal
ministry_caem,oil_plus10,original_CAEM_2024_actual_2025_forecast,source:Oil_and_gas_sector:row62,f'ərq,million m3,annual,2029,0.650999999990745,source_input,scenario_forecast,CAEM.xlsb / native formula export,Oil_and_gas_sector,AL62,exact native source formula output; year header checked; original units unchanged,FR4,,"[""FR4""]",direct_original_output_atom,physical quantity; no price basis,false,ministry_caem:source:Oil_and_gas_sector:row62,Exact original row now exported by the actual CAEM engine; source unit/header caveats preserved.,original_literal
