id,source,label_az,unit,years,forecast_years,has_band,n_obs,scenarios,row_ref,unit_group
fr10:employees:06,micro:FR10,06 Xam neft və təbii qaz hasilatı: İşçilərin sayı,nəfər,2016–2030,2026–2030,False,45,Adverse;Baseline;Reform,FR10_forecast_tidy.csv,mikro §15.5.2
fr10:employees:07,micro:FR10,07 Metal filizlərinin hasilatı: İşçilərin sayı,nəfər,2016–2030,2026–2030,False,45,Adverse;Baseline;Reform,FR10_forecast_tidy.csv,mikro §15.5.2
fr10:employees:08,micro:FR10,08 Digər faydalı qazıntılar: İşçilərin sayı,nəfər,2016–2030,2026–2030,False,45,Adverse;Baseline;Reform,FR10_forecast_tidy.csv,mikro §15.5.2
fr10:employees:09,micro:FR10,09 Mədənçıxarma sahəsində xidmətlər: İşçilərin sayı,nəfər,2016–2030,2026–2030,False,45,Adverse;Baseline;Reform,FR10_forecast_tidy.csv,mikro §15.5.2
fr10:employees:10,micro:FR10,10 Qida məhsulları: İşçilərin sayı,nəfər,2016–2030,2026–2030,False,45,Adverse;Baseline;Reform,FR10_forecast_tidy.csv,mikro §15.5.2
fr10:employees:11,micro:FR10,11 İçkilər: İşçilərin sayı,nəfər,2016–2030,2026–2030,False,45,Adverse;Baseline;Reform,FR10_forecast_tidy.csv,mikro §15.5.2
fr10:employees:12,micro:FR10,12 Tütün məmulatları: İşçilərin sayı,nəfər,2016–2030,2026–2030,False,45,Adverse;Baseline;Reform,FR10_forecast_tidy.csv,mikro §15.5.2
fr10:employees:13,micro:FR10,13 Toxuculuq: İşçilərin sayı,nəfər,2016–2030,2026–2030,False,45,Adverse;Baseline;Reform,FR10_forecast_tidy.csv,mikro §15.5.2
fr10:employees:14,micro:FR10,14 Geyim: İşçilərin sayı,nəfər,2016–2030,2026–2030,False,45,Adverse;Baseline;Reform,FR10_forecast_tidy.csv,mikro §15.5.2
fr10:employees:15,micro:FR10,15 Dəri və ayaqqabı: İşçilərin sayı,nəfər,2016–2030,2026–2030,False,45,Adverse;Baseline;Reform,FR10_forecast_tidy.csv,mikro §15.5.2
fr10:employees:16,micro:FR10,16 Ağac emalı: İşçilərin sayı,nəfər,2016–2030,2026–2030,False,45,Adverse;Baseline;Reform,FR10_forecast_tidy.csv,mikro §15.5.2
fr10:employees:17,micro:FR10,17 Kağız və karton: İşçilərin sayı,nəfər,2016–2030,2026–2030,False,45,Adverse;Baseline;Reform,FR10_forecast_tidy.csv,mikro §15.5.2
fr10:employees:18,micro:FR10,18 Poliqrafiya: İşçilərin sayı,nəfər,2016–2030,2026–2030,False,45,Adverse;Baseline;Reform,FR10_forecast_tidy.csv,mikro §15.5.2
fr10:employees:19,micro:FR10,19 Neft emalı məhsulları: İşçilərin sayı,nəfər,2016–2030,2026–2030,False,45,Adverse;Baseline;Reform,FR10_forecast_tidy.csv,mikro §15.5.2
fr10:employees:20,micro:FR10,20 Kimya məhsulları: İşçilərin sayı,nəfər,2016–2030,2026–2030,False,45,Adverse;Baseline;Reform,FR10_forecast_tidy.csv,mikro §15.5.2
fr10:employees:21,micro:FR10,21 Əczaçılıq məhsulları: İşçilərin sayı,nəfər,2016–2030,2026–2030,False,45,Adverse;Baseline;Reform,FR10_forecast_tidy.csv,mikro §15.5.2
fr10:employees:22,micro:FR10,22 Rezin və plastik kütlə: İşçilərin sayı,nəfər,2016–2030,2026–2030,False,45,Adverse;Baseline;Reform,FR10_forecast_tidy.csv,mikro §15.5.2
fr10:employees:23,micro:FR10,23 Digər qeyri-metal mineral məhsullar: İşçilərin sayı,nəfər,2016–2030,2026–2030,False,45,Adverse;Baseline;Reform,FR10_forecast_tidy.csv,mikro §15.5.2
fr10:employees:24,micro:FR10,24 Metallurgiya: İşçilərin sayı,nəfər,2016–2030,2026–2030,False,45,Adverse;Baseline;Reform,FR10_forecast_tidy.csv,mikro §15.5.2
fr10:employees:25,micro:FR10,25 Hazır metal məmulatları: İşçilərin sayı,nəfər,2016–2030,2026–2030,False,45,Adverse;Baseline;Reform,FR10_forecast_tidy.csv,mikro §15.5.2
fr10:employees:26,micro:FR10,26 Kompüter və elektronika: İşçilərin sayı,nəfər,2016–2030,2026–2030,False,45,Adverse;Baseline;Reform,FR10_forecast_tidy.csv,mikro §15.5.2
fr10:employees:27,micro:FR10,27 Elektrik avadanlığı: İşçilərin sayı,nəfər,2016–2030,2026–2030,False,45,Adverse;Baseline;Reform,FR10_forecast_tidy.csv,mikro §15.5.2
fr10:employees:28,micro:FR10,28 Maşın və avadanlıq: İşçilərin sayı,nəfər,2016–2030,2026–2030,False,45,Adverse;Baseline;Reform,FR10_forecast_tidy.csv,mikro §15.5.2
fr10:employees:29,micro:FR10,29 Avtomobil və qoşqular: İşçilərin sayı,nəfər,2016–2030,2026–2030,False,45,Adverse;Baseline;Reform,FR10_forecast_tidy.csv,mikro §15.5.2
fr10:employees:30,micro:FR10,30 Digər nəqliyyat vasitələri: İşçilərin sayı,nəfər,2016–2030,2026–2030,False,45,Adverse;Baseline;Reform,FR10_forecast_tidy.csv,mikro §15.5.2
fr10:employees:31,micro:FR10,31 Mebel: İşçilərin sayı,nəfər,2016–2030,2026–2030,False,45,Adverse;Baseline;Reform,FR10_forecast_tidy.csv,mikro §15.5.2
fr10:employees:32,micro:FR10,32 Digər hazır məmulatlar: İşçilərin sayı,nəfər,2016–2030,2026–2030,False,45,Adverse;Baseline;Reform,FR10_forecast_tidy.csv,mikro §15.5.2
fr10:employees:33,micro:FR10,33 Maşın və avadanlığın təmiri və quraşdırılması: İşçilərin sayı,nəfər,2016–2030,2026–2030,False,45,Adverse;Baseline;Reform,FR10_forecast_tidy.csv,mikro §15.5.2
fr10:employees:35,micro:FR10,"35 Elektrik enerjisi, qaz və buxar: İşçilərin sayı",nəfər,2016–2030,2026–2030,False,45,Adverse;Baseline;Reform,FR10_forecast_tidy.csv,mikro §15.5.2
fr10:employees:36,micro:FR10,"36 Su təchizatı, tullantılar: İşçilərin sayı",nəfər,2016–2030,2026–2030,False,45,Adverse;Baseline;Reform,FR10_forecast_tidy.csv,mikro §15.5.2
fr10:gos_proxy_margin_pct:10,micro:FR10,"10 Qida məhsulları: Ümumi mənfəət (proksi) marjası, buraxılışın %-i",%,2016–2030,2026–2030,True,45,Adverse;Baseline;Reform,FR10_forecast_tidy.csv,mikro §15.5.2
fr10:gos_proxy_margin_pct:11,micro:FR10,"11 İçkilər: Ümumi mənfəət (proksi) marjası, buraxılışın %-i",%,2016–2030,2026–2030,True,45,Adverse;Baseline;Reform,FR10_forecast_tidy.csv,mikro §15.5.2
fr10:gos_proxy_margin_pct:12,micro:FR10,"12 Tütün məmulatları: Ümumi mənfəət (proksi) marjası, buraxılışın %-i",%,2016–2030,2026–2030,True,45,Adverse;Baseline;Reform,FR10_forecast_tidy.csv,mikro §15.5.2
fr10:gos_proxy_margin_pct:13,micro:FR10,"13 Toxuculuq: Ümumi mənfəət (proksi) marjası, buraxılışın %-i",%,2016–2030,2026–2030,True,45,Adverse;Baseline;Reform,FR10_forecast_tidy.csv,mikro §15.5.2
fr10:gos_proxy_margin_pct:14,micro:FR10,"14 Geyim: Ümumi mənfəət (proksi) marjası, buraxılışın %-i",%,2016–2030,2026–2030,True,45,Adverse;Baseline;Reform,FR10_forecast_tidy.csv,mikro §15.5.2
fr10:gos_proxy_margin_pct:15,micro:FR10,"15 Dəri və ayaqqabı: Ümumi mənfəət (proksi) marjası, buraxılışın %-i",%,2016–2030,2026–2030,True,45,Adverse;Baseline;Reform,FR10_forecast_tidy.csv,mikro §15.5.2
fr10:gos_proxy_margin_pct:16,micro:FR10,"16 Ağac emalı: Ümumi mənfəət (proksi) marjası, buraxılışın %-i",%,2016–2030,2026–2030,True,45,Adverse;Baseline;Reform,FR10_forecast_tidy.csv,mikro §15.5.2
fr10:gos_proxy_margin_pct:17,micro:FR10,"17 Kağız və karton: Ümumi mənfəət (proksi) marjası, buraxılışın %-i",%,2016–2030,2026–2030,True,45,Adverse;Baseline;Reform,FR10_forecast_tidy.csv,mikro §15.5.2
fr10:gos_proxy_margin_pct:18,micro:FR10,"18 Poliqrafiya: Ümumi mənfəət (proksi) marjası, buraxılışın %-i",%,2016–2030,2026–2030,True,45,Adverse;Baseline;Reform,FR10_forecast_tidy.csv,mikro §15.5.2
fr10:gos_proxy_margin_pct:19,micro:FR10,"19 Neft emalı məhsulları: Ümumi mənfəət (proksi) marjası, buraxılışın %-i",%,2016–2030,2026–2030,True,45,Adverse;Baseline;Reform,FR10_forecast_tidy.csv,mikro §15.5.2
fr10:gos_proxy_margin_pct:20,micro:FR10,"20 Kimya məhsulları: Ümumi mənfəət (proksi) marjası, buraxılışın %-i",%,2016–2030,2026–2030,True,45,Adverse;Baseline;Reform,FR10_forecast_tidy.csv,mikro §15.5.2
fr10:gos_proxy_margin_pct:21,micro:FR10,"21 Əczaçılıq məhsulları: Ümumi mənfəət (proksi) marjası, buraxılışın %-i",%,2016–2030,2026–2030,True,45,Adverse;Baseline;Reform,FR10_forecast_tidy.csv,mikro §15.5.2
fr10:gos_proxy_margin_pct:22,micro:FR10,"22 Rezin və plastik kütlə: Ümumi mənfəət (proksi) marjası, buraxılışın %-i",%,2016–2030,2026–2030,True,45,Adverse;Baseline;Reform,FR10_forecast_tidy.csv,mikro §15.5.2
fr10:gos_proxy_margin_pct:23,micro:FR10,"23 Digər qeyri-metal mineral məhsullar: Ümumi mənfəət (proksi) marjası, buraxılışın %-i",%,2016–2030,2026–2030,True,45,Adverse;Baseline;Reform,FR10_forecast_tidy.csv,mikro §15.5.2
fr10:gos_proxy_margin_pct:24,micro:FR10,"24 Metallurgiya: Ümumi mənfəət (proksi) marjası, buraxılışın %-i",%,2016–2030,2026–2030,True,45,Adverse;Baseline;Reform,FR10_forecast_tidy.csv,mikro §15.5.2
fr10:gos_proxy_margin_pct:25,micro:FR10,"25 Hazır metal məmulatları: Ümumi mənfəət (proksi) marjası, buraxılışın %-i",%,2016–2030,2026–2030,True,45,Adverse;Baseline;Reform,FR10_forecast_tidy.csv,mikro §15.5.2
fr10:gos_proxy_margin_pct:26,micro:FR10,"26 Kompüter və elektronika: Ümumi mənfəət (proksi) marjası, buraxılışın %-i",%,2016–2030,2026–2030,True,45,Adverse;Baseline;Reform,FR10_forecast_tidy.csv,mikro §15.5.2
fr10:gos_proxy_margin_pct:27,micro:FR10,"27 Elektrik avadanlığı: Ümumi mənfəət (proksi) marjası, buraxılışın %-i",%,2016–2030,2026–2030,True,45,Adverse;Baseline;Reform,FR10_forecast_tidy.csv,mikro §15.5.2
fr10:gos_proxy_margin_pct:28,micro:FR10,"28 Maşın və avadanlıq: Ümumi mənfəət (proksi) marjası, buraxılışın %-i",%,2016–2030,2026–2030,True,45,Adverse;Baseline;Reform,FR10_forecast_tidy.csv,mikro §15.5.2
fr10:gos_proxy_margin_pct:29,micro:FR10,"29 Avtomobil və qoşqular: Ümumi mənfəət (proksi) marjası, buraxılışın %-i",%,2016–2030,2026–2030,True,45,Adverse;Baseline;Reform,FR10_forecast_tidy.csv,mikro §15.5.2
fr10:gos_proxy_margin_pct:30,micro:FR10,"30 Digər nəqliyyat vasitələri: Ümumi mənfəət (proksi) marjası, buraxılışın %-i",%,2016–2030,2026–2030,True,45,Adverse;Baseline;Reform,FR10_forecast_tidy.csv,mikro §15.5.2
fr10:gos_proxy_margin_pct:31,micro:FR10,"31 Mebel: Ümumi mənfəət (proksi) marjası, buraxılışın %-i",%,2016–2030,2026–2030,True,45,Adverse;Baseline;Reform,FR10_forecast_tidy.csv,mikro §15.5.2
fr10:gos_proxy_margin_pct:32,micro:FR10,"32 Digər hazır məmulatlar: Ümumi mənfəət (proksi) marjası, buraxılışın %-i",%,2016–2030,2026–2030,True,45,Adverse;Baseline;Reform,FR10_forecast_tidy.csv,mikro §15.5.2
fr10:gos_proxy_margin_pct:33,micro:FR10,"33 Maşın və avadanlığın təmiri və quraşdırılması: Ümumi mənfəət (proksi) marjası, buraxılışın %-i",%,2016–2030,2026–2030,True,45,Adverse;Baseline;Reform,FR10_forecast_tidy.csv,mikro §15.5.2
fr10:hhi_man,micro:FR10,Emal sahələri üzrə Herfindahl-Hirschman indeksi,HHI (0–10 000),2005–2030,2026–2030,True,78,Adverse;Baseline;Reform,FR10_forecast_tidy.csv,mikro §15.5.2
fr10:ind_output,micro:FR10,"Sənaye buraxılışı, cəmi (30 sahə)",mln manat,1996–2030,2026–2030,True,105,Adverse;Baseline;Reform,FR10_forecast_tidy.csv,mikro §15.5.2
fr10:lp_thsd_AZN_2015:06,micro:FR10,06 Xam neft və təbii qaz hasilatı: Əmək məhsuldarlığı (real buraxılış / işçi),min manat (2015) / işçi,2016–2030,2026–2030,True,45,Adverse;Baseline;Reform,FR10_forecast_tidy.csv,mikro §15.5.2
fr10:lp_thsd_AZN_2015:07,micro:FR10,07 Metal filizlərinin hasilatı: Əmək məhsuldarlığı (real buraxılış / işçi),min manat (2015) / işçi,2016–2030,2026–2030,True,45,Adverse;Baseline;Reform,FR10_forecast_tidy.csv,mikro §15.5.2
fr10:lp_thsd_AZN_2015:08,micro:FR10,08 Digər faydalı qazıntılar: Əmək məhsuldarlığı (real buraxılış / işçi),min manat (2015) / işçi,2016–2030,2026–2030,True,45,Adverse;Baseline;Reform,FR10_forecast_tidy.csv,mikro §15.5.2
fr10:lp_thsd_AZN_2015:09,micro:FR10,09 Mədənçıxarma sahəsində xidmətlər: Əmək məhsuldarlığı (real buraxılış / işçi),min manat (2015) / işçi,2016–2030,2026–2030,True,45,Adverse;Baseline;Reform,FR10_forecast_tidy.csv,mikro §15.5.2
fr10:lp_thsd_AZN_2015:10,micro:FR10,10 Qida məhsulları: Əmək məhsuldarlığı (real buraxılış / işçi),min manat (2015) / işçi,2016–2030,2026–2030,True,45,Adverse;Baseline;Reform,FR10_forecast_tidy.csv,mikro §15.5.2
fr10:lp_thsd_AZN_2015:11,micro:FR10,11 İçkilər: Əmək məhsuldarlığı (real buraxılış / işçi),min manat (2015) / işçi,2016–2030,2026–2030,True,45,Adverse;Baseline;Reform,FR10_forecast_tidy.csv,mikro §15.5.2
fr10:lp_thsd_AZN_2015:12,micro:FR10,12 Tütün məmulatları: Əmək məhsuldarlığı (real buraxılış / işçi),min manat (2015) / işçi,2016–2030,2026–2030,True,45,Adverse;Baseline;Reform,FR10_forecast_tidy.csv,mikro §15.5.2
fr10:lp_thsd_AZN_2015:13,micro:FR10,13 Toxuculuq: Əmək məhsuldarlığı (real buraxılış / işçi),min manat (2015) / işçi,2016–2030,2026–2030,True,45,Adverse;Baseline;Reform,FR10_forecast_tidy.csv,mikro §15.5.2
fr10:lp_thsd_AZN_2015:14,micro:FR10,14 Geyim: Əmək məhsuldarlığı (real buraxılış / işçi),min manat (2015) / işçi,2016–2030,2026–2030,True,45,Adverse;Baseline;Reform,FR10_forecast_tidy.csv,mikro §15.5.2
fr10:lp_thsd_AZN_2015:15,micro:FR10,15 Dəri və ayaqqabı: Əmək məhsuldarlığı (real buraxılış / işçi),min manat (2015) / işçi,2016–2030,2026–2030,True,45,Adverse;Baseline;Reform,FR10_forecast_tidy.csv,mikro §15.5.2
fr10:lp_thsd_AZN_2015:16,micro:FR10,16 Ağac emalı: Əmək məhsuldarlığı (real buraxılış / işçi),min manat (2015) / işçi,2016–2030,2026–2030,True,45,Adverse;Baseline;Reform,FR10_forecast_tidy.csv,mikro §15.5.2
fr10:lp_thsd_AZN_2015:17,micro:FR10,17 Kağız və karton: Əmək məhsuldarlığı (real buraxılış / işçi),min manat (2015) / işçi,2016–2030,2026–2030,True,45,Adverse;Baseline;Reform,FR10_forecast_tidy.csv,mikro §15.5.2
fr10:lp_thsd_AZN_2015:18,micro:FR10,18 Poliqrafiya: Əmək məhsuldarlığı (real buraxılış / işçi),min manat (2015) / işçi,2016–2030,2026–2030,True,45,Adverse;Baseline;Reform,FR10_forecast_tidy.csv,mikro §15.5.2
fr10:lp_thsd_AZN_2015:19,micro:FR10,19 Neft emalı məhsulları: Əmək məhsuldarlığı (real buraxılış / işçi),min manat (2015) / işçi,2016–2030,2026–2030,True,45,Adverse;Baseline;Reform,FR10_forecast_tidy.csv,mikro §15.5.2
fr10:lp_thsd_AZN_2015:20,micro:FR10,20 Kimya məhsulları: Əmək məhsuldarlığı (real buraxılış / işçi),min manat (2015) / işçi,2016–2030,2026–2030,True,45,Adverse;Baseline;Reform,FR10_forecast_tidy.csv,mikro §15.5.2
fr10:lp_thsd_AZN_2015:21,micro:FR10,21 Əczaçılıq məhsulları: Əmək məhsuldarlığı (real buraxılış / işçi),min manat (2015) / işçi,2016–2030,2026–2030,True,45,Adverse;Baseline;Reform,FR10_forecast_tidy.csv,mikro §15.5.2
fr10:lp_thsd_AZN_2015:22,micro:FR10,22 Rezin və plastik kütlə: Əmək məhsuldarlığı (real buraxılış / işçi),min manat (2015) / işçi,2016–2030,2026–2030,True,45,Adverse;Baseline;Reform,FR10_forecast_tidy.csv,mikro §15.5.2
fr10:lp_thsd_AZN_2015:23,micro:FR10,23 Digər qeyri-metal mineral məhsullar: Əmək məhsuldarlığı (real buraxılış / işçi),min manat (2015) / işçi,2016–2030,2026–2030,True,45,Adverse;Baseline;Reform,FR10_forecast_tidy.csv,mikro §15.5.2
fr10:lp_thsd_AZN_2015:24,micro:FR10,24 Metallurgiya: Əmək məhsuldarlığı (real buraxılış / işçi),min manat (2015) / işçi,2016–2030,2026–2030,True,45,Adverse;Baseline;Reform,FR10_forecast_tidy.csv,mikro §15.5.2
fr10:lp_thsd_AZN_2015:25,micro:FR10,25 Hazır metal məmulatları: Əmək məhsuldarlığı (real buraxılış / işçi),min manat (2015) / işçi,2016–2030,2026–2030,True,45,Adverse;Baseline;Reform,FR10_forecast_tidy.csv,mikro §15.5.2
fr10:lp_thsd_AZN_2015:26,micro:FR10,26 Kompüter və elektronika: Əmək məhsuldarlığı (real buraxılış / işçi),min manat (2015) / işçi,2016–2030,2026–2030,True,45,Adverse;Baseline;Reform,FR10_forecast_tidy.csv,mikro §15.5.2
fr10:lp_thsd_AZN_2015:27,micro:FR10,27 Elektrik avadanlığı: Əmək məhsuldarlığı (real buraxılış / işçi),min manat (2015) / işçi,2016–2030,2026–2030,True,45,Adverse;Baseline;Reform,FR10_forecast_tidy.csv,mikro §15.5.2
fr10:lp_thsd_AZN_2015:28,micro:FR10,28 Maşın və avadanlıq: Əmək məhsuldarlığı (real buraxılış / işçi),min manat (2015) / işçi,2016–2030,2026–2030,True,45,Adverse;Baseline;Reform,FR10_forecast_tidy.csv,mikro §15.5.2
fr10:lp_thsd_AZN_2015:29,micro:FR10,29 Avtomobil və qoşqular: Əmək məhsuldarlığı (real buraxılış / işçi),min manat (2015) / işçi,2016–2030,2026–2030,True,45,Adverse;Baseline;Reform,FR10_forecast_tidy.csv,mikro §15.5.2
fr10:lp_thsd_AZN_2015:30,micro:FR10,30 Digər nəqliyyat vasitələri: Əmək məhsuldarlığı (real buraxılış / işçi),min manat (2015) / işçi,2016–2030,2026–2030,True,45,Adverse;Baseline;Reform,FR10_forecast_tidy.csv,mikro §15.5.2
fr10:lp_thsd_AZN_2015:31,micro:FR10,31 Mebel: Əmək məhsuldarlığı (real buraxılış / işçi),min manat (2015) / işçi,2016–2030,2026–2030,True,45,Adverse;Baseline;Reform,FR10_forecast_tidy.csv,mikro §15.5.2
fr10:lp_thsd_AZN_2015:32,micro:FR10,32 Digər hazır məmulatlar: Əmək məhsuldarlığı (real buraxılış / işçi),min manat (2015) / işçi,2016–2030,2026–2030,True,45,Adverse;Baseline;Reform,FR10_forecast_tidy.csv,mikro §15.5.2
fr10:lp_thsd_AZN_2015:33,micro:FR10,33 Maşın və avadanlığın təmiri və quraşdırılması: Əmək məhsuldarlığı (real buraxılış / işçi),min manat (2015) / işçi,2016–2030,2026–2030,True,45,Adverse;Baseline;Reform,FR10_forecast_tidy.csv,mikro §15.5.2
fr10:lp_thsd_AZN_2015:35,micro:FR10,"35 Elektrik enerjisi, qaz və buxar: Əmək məhsuldarlığı (real buraxılış / işçi)",min manat (2015) / işçi,2016–2030,2026–2030,True,45,Adverse;Baseline;Reform,FR10_forecast_tidy.csv,mikro §15.5.2
fr10:lp_thsd_AZN_2015:36,micro:FR10,"36 Su təchizatı, tullantılar: Əmək məhsuldarlığı (real buraxılış / işçi)",min manat (2015) / işçi,2016–2030,2026–2030,True,45,Adverse;Baseline;Reform,FR10_forecast_tidy.csv,mikro §15.5.2
fr10:nonstate_share,micro:FR10,Qeyri-dövlət sektorunun sənaye buraxılışında payı (tərkib effekti),%,1997–2030,2026–2030,True,102,Adverse;Baseline;Reform,FR10_forecast_tidy.csv,mikro §15.5.2
fr10:output_nominal_mn_AZN:06,micro:FR10,06 Xam neft və təbii qaz hasilatı: Nominal buraxılış,mln manat,1995–2030,2026–2030,True,108,Adverse;Baseline;Reform,FR10_forecast_tidy.csv,mikro §15.5.2
fr10:output_nominal_mn_AZN:07,micro:FR10,07 Metal filizlərinin hasilatı: Nominal buraxılış,mln manat,1995–2030,2026–2030,True,108,Adverse;Baseline;Reform,FR10_forecast_tidy.csv,mikro §15.5.2
fr10:output_nominal_mn_AZN:08,micro:FR10,08 Digər faydalı qazıntılar: Nominal buraxılış,mln manat,1995–2030,2026–2030,True,108,Adverse;Baseline;Reform,FR10_forecast_tidy.csv,mikro §15.5.2
fr10:output_nominal_mn_AZN:09,micro:FR10,09 Mədənçıxarma sahəsində xidmətlər: Nominal buraxılış,mln manat,1996–2030,2026–2030,True,105,Adverse;Baseline;Reform,FR10_forecast_tidy.csv,mikro §15.5.2
fr10:output_nominal_mn_AZN:10,micro:FR10,10 Qida məhsulları: Nominal buraxılış,mln manat,1995–2030,2026–2030,True,108,Adverse;Baseline;Reform,FR10_forecast_tidy.csv,mikro §15.5.2
fr10:output_nominal_mn_AZN:11,micro:FR10,11 İçkilər: Nominal buraxılış,mln manat,1995–2030,2026–2030,True,108,Adverse;Baseline;Reform,FR10_forecast_tidy.csv,mikro §15.5.2
fr10:output_nominal_mn_AZN:12,micro:FR10,12 Tütün məmulatları: Nominal buraxılış,mln manat,1995–2030,2026–2030,True,108,Adverse;Baseline;Reform,FR10_forecast_tidy.csv,mikro §15.5.2
fr10:output_nominal_mn_AZN:13,micro:FR10,13 Toxuculuq: Nominal buraxılış,mln manat,1995–2030,2026–2030,True,108,Adverse;Baseline;Reform,FR10_forecast_tidy.csv,mikro §15.5.2
fr10:output_nominal_mn_AZN:14,micro:FR10,14 Geyim: Nominal buraxılış,mln manat,1995–2030,2026–2030,True,108,Adverse;Baseline;Reform,FR10_forecast_tidy.csv,mikro §15.5.2
fr10:output_nominal_mn_AZN:15,micro:FR10,15 Dəri və ayaqqabı: Nominal buraxılış,mln manat,1995–2030,2026–2030,True,108,Adverse;Baseline;Reform,FR10_forecast_tidy.csv,mikro §15.5.2
fr10:output_nominal_mn_AZN:16,micro:FR10,16 Ağac emalı: Nominal buraxılış,mln manat,1995–2030,2026–2030,True,108,Adverse;Baseline;Reform,FR10_forecast_tidy.csv,mikro §15.5.2
fr10:output_nominal_mn_AZN:17,micro:FR10,17 Kağız və karton: Nominal buraxılış,mln manat,1995–2030,2026–2030,True,108,Adverse;Baseline;Reform,FR10_forecast_tidy.csv,mikro §15.5.2
fr10:output_nominal_mn_AZN:18,micro:FR10,18 Poliqrafiya: Nominal buraxılış,mln manat,1995–2030,2026–2030,True,108,Adverse;Baseline;Reform,FR10_forecast_tidy.csv,mikro §15.5.2
fr10:output_nominal_mn_AZN:19,micro:FR10,19 Neft emalı məhsulları: Nominal buraxılış,mln manat,1995–2030,2026–2030,True,108,Adverse;Baseline;Reform,FR10_forecast_tidy.csv,mikro §15.5.2
fr10:output_nominal_mn_AZN:20,micro:FR10,20 Kimya məhsulları: Nominal buraxılış,mln manat,1995–2030,2026–2030,True,108,Adverse;Baseline;Reform,FR10_forecast_tidy.csv,mikro §15.5.2
fr10:output_nominal_mn_AZN:21,micro:FR10,21 Əczaçılıq məhsulları: Nominal buraxılış,mln manat,1995–2030,2026–2030,True,108,Adverse;Baseline;Reform,FR10_forecast_tidy.csv,mikro §15.5.2
fr10:output_nominal_mn_AZN:22,micro:FR10,22 Rezin və plastik kütlə: Nominal buraxılış,mln manat,1995–2030,2026–2030,True,108,Adverse;Baseline;Reform,FR10_forecast_tidy.csv,mikro §15.5.2
fr10:output_nominal_mn_AZN:23,micro:FR10,23 Digər qeyri-metal mineral məhsullar: Nominal buraxılış,mln manat,1995–2030,2026–2030,True,108,Adverse;Baseline;Reform,FR10_forecast_tidy.csv,mikro §15.5.2
fr10:output_nominal_mn_AZN:24,micro:FR10,24 Metallurgiya: Nominal buraxılış,mln manat,1995–2030,2026–2030,True,108,Adverse;Baseline;Reform,FR10_forecast_tidy.csv,mikro §15.5.2
fr10:output_nominal_mn_AZN:25,micro:FR10,25 Hazır metal məmulatları: Nominal buraxılış,mln manat,1995–2030,2026–2030,True,108,Adverse;Baseline;Reform,FR10_forecast_tidy.csv,mikro §15.5.2
fr10:output_nominal_mn_AZN:26,micro:FR10,26 Kompüter və elektronika: Nominal buraxılış,mln manat,1995–2030,2026–2030,True,108,Adverse;Baseline;Reform,FR10_forecast_tidy.csv,mikro §15.5.2
fr10:output_nominal_mn_AZN:27,micro:FR10,27 Elektrik avadanlığı: Nominal buraxılış,mln manat,1995–2030,2026–2030,True,108,Adverse;Baseline;Reform,FR10_forecast_tidy.csv,mikro §15.5.2
fr10:output_nominal_mn_AZN:28,micro:FR10,28 Maşın və avadanlıq: Nominal buraxılış,mln manat,1995–2030,2026–2030,True,108,Adverse;Baseline;Reform,FR10_forecast_tidy.csv,mikro §15.5.2
fr10:output_nominal_mn_AZN:29,micro:FR10,29 Avtomobil və qoşqular: Nominal buraxılış,mln manat,1995–2030,2026–2030,True,108,Adverse;Baseline;Reform,FR10_forecast_tidy.csv,mikro §15.5.2
fr10:output_nominal_mn_AZN:30,micro:FR10,30 Digər nəqliyyat vasitələri: Nominal buraxılış,mln manat,1995–2030,2026–2030,True,108,Adverse;Baseline;Reform,FR10_forecast_tidy.csv,mikro §15.5.2
fr10:output_nominal_mn_AZN:31,micro:FR10,31 Mebel: Nominal buraxılış,mln manat,1995–2030,2026–2030,True,108,Adverse;Baseline;Reform,FR10_forecast_tidy.csv,mikro §15.5.2
fr10:output_nominal_mn_AZN:32,micro:FR10,32 Digər hazır məmulatlar: Nominal buraxılış,mln manat,1995–2030,2026–2030,True,108,Adverse;Baseline;Reform,FR10_forecast_tidy.csv,mikro §15.5.2
fr10:output_nominal_mn_AZN:33,micro:FR10,33 Maşın və avadanlığın təmiri və quraşdırılması: Nominal buraxılış,mln manat,1995–2030,2026–2030,True,108,Adverse;Baseline;Reform,FR10_forecast_tidy.csv,mikro §15.5.2
fr10:output_nominal_mn_AZN:35,micro:FR10,"35 Elektrik enerjisi, qaz və buxar: Nominal buraxılış",mln manat,1995–2030,2026–2030,True,108,Adverse;Baseline;Reform,FR10_forecast_tidy.csv,mikro §15.5.2
fr10:output_nominal_mn_AZN:36,micro:FR10,"36 Su təchizatı, tullantılar: Nominal buraxılış",mln manat,1995–2030,2026–2030,True,108,Adverse;Baseline;Reform,FR10_forecast_tidy.csv,mikro §15.5.2
fr10:output_real_mn_AZN_2015:06,micro:FR10,06 Xam neft və təbii qaz hasilatı: Real buraxılış (2015 qiymətləri),mln manat (2015),1991–2030,2026–2030,True,120,Adverse;Baseline;Reform,FR10_forecast_tidy.csv,mikro §15.5.2
fr10:output_real_mn_AZN_2015:07,micro:FR10,07 Metal filizlərinin hasilatı: Real buraxılış (2015 qiymətləri),mln manat (2015),1991–2030,2026–2030,True,120,Adverse;Baseline;Reform,FR10_forecast_tidy.csv,mikro §15.5.2
fr10:output_real_mn_AZN_2015:08,micro:FR10,08 Digər faydalı qazıntılar: Real buraxılış (2015 qiymətləri),mln manat (2015),1991–2030,2026–2030,True,120,Adverse;Baseline;Reform,FR10_forecast_tidy.csv,mikro §15.5.2
fr10:output_real_mn_AZN_2015:09,micro:FR10,09 Mədənçıxarma sahəsində xidmətlər: Real buraxılış (2015 qiymətləri),mln manat (2015),1996–2030,2026–2030,True,105,Adverse;Baseline;Reform,FR10_forecast_tidy.csv,mikro §15.5.2
fr10:output_real_mn_AZN_2015:10,micro:FR10,10 Qida məhsulları: Real buraxılış (2015 qiymətləri),mln manat (2015),1991–2030,2026–2030,True,120,Adverse;Baseline;Reform,FR10_forecast_tidy.csv,mikro §15.5.2
fr10:output_real_mn_AZN_2015:11,micro:FR10,11 İçkilər: Real buraxılış (2015 qiymətləri),mln manat (2015),1991–2030,2026–2030,True,120,Adverse;Baseline;Reform,FR10_forecast_tidy.csv,mikro §15.5.2
fr10:output_real_mn_AZN_2015:12,micro:FR10,12 Tütün məmulatları: Real buraxılış (2015 qiymətləri),mln manat (2015),1991–2030,2026–2030,True,120,Adverse;Baseline;Reform,FR10_forecast_tidy.csv,mikro §15.5.2
fr10:output_real_mn_AZN_2015:13,micro:FR10,13 Toxuculuq: Real buraxılış (2015 qiymətləri),mln manat (2015),1991–2030,2026–2030,True,120,Adverse;Baseline;Reform,FR10_forecast_tidy.csv,mikro §15.5.2
fr10:output_real_mn_AZN_2015:14,micro:FR10,14 Geyim: Real buraxılış (2015 qiymətləri),mln manat (2015),1991–2030,2026–2030,True,120,Adverse;Baseline;Reform,FR10_forecast_tidy.csv,mikro §15.5.2
fr10:output_real_mn_AZN_2015:15,micro:FR10,15 Dəri və ayaqqabı: Real buraxılış (2015 qiymətləri),mln manat (2015),1991–2030,2026–2030,True,120,Adverse;Baseline;Reform,FR10_forecast_tidy.csv,mikro §15.5.2
fr10:output_real_mn_AZN_2015:16,micro:FR10,16 Ağac emalı: Real buraxılış (2015 qiymətləri),mln manat (2015),1991–2030,2026–2030,True,120,Adverse;Baseline;Reform,FR10_forecast_tidy.csv,mikro §15.5.2
fr10:output_real_mn_AZN_2015:17,micro:FR10,17 Kağız və karton: Real buraxılış (2015 qiymətləri),mln manat (2015),1991–2030,2026–2030,True,120,Adverse;Baseline;Reform,FR10_forecast_tidy.csv,mikro §15.5.2
fr10:output_real_mn_AZN_2015:18,micro:FR10,18 Poliqrafiya: Real buraxılış (2015 qiymətləri),mln manat (2015),1991–2030,2026–2030,True,120,Adverse;Baseline;Reform,FR10_forecast_tidy.csv,mikro §15.5.2
fr10:output_real_mn_AZN_2015:19,micro:FR10,19 Neft emalı məhsulları: Real buraxılış (2015 qiymətləri),mln manat (2015),1991–2030,2026–2030,True,120,Adverse;Baseline;Reform,FR10_forecast_tidy.csv,mikro §15.5.2
fr10:output_real_mn_AZN_2015:20,micro:FR10,20 Kimya məhsulları: Real buraxılış (2015 qiymətləri),mln manat (2015),1991–2030,2026–2030,True,120,Adverse;Baseline;Reform,FR10_forecast_tidy.csv,mikro §15.5.2
fr10:output_real_mn_AZN_2015:21,micro:FR10,21 Əczaçılıq məhsulları: Real buraxılış (2015 qiymətləri),mln manat (2015),1991–2030,2026–2030,True,120,Adverse;Baseline;Reform,FR10_forecast_tidy.csv,mikro §15.5.2
fr10:output_real_mn_AZN_2015:22,micro:FR10,22 Rezin və plastik kütlə: Real buraxılış (2015 qiymətləri),mln manat (2015),1991–2030,2026–2030,True,120,Adverse;Baseline;Reform,FR10_forecast_tidy.csv,mikro §15.5.2
fr10:output_real_mn_AZN_2015:23,micro:FR10,23 Digər qeyri-metal mineral məhsullar: Real buraxılış (2015 qiymətləri),mln manat (2015),1991–2030,2026–2030,True,120,Adverse;Baseline;Reform,FR10_forecast_tidy.csv,mikro §15.5.2
fr10:output_real_mn_AZN_2015:24,micro:FR10,24 Metallurgiya: Real buraxılış (2015 qiymətləri),mln manat (2015),1991–2030,2026–2030,True,120,Adverse;Baseline;Reform,FR10_forecast_tidy.csv,mikro §15.5.2
fr10:output_real_mn_AZN_2015:25,micro:FR10,25 Hazır metal məmulatları: Real buraxılış (2015 qiymətləri),mln manat (2015),1991–2030,2026–2030,True,120,Adverse;Baseline;Reform,FR10_forecast_tidy.csv,mikro §15.5.2
fr10:output_real_mn_AZN_2015:26,micro:FR10,26 Kompüter və elektronika: Real buraxılış (2015 qiymətləri),mln manat (2015),1991–2030,2026–2030,True,120,Adverse;Baseline;Reform,FR10_forecast_tidy.csv,mikro §15.5.2
fr10:output_real_mn_AZN_2015:27,micro:FR10,27 Elektrik avadanlığı: Real buraxılış (2015 qiymətləri),mln manat (2015),1991–2030,2026–2030,True,120,Adverse;Baseline;Reform,FR10_forecast_tidy.csv,mikro §15.5.2
fr10:output_real_mn_AZN_2015:28,micro:FR10,28 Maşın və avadanlıq: Real buraxılış (2015 qiymətləri),mln manat (2015),1991–2030,2026–2030,True,120,Adverse;Baseline;Reform,FR10_forecast_tidy.csv,mikro §15.5.2
fr10:output_real_mn_AZN_2015:29,micro:FR10,29 Avtomobil və qoşqular: Real buraxılış (2015 qiymətləri),mln manat (2015),1991–2030,2026–2030,True,120,Adverse;Baseline;Reform,FR10_forecast_tidy.csv,mikro §15.5.2
fr10:output_real_mn_AZN_2015:30,micro:FR10,30 Digər nəqliyyat vasitələri: Real buraxılış (2015 qiymətləri),mln manat (2015),1991–2030,2026–2030,True,120,Adverse;Baseline;Reform,FR10_forecast_tidy.csv,mikro §15.5.2
fr10:output_real_mn_AZN_2015:31,micro:FR10,31 Mebel: Real buraxılış (2015 qiymətləri),mln manat (2015),1991–2030,2026–2030,True,120,Adverse;Baseline;Reform,FR10_forecast_tidy.csv,mikro §15.5.2
fr10:output_real_mn_AZN_2015:32,micro:FR10,32 Digər hazır məmulatlar: Real buraxılış (2015 qiymətləri),mln manat (2015),1995–2030,2026–2030,True,108,Adverse;Baseline;Reform,FR10_forecast_tidy.csv,mikro §15.5.2
fr10:output_real_mn_AZN_2015:33,micro:FR10,33 Maşın və avadanlığın təmiri və quraşdırılması: Real buraxılış (2015 qiymətləri),mln manat (2015),1995–2030,2026–2030,True,108,Adverse;Baseline;Reform,FR10_forecast_tidy.csv,mikro §15.5.2
fr10:output_real_mn_AZN_2015:35,micro:FR10,"35 Elektrik enerjisi, qaz və buxar: Real buraxılış (2015 qiymətləri)",mln manat (2015),1991–2030,2026–2030,True,120,Adverse;Baseline;Reform,FR10_forecast_tidy.csv,mikro §15.5.2
fr10:output_real_mn_AZN_2015:36,micro:FR10,"36 Su təchizatı, tullantılar: Real buraxılış (2015 qiymətləri)",mln manat (2015),1991–2030,2026–2030,True,120,Adverse;Baseline;Reform,FR10_forecast_tidy.csv,mikro §15.5.2
fr10:prod:06_oil_extraction_including_gas_condensate,micro:FR10,"Neft hasilatı (qaz kondensatı daxil olmaqla), min ton",min ton,1995–2030,2026–2030,False,108,Adverse;Baseline;Reform,FR10_forecast_tidy.csv,mikro §15.5.2
fr10:prod:07_copper_concentrates,micro:FR10,"Mis konsentratı, ton",ton,2003–2030,2026–2030,False,69,Adverse;Baseline;Reform,FR10_forecast_tidy.csv,mikro §15.5.2
fr10:prod:07_gold,micro:FR10,"Qızıl, kiloqram",kiloqram,2009–2030,2026–2030,False,66,Adverse;Baseline;Reform,FR10_forecast_tidy.csv,mikro §15.5.2
fr10:prod:07_silver,micro:FR10,"Gümüş, kiloqram",kiloqram,2010–2030,2026–2030,False,63,Adverse;Baseline;Reform,FR10_forecast_tidy.csv,mikro §15.5.2
fr10:prod:08_bentonite,micro:FR10,"Bentonit, min ton",min ton,2002–2030,2026–2030,False,87,Adverse;Baseline;Reform,FR10_forecast_tidy.csv,mikro §15.5.2
fr10:prod:08_gravel_crashed_stone,micro:FR10,"Çınqıl, qırmadaş, xırda çay daşı və çaxmaq daşı, min ton",min ton,2002–2030,2026–2030,False,87,Adverse;Baseline;Reform,FR10_forecast_tidy.csv,mikro §15.5.2
fr10:prod:08_gypsum_and_anhydrit,micro:FR10,"Gips və anhidrit, ton",ton,2000–2030,2026–2030,False,93,Adverse;Baseline;Reform,FR10_forecast_tidy.csv,mikro §15.5.2
fr10:prod:08_limestone_for_construction,micro:FR10,"İnşaat üçün əhəng daşı, min ton",min ton,2002–2030,2026–2030,False,87,Adverse;Baseline;Reform,FR10_forecast_tidy.csv,mikro §15.5.2
fr10:prod:08_salt,micro:FR10,"Duz, ton",ton,1995–2030,2026–2030,False,108,Adverse;Baseline;Reform,FR10_forecast_tidy.csv,mikro §15.5.2
fr10:prod:08_sand_for_construction,micro:FR10,"Tikinti qumu, min ton",min ton,2000–2030,2026–2030,False,93,Adverse;Baseline;Reform,FR10_forecast_tidy.csv,mikro §15.5.2
fr10:prod:10_animal_feeds,micro:FR10,"Yem, min ton",min ton,1995–2030,2026–2030,False,108,Adverse;Baseline;Reform,FR10_forecast_tidy.csv,mikro §15.5.2
fr10:prod:10_ayran,micro:FR10,"Ayran, ton",ton,2000–2030,2026–2030,False,93,Adverse;Baseline;Reform,FR10_forecast_tidy.csv,mikro §15.5.2
fr10:prod:10_bread,micro:FR10,"Çörək, min ton",min ton,1995–2030,2026–2030,False,108,Adverse;Baseline;Reform,FR10_forecast_tidy.csv,mikro §15.5.2
fr10:prod:10_butter,micro:FR10,"Kərə yağı, min ton",min ton,1995–2030,2026–2030,False,108,Adverse;Baseline;Reform,FR10_forecast_tidy.csv,mikro §15.5.2
fr10:prod:10_canned_fruit_and_vegetables,micro:FR10,"meyvə və tərəvəz konservləri, min ton",min ton,2002–2030,2026–2030,False,87,Adverse;Baseline;Reform,FR10_forecast_tidy.csv,mikro §15.5.2
fr10:prod:10_canned_fruit_and_vegetables_fruit_and_vegetable_,micro:FR10,"Meyvə və tərəvəz konservləri, şirələri, min ton",min ton,2002–2030,2026–2030,False,87,Adverse;Baseline;Reform,FR10_forecast_tidy.csv,mikro §15.5.2
fr10:prod:10_caviar,micro:FR10,"Nərə kürüsü, ton",ton,1995–2030,2026–2030,False,108,Adverse;Baseline;Reform,FR10_forecast_tidy.csv,mikro §15.5.2
fr10:prod:10_cheese_and_curd,micro:FR10,"Pendir və kəsmik, ton",ton,1996–2030,2026–2030,False,105,Adverse;Baseline;Reform,FR10_forecast_tidy.csv,mikro §15.5.2
fr10:prod:10_condensed_milk,micro:FR10,"Qatılaşdırılmış süd, ton",ton,1995–2030,2026–2030,False,90,Adverse;Baseline;Reform,FR10_forecast_tidy.csv,mikro §15.5.2
fr10:prod:10_cream_sour_cream,micro:FR10,"Qaymaq və xama, ton",ton,1997–2030,2026–2030,False,102,Adverse;Baseline;Reform,FR10_forecast_tidy.csv,mikro §15.5.2
fr10:prod:10_fish_products_including_canned_fish,micro:FR10,"Balıq məhsulları (konservlər daxil olmaqla), min ton",min ton,1995–2030,2026–2030,False,108,Adverse;Baseline;Reform,FR10_forecast_tidy.csv,mikro §15.5.2
fr10:prod:10_flour_confectionery,micro:FR10,"Unlu qənnadı məmulatları, min ton",min ton,2000–2030,2026–2030,False,93,Adverse;Baseline;Reform,FR10_forecast_tidy.csv,mikro §15.5.2
fr10:prod:10_hydrogenated_oil,micro:FR10,"hidrogenləşdirilmiş yağlar, min ton",min ton,2000–2030,2026–2030,False,93,Adverse;Baseline;Reform,FR10_forecast_tidy.csv,mikro §15.5.2
fr10:prod:10_ice_cream,micro:FR10,"Dondurma, ton",ton,1995–2030,2026–2030,False,108,Adverse;Baseline;Reform,FR10_forecast_tidy.csv,mikro §15.5.2
fr10:prod:10_liquid_vegetable_oils,micro:FR10,"duru bitki yağları, min ton",min ton,1995–2030,2026–2030,False,108,Adverse;Baseline;Reform,FR10_forecast_tidy.csv,mikro §15.5.2
fr10:prod:10_macaroni_products,micro:FR10,"Makaron məmulatları, min ton",min ton,1995–2030,2026–2030,False,108,Adverse;Baseline;Reform,FR10_forecast_tidy.csv,mikro §15.5.2
fr10:prod:10_margarine,micro:FR10,"Marqarin, ton",ton,1995–2030,2026–2030,False,105,Adverse;Baseline;Reform,FR10_forecast_tidy.csv,mikro §15.5.2
fr10:prod:10_mayonnaise,micro:FR10,"Mayonez, ton",ton,2008–2030,2026–2030,False,69,Adverse;Baseline;Reform,FR10_forecast_tidy.csv,mikro §15.5.2
fr10:prod:10_sausages_and_similar_products,micro:FR10,"Kolbasa məmulatları, ton",ton,1995–2030,2026–2030,False,108,Adverse;Baseline;Reform,FR10_forecast_tidy.csv,mikro §15.5.2
fr10:prod:10_sugar,micro:FR10,"Şəkər, qənd, min ton",min ton,1996–2030,2026–2030,False,105,Adverse;Baseline;Reform,FR10_forecast_tidy.csv,mikro §15.5.2
fr10:prod:10_sugar_confectionery,micro:FR10,"Şəkərli qənnadı məmulatları, min ton",min ton,2000–2030,2026–2030,False,93,Adverse;Baseline;Reform,FR10_forecast_tidy.csv,mikro §15.5.2
fr10:prod:10_table_salt,micro:FR10,"Qida duzu, ton",ton,2000–2030,2026–2030,False,93,Adverse;Baseline;Reform,FR10_forecast_tidy.csv,mikro §15.5.2
fr10:prod:10_tea,micro:FR10,"Çay, min ton",min ton,1995–2030,2026–2030,False,108,Adverse;Baseline;Reform,FR10_forecast_tidy.csv,mikro §15.5.2
fr10:prod:10_vegetable_oils,micro:FR10,"Bitki yağları, min ton",min ton,1995–2030,2026–2030,False,108,Adverse;Baseline;Reform,FR10_forecast_tidy.csv,mikro §15.5.2
fr10:prod:10_wheat_flour,micro:FR10,"Buğda unu, min ton",min ton,1995–2030,2026–2030,False,108,Adverse;Baseline;Reform,FR10_forecast_tidy.csv,mikro §15.5.2
fr10:prod:11_alcohol,micro:FR10,"Spirt, min dkl",min dkl,2000–2030,2026–2030,False,93,Adverse;Baseline;Reform,FR10_forecast_tidy.csv,mikro §15.5.2
fr10:prod:11_beer,micro:FR10,"Pivə, min dkl",min dkl,1995–2030,2026–2030,False,108,Adverse;Baseline;Reform,FR10_forecast_tidy.csv,mikro §15.5.2
fr10:prod:11_desalinated_waters,micro:FR10,"Şirinləşdirilmiş sular, min dkl",min dkl,1995–2030,2026–2030,False,108,Adverse;Baseline;Reform,FR10_forecast_tidy.csv,mikro §15.5.2
fr10:prod:11_vodka,micro:FR10,"Araq, min dkl",min dkl,1995–2030,2026–2030,False,108,Adverse;Baseline;Reform,FR10_forecast_tidy.csv,mikro §15.5.2
fr10:prod:11_whiskey_brandy,micro:FR10,"Viski, brendi, min dkl",min dkl,1995–2030,2026–2030,False,108,Adverse;Baseline;Reform,FR10_forecast_tidy.csv,mikro §15.5.2
fr10:prod:11_wine,micro:FR10,"Üzüm şərabı, min dkl",min dkl,1995–2030,2026–2030,False,108,Adverse;Baseline;Reform,FR10_forecast_tidy.csv,mikro §15.5.2
fr10:prod:12_cigarettes,micro:FR10,"Siqaretlər, mln. ədəd",mln. ədəd,1995–2030,2026–2030,False,108,Adverse;Baseline;Reform,FR10_forecast_tidy.csv,mikro §15.5.2
fr10:prod:12_tobacco,micro:FR10,"Tütün, ton",ton,1995–2030,2026–2030,False,108,Adverse;Baseline;Reform,FR10_forecast_tidy.csv,mikro §15.5.2
fr10:prod:13_carpet,micro:FR10,"Xalça, min kv.metr",min kv.metr,1995–2030,2026–2030,False,108,Adverse;Baseline;Reform,FR10_forecast_tidy.csv,mikro §15.5.2
fr10:prod:13_cotton_bed_linen,micro:FR10,"Pambıq yataq ağları, min ədəd",min ədəd,1995–2030,2026–2030,False,108,Adverse;Baseline;Reform,FR10_forecast_tidy.csv,mikro §15.5.2
fr10:prod:13_cotton_fabrics,micro:FR10,"Pambıq parçalar, min kv.metr",min kv.metr,1995–2030,2026–2030,False,108,Adverse;Baseline;Reform,FR10_forecast_tidy.csv,mikro §15.5.2
fr10:prod:13_cotton_lint,micro:FR10,"Pambıq mahlıc, min ton",min ton,1995–2030,2026–2030,False,108,Adverse;Baseline;Reform,FR10_forecast_tidy.csv,mikro §15.5.2
fr10:prod:13_cotton_yarn,micro:FR10,"Pambıq iplik, min ton",min ton,1995–2030,2026–2030,False,108,Adverse;Baseline;Reform,FR10_forecast_tidy.csv,mikro §15.5.2
fr10:prod:14_hosiery,micro:FR10,"Corab məmulatları, min cüt",min cüt,1995–2030,2026–2030,False,108,Adverse;Baseline;Reform,FR10_forecast_tidy.csv,mikro §15.5.2
fr10:prod:14_outerwear,micro:FR10,"Üst geyim, min ədəd",min ədəd,1995–2030,2026–2030,False,108,Adverse;Baseline;Reform,FR10_forecast_tidy.csv,mikro §15.5.2
fr10:prod:14_underwear,micro:FR10,"Alt geyim, min ədəd",min ədəd,1995–2030,2026–2030,False,108,Adverse;Baseline;Reform,FR10_forecast_tidy.csv,mikro §15.5.2
fr10:prod:15_footwear,micro:FR10,"Ayaqqabı, min cüt",min cüt,1995–2030,2026–2030,False,108,Adverse;Baseline;Reform,FR10_forecast_tidy.csv,mikro §15.5.2
fr10:prod:15_leather_not_further_processed_after_tanning,micro:FR10,"Aşılanmadan başqa digər emala məruz qalmayan dəri, ton",ton,2010–2030,2026–2030,False,63,Adverse;Baseline;Reform,FR10_forecast_tidy.csv,mikro §15.5.2
fr10:prod:15_processed_leather,micro:FR10,"Emal edilmiş dəri, min kv. metr",min kv. metr,2010–2030,2026–2030,False,63,Adverse;Baseline;Reform,FR10_forecast_tidy.csv,mikro §15.5.2
fr10:prod:16_wood,micro:FR10,"Taxta şalban, kub metr",kub metr,1995–2030,2026–2030,False,102,Adverse;Baseline;Reform,FR10_forecast_tidy.csv,mikro §15.5.2
fr10:prod:16_wooden_pallets_and_other_loading_boards,micro:FR10,"Taxta altlıqlar və sair yükləmə lövhələri, ədəd",ədəd,2004–2030,2026–2030,False,81,Adverse;Baseline;Reform,FR10_forecast_tidy.csv,mikro §15.5.2
fr10:prod:16_wooden_parquet,micro:FR10,"Taxta parket, min kv.metr",min kv.metr,1995–2030,2026–2030,False,108,Adverse;Baseline;Reform,FR10_forecast_tidy.csv,mikro §15.5.2
fr10:prod:17_corrugated_paper_and_paperboard,micro:FR10,"Büzmələnmiş kağız və karton taralar, min ton",min ton,2000–2030,2026–2030,False,93,Adverse;Baseline;Reform,FR10_forecast_tidy.csv,mikro §15.5.2
fr10:prod:17_hygienic_and_hospital_articles_garments_and_clot,micro:FR10,"Gigiyena və xəstəxana məmulatı, geyim əşyaları və aksesuarları, ton",ton,2004–2030,2026–2030,False,66,Adverse;Baseline;Reform,FR10_forecast_tidy.csv,mikro §15.5.2
fr10:prod:19_bitumen,micro:FR10,"neft bitumu, min ton",min ton,1995–2030,2026–2030,False,108,Adverse;Baseline;Reform,FR10_forecast_tidy.csv,mikro §15.5.2
fr10:prod:19_fuel_oil,micro:FR10,"Mazut, min ton",min ton,1995–2030,2026–2030,False,108,Adverse;Baseline;Reform,FR10_forecast_tidy.csv,mikro §15.5.2
fr10:prod:19_gas_oils_diesel_fuel,micro:FR10,"Qazoyllar (dizel yanacağı), min ton",min ton,1995–2030,2026–2030,False,108,Adverse;Baseline;Reform,FR10_forecast_tidy.csv,mikro §15.5.2
fr10:prod:19_gasoline,micro:FR10,"Avtomobil benzini, min ton",min ton,1995–2030,2026–2030,False,108,Adverse;Baseline;Reform,FR10_forecast_tidy.csv,mikro §15.5.2
fr10:prod:19_kerosene,micro:FR10,"Ağ neft, min ton",min ton,1995–2030,2026–2030,False,108,Adverse;Baseline;Reform,FR10_forecast_tidy.csv,mikro §15.5.2
fr10:prod:19_light_petroleum_products_light_distillates,micro:FR10,"Yüngül neft məhsulları, yüngül distillatlar, min ton",min ton,1995–2030,2026–2030,False,108,Adverse;Baseline;Reform,FR10_forecast_tidy.csv,mikro §15.5.2
fr10:prod:19_lubricants,micro:FR10,"Sürtkü yağları, min ton",min ton,1995–2030,2026–2030,False,108,Adverse;Baseline;Reform,FR10_forecast_tidy.csv,mikro §15.5.2
fr10:prod:19_petroleum_coke,micro:FR10,"neft koksu, min ton",min ton,1995–2030,2026–2030,False,108,Adverse;Baseline;Reform,FR10_forecast_tidy.csv,mikro §15.5.2
fr10:prod:19_petroleum_coke_petroleum_bitumen_and_other_resid,micro:FR10,"Neft koksu; neft bitumu və neft məhsullarının digər qalıqları, min ton",min ton,1995–2030,2026–2030,False,108,Adverse;Baseline;Reform,FR10_forecast_tidy.csv,mikro §15.5.2
fr10:prod:20_detergents,micro:FR10,"Yuyucu maddələr, ton",ton,1995–2030,2026–2030,False,108,Adverse;Baseline;Reform,FR10_forecast_tidy.csv,mikro §15.5.2
fr10:prod:20_ethyl_alcohol,micro:FR10,"Etil spirti, min dkl",min dkl,1995–2030,2026–2030,False,108,Adverse;Baseline;Reform,FR10_forecast_tidy.csv,mikro §15.5.2
fr10:prod:20_ethylene,micro:FR10,"etilen, min ton",min ton,1995–2030,2026–2030,False,99,Adverse;Baseline;Reform,FR10_forecast_tidy.csv,mikro §15.5.2
fr10:prod:20_fertilizer_and_nitrogen_compounds,micro:FR10,"Gübrə və azot birləşmələri, min ton",min ton,1995–2030,2026–2030,False,60,Adverse;Baseline;Reform,FR10_forecast_tidy.csv,mikro §15.5.2
fr10:prod:20_glues_and_adhesives,micro:FR10,"Yapışqanlar və yapışdırıcı maddələr, ton",ton,1995–2030,2026–2030,False,102,Adverse;Baseline;Reform,FR10_forecast_tidy.csv,mikro §15.5.2
fr10:prod:20_inert_gases,micro:FR10,"Təsirsiz qazlar, mln. kub metr",mln. kub metr,2000–2030,2026–2030,False,93,Adverse;Baseline;Reform,FR10_forecast_tidy.csv,mikro §15.5.2
fr10:prod:20_methanol_methyl_alcohol,micro:FR10,"metanol (metil spirti), min ton",min ton,2014–2030,2026–2030,False,51,Adverse;Baseline;Reform,FR10_forecast_tidy.csv,mikro §15.5.2
fr10:prod:20_organic_chemicals,micro:FR10,"Üzvi kimyəvi maddələr, min ton",min ton,1995–2030,2026–2030,False,108,Adverse;Baseline;Reform,FR10_forecast_tidy.csv,mikro §15.5.2
fr10:prod:20_organic_surface_active_agents,micro:FR10,"Üzvi səthi-aktiv maddələri, ton",ton,2017–2030,2026–2030,False,42,Adverse;Baseline;Reform,FR10_forecast_tidy.csv,mikro §15.5.2
fr10:prod:20_paints_and_varnishes,micro:FR10,"Lak-boya məmulatları, min ton",min ton,1995–2030,2026–2030,False,108,Adverse;Baseline;Reform,FR10_forecast_tidy.csv,mikro §15.5.2
fr10:prod:20_plastics_in_primary_forms,micro:FR10,"İlkin formada plastik kütlə, ton",ton,1995–2030,2026–2030,False,108,Adverse;Baseline;Reform,FR10_forecast_tidy.csv,mikro §15.5.2
fr10:prod:20_polyethylene,micro:FR10,"polietilen, ton",ton,1995–2030,2026–2030,False,108,Adverse;Baseline;Reform,FR10_forecast_tidy.csv,mikro §15.5.2
fr10:prod:20_propene_propylene,micro:FR10,"propen (propilen), min ton",min ton,1995–2030,2026–2030,False,108,Adverse;Baseline;Reform,FR10_forecast_tidy.csv,mikro §15.5.2
fr10:prod:20_soap,micro:FR10,"Sabun, ton",ton,1995–2030,2026–2030,False,108,Adverse;Baseline;Reform,FR10_forecast_tidy.csv,mikro §15.5.2
fr10:prod:20_urea,micro:FR10,"karbamid, min ton",min ton,2019–2030,2026–2030,False,36,Adverse;Baseline;Reform,FR10_forecast_tidy.csv,mikro §15.5.2
fr10:prod:21_medical_mask,micro:FR10,"Tibbi maska, min ədəd",min ədəd,2020–2030,2026–2030,False,33,Adverse;Baseline;Reform,FR10_forecast_tidy.csv,mikro §15.5.2
fr10:prod:21_medicaments,micro:FR10,"Dərmanlar, min manat",min manat,1996–2030,2026–2030,False,105,Adverse;Baseline;Reform,FR10_forecast_tidy.csv,mikro §15.5.2
fr10:prod:22_rigid_tubes_pipes_and_hoses_and_fittings,micro:FR10,"Sərt plastmasdan borular, borucuqlar, qolçaqlar və şlanqlar, ton",ton,1995–2030,2026–2030,False,108,Adverse;Baseline;Reform,FR10_forecast_tidy.csv,mikro §15.5.2
fr10:prod:22_sacks_and_bags_of_polymers_of_ethylene,micro:FR10,"Polietilen kisə və çantalar, ton",ton,2000–2030,2026–2030,False,93,Adverse;Baseline;Reform,FR10_forecast_tidy.csv,mikro §15.5.2
fr10:prod:23_asphalt,micro:FR10,"Asfalt, min ton",min ton,2000–2030,2026–2030,False,93,Adverse;Baseline;Reform,FR10_forecast_tidy.csv,mikro §15.5.2
fr10:prod:23_brick_for_construction,micro:FR10,"Tikinti kərpici, min kub m",min kub m,2002–2030,2026–2030,False,87,Adverse;Baseline;Reform,FR10_forecast_tidy.csv,mikro §15.5.2
fr10:prod:23_building_lime,micro:FR10,"Tikinti əhəngi, ton",ton,1995–2030,2026–2030,False,108,Adverse;Baseline;Reform,FR10_forecast_tidy.csv,mikro §15.5.2
fr10:prod:23_building_plaster,micro:FR10,"tikinti gipsi, ton",ton,1995–2030,2026–2030,False,108,Adverse;Baseline;Reform,FR10_forecast_tidy.csv,mikro §15.5.2
fr10:prod:23_cement,micro:FR10,"Sement, min ton",min ton,1995–2030,2026–2030,False,108,Adverse;Baseline;Reform,FR10_forecast_tidy.csv,mikro §15.5.2
fr10:prod:23_cement_concrete_bricks_and_similar_products,micro:FR10,"Sementdən, betondan kərpiclər və oxşar məmulatlar, ton",ton,2002–2030,2026–2030,False,87,Adverse;Baseline;Reform,FR10_forecast_tidy.csv,mikro §15.5.2
fr10:prod:23_ceramic_tiles,micro:FR10,"Saxsı lövhələr, min kv.m.",min kv.m.,1995–2030,2026–2030,False,96,Adverse;Baseline;Reform,FR10_forecast_tidy.csv,mikro §15.5.2
fr10:prod:23_concrete,micro:FR10,"Beton, min ton",min ton,2001–2030,2026–2030,False,90,Adverse;Baseline;Reform,FR10_forecast_tidy.csv,mikro §15.5.2
fr10:prod:23_glass_products,micro:FR10,"Şüşə məmulatları, ton",ton,2000–2030,2026–2030,False,93,Adverse;Baseline;Reform,FR10_forecast_tidy.csv,mikro §15.5.2
fr10:prod:23_gypsum_products,micro:FR10,"Gips məmulatlar, ton",ton,1995–2030,2026–2030,False,108,Adverse;Baseline;Reform,FR10_forecast_tidy.csv,mikro §15.5.2
fr10:prod:23_kitchen_laboratory_glassware_etc_products,micro:FR10,"Şüşədən mətbəx, laboratoriya və s. məmulatları, milyon ədəd",milyon ədəd,2000–2030,2026–2030,False,93,Adverse;Baseline;Reform,FR10_forecast_tidy.csv,mikro §15.5.2
fr10:prod:23_plasterboard_and_gypsum_blocks_for_use_in_constr,micro:FR10,"Tikintidə istifadə etmək üçün gipsdən tavalar və bloklar, min kv. metr",min kv. metr,2009–2030,2026–2030,False,66,Adverse;Baseline;Reform,FR10_forecast_tidy.csv,mikro §15.5.2
fr10:prod:23_precast_concrete,micro:FR10,"Betondan yığma tikinti konstruksiyaları, min kub m.",min kub m.,1995–2030,2026–2030,False,108,Adverse;Baseline;Reform,FR10_forecast_tidy.csv,mikro §15.5.2
fr10:prod:24_aluminium_products,micro:FR10,"Alüminium məmulatları, ton",ton,2000–2030,2026–2030,False,93,Adverse;Baseline;Reform,FR10_forecast_tidy.csv,mikro §15.5.2
fr10:prod:24_aluminum_pipes,micro:FR10,"Alüminium borular, ton",ton,2004–2030,2026–2030,False,63,Adverse;Baseline;Reform,FR10_forecast_tidy.csv,mikro §15.5.2
fr10:prod:24_copper_wire,micro:FR10,"Mis məftil, ton",ton,2003–2030,2026–2030,False,60,Adverse;Baseline;Reform,FR10_forecast_tidy.csv,mikro §15.5.2
fr10:prod:24_reinforcing_bars,micro:FR10,"Armatur, min ton",min ton,2001–2030,2026–2030,False,90,Adverse;Baseline;Reform,FR10_forecast_tidy.csv,mikro §15.5.2
fr10:prod:24_steel_castings,micro:FR10,"Polad tökmə, min ton",min ton,1995–2030,2026–2030,False,105,Adverse;Baseline;Reform,FR10_forecast_tidy.csv,mikro §15.5.2
fr10:prod:24_steel_pipes,micro:FR10,"Polad borular, min ton",min ton,1995–2030,2026–2030,False,108,Adverse;Baseline;Reform,FR10_forecast_tidy.csv,mikro §15.5.2
fr10:prod:24_unwrought_lead_aluminium_zinc_nickel_etc,micro:FR10,"Emal edilməmiş qurğuşun, alüminium, sink, nikel və s., ton",ton,1995–2030,2026–2030,False,108,Adverse;Baseline;Reform,FR10_forecast_tidy.csv,mikro §15.5.2
fr10:prod:25_stranded_wire_cables_and_similar_articles,micro:FR10,"İzolyasiyası olmayan çoxnaqilli məftil, troslar və oxşar məmulatlar, ton",ton,2000–2030,2026–2030,False,93,Adverse;Baseline;Reform,FR10_forecast_tidy.csv,mikro §15.5.2
fr10:prod:25_structures_of_metal,micro:FR10,"Metaldan konstruksiyalar, ton",ton,2000–2030,2026–2030,False,93,Adverse;Baseline;Reform,FR10_forecast_tidy.csv,mikro §15.5.2
fr10:prod:26_desktop_computers,micro:FR10,"Stolüstü kompüterlər, ədəd",ədəd,2019–2030,2026–2030,False,36,Adverse;Baseline;Reform,FR10_forecast_tidy.csv,mikro §15.5.2
fr10:prod:26_laptops,micro:FR10,"Noutbuklar, ədəd",ədəd,2020–2030,2026–2030,False,33,Adverse;Baseline;Reform,FR10_forecast_tidy.csv,mikro §15.5.2
fr10:prod:26_measuring_devices,micro:FR10,"Ölçmə cihazları, ədəd",ədəd,1995–2030,2026–2030,False,99,Adverse;Baseline;Reform,FR10_forecast_tidy.csv,mikro §15.5.2
fr10:prod:27_other_electrical_wires,micro:FR10,"Digər elektrik naqilləri, ton",ton,1995–2030,2026–2030,False,108,Adverse;Baseline;Reform,FR10_forecast_tidy.csv,mikro §15.5.2
fr10:prod:27_power_transformers,micro:FR10,"Güc transformatorları, ədəd",ədəd,1995–2030,2026–2030,False,108,Adverse;Baseline;Reform,FR10_forecast_tidy.csv,mikro §15.5.2
fr10:prod:27_refrigerators_and_freezers_of_the_household_type,micro:FR10,"Məişət soyuducuları və dondurucuları, ədəd",ədəd,1995–2030,2026–2030,False,108,Adverse;Baseline;Reform,FR10_forecast_tidy.csv,mikro §15.5.2
fr10:prod:28_lifting_equipment,micro:FR10,"Qaldırıcı qurğular, ədəd",ədəd,1995–2030,2026–2030,False,108,Adverse;Baseline;Reform,FR10_forecast_tidy.csv,mikro §15.5.2
fr10:prod:28_pumps,micro:FR10,"Nasoslar, ədəd",ədəd,1995–2030,2026–2030,False,108,Adverse;Baseline;Reform,FR10_forecast_tidy.csv,mikro §15.5.2
fr10:prod:28_tractors,micro:FR10,"Traktorlar, ədəd",ədəd,2007–2030,2026–2030,False,72,Adverse;Baseline;Reform,FR10_forecast_tidy.csv,mikro §15.5.2
fr10:prod:29_lorry,micro:FR10,"yük avtomobilləri, ədəd",ədəd,1995–2030,2026–2030,False,78,Adverse;Baseline;Reform,FR10_forecast_tidy.csv,mikro §15.5.2
fr10:prod:29_motor_vehicles,micro:FR10,"Avtomobillər, ədəd",ədəd,1995–2030,2026–2030,False,93,Adverse;Baseline;Reform,FR10_forecast_tidy.csv,mikro §15.5.2
fr10:prod:29_passenger_cars,micro:FR10,"minik avtomobilləri, ədəd",ədəd,2004–2030,2026–2030,False,81,Adverse;Baseline;Reform,FR10_forecast_tidy.csv,mikro §15.5.2
fr10:prod:29_passenger_public_transport,micro:FR10,"ictimai sərnişin nəqliyyat vasitələri, ədəd",ədəd,1995–2030,2026–2030,False,45,Adverse;Baseline;Reform,FR10_forecast_tidy.csv,mikro §15.5.2
fr10:prod:29_trailers_and_semi_trailers,micro:FR10,"Qoşqular və yarımqoşqular, ədəd",ədəd,1995–2030,2026–2030,False,99,Adverse;Baseline;Reform,FR10_forecast_tidy.csv,mikro §15.5.2
fr10:prod:32_syringes_needles_catheters_cannulae_etc,micro:FR10,"Şprislər, iynələr, kateterlər, kanyullar və s., milyon ədəd",milyon ədəd,2019–2030,2026–2030,False,36,Adverse;Baseline;Reform,FR10_forecast_tidy.csv,mikro §15.5.2
fr10:prod:35_electric_power,micro:FR10,"Elektrik enerjisi, milyon kVt-saat",milyon kVt-saat,1995–2030,2026–2030,False,108,Adverse;Baseline;Reform,FR10_forecast_tidy.csv,mikro §15.5.2
fr10:prod:35_steam_and_hot_water_steam_and_hot_water_supply,micro:FR10,"Buxar və isti su; buxar və isti su ilə təchizat, min Qkal",min Qkal,1995–2030,2026–2030,False,108,Adverse;Baseline;Reform,FR10_forecast_tidy.csv,mikro §15.5.2
fr10:prod:36_collection_treatment_and_distribution_of_water,micro:FR10,"Suyun yığılması, təmizlənməsi və paylanması, milyon kub m.",milyon kub m.,2001–2030,2026–2030,False,90,Adverse;Baseline;Reform,FR10_forecast_tidy.csv,mikro §15.5.2
fr10:reg_output:Absheron_Khizi,micro:FR10,Abşeron-Xızı: sənaye buraxılışı,mln manat,2003–2030,2026–2030,False,84,Adverse;Baseline;Reform,FR10_forecast_tidy.csv,mikro §15.5.2
fr10:reg_output:Baku_city,micro:FR10,Bakı şəhəri: sənaye buraxılışı,mln manat,2003–2030,2026–2030,False,84,Adverse;Baseline;Reform,FR10_forecast_tidy.csv,mikro §15.5.2
fr10:reg_output:Central_Aran,micro:FR10,Mərkəzi Aran: sənaye buraxılışı,mln manat,2003–2030,2026–2030,False,84,Adverse;Baseline;Reform,FR10_forecast_tidy.csv,mikro §15.5.2
fr10:reg_output:Daghlig_Shirvan,micro:FR10,Dağlıq Şirvan: sənaye buraxılışı,mln manat,2003–2030,2026–2030,False,84,Adverse;Baseline;Reform,FR10_forecast_tidy.csv,mikro §15.5.2
fr10:reg_output:Eastern_Zangezur,micro:FR10,Şərqi Zəngəzur: sənaye buraxılışı,mln manat,2005–2030,2026–2030,False,78,Adverse;Baseline;Reform,FR10_forecast_tidy.csv,mikro §15.5.2
fr10:reg_output:Ganja_Dashkasan,micro:FR10,Gəncə-Daşkəsən: sənaye buraxılışı,mln manat,2003–2030,2026–2030,False,84,Adverse;Baseline;Reform,FR10_forecast_tidy.csv,mikro §15.5.2
fr10:reg_output:Garabagh,micro:FR10,Qarabağ: sənaye buraxılışı,mln manat,2003–2030,2026–2030,False,84,Adverse;Baseline;Reform,FR10_forecast_tidy.csv,mikro §15.5.2
fr10:reg_output:Gazakh_Tovuz,micro:FR10,Qazax-Tovuz: sənaye buraxılışı,mln manat,2003–2030,2026–2030,False,84,Adverse;Baseline;Reform,FR10_forecast_tidy.csv,mikro §15.5.2
fr10:reg_output:Guba_Khachmaz,micro:FR10,Quba-Xaçmaz: sənaye buraxılışı,mln manat,2003–2030,2026–2030,False,84,Adverse;Baseline;Reform,FR10_forecast_tidy.csv,mikro §15.5.2
fr10:reg_output:Lankaran_Astara,micro:FR10,Lənkəran-Astara: sənaye buraxılışı,mln manat,2003–2030,2026–2030,False,84,Adverse;Baseline;Reform,FR10_forecast_tidy.csv,mikro §15.5.2
fr10:reg_output:Mil_Mughan,micro:FR10,Mil-Muğan: sənaye buraxılışı,mln manat,2003–2030,2026–2030,False,84,Adverse;Baseline;Reform,FR10_forecast_tidy.csv,mikro §15.5.2
fr10:reg_output:Nakhchivan_AR,micro:FR10,Naxçıvan MR: sənaye buraxılışı,mln manat,2003–2030,2026–2030,False,84,Adverse;Baseline;Reform,FR10_forecast_tidy.csv,mikro §15.5.2
fr10:reg_output:Shaki_Zagatala,micro:FR10,Şəki-Zaqatala: sənaye buraxılışı,mln manat,2003–2030,2026–2030,False,84,Adverse;Baseline;Reform,FR10_forecast_tidy.csv,mikro §15.5.2
fr10:reg_output:Shirvan_Salyan,micro:FR10,Şirvan-Salyan: sənaye buraxılışı,mln manat,2003–2030,2026–2030,False,84,Adverse;Baseline;Reform,FR10_forecast_tidy.csv,mikro §15.5.2
fr10:reg_share:Absheron_Khizi,micro:FR10,Abşeron-Xızı: sənaye buraxılışında pay,%,2003–2030,2026–2030,True,84,Adverse;Baseline;Reform,FR10_forecast_tidy.csv,mikro §15.5.2
fr10:reg_share:Baku_city,micro:FR10,Bakı şəhəri: sənaye buraxılışında pay,%,2003–2030,2026–2030,True,84,Adverse;Baseline;Reform,FR10_forecast_tidy.csv,mikro §15.5.2
fr10:reg_share:Central_Aran,micro:FR10,Mərkəzi Aran: sənaye buraxılışında pay,%,2003–2030,2026–2030,True,84,Adverse;Baseline;Reform,FR10_forecast_tidy.csv,mikro §15.5.2
fr10:reg_share:Daghlig_Shirvan,micro:FR10,Dağlıq Şirvan: sənaye buraxılışında pay,%,2003–2030,2026–2030,True,84,Adverse;Baseline;Reform,FR10_forecast_tidy.csv,mikro §15.5.2
fr10:reg_share:Eastern_Zangezur,micro:FR10,Şərqi Zəngəzur: sənaye buraxılışında pay,%,2005–2030,2026–2030,True,78,Adverse;Baseline;Reform,FR10_forecast_tidy.csv,mikro §15.5.2
fr10:reg_share:Ganja_Dashkasan,micro:FR10,Gəncə-Daşkəsən: sənaye buraxılışında pay,%,2003–2030,2026–2030,True,84,Adverse;Baseline;Reform,FR10_forecast_tidy.csv,mikro §15.5.2
fr10:reg_share:Garabagh,micro:FR10,Qarabağ: sənaye buraxılışında pay,%,2003–2030,2026–2030,True,84,Adverse;Baseline;Reform,FR10_forecast_tidy.csv,mikro §15.5.2
fr10:reg_share:Gazakh_Tovuz,micro:FR10,Qazax-Tovuz: sənaye buraxılışında pay,%,2003–2030,2026–2030,True,84,Adverse;Baseline;Reform,FR10_forecast_tidy.csv,mikro §15.5.2
fr10:reg_share:Guba_Khachmaz,micro:FR10,Quba-Xaçmaz: sənaye buraxılışında pay,%,2003–2030,2026–2030,True,84,Adverse;Baseline;Reform,FR10_forecast_tidy.csv,mikro §15.5.2
fr10:reg_share:Lankaran_Astara,micro:FR10,Lənkəran-Astara: sənaye buraxılışında pay,%,2003–2030,2026–2030,True,84,Adverse;Baseline;Reform,FR10_forecast_tidy.csv,mikro §15.5.2
fr10:reg_share:Mil_Mughan,micro:FR10,Mil-Muğan: sənaye buraxılışında pay,%,2003–2030,2026–2030,True,84,Adverse;Baseline;Reform,FR10_forecast_tidy.csv,mikro §15.5.2
fr10:reg_share:Nakhchivan_AR,micro:FR10,Naxçıvan MR: sənaye buraxılışında pay,%,2003–2030,2026–2030,True,84,Adverse;Baseline;Reform,FR10_forecast_tidy.csv,mikro §15.5.2
fr10:reg_share:Shaki_Zagatala,micro:FR10,Şəki-Zaqatala: sənaye buraxılışında pay,%,2003–2030,2026–2030,True,84,Adverse;Baseline;Reform,FR10_forecast_tidy.csv,mikro §15.5.2
fr10:reg_share:Shirvan_Salyan,micro:FR10,Şirvan-Salyan: sənaye buraxılışında pay,%,2003–2030,2026–2030,True,84,Adverse;Baseline;Reform,FR10_forecast_tidy.csv,mikro §15.5.2
fr10:sec_CE:B,micro:FR10,Mədənçıxarma: İşçilərə ödənişlər,mln manat,2005–2030,2026–2030,False,78,Adverse;Baseline;Reform,FR10_forecast_tidy.csv,mikro §15.5.2
fr10:sec_CE:C,micro:FR10,Emal sənayesi: İşçilərə ödənişlər,mln manat,2005–2030,2026–2030,False,78,Adverse;Baseline;Reform,FR10_forecast_tidy.csv,mikro §15.5.2
fr10:sec_CE:D,micro:FR10,"Elektrik enerjisi, qaz və buxar: İşçilərə ödənişlər",mln manat,2005–2030,2026–2030,False,78,Adverse;Baseline;Reform,FR10_forecast_tidy.csv,mikro §15.5.2
fr10:sec_CE:E,micro:FR10,"Su təchizatı, tullantılar: İşçilərə ödənişlər",mln manat,2005–2030,2026–2030,False,78,Adverse;Baseline;Reform,FR10_forecast_tidy.csv,mikro §15.5.2
fr10:sec_GOS:B,micro:FR10,Mədənçıxarma: Ümumi mənfəət,mln manat,2005–2030,2026–2030,False,78,Adverse;Baseline;Reform,FR10_forecast_tidy.csv,mikro §15.5.2
fr10:sec_GOS:C,micro:FR10,Emal sənayesi: Ümumi mənfəət,mln manat,2005–2030,2026–2030,False,78,Adverse;Baseline;Reform,FR10_forecast_tidy.csv,mikro §15.5.2
fr10:sec_GOS:D,micro:FR10,"Elektrik enerjisi, qaz və buxar: Ümumi mənfəət",mln manat,2005–2030,2026–2030,False,78,Adverse;Baseline;Reform,FR10_forecast_tidy.csv,mikro §15.5.2
fr10:sec_GOS:E,micro:FR10,"Su təchizatı, tullantılar: Ümumi mənfəət",mln manat,2005–2030,2026–2030,False,78,Adverse;Baseline;Reform,FR10_forecast_tidy.csv,mikro §15.5.2
fr10:sec_GOS_share_VA:B,micro:FR10,Mədənçıxarma: Ümumi mənfəət / əlavə dəyər,%,2005–2030,2026–2030,True,78,Adverse;Baseline;Reform,FR10_forecast_tidy.csv,mikro §15.5.2
fr10:sec_GOS_share_VA:C,micro:FR10,Emal sənayesi: Ümumi mənfəət / əlavə dəyər,%,2005–2030,2026–2030,True,78,Adverse;Baseline;Reform,FR10_forecast_tidy.csv,mikro §15.5.2
fr10:sec_GOS_share_VA:D,micro:FR10,"Elektrik enerjisi, qaz və buxar: Ümumi mənfəət / əlavə dəyər",%,2005–2030,2026–2030,True,78,Adverse;Baseline;Reform,FR10_forecast_tidy.csv,mikro §15.5.2
fr10:sec_GOS_share_VA:E,micro:FR10,"Su təchizatı, tullantılar: Ümumi mənfəət / əlavə dəyər",%,2005–2030,2026–2030,True,78,Adverse;Baseline;Reform,FR10_forecast_tidy.csv,mikro §15.5.2
fr10:sec_OTP:B,micro:FR10,Mədənçıxarma: İstehsala digər vergilər,mln manat,2005–2030,2026–2030,False,78,Adverse;Baseline;Reform,FR10_forecast_tidy.csv,mikro §15.5.2
fr10:sec_OTP:C,micro:FR10,Emal sənayesi: İstehsala digər vergilər,mln manat,2005–2030,2026–2030,False,78,Adverse;Baseline;Reform,FR10_forecast_tidy.csv,mikro §15.5.2
fr10:sec_OTP:D,micro:FR10,"Elektrik enerjisi, qaz və buxar: İstehsala digər vergilər",mln manat,2005–2030,2026–2030,False,78,Adverse;Baseline;Reform,FR10_forecast_tidy.csv,mikro §15.5.2
fr10:sec_OTP:E,micro:FR10,"Su təchizatı, tullantılar: İstehsala digər vergilər",mln manat,2005–2030,2026–2030,False,78,Adverse;Baseline;Reform,FR10_forecast_tidy.csv,mikro §15.5.2
fr10:sec_VA:B,micro:FR10,Mədənçıxarma: Əlavə dəyər,mln manat,2005–2030,2026–2030,False,78,Adverse;Baseline;Reform,FR10_forecast_tidy.csv,mikro §15.5.2
fr10:sec_VA:C,micro:FR10,Emal sənayesi: Əlavə dəyər,mln manat,2005–2030,2026–2030,False,78,Adverse;Baseline;Reform,FR10_forecast_tidy.csv,mikro §15.5.2
fr10:sec_VA:D,micro:FR10,"Elektrik enerjisi, qaz və buxar: Əlavə dəyər",mln manat,2005–2030,2026–2030,False,78,Adverse;Baseline;Reform,FR10_forecast_tidy.csv,mikro §15.5.2
fr10:sec_VA:E,micro:FR10,"Su təchizatı, tullantılar: Əlavə dəyər",mln manat,2005–2030,2026–2030,False,78,Adverse;Baseline;Reform,FR10_forecast_tidy.csv,mikro §15.5.2
fr10:sec_labour_share_VA:B,micro:FR10,Mədənçıxarma: Əməyin payı / əlavə dəyər,%,2005–2030,2026–2030,False,78,Adverse;Baseline;Reform,FR10_forecast_tidy.csv,mikro §15.5.2
fr10:sec_labour_share_VA:C,micro:FR10,Emal sənayesi: Əməyin payı / əlavə dəyər,%,2005–2030,2026–2030,False,78,Adverse;Baseline;Reform,FR10_forecast_tidy.csv,mikro §15.5.2
fr10:sec_labour_share_VA:D,micro:FR10,"Elektrik enerjisi, qaz və buxar: Əməyin payı / əlavə dəyər",%,2005–2030,2026–2030,False,78,Adverse;Baseline;Reform,FR10_forecast_tidy.csv,mikro §15.5.2
fr10:sec_labour_share_VA:E,micro:FR10,"Su təchizatı, tullantılar: Əməyin payı / əlavə dəyər",%,2005–2030,2026–2030,False,78,Adverse;Baseline;Reform,FR10_forecast_tidy.csv,mikro §15.5.2
fr10:sec_output:B,micro:FR10,Mədənçıxarma: Buraxılış,mln manat,1995–2030,2026–2030,True,108,Adverse;Baseline;Reform,FR10_forecast_tidy.csv,mikro §15.5.2
fr10:sec_output:C,micro:FR10,Emal sənayesi: Buraxılış,mln manat,1995–2030,2026–2030,True,108,Adverse;Baseline;Reform,FR10_forecast_tidy.csv,mikro §15.5.2
fr10:sec_output:D,micro:FR10,"Elektrik enerjisi, qaz və buxar: Buraxılış",mln manat,1995–2030,2026–2030,True,108,Adverse;Baseline;Reform,FR10_forecast_tidy.csv,mikro §15.5.2
fr10:sec_output:E,micro:FR10,"Su təchizatı, tullantılar: Buraxılış",mln manat,1995–2030,2026–2030,True,108,Adverse;Baseline;Reform,FR10_forecast_tidy.csv,mikro §15.5.2
fr10:share_of_industry:06,micro:FR10,06 Xam neft və təbii qaz hasilatı: Sənaye buraxılışında pay,%,1995–2030,2026–2030,True,108,Adverse;Baseline;Reform,FR10_forecast_tidy.csv,mikro §15.5.2
fr10:share_of_industry:07,micro:FR10,07 Metal filizlərinin hasilatı: Sənaye buraxılışında pay,%,1995–2030,2026–2030,True,108,Adverse;Baseline;Reform,FR10_forecast_tidy.csv,mikro §15.5.2
fr10:share_of_industry:08,micro:FR10,08 Digər faydalı qazıntılar: Sənaye buraxılışında pay,%,1995–2030,2026–2030,True,108,Adverse;Baseline;Reform,FR10_forecast_tidy.csv,mikro §15.5.2
fr10:share_of_industry:09,micro:FR10,09 Mədənçıxarma sahəsində xidmətlər: Sənaye buraxılışında pay,%,1996–2030,2026–2030,True,105,Adverse;Baseline;Reform,FR10_forecast_tidy.csv,mikro §15.5.2
fr10:share_of_industry:10,micro:FR10,10 Qida məhsulları: Sənaye buraxılışında pay,%,1995–2030,2026–2030,True,108,Adverse;Baseline;Reform,FR10_forecast_tidy.csv,mikro §15.5.2
fr10:share_of_industry:11,micro:FR10,11 İçkilər: Sənaye buraxılışında pay,%,1995–2030,2026–2030,True,108,Adverse;Baseline;Reform,FR10_forecast_tidy.csv,mikro §15.5.2
fr10:share_of_industry:12,micro:FR10,12 Tütün məmulatları: Sənaye buraxılışında pay,%,1995–2030,2026–2030,True,108,Adverse;Baseline;Reform,FR10_forecast_tidy.csv,mikro §15.5.2
fr10:share_of_industry:13,micro:FR10,13 Toxuculuq: Sənaye buraxılışında pay,%,1995–2030,2026–2030,True,108,Adverse;Baseline;Reform,FR10_forecast_tidy.csv,mikro §15.5.2
fr10:share_of_industry:14,micro:FR10,14 Geyim: Sənaye buraxılışında pay,%,1995–2030,2026–2030,True,108,Adverse;Baseline;Reform,FR10_forecast_tidy.csv,mikro §15.5.2
fr10:share_of_industry:15,micro:FR10,15 Dəri və ayaqqabı: Sənaye buraxılışında pay,%,1995–2030,2026–2030,True,108,Adverse;Baseline;Reform,FR10_forecast_tidy.csv,mikro §15.5.2
fr10:share_of_industry:16,micro:FR10,16 Ağac emalı: Sənaye buraxılışında pay,%,1995–2030,2026–2030,True,108,Adverse;Baseline;Reform,FR10_forecast_tidy.csv,mikro §15.5.2
fr10:share_of_industry:17,micro:FR10,17 Kağız və karton: Sənaye buraxılışında pay,%,1995–2030,2026–2030,True,108,Adverse;Baseline;Reform,FR10_forecast_tidy.csv,mikro §15.5.2
fr10:share_of_industry:18,micro:FR10,18 Poliqrafiya: Sənaye buraxılışında pay,%,1995–2030,2026–2030,True,108,Adverse;Baseline;Reform,FR10_forecast_tidy.csv,mikro §15.5.2
fr10:share_of_industry:19,micro:FR10,19 Neft emalı məhsulları: Sənaye buraxılışında pay,%,1995–2030,2026–2030,True,108,Adverse;Baseline;Reform,FR10_forecast_tidy.csv,mikro §15.5.2
fr10:share_of_industry:20,micro:FR10,20 Kimya məhsulları: Sənaye buraxılışında pay,%,1995–2030,2026–2030,True,108,Adverse;Baseline;Reform,FR10_forecast_tidy.csv,mikro §15.5.2
fr10:share_of_industry:21,micro:FR10,21 Əczaçılıq məhsulları: Sənaye buraxılışında pay,%,1995–2030,2026–2030,True,108,Adverse;Baseline;Reform,FR10_forecast_tidy.csv,mikro §15.5.2
fr10:share_of_industry:22,micro:FR10,22 Rezin və plastik kütlə: Sənaye buraxılışında pay,%,1995–2030,2026–2030,True,108,Adverse;Baseline;Reform,FR10_forecast_tidy.csv,mikro §15.5.2
fr10:share_of_industry:23,micro:FR10,23 Digər qeyri-metal mineral məhsullar: Sənaye buraxılışında pay,%,1995–2030,2026–2030,True,108,Adverse;Baseline;Reform,FR10_forecast_tidy.csv,mikro §15.5.2
fr10:share_of_industry:24,micro:FR10,24 Metallurgiya: Sənaye buraxılışında pay,%,1995–2030,2026–2030,True,108,Adverse;Baseline;Reform,FR10_forecast_tidy.csv,mikro §15.5.2
fr10:share_of_industry:25,micro:FR10,25 Hazır metal məmulatları: Sənaye buraxılışında pay,%,1995–2030,2026–2030,True,108,Adverse;Baseline;Reform,FR10_forecast_tidy.csv,mikro §15.5.2
fr10:share_of_industry:26,micro:FR10,26 Kompüter və elektronika: Sənaye buraxılışında pay,%,1995–2030,2026–2030,True,108,Adverse;Baseline;Reform,FR10_forecast_tidy.csv,mikro §15.5.2
fr10:share_of_industry:27,micro:FR10,27 Elektrik avadanlığı: Sənaye buraxılışında pay,%,1995–2030,2026–2030,True,108,Adverse;Baseline;Reform,FR10_forecast_tidy.csv,mikro §15.5.2
fr10:share_of_industry:28,micro:FR10,28 Maşın və avadanlıq: Sənaye buraxılışında pay,%,1995–2030,2026–2030,True,108,Adverse;Baseline;Reform,FR10_forecast_tidy.csv,mikro §15.5.2
fr10:share_of_industry:29,micro:FR10,29 Avtomobil və qoşqular: Sənaye buraxılışında pay,%,1995–2030,2026–2030,True,108,Adverse;Baseline;Reform,FR10_forecast_tidy.csv,mikro §15.5.2
fr10:share_of_industry:30,micro:FR10,30 Digər nəqliyyat vasitələri: Sənaye buraxılışında pay,%,1995–2030,2026–2030,True,108,Adverse;Baseline;Reform,FR10_forecast_tidy.csv,mikro §15.5.2
fr10:share_of_industry:31,micro:FR10,31 Mebel: Sənaye buraxılışında pay,%,1995–2030,2026–2030,True,108,Adverse;Baseline;Reform,FR10_forecast_tidy.csv,mikro §15.5.2
fr10:share_of_industry:32,micro:FR10,32 Digər hazır məmulatlar: Sənaye buraxılışında pay,%,1995–2030,2026–2030,True,108,Adverse;Baseline;Reform,FR10_forecast_tidy.csv,mikro §15.5.2
fr10:share_of_industry:33,micro:FR10,33 Maşın və avadanlığın təmiri və quraşdırılması: Sənaye buraxılışında pay,%,1995–2030,2026–2030,True,108,Adverse;Baseline;Reform,FR10_forecast_tidy.csv,mikro §15.5.2
fr10:share_of_industry:35,micro:FR10,"35 Elektrik enerjisi, qaz və buxar: Sənaye buraxılışında pay",%,1995–2030,2026–2030,True,108,Adverse;Baseline;Reform,FR10_forecast_tidy.csv,mikro §15.5.2
fr10:share_of_industry:36,micro:FR10,"36 Su təchizatı, tullantılar: Sənaye buraxılışında pay",%,1995–2030,2026–2030,True,108,Adverse;Baseline;Reform,FR10_forecast_tidy.csv,mikro §15.5.2
fr10:share_of_manufacturing:10,micro:FR10,10 Qida məhsulları: Emal sənayesində pay,%,1995–2030,2026–2030,True,108,Adverse;Baseline;Reform,FR10_forecast_tidy.csv,mikro §15.5.2
fr10:share_of_manufacturing:11,micro:FR10,11 İçkilər: Emal sənayesində pay,%,1995–2030,2026–2030,True,108,Adverse;Baseline;Reform,FR10_forecast_tidy.csv,mikro §15.5.2
fr10:share_of_manufacturing:12,micro:FR10,12 Tütün məmulatları: Emal sənayesində pay,%,1995–2030,2026–2030,True,108,Adverse;Baseline;Reform,FR10_forecast_tidy.csv,mikro §15.5.2
fr10:share_of_manufacturing:13,micro:FR10,13 Toxuculuq: Emal sənayesində pay,%,1995–2030,2026–2030,True,108,Adverse;Baseline;Reform,FR10_forecast_tidy.csv,mikro §15.5.2
fr10:share_of_manufacturing:14,micro:FR10,14 Geyim: Emal sənayesində pay,%,1995–2030,2026–2030,True,108,Adverse;Baseline;Reform,FR10_forecast_tidy.csv,mikro §15.5.2
fr10:share_of_manufacturing:15,micro:FR10,15 Dəri və ayaqqabı: Emal sənayesində pay,%,1995–2030,2026–2030,True,108,Adverse;Baseline;Reform,FR10_forecast_tidy.csv,mikro §15.5.2
fr10:share_of_manufacturing:16,micro:FR10,16 Ağac emalı: Emal sənayesində pay,%,1995–2030,2026–2030,True,108,Adverse;Baseline;Reform,FR10_forecast_tidy.csv,mikro §15.5.2
fr10:share_of_manufacturing:17,micro:FR10,17 Kağız və karton: Emal sənayesində pay,%,1995–2030,2026–2030,True,108,Adverse;Baseline;Reform,FR10_forecast_tidy.csv,mikro §15.5.2
fr10:share_of_manufacturing:18,micro:FR10,18 Poliqrafiya: Emal sənayesində pay,%,1995–2030,2026–2030,True,108,Adverse;Baseline;Reform,FR10_forecast_tidy.csv,mikro §15.5.2
fr10:share_of_manufacturing:19,micro:FR10,19 Neft emalı məhsulları: Emal sənayesində pay,%,1995–2030,2026–2030,True,108,Adverse;Baseline;Reform,FR10_forecast_tidy.csv,mikro §15.5.2
fr10:share_of_manufacturing:20,micro:FR10,20 Kimya məhsulları: Emal sənayesində pay,%,1995–2030,2026–2030,True,108,Adverse;Baseline;Reform,FR10_forecast_tidy.csv,mikro §15.5.2
fr10:share_of_manufacturing:21,micro:FR10,21 Əczaçılıq məhsulları: Emal sənayesində pay,%,1995–2030,2026–2030,True,108,Adverse;Baseline;Reform,FR10_forecast_tidy.csv,mikro §15.5.2
fr10:share_of_manufacturing:22,micro:FR10,22 Rezin və plastik kütlə: Emal sənayesində pay,%,1995–2030,2026–2030,True,108,Adverse;Baseline;Reform,FR10_forecast_tidy.csv,mikro §15.5.2
fr10:share_of_manufacturing:23,micro:FR10,23 Digər qeyri-metal mineral məhsullar: Emal sənayesində pay,%,1995–2030,2026–2030,True,108,Adverse;Baseline;Reform,FR10_forecast_tidy.csv,mikro §15.5.2
fr10:share_of_manufacturing:24,micro:FR10,24 Metallurgiya: Emal sənayesində pay,%,1995–2030,2026–2030,True,108,Adverse;Baseline;Reform,FR10_forecast_tidy.csv,mikro §15.5.2
fr10:share_of_manufacturing:25,micro:FR10,25 Hazır metal məmulatları: Emal sənayesində pay,%,1995–2030,2026–2030,True,108,Adverse;Baseline;Reform,FR10_forecast_tidy.csv,mikro §15.5.2
fr10:share_of_manufacturing:26,micro:FR10,26 Kompüter və elektronika: Emal sənayesində pay,%,1995–2030,2026–2030,True,108,Adverse;Baseline;Reform,FR10_forecast_tidy.csv,mikro §15.5.2
fr10:share_of_manufacturing:27,micro:FR10,27 Elektrik avadanlığı: Emal sənayesində pay,%,1995–2030,2026–2030,True,108,Adverse;Baseline;Reform,FR10_forecast_tidy.csv,mikro §15.5.2
fr10:share_of_manufacturing:28,micro:FR10,28 Maşın və avadanlıq: Emal sənayesində pay,%,1995–2030,2026–2030,True,108,Adverse;Baseline;Reform,FR10_forecast_tidy.csv,mikro §15.5.2
fr10:share_of_manufacturing:29,micro:FR10,29 Avtomobil və qoşqular: Emal sənayesində pay,%,1995–2030,2026–2030,True,108,Adverse;Baseline;Reform,FR10_forecast_tidy.csv,mikro §15.5.2
fr10:share_of_manufacturing:30,micro:FR10,30 Digər nəqliyyat vasitələri: Emal sənayesində pay,%,1995–2030,2026–2030,True,108,Adverse;Baseline;Reform,FR10_forecast_tidy.csv,mikro §15.5.2
fr10:share_of_manufacturing:31,micro:FR10,31 Mebel: Emal sənayesində pay,%,1995–2030,2026–2030,True,108,Adverse;Baseline;Reform,FR10_forecast_tidy.csv,mikro §15.5.2
fr10:share_of_manufacturing:32,micro:FR10,32 Digər hazır məmulatlar: Emal sənayesində pay,%,1995–2030,2026–2030,True,108,Adverse;Baseline;Reform,FR10_forecast_tidy.csv,mikro §15.5.2
fr10:share_of_manufacturing:33,micro:FR10,33 Maşın və avadanlığın təmiri və quraşdırılması: Emal sənayesində pay,%,1995–2030,2026–2030,True,108,Adverse;Baseline;Reform,FR10_forecast_tidy.csv,mikro §15.5.2
fr10:wage_AZN_month:06,micro:FR10,06 Xam neft və təbii qaz hasilatı: Orta aylıq əmək haqqı,manat / ay,2016–2030,2026–2030,False,45,Adverse;Baseline;Reform,FR10_forecast_tidy.csv,mikro §15.5.2
fr10:wage_AZN_month:07,micro:FR10,07 Metal filizlərinin hasilatı: Orta aylıq əmək haqqı,manat / ay,2016–2030,2026–2030,False,45,Adverse;Baseline;Reform,FR10_forecast_tidy.csv,mikro §15.5.2
fr10:wage_AZN_month:08,micro:FR10,08 Digər faydalı qazıntılar: Orta aylıq əmək haqqı,manat / ay,2016–2030,2026–2030,False,45,Adverse;Baseline;Reform,FR10_forecast_tidy.csv,mikro §15.5.2
fr10:wage_AZN_month:09,micro:FR10,09 Mədənçıxarma sahəsində xidmətlər: Orta aylıq əmək haqqı,manat / ay,2016–2030,2026–2030,False,45,Adverse;Baseline;Reform,FR10_forecast_tidy.csv,mikro §15.5.2
fr10:wage_AZN_month:10,micro:FR10,10 Qida məhsulları: Orta aylıq əmək haqqı,manat / ay,2016–2030,2026–2030,False,45,Adverse;Baseline;Reform,FR10_forecast_tidy.csv,mikro §15.5.2
fr10:wage_AZN_month:11,micro:FR10,11 İçkilər: Orta aylıq əmək haqqı,manat / ay,2016–2030,2026–2030,False,45,Adverse;Baseline;Reform,FR10_forecast_tidy.csv,mikro §15.5.2
fr10:wage_AZN_month:12,micro:FR10,12 Tütün məmulatları: Orta aylıq əmək haqqı,manat / ay,2016–2030,2026–2030,False,45,Adverse;Baseline;Reform,FR10_forecast_tidy.csv,mikro §15.5.2
fr10:wage_AZN_month:13,micro:FR10,13 Toxuculuq: Orta aylıq əmək haqqı,manat / ay,2016–2030,2026–2030,False,45,Adverse;Baseline;Reform,FR10_forecast_tidy.csv,mikro §15.5.2
fr10:wage_AZN_month:14,micro:FR10,14 Geyim: Orta aylıq əmək haqqı,manat / ay,2016–2030,2026–2030,False,45,Adverse;Baseline;Reform,FR10_forecast_tidy.csv,mikro §15.5.2
fr10:wage_AZN_month:15,micro:FR10,15 Dəri və ayaqqabı: Orta aylıq əmək haqqı,manat / ay,2016–2030,2026–2030,False,45,Adverse;Baseline;Reform,FR10_forecast_tidy.csv,mikro §15.5.2
fr10:wage_AZN_month:16,micro:FR10,16 Ağac emalı: Orta aylıq əmək haqqı,manat / ay,2016–2030,2026–2030,False,45,Adverse;Baseline;Reform,FR10_forecast_tidy.csv,mikro §15.5.2
fr10:wage_AZN_month:17,micro:FR10,17 Kağız və karton: Orta aylıq əmək haqqı,manat / ay,2016–2030,2026–2030,False,45,Adverse;Baseline;Reform,FR10_forecast_tidy.csv,mikro §15.5.2
fr10:wage_AZN_month:18,micro:FR10,18 Poliqrafiya: Orta aylıq əmək haqqı,manat / ay,2016–2030,2026–2030,False,45,Adverse;Baseline;Reform,FR10_forecast_tidy.csv,mikro §15.5.2
fr10:wage_AZN_month:19,micro:FR10,19 Neft emalı məhsulları: Orta aylıq əmək haqqı,manat / ay,2016–2030,2026–2030,False,45,Adverse;Baseline;Reform,FR10_forecast_tidy.csv,mikro §15.5.2
fr10:wage_AZN_month:20,micro:FR10,20 Kimya məhsulları: Orta aylıq əmək haqqı,manat / ay,2016–2030,2026–2030,False,45,Adverse;Baseline;Reform,FR10_forecast_tidy.csv,mikro §15.5.2
fr10:wage_AZN_month:21,micro:FR10,21 Əczaçılıq məhsulları: Orta aylıq əmək haqqı,manat / ay,2016–2030,2026–2030,False,45,Adverse;Baseline;Reform,FR10_forecast_tidy.csv,mikro §15.5.2
fr10:wage_AZN_month:22,micro:FR10,22 Rezin və plastik kütlə: Orta aylıq əmək haqqı,manat / ay,2016–2030,2026–2030,False,45,Adverse;Baseline;Reform,FR10_forecast_tidy.csv,mikro §15.5.2
fr10:wage_AZN_month:23,micro:FR10,23 Digər qeyri-metal mineral məhsullar: Orta aylıq əmək haqqı,manat / ay,2016–2030,2026–2030,False,45,Adverse;Baseline;Reform,FR10_forecast_tidy.csv,mikro §15.5.2
fr10:wage_AZN_month:24,micro:FR10,24 Metallurgiya: Orta aylıq əmək haqqı,manat / ay,2016–2030,2026–2030,False,45,Adverse;Baseline;Reform,FR10_forecast_tidy.csv,mikro §15.5.2
fr10:wage_AZN_month:25,micro:FR10,25 Hazır metal məmulatları: Orta aylıq əmək haqqı,manat / ay,2016–2030,2026–2030,False,45,Adverse;Baseline;Reform,FR10_forecast_tidy.csv,mikro §15.5.2
fr10:wage_AZN_month:26,micro:FR10,26 Kompüter və elektronika: Orta aylıq əmək haqqı,manat / ay,2016–2030,2026–2030,False,45,Adverse;Baseline;Reform,FR10_forecast_tidy.csv,mikro §15.5.2
fr10:wage_AZN_month:27,micro:FR10,27 Elektrik avadanlığı: Orta aylıq əmək haqqı,manat / ay,2016–2030,2026–2030,False,45,Adverse;Baseline;Reform,FR10_forecast_tidy.csv,mikro §15.5.2
fr10:wage_AZN_month:28,micro:FR10,28 Maşın və avadanlıq: Orta aylıq əmək haqqı,manat / ay,2016–2030,2026–2030,False,45,Adverse;Baseline;Reform,FR10_forecast_tidy.csv,mikro §15.5.2
fr10:wage_AZN_month:29,micro:FR10,29 Avtomobil və qoşqular: Orta aylıq əmək haqqı,manat / ay,2016–2030,2026–2030,False,45,Adverse;Baseline;Reform,FR10_forecast_tidy.csv,mikro §15.5.2
fr10:wage_AZN_month:30,micro:FR10,30 Digər nəqliyyat vasitələri: Orta aylıq əmək haqqı,manat / ay,2016–2030,2026–2030,False,45,Adverse;Baseline;Reform,FR10_forecast_tidy.csv,mikro §15.5.2
fr10:wage_AZN_month:31,micro:FR10,31 Mebel: Orta aylıq əmək haqqı,manat / ay,2016–2030,2026–2030,False,45,Adverse;Baseline;Reform,FR10_forecast_tidy.csv,mikro §15.5.2
fr10:wage_AZN_month:32,micro:FR10,32 Digər hazır məmulatlar: Orta aylıq əmək haqqı,manat / ay,2016–2030,2026–2030,False,45,Adverse;Baseline;Reform,FR10_forecast_tidy.csv,mikro §15.5.2
fr10:wage_AZN_month:33,micro:FR10,33 Maşın və avadanlığın təmiri və quraşdırılması: Orta aylıq əmək haqqı,manat / ay,2016–2030,2026–2030,False,45,Adverse;Baseline;Reform,FR10_forecast_tidy.csv,mikro §15.5.2
fr10:wage_AZN_month:35,micro:FR10,"35 Elektrik enerjisi, qaz və buxar: Orta aylıq əmək haqqı",manat / ay,2016–2030,2026–2030,False,45,Adverse;Baseline;Reform,FR10_forecast_tidy.csv,mikro §15.5.2
fr10:wage_AZN_month:36,micro:FR10,"36 Su təchizatı, tullantılar: Orta aylıq əmək haqqı",manat / ay,2016–2030,2026–2030,False,45,Adverse;Baseline;Reform,FR10_forecast_tidy.csv,mikro §15.5.2
fr12:act:N:ACC,micro:FR12,Qeydiyyatdakı vahidlər (ehtiyat): Yerləşdirmə və iaşə,vahid,2019–2030,2025–2030,True,36,Adverse;Baseline;Reform,FR12_forecast_tidy.csv,mikro §15.5.2
fr12:act:N:AGR,micro:FR12,Qeydiyyatdakı vahidlər (ehtiyat): Kənd təsərrüfatı,vahid,2019–2030,2025–2030,True,36,Adverse;Baseline;Reform,FR12_forecast_tidy.csv,mikro §15.5.2
fr12:act:N:ALL,micro:FR12,Qeydiyyatdakı vahidlər (ehtiyat): Bütün sahələr,vahid,2019–2030,2025–2030,True,36,Adverse;Baseline;Reform,FR12_forecast_tidy.csv,mikro §15.5.2
fr12:act:N:CON,micro:FR12,Qeydiyyatdakı vahidlər (ehtiyat): Tikinti,vahid,2019–2030,2025–2030,True,36,Adverse;Baseline;Reform,FR12_forecast_tidy.csv,mikro §15.5.2
fr12:act:N:EDU,micro:FR12,Qeydiyyatdakı vahidlər (ehtiyat): Təhsil,vahid,2019–2030,2025–2030,True,36,Adverse;Baseline;Reform,FR12_forecast_tidy.csv,mikro §15.5.2
fr12:act:N:HEA,micro:FR12,Qeydiyyatdakı vahidlər (ehtiyat): Səhiyyə və sosial xidmətlər,vahid,2019–2030,2025–2030,True,36,Adverse;Baseline;Reform,FR12_forecast_tidy.csv,mikro §15.5.2
fr12:act:N:ICT,micro:FR12,Qeydiyyatdakı vahidlər (ehtiyat): İnformasiya və rabitə,vahid,2019–2030,2025–2030,True,36,Adverse;Baseline;Reform,FR12_forecast_tidy.csv,mikro §15.5.2
fr12:act:N:IND,micro:FR12,Qeydiyyatdakı vahidlər (ehtiyat): Sənaye,vahid,2019–2030,2025–2030,True,36,Adverse;Baseline;Reform,FR12_forecast_tidy.csv,mikro §15.5.2
fr12:act:N:OTH,micro:FR12,Qeydiyyatdakı vahidlər (ehtiyat): Digər sahələr,vahid,2019–2030,2025–2030,True,36,Adverse;Baseline;Reform,FR12_forecast_tidy.csv,mikro §15.5.2
fr12:act:N:REA,micro:FR12,Qeydiyyatdakı vahidlər (ehtiyat): Daşınmaz əmlak,vahid,2019–2030,2025–2030,True,36,Adverse;Baseline;Reform,FR12_forecast_tidy.csv,mikro §15.5.2
fr12:act:N:TRA,micro:FR12,Qeydiyyatdakı vahidlər (ehtiyat): Nəqliyyat,vahid,2019–2030,2025–2030,True,36,Adverse;Baseline;Reform,FR12_forecast_tidy.csv,mikro §15.5.2
fr12:act:N:TRD,micro:FR12,Qeydiyyatdakı vahidlər (ehtiyat): Ticarət,vahid,2019–2030,2025–2030,True,36,Adverse;Baseline;Reform,FR12_forecast_tidy.csv,mikro §15.5.2
fr12:act:entry:ACC,micro:FR12,Giriş əmsalı: Yerləşdirmə və iaşə,%,2019–2030,2025–2030,True,36,Adverse;Baseline;Reform,FR12_forecast_tidy.csv,mikro §15.5.2
fr12:act:entry:AGR,micro:FR12,Giriş əmsalı: Kənd təsərrüfatı,%,2019–2030,2025–2030,True,36,Adverse;Baseline;Reform,FR12_forecast_tidy.csv,mikro §15.5.2
fr12:act:entry:ALL,micro:FR12,Giriş əmsalı: Bütün sahələr,%,2019–2030,2025–2030,True,36,Adverse;Baseline;Reform,FR12_forecast_tidy.csv,mikro §15.5.2
fr12:act:entry:CON,micro:FR12,Giriş əmsalı: Tikinti,%,2019–2030,2025–2030,True,36,Adverse;Baseline;Reform,FR12_forecast_tidy.csv,mikro §15.5.2
fr12:act:entry:EDU,micro:FR12,Giriş əmsalı: Təhsil,%,2019–2030,2025–2030,True,36,Adverse;Baseline;Reform,FR12_forecast_tidy.csv,mikro §15.5.2
fr12:act:entry:HEA,micro:FR12,Giriş əmsalı: Səhiyyə və sosial xidmətlər,%,2019–2030,2025–2030,True,36,Adverse;Baseline;Reform,FR12_forecast_tidy.csv,mikro §15.5.2
fr12:act:entry:ICT,micro:FR12,Giriş əmsalı: İnformasiya və rabitə,%,2019–2030,2025–2030,True,36,Adverse;Baseline;Reform,FR12_forecast_tidy.csv,mikro §15.5.2
fr12:act:entry:IND,micro:FR12,Giriş əmsalı: Sənaye,%,2019–2030,2025–2030,True,36,Adverse;Baseline;Reform,FR12_forecast_tidy.csv,mikro §15.5.2
fr12:act:entry:OTH,micro:FR12,Giriş əmsalı: Digər sahələr,%,2019–2030,2025–2030,True,36,Adverse;Baseline;Reform,FR12_forecast_tidy.csv,mikro §15.5.2
fr12:act:entry:REA,micro:FR12,Giriş əmsalı: Daşınmaz əmlak,%,2019–2030,2025–2030,True,36,Adverse;Baseline;Reform,FR12_forecast_tidy.csv,mikro §15.5.2
fr12:act:entry:TRA,micro:FR12,Giriş əmsalı: Nəqliyyat,%,2019–2030,2025–2030,True,36,Adverse;Baseline;Reform,FR12_forecast_tidy.csv,mikro §15.5.2
fr12:act:entry:TRD,micro:FR12,Giriş əmsalı: Ticarət,%,2019–2030,2025–2030,True,36,Adverse;Baseline;Reform,FR12_forecast_tidy.csv,mikro §15.5.2
fr12:act:exit:ACC,micro:FR12,Çıxış əmsalı: Yerləşdirmə və iaşə,%,2019–2030,2025–2030,True,36,Adverse;Baseline;Reform,FR12_forecast_tidy.csv,mikro §15.5.2
fr12:act:exit:AGR,micro:FR12,Çıxış əmsalı: Kənd təsərrüfatı,%,2019–2030,2025–2030,True,36,Adverse;Baseline;Reform,FR12_forecast_tidy.csv,mikro §15.5.2
fr12:act:exit:ALL,micro:FR12,Çıxış əmsalı: Bütün sahələr,%,2019–2030,2025–2030,True,36,Adverse;Baseline;Reform,FR12_forecast_tidy.csv,mikro §15.5.2
fr12:act:exit:CON,micro:FR12,Çıxış əmsalı: Tikinti,%,2019–2030,2025–2030,True,36,Adverse;Baseline;Reform,FR12_forecast_tidy.csv,mikro §15.5.2
fr12:act:exit:EDU,micro:FR12,Çıxış əmsalı: Təhsil,%,2019–2030,2025–2030,True,36,Adverse;Baseline;Reform,FR12_forecast_tidy.csv,mikro §15.5.2
fr12:act:exit:HEA,micro:FR12,Çıxış əmsalı: Səhiyyə və sosial xidmətlər,%,2019–2030,2025–2030,True,36,Adverse;Baseline;Reform,FR12_forecast_tidy.csv,mikro §15.5.2
fr12:act:exit:ICT,micro:FR12,Çıxış əmsalı: İnformasiya və rabitə,%,2019–2030,2025–2030,True,36,Adverse;Baseline;Reform,FR12_forecast_tidy.csv,mikro §15.5.2
fr12:act:exit:IND,micro:FR12,Çıxış əmsalı: Sənaye,%,2019–2030,2025–2030,True,36,Adverse;Baseline;Reform,FR12_forecast_tidy.csv,mikro §15.5.2
fr12:act:exit:OTH,micro:FR12,Çıxış əmsalı: Digər sahələr,%,2019–2030,2025–2030,True,36,Adverse;Baseline;Reform,FR12_forecast_tidy.csv,mikro §15.5.2
fr12:act:exit:REA,micro:FR12,Çıxış əmsalı: Daşınmaz əmlak,%,2019–2030,2025–2030,True,36,Adverse;Baseline;Reform,FR12_forecast_tidy.csv,mikro §15.5.2
fr12:act:exit:TRA,micro:FR12,Çıxış əmsalı: Nəqliyyat,%,2019–2030,2025–2030,True,36,Adverse;Baseline;Reform,FR12_forecast_tidy.csv,mikro §15.5.2
fr12:act:exit:TRD,micro:FR12,Çıxış əmsalı: Ticarət,%,2019–2030,2025–2030,True,36,Adverse;Baseline;Reform,FR12_forecast_tidy.csv,mikro §15.5.2
fr12:act:exits:ACC,micro:FR12,Ləğv edilənlər (ölümlər): Yerləşdirmə və iaşə,vahid,2019–2030,2025–2030,False,36,Adverse;Baseline;Reform,FR12_forecast_tidy.csv,mikro §15.5.2
fr12:act:exits:AGR,micro:FR12,Ləğv edilənlər (ölümlər): Kənd təsərrüfatı,vahid,2019–2030,2025–2030,False,36,Adverse;Baseline;Reform,FR12_forecast_tidy.csv,mikro §15.5.2
fr12:act:exits:ALL,micro:FR12,Ləğv edilənlər (ölümlər): Bütün sahələr,vahid,2019–2030,2025–2030,False,36,Adverse;Baseline;Reform,FR12_forecast_tidy.csv,mikro §15.5.2
fr12:act:exits:CON,micro:FR12,Ləğv edilənlər (ölümlər): Tikinti,vahid,2019–2030,2025–2030,False,36,Adverse;Baseline;Reform,FR12_forecast_tidy.csv,mikro §15.5.2
fr12:act:exits:EDU,micro:FR12,Ləğv edilənlər (ölümlər): Təhsil,vahid,2019–2030,2025–2030,False,36,Adverse;Baseline;Reform,FR12_forecast_tidy.csv,mikro §15.5.2
fr12:act:exits:HEA,micro:FR12,Ləğv edilənlər (ölümlər): Səhiyyə və sosial xidmətlər,vahid,2019–2030,2025–2030,False,36,Adverse;Baseline;Reform,FR12_forecast_tidy.csv,mikro §15.5.2
fr12:act:exits:ICT,micro:FR12,Ləğv edilənlər (ölümlər): İnformasiya və rabitə,vahid,2019–2030,2025–2030,False,36,Adverse;Baseline;Reform,FR12_forecast_tidy.csv,mikro §15.5.2
fr12:act:exits:IND,micro:FR12,Ləğv edilənlər (ölümlər): Sənaye,vahid,2019–2030,2025–2030,False,36,Adverse;Baseline;Reform,FR12_forecast_tidy.csv,mikro §15.5.2
fr12:act:exits:OTH,micro:FR12,Ləğv edilənlər (ölümlər): Digər sahələr,vahid,2019–2030,2025–2030,False,36,Adverse;Baseline;Reform,FR12_forecast_tidy.csv,mikro §15.5.2
fr12:act:exits:REA,micro:FR12,Ləğv edilənlər (ölümlər): Daşınmaz əmlak,vahid,2019–2030,2025–2030,False,36,Adverse;Baseline;Reform,FR12_forecast_tidy.csv,mikro §15.5.2
fr12:act:exits:TRA,micro:FR12,Ləğv edilənlər (ölümlər): Nəqliyyat,vahid,2019–2030,2025–2030,False,36,Adverse;Baseline;Reform,FR12_forecast_tidy.csv,mikro §15.5.2
fr12:act:exits:TRD,micro:FR12,Ləğv edilənlər (ölümlər): Ticarət,vahid,2019–2030,2025–2030,False,36,Adverse;Baseline;Reform,FR12_forecast_tidy.csv,mikro §15.5.2
fr12:act:new:ACC,micro:FR12,Yeni qeydiyyatlar (doğulmalar): Yerləşdirmə və iaşə,vahid,2019–2030,2025–2030,True,36,Adverse;Baseline;Reform,FR12_forecast_tidy.csv,mikro §15.5.2
fr12:act:new:AGR,micro:FR12,Yeni qeydiyyatlar (doğulmalar): Kənd təsərrüfatı,vahid,2019–2030,2025–2030,True,36,Adverse;Baseline;Reform,FR12_forecast_tidy.csv,mikro §15.5.2
fr12:act:new:ALL,micro:FR12,Yeni qeydiyyatlar (doğulmalar): Bütün sahələr,vahid,2019–2030,2025–2030,True,36,Adverse;Baseline;Reform,FR12_forecast_tidy.csv,mikro §15.5.2
fr12:act:new:CON,micro:FR12,Yeni qeydiyyatlar (doğulmalar): Tikinti,vahid,2019–2030,2025–2030,True,36,Adverse;Baseline;Reform,FR12_forecast_tidy.csv,mikro §15.5.2
fr12:act:new:EDU,micro:FR12,Yeni qeydiyyatlar (doğulmalar): Təhsil,vahid,2019–2030,2025–2030,True,36,Adverse;Baseline;Reform,FR12_forecast_tidy.csv,mikro §15.5.2
fr12:act:new:HEA,micro:FR12,Yeni qeydiyyatlar (doğulmalar): Səhiyyə və sosial xidmətlər,vahid,2019–2030,2025–2030,True,36,Adverse;Baseline;Reform,FR12_forecast_tidy.csv,mikro §15.5.2
fr12:act:new:ICT,micro:FR12,Yeni qeydiyyatlar (doğulmalar): İnformasiya və rabitə,vahid,2019–2030,2025–2030,True,36,Adverse;Baseline;Reform,FR12_forecast_tidy.csv,mikro §15.5.2
fr12:act:new:IND,micro:FR12,Yeni qeydiyyatlar (doğulmalar): Sənaye,vahid,2019–2030,2025–2030,True,36,Adverse;Baseline;Reform,FR12_forecast_tidy.csv,mikro §15.5.2
fr12:act:new:OTH,micro:FR12,Yeni qeydiyyatlar (doğulmalar): Digər sahələr,vahid,2019–2030,2025–2030,True,36,Adverse;Baseline;Reform,FR12_forecast_tidy.csv,mikro §15.5.2
fr12:act:new:REA,micro:FR12,Yeni qeydiyyatlar (doğulmalar): Daşınmaz əmlak,vahid,2019–2030,2025–2030,True,36,Adverse;Baseline;Reform,FR12_forecast_tidy.csv,mikro §15.5.2
fr12:act:new:TRA,micro:FR12,Yeni qeydiyyatlar (doğulmalar): Nəqliyyat,vahid,2019–2030,2025–2030,True,36,Adverse;Baseline;Reform,FR12_forecast_tidy.csv,mikro §15.5.2
fr12:act:new:TRD,micro:FR12,Yeni qeydiyyatlar (doğulmalar): Ticarət,vahid,2019–2030,2025–2030,True,36,Adverse;Baseline;Reform,FR12_forecast_tidy.csv,mikro §15.5.2
fr12:conc:cr4_lower:ACC,micro:FR12,"CR4, aşağı hədd: Yerləşdirmə və iaşə",%,2023–2030,2025–2030,False,24,Adverse;Baseline;Reform,FR12_forecast_tidy.csv,mikro §15.5.2
fr12:conc:cr4_lower:AGR,micro:FR12,"CR4, aşağı hədd: Kənd təsərrüfatı",%,2023–2030,2025–2030,False,24,Adverse;Baseline;Reform,FR12_forecast_tidy.csv,mikro §15.5.2
fr12:conc:cr4_lower:CON,micro:FR12,"CR4, aşağı hədd: Tikinti",%,2023–2030,2025–2030,False,24,Adverse;Baseline;Reform,FR12_forecast_tidy.csv,mikro §15.5.2
fr12:conc:cr4_lower:EDU,micro:FR12,"CR4, aşağı hədd: Təhsil",%,2023–2030,2025–2030,False,24,Adverse;Baseline;Reform,FR12_forecast_tidy.csv,mikro §15.5.2
fr12:conc:cr4_lower:HEA,micro:FR12,"CR4, aşağı hədd: Səhiyyə və sosial xidmətlər",%,2023–2030,2025–2030,False,24,Adverse;Baseline;Reform,FR12_forecast_tidy.csv,mikro §15.5.2
fr12:conc:cr4_lower:ICT,micro:FR12,"CR4, aşağı hədd: İnformasiya və rabitə",%,2023–2030,2025–2030,False,24,Adverse;Baseline;Reform,FR12_forecast_tidy.csv,mikro §15.5.2
fr12:conc:cr4_lower:IND,micro:FR12,"CR4, aşağı hədd: Sənaye",%,2023–2030,2025–2030,False,24,Adverse;Baseline;Reform,FR12_forecast_tidy.csv,mikro §15.5.2
fr12:conc:cr4_lower:OTH,micro:FR12,"CR4, aşağı hədd: Digər sahələr",%,2023–2030,2025–2030,False,24,Adverse;Baseline;Reform,FR12_forecast_tidy.csv,mikro §15.5.2
fr12:conc:cr4_lower:REA,micro:FR12,"CR4, aşağı hədd: Daşınmaz əmlak",%,2023–2030,2025–2030,False,24,Adverse;Baseline;Reform,FR12_forecast_tidy.csv,mikro §15.5.2
fr12:conc:cr4_lower:TRA,micro:FR12,"CR4, aşağı hədd: Nəqliyyat",%,2023–2030,2025–2030,False,24,Adverse;Baseline;Reform,FR12_forecast_tidy.csv,mikro §15.5.2
fr12:conc:cr4_lower:TRD,micro:FR12,"CR4, aşağı hədd: Ticarət",%,2023–2030,2025–2030,False,24,Adverse;Baseline;Reform,FR12_forecast_tidy.csv,mikro §15.5.2
fr12:conc:cr4_upper:ACC,micro:FR12,"CR4, yuxarı hədd: Yerləşdirmə və iaşə",%,2023–2030,2025–2030,False,24,Adverse;Baseline;Reform,FR12_forecast_tidy.csv,mikro §15.5.2
fr12:conc:cr4_upper:AGR,micro:FR12,"CR4, yuxarı hədd: Kənd təsərrüfatı",%,2023–2030,2025–2030,False,24,Adverse;Baseline;Reform,FR12_forecast_tidy.csv,mikro §15.5.2
fr12:conc:cr4_upper:CON,micro:FR12,"CR4, yuxarı hədd: Tikinti",%,2023–2030,2025–2030,False,24,Adverse;Baseline;Reform,FR12_forecast_tidy.csv,mikro §15.5.2
fr12:conc:cr4_upper:EDU,micro:FR12,"CR4, yuxarı hədd: Təhsil",%,2023–2030,2025–2030,False,24,Adverse;Baseline;Reform,FR12_forecast_tidy.csv,mikro §15.5.2
fr12:conc:cr4_upper:HEA,micro:FR12,"CR4, yuxarı hədd: Səhiyyə və sosial xidmətlər",%,2023–2030,2025–2030,False,24,Adverse;Baseline;Reform,FR12_forecast_tidy.csv,mikro §15.5.2
fr12:conc:cr4_upper:ICT,micro:FR12,"CR4, yuxarı hədd: İnformasiya və rabitə",%,2023–2030,2025–2030,False,24,Adverse;Baseline;Reform,FR12_forecast_tidy.csv,mikro §15.5.2
fr12:conc:cr4_upper:IND,micro:FR12,"CR4, yuxarı hədd: Sənaye",%,2023–2030,2025–2030,False,24,Adverse;Baseline;Reform,FR12_forecast_tidy.csv,mikro §15.5.2
fr12:conc:cr4_upper:OTH,micro:FR12,"CR4, yuxarı hədd: Digər sahələr",%,2023–2030,2025–2030,False,24,Adverse;Baseline;Reform,FR12_forecast_tidy.csv,mikro §15.5.2
fr12:conc:cr4_upper:REA,micro:FR12,"CR4, yuxarı hədd: Daşınmaz əmlak",%,2023–2030,2025–2030,False,24,Adverse;Baseline;Reform,FR12_forecast_tidy.csv,mikro §15.5.2
fr12:conc:cr4_upper:TRA,micro:FR12,"CR4, yuxarı hədd: Nəqliyyat",%,2023–2030,2025–2030,False,24,Adverse;Baseline;Reform,FR12_forecast_tidy.csv,mikro §15.5.2
fr12:conc:cr4_upper:TRD,micro:FR12,"CR4, yuxarı hədd: Ticarət",%,2023–2030,2025–2030,False,24,Adverse;Baseline;Reform,FR12_forecast_tidy.csv,mikro §15.5.2
fr12:conc:hhi_lower:ACC,micro:FR12,"HHI, aşağı hədd: Yerləşdirmə və iaşə",HHI (0–10 000),2023–2030,2025–2030,False,24,Adverse;Baseline;Reform,FR12_forecast_tidy.csv,mikro §15.5.2
fr12:conc:hhi_lower:AGR,micro:FR12,"HHI, aşağı hədd: Kənd təsərrüfatı",HHI (0–10 000),2023–2030,2025–2030,False,24,Adverse;Baseline;Reform,FR12_forecast_tidy.csv,mikro §15.5.2
fr12:conc:hhi_lower:CON,micro:FR12,"HHI, aşağı hədd: Tikinti",HHI (0–10 000),2023–2030,2025–2030,False,24,Adverse;Baseline;Reform,FR12_forecast_tidy.csv,mikro §15.5.2
fr12:conc:hhi_lower:EDU,micro:FR12,"HHI, aşağı hədd: Təhsil",HHI (0–10 000),2023–2030,2025–2030,False,24,Adverse;Baseline;Reform,FR12_forecast_tidy.csv,mikro §15.5.2
fr12:conc:hhi_lower:HEA,micro:FR12,"HHI, aşağı hədd: Səhiyyə və sosial xidmətlər",HHI (0–10 000),2023–2030,2025–2030,False,24,Adverse;Baseline;Reform,FR12_forecast_tidy.csv,mikro §15.5.2
fr12:conc:hhi_lower:ICT,micro:FR12,"HHI, aşağı hədd: İnformasiya və rabitə",HHI (0–10 000),2023–2030,2025–2030,False,24,Adverse;Baseline;Reform,FR12_forecast_tidy.csv,mikro §15.5.2
fr12:conc:hhi_lower:IND,micro:FR12,"HHI, aşağı hədd: Sənaye",HHI (0–10 000),2023–2030,2025–2030,False,24,Adverse;Baseline;Reform,FR12_forecast_tidy.csv,mikro §15.5.2
fr12:conc:hhi_lower:OTH,micro:FR12,"HHI, aşağı hədd: Digər sahələr",HHI (0–10 000),2023–2030,2025–2030,False,24,Adverse;Baseline;Reform,FR12_forecast_tidy.csv,mikro §15.5.2
fr12:conc:hhi_lower:REA,micro:FR12,"HHI, aşağı hədd: Daşınmaz əmlak",HHI (0–10 000),2023–2030,2025–2030,False,24,Adverse;Baseline;Reform,FR12_forecast_tidy.csv,mikro §15.5.2
fr12:conc:hhi_lower:TRA,micro:FR12,"HHI, aşağı hədd: Nəqliyyat",HHI (0–10 000),2023–2030,2025–2030,False,24,Adverse;Baseline;Reform,FR12_forecast_tidy.csv,mikro §15.5.2
fr12:conc:hhi_lower:TRD,micro:FR12,"HHI, aşağı hədd: Ticarət",HHI (0–10 000),2023–2030,2025–2030,False,24,Adverse;Baseline;Reform,FR12_forecast_tidy.csv,mikro §15.5.2
fr12:conc:hhi_upper:ACC,micro:FR12,"HHI, yuxarı hədd: Yerləşdirmə və iaşə",HHI (0–10 000),2023–2030,2025–2030,False,24,Adverse;Baseline;Reform,FR12_forecast_tidy.csv,mikro §15.5.2
fr12:conc:hhi_upper:AGR,micro:FR12,"HHI, yuxarı hədd: Kənd təsərrüfatı",HHI (0–10 000),2023–2030,2025–2030,False,24,Adverse;Baseline;Reform,FR12_forecast_tidy.csv,mikro §15.5.2
fr12:conc:hhi_upper:CON,micro:FR12,"HHI, yuxarı hədd: Tikinti",HHI (0–10 000),2023–2030,2025–2030,False,24,Adverse;Baseline;Reform,FR12_forecast_tidy.csv,mikro §15.5.2
fr12:conc:hhi_upper:EDU,micro:FR12,"HHI, yuxarı hədd: Təhsil",HHI (0–10 000),2023–2030,2025–2030,False,24,Adverse;Baseline;Reform,FR12_forecast_tidy.csv,mikro §15.5.2
fr12:conc:hhi_upper:HEA,micro:FR12,"HHI, yuxarı hədd: Səhiyyə və sosial xidmətlər",HHI (0–10 000),2023–2030,2025–2030,False,24,Adverse;Baseline;Reform,FR12_forecast_tidy.csv,mikro §15.5.2
fr12:conc:hhi_upper:ICT,micro:FR12,"HHI, yuxarı hədd: İnformasiya və rabitə",HHI (0–10 000),2023–2030,2025–2030,False,24,Adverse;Baseline;Reform,FR12_forecast_tidy.csv,mikro §15.5.2
fr12:conc:hhi_upper:IND,micro:FR12,"HHI, yuxarı hədd: Sənaye",HHI (0–10 000),2023–2030,2025–2030,False,24,Adverse;Baseline;Reform,FR12_forecast_tidy.csv,mikro §15.5.2
fr12:conc:hhi_upper:OTH,micro:FR12,"HHI, yuxarı hədd: Digər sahələr",HHI (0–10 000),2023–2030,2025–2030,False,24,Adverse;Baseline;Reform,FR12_forecast_tidy.csv,mikro §15.5.2
fr12:conc:hhi_upper:REA,micro:FR12,"HHI, yuxarı hədd: Daşınmaz əmlak",HHI (0–10 000),2023–2030,2025–2030,False,24,Adverse;Baseline;Reform,FR12_forecast_tidy.csv,mikro §15.5.2
fr12:conc:hhi_upper:TRA,micro:FR12,"HHI, yuxarı hədd: Nəqliyyat",HHI (0–10 000),2023–2030,2025–2030,False,24,Adverse;Baseline;Reform,FR12_forecast_tidy.csv,mikro §15.5.2
fr12:conc:hhi_upper:TRD,micro:FR12,"HHI, yuxarı hədd: Ticarət",HHI (0–10 000),2023–2030,2025–2030,False,24,Adverse;Baseline;Reform,FR12_forecast_tidy.csv,mikro §15.5.2
fr12:conc:hhi_upper_floor30:ACC,micro:FR12,"HHI, yuxarı hədd (iri müəssisələr ≥ 30 mln AZN fərziyyəsi): Yerləşdirmə və iaşə",HHI (0–10 000),2023–2030,2025–2030,False,24,Adverse;Baseline;Reform,FR12_forecast_tidy.csv,mikro §15.5.2
fr12:conc:hhi_upper_floor30:AGR,micro:FR12,"HHI, yuxarı hədd (iri müəssisələr ≥ 30 mln AZN fərziyyəsi): Kənd təsərrüfatı",HHI (0–10 000),2023–2030,2025–2030,False,24,Adverse;Baseline;Reform,FR12_forecast_tidy.csv,mikro §15.5.2
fr12:conc:hhi_upper_floor30:CON,micro:FR12,"HHI, yuxarı hədd (iri müəssisələr ≥ 30 mln AZN fərziyyəsi): Tikinti",HHI (0–10 000),2023–2030,2025–2030,False,24,Adverse;Baseline;Reform,FR12_forecast_tidy.csv,mikro §15.5.2
fr12:conc:hhi_upper_floor30:EDU,micro:FR12,"HHI, yuxarı hədd (iri müəssisələr ≥ 30 mln AZN fərziyyəsi): Təhsil",HHI (0–10 000),2023–2030,2025–2030,False,13,Adverse;Baseline;Reform,FR12_forecast_tidy.csv,mikro §15.5.2
fr12:conc:hhi_upper_floor30:HEA,micro:FR12,"HHI, yuxarı hədd (iri müəssisələr ≥ 30 mln AZN fərziyyəsi): Səhiyyə və sosial xidmətlər",HHI (0–10 000),2023–2030,2025–2030,False,18,Adverse;Baseline;Reform,FR12_forecast_tidy.csv,mikro §15.5.2
fr12:conc:hhi_upper_floor30:ICT,micro:FR12,"HHI, yuxarı hədd (iri müəssisələr ≥ 30 mln AZN fərziyyəsi): İnformasiya və rabitə",HHI (0–10 000),2023–2030,2025–2030,False,24,Adverse;Baseline;Reform,FR12_forecast_tidy.csv,mikro §15.5.2
fr12:conc:hhi_upper_floor30:IND,micro:FR12,"HHI, yuxarı hədd (iri müəssisələr ≥ 30 mln AZN fərziyyəsi): Sənaye",HHI (0–10 000),2023–2030,2025–2030,False,24,Adverse;Baseline;Reform,FR12_forecast_tidy.csv,mikro §15.5.2
fr12:conc:hhi_upper_floor30:OTH,micro:FR12,"HHI, yuxarı hədd (iri müəssisələr ≥ 30 mln AZN fərziyyəsi): Digər sahələr",HHI (0–10 000),2023–2030,2025–2030,False,24,Adverse;Baseline;Reform,FR12_forecast_tidy.csv,mikro §15.5.2
fr12:conc:hhi_upper_floor30:REA,micro:FR12,"HHI, yuxarı hədd (iri müəssisələr ≥ 30 mln AZN fərziyyəsi): Daşınmaz əmlak",HHI (0–10 000),2023–2030,2025–2030,False,24,Adverse;Baseline;Reform,FR12_forecast_tidy.csv,mikro §15.5.2
fr12:conc:hhi_upper_floor30:TRA,micro:FR12,"HHI, yuxarı hədd (iri müəssisələr ≥ 30 mln AZN fərziyyəsi): Nəqliyyat",HHI (0–10 000),2023–2030,2025–2030,False,24,Adverse;Baseline;Reform,FR12_forecast_tidy.csv,mikro §15.5.2
fr12:conc:hhi_upper_floor30:TRD,micro:FR12,"HHI, yuxarı hədd (iri müəssisələr ≥ 30 mln AZN fərziyyəsi): Ticarət",HHI (0–10 000),2023–2030,2025–2030,False,24,Adverse;Baseline;Reform,FR12_forecast_tidy.csv,mikro §15.5.2
fr12:conc:large_share:ACC,micro:FR12,İri müəssisələrin buraxılışda payı: Yerləşdirmə və iaşə,%,2019–2030,2025–2030,False,36,Adverse;Baseline;Reform,FR12_forecast_tidy.csv,mikro §15.5.2
fr12:conc:large_share:AGR,micro:FR12,İri müəssisələrin buraxılışda payı: Kənd təsərrüfatı,%,2019–2030,2025–2030,False,36,Adverse;Baseline;Reform,FR12_forecast_tidy.csv,mikro §15.5.2
fr12:conc:large_share:CON,micro:FR12,İri müəssisələrin buraxılışda payı: Tikinti,%,2019–2030,2025–2030,False,36,Adverse;Baseline;Reform,FR12_forecast_tidy.csv,mikro §15.5.2
fr12:conc:large_share:EDU,micro:FR12,İri müəssisələrin buraxılışda payı: Təhsil,%,2019–2030,2025–2030,False,36,Adverse;Baseline;Reform,FR12_forecast_tidy.csv,mikro §15.5.2
fr12:conc:large_share:HEA,micro:FR12,İri müəssisələrin buraxılışda payı: Səhiyyə və sosial xidmətlər,%,2019–2030,2025–2030,False,36,Adverse;Baseline;Reform,FR12_forecast_tidy.csv,mikro §15.5.2
fr12:conc:large_share:ICT,micro:FR12,İri müəssisələrin buraxılışda payı: İnformasiya və rabitə,%,2019–2030,2025–2030,False,36,Adverse;Baseline;Reform,FR12_forecast_tidy.csv,mikro §15.5.2
fr12:conc:large_share:IND,micro:FR12,İri müəssisələrin buraxılışda payı: Sənaye,%,2019–2030,2025–2030,False,36,Adverse;Baseline;Reform,FR12_forecast_tidy.csv,mikro §15.5.2
fr12:conc:large_share:OTH,micro:FR12,İri müəssisələrin buraxılışda payı: Digər sahələr,%,2019–2030,2025–2030,False,36,Adverse;Baseline;Reform,FR12_forecast_tidy.csv,mikro §15.5.2
fr12:conc:large_share:REA,micro:FR12,İri müəssisələrin buraxılışda payı: Daşınmaz əmlak,%,2019–2030,2025–2030,False,36,Adverse;Baseline;Reform,FR12_forecast_tidy.csv,mikro §15.5.2
fr12:conc:large_share:TRA,micro:FR12,İri müəssisələrin buraxılışda payı: Nəqliyyat,%,2019–2030,2025–2030,False,36,Adverse;Baseline;Reform,FR12_forecast_tidy.csv,mikro §15.5.2
fr12:conc:large_share:TRD,micro:FR12,İri müəssisələrin buraxılışda payı: Ticarət,%,2019–2030,2025–2030,False,36,Adverse;Baseline;Reform,FR12_forecast_tidy.csv,mikro §15.5.2
fr12:conc:sme_employment_share:ACC,micro:FR12,KOS-un məşğulluqda payı: Yerləşdirmə və iaşə,%,2019–2030,2025–2030,False,36,Adverse;Baseline;Reform,FR12_forecast_tidy.csv,mikro §15.5.2
fr12:conc:sme_employment_share:AGR,micro:FR12,KOS-un məşğulluqda payı: Kənd təsərrüfatı,%,2019–2030,2025–2030,False,36,Adverse;Baseline;Reform,FR12_forecast_tidy.csv,mikro §15.5.2
fr12:conc:sme_employment_share:CON,micro:FR12,KOS-un məşğulluqda payı: Tikinti,%,2019–2030,2025–2030,False,36,Adverse;Baseline;Reform,FR12_forecast_tidy.csv,mikro §15.5.2
fr12:conc:sme_employment_share:EDU,micro:FR12,KOS-un məşğulluqda payı: Təhsil,%,2019–2030,2025–2030,False,36,Adverse;Baseline;Reform,FR12_forecast_tidy.csv,mikro §15.5.2
fr12:conc:sme_employment_share:HEA,micro:FR12,KOS-un məşğulluqda payı: Səhiyyə və sosial xidmətlər,%,2019–2030,2025–2030,False,36,Adverse;Baseline;Reform,FR12_forecast_tidy.csv,mikro §15.5.2
fr12:conc:sme_employment_share:ICT,micro:FR12,KOS-un məşğulluqda payı: İnformasiya və rabitə,%,2019–2030,2025–2030,False,36,Adverse;Baseline;Reform,FR12_forecast_tidy.csv,mikro §15.5.2
fr12:conc:sme_employment_share:IND,micro:FR12,KOS-un məşğulluqda payı: Sənaye,%,2019–2030,2025–2030,False,36,Adverse;Baseline;Reform,FR12_forecast_tidy.csv,mikro §15.5.2
fr12:conc:sme_employment_share:OTH,micro:FR12,KOS-un məşğulluqda payı: Digər sahələr,%,2019–2030,2025–2030,False,36,Adverse;Baseline;Reform,FR12_forecast_tidy.csv,mikro §15.5.2
fr12:conc:sme_employment_share:REA,micro:FR12,KOS-un məşğulluqda payı: Daşınmaz əmlak,%,2019–2030,2025–2030,False,36,Adverse;Baseline;Reform,FR12_forecast_tidy.csv,mikro §15.5.2
fr12:conc:sme_employment_share:TRA,micro:FR12,KOS-un məşğulluqda payı: Nəqliyyat,%,2019–2030,2025–2030,False,36,Adverse;Baseline;Reform,FR12_forecast_tidy.csv,mikro §15.5.2
fr12:conc:sme_employment_share:TRD,micro:FR12,KOS-un məşğulluqda payı: Ticarət,%,2019–2030,2025–2030,False,36,Adverse;Baseline;Reform,FR12_forecast_tidy.csv,mikro §15.5.2
fr12:conc:sme_output_share:ACC,micro:FR12,KOS-un buraxılışda payı: Yerləşdirmə və iaşə,%,2019–2030,2025–2030,False,36,Adverse;Baseline;Reform,FR12_forecast_tidy.csv,mikro §15.5.2
fr12:conc:sme_output_share:AGR,micro:FR12,KOS-un buraxılışda payı: Kənd təsərrüfatı,%,2019–2030,2025–2030,False,36,Adverse;Baseline;Reform,FR12_forecast_tidy.csv,mikro §15.5.2
fr12:conc:sme_output_share:CON,micro:FR12,KOS-un buraxılışda payı: Tikinti,%,2019–2030,2025–2030,False,36,Adverse;Baseline;Reform,FR12_forecast_tidy.csv,mikro §15.5.2
fr12:conc:sme_output_share:EDU,micro:FR12,KOS-un buraxılışda payı: Təhsil,%,2019–2030,2025–2030,False,36,Adverse;Baseline;Reform,FR12_forecast_tidy.csv,mikro §15.5.2
fr12:conc:sme_output_share:HEA,micro:FR12,KOS-un buraxılışda payı: Səhiyyə və sosial xidmətlər,%,2019–2030,2025–2030,False,36,Adverse;Baseline;Reform,FR12_forecast_tidy.csv,mikro §15.5.2
fr12:conc:sme_output_share:ICT,micro:FR12,KOS-un buraxılışda payı: İnformasiya və rabitə,%,2019–2030,2025–2030,False,36,Adverse;Baseline;Reform,FR12_forecast_tidy.csv,mikro §15.5.2
fr12:conc:sme_output_share:IND,micro:FR12,KOS-un buraxılışda payı: Sənaye,%,2019–2030,2025–2030,False,36,Adverse;Baseline;Reform,FR12_forecast_tidy.csv,mikro §15.5.2
fr12:conc:sme_output_share:OTH,micro:FR12,KOS-un buraxılışda payı: Digər sahələr,%,2019–2030,2025–2030,False,36,Adverse;Baseline;Reform,FR12_forecast_tidy.csv,mikro §15.5.2
fr12:conc:sme_output_share:REA,micro:FR12,KOS-un buraxılışda payı: Daşınmaz əmlak,%,2019–2030,2025–2030,False,36,Adverse;Baseline;Reform,FR12_forecast_tidy.csv,mikro §15.5.2
fr12:conc:sme_output_share:TRA,micro:FR12,KOS-un buraxılışda payı: Nəqliyyat,%,2019–2030,2025–2030,False,36,Adverse;Baseline;Reform,FR12_forecast_tidy.csv,mikro §15.5.2
fr12:conc:sme_output_share:TRD,micro:FR12,KOS-un buraxılışda payı: Ticarət,%,2019–2030,2025–2030,False,36,Adverse;Baseline;Reform,FR12_forecast_tidy.csv,mikro §15.5.2
fr12:ew:score:ACC,micro:FR12,Erkən xəbərdarlıq balı (0–1): Yerləşdirmə və iaşə,bal (0–1),2024–2030,2025–2030,False,21,Adverse;Baseline;Reform,FR12_forecast_tidy.csv,mikro §15.5.2
fr12:ew:score:AGR,micro:FR12,Erkən xəbərdarlıq balı (0–1): Kənd təsərrüfatı,bal (0–1),2024–2030,2025–2030,False,21,Adverse;Baseline;Reform,FR12_forecast_tidy.csv,mikro §15.5.2
fr12:ew:score:CON,micro:FR12,Erkən xəbərdarlıq balı (0–1): Tikinti,bal (0–1),2024–2030,2025–2030,False,21,Adverse;Baseline;Reform,FR12_forecast_tidy.csv,mikro §15.5.2
fr12:ew:score:EDU,micro:FR12,Erkən xəbərdarlıq balı (0–1): Təhsil,bal (0–1),2024–2030,2025–2030,False,21,Adverse;Baseline;Reform,FR12_forecast_tidy.csv,mikro §15.5.2
fr12:ew:score:HEA,micro:FR12,Erkən xəbərdarlıq balı (0–1): Səhiyyə və sosial xidmətlər,bal (0–1),2024–2030,2025–2030,False,21,Adverse;Baseline;Reform,FR12_forecast_tidy.csv,mikro §15.5.2
fr12:ew:score:ICT,micro:FR12,Erkən xəbərdarlıq balı (0–1): İnformasiya və rabitə,bal (0–1),2024–2030,2025–2030,False,21,Adverse;Baseline;Reform,FR12_forecast_tidy.csv,mikro §15.5.2
fr12:ew:score:IND,micro:FR12,Erkən xəbərdarlıq balı (0–1): Sənaye,bal (0–1),2024–2030,2025–2030,False,21,Adverse;Baseline;Reform,FR12_forecast_tidy.csv,mikro §15.5.2
fr12:ew:score:OTH,micro:FR12,Erkən xəbərdarlıq balı (0–1): Digər sahələr,bal (0–1),2024–2030,2025–2030,False,21,Adverse;Baseline;Reform,FR12_forecast_tidy.csv,mikro §15.5.2
fr12:ew:score:REA,micro:FR12,Erkən xəbərdarlıq balı (0–1): Daşınmaz əmlak,bal (0–1),2024–2030,2025–2030,False,21,Adverse;Baseline;Reform,FR12_forecast_tidy.csv,mikro §15.5.2
fr12:ew:score:TRA,micro:FR12,Erkən xəbərdarlıq balı (0–1): Nəqliyyat,bal (0–1),2024–2030,2025–2030,False,21,Adverse;Baseline;Reform,FR12_forecast_tidy.csv,mikro §15.5.2
fr12:ew:score:TRD,micro:FR12,Erkən xəbərdarlıq balı (0–1): Ticarət,bal (0–1),2024–2030,2025–2030,False,21,Adverse;Baseline;Reform,FR12_forecast_tidy.csv,mikro §15.5.2
fr12:reg:N:ALL,micro:FR12,Qeydiyyatdakı vahidlər (ehtiyat): Bütün regionlar,vahid,2021–2030,2026–2030,True,30,Adverse;Baseline;Reform,FR12_forecast_tidy.csv,mikro §15.5.2
fr12:reg:N:Absheron-Khizi,micro:FR12,Qeydiyyatdakı vahidlər (ehtiyat): Abşeron-Xızı,vahid,2021–2030,2026–2030,True,30,Adverse;Baseline;Reform,FR12_forecast_tidy.csv,mikro §15.5.2
fr12:reg:N:Baku_city,micro:FR12,Qeydiyyatdakı vahidlər (ehtiyat): Bakı şəhəri,vahid,2021–2030,2026–2030,True,30,Adverse;Baseline;Reform,FR12_forecast_tidy.csv,mikro §15.5.2
fr12:reg:N:Central_Aran,micro:FR12,Qeydiyyatdakı vahidlər (ehtiyat): Mərkəzi Aran,vahid,2021–2030,2026–2030,True,30,Adverse;Baseline;Reform,FR12_forecast_tidy.csv,mikro §15.5.2
fr12:reg:N:Daghlig_Shirvan,micro:FR12,Qeydiyyatdakı vahidlər (ehtiyat): Dağlıq Şirvan,vahid,2021–2030,2026–2030,True,30,Adverse;Baseline;Reform,FR12_forecast_tidy.csv,mikro §15.5.2
fr12:reg:N:East_Zangezur,micro:FR12,Qeydiyyatdakı vahidlər (ehtiyat): Şərqi Zəngəzur,vahid,2021–2030,2026–2030,True,30,Adverse;Baseline;Reform,FR12_forecast_tidy.csv,mikro §15.5.2
fr12:reg:N:Ganja-Dashkasan,micro:FR12,Qeydiyyatdakı vahidlər (ehtiyat): Gəncə-Daşkəsən,vahid,2021–2030,2026–2030,True,30,Adverse;Baseline;Reform,FR12_forecast_tidy.csv,mikro §15.5.2
fr12:reg:N:Gazakh-Tovuz,micro:FR12,Qeydiyyatdakı vahidlər (ehtiyat): Qazax-Tovuz,vahid,2021–2030,2026–2030,True,30,Adverse;Baseline;Reform,FR12_forecast_tidy.csv,mikro §15.5.2
fr12:reg:N:Guba-Khachmaz,micro:FR12,Qeydiyyatdakı vahidlər (ehtiyat): Quba-Xaçmaz,vahid,2021–2030,2026–2030,True,30,Adverse;Baseline;Reform,FR12_forecast_tidy.csv,mikro §15.5.2
fr12:reg:N:Karabakh,micro:FR12,Qeydiyyatdakı vahidlər (ehtiyat): Qarabağ,vahid,2021–2030,2026–2030,True,30,Adverse;Baseline;Reform,FR12_forecast_tidy.csv,mikro §15.5.2
fr12:reg:N:Lankaran-Astara,micro:FR12,Qeydiyyatdakı vahidlər (ehtiyat): Lənkəran-Astara,vahid,2021–2030,2026–2030,True,30,Adverse;Baseline;Reform,FR12_forecast_tidy.csv,mikro §15.5.2
fr12:reg:N:Mil-Mughan,micro:FR12,Qeydiyyatdakı vahidlər (ehtiyat): Mil-Muğan,vahid,2021–2030,2026–2030,True,30,Adverse;Baseline;Reform,FR12_forecast_tidy.csv,mikro §15.5.2
fr12:reg:N:Nakhchivan,micro:FR12,Qeydiyyatdakı vahidlər (ehtiyat): Naxçıvan,vahid,2021–2030,2026–2030,True,30,Adverse;Baseline;Reform,FR12_forecast_tidy.csv,mikro §15.5.2
fr12:reg:N:Shaki-Zagatala,micro:FR12,Qeydiyyatdakı vahidlər (ehtiyat): Şəki-Zaqatala,vahid,2021–2030,2026–2030,True,30,Adverse;Baseline;Reform,FR12_forecast_tidy.csv,mikro §15.5.2
fr12:reg:N:Shirvan-Salyan,micro:FR12,Qeydiyyatdakı vahidlər (ehtiyat): Şirvan-Salyan,vahid,2021–2030,2026–2030,True,30,Adverse;Baseline;Reform,FR12_forecast_tidy.csv,mikro §15.5.2
fr12:reg:entry:ALL,micro:FR12,Giriş əmsalı: Bütün regionlar,%,2021–2030,2026–2030,True,30,Adverse;Baseline;Reform,FR12_forecast_tidy.csv,mikro §15.5.2
fr12:reg:entry:Absheron-Khizi,micro:FR12,Giriş əmsalı: Abşeron-Xızı,%,2021–2030,2026–2030,True,30,Adverse;Baseline;Reform,FR12_forecast_tidy.csv,mikro §15.5.2
fr12:reg:entry:Baku_city,micro:FR12,Giriş əmsalı: Bakı şəhəri,%,2021–2030,2026–2030,True,30,Adverse;Baseline;Reform,FR12_forecast_tidy.csv,mikro §15.5.2
fr12:reg:entry:Central_Aran,micro:FR12,Giriş əmsalı: Mərkəzi Aran,%,2021–2030,2026–2030,True,30,Adverse;Baseline;Reform,FR12_forecast_tidy.csv,mikro §15.5.2
fr12:reg:entry:Daghlig_Shirvan,micro:FR12,Giriş əmsalı: Dağlıq Şirvan,%,2021–2030,2026–2030,True,30,Adverse;Baseline;Reform,FR12_forecast_tidy.csv,mikro §15.5.2
fr12:reg:entry:East_Zangezur,micro:FR12,Giriş əmsalı: Şərqi Zəngəzur,%,2021–2030,2026–2030,True,30,Adverse;Baseline;Reform,FR12_forecast_tidy.csv,mikro §15.5.2
fr12:reg:entry:Ganja-Dashkasan,micro:FR12,Giriş əmsalı: Gəncə-Daşkəsən,%,2021–2030,2026–2030,True,30,Adverse;Baseline;Reform,FR12_forecast_tidy.csv,mikro §15.5.2
fr12:reg:entry:Gazakh-Tovuz,micro:FR12,Giriş əmsalı: Qazax-Tovuz,%,2021–2030,2026–2030,True,30,Adverse;Baseline;Reform,FR12_forecast_tidy.csv,mikro §15.5.2
fr12:reg:entry:Guba-Khachmaz,micro:FR12,Giriş əmsalı: Quba-Xaçmaz,%,2021–2030,2026–2030,True,30,Adverse;Baseline;Reform,FR12_forecast_tidy.csv,mikro §15.5.2
fr12:reg:entry:Karabakh,micro:FR12,Giriş əmsalı: Qarabağ,%,2021–2030,2026–2030,True,30,Adverse;Baseline;Reform,FR12_forecast_tidy.csv,mikro §15.5.2
fr12:reg:entry:Lankaran-Astara,micro:FR12,Giriş əmsalı: Lənkəran-Astara,%,2021–2030,2026–2030,True,30,Adverse;Baseline;Reform,FR12_forecast_tidy.csv,mikro §15.5.2
fr12:reg:entry:Mil-Mughan,micro:FR12,Giriş əmsalı: Mil-Muğan,%,2021–2030,2026–2030,True,30,Adverse;Baseline;Reform,FR12_forecast_tidy.csv,mikro §15.5.2
fr12:reg:entry:Nakhchivan,micro:FR12,Giriş əmsalı: Naxçıvan,%,2021–2030,2026–2030,True,30,Adverse;Baseline;Reform,FR12_forecast_tidy.csv,mikro §15.5.2
fr12:reg:entry:Shaki-Zagatala,micro:FR12,Giriş əmsalı: Şəki-Zaqatala,%,2021–2030,2026–2030,True,30,Adverse;Baseline;Reform,FR12_forecast_tidy.csv,mikro §15.5.2
fr12:reg:entry:Shirvan-Salyan,micro:FR12,Giriş əmsalı: Şirvan-Salyan,%,2021–2030,2026–2030,True,30,Adverse;Baseline;Reform,FR12_forecast_tidy.csv,mikro §15.5.2
fr12:reg:exit:ALL,micro:FR12,Çıxış əmsalı: Bütün regionlar,%,2021–2030,2026–2030,True,30,Adverse;Baseline;Reform,FR12_forecast_tidy.csv,mikro §15.5.2
fr12:reg:exit:Absheron-Khizi,micro:FR12,Çıxış əmsalı: Abşeron-Xızı,%,2021–2030,2026–2030,True,30,Adverse;Baseline;Reform,FR12_forecast_tidy.csv,mikro §15.5.2
fr12:reg:exit:Baku_city,micro:FR12,Çıxış əmsalı: Bakı şəhəri,%,2021–2030,2026–2030,True,30,Adverse;Baseline;Reform,FR12_forecast_tidy.csv,mikro §15.5.2
fr12:reg:exit:Central_Aran,micro:FR12,Çıxış əmsalı: Mərkəzi Aran,%,2021–2030,2026–2030,True,30,Adverse;Baseline;Reform,FR12_forecast_tidy.csv,mikro §15.5.2
fr12:reg:exit:Daghlig_Shirvan,micro:FR12,Çıxış əmsalı: Dağlıq Şirvan,%,2021–2030,2026–2030,True,30,Adverse;Baseline;Reform,FR12_forecast_tidy.csv,mikro §15.5.2
fr12:reg:exit:East_Zangezur,micro:FR12,Çıxış əmsalı: Şərqi Zəngəzur,%,2021–2030,2026–2030,True,30,Adverse;Baseline;Reform,FR12_forecast_tidy.csv,mikro §15.5.2
fr12:reg:exit:Ganja-Dashkasan,micro:FR12,Çıxış əmsalı: Gəncə-Daşkəsən,%,2021–2030,2026–2030,True,30,Adverse;Baseline;Reform,FR12_forecast_tidy.csv,mikro §15.5.2
fr12:reg:exit:Gazakh-Tovuz,micro:FR12,Çıxış əmsalı: Qazax-Tovuz,%,2021–2030,2026–2030,True,30,Adverse;Baseline;Reform,FR12_forecast_tidy.csv,mikro §15.5.2
fr12:reg:exit:Guba-Khachmaz,micro:FR12,Çıxış əmsalı: Quba-Xaçmaz,%,2021–2030,2026–2030,True,30,Adverse;Baseline;Reform,FR12_forecast_tidy.csv,mikro §15.5.2
fr12:reg:exit:Karabakh,micro:FR12,Çıxış əmsalı: Qarabağ,%,2021–2030,2026–2030,True,30,Adverse;Baseline;Reform,FR12_forecast_tidy.csv,mikro §15.5.2
fr12:reg:exit:Lankaran-Astara,micro:FR12,Çıxış əmsalı: Lənkəran-Astara,%,2021–2030,2026–2030,True,30,Adverse;Baseline;Reform,FR12_forecast_tidy.csv,mikro §15.5.2
fr12:reg:exit:Mil-Mughan,micro:FR12,Çıxış əmsalı: Mil-Muğan,%,2021–2030,2026–2030,True,30,Adverse;Baseline;Reform,FR12_forecast_tidy.csv,mikro §15.5.2
fr12:reg:exit:Nakhchivan,micro:FR12,Çıxış əmsalı: Naxçıvan,%,2021–2030,2026–2030,True,30,Adverse;Baseline;Reform,FR12_forecast_tidy.csv,mikro §15.5.2
fr12:reg:exit:Shaki-Zagatala,micro:FR12,Çıxış əmsalı: Şəki-Zaqatala,%,2021–2030,2026–2030,True,30,Adverse;Baseline;Reform,FR12_forecast_tidy.csv,mikro §15.5.2
fr12:reg:exit:Shirvan-Salyan,micro:FR12,Çıxış əmsalı: Şirvan-Salyan,%,2021–2030,2026–2030,True,30,Adverse;Baseline;Reform,FR12_forecast_tidy.csv,mikro §15.5.2
fr12:reg:exits:ALL,micro:FR12,Ləğv edilənlər (ölümlər): Bütün regionlar,vahid,2021–2030,2026–2030,False,30,Adverse;Baseline;Reform,FR12_forecast_tidy.csv,mikro §15.5.2
fr12:reg:exits:Absheron-Khizi,micro:FR12,Ləğv edilənlər (ölümlər): Abşeron-Xızı,vahid,2021–2030,2026–2030,False,30,Adverse;Baseline;Reform,FR12_forecast_tidy.csv,mikro §15.5.2
fr12:reg:exits:Baku_city,micro:FR12,Ləğv edilənlər (ölümlər): Bakı şəhəri,vahid,2021–2030,2026–2030,False,30,Adverse;Baseline;Reform,FR12_forecast_tidy.csv,mikro §15.5.2
fr12:reg:exits:Central_Aran,micro:FR12,Ləğv edilənlər (ölümlər): Mərkəzi Aran,vahid,2021–2030,2026–2030,False,30,Adverse;Baseline;Reform,FR12_forecast_tidy.csv,mikro §15.5.2
fr12:reg:exits:Daghlig_Shirvan,micro:FR12,Ləğv edilənlər (ölümlər): Dağlıq Şirvan,vahid,2021–2030,2026–2030,False,30,Adverse;Baseline;Reform,FR12_forecast_tidy.csv,mikro §15.5.2
fr12:reg:exits:East_Zangezur,micro:FR12,Ləğv edilənlər (ölümlər): Şərqi Zəngəzur,vahid,2021–2030,2026–2030,False,30,Adverse;Baseline;Reform,FR12_forecast_tidy.csv,mikro §15.5.2
fr12:reg:exits:Ganja-Dashkasan,micro:FR12,Ləğv edilənlər (ölümlər): Gəncə-Daşkəsən,vahid,2021–2030,2026–2030,False,30,Adverse;Baseline;Reform,FR12_forecast_tidy.csv,mikro §15.5.2
fr12:reg:exits:Gazakh-Tovuz,micro:FR12,Ləğv edilənlər (ölümlər): Qazax-Tovuz,vahid,2021–2030,2026–2030,False,30,Adverse;Baseline;Reform,FR12_forecast_tidy.csv,mikro §15.5.2
fr12:reg:exits:Guba-Khachmaz,micro:FR12,Ləğv edilənlər (ölümlər): Quba-Xaçmaz,vahid,2021–2030,2026–2030,False,30,Adverse;Baseline;Reform,FR12_forecast_tidy.csv,mikro §15.5.2
fr12:reg:exits:Karabakh,micro:FR12,Ləğv edilənlər (ölümlər): Qarabağ,vahid,2021–2030,2026–2030,False,30,Adverse;Baseline;Reform,FR12_forecast_tidy.csv,mikro §15.5.2
fr12:reg:exits:Lankaran-Astara,micro:FR12,Ləğv edilənlər (ölümlər): Lənkəran-Astara,vahid,2021–2030,2026–2030,False,30,Adverse;Baseline;Reform,FR12_forecast_tidy.csv,mikro §15.5.2
fr12:reg:exits:Mil-Mughan,micro:FR12,Ləğv edilənlər (ölümlər): Mil-Muğan,vahid,2021–2030,2026–2030,False,30,Adverse;Baseline;Reform,FR12_forecast_tidy.csv,mikro §15.5.2
fr12:reg:exits:Nakhchivan,micro:FR12,Ləğv edilənlər (ölümlər): Naxçıvan,vahid,2021–2030,2026–2030,False,30,Adverse;Baseline;Reform,FR12_forecast_tidy.csv,mikro §15.5.2
fr12:reg:exits:Shaki-Zagatala,micro:FR12,Ləğv edilənlər (ölümlər): Şəki-Zaqatala,vahid,2021–2030,2026–2030,False,30,Adverse;Baseline;Reform,FR12_forecast_tidy.csv,mikro §15.5.2
fr12:reg:exits:Shirvan-Salyan,micro:FR12,Ləğv edilənlər (ölümlər): Şirvan-Salyan,vahid,2021–2030,2026–2030,False,30,Adverse;Baseline;Reform,FR12_forecast_tidy.csv,mikro §15.5.2
fr12:reg:new:ALL,micro:FR12,Yeni qeydiyyatlar (doğulmalar): Bütün regionlar,vahid,2021–2030,2026–2030,True,30,Adverse;Baseline;Reform,FR12_forecast_tidy.csv,mikro §15.5.2
fr12:reg:new:Absheron-Khizi,micro:FR12,Yeni qeydiyyatlar (doğulmalar): Abşeron-Xızı,vahid,2021–2030,2026–2030,True,30,Adverse;Baseline;Reform,FR12_forecast_tidy.csv,mikro §15.5.2
fr12:reg:new:Baku_city,micro:FR12,Yeni qeydiyyatlar (doğulmalar): Bakı şəhəri,vahid,2021–2030,2026–2030,True,30,Adverse;Baseline;Reform,FR12_forecast_tidy.csv,mikro §15.5.2
fr12:reg:new:Central_Aran,micro:FR12,Yeni qeydiyyatlar (doğulmalar): Mərkəzi Aran,vahid,2021–2030,2026–2030,True,30,Adverse;Baseline;Reform,FR12_forecast_tidy.csv,mikro §15.5.2
fr12:reg:new:Daghlig_Shirvan,micro:FR12,Yeni qeydiyyatlar (doğulmalar): Dağlıq Şirvan,vahid,2021–2030,2026–2030,True,30,Adverse;Baseline;Reform,FR12_forecast_tidy.csv,mikro §15.5.2
fr12:reg:new:East_Zangezur,micro:FR12,Yeni qeydiyyatlar (doğulmalar): Şərqi Zəngəzur,vahid,2021–2030,2026–2030,True,30,Adverse;Baseline;Reform,FR12_forecast_tidy.csv,mikro §15.5.2
fr12:reg:new:Ganja-Dashkasan,micro:FR12,Yeni qeydiyyatlar (doğulmalar): Gəncə-Daşkəsən,vahid,2021–2030,2026–2030,True,30,Adverse;Baseline;Reform,FR12_forecast_tidy.csv,mikro §15.5.2
fr12:reg:new:Gazakh-Tovuz,micro:FR12,Yeni qeydiyyatlar (doğulmalar): Qazax-Tovuz,vahid,2021–2030,2026–2030,True,30,Adverse;Baseline;Reform,FR12_forecast_tidy.csv,mikro §15.5.2
fr12:reg:new:Guba-Khachmaz,micro:FR12,Yeni qeydiyyatlar (doğulmalar): Quba-Xaçmaz,vahid,2021–2030,2026–2030,True,30,Adverse;Baseline;Reform,FR12_forecast_tidy.csv,mikro §15.5.2
fr12:reg:new:Karabakh,micro:FR12,Yeni qeydiyyatlar (doğulmalar): Qarabağ,vahid,2021–2030,2026–2030,True,30,Adverse;Baseline;Reform,FR12_forecast_tidy.csv,mikro §15.5.2
fr12:reg:new:Lankaran-Astara,micro:FR12,Yeni qeydiyyatlar (doğulmalar): Lənkəran-Astara,vahid,2021–2030,2026–2030,True,30,Adverse;Baseline;Reform,FR12_forecast_tidy.csv,mikro §15.5.2
fr12:reg:new:Mil-Mughan,micro:FR12,Yeni qeydiyyatlar (doğulmalar): Mil-Muğan,vahid,2021–2030,2026–2030,True,30,Adverse;Baseline;Reform,FR12_forecast_tidy.csv,mikro §15.5.2
fr12:reg:new:Nakhchivan,micro:FR12,Yeni qeydiyyatlar (doğulmalar): Naxçıvan,vahid,2021–2030,2026–2030,True,30,Adverse;Baseline;Reform,FR12_forecast_tidy.csv,mikro §15.5.2
fr12:reg:new:Shaki-Zagatala,micro:FR12,Yeni qeydiyyatlar (doğulmalar): Şəki-Zaqatala,vahid,2021–2030,2026–2030,True,30,Adverse;Baseline;Reform,FR12_forecast_tidy.csv,mikro §15.5.2
fr12:reg:new:Shirvan-Salyan,micro:FR12,Yeni qeydiyyatlar (doğulmalar): Şirvan-Salyan,vahid,2021–2030,2026–2030,True,30,Adverse;Baseline;Reform,FR12_forecast_tidy.csv,mikro §15.5.2
fr12:sec:entry:A,micro:FR12,"Giriş əmsalı: Kənd, meşə təsərrüfatı və balıqçılıq",%,2021–2030,2026–2030,True,30,Adverse;Baseline;Reform,FR12_forecast_tidy.csv,mikro §15.5.2
fr12:sec:entry:B,micro:FR12,Giriş əmsalı: Mədənçıxarma,%,2021–2030,2026–2030,True,30,Adverse;Baseline;Reform,FR12_forecast_tidy.csv,mikro §15.5.2
fr12:sec:entry:C,micro:FR12,Giriş əmsalı: Emal sənayesi,%,2021–2030,2026–2030,True,30,Adverse;Baseline;Reform,FR12_forecast_tidy.csv,mikro §15.5.2
fr12:sec:entry:D,micro:FR12,"Giriş əmsalı: Elektrik enerjisi, qaz və buxar",%,2021–2030,2026–2030,True,30,Adverse;Baseline;Reform,FR12_forecast_tidy.csv,mikro §15.5.2
fr12:sec:entry:E,micro:FR12,"Giriş əmsalı: Su təchizatı, tullantıların emalı",%,2021–2030,2026–2030,True,30,Adverse;Baseline;Reform,FR12_forecast_tidy.csv,mikro §15.5.2
fr12:sec:entry:F,micro:FR12,Giriş əmsalı: Tikinti,%,2021–2030,2026–2030,True,30,Adverse;Baseline;Reform,FR12_forecast_tidy.csv,mikro §15.5.2
fr12:sec:entry:G,micro:FR12,Giriş əmsalı: Ticarət; avtomobil təmiri,%,2021–2030,2026–2030,True,30,Adverse;Baseline;Reform,FR12_forecast_tidy.csv,mikro §15.5.2
fr12:sec:entry:H,micro:FR12,Giriş əmsalı: Nəqliyyat və anbar təsərrüfatı,%,2021–2030,2026–2030,True,30,Adverse;Baseline;Reform,FR12_forecast_tidy.csv,mikro §15.5.2
fr12:sec:entry:I,micro:FR12,Giriş əmsalı: Yerləşdirmə və ictimai iaşə,%,2021–2030,2026–2030,True,30,Adverse;Baseline;Reform,FR12_forecast_tidy.csv,mikro §15.5.2
fr12:sec:entry:J,micro:FR12,Giriş əmsalı: İnformasiya və rabitə,%,2021–2030,2026–2030,True,30,Adverse;Baseline;Reform,FR12_forecast_tidy.csv,mikro §15.5.2
fr12:sec:entry:K,micro:FR12,Giriş əmsalı: Maliyyə və sığorta,%,2021–2030,2026–2030,True,30,Adverse;Baseline;Reform,FR12_forecast_tidy.csv,mikro §15.5.2
fr12:sec:entry:L,micro:FR12,Giriş əmsalı: Daşınmaz əmlak,%,2021–2030,2026–2030,True,30,Adverse;Baseline;Reform,FR12_forecast_tidy.csv,mikro §15.5.2
fr12:sec:entry:M,micro:FR12,"Giriş əmsalı: Peşə, elmi və texniki fəaliyyət",%,2021–2030,2026–2030,True,30,Adverse;Baseline;Reform,FR12_forecast_tidy.csv,mikro §15.5.2
fr12:sec:entry:N,micro:FR12,Giriş əmsalı: İnzibati və yardımçı xidmətlər,%,2021–2030,2026–2030,True,30,Adverse;Baseline;Reform,FR12_forecast_tidy.csv,mikro §15.5.2
fr12:sec:entry:P,micro:FR12,Giriş əmsalı: Təhsil,%,2021–2030,2026–2030,True,30,Adverse;Baseline;Reform,FR12_forecast_tidy.csv,mikro §15.5.2
fr12:sec:entry:Q,micro:FR12,Giriş əmsalı: Səhiyyə və sosial xidmətlər,%,2021–2030,2026–2030,True,30,Adverse;Baseline;Reform,FR12_forecast_tidy.csv,mikro §15.5.2
fr12:sec:entry:R,micro:FR12,"Giriş əmsalı: İstirahət, əyləncə və incəsənət",%,2021–2030,2026–2030,True,30,Adverse;Baseline;Reform,FR12_forecast_tidy.csv,mikro §15.5.2
fr12:sec:entry:S,micro:FR12,Giriş əmsalı: Digər xidmətlər,%,2021–2030,2026–2030,True,30,Adverse;Baseline;Reform,FR12_forecast_tidy.csv,mikro §15.5.2
fr12:sec:exit:A,micro:FR12,"Çıxış əmsalı: Kənd, meşə təsərrüfatı və balıqçılıq",%,2021–2030,2026–2030,True,30,Adverse;Baseline;Reform,FR12_forecast_tidy.csv,mikro §15.5.2
fr12:sec:exit:B,micro:FR12,Çıxış əmsalı: Mədənçıxarma,%,2021–2030,2026–2030,True,30,Adverse;Baseline;Reform,FR12_forecast_tidy.csv,mikro §15.5.2
fr12:sec:exit:C,micro:FR12,Çıxış əmsalı: Emal sənayesi,%,2021–2030,2026–2030,True,30,Adverse;Baseline;Reform,FR12_forecast_tidy.csv,mikro §15.5.2
fr12:sec:exit:D,micro:FR12,"Çıxış əmsalı: Elektrik enerjisi, qaz və buxar",%,2021–2030,2026–2030,True,30,Adverse;Baseline;Reform,FR12_forecast_tidy.csv,mikro §15.5.2
fr12:sec:exit:E,micro:FR12,"Çıxış əmsalı: Su təchizatı, tullantıların emalı",%,2021–2030,2026–2030,True,30,Adverse;Baseline;Reform,FR12_forecast_tidy.csv,mikro §15.5.2
fr12:sec:exit:F,micro:FR12,Çıxış əmsalı: Tikinti,%,2021–2030,2026–2030,True,30,Adverse;Baseline;Reform,FR12_forecast_tidy.csv,mikro §15.5.2
fr12:sec:exit:G,micro:FR12,Çıxış əmsalı: Ticarət; avtomobil təmiri,%,2021–2030,2026–2030,True,30,Adverse;Baseline;Reform,FR12_forecast_tidy.csv,mikro §15.5.2
fr12:sec:exit:H,micro:FR12,Çıxış əmsalı: Nəqliyyat və anbar təsərrüfatı,%,2021–2030,2026–2030,True,30,Adverse;Baseline;Reform,FR12_forecast_tidy.csv,mikro §15.5.2
fr12:sec:exit:I,micro:FR12,Çıxış əmsalı: Yerləşdirmə və ictimai iaşə,%,2021–2030,2026–2030,True,30,Adverse;Baseline;Reform,FR12_forecast_tidy.csv,mikro §15.5.2
fr12:sec:exit:J,micro:FR12,Çıxış əmsalı: İnformasiya və rabitə,%,2021–2030,2026–2030,True,30,Adverse;Baseline;Reform,FR12_forecast_tidy.csv,mikro §15.5.2
fr12:sec:exit:K,micro:FR12,Çıxış əmsalı: Maliyyə və sığorta,%,2021–2030,2026–2030,True,30,Adverse;Baseline;Reform,FR12_forecast_tidy.csv,mikro §15.5.2
fr12:sec:exit:L,micro:FR12,Çıxış əmsalı: Daşınmaz əmlak,%,2021–2030,2026–2030,True,30,Adverse;Baseline;Reform,FR12_forecast_tidy.csv,mikro §15.5.2
fr12:sec:exit:M,micro:FR12,"Çıxış əmsalı: Peşə, elmi və texniki fəaliyyət",%,2021–2030,2026–2030,True,30,Adverse;Baseline;Reform,FR12_forecast_tidy.csv,mikro §15.5.2
fr12:sec:exit:N,micro:FR12,Çıxış əmsalı: İnzibati və yardımçı xidmətlər,%,2021–2030,2026–2030,True,30,Adverse;Baseline;Reform,FR12_forecast_tidy.csv,mikro §15.5.2
fr12:sec:exit:P,micro:FR12,Çıxış əmsalı: Təhsil,%,2021–2030,2026–2030,True,30,Adverse;Baseline;Reform,FR12_forecast_tidy.csv,mikro §15.5.2
fr12:sec:exit:Q,micro:FR12,Çıxış əmsalı: Səhiyyə və sosial xidmətlər,%,2021–2030,2026–2030,True,30,Adverse;Baseline;Reform,FR12_forecast_tidy.csv,mikro §15.5.2
fr12:sec:exit:R,micro:FR12,"Çıxış əmsalı: İstirahət, əyləncə və incəsənət",%,2021–2030,2026–2030,True,30,Adverse;Baseline;Reform,FR12_forecast_tidy.csv,mikro §15.5.2
fr12:sec:exit:S,micro:FR12,Çıxış əmsalı: Digər xidmətlər,%,2021–2030,2026–2030,True,30,Adverse;Baseline;Reform,FR12_forecast_tidy.csv,mikro §15.5.2
fr12:sec:liq:A,micro:FR12,"Ləğv edilmiş vahidlər: Kənd, meşə təsərrüfatı və balıqçılıq",vahid,2021–2030,2026–2030,False,30,Adverse;Baseline;Reform,FR12_forecast_tidy.csv,mikro §15.5.2
fr12:sec:liq:B,micro:FR12,Ləğv edilmiş vahidlər: Mədənçıxarma,vahid,2021–2030,2026–2030,False,30,Adverse;Baseline;Reform,FR12_forecast_tidy.csv,mikro §15.5.2
fr12:sec:liq:C,micro:FR12,Ləğv edilmiş vahidlər: Emal sənayesi,vahid,2021–2030,2026–2030,False,30,Adverse;Baseline;Reform,FR12_forecast_tidy.csv,mikro §15.5.2
fr12:sec:liq:D,micro:FR12,"Ləğv edilmiş vahidlər: Elektrik enerjisi, qaz və buxar",vahid,2021–2030,2026–2030,False,30,Adverse;Baseline;Reform,FR12_forecast_tidy.csv,mikro §15.5.2
fr12:sec:liq:E,micro:FR12,"Ləğv edilmiş vahidlər: Su təchizatı, tullantıların emalı",vahid,2021–2030,2026–2030,False,30,Adverse;Baseline;Reform,FR12_forecast_tidy.csv,mikro §15.5.2
fr12:sec:liq:F,micro:FR12,Ləğv edilmiş vahidlər: Tikinti,vahid,2021–2030,2026–2030,False,30,Adverse;Baseline;Reform,FR12_forecast_tidy.csv,mikro §15.5.2
fr12:sec:liq:G,micro:FR12,Ləğv edilmiş vahidlər: Ticarət; avtomobil təmiri,vahid,2021–2030,2026–2030,False,30,Adverse;Baseline;Reform,FR12_forecast_tidy.csv,mikro §15.5.2
fr12:sec:liq:H,micro:FR12,Ləğv edilmiş vahidlər: Nəqliyyat və anbar təsərrüfatı,vahid,2021–2030,2026–2030,False,30,Adverse;Baseline;Reform,FR12_forecast_tidy.csv,mikro §15.5.2
fr12:sec:liq:I,micro:FR12,Ləğv edilmiş vahidlər: Yerləşdirmə və ictimai iaşə,vahid,2021–2030,2026–2030,False,30,Adverse;Baseline;Reform,FR12_forecast_tidy.csv,mikro §15.5.2
fr12:sec:liq:J,micro:FR12,Ləğv edilmiş vahidlər: İnformasiya və rabitə,vahid,2021–2030,2026–2030,False,30,Adverse;Baseline;Reform,FR12_forecast_tidy.csv,mikro §15.5.2
fr12:sec:liq:K,micro:FR12,Ləğv edilmiş vahidlər: Maliyyə və sığorta,vahid,2021–2030,2026–2030,False,30,Adverse;Baseline;Reform,FR12_forecast_tidy.csv,mikro §15.5.2
fr12:sec:liq:L,micro:FR12,Ləğv edilmiş vahidlər: Daşınmaz əmlak,vahid,2021–2030,2026–2030,False,30,Adverse;Baseline;Reform,FR12_forecast_tidy.csv,mikro §15.5.2
fr12:sec:liq:M,micro:FR12,"Ləğv edilmiş vahidlər: Peşə, elmi və texniki fəaliyyət",vahid,2021–2030,2026–2030,False,30,Adverse;Baseline;Reform,FR12_forecast_tidy.csv,mikro §15.5.2
fr12:sec:liq:N,micro:FR12,Ləğv edilmiş vahidlər: İnzibati və yardımçı xidmətlər,vahid,2021–2030,2026–2030,False,30,Adverse;Baseline;Reform,FR12_forecast_tidy.csv,mikro §15.5.2
fr12:sec:liq:P,micro:FR12,Ləğv edilmiş vahidlər: Təhsil,vahid,2021–2030,2026–2030,False,30,Adverse;Baseline;Reform,FR12_forecast_tidy.csv,mikro §15.5.2
fr12:sec:liq:Q,micro:FR12,Ləğv edilmiş vahidlər: Səhiyyə və sosial xidmətlər,vahid,2021–2030,2026–2030,False,30,Adverse;Baseline;Reform,FR12_forecast_tidy.csv,mikro §15.5.2
fr12:sec:liq:R,micro:FR12,"Ləğv edilmiş vahidlər: İstirahət, əyləncə və incəsənət",vahid,2021–2030,2026–2030,False,30,Adverse;Baseline;Reform,FR12_forecast_tidy.csv,mikro §15.5.2
fr12:sec:liq:S,micro:FR12,Ləğv edilmiş vahidlər: Digər xidmətlər,vahid,2021–2030,2026–2030,False,30,Adverse;Baseline;Reform,FR12_forecast_tidy.csv,mikro §15.5.2
fr12:sec:new:A,micro:FR12,"Yaradılmış vahidlər: Kənd, meşə təsərrüfatı və balıqçılıq",vahid,2021–2030,2026–2030,True,30,Adverse;Baseline;Reform,FR12_forecast_tidy.csv,mikro §15.5.2
fr12:sec:new:B,micro:FR12,Yaradılmış vahidlər: Mədənçıxarma,vahid,2021–2030,2026–2030,True,30,Adverse;Baseline;Reform,FR12_forecast_tidy.csv,mikro §15.5.2
fr12:sec:new:C,micro:FR12,Yaradılmış vahidlər: Emal sənayesi,vahid,2021–2030,2026–2030,True,30,Adverse;Baseline;Reform,FR12_forecast_tidy.csv,mikro §15.5.2
fr12:sec:new:D,micro:FR12,"Yaradılmış vahidlər: Elektrik enerjisi, qaz və buxar",vahid,2021–2030,2026–2030,True,30,Adverse;Baseline;Reform,FR12_forecast_tidy.csv,mikro §15.5.2
fr12:sec:new:E,micro:FR12,"Yaradılmış vahidlər: Su təchizatı, tullantıların emalı",vahid,2021–2030,2026–2030,True,30,Adverse;Baseline;Reform,FR12_forecast_tidy.csv,mikro §15.5.2
fr12:sec:new:F,micro:FR12,Yaradılmış vahidlər: Tikinti,vahid,2021–2030,2026–2030,True,30,Adverse;Baseline;Reform,FR12_forecast_tidy.csv,mikro §15.5.2
fr12:sec:new:G,micro:FR12,Yaradılmış vahidlər: Ticarət; avtomobil təmiri,vahid,2021–2030,2026–2030,True,30,Adverse;Baseline;Reform,FR12_forecast_tidy.csv,mikro §15.5.2
fr12:sec:new:H,micro:FR12,Yaradılmış vahidlər: Nəqliyyat və anbar təsərrüfatı,vahid,2021–2030,2026–2030,True,30,Adverse;Baseline;Reform,FR12_forecast_tidy.csv,mikro §15.5.2
fr12:sec:new:I,micro:FR12,Yaradılmış vahidlər: Yerləşdirmə və ictimai iaşə,vahid,2021–2030,2026–2030,True,30,Adverse;Baseline;Reform,FR12_forecast_tidy.csv,mikro §15.5.2
fr12:sec:new:J,micro:FR12,Yaradılmış vahidlər: İnformasiya və rabitə,vahid,2021–2030,2026–2030,True,30,Adverse;Baseline;Reform,FR12_forecast_tidy.csv,mikro §15.5.2
fr12:sec:new:K,micro:FR12,Yaradılmış vahidlər: Maliyyə və sığorta,vahid,2021–2030,2026–2030,True,30,Adverse;Baseline;Reform,FR12_forecast_tidy.csv,mikro §15.5.2
fr12:sec:new:L,micro:FR12,Yaradılmış vahidlər: Daşınmaz əmlak,vahid,2021–2030,2026–2030,True,30,Adverse;Baseline;Reform,FR12_forecast_tidy.csv,mikro §15.5.2
fr12:sec:new:M,micro:FR12,"Yaradılmış vahidlər: Peşə, elmi və texniki fəaliyyət",vahid,2021–2030,2026–2030,True,30,Adverse;Baseline;Reform,FR12_forecast_tidy.csv,mikro §15.5.2
fr12:sec:new:N,micro:FR12,Yaradılmış vahidlər: İnzibati və yardımçı xidmətlər,vahid,2021–2030,2026–2030,True,30,Adverse;Baseline;Reform,FR12_forecast_tidy.csv,mikro §15.5.2
fr12:sec:new:P,micro:FR12,Yaradılmış vahidlər: Təhsil,vahid,2021–2030,2026–2030,True,30,Adverse;Baseline;Reform,FR12_forecast_tidy.csv,mikro §15.5.2
fr12:sec:new:Q,micro:FR12,Yaradılmış vahidlər: Səhiyyə və sosial xidmətlər,vahid,2021–2030,2026–2030,True,30,Adverse;Baseline;Reform,FR12_forecast_tidy.csv,mikro §15.5.2
fr12:sec:new:R,micro:FR12,"Yaradılmış vahidlər: İstirahət, əyləncə və incəsənət",vahid,2021–2030,2026–2030,True,30,Adverse;Baseline;Reform,FR12_forecast_tidy.csv,mikro §15.5.2
fr12:sec:new:S,micro:FR12,Yaradılmış vahidlər: Digər xidmətlər,vahid,2021–2030,2026–2030,True,30,Adverse;Baseline;Reform,FR12_forecast_tidy.csv,mikro §15.5.2
fr12:sec:stock:A,micro:FR12,"Statistik vahidlər: Kənd, meşə təsərrüfatı və balıqçılıq",vahid,2021–2030,2026–2030,True,30,Adverse;Baseline;Reform,FR12_forecast_tidy.csv,mikro §15.5.2
fr12:sec:stock:B,micro:FR12,Statistik vahidlər: Mədənçıxarma,vahid,2021–2030,2026–2030,True,30,Adverse;Baseline;Reform,FR12_forecast_tidy.csv,mikro §15.5.2
fr12:sec:stock:C,micro:FR12,Statistik vahidlər: Emal sənayesi,vahid,2021–2030,2026–2030,True,30,Adverse;Baseline;Reform,FR12_forecast_tidy.csv,mikro §15.5.2
fr12:sec:stock:D,micro:FR12,"Statistik vahidlər: Elektrik enerjisi, qaz və buxar",vahid,2021–2030,2026–2030,True,30,Adverse;Baseline;Reform,FR12_forecast_tidy.csv,mikro §15.5.2
fr12:sec:stock:E,micro:FR12,"Statistik vahidlər: Su təchizatı, tullantıların emalı",vahid,2021–2030,2026–2030,True,30,Adverse;Baseline;Reform,FR12_forecast_tidy.csv,mikro §15.5.2
fr12:sec:stock:F,micro:FR12,Statistik vahidlər: Tikinti,vahid,2021–2030,2026–2030,True,30,Adverse;Baseline;Reform,FR12_forecast_tidy.csv,mikro §15.5.2
fr12:sec:stock:G,micro:FR12,Statistik vahidlər: Ticarət; avtomobil təmiri,vahid,2021–2030,2026–2030,True,30,Adverse;Baseline;Reform,FR12_forecast_tidy.csv,mikro §15.5.2
fr12:sec:stock:H,micro:FR12,Statistik vahidlər: Nəqliyyat və anbar təsərrüfatı,vahid,2021–2030,2026–2030,True,30,Adverse;Baseline;Reform,FR12_forecast_tidy.csv,mikro §15.5.2
fr12:sec:stock:I,micro:FR12,Statistik vahidlər: Yerləşdirmə və ictimai iaşə,vahid,2021–2030,2026–2030,True,30,Adverse;Baseline;Reform,FR12_forecast_tidy.csv,mikro §15.5.2
fr12:sec:stock:J,micro:FR12,Statistik vahidlər: İnformasiya və rabitə,vahid,2021–2030,2026–2030,True,30,Adverse;Baseline;Reform,FR12_forecast_tidy.csv,mikro §15.5.2
fr12:sec:stock:K,micro:FR12,Statistik vahidlər: Maliyyə və sığorta,vahid,2021–2030,2026–2030,True,30,Adverse;Baseline;Reform,FR12_forecast_tidy.csv,mikro §15.5.2
fr12:sec:stock:L,micro:FR12,Statistik vahidlər: Daşınmaz əmlak,vahid,2021–2030,2026–2030,True,30,Adverse;Baseline;Reform,FR12_forecast_tidy.csv,mikro §15.5.2
fr12:sec:stock:M,micro:FR12,"Statistik vahidlər: Peşə, elmi və texniki fəaliyyət",vahid,2021–2030,2026–2030,True,30,Adverse;Baseline;Reform,FR12_forecast_tidy.csv,mikro §15.5.2
fr12:sec:stock:N,micro:FR12,Statistik vahidlər: İnzibati və yardımçı xidmətlər,vahid,2021–2030,2026–2030,True,30,Adverse;Baseline;Reform,FR12_forecast_tidy.csv,mikro §15.5.2
fr12:sec:stock:P,micro:FR12,Statistik vahidlər: Təhsil,vahid,2021–2030,2026–2030,True,30,Adverse;Baseline;Reform,FR12_forecast_tidy.csv,mikro §15.5.2
fr12:sec:stock:Q,micro:FR12,Statistik vahidlər: Səhiyyə və sosial xidmətlər,vahid,2021–2030,2026–2030,True,30,Adverse;Baseline;Reform,FR12_forecast_tidy.csv,mikro §15.5.2
fr12:sec:stock:R,micro:FR12,"Statistik vahidlər: İstirahət, əyləncə və incəsənət",vahid,2021–2030,2026–2030,True,30,Adverse;Baseline;Reform,FR12_forecast_tidy.csv,mikro §15.5.2
fr12:sec:stock:S,micro:FR12,Statistik vahidlər: Digər xidmətlər,vahid,2021–2030,2026–2030,True,30,Adverse;Baseline;Reform,FR12_forecast_tidy.csv,mikro §15.5.2
fr12:sec_h1:liq:A,micro:FR12,"Ləğv edilmiş vahidlər: Kənd, meşə təsərrüfatı və balıqçılıq",vahid,2022–2030,2027–2030,False,27,Adverse;Baseline;Reform,FR12_forecast_tidy.csv,mikro §15.5.2
fr12:sec_h1:liq:B,micro:FR12,Ləğv edilmiş vahidlər: Mədənçıxarma,vahid,2022–2030,2027–2030,False,27,Adverse;Baseline;Reform,FR12_forecast_tidy.csv,mikro §15.5.2
fr12:sec_h1:liq:C,micro:FR12,Ləğv edilmiş vahidlər: Emal sənayesi,vahid,2022–2030,2027–2030,False,27,Adverse;Baseline;Reform,FR12_forecast_tidy.csv,mikro §15.5.2
fr12:sec_h1:liq:D,micro:FR12,"Ləğv edilmiş vahidlər: Elektrik enerjisi, qaz və buxar",vahid,2022–2030,2027–2030,False,27,Adverse;Baseline;Reform,FR12_forecast_tidy.csv,mikro §15.5.2
fr12:sec_h1:liq:E,micro:FR12,"Ləğv edilmiş vahidlər: Su təchizatı, tullantıların emalı",vahid,2022–2030,2027–2030,False,27,Adverse;Baseline;Reform,FR12_forecast_tidy.csv,mikro §15.5.2
fr12:sec_h1:liq:F,micro:FR12,Ləğv edilmiş vahidlər: Tikinti,vahid,2022–2030,2027–2030,False,27,Adverse;Baseline;Reform,FR12_forecast_tidy.csv,mikro §15.5.2
fr12:sec_h1:liq:G,micro:FR12,Ləğv edilmiş vahidlər: Ticarət; avtomobil təmiri,vahid,2022–2030,2027–2030,False,27,Adverse;Baseline;Reform,FR12_forecast_tidy.csv,mikro §15.5.2
fr12:sec_h1:liq:H,micro:FR12,Ləğv edilmiş vahidlər: Nəqliyyat və anbar təsərrüfatı,vahid,2022–2030,2027–2030,False,27,Adverse;Baseline;Reform,FR12_forecast_tidy.csv,mikro §15.5.2
fr12:sec_h1:liq:I,micro:FR12,Ləğv edilmiş vahidlər: Yerləşdirmə və ictimai iaşə,vahid,2022–2030,2027–2030,False,27,Adverse;Baseline;Reform,FR12_forecast_tidy.csv,mikro §15.5.2
fr12:sec_h1:liq:J,micro:FR12,Ləğv edilmiş vahidlər: İnformasiya və rabitə,vahid,2022–2030,2027–2030,False,27,Adverse;Baseline;Reform,FR12_forecast_tidy.csv,mikro §15.5.2
fr12:sec_h1:liq:K,micro:FR12,Ləğv edilmiş vahidlər: Maliyyə və sığorta,vahid,2022–2030,2027–2030,False,27,Adverse;Baseline;Reform,FR12_forecast_tidy.csv,mikro §15.5.2
fr12:sec_h1:liq:L,micro:FR12,Ləğv edilmiş vahidlər: Daşınmaz əmlak,vahid,2022–2030,2027–2030,False,27,Adverse;Baseline;Reform,FR12_forecast_tidy.csv,mikro §15.5.2
fr12:sec_h1:liq:M,micro:FR12,"Ləğv edilmiş vahidlər: Peşə, elmi və texniki fəaliyyət",vahid,2022–2030,2027–2030,False,27,Adverse;Baseline;Reform,FR12_forecast_tidy.csv,mikro §15.5.2
fr12:sec_h1:liq:N,micro:FR12,Ləğv edilmiş vahidlər: İnzibati və yardımçı xidmətlər,vahid,2022–2030,2027–2030,False,27,Adverse;Baseline;Reform,FR12_forecast_tidy.csv,mikro §15.5.2
fr12:sec_h1:liq:P,micro:FR12,Ləğv edilmiş vahidlər: Təhsil,vahid,2022–2030,2027–2030,False,27,Adverse;Baseline;Reform,FR12_forecast_tidy.csv,mikro §15.5.2
fr12:sec_h1:liq:Q,micro:FR12,Ləğv edilmiş vahidlər: Səhiyyə və sosial xidmətlər,vahid,2022–2030,2027–2030,False,27,Adverse;Baseline;Reform,FR12_forecast_tidy.csv,mikro §15.5.2
fr12:sec_h1:liq:R,micro:FR12,"Ləğv edilmiş vahidlər: İstirahət, əyləncə və incəsənət",vahid,2022–2030,2027–2030,False,27,Adverse;Baseline;Reform,FR12_forecast_tidy.csv,mikro §15.5.2
fr12:sec_h1:liq:S,micro:FR12,Ləğv edilmiş vahidlər: Digər xidmətlər,vahid,2022–2030,2027–2030,False,27,Adverse;Baseline;Reform,FR12_forecast_tidy.csv,mikro §15.5.2
fr12:sec_h1:new:A,micro:FR12,"Yaradılmış vahidlər: Kənd, meşə təsərrüfatı və balıqçılıq",vahid,2022–2030,2027–2030,True,27,Adverse;Baseline;Reform,FR12_forecast_tidy.csv,mikro §15.5.2
fr12:sec_h1:new:B,micro:FR12,Yaradılmış vahidlər: Mədənçıxarma,vahid,2022–2030,2027–2030,True,27,Adverse;Baseline;Reform,FR12_forecast_tidy.csv,mikro §15.5.2
fr12:sec_h1:new:C,micro:FR12,Yaradılmış vahidlər: Emal sənayesi,vahid,2022–2030,2027–2030,True,27,Adverse;Baseline;Reform,FR12_forecast_tidy.csv,mikro §15.5.2
fr12:sec_h1:new:D,micro:FR12,"Yaradılmış vahidlər: Elektrik enerjisi, qaz və buxar",vahid,2022–2030,2027–2030,True,27,Adverse;Baseline;Reform,FR12_forecast_tidy.csv,mikro §15.5.2
fr12:sec_h1:new:E,micro:FR12,"Yaradılmış vahidlər: Su təchizatı, tullantıların emalı",vahid,2022–2030,2027–2030,True,27,Adverse;Baseline;Reform,FR12_forecast_tidy.csv,mikro §15.5.2
fr12:sec_h1:new:F,micro:FR12,Yaradılmış vahidlər: Tikinti,vahid,2022–2030,2027–2030,True,27,Adverse;Baseline;Reform,FR12_forecast_tidy.csv,mikro §15.5.2
fr12:sec_h1:new:G,micro:FR12,Yaradılmış vahidlər: Ticarət; avtomobil təmiri,vahid,2022–2030,2027–2030,True,27,Adverse;Baseline;Reform,FR12_forecast_tidy.csv,mikro §15.5.2
fr12:sec_h1:new:H,micro:FR12,Yaradılmış vahidlər: Nəqliyyat və anbar təsərrüfatı,vahid,2022–2030,2027–2030,True,27,Adverse;Baseline;Reform,FR12_forecast_tidy.csv,mikro §15.5.2
fr12:sec_h1:new:I,micro:FR12,Yaradılmış vahidlər: Yerləşdirmə və ictimai iaşə,vahid,2022–2030,2027–2030,True,27,Adverse;Baseline;Reform,FR12_forecast_tidy.csv,mikro §15.5.2
fr12:sec_h1:new:J,micro:FR12,Yaradılmış vahidlər: İnformasiya və rabitə,vahid,2022–2030,2027–2030,True,27,Adverse;Baseline;Reform,FR12_forecast_tidy.csv,mikro §15.5.2
fr12:sec_h1:new:K,micro:FR12,Yaradılmış vahidlər: Maliyyə və sığorta,vahid,2022–2030,2027–2030,True,27,Adverse;Baseline;Reform,FR12_forecast_tidy.csv,mikro §15.5.2
fr12:sec_h1:new:L,micro:FR12,Yaradılmış vahidlər: Daşınmaz əmlak,vahid,2022–2030,2027–2030,True,27,Adverse;Baseline;Reform,FR12_forecast_tidy.csv,mikro §15.5.2
fr12:sec_h1:new:M,micro:FR12,"Yaradılmış vahidlər: Peşə, elmi və texniki fəaliyyət",vahid,2022–2030,2027–2030,True,27,Adverse;Baseline;Reform,FR12_forecast_tidy.csv,mikro §15.5.2
fr12:sec_h1:new:N,micro:FR12,Yaradılmış vahidlər: İnzibati və yardımçı xidmətlər,vahid,2022–2030,2027–2030,True,27,Adverse;Baseline;Reform,FR12_forecast_tidy.csv,mikro §15.5.2
fr12:sec_h1:new:P,micro:FR12,Yaradılmış vahidlər: Təhsil,vahid,2022–2030,2027–2030,True,27,Adverse;Baseline;Reform,FR12_forecast_tidy.csv,mikro §15.5.2
fr12:sec_h1:new:Q,micro:FR12,Yaradılmış vahidlər: Səhiyyə və sosial xidmətlər,vahid,2022–2030,2027–2030,True,27,Adverse;Baseline;Reform,FR12_forecast_tidy.csv,mikro §15.5.2
fr12:sec_h1:new:R,micro:FR12,"Yaradılmış vahidlər: İstirahət, əyləncə və incəsənət",vahid,2022–2030,2027–2030,True,27,Adverse;Baseline;Reform,FR12_forecast_tidy.csv,mikro §15.5.2
fr12:sec_h1:new:S,micro:FR12,Yaradılmış vahidlər: Digər xidmətlər,vahid,2022–2030,2027–2030,True,27,Adverse;Baseline;Reform,FR12_forecast_tidy.csv,mikro §15.5.2
fr12:sec_h1:stock:A,micro:FR12,"Statistik vahidlər: Kənd, meşə təsərrüfatı və balıqçılıq",vahid,2022–2030,2027–2030,True,27,Adverse;Baseline;Reform,FR12_forecast_tidy.csv,mikro §15.5.2
fr12:sec_h1:stock:B,micro:FR12,Statistik vahidlər: Mədənçıxarma,vahid,2022–2030,2027–2030,True,27,Adverse;Baseline;Reform,FR12_forecast_tidy.csv,mikro §15.5.2
fr12:sec_h1:stock:C,micro:FR12,Statistik vahidlər: Emal sənayesi,vahid,2022–2030,2027–2030,True,27,Adverse;Baseline;Reform,FR12_forecast_tidy.csv,mikro §15.5.2
fr12:sec_h1:stock:D,micro:FR12,"Statistik vahidlər: Elektrik enerjisi, qaz və buxar",vahid,2022–2030,2027–2030,True,27,Adverse;Baseline;Reform,FR12_forecast_tidy.csv,mikro §15.5.2
fr12:sec_h1:stock:E,micro:FR12,"Statistik vahidlər: Su təchizatı, tullantıların emalı",vahid,2022–2030,2027–2030,True,27,Adverse;Baseline;Reform,FR12_forecast_tidy.csv,mikro §15.5.2
fr12:sec_h1:stock:F,micro:FR12,Statistik vahidlər: Tikinti,vahid,2022–2030,2027–2030,True,27,Adverse;Baseline;Reform,FR12_forecast_tidy.csv,mikro §15.5.2
fr12:sec_h1:stock:G,micro:FR12,Statistik vahidlər: Ticarət; avtomobil təmiri,vahid,2022–2030,2027–2030,True,27,Adverse;Baseline;Reform,FR12_forecast_tidy.csv,mikro §15.5.2
fr12:sec_h1:stock:H,micro:FR12,Statistik vahidlər: Nəqliyyat və anbar təsərrüfatı,vahid,2022–2030,2027–2030,True,27,Adverse;Baseline;Reform,FR12_forecast_tidy.csv,mikro §15.5.2
fr12:sec_h1:stock:I,micro:FR12,Statistik vahidlər: Yerləşdirmə və ictimai iaşə,vahid,2022–2030,2027–2030,True,27,Adverse;Baseline;Reform,FR12_forecast_tidy.csv,mikro §15.5.2
fr12:sec_h1:stock:J,micro:FR12,Statistik vahidlər: İnformasiya və rabitə,vahid,2022–2030,2027–2030,True,27,Adverse;Baseline;Reform,FR12_forecast_tidy.csv,mikro §15.5.2
fr12:sec_h1:stock:K,micro:FR12,Statistik vahidlər: Maliyyə və sığorta,vahid,2022–2030,2027–2030,True,27,Adverse;Baseline;Reform,FR12_forecast_tidy.csv,mikro §15.5.2
fr12:sec_h1:stock:L,micro:FR12,Statistik vahidlər: Daşınmaz əmlak,vahid,2022–2030,2027–2030,True,27,Adverse;Baseline;Reform,FR12_forecast_tidy.csv,mikro §15.5.2
fr12:sec_h1:stock:M,micro:FR12,"Statistik vahidlər: Peşə, elmi və texniki fəaliyyət",vahid,2022–2030,2027–2030,True,27,Adverse;Baseline;Reform,FR12_forecast_tidy.csv,mikro §15.5.2
fr12:sec_h1:stock:N,micro:FR12,Statistik vahidlər: İnzibati və yardımçı xidmətlər,vahid,2022–2030,2027–2030,True,27,Adverse;Baseline;Reform,FR12_forecast_tidy.csv,mikro §15.5.2
fr12:sec_h1:stock:P,micro:FR12,Statistik vahidlər: Təhsil,vahid,2022–2030,2027–2030,True,27,Adverse;Baseline;Reform,FR12_forecast_tidy.csv,mikro §15.5.2
fr12:sec_h1:stock:Q,micro:FR12,Statistik vahidlər: Səhiyyə və sosial xidmətlər,vahid,2022–2030,2027–2030,True,27,Adverse;Baseline;Reform,FR12_forecast_tidy.csv,mikro §15.5.2
fr12:sec_h1:stock:R,micro:FR12,"Statistik vahidlər: İstirahət, əyləncə və incəsənət",vahid,2022–2030,2027–2030,True,27,Adverse;Baseline;Reform,FR12_forecast_tidy.csv,mikro §15.5.2
fr12:sec_h1:stock:S,micro:FR12,Statistik vahidlər: Digər xidmətlər,vahid,2022–2030,2027–2030,True,27,Adverse;Baseline;Reform,FR12_forecast_tidy.csv,mikro §15.5.2
fr1:K_agr,micro:FR1,"Əsas fondlar: Kənd, meşə və balıqçılıq","mln AZN, 2015 qiymətləri",2000–2030,2026–2030,False,41,ACTUAL;Adverse;Baseline;Reform,FR1_forecast_tidy.csv,mikro §15.5.2
fr1:K_con,micro:FR1,Əsas fondlar: Tikinti,"mln AZN, 2015 qiymətləri",2000–2030,2026–2030,False,41,ACTUAL;Adverse;Baseline;Reform,FR1_forecast_tidy.csv,mikro §15.5.2
fr1:K_elc,micro:FR1,"Əsas fondlar: Elektrik enerjisi, qaz","mln AZN, 2015 qiymətləri",2000–2030,2026–2030,False,41,ACTUAL;Adverse;Baseline;Reform,FR1_forecast_tidy.csv,mikro §15.5.2
fr1:K_ict,micro:FR1,Əsas fondlar: İnformasiya və rabitə,"mln AZN, 2015 qiymətləri",2000–2030,2026–2030,False,41,ACTUAL;Adverse;Baseline;Reform,FR1_forecast_tidy.csv,mikro §15.5.2
fr1:K_man,micro:FR1,Əsas fondlar: Emal sənayesi,"mln AZN, 2015 qiymətləri",2000–2030,2026–2030,False,41,ACTUAL;Adverse;Baseline;Reform,FR1_forecast_tidy.csv,mikro §15.5.2
fr1:K_min,micro:FR1,Əsas fondlar: Mədənçıxarma,"mln AZN, 2015 qiymətləri",2000–2030,2026–2030,False,41,ACTUAL;Adverse;Baseline;Reform,FR1_forecast_tidy.csv,mikro §15.5.2
fr1:K_non,micro:FR1,Əsas fondlar: qeyri-neft iqtisadiyyatı,"mln AZN, 2015 qiymətləri",2005–2030,2026–2030,False,36,ACTUAL;Adverse;Baseline;Reform,FR1_forecast_tidy.csv,mikro §15.5.2
fr1:K_oth,micro:FR1,Əsas fondlar: Sosial və digər xidmətlər,"mln AZN, 2015 qiymətləri",2000–2030,2026–2030,False,41,ACTUAL;Adverse;Baseline;Reform,FR1_forecast_tidy.csv,mikro §15.5.2
fr1:K_tou,micro:FR1,Əsas fondlar: Turizm və ictimai iaşə,"mln AZN, 2015 qiymətləri",2000–2030,2026–2030,False,41,ACTUAL;Adverse;Baseline;Reform,FR1_forecast_tidy.csv,mikro §15.5.2
fr1:K_tra,micro:FR1,Əsas fondlar: Nəqliyyat və anbar,"mln AZN, 2015 qiymətləri",2000–2030,2026–2030,False,41,ACTUAL;Adverse;Baseline;Reform,FR1_forecast_tidy.csv,mikro §15.5.2
fr1:K_trd,micro:FR1,Əsas fondlar: Ticarət; nəqliyyat vasitələrinin təmiri,"mln AZN, 2015 qiymətləri",2000–2030,2026–2030,False,41,ACTUAL;Adverse;Baseline;Reform,FR1_forecast_tidy.csv,mikro §15.5.2
fr1:K_wat,micro:FR1,"Əsas fondlar: Su təchizatı, tullantılar","mln AZN, 2015 qiymətləri",2000–2030,2026–2030,False,41,ACTUAL;Adverse;Baseline;Reform,FR1_forecast_tidy.csv,mikro §15.5.2
fr1:acc:cater:deflator,micro:FR1,İctimai iaşə dövriyyəsi: deflyator,2015 = 1,2005–2030,2026–2030,False,36,ACTUAL;Adverse;Baseline;Reform,FR1_forecast_tidy.csv,mikro §15.5.2
fr1:acc:cater:deflator_growth_pct,micro:FR1,"İctimai iaşə dövriyyəsi: deflyator inflyasiyası, %",%,2006–2030,2026–2030,False,35,ACTUAL;Adverse;Baseline;Reform,FR1_forecast_tidy.csv,mikro §15.5.2
fr1:acc:cater:nominal,micro:FR1,İctimai iaşə dövriyyəsi: nominal dəyər,"mln AZN, cari qiymətlər",2005–2030,2026–2030,False,36,ACTUAL;Adverse;Baseline;Reform,FR1_forecast_tidy.csv,mikro §15.5.2
fr1:acc:cater:nominal_growth_pct,micro:FR1,"İctimai iaşə dövriyyəsi: nominal artım, %",%,2006–2030,2026–2030,False,35,ACTUAL;Adverse;Baseline;Reform,FR1_forecast_tidy.csv,mikro §15.5.2
fr1:acc:cater:real,micro:FR1,İctimai iaşə dövriyyəsi: real dəyər,"mln AZN, 2015 qiymətləri",2005–2030,2026–2030,False,36,ACTUAL;Adverse;Baseline;Reform,FR1_forecast_tidy.csv,mikro §15.5.2
fr1:acc:cater:real_growth_pct,micro:FR1,"İctimai iaşə dövriyyəsi: real artım, %",%,2006–2030,2026–2030,False,35,ACTUAL;Adverse;Baseline;Reform,FR1_forecast_tidy.csv,mikro §15.5.2
fr1:acc:cons_mkt:deflator,micro:FR1,İstehlak bazarı: deflyator,2015 = 1,2005–2030,2026–2030,False,36,ACTUAL;Adverse;Baseline;Reform,FR1_forecast_tidy.csv,mikro §15.5.2
fr1:acc:cons_mkt:deflator_growth_pct,micro:FR1,"İstehlak bazarı: deflyator inflyasiyası, %",%,2006–2030,2026–2030,False,35,ACTUAL;Adverse;Baseline;Reform,FR1_forecast_tidy.csv,mikro §15.5.2
fr1:acc:cons_mkt:nominal,micro:FR1,İstehlak bazarı: nominal dəyər,"mln AZN, cari qiymətlər",2005–2030,2026–2030,False,36,ACTUAL;Adverse;Baseline;Reform,FR1_forecast_tidy.csv,mikro §15.5.2
fr1:acc:cons_mkt:nominal_growth_pct,micro:FR1,"İstehlak bazarı: nominal artım, %",%,2006–2030,2026–2030,False,35,ACTUAL;Adverse;Baseline;Reform,FR1_forecast_tidy.csv,mikro §15.5.2
fr1:acc:cons_mkt:real,micro:FR1,İstehlak bazarı: real dəyər,"mln AZN, 2015 qiymətləri",2005–2030,2026–2030,True,36,ACTUAL;Adverse;Baseline;Reform,FR1_forecast_tidy.csv,mikro §15.5.2
fr1:acc:cons_mkt:real_growth_pct,micro:FR1,"İstehlak bazarı: real artım, %",%,2006–2030,2026–2030,True,35,ACTUAL;Adverse;Baseline;Reform,FR1_forecast_tidy.csv,mikro §15.5.2
fr1:acc:cpi:deflator,micro:FR1,İstehlak qiymətləri indeksi: deflyator,2015 = 100,2005–2030,2026–2030,True,36,ACTUAL;Adverse;Baseline;Reform,FR1_forecast_tidy.csv,mikro §15.5.2
fr1:acc:cpi:deflator_growth_pct,micro:FR1,"İstehlak qiymətləri indeksi: deflyator inflyasiyası, %",%,2006–2030,2026–2030,False,35,ACTUAL;Adverse;Baseline;Reform,FR1_forecast_tidy.csv,mikro §15.5.2
fr1:acc:cpi:nominal,micro:FR1,İstehlak qiymətləri indeksi: nominal dəyər,2015 = 100,2005–2030,2026–2030,True,36,ACTUAL;Adverse;Baseline;Reform,FR1_forecast_tidy.csv,mikro §15.5.2
fr1:acc:cpi:nominal_growth_pct,micro:FR1,"İstehlak qiymətləri indeksi: nominal artım, %",%,2006–2030,2026–2030,False,35,ACTUAL;Adverse;Baseline;Reform,FR1_forecast_tidy.csv,mikro §15.5.2
fr1:acc:cred_hh:deflator,micro:FR1,Ev təsərrüfatlarına kreditlər: deflyator,2015 = 1,2005–2030,2026–2030,False,36,ACTUAL;Adverse;Baseline;Reform,FR1_forecast_tidy.csv,mikro §15.5.2
fr1:acc:cred_hh:deflator_growth_pct,micro:FR1,"Ev təsərrüfatlarına kreditlər: deflyator inflyasiyası, %",%,2006–2030,2026–2030,False,35,ACTUAL;Adverse;Baseline;Reform,FR1_forecast_tidy.csv,mikro §15.5.2
fr1:acc:cred_hh:nominal,micro:FR1,Ev təsərrüfatlarına kreditlər: nominal dəyər,"mln AZN, cari qiymətlər",2006–2030,2026–2030,False,35,ACTUAL;Adverse;Baseline;Reform,FR1_forecast_tidy.csv,mikro §15.5.2
fr1:acc:cred_hh:nominal_growth_pct,micro:FR1,"Ev təsərrüfatlarına kreditlər: nominal artım, %",%,2007–2030,2026–2030,False,34,ACTUAL;Adverse;Baseline;Reform,FR1_forecast_tidy.csv,mikro §15.5.2
fr1:acc:cred_hh:real,micro:FR1,Ev təsərrüfatlarına kreditlər: real dəyər,"mln AZN, 2015 qiymətləri",2006–2030,2026–2030,False,35,ACTUAL;Adverse;Baseline;Reform,FR1_forecast_tidy.csv,mikro §15.5.2
fr1:acc:cred_hh:real_growth_pct,micro:FR1,"Ev təsərrüfatlarına kreditlər: real artım, %",%,2007–2030,2026–2030,False,34,ACTUAL;Adverse;Baseline;Reform,FR1_forecast_tidy.csv,mikro §15.5.2
fr1:acc:cred_tot:deflator,micro:FR1,Cəmi kreditlər: deflyator,2015 = 1,2005–2030,2026–2030,False,36,ACTUAL;Adverse;Baseline;Reform,FR1_forecast_tidy.csv,mikro §15.5.2
fr1:acc:cred_tot:deflator_growth_pct,micro:FR1,"Cəmi kreditlər: deflyator inflyasiyası, %",%,2006–2030,2026–2030,False,35,ACTUAL;Adverse;Baseline;Reform,FR1_forecast_tidy.csv,mikro §15.5.2
fr1:acc:cred_tot:nominal,micro:FR1,Cəmi kreditlər: nominal dəyər,"mln AZN, cari qiymətlər",2006–2030,2026–2030,False,35,ACTUAL;Adverse;Baseline;Reform,FR1_forecast_tidy.csv,mikro §15.5.2
fr1:acc:cred_tot:nominal_growth_pct,micro:FR1,"Cəmi kreditlər: nominal artım, %",%,2007–2030,2026–2030,False,34,ACTUAL;Adverse;Baseline;Reform,FR1_forecast_tidy.csv,mikro §15.5.2
fr1:acc:cred_tot:real,micro:FR1,Cəmi kreditlər: real dəyər,"mln AZN, 2015 qiymətləri",2006–2030,2026–2030,True,35,ACTUAL;Adverse;Baseline;Reform,FR1_forecast_tidy.csv,mikro §15.5.2
fr1:acc:cred_tot:real_growth_pct,micro:FR1,"Cəmi kreditlər: real artım, %",%,2007–2030,2026–2030,True,34,ACTUAL;Adverse;Baseline;Reform,FR1_forecast_tidy.csv,mikro §15.5.2
fr1:acc:debt:deflator,micro:FR1,"Dövlət borcu (xarici + daxili, MN): deflyator",2015 = 1,2005–2030,2026–2030,False,36,ACTUAL;Adverse;Baseline;Reform,FR1_forecast_tidy.csv,mikro §15.5.2
fr1:acc:debt:deflator_growth_pct,micro:FR1,"Dövlət borcu (xarici + daxili, MN): deflyator inflyasiyası, %",%,2006–2030,2026–2030,False,35,ACTUAL;Adverse;Baseline;Reform,FR1_forecast_tidy.csv,mikro §15.5.2
fr1:acc:debt:nominal,micro:FR1,"Dövlət borcu (xarici + daxili, MN): nominal dəyər","mln AZN, cari qiymətlər",2010–2030,2026–2030,False,31,ACTUAL;Adverse;Baseline;Reform,FR1_forecast_tidy.csv,mikro §15.5.2
fr1:acc:debt:nominal_growth_pct,micro:FR1,"Dövlət borcu (xarici + daxili, MN): nominal artım, %",%,2011–2030,2026–2030,False,30,ACTUAL;Adverse;Baseline;Reform,FR1_forecast_tidy.csv,mikro §15.5.2
fr1:acc:debt:real,micro:FR1,"Dövlət borcu (xarici + daxili, MN): real dəyər","mln AZN, 2015 qiymətləri",2010–2030,2026–2030,False,31,ACTUAL;Adverse;Baseline;Reform,FR1_forecast_tidy.csv,mikro §15.5.2
fr1:acc:debt:real_growth_pct,micro:FR1,"Dövlət borcu (xarici + daxili, MN): real artım, %",%,2011–2030,2026–2030,False,30,ACTUAL;Adverse;Baseline;Reform,FR1_forecast_tidy.csv,mikro §15.5.2
fr1:acc:dep_tot:deflator,micro:FR1,Cəmi depozitlər: deflyator,2015 = 1,2005–2030,2026–2030,False,36,ACTUAL;Adverse;Baseline;Reform,FR1_forecast_tidy.csv,mikro §15.5.2
fr1:acc:dep_tot:deflator_growth_pct,micro:FR1,"Cəmi depozitlər: deflyator inflyasiyası, %",%,2006–2030,2026–2030,False,35,ACTUAL;Adverse;Baseline;Reform,FR1_forecast_tidy.csv,mikro §15.5.2
fr1:acc:dep_tot:nominal,micro:FR1,Cəmi depozitlər: nominal dəyər,"mln AZN, cari qiymətlər",2006–2030,2026–2030,False,35,ACTUAL;Adverse;Baseline;Reform,FR1_forecast_tidy.csv,mikro §15.5.2
fr1:acc:dep_tot:nominal_growth_pct,micro:FR1,"Cəmi depozitlər: nominal artım, %",%,2007–2030,2026–2030,False,34,ACTUAL;Adverse;Baseline;Reform,FR1_forecast_tidy.csv,mikro §15.5.2
fr1:acc:dep_tot:real,micro:FR1,Cəmi depozitlər: real dəyər,"mln AZN, 2015 qiymətləri",2006–2030,2026–2030,False,35,ACTUAL;Adverse;Baseline;Reform,FR1_forecast_tidy.csv,mikro §15.5.2
fr1:acc:dep_tot:real_growth_pct,micro:FR1,"Cəmi depozitlər: real artım, %",%,2007–2030,2026–2030,False,34,ACTUAL;Adverse;Baseline;Reform,FR1_forecast_tidy.csv,mikro §15.5.2
fr1:acc:emp:deflator,micro:FR1,Məşğul əhali: deflyator,vahid,2005–2030,2026–2030,False,36,ACTUAL;Adverse;Baseline;Reform,FR1_forecast_tidy.csv,mikro §15.5.2
fr1:acc:emp:deflator_growth_pct,micro:FR1,"Məşğul əhali: deflyator inflyasiyası, %",%,2006–2030,2026–2030,False,35,ACTUAL;Adverse;Baseline;Reform,FR1_forecast_tidy.csv,mikro §15.5.2
fr1:acc:emp:nominal,micro:FR1,Məşğul əhali: nominal dəyər,min nəfər,2005–2030,2026–2030,True,36,ACTUAL;Adverse;Baseline;Reform,FR1_forecast_tidy.csv,mikro §15.5.2
fr1:acc:emp:nominal_growth_pct,micro:FR1,"Məşğul əhali: nominal artım, %",%,2006–2030,2026–2030,True,35,ACTUAL;Adverse;Baseline;Reform,FR1_forecast_tidy.csv,mikro §15.5.2
fr1:acc:emp:real,micro:FR1,Məşğul əhali: real dəyər,min nəfər,2005–2030,2026–2030,True,36,ACTUAL;Adverse;Baseline;Reform,FR1_forecast_tidy.csv,mikro §15.5.2
fr1:acc:emp:real_growth_pct,micro:FR1,"Məşğul əhali: real artım, %",%,2006–2030,2026–2030,True,35,ACTUAL;Adverse;Baseline;Reform,FR1_forecast_tidy.csv,mikro §15.5.2
fr1:acc:exp_cap:deflator,micro:FR1,Əsaslı xərclər: deflyator,2015 = 1,2005–2030,2026–2030,False,36,ACTUAL;Adverse;Baseline;Reform,FR1_forecast_tidy.csv,mikro §15.5.2
fr1:acc:exp_cap:deflator_growth_pct,micro:FR1,"Əsaslı xərclər: deflyator inflyasiyası, %",%,2006–2030,2026–2030,False,35,ACTUAL;Adverse;Baseline;Reform,FR1_forecast_tidy.csv,mikro §15.5.2
fr1:acc:exp_cap:nominal,micro:FR1,Əsaslı xərclər: nominal dəyər,"mln AZN, cari qiymətlər",2010–2030,2026–2030,False,31,ACTUAL;Adverse;Baseline;Reform,FR1_forecast_tidy.csv,mikro §15.5.2
fr1:acc:exp_cap:nominal_growth_pct,micro:FR1,"Əsaslı xərclər: nominal artım, %",%,2011–2030,2026–2030,False,30,ACTUAL;Adverse;Baseline;Reform,FR1_forecast_tidy.csv,mikro §15.5.2
fr1:acc:exp_cap:real,micro:FR1,Əsaslı xərclər: real dəyər,"mln AZN, 2015 qiymətləri",2010–2030,2026–2030,False,31,ACTUAL;Adverse;Baseline;Reform,FR1_forecast_tidy.csv,mikro §15.5.2
fr1:acc:exp_cap:real_growth_pct,micro:FR1,"Əsaslı xərclər: real artım, %",%,2011–2030,2026–2030,False,30,ACTUAL;Adverse;Baseline;Reform,FR1_forecast_tidy.csv,mikro §15.5.2
fr1:acc:exp_cur:deflator,micro:FR1,Cari xərclər: deflyator,2015 = 1,2005–2030,2026–2030,False,36,ACTUAL;Adverse;Baseline;Reform,FR1_forecast_tidy.csv,mikro §15.5.2
fr1:acc:exp_cur:deflator_growth_pct,micro:FR1,"Cari xərclər: deflyator inflyasiyası, %",%,2006–2030,2026–2030,False,35,ACTUAL;Adverse;Baseline;Reform,FR1_forecast_tidy.csv,mikro §15.5.2
fr1:acc:exp_cur:nominal,micro:FR1,Cari xərclər: nominal dəyər,"mln AZN, cari qiymətlər",2010–2030,2026–2030,False,31,ACTUAL;Adverse;Baseline;Reform,FR1_forecast_tidy.csv,mikro §15.5.2
fr1:acc:exp_cur:nominal_growth_pct,micro:FR1,"Cari xərclər: nominal artım, %",%,2011–2030,2026–2030,False,30,ACTUAL;Adverse;Baseline;Reform,FR1_forecast_tidy.csv,mikro §15.5.2
fr1:acc:exp_cur:real,micro:FR1,Cari xərclər: real dəyər,"mln AZN, 2015 qiymətləri",2010–2030,2026–2030,True,31,ACTUAL;Adverse;Baseline;Reform,FR1_forecast_tidy.csv,mikro §15.5.2
fr1:acc:exp_cur:real_growth_pct,micro:FR1,"Cari xərclər: real artım, %",%,2011–2030,2026–2030,True,30,ACTUAL;Adverse;Baseline;Reform,FR1_forecast_tidy.csv,mikro §15.5.2
fr1:acc:exp_tot:deflator,micro:FR1,Dövlət büdcəsinin xərcləri: deflyator,2015 = 1,2005–2030,2026–2030,False,36,ACTUAL;Adverse;Baseline;Reform,FR1_forecast_tidy.csv,mikro §15.5.2
fr1:acc:exp_tot:deflator_growth_pct,micro:FR1,"Dövlət büdcəsinin xərcləri: deflyator inflyasiyası, %",%,2006–2030,2026–2030,False,35,ACTUAL;Adverse;Baseline;Reform,FR1_forecast_tidy.csv,mikro §15.5.2
fr1:acc:exp_tot:nominal,micro:FR1,Dövlət büdcəsinin xərcləri: nominal dəyər,"mln AZN, cari qiymətlər",2010–2030,2026–2030,False,31,ACTUAL;Adverse;Baseline;Reform,FR1_forecast_tidy.csv,mikro §15.5.2
fr1:acc:exp_tot:nominal_growth_pct,micro:FR1,"Dövlət büdcəsinin xərcləri: nominal artım, %",%,2011–2030,2026–2030,False,30,ACTUAL;Adverse;Baseline;Reform,FR1_forecast_tidy.csv,mikro §15.5.2
fr1:acc:exp_tot:real,micro:FR1,Dövlət büdcəsinin xərcləri: real dəyər,"mln AZN, 2015 qiymətləri",2010–2030,2026–2030,False,31,ACTUAL;Adverse;Baseline;Reform,FR1_forecast_tidy.csv,mikro §15.5.2
fr1:acc:exp_tot:real_growth_pct,micro:FR1,"Dövlət büdcəsinin xərcləri: real artım, %",%,2011–2030,2026–2030,False,30,ACTUAL;Adverse;Baseline;Reform,FR1_forecast_tidy.csv,mikro §15.5.2
fr1:acc:gdp:deflator,micro:FR1,ÜDM: deflyator,2015 = 1,2005–2030,2026–2030,False,36,ACTUAL;Adverse;Baseline;Reform,FR1_forecast_tidy.csv,mikro §15.5.2
fr1:acc:gdp:deflator_growth_pct,micro:FR1,"ÜDM: deflyator inflyasiyası, %",%,2006–2030,2026–2030,False,35,ACTUAL;Adverse;Baseline;Reform,FR1_forecast_tidy.csv,mikro §15.5.2
fr1:acc:gdp:nominal,micro:FR1,ÜDM: nominal dəyər,"mln AZN, cari qiymətlər",2005–2030,2026–2030,False,36,ACTUAL;Adverse;Baseline;Reform,FR1_forecast_tidy.csv,mikro §15.5.2
fr1:acc:gdp:nominal_growth_pct,micro:FR1,"ÜDM: nominal artım, %",%,2006–2030,2026–2030,False,35,ACTUAL;Adverse;Baseline;Reform,FR1_forecast_tidy.csv,mikro §15.5.2
fr1:acc:gdp:real,micro:FR1,ÜDM: real dəyər,"mln AZN, 2015 qiymətləri",2005–2030,2026–2030,True,36,ACTUAL;Adverse;Baseline;Reform,FR1_forecast_tidy.csv,mikro §15.5.2
fr1:acc:gdp:real_growth_pct,micro:FR1,"ÜDM: real artım, %",%,2006–2030,2026–2030,True,35,ACTUAL;Adverse;Baseline;Reform,FR1_forecast_tidy.csv,mikro §15.5.2
fr1:acc:gdpnon:deflator,micro:FR1,Qeyri neft-qaz ÜDM: deflyator,2015 = 1,2005–2030,2026–2030,False,36,ACTUAL;Adverse;Baseline;Reform,FR1_forecast_tidy.csv,mikro §15.5.2
fr1:acc:gdpnon:deflator_growth_pct,micro:FR1,"Qeyri neft-qaz ÜDM: deflyator inflyasiyası, %",%,2006–2030,2026–2030,False,35,ACTUAL;Adverse;Baseline;Reform,FR1_forecast_tidy.csv,mikro §15.5.2
fr1:acc:gdpnon:nominal,micro:FR1,Qeyri neft-qaz ÜDM: nominal dəyər,"mln AZN, cari qiymətlər",2005–2030,2026–2030,False,36,ACTUAL;Adverse;Baseline;Reform,FR1_forecast_tidy.csv,mikro §15.5.2
fr1:acc:gdpnon:nominal_growth_pct,micro:FR1,"Qeyri neft-qaz ÜDM: nominal artım, %",%,2006–2030,2026–2030,False,35,ACTUAL;Adverse;Baseline;Reform,FR1_forecast_tidy.csv,mikro §15.5.2
fr1:acc:gdpnon:real,micro:FR1,Qeyri neft-qaz ÜDM: real dəyər,"mln AZN, 2015 qiymətləri",2005–2030,2026–2030,True,36,ACTUAL;Adverse;Baseline;Reform,FR1_forecast_tidy.csv,mikro §15.5.2
fr1:acc:gdpnon:real_growth_pct,micro:FR1,"Qeyri neft-qaz ÜDM: real artım, %",%,2006–2030,2026–2030,True,35,ACTUAL;Adverse;Baseline;Reform,FR1_forecast_tidy.csv,mikro §15.5.2
fr1:acc:gdpoil:deflator,micro:FR1,Neft-qaz ÜDM: deflyator,2015 = 1,2005–2030,2026–2030,False,36,ACTUAL;Adverse;Baseline;Reform,FR1_forecast_tidy.csv,mikro §15.5.2
fr1:acc:gdpoil:deflator_growth_pct,micro:FR1,"Neft-qaz ÜDM: deflyator inflyasiyası, %",%,2006–2030,2026–2030,False,35,ACTUAL;Adverse;Baseline;Reform,FR1_forecast_tidy.csv,mikro §15.5.2
fr1:acc:gdpoil:nominal,micro:FR1,Neft-qaz ÜDM: nominal dəyər,"mln AZN, cari qiymətlər",2005–2030,2026–2030,False,36,ACTUAL;Adverse;Baseline;Reform,FR1_forecast_tidy.csv,mikro §15.5.2
fr1:acc:gdpoil:nominal_growth_pct,micro:FR1,"Neft-qaz ÜDM: nominal artım, %",%,2006–2030,2026–2030,False,35,ACTUAL;Adverse;Baseline;Reform,FR1_forecast_tidy.csv,mikro §15.5.2
fr1:acc:gdpoil:real,micro:FR1,Neft-qaz ÜDM: real dəyər,"mln AZN, 2015 qiymətləri",2005–2030,2026–2030,False,36,ACTUAL;Adverse;Baseline;Reform,FR1_forecast_tidy.csv,mikro §15.5.2
fr1:acc:gdpoil:real_growth_pct,micro:FR1,"Neft-qaz ÜDM: real artım, %",%,2006–2030,2026–2030,False,35,ACTUAL;Adverse;Baseline;Reform,FR1_forecast_tidy.csv,mikro §15.5.2
fr1:acc:goods:deflator,micro:FR1,Malların istehsalı: deflyator,2015 = 1,2009–2030,2026–2030,False,32,ACTUAL;Adverse;Baseline;Reform,FR1_forecast_tidy.csv,mikro §15.5.2
fr1:acc:goods:deflator_growth_pct,micro:FR1,"Malların istehsalı: deflyator inflyasiyası, %",%,2010–2030,2026–2030,False,31,ACTUAL;Adverse;Baseline;Reform,FR1_forecast_tidy.csv,mikro §15.5.2
fr1:acc:goods:nominal,micro:FR1,Malların istehsalı: nominal dəyər,"mln AZN, cari qiymətlər",2009–2030,2026–2030,False,32,ACTUAL;Adverse;Baseline;Reform,FR1_forecast_tidy.csv,mikro §15.5.2
fr1:acc:goods:nominal_growth_pct,micro:FR1,"Malların istehsalı: nominal artım, %",%,2010–2030,2026–2030,False,31,ACTUAL;Adverse;Baseline;Reform,FR1_forecast_tidy.csv,mikro §15.5.2
fr1:acc:goods:real,micro:FR1,Malların istehsalı: real dəyər,"mln AZN, 2015 qiymətləri",2005–2030,2026–2030,False,36,ACTUAL;Adverse;Baseline;Reform,FR1_forecast_tidy.csv,mikro §15.5.2
fr1:acc:goods:real_growth_pct,micro:FR1,"Malların istehsalı: real artım, %",%,2006–2030,2026–2030,False,35,ACTUAL;Adverse;Baseline;Reform,FR1_forecast_tidy.csv,mikro §15.5.2
fr1:acc:ind:deflator,micro:FR1,Sənaye: deflyator,2015 = 1,2009–2030,2026–2030,False,32,ACTUAL;Adverse;Baseline;Reform,FR1_forecast_tidy.csv,mikro §15.5.2
fr1:acc:ind:deflator_growth_pct,micro:FR1,"Sənaye: deflyator inflyasiyası, %",%,2010–2030,2026–2030,False,31,ACTUAL;Adverse;Baseline;Reform,FR1_forecast_tidy.csv,mikro §15.5.2
fr1:acc:ind:nominal,micro:FR1,Sənaye: nominal dəyər,"mln AZN, cari qiymətlər",2009–2030,2026–2030,False,32,ACTUAL;Adverse;Baseline;Reform,FR1_forecast_tidy.csv,mikro §15.5.2
fr1:acc:ind:nominal_growth_pct,micro:FR1,"Sənaye: nominal artım, %",%,2010–2030,2026–2030,False,31,ACTUAL;Adverse;Baseline;Reform,FR1_forecast_tidy.csv,mikro §15.5.2
fr1:acc:ind:real,micro:FR1,Sənaye: real dəyər,"mln AZN, 2015 qiymətləri",2005–2030,2026–2030,False,36,ACTUAL;Adverse;Baseline;Reform,FR1_forecast_tidy.csv,mikro §15.5.2
fr1:acc:ind:real_growth_pct,micro:FR1,"Sənaye: real artım, %",%,2006–2030,2026–2030,False,35,ACTUAL;Adverse;Baseline;Reform,FR1_forecast_tidy.csv,mikro §15.5.2
fr1:acc:indnon:deflator,micro:FR1,Qeyri neft-qaz sənayesi: deflyator,2015 = 1,2009–2030,2026–2030,False,32,ACTUAL;Adverse;Baseline;Reform,FR1_forecast_tidy.csv,mikro §15.5.2
fr1:acc:indnon:deflator_growth_pct,micro:FR1,"Qeyri neft-qaz sənayesi: deflyator inflyasiyası, %",%,2010–2030,2026–2030,False,31,ACTUAL;Adverse;Baseline;Reform,FR1_forecast_tidy.csv,mikro §15.5.2
fr1:acc:indnon:nominal,micro:FR1,Qeyri neft-qaz sənayesi: nominal dəyər,"mln AZN, cari qiymətlər",2009–2030,2026–2030,False,32,ACTUAL;Adverse;Baseline;Reform,FR1_forecast_tidy.csv,mikro §15.5.2
fr1:acc:indnon:nominal_growth_pct,micro:FR1,"Qeyri neft-qaz sənayesi: nominal artım, %",%,2010–2030,2026–2030,False,31,ACTUAL;Adverse;Baseline;Reform,FR1_forecast_tidy.csv,mikro §15.5.2
fr1:acc:indnon:real,micro:FR1,Qeyri neft-qaz sənayesi: real dəyər,"mln AZN, 2015 qiymətləri",2005–2030,2026–2030,False,36,ACTUAL;Adverse;Baseline;Reform,FR1_forecast_tidy.csv,mikro §15.5.2
fr1:acc:indnon:real_growth_pct,micro:FR1,"Qeyri neft-qaz sənayesi: real artım, %",%,2006–2030,2026–2030,False,35,ACTUAL;Adverse;Baseline;Reform,FR1_forecast_tidy.csv,mikro §15.5.2
fr1:acc:inv_non:deflator,micro:FR1,Qeyri neft-qaz investisiyaları: deflyator,2015 = 1,2005–2030,2026–2030,False,36,ACTUAL;Adverse;Baseline;Reform,FR1_forecast_tidy.csv,mikro §15.5.2
fr1:acc:inv_non:deflator_growth_pct,micro:FR1,"Qeyri neft-qaz investisiyaları: deflyator inflyasiyası, %",%,2006–2030,2026–2030,False,35,ACTUAL;Adverse;Baseline;Reform,FR1_forecast_tidy.csv,mikro §15.5.2
fr1:acc:inv_non:nominal,micro:FR1,Qeyri neft-qaz investisiyaları: nominal dəyər,"mln AZN, cari qiymətlər",2005–2030,2026–2030,False,36,ACTUAL;Adverse;Baseline;Reform,FR1_forecast_tidy.csv,mikro §15.5.2
fr1:acc:inv_non:nominal_growth_pct,micro:FR1,"Qeyri neft-qaz investisiyaları: nominal artım, %",%,2006–2030,2026–2030,False,35,ACTUAL;Adverse;Baseline;Reform,FR1_forecast_tidy.csv,mikro §15.5.2
fr1:acc:inv_non:real,micro:FR1,Qeyri neft-qaz investisiyaları: real dəyər,"mln AZN, 2015 qiymətləri",2005–2030,2026–2030,True,36,ACTUAL;Adverse;Baseline;Reform,FR1_forecast_tidy.csv,mikro §15.5.2
fr1:acc:inv_non:real_growth_pct,micro:FR1,"Qeyri neft-qaz investisiyaları: real artım, %",%,2006–2030,2026–2030,True,35,ACTUAL;Adverse;Baseline;Reform,FR1_forecast_tidy.csv,mikro §15.5.2
fr1:acc:inv_oil:deflator,micro:FR1,Neft-qaz investisiyaları: deflyator,2015 = 1,2005–2030,2026–2030,False,36,ACTUAL;Adverse;Baseline;Reform,FR1_forecast_tidy.csv,mikro §15.5.2
fr1:acc:inv_oil:deflator_growth_pct,micro:FR1,"Neft-qaz investisiyaları: deflyator inflyasiyası, %",%,2006–2030,2026–2030,False,35,ACTUAL;Adverse;Baseline;Reform,FR1_forecast_tidy.csv,mikro §15.5.2
fr1:acc:inv_oil:nominal,micro:FR1,Neft-qaz investisiyaları: nominal dəyər,"mln AZN, cari qiymətlər",2005–2030,2026–2030,False,36,ACTUAL;Adverse;Baseline;Reform,FR1_forecast_tidy.csv,mikro §15.5.2
fr1:acc:inv_oil:nominal_growth_pct,micro:FR1,"Neft-qaz investisiyaları: nominal artım, %",%,2006–2030,2026–2030,False,35,ACTUAL;Adverse;Baseline;Reform,FR1_forecast_tidy.csv,mikro §15.5.2
fr1:acc:inv_oil:real,micro:FR1,Neft-qaz investisiyaları: real dəyər,"mln AZN, 2015 qiymətləri",2005–2030,2026–2030,False,36,ACTUAL;Adverse;Baseline;Reform,FR1_forecast_tidy.csv,mikro §15.5.2
fr1:acc:inv_oil:real_growth_pct,micro:FR1,"Neft-qaz investisiyaları: real artım, %",%,2006–2030,2026–2030,False,35,ACTUAL;Adverse;Baseline;Reform,FR1_forecast_tidy.csv,mikro §15.5.2
fr1:acc:inv_priv:deflator,micro:FR1,Qeyri-dövlət investisiyaları: deflyator,2015 = 1,2005–2030,2026–2030,False,36,ACTUAL;Adverse;Baseline;Reform,FR1_forecast_tidy.csv,mikro §15.5.2
fr1:acc:inv_priv:deflator_growth_pct,micro:FR1,"Qeyri-dövlət investisiyaları: deflyator inflyasiyası, %",%,2006–2030,2026–2030,False,35,ACTUAL;Adverse;Baseline;Reform,FR1_forecast_tidy.csv,mikro §15.5.2
fr1:acc:inv_priv:nominal,micro:FR1,Qeyri-dövlət investisiyaları: nominal dəyər,"mln AZN, cari qiymətlər",2005–2030,2026–2030,False,36,ACTUAL;Adverse;Baseline;Reform,FR1_forecast_tidy.csv,mikro §15.5.2
fr1:acc:inv_priv:nominal_growth_pct,micro:FR1,"Qeyri-dövlət investisiyaları: nominal artım, %",%,2006–2030,2026–2030,False,35,ACTUAL;Adverse;Baseline;Reform,FR1_forecast_tidy.csv,mikro §15.5.2
fr1:acc:inv_priv:real,micro:FR1,Qeyri-dövlət investisiyaları: real dəyər,"mln AZN, 2015 qiymətləri",2005–2030,2026–2030,False,36,ACTUAL;Adverse;Baseline;Reform,FR1_forecast_tidy.csv,mikro §15.5.2
fr1:acc:inv_priv:real_growth_pct,micro:FR1,"Qeyri-dövlət investisiyaları: real artım, %",%,2006–2030,2026–2030,False,35,ACTUAL;Adverse;Baseline;Reform,FR1_forecast_tidy.csv,mikro §15.5.2
fr1:acc:inv_state:deflator,micro:FR1,Dövlət investisiyaları: deflyator,2015 = 1,2005–2030,2026–2030,False,36,ACTUAL;Adverse;Baseline;Reform,FR1_forecast_tidy.csv,mikro §15.5.2
fr1:acc:inv_state:deflator_growth_pct,micro:FR1,"Dövlət investisiyaları: deflyator inflyasiyası, %",%,2006–2030,2026–2030,False,35,ACTUAL;Adverse;Baseline;Reform,FR1_forecast_tidy.csv,mikro §15.5.2
fr1:acc:inv_state:nominal,micro:FR1,Dövlət investisiyaları: nominal dəyər,"mln AZN, cari qiymətlər",2005–2030,2026–2030,False,36,ACTUAL;Adverse;Baseline;Reform,FR1_forecast_tidy.csv,mikro §15.5.2
fr1:acc:inv_state:nominal_growth_pct,micro:FR1,"Dövlət investisiyaları: nominal artım, %",%,2006–2030,2026–2030,False,35,ACTUAL;Adverse;Baseline;Reform,FR1_forecast_tidy.csv,mikro §15.5.2
fr1:acc:inv_state:real,micro:FR1,Dövlət investisiyaları: real dəyər,"mln AZN, 2015 qiymətləri",2005–2030,2026–2030,False,36,ACTUAL;Adverse;Baseline;Reform,FR1_forecast_tidy.csv,mikro §15.5.2
fr1:acc:inv_state:real_growth_pct,micro:FR1,"Dövlət investisiyaları: real artım, %",%,2006–2030,2026–2030,False,35,ACTUAL;Adverse;Baseline;Reform,FR1_forecast_tidy.csv,mikro §15.5.2
fr1:acc:inv_tot:deflator,micro:FR1,Əsas kapitala investisiyalar: deflyator,2015 = 1,2005–2030,2026–2030,False,36,ACTUAL;Adverse;Baseline;Reform,FR1_forecast_tidy.csv,mikro §15.5.2
fr1:acc:inv_tot:deflator_growth_pct,micro:FR1,"Əsas kapitala investisiyalar: deflyator inflyasiyası, %",%,2006–2030,2026–2030,False,35,ACTUAL;Adverse;Baseline;Reform,FR1_forecast_tidy.csv,mikro §15.5.2
fr1:acc:inv_tot:nominal,micro:FR1,Əsas kapitala investisiyalar: nominal dəyər,"mln AZN, cari qiymətlər",2005–2030,2026–2030,False,36,ACTUAL;Adverse;Baseline;Reform,FR1_forecast_tidy.csv,mikro §15.5.2
fr1:acc:inv_tot:nominal_growth_pct,micro:FR1,"Əsas kapitala investisiyalar: nominal artım, %",%,2006–2030,2026–2030,False,35,ACTUAL;Adverse;Baseline;Reform,FR1_forecast_tidy.csv,mikro §15.5.2
fr1:acc:inv_tot:real,micro:FR1,Əsas kapitala investisiyalar: real dəyər,"mln AZN, 2015 qiymətləri",2005–2030,2026–2030,False,36,ACTUAL;Adverse;Baseline;Reform,FR1_forecast_tidy.csv,mikro §15.5.2
fr1:acc:inv_tot:real_growth_pct,micro:FR1,"Əsas kapitala investisiyalar: real artım, %",%,2006–2030,2026–2030,False,35,ACTUAL;Adverse;Baseline;Reform,FR1_forecast_tidy.csv,mikro §15.5.2
fr1:acc:lendrate:nominal,micro:FR1,Kreditlər üzrə faiz dərəcəsi: nominal dəyər,%,2005–2030,2026–2030,False,36,ACTUAL;Adverse;Baseline;Reform,FR1_forecast_tidy.csv,mikro §15.5.2
fr1:acc:lendrate:nominal_growth_pct,micro:FR1,"Kreditlər üzrə faiz dərəcəsi: nominal artım, %",%,2006–2030,2026–2030,False,35,ACTUAL;Adverse;Baseline;Reform,FR1_forecast_tidy.csv,mikro §15.5.2
fr1:acc:lendrate:real,micro:FR1,Kreditlər üzrə faiz dərəcəsi: real dəyər,%,2005–2030,2026–2030,False,36,ACTUAL;Adverse;Baseline;Reform,FR1_forecast_tidy.csv,mikro §15.5.2
fr1:acc:lendrate:real_growth_pct,micro:FR1,"Kreditlər üzrə faiz dərəcəsi: real artım, %",%,2006–2030,2026–2030,False,35,ACTUAL;Adverse;Baseline;Reform,FR1_forecast_tidy.csv,mikro §15.5.2
fr1:acc:lf:deflator,micro:FR1,İqtisadi fəal əhali: deflyator,vahid,2005–2030,2026–2030,False,36,ACTUAL;Adverse;Baseline;Reform,FR1_forecast_tidy.csv,mikro §15.5.2
fr1:acc:lf:deflator_growth_pct,micro:FR1,"İqtisadi fəal əhali: deflyator inflyasiyası, %",%,2006–2030,2026–2030,False,35,ACTUAL;Adverse;Baseline;Reform,FR1_forecast_tidy.csv,mikro §15.5.2
fr1:acc:lf:nominal,micro:FR1,İqtisadi fəal əhali: nominal dəyər,min nəfər,2005–2030,2026–2030,False,36,ACTUAL;Adverse;Baseline;Reform,FR1_forecast_tidy.csv,mikro §15.5.2
fr1:acc:lf:nominal_growth_pct,micro:FR1,"İqtisadi fəal əhali: nominal artım, %",%,2006–2030,2026–2030,False,35,ACTUAL;Adverse;Baseline;Reform,FR1_forecast_tidy.csv,mikro §15.5.2
fr1:acc:lf:real,micro:FR1,İqtisadi fəal əhali: real dəyər,min nəfər,2005–2030,2026–2030,False,36,ACTUAL;Adverse;Baseline;Reform,FR1_forecast_tidy.csv,mikro §15.5.2
fr1:acc:lf:real_growth_pct,micro:FR1,"İqtisadi fəal əhali: real artım, %",%,2006–2030,2026–2030,False,35,ACTUAL;Adverse;Baseline;Reform,FR1_forecast_tidy.csv,mikro §15.5.2
fr1:acc:m_non:deflator,micro:FR1,Qeyri-neft idxalı: deflyator,2015 = 1,2005–2030,2026–2030,False,36,ACTUAL;Adverse;Baseline;Reform,FR1_forecast_tidy.csv,mikro §15.5.2
fr1:acc:m_non:deflator_growth_pct,micro:FR1,"Qeyri-neft idxalı: deflyator inflyasiyası, %",%,2006–2030,2026–2030,False,35,ACTUAL;Adverse;Baseline;Reform,FR1_forecast_tidy.csv,mikro §15.5.2
fr1:acc:m_non:nominal,micro:FR1,Qeyri-neft idxalı: nominal dəyər,"mln AZN, cari qiymətlər",2010–2030,2026–2030,False,31,ACTUAL;Adverse;Baseline;Reform,FR1_forecast_tidy.csv,mikro §15.5.2
fr1:acc:m_non:nominal_growth_pct,micro:FR1,"Qeyri-neft idxalı: nominal artım, %",%,2011–2030,2026–2030,False,30,ACTUAL;Adverse;Baseline;Reform,FR1_forecast_tidy.csv,mikro §15.5.2
fr1:acc:m_non:real,micro:FR1,Qeyri-neft idxalı: real dəyər,"mln AZN, 2015 qiymətləri",2010–2030,2026–2030,False,31,ACTUAL;Adverse;Baseline;Reform,FR1_forecast_tidy.csv,mikro §15.5.2
fr1:acc:m_non:real_growth_pct,micro:FR1,"Qeyri-neft idxalı: real artım, %",%,2011–2030,2026–2030,False,30,ACTUAL;Adverse;Baseline;Reform,FR1_forecast_tidy.csv,mikro §15.5.2
fr1:acc:pgdp:deflator,micro:FR1,ÜDM deflyatoru: deflyator,2015 = 1,2005–2030,2026–2030,False,36,ACTUAL;Adverse;Baseline;Reform,FR1_forecast_tidy.csv,mikro §15.5.2
fr1:acc:pgdp:deflator_growth_pct,micro:FR1,"ÜDM deflyatoru: deflyator inflyasiyası, %",%,2006–2030,2026–2030,False,35,ACTUAL;Adverse;Baseline;Reform,FR1_forecast_tidy.csv,mikro §15.5.2
fr1:acc:pgdp:nominal,micro:FR1,ÜDM deflyatoru: nominal dəyər,2015 = 1,2005–2030,2026–2030,False,36,ACTUAL;Adverse;Baseline;Reform,FR1_forecast_tidy.csv,mikro §15.5.2
fr1:acc:pgdp:nominal_growth_pct,micro:FR1,"ÜDM deflyatoru: nominal artım, %",%,2006–2030,2026–2030,False,35,ACTUAL;Adverse;Baseline;Reform,FR1_forecast_tidy.csv,mikro §15.5.2
fr1:acc:retail:deflator,micro:FR1,Pərakəndə ticarət dövriyyəsi: deflyator,2015 = 1,2005–2030,2026–2030,False,36,ACTUAL;Adverse;Baseline;Reform,FR1_forecast_tidy.csv,mikro §15.5.2
fr1:acc:retail:deflator_growth_pct,micro:FR1,"Pərakəndə ticarət dövriyyəsi: deflyator inflyasiyası, %",%,2006–2030,2026–2030,False,35,ACTUAL;Adverse;Baseline;Reform,FR1_forecast_tidy.csv,mikro §15.5.2
fr1:acc:retail:nominal,micro:FR1,Pərakəndə ticarət dövriyyəsi: nominal dəyər,"mln AZN, cari qiymətlər",2005–2030,2026–2030,False,36,ACTUAL;Adverse;Baseline;Reform,FR1_forecast_tidy.csv,mikro §15.5.2
fr1:acc:retail:nominal_growth_pct,micro:FR1,"Pərakəndə ticarət dövriyyəsi: nominal artım, %",%,2006–2030,2026–2030,False,35,ACTUAL;Adverse;Baseline;Reform,FR1_forecast_tidy.csv,mikro §15.5.2
fr1:acc:retail:real,micro:FR1,Pərakəndə ticarət dövriyyəsi: real dəyər,"mln AZN, 2015 qiymətləri",2005–2030,2026–2030,False,36,ACTUAL;Adverse;Baseline;Reform,FR1_forecast_tidy.csv,mikro §15.5.2
fr1:acc:retail:real_growth_pct,micro:FR1,"Pərakəndə ticarət dövriyyəsi: real artım, %",%,2006–2030,2026–2030,False,35,ACTUAL;Adverse;Baseline;Reform,FR1_forecast_tidy.csv,mikro §15.5.2
fr1:acc:rev_non:deflator,micro:FR1,Qeyri-neft-qaz gəlirləri: deflyator,2015 = 1,2005–2030,2026–2030,False,36,ACTUAL;Adverse;Baseline;Reform,FR1_forecast_tidy.csv,mikro §15.5.2
fr1:acc:rev_non:deflator_growth_pct,micro:FR1,"Qeyri-neft-qaz gəlirləri: deflyator inflyasiyası, %",%,2006–2030,2026–2030,False,35,ACTUAL;Adverse;Baseline;Reform,FR1_forecast_tidy.csv,mikro §15.5.2
fr1:acc:rev_non:nominal,micro:FR1,Qeyri-neft-qaz gəlirləri: nominal dəyər,"mln AZN, cari qiymətlər",2010–2030,2026–2030,False,31,ACTUAL;Adverse;Baseline;Reform,FR1_forecast_tidy.csv,mikro §15.5.2
fr1:acc:rev_non:nominal_growth_pct,micro:FR1,"Qeyri-neft-qaz gəlirləri: nominal artım, %",%,2011–2030,2026–2030,False,30,ACTUAL;Adverse;Baseline;Reform,FR1_forecast_tidy.csv,mikro §15.5.2
fr1:acc:rev_non:real,micro:FR1,Qeyri-neft-qaz gəlirləri: real dəyər,"mln AZN, 2015 qiymətləri",2010–2030,2026–2030,False,31,ACTUAL;Adverse;Baseline;Reform,FR1_forecast_tidy.csv,mikro §15.5.2
fr1:acc:rev_non:real_growth_pct,micro:FR1,"Qeyri-neft-qaz gəlirləri: real artım, %",%,2011–2030,2026–2030,False,30,ACTUAL;Adverse;Baseline;Reform,FR1_forecast_tidy.csv,mikro §15.5.2
fr1:acc:rev_oil:deflator,micro:FR1,Neft-qaz gəlirləri: deflyator,2015 = 1,2005–2030,2026–2030,False,36,ACTUAL;Adverse;Baseline;Reform,FR1_forecast_tidy.csv,mikro §15.5.2
fr1:acc:rev_oil:deflator_growth_pct,micro:FR1,"Neft-qaz gəlirləri: deflyator inflyasiyası, %",%,2006–2030,2026–2030,False,35,ACTUAL;Adverse;Baseline;Reform,FR1_forecast_tidy.csv,mikro §15.5.2
fr1:acc:rev_oil:nominal,micro:FR1,Neft-qaz gəlirləri: nominal dəyər,"mln AZN, cari qiymətlər",2010–2030,2026–2030,False,31,ACTUAL;Adverse;Baseline;Reform,FR1_forecast_tidy.csv,mikro §15.5.2
fr1:acc:rev_oil:nominal_growth_pct,micro:FR1,"Neft-qaz gəlirləri: nominal artım, %",%,2011–2030,2026–2030,False,30,ACTUAL;Adverse;Baseline;Reform,FR1_forecast_tidy.csv,mikro §15.5.2
fr1:acc:rev_oil:real,micro:FR1,Neft-qaz gəlirləri: real dəyər,"mln AZN, 2015 qiymətləri",2010–2030,2026–2030,False,31,ACTUAL;Adverse;Baseline;Reform,FR1_forecast_tidy.csv,mikro §15.5.2
fr1:acc:rev_oil:real_growth_pct,micro:FR1,"Neft-qaz gəlirləri: real artım, %",%,2011–2030,2026–2030,False,30,ACTUAL;Adverse;Baseline;Reform,FR1_forecast_tidy.csv,mikro §15.5.2
fr1:acc:rev_tot:deflator,micro:FR1,Dövlət büdcəsinin gəlirləri: deflyator,2015 = 1,2005–2030,2026–2030,False,36,ACTUAL;Adverse;Baseline;Reform,FR1_forecast_tidy.csv,mikro §15.5.2
fr1:acc:rev_tot:deflator_growth_pct,micro:FR1,"Dövlət büdcəsinin gəlirləri: deflyator inflyasiyası, %",%,2006–2030,2026–2030,False,35,ACTUAL;Adverse;Baseline;Reform,FR1_forecast_tidy.csv,mikro §15.5.2
fr1:acc:rev_tot:nominal,micro:FR1,Dövlət büdcəsinin gəlirləri: nominal dəyər,"mln AZN, cari qiymətlər",2010–2030,2026–2030,True,31,ACTUAL;Adverse;Baseline;Reform,FR1_forecast_tidy.csv,mikro §15.5.2
fr1:acc:rev_tot:nominal_growth_pct,micro:FR1,"Dövlət büdcəsinin gəlirləri: nominal artım, %",%,2011–2030,2026–2030,True,30,ACTUAL;Adverse;Baseline;Reform,FR1_forecast_tidy.csv,mikro §15.5.2
fr1:acc:rev_tot:real,micro:FR1,Dövlət büdcəsinin gəlirləri: real dəyər,"mln AZN, 2015 qiymətləri",2010–2030,2026–2030,False,31,ACTUAL;Adverse;Baseline;Reform,FR1_forecast_tidy.csv,mikro §15.5.2
fr1:acc:rev_tot:real_growth_pct,micro:FR1,"Dövlət büdcəsinin gəlirləri: real artım, %",%,2011–2030,2026–2030,False,30,ACTUAL;Adverse;Baseline;Reform,FR1_forecast_tidy.csv,mikro §15.5.2
fr1:acc:serv:deflator,micro:FR1,Xidmətlərin istehsalı: deflyator,2015 = 1,2005–2030,2026–2030,False,36,ACTUAL;Adverse;Baseline;Reform,FR1_forecast_tidy.csv,mikro §15.5.2
fr1:acc:serv:deflator_growth_pct,micro:FR1,"Xidmətlərin istehsalı: deflyator inflyasiyası, %",%,2006–2030,2026–2030,False,35,ACTUAL;Adverse;Baseline;Reform,FR1_forecast_tidy.csv,mikro §15.5.2
fr1:acc:serv:nominal,micro:FR1,Xidmətlərin istehsalı: nominal dəyər,"mln AZN, cari qiymətlər",2005–2030,2026–2030,False,36,ACTUAL;Adverse;Baseline;Reform,FR1_forecast_tidy.csv,mikro §15.5.2
fr1:acc:serv:nominal_growth_pct,micro:FR1,"Xidmətlərin istehsalı: nominal artım, %",%,2006–2030,2026–2030,False,35,ACTUAL;Adverse;Baseline;Reform,FR1_forecast_tidy.csv,mikro §15.5.2
fr1:acc:serv:real,micro:FR1,Xidmətlərin istehsalı: real dəyər,"mln AZN, 2015 qiymətləri",2005–2030,2026–2030,False,36,ACTUAL;Adverse;Baseline;Reform,FR1_forecast_tidy.csv,mikro §15.5.2
fr1:acc:serv:real_growth_pct,micro:FR1,"Xidmətlərin istehsalı: real artım, %",%,2006–2030,2026–2030,False,35,ACTUAL;Adverse;Baseline;Reform,FR1_forecast_tidy.csv,mikro §15.5.2
fr1:acc:serv_hh:deflator,micro:FR1,Əhaliyə ödənişli xidmətlər: deflyator,2015 = 1,2005–2030,2026–2030,False,36,ACTUAL;Adverse;Baseline;Reform,FR1_forecast_tidy.csv,mikro §15.5.2
fr1:acc:serv_hh:deflator_growth_pct,micro:FR1,"Əhaliyə ödənişli xidmətlər: deflyator inflyasiyası, %",%,2006–2030,2026–2030,False,35,ACTUAL;Adverse;Baseline;Reform,FR1_forecast_tidy.csv,mikro §15.5.2
fr1:acc:serv_hh:nominal,micro:FR1,Əhaliyə ödənişli xidmətlər: nominal dəyər,"mln AZN, cari qiymətlər",2005–2030,2026–2030,False,36,ACTUAL;Adverse;Baseline;Reform,FR1_forecast_tidy.csv,mikro §15.5.2
fr1:acc:serv_hh:nominal_growth_pct,micro:FR1,"Əhaliyə ödənişli xidmətlər: nominal artım, %",%,2006–2030,2026–2030,False,35,ACTUAL;Adverse;Baseline;Reform,FR1_forecast_tidy.csv,mikro §15.5.2
fr1:acc:serv_hh:real,micro:FR1,Əhaliyə ödənişli xidmətlər: real dəyər,"mln AZN, 2015 qiymətləri",2005–2030,2026–2030,False,36,ACTUAL;Adverse;Baseline;Reform,FR1_forecast_tidy.csv,mikro §15.5.2
fr1:acc:serv_hh:real_growth_pct,micro:FR1,"Əhaliyə ödənişli xidmətlər: real artım, %",%,2006–2030,2026–2030,False,35,ACTUAL;Adverse;Baseline;Reform,FR1_forecast_tidy.csv,mikro §15.5.2
fr1:acc:unemp:nominal,micro:FR1,İşsizlik səviyyəsi: nominal dəyər,%,2010–2030,2026–2030,True,31,ACTUAL;Adverse;Baseline;Reform,FR1_forecast_tidy.csv,mikro §15.5.2
fr1:acc:unemp:nominal_growth_pct,micro:FR1,"İşsizlik səviyyəsi: nominal artım, %",%,2011–2030,2026–2030,False,30,ACTUAL;Adverse;Baseline;Reform,FR1_forecast_tidy.csv,mikro §15.5.2
fr1:acc:unemp:real,micro:FR1,İşsizlik səviyyəsi: real dəyər,%,2010–2030,2026–2030,True,31,ACTUAL;Adverse;Baseline;Reform,FR1_forecast_tidy.csv,mikro §15.5.2
fr1:acc:unemp:real_growth_pct,micro:FR1,"İşsizlik səviyyəsi: real artım, %",%,2011–2030,2026–2030,False,30,ACTUAL;Adverse;Baseline;Reform,FR1_forecast_tidy.csv,mikro §15.5.2
fr1:acc:va_agr:deflator,micro:FR1,"Kənd, meşə və balıqçılıq: deflyator",2015 = 1,2005–2030,2026–2030,False,36,ACTUAL;Adverse;Baseline;Reform,FR1_forecast_tidy.csv,mikro §15.5.2
fr1:acc:va_agr:deflator_growth_pct,micro:FR1,"Kənd, meşə və balıqçılıq: deflyator inflyasiyası, %",%,2006–2030,2026–2030,False,35,ACTUAL;Adverse;Baseline;Reform,FR1_forecast_tidy.csv,mikro §15.5.2
fr1:acc:va_agr:nominal,micro:FR1,"Kənd, meşə və balıqçılıq: nominal dəyər","mln AZN, cari qiymətlər",2005–2030,2026–2030,False,36,ACTUAL;Adverse;Baseline;Reform,FR1_forecast_tidy.csv,mikro §15.5.2
fr1:acc:va_agr:nominal_growth_pct,micro:FR1,"Kənd, meşə və balıqçılıq: nominal artım, %",%,2006–2030,2026–2030,False,35,ACTUAL;Adverse;Baseline;Reform,FR1_forecast_tidy.csv,mikro §15.5.2
fr1:acc:va_agr:real,micro:FR1,"Kənd, meşə və balıqçılıq: real dəyər","mln AZN, 2015 qiymətləri",2005–2030,2026–2030,False,36,ACTUAL;Adverse;Baseline;Reform,FR1_forecast_tidy.csv,mikro §15.5.2
fr1:acc:va_agr:real_growth_pct,micro:FR1,"Kənd, meşə və balıqçılıq: real artım, %",%,2006–2030,2026–2030,False,35,ACTUAL;Adverse;Baseline;Reform,FR1_forecast_tidy.csv,mikro §15.5.2
fr1:acc:va_con:deflator,micro:FR1,Tikinti: deflyator,2015 = 1,2005–2030,2026–2030,False,36,ACTUAL;Adverse;Baseline;Reform,FR1_forecast_tidy.csv,mikro §15.5.2
fr1:acc:va_con:deflator_growth_pct,micro:FR1,"Tikinti: deflyator inflyasiyası, %",%,2006–2030,2026–2030,False,35,ACTUAL;Adverse;Baseline;Reform,FR1_forecast_tidy.csv,mikro §15.5.2
fr1:acc:va_con:nominal,micro:FR1,Tikinti: nominal dəyər,"mln AZN, cari qiymətlər",2005–2030,2026–2030,False,36,ACTUAL;Adverse;Baseline;Reform,FR1_forecast_tidy.csv,mikro §15.5.2
fr1:acc:va_con:nominal_growth_pct,micro:FR1,"Tikinti: nominal artım, %",%,2006–2030,2026–2030,False,35,ACTUAL;Adverse;Baseline;Reform,FR1_forecast_tidy.csv,mikro §15.5.2
fr1:acc:va_con:real,micro:FR1,Tikinti: real dəyər,"mln AZN, 2015 qiymətləri",2005–2030,2026–2030,True,36,ACTUAL;Adverse;Baseline;Reform,FR1_forecast_tidy.csv,mikro §15.5.2
fr1:acc:va_con:real_growth_pct,micro:FR1,"Tikinti: real artım, %",%,2006–2030,2026–2030,True,35,ACTUAL;Adverse;Baseline;Reform,FR1_forecast_tidy.csv,mikro §15.5.2
fr1:acc:va_elc:deflator,micro:FR1,"Elektrik enerjisi, qaz: deflyator",2015 = 1,2005–2030,2026–2030,False,36,ACTUAL;Adverse;Baseline;Reform,FR1_forecast_tidy.csv,mikro §15.5.2
fr1:acc:va_elc:deflator_growth_pct,micro:FR1,"Elektrik enerjisi, qaz: deflyator inflyasiyası, %",%,2006–2030,2026–2030,False,35,ACTUAL;Adverse;Baseline;Reform,FR1_forecast_tidy.csv,mikro §15.5.2
fr1:acc:va_elc:nominal,micro:FR1,"Elektrik enerjisi, qaz: nominal dəyər","mln AZN, cari qiymətlər",2005–2030,2026–2030,False,36,ACTUAL;Adverse;Baseline;Reform,FR1_forecast_tidy.csv,mikro §15.5.2
fr1:acc:va_elc:nominal_growth_pct,micro:FR1,"Elektrik enerjisi, qaz: nominal artım, %",%,2006–2030,2026–2030,False,35,ACTUAL;Adverse;Baseline;Reform,FR1_forecast_tidy.csv,mikro §15.5.2
fr1:acc:va_elc:real,micro:FR1,"Elektrik enerjisi, qaz: real dəyər","mln AZN, 2015 qiymətləri",2005–2030,2026–2030,False,36,ACTUAL;Adverse;Baseline;Reform,FR1_forecast_tidy.csv,mikro §15.5.2
fr1:acc:va_elc:real_growth_pct,micro:FR1,"Elektrik enerjisi, qaz: real artım, %",%,2006–2030,2026–2030,False,35,ACTUAL;Adverse;Baseline;Reform,FR1_forecast_tidy.csv,mikro §15.5.2
fr1:acc:va_ict:deflator,micro:FR1,İnformasiya və rabitə: deflyator,2015 = 1,2005–2030,2026–2030,False,36,ACTUAL;Adverse;Baseline;Reform,FR1_forecast_tidy.csv,mikro §15.5.2
fr1:acc:va_ict:deflator_growth_pct,micro:FR1,"İnformasiya və rabitə: deflyator inflyasiyası, %",%,2006–2030,2026–2030,False,35,ACTUAL;Adverse;Baseline;Reform,FR1_forecast_tidy.csv,mikro §15.5.2
fr1:acc:va_ict:nominal,micro:FR1,İnformasiya və rabitə: nominal dəyər,"mln AZN, cari qiymətlər",2005–2030,2026–2030,False,36,ACTUAL;Adverse;Baseline;Reform,FR1_forecast_tidy.csv,mikro §15.5.2
fr1:acc:va_ict:nominal_growth_pct,micro:FR1,"İnformasiya və rabitə: nominal artım, %",%,2006–2030,2026–2030,False,35,ACTUAL;Adverse;Baseline;Reform,FR1_forecast_tidy.csv,mikro §15.5.2
fr1:acc:va_ict:real,micro:FR1,İnformasiya və rabitə: real dəyər,"mln AZN, 2015 qiymətləri",2005–2030,2026–2030,False,36,ACTUAL;Adverse;Baseline;Reform,FR1_forecast_tidy.csv,mikro §15.5.2
fr1:acc:va_ict:real_growth_pct,micro:FR1,"İnformasiya və rabitə: real artım, %",%,2006–2030,2026–2030,False,35,ACTUAL;Adverse;Baseline;Reform,FR1_forecast_tidy.csv,mikro §15.5.2
fr1:acc:va_man:deflator,micro:FR1,Emal sənayesi: deflyator,2015 = 1,2005–2030,2026–2030,False,36,ACTUAL;Adverse;Baseline;Reform,FR1_forecast_tidy.csv,mikro §15.5.2
fr1:acc:va_man:deflator_growth_pct,micro:FR1,"Emal sənayesi: deflyator inflyasiyası, %",%,2006–2030,2026–2030,False,35,ACTUAL;Adverse;Baseline;Reform,FR1_forecast_tidy.csv,mikro §15.5.2
fr1:acc:va_man:nominal,micro:FR1,Emal sənayesi: nominal dəyər,"mln AZN, cari qiymətlər",2005–2030,2026–2030,False,36,ACTUAL;Adverse;Baseline;Reform,FR1_forecast_tidy.csv,mikro §15.5.2
fr1:acc:va_man:nominal_growth_pct,micro:FR1,"Emal sənayesi: nominal artım, %",%,2006–2030,2026–2030,False,35,ACTUAL;Adverse;Baseline;Reform,FR1_forecast_tidy.csv,mikro §15.5.2
fr1:acc:va_man:real,micro:FR1,Emal sənayesi: real dəyər,"mln AZN, 2015 qiymətləri",2005–2030,2026–2030,True,36,ACTUAL;Adverse;Baseline;Reform,FR1_forecast_tidy.csv,mikro §15.5.2
fr1:acc:va_man:real_growth_pct,micro:FR1,"Emal sənayesi: real artım, %",%,2006–2030,2026–2030,True,35,ACTUAL;Adverse;Baseline;Reform,FR1_forecast_tidy.csv,mikro §15.5.2
fr1:acc:va_min:deflator,micro:FR1,Mədənçıxarma: deflyator,2015 = 1,2005–2030,2026–2030,False,36,ACTUAL;Adverse;Baseline;Reform,FR1_forecast_tidy.csv,mikro §15.5.2
fr1:acc:va_min:deflator_growth_pct,micro:FR1,"Mədənçıxarma: deflyator inflyasiyası, %",%,2006–2030,2026–2030,False,35,ACTUAL;Adverse;Baseline;Reform,FR1_forecast_tidy.csv,mikro §15.5.2
fr1:acc:va_min:nominal,micro:FR1,Mədənçıxarma: nominal dəyər,"mln AZN, cari qiymətlər",2005–2030,2026–2030,False,36,ACTUAL;Adverse;Baseline;Reform,FR1_forecast_tidy.csv,mikro §15.5.2
fr1:acc:va_min:nominal_growth_pct,micro:FR1,"Mədənçıxarma: nominal artım, %",%,2006–2030,2026–2030,False,35,ACTUAL;Adverse;Baseline;Reform,FR1_forecast_tidy.csv,mikro §15.5.2
fr1:acc:va_min:real,micro:FR1,Mədənçıxarma: real dəyər,"mln AZN, 2015 qiymətləri",2005–2030,2026–2030,False,36,ACTUAL;Adverse;Baseline;Reform,FR1_forecast_tidy.csv,mikro §15.5.2
fr1:acc:va_min:real_growth_pct,micro:FR1,"Mədənçıxarma: real artım, %",%,2006–2030,2026–2030,False,35,ACTUAL;Adverse;Baseline;Reform,FR1_forecast_tidy.csv,mikro §15.5.2
fr1:acc:va_nettax:deflator,micro:FR1,Xalis vergilər: deflyator,2015 = 1,2005–2030,2026–2030,False,36,ACTUAL;Adverse;Baseline;Reform,FR1_forecast_tidy.csv,mikro §15.5.2
fr1:acc:va_nettax:deflator_growth_pct,micro:FR1,"Xalis vergilər: deflyator inflyasiyası, %",%,2006–2030,2026–2030,False,35,ACTUAL;Adverse;Baseline;Reform,FR1_forecast_tidy.csv,mikro §15.5.2
fr1:acc:va_nettax:nominal,micro:FR1,Xalis vergilər: nominal dəyər,"mln AZN, cari qiymətlər",2005–2030,2026–2030,False,36,ACTUAL;Adverse;Baseline;Reform,FR1_forecast_tidy.csv,mikro §15.5.2
fr1:acc:va_nettax:nominal_growth_pct,micro:FR1,"Xalis vergilər: nominal artım, %",%,2006–2030,2026–2030,False,35,ACTUAL;Adverse;Baseline;Reform,FR1_forecast_tidy.csv,mikro §15.5.2
fr1:acc:va_nettax:real,micro:FR1,Xalis vergilər: real dəyər,"mln AZN, 2015 qiymətləri",2005–2030,2026–2030,False,36,ACTUAL;Adverse;Baseline;Reform,FR1_forecast_tidy.csv,mikro §15.5.2
fr1:acc:va_nettax:real_growth_pct,micro:FR1,"Xalis vergilər: real artım, %",%,2006–2030,2026–2030,False,35,ACTUAL;Adverse;Baseline;Reform,FR1_forecast_tidy.csv,mikro §15.5.2
fr1:acc:va_oth:deflator,micro:FR1,Sosial və digər xidmətlər: deflyator,2015 = 1,2005–2030,2026–2030,False,36,ACTUAL;Adverse;Baseline;Reform,FR1_forecast_tidy.csv,mikro §15.5.2
fr1:acc:va_oth:deflator_growth_pct,micro:FR1,"Sosial və digər xidmətlər: deflyator inflyasiyası, %",%,2006–2030,2026–2030,False,35,ACTUAL;Adverse;Baseline;Reform,FR1_forecast_tidy.csv,mikro §15.5.2
fr1:acc:va_oth:nominal,micro:FR1,Sosial və digər xidmətlər: nominal dəyər,"mln AZN, cari qiymətlər",2005–2030,2026–2030,False,36,ACTUAL;Adverse;Baseline;Reform,FR1_forecast_tidy.csv,mikro §15.5.2
fr1:acc:va_oth:nominal_growth_pct,micro:FR1,"Sosial və digər xidmətlər: nominal artım, %",%,2006–2030,2026–2030,False,35,ACTUAL;Adverse;Baseline;Reform,FR1_forecast_tidy.csv,mikro §15.5.2
fr1:acc:va_oth:real,micro:FR1,Sosial və digər xidmətlər: real dəyər,"mln AZN, 2015 qiymətləri",2005–2030,2026–2030,False,36,ACTUAL;Adverse;Baseline;Reform,FR1_forecast_tidy.csv,mikro §15.5.2
fr1:acc:va_oth:real_growth_pct,micro:FR1,"Sosial və digər xidmətlər: real artım, %",%,2006–2030,2026–2030,False,35,ACTUAL;Adverse;Baseline;Reform,FR1_forecast_tidy.csv,mikro §15.5.2
fr1:acc:va_tou:deflator,micro:FR1,Turizm və iaşə: deflyator,2015 = 1,2005–2030,2026–2030,False,36,ACTUAL;Adverse;Baseline;Reform,FR1_forecast_tidy.csv,mikro §15.5.2
fr1:acc:va_tou:deflator_growth_pct,micro:FR1,"Turizm və iaşə: deflyator inflyasiyası, %",%,2006–2030,2026–2030,False,35,ACTUAL;Adverse;Baseline;Reform,FR1_forecast_tidy.csv,mikro §15.5.2
fr1:acc:va_tou:nominal,micro:FR1,Turizm və iaşə: nominal dəyər,"mln AZN, cari qiymətlər",2005–2030,2026–2030,False,36,ACTUAL;Adverse;Baseline;Reform,FR1_forecast_tidy.csv,mikro §15.5.2
fr1:acc:va_tou:nominal_growth_pct,micro:FR1,"Turizm və iaşə: nominal artım, %",%,2006–2030,2026–2030,False,35,ACTUAL;Adverse;Baseline;Reform,FR1_forecast_tidy.csv,mikro §15.5.2
fr1:acc:va_tou:real,micro:FR1,Turizm və iaşə: real dəyər,"mln AZN, 2015 qiymətləri",2005–2030,2026–2030,False,36,ACTUAL;Adverse;Baseline;Reform,FR1_forecast_tidy.csv,mikro §15.5.2
fr1:acc:va_tou:real_growth_pct,micro:FR1,"Turizm və iaşə: real artım, %",%,2006–2030,2026–2030,False,35,ACTUAL;Adverse;Baseline;Reform,FR1_forecast_tidy.csv,mikro §15.5.2
fr1:acc:va_tra:deflator,micro:FR1,Nəqliyyat və anbar: deflyator,2015 = 1,2005–2030,2026–2030,False,36,ACTUAL;Adverse;Baseline;Reform,FR1_forecast_tidy.csv,mikro §15.5.2
fr1:acc:va_tra:deflator_growth_pct,micro:FR1,"Nəqliyyat və anbar: deflyator inflyasiyası, %",%,2006–2030,2026–2030,False,35,ACTUAL;Adverse;Baseline;Reform,FR1_forecast_tidy.csv,mikro §15.5.2
fr1:acc:va_tra:nominal,micro:FR1,Nəqliyyat və anbar: nominal dəyər,"mln AZN, cari qiymətlər",2005–2030,2026–2030,False,36,ACTUAL;Adverse;Baseline;Reform,FR1_forecast_tidy.csv,mikro §15.5.2
fr1:acc:va_tra:nominal_growth_pct,micro:FR1,"Nəqliyyat və anbar: nominal artım, %",%,2006–2030,2026–2030,False,35,ACTUAL;Adverse;Baseline;Reform,FR1_forecast_tidy.csv,mikro §15.5.2
fr1:acc:va_tra:real,micro:FR1,Nəqliyyat və anbar: real dəyər,"mln AZN, 2015 qiymətləri",2005–2030,2026–2030,False,36,ACTUAL;Adverse;Baseline;Reform,FR1_forecast_tidy.csv,mikro §15.5.2
fr1:acc:va_tra:real_growth_pct,micro:FR1,"Nəqliyyat və anbar: real artım, %",%,2006–2030,2026–2030,False,35,ACTUAL;Adverse;Baseline;Reform,FR1_forecast_tidy.csv,mikro §15.5.2
fr1:acc:va_trd:deflator,micro:FR1,Ticarət; nəq. vas. təmiri: deflyator,2015 = 1,2005–2030,2026–2030,False,36,ACTUAL;Adverse;Baseline;Reform,FR1_forecast_tidy.csv,mikro §15.5.2
fr1:acc:va_trd:deflator_growth_pct,micro:FR1,"Ticarət; nəq. vas. təmiri: deflyator inflyasiyası, %",%,2006–2030,2026–2030,False,35,ACTUAL;Adverse;Baseline;Reform,FR1_forecast_tidy.csv,mikro §15.5.2
fr1:acc:va_trd:nominal,micro:FR1,Ticarət; nəq. vas. təmiri: nominal dəyər,"mln AZN, cari qiymətlər",2005–2030,2026–2030,False,36,ACTUAL;Adverse;Baseline;Reform,FR1_forecast_tidy.csv,mikro §15.5.2
fr1:acc:va_trd:nominal_growth_pct,micro:FR1,"Ticarət; nəq. vas. təmiri: nominal artım, %",%,2006–2030,2026–2030,False,35,ACTUAL;Adverse;Baseline;Reform,FR1_forecast_tidy.csv,mikro §15.5.2
fr1:acc:va_trd:real,micro:FR1,Ticarət; nəq. vas. təmiri: real dəyər,"mln AZN, 2015 qiymətləri",2005–2030,2026–2030,False,36,ACTUAL;Adverse;Baseline;Reform,FR1_forecast_tidy.csv,mikro §15.5.2
fr1:acc:va_trd:real_growth_pct,micro:FR1,"Ticarət; nəq. vas. təmiri: real artım, %",%,2006–2030,2026–2030,False,35,ACTUAL;Adverse;Baseline;Reform,FR1_forecast_tidy.csv,mikro §15.5.2
fr1:acc:va_wat:deflator,micro:FR1,Su təchizatı: deflyator,2015 = 1,2009–2030,2026–2030,False,32,ACTUAL;Adverse;Baseline;Reform,FR1_forecast_tidy.csv,mikro §15.5.2
fr1:acc:va_wat:deflator_growth_pct,micro:FR1,"Su təchizatı: deflyator inflyasiyası, %",%,2010–2030,2026–2030,False,31,ACTUAL;Adverse;Baseline;Reform,FR1_forecast_tidy.csv,mikro §15.5.2
fr1:acc:va_wat:nominal,micro:FR1,Su təchizatı: nominal dəyər,"mln AZN, cari qiymətlər",2009–2030,2026–2030,False,32,ACTUAL;Adverse;Baseline;Reform,FR1_forecast_tidy.csv,mikro §15.5.2
fr1:acc:va_wat:nominal_growth_pct,micro:FR1,"Su təchizatı: nominal artım, %",%,2010–2030,2026–2030,False,31,ACTUAL;Adverse;Baseline;Reform,FR1_forecast_tidy.csv,mikro §15.5.2
fr1:acc:va_wat:real,micro:FR1,Su təchizatı: real dəyər,"mln AZN, 2015 qiymətləri",2009–2030,2026–2030,False,32,ACTUAL;Adverse;Baseline;Reform,FR1_forecast_tidy.csv,mikro §15.5.2
fr1:acc:va_wat:real_growth_pct,micro:FR1,"Su təchizatı: real artım, %",%,2010–2030,2026–2030,False,31,ACTUAL;Adverse;Baseline;Reform,FR1_forecast_tidy.csv,mikro §15.5.2
fr1:acc:wage:deflator,micro:FR1,Orta aylıq əmək haqqı: deflyator,2015 = 1,2005–2030,2026–2030,False,36,ACTUAL;Adverse;Baseline;Reform,FR1_forecast_tidy.csv,mikro §15.5.2
fr1:acc:wage:deflator_growth_pct,micro:FR1,"Orta aylıq əmək haqqı: deflyator inflyasiyası, %",%,2006–2030,2026–2030,False,35,ACTUAL;Adverse;Baseline;Reform,FR1_forecast_tidy.csv,mikro §15.5.2
fr1:acc:wage:nominal,micro:FR1,Orta aylıq əmək haqqı: nominal dəyər,AZN/ay,2005–2030,2026–2030,True,36,ACTUAL;Adverse;Baseline;Reform,FR1_forecast_tidy.csv,mikro §15.5.2
fr1:acc:wage:nominal_growth_pct,micro:FR1,"Orta aylıq əmək haqqı: nominal artım, %",%,2006–2030,2026–2030,True,35,ACTUAL;Adverse;Baseline;Reform,FR1_forecast_tidy.csv,mikro §15.5.2
fr1:acc:wage:real,micro:FR1,Orta aylıq əmək haqqı: real dəyər,"AZN/ay, 2015 qiymətləri",2005–2030,2026–2030,False,36,ACTUAL;Adverse;Baseline;Reform,FR1_forecast_tidy.csv,mikro §15.5.2
fr1:acc:wage:real_growth_pct,micro:FR1,"Orta aylıq əmək haqqı: real artım, %",%,2006–2030,2026–2030,False,35,ACTUAL;Adverse;Baseline;Reform,FR1_forecast_tidy.csv,mikro §15.5.2
fr1:acc:wagebill:deflator,micro:FR1,Əmək haqqı fondu: deflyator,2015 = 1,2005–2030,2026–2030,False,36,ACTUAL;Adverse;Baseline;Reform,FR1_forecast_tidy.csv,mikro §15.5.2
fr1:acc:wagebill:deflator_growth_pct,micro:FR1,"Əmək haqqı fondu: deflyator inflyasiyası, %",%,2006–2030,2026–2030,False,35,ACTUAL;Adverse;Baseline;Reform,FR1_forecast_tidy.csv,mikro §15.5.2
fr1:acc:wagebill:nominal,micro:FR1,Əmək haqqı fondu: nominal dəyər,"mln AZN, cari qiymətlər",2005–2030,2026–2030,False,36,ACTUAL;Adverse;Baseline;Reform,FR1_forecast_tidy.csv,mikro §15.5.2
fr1:acc:wagebill:nominal_growth_pct,micro:FR1,"Əmək haqqı fondu: nominal artım, %",%,2006–2030,2026–2030,False,35,ACTUAL;Adverse;Baseline;Reform,FR1_forecast_tidy.csv,mikro §15.5.2
fr1:acc:wagebill:real,micro:FR1,Əmək haqqı fondu: real dəyər,"mln AZN, 2015 qiymətləri",2005–2030,2026–2030,False,36,ACTUAL;Adverse;Baseline;Reform,FR1_forecast_tidy.csv,mikro §15.5.2
fr1:acc:wagebill:real_growth_pct,micro:FR1,"Əmək haqqı fondu: real artım, %",%,2006–2030,2026–2030,False,35,ACTUAL;Adverse;Baseline;Reform,FR1_forecast_tidy.csv,mikro §15.5.2
fr1:acc:x_non:deflator,micro:FR1,Qeyri-neft ixracı: deflyator,2015 = 1,2005–2030,2026–2030,False,36,ACTUAL;Adverse;Baseline;Reform,FR1_forecast_tidy.csv,mikro §15.5.2
fr1:acc:x_non:deflator_growth_pct,micro:FR1,"Qeyri-neft ixracı: deflyator inflyasiyası, %",%,2006–2030,2026–2030,False,35,ACTUAL;Adverse;Baseline;Reform,FR1_forecast_tidy.csv,mikro §15.5.2
fr1:acc:x_non:nominal,micro:FR1,Qeyri-neft ixracı: nominal dəyər,"mln AZN, cari qiymətlər",2010–2030,2026–2030,False,31,ACTUAL;Adverse;Baseline;Reform,FR1_forecast_tidy.csv,mikro §15.5.2
fr1:acc:x_non:nominal_growth_pct,micro:FR1,"Qeyri-neft ixracı: nominal artım, %",%,2011–2030,2026–2030,False,30,ACTUAL;Adverse;Baseline;Reform,FR1_forecast_tidy.csv,mikro §15.5.2
fr1:acc:x_non:real,micro:FR1,Qeyri-neft ixracı: real dəyər,"mln AZN, 2015 qiymətləri",2010–2030,2026–2030,False,31,ACTUAL;Adverse;Baseline;Reform,FR1_forecast_tidy.csv,mikro §15.5.2
fr1:acc:x_non:real_growth_pct,micro:FR1,"Qeyri-neft ixracı: real artım, %",%,2011–2030,2026–2030,False,30,ACTUAL;Adverse;Baseline;Reform,FR1_forecast_tidy.csv,mikro §15.5.2
fr1:acc:x_oil:deflator,micro:FR1,Neft-qaz ixracı: deflyator,2015 = 1,2005–2030,2026–2030,False,36,ACTUAL;Adverse;Baseline;Reform,FR1_forecast_tidy.csv,mikro §15.5.2
fr1:acc:x_oil:deflator_growth_pct,micro:FR1,"Neft-qaz ixracı: deflyator inflyasiyası, %",%,2006–2030,2026–2030,False,35,ACTUAL;Adverse;Baseline;Reform,FR1_forecast_tidy.csv,mikro §15.5.2
fr1:acc:x_oil:nominal,micro:FR1,Neft-qaz ixracı: nominal dəyər,"mln AZN, cari qiymətlər",2010–2030,2026–2030,False,31,ACTUAL;Adverse;Baseline;Reform,FR1_forecast_tidy.csv,mikro §15.5.2
fr1:acc:x_oil:nominal_growth_pct,micro:FR1,"Neft-qaz ixracı: nominal artım, %",%,2011–2030,2026–2030,False,30,ACTUAL;Adverse;Baseline;Reform,FR1_forecast_tidy.csv,mikro §15.5.2
fr1:acc:x_oil:real,micro:FR1,Neft-qaz ixracı: real dəyər,"mln AZN, 2015 qiymətləri",2010–2030,2026–2030,False,31,ACTUAL;Adverse;Baseline;Reform,FR1_forecast_tidy.csv,mikro §15.5.2
fr1:acc:x_oil:real_growth_pct,micro:FR1,"Neft-qaz ixracı: real artım, %",%,2011–2030,2026–2030,False,30,ACTUAL;Adverse;Baseline;Reform,FR1_forecast_tidy.csv,mikro §15.5.2
fr1:balance_n,micro:FR1,Büdcə balansı,"mln AZN, cari qiymətlər",2010–2030,2026–2030,False,31,ACTUAL;Adverse;Baseline;Reform,FR1_forecast_tidy.csv,mikro §15.5.2
fr1:contrib:agr,micro:FR1,"Real ÜDM artımına töhfə: Kənd, meşə və balıqçılıq",faiz bəndi,2010–2030,2026–2030,False,31,ACTUAL;Adverse;Baseline;Reform,FR1_forecast_tidy.csv,mikro §15.5.2
fr1:contrib:con,micro:FR1,Real ÜDM artımına töhfə: Tikinti,faiz bəndi,2010–2030,2026–2030,False,31,ACTUAL;Adverse;Baseline;Reform,FR1_forecast_tidy.csv,mikro §15.5.2
fr1:contrib:elc,micro:FR1,"Real ÜDM artımına töhfə: Elektrik enerjisi, qaz",faiz bəndi,2010–2030,2026–2030,False,31,ACTUAL;Adverse;Baseline;Reform,FR1_forecast_tidy.csv,mikro §15.5.2
fr1:contrib:ict,micro:FR1,Real ÜDM artımına töhfə: İnformasiya və rabitə,faiz bəndi,2010–2030,2026–2030,False,31,ACTUAL;Adverse;Baseline;Reform,FR1_forecast_tidy.csv,mikro §15.5.2
fr1:contrib:man,micro:FR1,Real ÜDM artımına töhfə: Emal sənayesi,faiz bəndi,2010–2030,2026–2030,False,31,ACTUAL;Adverse;Baseline;Reform,FR1_forecast_tidy.csv,mikro §15.5.2
fr1:contrib:min,micro:FR1,Real ÜDM artımına töhfə: Mədənçıxarma,faiz bəndi,2010–2030,2026–2030,False,31,ACTUAL;Adverse;Baseline;Reform,FR1_forecast_tidy.csv,mikro §15.5.2
fr1:contrib:nettax,micro:FR1,Real ÜDM artımına töhfə: Məhsula xalis vergilər,faiz bəndi,2010–2030,2026–2030,False,31,ACTUAL;Adverse;Baseline;Reform,FR1_forecast_tidy.csv,mikro §15.5.2
fr1:contrib:oth,micro:FR1,Real ÜDM artımına töhfə: Sosial və digər xidmətlər,faiz bəndi,2010–2030,2026–2030,False,31,ACTUAL;Adverse;Baseline;Reform,FR1_forecast_tidy.csv,mikro §15.5.2
fr1:contrib:total,micro:FR1,Real ÜDM artımı (töhfələrin cəmi),faiz bəndi,2010–2030,2026–2030,False,31,ACTUAL;Adverse;Baseline;Reform,FR1_forecast_tidy.csv,mikro §15.5.2
fr1:contrib:tou,micro:FR1,Real ÜDM artımına töhfə: Turizm və ictimai iaşə,faiz bəndi,2010–2030,2026–2030,False,31,ACTUAL;Adverse;Baseline;Reform,FR1_forecast_tidy.csv,mikro §15.5.2
fr1:contrib:tra,micro:FR1,Real ÜDM artımına töhfə: Nəqliyyat və anbar,faiz bəndi,2010–2030,2026–2030,False,31,ACTUAL;Adverse;Baseline;Reform,FR1_forecast_tidy.csv,mikro §15.5.2
fr1:contrib:trd,micro:FR1,Real ÜDM artımına töhfə: Ticarət; nəqliyyat vasitələrinin təmiri,faiz bəndi,2010–2030,2026–2030,False,31,ACTUAL;Adverse;Baseline;Reform,FR1_forecast_tidy.csv,mikro §15.5.2
fr1:contrib:wat,micro:FR1,"Real ÜDM artımına töhfə: Su təchizatı, tullantılar",faiz bəndi,2010–2030,2026–2030,False,31,ACTUAL;Adverse;Baseline;Reform,FR1_forecast_tidy.csv,mikro §15.5.2
fr1:cpi,micro:FR1,İstehlak qiymətləri indeksi,2015 = 100,2000–2030,2026–2030,True,41,ACTUAL;Adverse;Baseline;Reform,FR1_forecast_tidy.csv,mikro §15.5.2
fr1:cred:agr,micro:FR1,Kreditlər (nominal): Kənd təsərrüfatı,"mln AZN, cari qiymətlər",2006–2030,2026–2030,False,35,ACTUAL;Adverse;Baseline;Reform,FR1_forecast_tidy.csv,mikro §15.5.2
fr1:cred:con,micro:FR1,Kreditlər (nominal): Tikinti və daşınmaz əmlak,"mln AZN, cari qiymətlər",2006–2030,2026–2030,False,35,ACTUAL;Adverse;Baseline;Reform,FR1_forecast_tidy.csv,mikro §15.5.2
fr1:cred:ene,micro:FR1,"Kreditlər (nominal): Energetika, kimya, təbii ehtiyatlar","mln AZN, cari qiymətlər",2006–2030,2026–2030,False,35,ACTUAL;Adverse;Baseline;Reform,FR1_forecast_tidy.csv,mikro §15.5.2
fr1:cred:ind,micro:FR1,Kreditlər (nominal): Sənaye və istehsal,"mln AZN, cari qiymətlər",2006–2030,2026–2030,False,35,ACTUAL;Adverse;Baseline;Reform,FR1_forecast_tidy.csv,mikro §15.5.2
fr1:cred:oth,micro:FR1,Kreditlər (nominal): Digər (qalıq: cəmi − sektorlar − ev təsərrüfatları),"mln AZN, cari qiymətlər",2006–2030,2026–2030,False,35,ACTUAL;Adverse;Baseline;Reform,FR1_forecast_tidy.csv,mikro §15.5.2
fr1:cred:tra,micro:FR1,Kreditlər (nominal): Nəqliyyat və rabitə,"mln AZN, cari qiymətlər",2006–2030,2026–2030,False,35,ACTUAL;Adverse;Baseline;Reform,FR1_forecast_tidy.csv,mikro §15.5.2
fr1:cred:trd,micro:FR1,Kreditlər (nominal): Ticarət və xidmət,"mln AZN, cari qiymətlər",2006–2030,2026–2030,False,35,ACTUAL;Adverse;Baseline;Reform,FR1_forecast_tidy.csv,mikro §15.5.2
fr1:debt_azn,micro:FR1,"Dövlət borcu (xarici + daxili, Maliyyə Nazirliyinin anlayışı; dövlət zəmanətli borc daxil deyil)","mln AZN, cari qiymətlər",2010–2030,2026–2030,False,31,ACTUAL;Adverse;Baseline;Reform,FR1_forecast_tidy.csv,mikro §15.5.2
fr1:debt_serv_n,micro:FR1,Borc xidməti,"mln AZN, cari qiymətlər",2010–2030,2026–2030,False,31,ACTUAL;Adverse;Baseline;Reform,FR1_forecast_tidy.csv,mikro §15.5.2
fr1:dec:agr:addf,micro:FR1,"Kənd, meşə və balıqçılıq: düzəliş əmsalının dəyişməsi (ankor)",faiz bəndi,2026–2030,2026–2030,False,15,Adverse;Baseline;Reform,FR1_forecast_tidy.csv,mikro §15.5.2
fr1:dec:agr:resid,micro:FR1,"Kənd, meşə və balıqçılıq: qalıq (qarşılıqlı təsir)",faiz bəndi,2026–2030,2026–2030,False,15,Adverse;Baseline;Reform,FR1_forecast_tidy.csv,mikro §15.5.2
fr1:dec:agr:tfp,micro:FR1,"Kənd, meşə və balıqçılıq: ssenari TFP əlavəsi",faiz bəndi,2026–2030,2026–2030,False,15,Adverse;Baseline;Reform,FR1_forecast_tidy.csv,mikro §15.5.2
fr1:dec:agr:total,micro:FR1,"Kənd, meşə və balıqçılıq: ümumi real artım",faiz bəndi,2026–2030,2026–2030,False,15,Adverse;Baseline;Reform,FR1_forecast_tidy.csv,mikro §15.5.2
fr1:dec:agr:trend,micro:FR1,"Kənd, meşə və balıqçılıq: deterministik trend",faiz bəndi,2026–2030,2026–2030,False,15,Adverse;Baseline;Reform,FR1_forecast_tidy.csv,mikro §15.5.2
fr1:dec:con:addf,micro:FR1,Tikinti: düzəliş əmsalının dəyişməsi (ankor),faiz bəndi,2026–2030,2026–2030,False,15,Adverse;Baseline;Reform,FR1_forecast_tidy.csv,mikro §15.5.2
fr1:dec:con:resid,micro:FR1,Tikinti: qalıq (qarşılıqlı təsir),faiz bəndi,2026–2030,2026–2030,False,15,Adverse;Baseline;Reform,FR1_forecast_tidy.csv,mikro §15.5.2
fr1:dec:con:rinv_priv,micro:FR1,Tikinti: qeyri-dövlət investisiyaları,faiz bəndi,2026–2030,2026–2030,False,15,Adverse;Baseline;Reform,FR1_forecast_tidy.csv,mikro §15.5.2
fr1:dec:con:rinv_state,micro:FR1,Tikinti: dövlət investisiyaları,faiz bəndi,2026–2030,2026–2030,False,15,Adverse;Baseline;Reform,FR1_forecast_tidy.csv,mikro §15.5.2
fr1:dec:con:total,micro:FR1,Tikinti: ümumi real artım,faiz bəndi,2026–2030,2026–2030,False,15,Adverse;Baseline;Reform,FR1_forecast_tidy.csv,mikro §15.5.2
fr1:dec:elc:addf,micro:FR1,"Elektrik enerjisi, qaz: düzəliş əmsalının dəyişməsi (ankor)",faiz bəndi,2026–2030,2026–2030,False,15,Adverse;Baseline;Reform,FR1_forecast_tidy.csv,mikro §15.5.2
fr1:dec:elc:resid,micro:FR1,"Elektrik enerjisi, qaz: qalıq (qarşılıqlı təsir)",faiz bəndi,2026–2030,2026–2030,False,15,Adverse;Baseline;Reform,FR1_forecast_tidy.csv,mikro §15.5.2
fr1:dec:elc:rgdpnon,micro:FR1,"Elektrik enerjisi, qaz: qeyri-neft ÜDM",faiz bəndi,2026–2030,2026–2030,False,15,Adverse;Baseline;Reform,FR1_forecast_tidy.csv,mikro §15.5.2
fr1:dec:elc:tfp,micro:FR1,"Elektrik enerjisi, qaz: ssenari TFP əlavəsi",faiz bəndi,2026–2030,2026–2030,False,15,Adverse;Baseline;Reform,FR1_forecast_tidy.csv,mikro §15.5.2
fr1:dec:elc:total,micro:FR1,"Elektrik enerjisi, qaz: ümumi real artım",faiz bəndi,2026–2030,2026–2030,False,15,Adverse;Baseline;Reform,FR1_forecast_tidy.csv,mikro §15.5.2
fr1:dec:elc:trend,micro:FR1,"Elektrik enerjisi, qaz: deterministik trend",faiz bəndi,2026–2030,2026–2030,False,15,Adverse;Baseline;Reform,FR1_forecast_tidy.csv,mikro §15.5.2
fr1:dec:ict:K_ict_pc,micro:FR1,İnformasiya və rabitə: adambaşına İKT fondları,faiz bəndi,2026–2030,2026–2030,False,15,Adverse;Baseline;Reform,FR1_forecast_tidy.csv,mikro §15.5.2
fr1:dec:ict:addf,micro:FR1,İnformasiya və rabitə: düzəliş əmsalının dəyişməsi (ankor),faiz bəndi,2026–2030,2026–2030,False,15,Adverse;Baseline;Reform,FR1_forecast_tidy.csv,mikro §15.5.2
fr1:dec:ict:pop,micro:FR1,İnformasiya və rabitə: əhali (vahid elastiklik),faiz bəndi,2026–2030,2026–2030,False,15,Adverse;Baseline;Reform,FR1_forecast_tidy.csv,mikro §15.5.2
fr1:dec:ict:resid,micro:FR1,İnformasiya və rabitə: qalıq (qarşılıqlı təsir),faiz bəndi,2026–2030,2026–2030,False,15,Adverse;Baseline;Reform,FR1_forecast_tidy.csv,mikro §15.5.2
fr1:dec:ict:tfp,micro:FR1,İnformasiya və rabitə: ssenari TFP əlavəsi,faiz bəndi,2026–2030,2026–2030,False,15,Adverse;Baseline;Reform,FR1_forecast_tidy.csv,mikro §15.5.2
fr1:dec:ict:total,micro:FR1,İnformasiya və rabitə: ümumi real artım,faiz bəndi,2026–2030,2026–2030,False,15,Adverse;Baseline;Reform,FR1_forecast_tidy.csv,mikro §15.5.2
fr1:dec:ict:trend,micro:FR1,İnformasiya və rabitə: deterministik trend,faiz bəndi,2026–2030,2026–2030,False,15,Adverse;Baseline;Reform,FR1_forecast_tidy.csv,mikro §15.5.2
fr1:dec:man:K_man,micro:FR1,Emal sənayesi: əsas fondlar (emal),faiz bəndi,2026–2030,2026–2030,False,15,Adverse;Baseline;Reform,FR1_forecast_tidy.csv,mikro §15.5.2
fr1:dec:man:addf,micro:FR1,Emal sənayesi: düzəliş əmsalının dəyişməsi (ankor),faiz bəndi,2026–2030,2026–2030,False,15,Adverse;Baseline;Reform,FR1_forecast_tidy.csv,mikro §15.5.2
fr1:dec:man:resid,micro:FR1,Emal sənayesi: qalıq (qarşılıqlı təsir),faiz bəndi,2026–2030,2026–2030,False,15,Adverse;Baseline;Reform,FR1_forecast_tidy.csv,mikro §15.5.2
fr1:dec:man:rva_con,micro:FR1,Emal sənayesi: tikinti əlavə dəyəri,faiz bəndi,2026–2030,2026–2030,False,15,Adverse;Baseline;Reform,FR1_forecast_tidy.csv,mikro §15.5.2
fr1:dec:man:rx_non,micro:FR1,Emal sənayesi: qeyri-neft ixracı,faiz bəndi,2026–2030,2026–2030,False,15,Adverse;Baseline;Reform,FR1_forecast_tidy.csv,mikro §15.5.2
fr1:dec:man:tfp,micro:FR1,Emal sənayesi: ssenari TFP əlavəsi,faiz bəndi,2026–2030,2026–2030,False,15,Adverse;Baseline;Reform,FR1_forecast_tidy.csv,mikro §15.5.2
fr1:dec:man:total,micro:FR1,Emal sənayesi: ümumi real artım,faiz bəndi,2026–2030,2026–2030,False,15,Adverse;Baseline;Reform,FR1_forecast_tidy.csv,mikro §15.5.2
fr1:dec:nettax:addf,micro:FR1,Məhsula xalis vergilər: düzəliş əmsalının dəyişməsi (ankor),faiz bəndi,2026–2030,2026–2030,False,15,Adverse;Baseline;Reform,FR1_forecast_tidy.csv,mikro §15.5.2
fr1:dec:nettax:rcons,micro:FR1,Məhsula xalis vergilər: istehlak,faiz bəndi,2026–2030,2026–2030,False,15,Adverse;Baseline;Reform,FR1_forecast_tidy.csv,mikro §15.5.2
fr1:dec:nettax:resid,micro:FR1,Məhsula xalis vergilər: qalıq (qarşılıqlı təsir),faiz bəndi,2026–2030,2026–2030,False,15,Adverse;Baseline;Reform,FR1_forecast_tidy.csv,mikro §15.5.2
fr1:dec:nettax:rm_non,micro:FR1,Məhsula xalis vergilər: qeyri-neft idxalı,faiz bəndi,2026–2030,2026–2030,False,15,Adverse;Baseline;Reform,FR1_forecast_tidy.csv,mikro §15.5.2
fr1:dec:nettax:total,micro:FR1,Məhsula xalis vergilər: ümumi real artım,faiz bəndi,2026–2030,2026–2030,False,15,Adverse;Baseline;Reform,FR1_forecast_tidy.csv,mikro §15.5.2
fr1:dec:oth:addf,micro:FR1,Sosial və digər xidmətlər: düzəliş əmsalının dəyişməsi (ankor),faiz bəndi,2026–2030,2026–2030,False,15,Adverse;Baseline;Reform,FR1_forecast_tidy.csv,mikro §15.5.2
fr1:dec:oth:pop,micro:FR1,Sosial və digər xidmətlər: əhali (vahid elastiklik),faiz bəndi,2026–2030,2026–2030,False,15,Adverse;Baseline;Reform,FR1_forecast_tidy.csv,mikro §15.5.2
fr1:dec:oth:resid,micro:FR1,Sosial və digər xidmətlər: qalıq (qarşılıqlı təsir),faiz bəndi,2026–2030,2026–2030,False,15,Adverse;Baseline;Reform,FR1_forecast_tidy.csv,mikro §15.5.2
fr1:dec:oth:rhhdisp_pc,micro:FR1,Sosial və digər xidmətlər: adambaşına real gəlir,faiz bəndi,2026–2030,2026–2030,False,15,Adverse;Baseline;Reform,FR1_forecast_tidy.csv,mikro §15.5.2
fr1:dec:oth:total,micro:FR1,Sosial və digər xidmətlər: ümumi real artım,faiz bəndi,2026–2030,2026–2030,False,15,Adverse;Baseline;Reform,FR1_forecast_tidy.csv,mikro §15.5.2
fr1:dec:oth:trend,micro:FR1,Sosial və digər xidmətlər: deterministik trend,faiz bəndi,2026–2030,2026–2030,False,15,Adverse;Baseline;Reform,FR1_forecast_tidy.csv,mikro §15.5.2
fr1:dec:tou:addf,micro:FR1,Turizm və ictimai iaşə: düzəliş əmsalının dəyişməsi (ankor),faiz bəndi,2026–2030,2026–2030,False,15,Adverse;Baseline;Reform,FR1_forecast_tidy.csv,mikro §15.5.2
fr1:dec:tou:pop,micro:FR1,Turizm və ictimai iaşə: əhali (vahid elastiklik),faiz bəndi,2026–2030,2026–2030,False,15,Adverse;Baseline;Reform,FR1_forecast_tidy.csv,mikro §15.5.2
fr1:dec:tou:resid,micro:FR1,Turizm və ictimai iaşə: qalıq (qarşılıqlı təsir),faiz bəndi,2026–2030,2026–2030,False,15,Adverse;Baseline;Reform,FR1_forecast_tidy.csv,mikro §15.5.2
fr1:dec:tou:rhhdisp_pc,micro:FR1,Turizm və ictimai iaşə: adambaşına real gəlir,faiz bəndi,2026–2030,2026–2030,False,15,Adverse;Baseline;Reform,FR1_forecast_tidy.csv,mikro §15.5.2
fr1:dec:tou:total,micro:FR1,Turizm və ictimai iaşə: ümumi real artım,faiz bəndi,2026–2030,2026–2030,False,15,Adverse;Baseline;Reform,FR1_forecast_tidy.csv,mikro §15.5.2
fr1:dec:tou:trend,micro:FR1,Turizm və ictimai iaşə: deterministik trend,faiz bəndi,2026–2030,2026–2030,False,15,Adverse;Baseline;Reform,FR1_forecast_tidy.csv,mikro §15.5.2
fr1:dec:tra:addf,micro:FR1,Nəqliyyat və anbar: düzəliş əmsalının dəyişməsi (ankor),faiz bəndi,2026–2030,2026–2030,False,15,Adverse;Baseline;Reform,FR1_forecast_tidy.csv,mikro §15.5.2
fr1:dec:tra:hc,micro:FR1,Nəqliyyat və anbar: karbohidrogen tranziti,faiz bəndi,2026–2030,2026–2030,False,15,Adverse;Baseline;Reform,FR1_forecast_tidy.csv,mikro §15.5.2
fr1:dec:tra:resid,micro:FR1,Nəqliyyat və anbar: qalıq (qarşılıqlı təsir),faiz bəndi,2026–2030,2026–2030,False,15,Adverse;Baseline;Reform,FR1_forecast_tidy.csv,mikro §15.5.2
fr1:dec:tra:tfp,micro:FR1,Nəqliyyat və anbar: ssenari TFP əlavəsi,faiz bəndi,2026–2030,2026–2030,False,15,Adverse;Baseline;Reform,FR1_forecast_tidy.csv,mikro §15.5.2
fr1:dec:tra:total,micro:FR1,Nəqliyyat və anbar: ümumi real artım,faiz bəndi,2026–2030,2026–2030,False,15,Adverse;Baseline;Reform,FR1_forecast_tidy.csv,mikro §15.5.2
fr1:dec:tra:trend,micro:FR1,Nəqliyyat və anbar: deterministik trend,faiz bəndi,2026–2030,2026–2030,False,15,Adverse;Baseline;Reform,FR1_forecast_tidy.csv,mikro §15.5.2
fr1:dec:trd:addf,micro:FR1,Ticarət; nəqliyyat vasitələrinin təmiri: düzəliş əmsalının dəyişməsi (ankor),faiz bəndi,2026–2030,2026–2030,False,15,Adverse;Baseline;Reform,FR1_forecast_tidy.csv,mikro §15.5.2
fr1:dec:trd:rcons,micro:FR1,Ticarət; nəqliyyat vasitələrinin təmiri: istehlak,faiz bəndi,2026–2030,2026–2030,False,15,Adverse;Baseline;Reform,FR1_forecast_tidy.csv,mikro §15.5.2
fr1:dec:trd:resid,micro:FR1,Ticarət; nəqliyyat vasitələrinin təmiri: qalıq (qarşılıqlı təsir),faiz bəndi,2026–2030,2026–2030,False,15,Adverse;Baseline;Reform,FR1_forecast_tidy.csv,mikro §15.5.2
fr1:dec:trd:total,micro:FR1,Ticarət; nəqliyyat vasitələrinin təmiri: ümumi real artım,faiz bəndi,2026–2030,2026–2030,False,15,Adverse;Baseline;Reform,FR1_forecast_tidy.csv,mikro §15.5.2
fr1:dec:wat:addf,micro:FR1,"Su təchizatı, tullantılar: düzəliş əmsalının dəyişməsi (ankor)",faiz bəndi,2026–2030,2026–2030,False,15,Adverse;Baseline;Reform,FR1_forecast_tidy.csv,mikro §15.5.2
fr1:dec:wat:pop,micro:FR1,"Su təchizatı, tullantılar: əhali (vahid elastiklik)",faiz bəndi,2026–2030,2026–2030,False,15,Adverse;Baseline;Reform,FR1_forecast_tidy.csv,mikro §15.5.2
fr1:dec:wat:resid,micro:FR1,"Su təchizatı, tullantılar: qalıq (qarşılıqlı təsir)",faiz bəndi,2026–2030,2026–2030,False,15,Adverse;Baseline;Reform,FR1_forecast_tidy.csv,mikro §15.5.2
fr1:dec:wat:rgdpnon_pc,micro:FR1,"Su təchizatı, tullantılar: adambaşına qeyri-neft ÜDM",faiz bəndi,2026–2030,2026–2030,False,15,Adverse;Baseline;Reform,FR1_forecast_tidy.csv,mikro §15.5.2
fr1:dec:wat:tfp,micro:FR1,"Su təchizatı, tullantılar: ssenari TFP əlavəsi",faiz bəndi,2026–2030,2026–2030,False,15,Adverse;Baseline;Reform,FR1_forecast_tidy.csv,mikro §15.5.2
fr1:dec:wat:total,micro:FR1,"Su təchizatı, tullantılar: ümumi real artım",faiz bəndi,2026–2030,2026–2030,False,15,Adverse;Baseline;Reform,FR1_forecast_tidy.csv,mikro §15.5.2
fr1:dec:wat:trend,micro:FR1,"Su təchizatı, tullantılar: deterministik trend",faiz bəndi,2026–2030,2026–2030,False,15,Adverse;Baseline;Reform,FR1_forecast_tidy.csv,mikro §15.5.2
fr1:dln_xpi,micro:FR1,Karbohidrogen ixrac qiymətləri indeksinin dəyişməsi (ABŞ dolları),%,2007–2030,2026–2030,False,34,ACTUAL;Adverse;Baseline;Reform,FR1_forecast_tidy.csv,mikro §15.5.2
fr1:emp,micro:FR1,Məşğul əhali,min nəfər,1995–2030,2026–2030,True,46,ACTUAL;Adverse;Baseline;Reform,FR1_forecast_tidy.csv,mikro §15.5.2
fr1:exo:brent,micro:FR1:inputs,Brent neftinin qiyməti,ABŞ dolları/barel,2026–2030,2026–2030,False,15,Adverse;Baseline;Reform,microlib.engines.fr1.inputs(),mikro §15.5.2
fr1:exo:deprate,micro:FR1:inputs,Depozit faizi,%,2026–2030,2026–2030,False,15,Adverse;Baseline;Reform,microlib.engines.fr1.inputs(),mikro §15.5.2
fr1:exo:dsmf_add_g,micro:FR1:inputs,DSMF xərclərinin əlavə artımı (pensiya körpüsünə əlavə),%/il,2026–2030,2026–2030,False,15,Adverse;Baseline;Reform,microlib.engines.fr1.inputs(),mikro §15.5.2
fr1:exo:extdem,micro:FR1:inputs,Xarici tələb indeksi,"indeks, 2025 = 1",2026–2030,2026–2030,False,15,Adverse;Baseline;Reform,microlib.engines.fr1.inputs(),mikro §15.5.2
fr1:exo:fx,micro:FR1:inputs,Məzənnə,AZN/ABŞ dolları,2026–2030,2026–2030,False,15,Adverse;Baseline;Reform,microlib.engines.fr1.inputs(),mikro §15.5.2
fr1:exo:gas_exp_price,micro:FR1:inputs,Qazın ixrac qiyməti,ABŞ dolları / min m³,2026–2030,2026–2030,False,15,Adverse;Baseline;Reform,microlib.engines.fr1.inputs(),mikro §15.5.2
fr1:exo:gas_prod,micro:FR1:inputs,Qaz hasilatı,mlrd m³,2026–2030,2026–2030,False,15,Adverse;Baseline;Reform,microlib.engines.fr1.inputs(),mikro §15.5.2
fr1:exo:istate_add,micro:FR1:inputs,Dövlət investisiyalarına əlavə inyeksiya (real),"mln AZN, 2015 qiymətləri",2026–2030,2026–2030,False,15,Adverse;Baseline;Reform,microlib.engines.fr1.inputs(),mikro §15.5.2
fr1:exo:istate_level,micro:FR1:inputs,Dövlət investisiyaları: siyasət səviyyəsi (real),"mln AZN, 2015 qiymətləri",2026–2030,2026–2030,False,15,Adverse;Baseline;Reform,microlib.engines.fr1.inputs(),mikro §15.5.2
fr1:exo:minwage,micro:FR1:inputs,Minimum əmək haqqı,AZN/ay,2026–2030,2026–2030,False,15,Adverse;Baseline;Reform,microlib.engines.fr1.inputs(),mikro §15.5.2
fr1:exo:npl_ratio,micro:FR1:inputs,Problemli kreditlərin payı,%,2026–2030,2026–2030,False,15,Adverse;Baseline;Reform,microlib.engines.fr1.inputs(),mikro §15.5.2
fr1:exo:oil_prod,micro:FR1:inputs,Neft hasilatı,mln ton,2026–2030,2026–2030,False,15,Adverse;Baseline;Reform,microlib.engines.fr1.inputs(),mikro §15.5.2
fr1:exo:pension_real_g,micro:FR1:inputs,Pensiyanın real artımı (İQİ indeksasiyasına əlavə),%/il,2026–2030,2026–2030,False,15,Adverse;Baseline;Reform,microlib.engines.fr1.inputs(),mikro §15.5.2
fr1:exo:pm_usd_infl,micro:FR1:inputs,İdxal qiymətlərinin ABŞ dolları ilə artımı,%/il,2026–2030,2026–2030,False,15,Adverse;Baseline;Reform,microlib.engines.fr1.inputs(),mikro §15.5.2
fr1:exo:polrate,micro:FR1:inputs,Uçot dərəcəsi,%,2026–2030,2026–2030,False,15,Adverse;Baseline;Reform,microlib.engines.fr1.inputs(),mikro §15.5.2
fr1:exo:pop_g,micro:FR1:inputs,Əhali artımı,%/il,2026–2030,2026–2030,False,15,Adverse;Baseline;Reform,microlib.engines.fr1.inputs(),mikro §15.5.2
fr1:exo:rinv_oil,micro:FR1:inputs,Neft-qaz sektoruna investisiyalar (real),"mln AZN, 2015 qiymətləri",2026–2030,2026–2030,False,15,Adverse;Baseline;Reform,microlib.engines.fr1.inputs(),mikro §15.5.2
fr1:exo:sip_n,micro:FR1:inputs,Dövlət İnvestisiya Proqramı (dövlət əsaslı vəsait qoyuluşu),"mln AZN, cari qiymətlər",2026–2030,2026–2030,False,15,Adverse;Baseline;Reform,microlib.engines.fr1.inputs(),mikro §15.5.2
fr1:exo:tfp_boost,micro:FR1:inputs,Əlavə TFP artımı (təchizat sektorları),%/il,2026–2030,2026–2030,False,15,Adverse;Baseline;Reform,microlib.engines.fr1.inputs(),mikro §15.5.2
fr1:exp_cap_n,micro:FR1,Əsaslı xərclər,"mln AZN, cari qiymətlər",2010–2030,2026–2030,False,31,ACTUAL;Adverse;Baseline;Reform,FR1_forecast_tidy.csv,mikro §15.5.2
fr1:exp_pubinv_n,micro:FR1,Dövlət İnvestisiya Proqramı (dövlət əsaslı vəsait qoyuluşu),"mln AZN, cari qiymətlər",2010–2030,2026–2030,False,29,ACTUAL;Adverse;Baseline;Reform,FR1_forecast_tidy.csv,mikro §15.5.2
fr1:exp_tot_n,micro:FR1,Büdcə xərcləri,"mln AZN, cari qiymətlər",2010–2030,2026–2030,False,31,ACTUAL;Adverse;Baseline;Reform,FR1_forecast_tidy.csv,mikro §15.5.2
fr1:gap,micro:FR1,İstehsal boşluğu (təsviri),%,2000–2030,2026–2030,False,41,ACTUAL;Adverse;Baseline;Reform,FR1_forecast_tidy.csv,mikro §15.5.2
fr1:gas_exp_price,micro:FR1,Qazın ixrac qiyməti,ABŞ dolları / min m³,2006–2030,2026–2030,False,35,ACTUAL;Adverse;Baseline;Reform,FR1_forecast_tidy.csv,mikro §15.5.2
fr1:gdp_n,micro:FR1,Nominal ÜDM,"mln AZN, cari qiymətlər",1995–2030,2026–2030,False,46,ACTUAL;Adverse;Baseline;Reform,FR1_forecast_tidy.csv,mikro §15.5.2
fr1:gdpnon_n,micro:FR1,Qeyri-neft ÜDM (nominal),"mln AZN, cari qiymətlər",2000–2030,2026–2030,False,41,ACTUAL;Adverse;Baseline;Reform,FR1_forecast_tidy.csv,mikro §15.5.2
fr1:hhdisp_n,micro:FR1,Ev təsərrüfatlarının sərəncamda qalan gəliri (nominal),"mln AZN, cari qiymətlər",2000–2030,2026–2030,False,41,ACTUAL;Adverse;Baseline;Reform,FR1_forecast_tidy.csv,mikro §15.5.2
fr1:infl,micro:FR1,İnflyasiya (İQİ),%,2000–2030,2026–2030,True,41,ACTUAL;Adverse;Baseline;Reform,FR1_forecast_tidy.csv,mikro §15.5.2
fr1:inv:agr,micro:FR1,"Əsas kapitala investisiyalar (real): Kənd, meşə və balıqçılıq","mln AZN, 2015 qiymətləri",2000–2030,2026–2030,False,41,ACTUAL;Adverse;Baseline;Reform,FR1_forecast_tidy.csv,mikro §15.5.2
fr1:inv:con,micro:FR1,Əsas kapitala investisiyalar (real): Tikinti,"mln AZN, 2015 qiymətləri",2000–2030,2026–2030,False,41,ACTUAL;Adverse;Baseline;Reform,FR1_forecast_tidy.csv,mikro §15.5.2
fr1:inv:elc,micro:FR1,"Əsas kapitala investisiyalar (real): Elektrik enerjisi, qaz","mln AZN, 2015 qiymətləri",2000–2030,2026–2030,False,41,ACTUAL;Adverse;Baseline;Reform,FR1_forecast_tidy.csv,mikro §15.5.2
fr1:inv:ict,micro:FR1,Əsas kapitala investisiyalar (real): İnformasiya və rabitə,"mln AZN, 2015 qiymətləri",2000–2030,2026–2030,False,41,ACTUAL;Adverse;Baseline;Reform,FR1_forecast_tidy.csv,mikro §15.5.2
fr1:inv:man,micro:FR1,Əsas kapitala investisiyalar (real): Emal sənayesi,"mln AZN, 2015 qiymətləri",2000–2030,2026–2030,False,41,ACTUAL;Adverse;Baseline;Reform,FR1_forecast_tidy.csv,mikro §15.5.2
fr1:inv:min,micro:FR1,Əsas kapitala investisiyalar (real): Mədənçıxarma,"mln AZN, 2015 qiymətləri",2000–2030,2026–2030,False,41,ACTUAL;Adverse;Baseline;Reform,FR1_forecast_tidy.csv,mikro §15.5.2
fr1:inv:oth,micro:FR1,Əsas kapitala investisiyalar (real): Sosial və digər xidmətlər,"mln AZN, 2015 qiymətləri",2000–2030,2026–2030,False,41,ACTUAL;Adverse;Baseline;Reform,FR1_forecast_tidy.csv,mikro §15.5.2
fr1:inv:tou,micro:FR1,Əsas kapitala investisiyalar (real): Turizm və ictimai iaşə,"mln AZN, 2015 qiymətləri",2000–2030,2026–2030,False,41,ACTUAL;Adverse;Baseline;Reform,FR1_forecast_tidy.csv,mikro §15.5.2
fr1:inv:tra,micro:FR1,Əsas kapitala investisiyalar (real): Nəqliyyat və anbar,"mln AZN, 2015 qiymətləri",2000–2030,2026–2030,False,41,ACTUAL;Adverse;Baseline;Reform,FR1_forecast_tidy.csv,mikro §15.5.2
fr1:inv:trd,micro:FR1,Əsas kapitala investisiyalar (real): Ticarət; nəqliyyat vasitələrinin təmiri,"mln AZN, 2015 qiymətləri",2000–2030,2026–2030,False,41,ACTUAL;Adverse;Baseline;Reform,FR1_forecast_tidy.csv,mikro §15.5.2
fr1:inv:wat,micro:FR1,"Əsas kapitala investisiyalar (real): Su təchizatı, tullantılar","mln AZN, 2015 qiymətləri",2000–2030,2026–2030,False,41,ACTUAL;Adverse;Baseline;Reform,FR1_forecast_tidy.csv,mikro §15.5.2
fr1:lendrate,micro:FR1,Kreditlər üzrə orta faiz dərəcəsi,%,1999–2030,2026–2030,False,42,ACTUAL;Adverse;Baseline;Reform,FR1_forecast_tidy.csv,mikro §15.5.2
fr1:lf,micro:FR1,İqtisadi fəal əhali,min nəfər,1995–2030,2026–2030,False,46,ACTUAL;Adverse;Baseline;Reform,FR1_forecast_tidy.csv,mikro §15.5.2
fr1:nobd_pct,micro:FR1,"Qeyri-neft büdcə balansı, qeyri-neft ÜDM-ə nisbətən",%,2010–2030,2026–2030,False,31,ACTUAL;Adverse;Baseline;Reform,FR1_forecast_tidy.csv,mikro §15.5.2
fr1:nom_cater,micro:FR1,İctimai iaşə (nominal),"mln AZN, cari qiymətlər",1990–2030,2026–2030,False,51,ACTUAL;Adverse;Baseline;Reform,FR1_forecast_tidy.csv,mikro §15.5.2
fr1:nom_retail,micro:FR1,Pərakəndə ticarət (nominal),"mln AZN, cari qiymətlər",1990–2030,2026–2030,False,51,ACTUAL;Adverse;Baseline;Reform,FR1_forecast_tidy.csv,mikro §15.5.2
fr1:nom_serv_hh,micro:FR1,Ödənişli xidmətlər (nominal),"mln AZN, cari qiymətlər",1990–2030,2026–2030,False,51,ACTUAL;Adverse;Baseline;Reform,FR1_forecast_tidy.csv,mikro §15.5.2
fr1:oil_exp_price,micro:FR1,Neftin ixrac qiyməti,ABŞ dolları/barel,1997–2030,2026–2030,False,44,ACTUAL;Adverse;Baseline;Reform,FR1_forecast_tidy.csv,mikro §15.5.2
fr1:p_agr,micro:FR1,"Deflyator: Kənd, meşə və balıqçılıq",2015 = 1,2000–2030,2026–2030,False,41,ACTUAL;Adverse;Baseline;Reform,FR1_forecast_tidy.csv,mikro §15.5.2
fr1:p_cater,micro:FR1,Deflyator: İctimai iaşə,2015 = 1,1990–2030,2026–2030,False,51,ACTUAL;Adverse;Baseline;Reform,FR1_forecast_tidy.csv,mikro §15.5.2
fr1:p_con,micro:FR1,Deflyator: Tikinti,2015 = 1,2000–2030,2026–2030,False,41,ACTUAL;Adverse;Baseline;Reform,FR1_forecast_tidy.csv,mikro §15.5.2
fr1:p_cons,micro:FR1,İstehlak deflyatoru,2015 = 1,1990–2030,2026–2030,False,51,ACTUAL;Adverse;Baseline;Reform,FR1_forecast_tidy.csv,mikro §15.5.2
fr1:p_elc,micro:FR1,"Deflyator: Elektrik enerjisi, qaz",2015 = 1,2005–2030,2026–2030,False,36,ACTUAL;Adverse;Baseline;Reform,FR1_forecast_tidy.csv,mikro §15.5.2
fr1:p_gdp,micro:FR1,ÜDM deflyatoru,2015 = 1,1995–2030,2026–2030,False,46,ACTUAL;Adverse;Baseline;Reform,FR1_forecast_tidy.csv,mikro §15.5.2
fr1:p_ict,micro:FR1,Deflyator: İnformasiya və rabitə,2015 = 1,2000–2030,2026–2030,False,41,ACTUAL;Adverse;Baseline;Reform,FR1_forecast_tidy.csv,mikro §15.5.2
fr1:p_inv,micro:FR1,İnvestisiya deflyatoru,2015 = 1,2000–2030,2026–2030,False,41,ACTUAL;Adverse;Baseline;Reform,FR1_forecast_tidy.csv,mikro §15.5.2
fr1:p_man,micro:FR1,Deflyator: Emal sənayesi,2015 = 1,2005–2030,2026–2030,False,36,ACTUAL;Adverse;Baseline;Reform,FR1_forecast_tidy.csv,mikro §15.5.2
fr1:p_min,micro:FR1,Deflyator: Mədənçıxarma,2015 = 1,2005–2030,2026–2030,False,36,ACTUAL;Adverse;Baseline;Reform,FR1_forecast_tidy.csv,mikro §15.5.2
fr1:p_nettax,micro:FR1,Deflyator: Məhsula xalis vergilər,2015 = 1,2000–2030,2026–2030,False,41,ACTUAL;Adverse;Baseline;Reform,FR1_forecast_tidy.csv,mikro §15.5.2
fr1:p_oth,micro:FR1,Deflyator: Sosial və digər xidmətlər,2015 = 1,2000–2030,2026–2030,False,41,ACTUAL;Adverse;Baseline;Reform,FR1_forecast_tidy.csv,mikro §15.5.2
fr1:p_retail,micro:FR1,Deflyator: Pərakəndə ticarət,2015 = 1,1990–2030,2026–2030,False,51,ACTUAL;Adverse;Baseline;Reform,FR1_forecast_tidy.csv,mikro §15.5.2
fr1:p_serv_hh,micro:FR1,Deflyator: Ödənişli xidmətlər,2015 = 1,1990–2030,2026–2030,False,51,ACTUAL;Adverse;Baseline;Reform,FR1_forecast_tidy.csv,mikro §15.5.2
fr1:p_tou,micro:FR1,Deflyator: Turizm və ictimai iaşə,2015 = 1,2000–2030,2026–2030,False,41,ACTUAL;Adverse;Baseline;Reform,FR1_forecast_tidy.csv,mikro §15.5.2
fr1:p_tra,micro:FR1,Deflyator: Nəqliyyat və anbar,2015 = 1,2000–2030,2026–2030,False,41,ACTUAL;Adverse;Baseline;Reform,FR1_forecast_tidy.csv,mikro §15.5.2
fr1:p_trd,micro:FR1,Deflyator: Ticarət; nəqliyyat vasitələrinin təmiri,2015 = 1,2000–2030,2026–2030,False,41,ACTUAL;Adverse;Baseline;Reform,FR1_forecast_tidy.csv,mikro §15.5.2
fr1:p_wat,micro:FR1,"Deflyator: Su təchizatı, tullantılar",2015 = 1,2009–2030,2026–2030,False,32,ACTUAL;Adverse;Baseline;Reform,FR1_forecast_tidy.csv,mikro §15.5.2
fr1:pension,micro:FR1,Orta aylıq pensiya,AZN/ay,1995–2030,2026–2030,False,46,ACTUAL;Adverse;Baseline;Reform,FR1_forecast_tidy.csv,mikro §15.5.2
fr1:pop,micro:FR1,Əhali,min nəfər,1995–2030,2026–2030,False,46,ACTUAL;Adverse;Baseline;Reform,FR1_forecast_tidy.csv,mikro §15.5.2
fr1:rcater,micro:FR1,İctimai iaşə dövriyyəsi (real),"mln AZN, 2015 qiymətləri",1990–2030,2026–2030,False,51,ACTUAL;Adverse;Baseline;Reform,FR1_forecast_tidy.csv,mikro §15.5.2
fr1:rcons,micro:FR1,Real istehlak (istehlak bazarı),"mln AZN, 2015 qiymətləri",1990–2030,2026–2030,True,51,ACTUAL;Adverse;Baseline;Reform,FR1_forecast_tidy.csv,mikro §15.5.2
fr1:rcred_hh,micro:FR1,Ev təsərrüfatlarına kreditlər (real),"mln AZN, 2015 qiymətləri",2006–2030,2026–2030,False,35,ACTUAL;Adverse;Baseline;Reform,FR1_forecast_tidy.csv,mikro §15.5.2
fr1:rcred_tot,micro:FR1,Kreditlər (real),"mln AZN, 2015 qiymətləri",2006–2030,2026–2030,True,35,ACTUAL;Adverse;Baseline;Reform,FR1_forecast_tidy.csv,mikro §15.5.2
fr1:rdep_tot,micro:FR1,Depozitlər (real),"mln AZN, 2015 qiymətləri",2006–2030,2026–2030,False,35,ACTUAL;Adverse;Baseline;Reform,FR1_forecast_tidy.csv,mikro §15.5.2
fr1:realrate,micro:FR1,Real kredit faizi (ex post),%,2000–2030,2026–2030,False,41,ACTUAL;Adverse;Baseline;Reform,FR1_forecast_tidy.csv,mikro §15.5.2
fr1:rev_oil_n,micro:FR1,Neft-qaz büdcə gəlirləri,"mln AZN, cari qiymətlər",2010–2030,2026–2030,False,31,ACTUAL;Adverse;Baseline;Reform,FR1_forecast_tidy.csv,mikro §15.5.2
fr1:rev_tot_n,micro:FR1,Büdcə gəlirləri,"mln AZN, cari qiymətlər",2010–2030,2026–2030,True,31,ACTUAL;Adverse;Baseline;Reform,FR1_forecast_tidy.csv,mikro §15.5.2
fr1:rexp_cur,micro:FR1,Cari xərclər (real),"mln AZN, 2015 qiymətləri",2010–2030,2026–2030,True,31,ACTUAL;Adverse;Baseline;Reform,FR1_forecast_tidy.csv,mikro §15.5.2
fr1:rexp_soc,micro:FR1,Sosial xərclər (real),"mln AZN, 2015 qiymətləri",2019–2030,2026–2030,False,22,ACTUAL;Adverse;Baseline;Reform,FR1_forecast_tidy.csv,mikro §15.5.2
fr1:rgdp,micro:FR1,Real ÜDM,"mln AZN, 2015 qiymətləri",1995–2030,2026–2030,True,46,ACTUAL;Adverse;Baseline;Reform,FR1_forecast_tidy.csv,mikro §15.5.2
fr1:rgdpnon,micro:FR1,Real qeyri-neft ÜDM,"mln AZN, 2015 qiymətləri",2000–2030,2026–2030,True,41,ACTUAL;Adverse;Baseline;Reform,FR1_forecast_tidy.csv,mikro §15.5.2
fr1:rgdpoil,micro:FR1,Real neft-qaz ÜDM,"mln AZN, 2015 qiymətləri",2000–2030,2026–2030,False,41,ACTUAL;Adverse;Baseline;Reform,FR1_forecast_tidy.csv,mikro §15.5.2
fr1:rhhdisp,micro:FR1,Ev təsərrüfatlarının real sərəncamda qalan gəliri,"mln AZN, 2015 qiymətləri",2000–2030,2026–2030,True,41,ACTUAL;Adverse;Baseline;Reform,FR1_forecast_tidy.csv,mikro §15.5.2
fr1:rinv_non,micro:FR1,Qeyri-neft investisiyaları (real),"mln AZN, 2015 qiymətləri",2005–2030,2026–2030,True,36,ACTUAL;Adverse;Baseline;Reform,FR1_forecast_tidy.csv,mikro §15.5.2
fr1:rinv_priv,micro:FR1,Qeyri-dövlət investisiyaları (real),"mln AZN, 2015 qiymətləri",2000–2030,2026–2030,False,41,ACTUAL;Adverse;Baseline;Reform,FR1_forecast_tidy.csv,mikro §15.5.2
fr1:rinv_state,micro:FR1,Dövlət investisiyaları (real),"mln AZN, 2015 qiymətləri",2000–2030,2026–2030,False,41,ACTUAL;Adverse;Baseline;Reform,FR1_forecast_tidy.csv,mikro §15.5.2
fr1:rinv_tot,micro:FR1,Əsas kapitala investisiyalar (real),"mln AZN, 2015 qiymətləri",2000–2030,2026–2030,False,41,ACTUAL;Adverse;Baseline;Reform,FR1_forecast_tidy.csv,mikro §15.5.2
fr1:rm_non,micro:FR1,Qeyri-neft mal idxalı (real),"mln AZN, 2015 qiymətləri",2010–2030,2026–2030,False,31,ACTUAL;Adverse;Baseline;Reform,FR1_forecast_tidy.csv,mikro §15.5.2
fr1:rretail,micro:FR1,Pərakəndə ticarət dövriyyəsi (real),"mln AZN, 2015 qiymətləri",1990–2030,2026–2030,False,51,ACTUAL;Adverse;Baseline;Reform,FR1_forecast_tidy.csv,mikro §15.5.2
fr1:rrev_nonoil,micro:FR1,Qeyri-neft büdcə gəlirləri (real),"mln AZN, 2015 qiymətləri",2010–2030,2026–2030,False,31,ACTUAL;Adverse;Baseline;Reform,FR1_forecast_tidy.csv,mikro §15.5.2
fr1:rserv_hh,micro:FR1,Əhaliyə ödənişli xidmətlər (real),"mln AZN, 2015 qiymətləri",1990–2030,2026–2030,False,51,ACTUAL;Adverse;Baseline;Reform,FR1_forecast_tidy.csv,mikro §15.5.2
fr1:rva_agr,micro:FR1,"Real əlavə dəyər: Kənd, meşə və balıqçılıq","mln AZN, 2015 qiymətləri",2000–2030,2026–2030,False,41,ACTUAL;Adverse;Baseline;Reform,FR1_forecast_tidy.csv,mikro §15.5.2
fr1:rva_con,micro:FR1,Real əlavə dəyər: Tikinti,"mln AZN, 2015 qiymətləri",2000–2030,2026–2030,True,41,ACTUAL;Adverse;Baseline;Reform,FR1_forecast_tidy.csv,mikro §15.5.2
fr1:rva_elc,micro:FR1,"Real əlavə dəyər: Elektrik enerjisi, qaz","mln AZN, 2015 qiymətləri",2005–2030,2026–2030,False,36,ACTUAL;Adverse;Baseline;Reform,FR1_forecast_tidy.csv,mikro §15.5.2
fr1:rva_ict,micro:FR1,Real əlavə dəyər: İnformasiya və rabitə,"mln AZN, 2015 qiymətləri",2000–2030,2026–2030,False,41,ACTUAL;Adverse;Baseline;Reform,FR1_forecast_tidy.csv,mikro §15.5.2
fr1:rva_man,micro:FR1,Real əlavə dəyər: Emal sənayesi,"mln AZN, 2015 qiymətləri",2005–2030,2026–2030,True,36,ACTUAL;Adverse;Baseline;Reform,FR1_forecast_tidy.csv,mikro §15.5.2
fr1:rva_min,micro:FR1,Real əlavə dəyər: Mədənçıxarma,"mln AZN, 2015 qiymətləri",2005–2030,2026–2030,False,36,ACTUAL;Adverse;Baseline;Reform,FR1_forecast_tidy.csv,mikro §15.5.2
fr1:rva_nettax,micro:FR1,Real əlavə dəyər: Məhsula xalis vergilər,"mln AZN, 2015 qiymətləri",2000–2030,2026–2030,False,41,ACTUAL;Adverse;Baseline;Reform,FR1_forecast_tidy.csv,mikro §15.5.2
fr1:rva_oth,micro:FR1,Real əlavə dəyər: Sosial və digər xidmətlər,"mln AZN, 2015 qiymətləri",2000–2030,2026–2030,False,41,ACTUAL;Adverse;Baseline;Reform,FR1_forecast_tidy.csv,mikro §15.5.2
fr1:rva_tou,micro:FR1,Real əlavə dəyər: Turizm və ictimai iaşə,"mln AZN, 2015 qiymətləri",2000–2030,2026–2030,False,41,ACTUAL;Adverse;Baseline;Reform,FR1_forecast_tidy.csv,mikro §15.5.2
fr1:rva_tra,micro:FR1,Real əlavə dəyər: Nəqliyyat və anbar,"mln AZN, 2015 qiymətləri",2000–2030,2026–2030,False,41,ACTUAL;Adverse;Baseline;Reform,FR1_forecast_tidy.csv,mikro §15.5.2
fr1:rva_trd,micro:FR1,Real əlavə dəyər: Ticarət; nəqliyyat vasitələrinin təmiri,"mln AZN, 2015 qiymətləri",2000–2030,2026–2030,False,41,ACTUAL;Adverse;Baseline;Reform,FR1_forecast_tidy.csv,mikro §15.5.2
fr1:rva_wat,micro:FR1,"Real əlavə dəyər: Su təchizatı, tullantılar","mln AZN, 2015 qiymətləri",2009–2030,2026–2030,False,32,ACTUAL;Adverse;Baseline;Reform,FR1_forecast_tidy.csv,mikro §15.5.2
fr1:rwage,micro:FR1,Real orta əmək haqqı,"AZN/ay, 2015 qiymətləri",2000–2030,2026–2030,False,41,ACTUAL;Adverse;Baseline;Reform,FR1_forecast_tidy.csv,mikro §15.5.2
fr1:rx_non,micro:FR1,Qeyri-neft mal ixracı (real),"mln AZN, 2015 qiymətləri",2010–2030,2026–2030,False,31,ACTUAL;Adverse;Baseline;Reform,FR1_forecast_tidy.csv,mikro §15.5.2
fr1:share_cater,micro:FR1,İctimai iaşə: istehlak bazarında pay,pay (0–1),1990–2030,2026–2030,False,51,ACTUAL;Adverse;Baseline;Reform,FR1_forecast_tidy.csv,mikro §15.5.2
fr1:share_retail,micro:FR1,Pərakəndə ticarət: istehlak bazarında pay,pay (0–1),1990–2030,2026–2030,False,51,ACTUAL;Adverse;Baseline;Reform,FR1_forecast_tidy.csv,mikro §15.5.2
fr1:share_serv_hh,micro:FR1,Ödənişli xidmətlər: istehlak bazarında pay,pay (0–1),1990–2030,2026–2030,False,51,ACTUAL;Adverse;Baseline;Reform,FR1_forecast_tidy.csv,mikro §15.5.2
fr1:unemp,micro:FR1,İşsizlik səviyyəsi,%,2010–2030,2026–2030,True,31,ACTUAL;Adverse;Baseline;Reform,FR1_forecast_tidy.csv,mikro §15.5.2
fr1:wage,micro:FR1,Orta aylıq nominal əmək haqqı,AZN/ay,1995–2030,2026–2030,True,46,ACTUAL;Adverse;Baseline;Reform,FR1_forecast_tidy.csv,mikro §15.5.2
fr1:x_g_oil_usd,micro:FR1,Neft-qaz ixracı,mln ABŞ dolları,2010–2030,2026–2030,False,31,ACTUAL;Adverse;Baseline;Reform,FR1_forecast_tidy.csv,mikro §15.5.2
fr1:xsh_oil,micro:FR1,Neftin karbohidrogen ixracında payı (dəyərlə),pay (0–1),2006–2030,2026–2030,False,35,ACTUAL;Adverse;Baseline;Reform,FR1_forecast_tidy.csv,mikro §15.5.2
fr3:agg_gap_pct,micro:FR3,"İnstitusional eynilik qalığı, %",%,2026–2030,2026–2030,False,15,Adverse;Baseline;Reform,FR3_forecast_tidy.csv,mikro §15.5.2
fr3:balance_factor,micro:FR3,Balans əmsalı (özəl),log / nisbət,2026–2030,2026–2030,False,15,Adverse;Baseline;Reform,FR3_forecast_tidy.csv,mikro §15.5.2
fr3:brw:n06,micro:FR3,Xam neft və təbii qaz hasilatı,AZN/ay,2016–2030,2026–2030,False,25,ACTUAL;Adverse;Baseline;Reform,FR3_forecast_tidy.csv,mikro §15.5.2
fr3:brw:n07,micro:FR3,Metal filizlərinin hasilatı,AZN/ay,2016–2030,2026–2030,False,25,ACTUAL;Adverse;Baseline;Reform,FR3_forecast_tidy.csv,mikro §15.5.2
fr3:brw:n08,micro:FR3,Mədənçıxarma sənayesinin digər sahələri,AZN/ay,2016–2030,2026–2030,False,25,ACTUAL;Adverse;Baseline;Reform,FR3_forecast_tidy.csv,mikro §15.5.2
fr3:brw:n10,micro:FR3,Qida məhsullarının istehsalı,AZN/ay,2016–2030,2026–2030,False,25,ACTUAL;Adverse;Baseline;Reform,FR3_forecast_tidy.csv,mikro §15.5.2
fr3:brw:n11,micro:FR3,İçki istehsalı,AZN/ay,2016–2030,2026–2030,False,25,ACTUAL;Adverse;Baseline;Reform,FR3_forecast_tidy.csv,mikro §15.5.2
fr3:brw:n12,micro:FR3,Tütün məmulatlarının istehsalı,AZN/ay,2016–2030,2026–2030,False,25,ACTUAL;Adverse;Baseline;Reform,FR3_forecast_tidy.csv,mikro §15.5.2
fr3:brw:n13,micro:FR3,Toxuculuq sənayesi,AZN/ay,2016–2030,2026–2030,False,25,ACTUAL;Adverse;Baseline;Reform,FR3_forecast_tidy.csv,mikro §15.5.2
fr3:brw:n14,micro:FR3,Geyim istehsalı,AZN/ay,2016–2030,2026–2030,False,25,ACTUAL;Adverse;Baseline;Reform,FR3_forecast_tidy.csv,mikro §15.5.2
fr3:brw:n15,micro:FR3,"Dəri və dəridən məmulatların,ayaqqabıların istehsalı",AZN/ay,2016–2030,2026–2030,False,25,ACTUAL;Adverse;Baseline;Reform,FR3_forecast_tidy.csv,mikro §15.5.2
fr3:brw:n16,micro:FR3,Mebeldən başqa ağacın emalı və ağacdan məmulatların istehsalı,AZN/ay,2016–2030,2026–2030,False,25,ACTUAL;Adverse;Baseline;Reform,FR3_forecast_tidy.csv,mikro §15.5.2
fr3:brw:n17,micro:FR3,Kağız və karton istehsalı,AZN/ay,2016–2030,2026–2030,False,25,ACTUAL;Adverse;Baseline;Reform,FR3_forecast_tidy.csv,mikro §15.5.2
fr3:brw:n18,micro:FR3,Poliqrafiya məhsullarının istehsalı,AZN/ay,2016–2030,2026–2030,False,25,ACTUAL;Adverse;Baseline;Reform,FR3_forecast_tidy.csv,mikro §15.5.2
fr3:brw:n19,micro:FR3,Neft məhsullarının istehsalı,AZN/ay,2016–2030,2026–2030,False,25,ACTUAL;Adverse;Baseline;Reform,FR3_forecast_tidy.csv,mikro §15.5.2
fr3:brw:n20,micro:FR3,Kimya sənayesi,AZN/ay,2016–2030,2026–2030,False,25,ACTUAL;Adverse;Baseline;Reform,FR3_forecast_tidy.csv,mikro §15.5.2
fr3:brw:n21,micro:FR3,Əczaçılıq məhsullarının istehsalı,AZN/ay,2016–2030,2026–2030,False,25,ACTUAL;Adverse;Baseline;Reform,FR3_forecast_tidy.csv,mikro §15.5.2
fr3:brw:n22,micro:FR3,Rezin və plastik kütlə məmulatlarının istehsalı,AZN/ay,2016–2030,2026–2030,False,25,ACTUAL;Adverse;Baseline;Reform,FR3_forecast_tidy.csv,mikro §15.5.2
fr3:brw:n23,micro:FR3,Tikinti materiallarının istehsalı,AZN/ay,2016–2030,2026–2030,False,25,ACTUAL;Adverse;Baseline;Reform,FR3_forecast_tidy.csv,mikro §15.5.2
fr3:brw:n24,micro:FR3,Metallurgiya sənayesi,AZN/ay,2016–2030,2026–2030,False,25,ACTUAL;Adverse;Baseline;Reform,FR3_forecast_tidy.csv,mikro §15.5.2
fr3:brw:n25,micro:FR3,Hazır metal məmulatların istehsalı,AZN/ay,2016–2030,2026–2030,False,25,ACTUAL;Adverse;Baseline;Reform,FR3_forecast_tidy.csv,mikro §15.5.2
fr3:brw:n26,micro:FR3,"Komputer, elektron və optik məhsulların istehsalı",AZN/ay,2016–2030,2026–2030,False,25,ACTUAL;Adverse;Baseline;Reform,FR3_forecast_tidy.csv,mikro §15.5.2
fr3:brw:n27,micro:FR3,Elektrik avadanlıqlarının istehsalı,AZN/ay,2016–2030,2026–2030,False,25,ACTUAL;Adverse;Baseline;Reform,FR3_forecast_tidy.csv,mikro §15.5.2
fr3:brw:n28,micro:FR3,Maşın və avadanlıqların istehsalı,AZN/ay,2016–2030,2026–2030,False,25,ACTUAL;Adverse;Baseline;Reform,FR3_forecast_tidy.csv,mikro §15.5.2
fr3:brw:n29,micro:FR3,"Avtomobil, qoşqu və yarımqoşquların istehsalı",AZN/ay,2016–2030,2026–2030,False,25,ACTUAL;Adverse;Baseline;Reform,FR3_forecast_tidy.csv,mikro §15.5.2
fr3:brw:n30,micro:FR3,Sair nəqliyyat vasitələrinin istehsalı,AZN/ay,2016–2030,2026–2030,False,25,ACTUAL;Adverse;Baseline;Reform,FR3_forecast_tidy.csv,mikro §15.5.2
fr3:brw:n31,micro:FR3,Mebellərin istehsalı,AZN/ay,2016–2030,2026–2030,False,25,ACTUAL;Adverse;Baseline;Reform,FR3_forecast_tidy.csv,mikro §15.5.2
fr3:brw:n32,micro:FR3,"Zərgərlik məmulatları, musiqi alətləri,idman mallarının və tibb avadanlıqlarının istehsalı",AZN/ay,2016–2030,2026–2030,False,25,ACTUAL;Adverse;Baseline;Reform,FR3_forecast_tidy.csv,mikro §15.5.2
fr3:brw:n33,micro:FR3,Maşın və avadanlıqların quraşdırılması və təmiri,AZN/ay,2016–2030,2026–2030,False,25,ACTUAL;Adverse;Baseline;Reform,FR3_forecast_tidy.csv,mikro §15.5.2
fr3:brw:n35,micro:FR3,"Elektrik enerjisi, qaz və buxar istehsalı, bölüşdürülməsi və təchizatı",AZN/ay,2016–2030,2026–2030,False,25,ACTUAL;Adverse;Baseline;Reform,FR3_forecast_tidy.csv,mikro §15.5.2
fr3:brw:n36_39,micro:FR3,"Su təchizatı, tullantıların təmizlənməsi və emalı",AZN/ay,2016–2030,2026–2030,False,25,ACTUAL;Adverse;Baseline;Reform,FR3_forecast_tidy.csv,mikro §15.5.2
fr3:cpi,micro:FR3,İstehlak qiymətləri indeksi (FR1-dən),2015 = 100,2000–2030,2026–2030,False,41,ACTUAL;Adverse;Baseline;Reform,FR3_forecast_tidy.csv,mikro §15.5.2
fr3:emp:agr,micro:FR3,Kənd təsərrüfatı: muzdlu işçilər,min nəfər,2021–2030,2026–2030,False,20,ACTUAL;Adverse;Baseline;Reform,FR3_forecast_tidy.csv,mikro §15.5.2
fr3:emp:con,micro:FR3,Tikinti: muzdlu işçilər,min nəfər,2021–2030,2026–2030,False,20,ACTUAL;Adverse;Baseline;Reform,FR3_forecast_tidy.csv,mikro §15.5.2
fr3:emp:ict,micro:FR3,İnformasiya və rabitə: muzdlu işçilər,min nəfər,2021–2030,2026–2030,False,20,ACTUAL;Adverse;Baseline;Reform,FR3_forecast_tidy.csv,mikro §15.5.2
fr3:emp:ind,micro:FR3,Sənaye: muzdlu işçilər,min nəfər,2021–2030,2026–2030,False,20,ACTUAL;Adverse;Baseline;Reform,FR3_forecast_tidy.csv,mikro §15.5.2
fr3:emp:oth,micro:FR3,Sosial və digər xidmətlər: muzdlu işçilər,min nəfər,2021–2030,2026–2030,False,20,ACTUAL;Adverse;Baseline;Reform,FR3_forecast_tidy.csv,mikro §15.5.2
fr3:emp:tou,micro:FR3,Turizm və ictimai iaşə: muzdlu işçilər,min nəfər,2021–2030,2026–2030,False,20,ACTUAL;Adverse;Baseline;Reform,FR3_forecast_tidy.csv,mikro §15.5.2
fr3:emp:tra,micro:FR3,Nəqliyyat və anbar təsərrüfatı: muzdlu işçilər,min nəfər,2021–2030,2026–2030,False,20,ACTUAL;Adverse;Baseline;Reform,FR3_forecast_tidy.csv,mikro §15.5.2
fr3:emp:trd,micro:FR3,Ticarət: muzdlu işçilər,min nəfər,2021–2030,2026–2030,False,20,ACTUAL;Adverse;Baseline;Reform,FR3_forecast_tidy.csv,mikro §15.5.2
fr3:empsh:agr,micro:FR3,Kənd təsərrüfatı: muzdlu məşğulluqda pay,%,2021–2030,2026–2030,False,20,ACTUAL;Adverse;Baseline;Reform,FR3_forecast_tidy.csv,mikro §15.5.2
fr3:empsh:con,micro:FR3,Tikinti: muzdlu məşğulluqda pay,%,2021–2030,2026–2030,False,20,ACTUAL;Adverse;Baseline;Reform,FR3_forecast_tidy.csv,mikro §15.5.2
fr3:empsh:ict,micro:FR3,İnformasiya və rabitə: muzdlu məşğulluqda pay,%,2021–2030,2026–2030,False,20,ACTUAL;Adverse;Baseline;Reform,FR3_forecast_tidy.csv,mikro §15.5.2
fr3:empsh:ind,micro:FR3,Sənaye: muzdlu məşğulluqda pay,%,2021–2030,2026–2030,False,20,ACTUAL;Adverse;Baseline;Reform,FR3_forecast_tidy.csv,mikro §15.5.2
fr3:empsh:oth,micro:FR3,Sosial və digər xidmətlər: muzdlu məşğulluqda pay,%,2021–2030,2026–2030,False,20,ACTUAL;Adverse;Baseline;Reform,FR3_forecast_tidy.csv,mikro §15.5.2
fr3:empsh:tou,micro:FR3,Turizm və ictimai iaşə: muzdlu məşğulluqda pay,%,2021–2030,2026–2030,False,20,ACTUAL;Adverse;Baseline;Reform,FR3_forecast_tidy.csv,mikro §15.5.2
fr3:empsh:tra,micro:FR3,Nəqliyyat və anbar təsərrüfatı: muzdlu məşğulluqda pay,%,2021–2030,2026–2030,False,20,ACTUAL;Adverse;Baseline;Reform,FR3_forecast_tidy.csv,mikro §15.5.2
fr3:empsh:trd,micro:FR3,Ticarət: muzdlu məşğulluqda pay,%,2021–2030,2026–2030,False,20,ACTUAL;Adverse;Baseline;Reform,FR3_forecast_tidy.csv,mikro §15.5.2
fr3:factor_w_avg,micro:FR3,Uzlaşdırma əmsalı: orta (E1-ə nisbət),log / nisbət,2026–2030,2026–2030,False,15,Adverse;Baseline;Reform,FR3_forecast_tidy.csv,mikro §15.5.2
fr3:factor_w_non,micro:FR3,Uzlaşdırma əmsalı: qeyri-neft,log / nisbət,2026–2030,2026–2030,False,15,Adverse;Baseline;Reform,FR3_forecast_tidy.csv,mikro §15.5.2
fr3:factor_w_priv,micro:FR3,Uzlaşdırma əmsalı: özəl,log / nisbət,2026–2030,2026–2030,False,15,Adverse;Baseline;Reform,FR3_forecast_tidy.csv,mikro §15.5.2
fr3:factor_w_state,micro:FR3,Uzlaşdırma əmsalı: dövlət,log / nisbət,2026–2030,2026–2030,False,15,Adverse;Baseline;Reform,FR3_forecast_tidy.csv,mikro §15.5.2
fr3:hired,micro:FR3,"Muzdlu işçilərin sayı (FR1 məşğulluğu ilə, 2025 payı sabit)",min nəfər,2000–2030,2026–2030,False,41,ACTUAL;Adverse;Baseline;Reform,FR3_forecast_tidy.csv,mikro §15.5.2
fr3:kaitz,micro:FR3,Kaitz indeksi (minimum / orta əmək haqqı),nisbət,2000–2030,2026–2030,False,41,ACTUAL;Adverse;Baseline;Reform,FR3_forecast_tidy.csv,mikro §15.5.2
fr3:minwage,micro:FR3,Minimum aylıq əmək haqqı (ssenari rıçağı),AZN/ay,2000–2030,2026–2030,False,41,ACTUAL;Adverse;Baseline;Reform,FR3_forecast_tidy.csv,mikro §15.5.2
fr3:nowcast_incr_w_avg,micro:FR3,Nowcast artımı: orta (log),log / nisbət,2026–2030,2026–2030,False,15,Adverse;Baseline;Reform,FR3_forecast_tidy.csv,mikro §15.5.2
fr3:nowcast_incr_w_non,micro:FR3,Nowcast artımı: qeyri-neft (log),log / nisbət,2026–2030,2026–2030,False,15,Adverse;Baseline;Reform,FR3_forecast_tidy.csv,mikro §15.5.2
fr3:nowcast_incr_w_priv,micro:FR3,Nowcast artımı: özəl (log),log / nisbət,2026–2030,2026–2030,False,15,Adverse;Baseline;Reform,FR3_forecast_tidy.csv,mikro §15.5.2
fr3:nowcast_incr_w_state,micro:FR3,Nowcast artımı: dövlət (log),log / nisbət,2026–2030,2026–2030,False,15,Adverse;Baseline;Reform,FR3_forecast_tidy.csv,mikro §15.5.2
fr3:oil_split_gap_pct,micro:FR3,"Neft/qeyri-neft eyniliyi qalığı, %",%,2026–2030,2026–2030,False,15,Adverse;Baseline;Reform,FR3_forecast_tidy.csv,mikro §15.5.2
fr3:prem_oil,micro:FR3,Neft / qeyri-neft əmək haqqı mükafatı (ssenari rıçağı),dəfə,2005–2030,2026–2030,False,36,ACTUAL;Adverse;Baseline;Reform,FR3_forecast_tidy.csv,mikro §15.5.2
fr3:prem_sp,micro:FR3,Dövlət / özəl əmək haqqı nisbəti,nisbət,2005–2030,2026–2030,False,36,ACTUAL;Adverse;Baseline;Reform,FR3_forecast_tidy.csv,mikro §15.5.2
fr3:rw_avg,micro:FR3,"Orta aylıq əmək haqqı, real (2015 qiymətləri)","AZN/ay, 2015 qiymətləri",2000–2030,2026–2030,True,41,ACTUAL;Adverse;Baseline;Reform,FR3_forecast_tidy.csv,mikro §15.5.2
fr3:rw_avg_g,micro:FR3,Orta aylıq əmək haqqı: real artım,%,2001–2030,2026–2030,True,40,ACTUAL;Adverse;Baseline;Reform,FR3_forecast_tidy.csv,mikro §15.5.2
fr3:rw_non,micro:FR3,"Qeyri-neft sektorunda əmək haqqı, real (2015 qiymətləri)","AZN/ay, 2015 qiymətləri",2005–2030,2026–2030,False,36,ACTUAL;Adverse;Baseline;Reform,FR3_forecast_tidy.csv,mikro §15.5.2
fr3:rw_non_g,micro:FR3,Qeyri-neft sektorunda əmək haqqı: real artım,%,2006–2030,2026–2030,False,35,ACTUAL;Adverse;Baseline;Reform,FR3_forecast_tidy.csv,mikro §15.5.2
fr3:rw_oil,micro:FR3,"Neft sektorunda əmək haqqı, real (2015 qiymətləri)","AZN/ay, 2015 qiymətləri",2005–2030,2026–2030,False,36,ACTUAL;Adverse;Baseline;Reform,FR3_forecast_tidy.csv,mikro §15.5.2
fr3:rw_oil_g,micro:FR3,Neft sektorunda əmək haqqı: real artım,%,2006–2030,2026–2030,False,35,ACTUAL;Adverse;Baseline;Reform,FR3_forecast_tidy.csv,mikro §15.5.2
fr3:rw_priv,micro:FR3,"Qeyri-dövlət (özəl) sektorda əmək haqqı, real (2015 qiymətləri)","AZN/ay, 2015 qiymətləri",2005–2030,2026–2030,False,36,ACTUAL;Adverse;Baseline;Reform,FR3_forecast_tidy.csv,mikro §15.5.2
fr3:rw_priv_g,micro:FR3,Qeyri-dövlət (özəl) sektorda əmək haqqı: real artım,%,2006–2030,2026–2030,False,35,ACTUAL;Adverse;Baseline;Reform,FR3_forecast_tidy.csv,mikro §15.5.2
fr3:rw_state,micro:FR3,"Dövlət sektorunda əmək haqqı, real (2015 qiymətləri)","AZN/ay, 2015 qiymətləri",2005–2030,2026–2030,False,36,ACTUAL;Adverse;Baseline;Reform,FR3_forecast_tidy.csv,mikro §15.5.2
fr3:rw_state_g,micro:FR3,Dövlət sektorunda əmək haqqı: real artım,%,2006–2030,2026–2030,False,35,ACTUAL;Adverse;Baseline;Reform,FR3_forecast_tidy.csv,mikro §15.5.2
fr3:sw:agr,micro:FR3,Kənd təsərrüfatı: orta aylıq əmək haqqı,AZN/ay,2005–2030,2026–2030,False,36,ACTUAL;Adverse;Baseline;Reform,FR3_forecast_tidy.csv,mikro §15.5.2
fr3:sw:con,micro:FR3,Tikinti: orta aylıq əmək haqqı,AZN/ay,2005–2030,2026–2030,False,36,ACTUAL;Adverse;Baseline;Reform,FR3_forecast_tidy.csv,mikro §15.5.2
fr3:sw:ict,micro:FR3,İnformasiya və rabitə: orta aylıq əmək haqqı,AZN/ay,2005–2030,2026–2030,False,36,ACTUAL;Adverse;Baseline;Reform,FR3_forecast_tidy.csv,mikro §15.5.2
fr3:sw:ind,micro:FR3,Sənaye: orta aylıq əmək haqqı,AZN/ay,2005–2030,2026–2030,False,36,ACTUAL;Adverse;Baseline;Reform,FR3_forecast_tidy.csv,mikro §15.5.2
fr3:sw:oth,micro:FR3,Sosial və digər xidmətlər: orta aylıq əmək haqqı,AZN/ay,2005–2030,2026–2030,False,36,ACTUAL;Adverse;Baseline;Reform,FR3_forecast_tidy.csv,mikro §15.5.2
fr3:sw:tou,micro:FR3,Turizm və ictimai iaşə: orta aylıq əmək haqqı,AZN/ay,2005–2030,2026–2030,False,36,ACTUAL;Adverse;Baseline;Reform,FR3_forecast_tidy.csv,mikro §15.5.2
fr3:sw:tra,micro:FR3,Nəqliyyat və anbar təsərrüfatı: orta aylıq əmək haqqı,AZN/ay,2005–2030,2026–2030,False,36,ACTUAL;Adverse;Baseline;Reform,FR3_forecast_tidy.csv,mikro §15.5.2
fr3:sw:trd,micro:FR3,Ticarət: orta aylıq əmək haqqı,AZN/ay,2005–2030,2026–2030,False,36,ACTUAL;Adverse;Baseline;Reform,FR3_forecast_tidy.csv,mikro §15.5.2
fr3:swg:agr,micro:FR3,Kənd təsərrüfatı: orta əmək haqqının nominal artımı,%,2006–2030,2026–2030,False,35,ACTUAL;Adverse;Baseline;Reform,FR3_forecast_tidy.csv,mikro §15.5.2
fr3:swg:con,micro:FR3,Tikinti: orta əmək haqqının nominal artımı,%,2006–2030,2026–2030,False,35,ACTUAL;Adverse;Baseline;Reform,FR3_forecast_tidy.csv,mikro §15.5.2
fr3:swg:ict,micro:FR3,İnformasiya və rabitə: orta əmək haqqının nominal artımı,%,2006–2030,2026–2030,False,35,ACTUAL;Adverse;Baseline;Reform,FR3_forecast_tidy.csv,mikro §15.5.2
fr3:swg:ind,micro:FR3,Sənaye: orta əmək haqqının nominal artımı,%,2006–2030,2026–2030,False,35,ACTUAL;Adverse;Baseline;Reform,FR3_forecast_tidy.csv,mikro §15.5.2
fr3:swg:oth,micro:FR3,Sosial və digər xidmətlər: orta əmək haqqının nominal artımı,%,2006–2030,2026–2030,False,35,ACTUAL;Adverse;Baseline;Reform,FR3_forecast_tidy.csv,mikro §15.5.2
fr3:swg:tou,micro:FR3,Turizm və ictimai iaşə: orta əmək haqqının nominal artımı,%,2006–2030,2026–2030,False,35,ACTUAL;Adverse;Baseline;Reform,FR3_forecast_tidy.csv,mikro §15.5.2
fr3:swg:tra,micro:FR3,Nəqliyyat və anbar təsərrüfatı: orta əmək haqqının nominal artımı,%,2006–2030,2026–2030,False,35,ACTUAL;Adverse;Baseline;Reform,FR3_forecast_tidy.csv,mikro §15.5.2
fr3:swg:trd,micro:FR3,Ticarət: orta əmək haqqının nominal artımı,%,2006–2030,2026–2030,False,35,ACTUAL;Adverse;Baseline;Reform,FR3_forecast_tidy.csv,mikro §15.5.2
fr3:w_avg,micro:FR3,Orta aylıq əmək haqqı,AZN/ay,1995–2030,2026–2030,True,46,ACTUAL;Adverse;Baseline;Reform,FR3_forecast_tidy.csv,mikro §15.5.2
fr3:w_avg_from_oil_split,micro:FR3,Orta əmək haqqı: neft/qeyri-neft eyniliyindən,AZN/ay,2026–2030,2026–2030,False,15,Adverse;Baseline;Reform,FR3_forecast_tidy.csv,mikro §15.5.2
fr3:w_avg_from_parts,micro:FR3,Orta əmək haqqı: institusional eynilikdən,AZN/ay,2026–2030,2026–2030,False,15,Adverse;Baseline;Reform,FR3_forecast_tidy.csv,mikro §15.5.2
fr3:w_avg_g,micro:FR3,Orta aylıq əmək haqqı: nominal artım,%,1996–2030,2026–2030,True,45,ACTUAL;Adverse;Baseline;Reform,FR3_forecast_tidy.csv,mikro §15.5.2
fr3:w_avg_unbalanced,micro:FR3,E1 tənliyinin uzlaşdırılmamış dəyəri (çarpaz yoxlama),AZN/ay,2026–2030,2026–2030,False,15,Adverse;Baseline;Reform,FR3_forecast_tidy.csv,mikro §15.5.2
fr3:w_budget,micro:FR3,Büdcə təşkilatlarında orta əmək haqqı,AZN/ay,2005–2030,2026–2030,False,36,ACTUAL;Adverse;Baseline;Reform,FR3_forecast_tidy.csv,mikro §15.5.2
fr3:w_budget_g,micro:FR3,Büdcə təşkilatlarında orta əmək haqqı: nominal artım,%,2006–2030,2026–2030,False,35,ACTUAL;Adverse;Baseline;Reform,FR3_forecast_tidy.csv,mikro §15.5.2
fr3:w_non,micro:FR3,Qeyri-neft sektorunda əmək haqqı,AZN/ay,2005–2030,2026–2030,True,36,ACTUAL;Adverse;Baseline;Reform,FR3_forecast_tidy.csv,mikro §15.5.2
fr3:w_non_g,micro:FR3,Qeyri-neft sektorunda əmək haqqı: nominal artım,%,2006–2030,2026–2030,True,35,ACTUAL;Adverse;Baseline;Reform,FR3_forecast_tidy.csv,mikro §15.5.2
fr3:w_non_unbalanced,micro:FR3,E2 uzlaşdırılmamış dəyəri,AZN/ay,2026–2030,2026–2030,False,15,Adverse;Baseline;Reform,FR3_forecast_tidy.csv,mikro §15.5.2
fr3:w_nonbudget,micro:FR3,Qeyri-büdcə təşkilatlarında orta əmək haqqı,AZN/ay,2005–2030,2026–2030,False,36,ACTUAL;Adverse;Baseline;Reform,FR3_forecast_tidy.csv,mikro §15.5.2
fr3:w_nonbudget_g,micro:FR3,Qeyri-büdcə təşkilatlarında orta əmək haqqı: nominal artım,%,2006–2030,2026–2030,False,35,ACTUAL;Adverse;Baseline;Reform,FR3_forecast_tidy.csv,mikro §15.5.2
fr3:w_oil,micro:FR3,Neft sektorunda əmək haqqı,AZN/ay,2005–2030,2026–2030,True,36,ACTUAL;Adverse;Baseline;Reform,FR3_forecast_tidy.csv,mikro §15.5.2
fr3:w_oil_g,micro:FR3,Neft sektorunda əmək haqqı: nominal artım,%,2006–2030,2026–2030,True,35,ACTUAL;Adverse;Baseline;Reform,FR3_forecast_tidy.csv,mikro §15.5.2
fr3:w_priv,micro:FR3,Qeyri-dövlət (özəl) sektorda əmək haqqı,AZN/ay,2005–2030,2026–2030,True,36,ACTUAL;Adverse;Baseline;Reform,FR3_forecast_tidy.csv,mikro §15.5.2
fr3:w_priv_g,micro:FR3,Qeyri-dövlət (özəl) sektorda əmək haqqı: nominal artım,%,2006–2030,2026–2030,True,35,ACTUAL;Adverse;Baseline;Reform,FR3_forecast_tidy.csv,mikro §15.5.2
fr3:w_priv_unbalanced,micro:FR3,E3 uzlaşdırılmamış dəyəri,AZN/ay,2026–2030,2026–2030,False,15,Adverse;Baseline;Reform,FR3_forecast_tidy.csv,mikro §15.5.2
fr3:w_state,micro:FR3,Dövlət sektorunda əmək haqqı,AZN/ay,2005–2030,2026–2030,True,36,ACTUAL;Adverse;Baseline;Reform,FR3_forecast_tidy.csv,mikro §15.5.2
fr3:w_state_g,micro:FR3,Dövlət sektorunda əmək haqqı: nominal artım,%,2006–2030,2026–2030,True,35,ACTUAL;Adverse;Baseline;Reform,FR3_forecast_tidy.csv,mikro §15.5.2
fr3:w_state_unbalanced,micro:FR3,E4 uzlaşdırılmamış dəyəri,AZN/ay,2026–2030,2026–2030,False,15,Adverse;Baseline;Reform,FR3_forecast_tidy.csv,mikro §15.5.2
fr3:wagebill,micro:FR3,Əmək haqqı fondu (orta əmək haqqı × muzdlu işçilər × 12),mln AZN,2000–2030,2026–2030,True,41,ACTUAL;Adverse;Baseline;Reform,FR3_forecast_tidy.csv,mikro §15.5.2
fr4:budget,micro:FR4,Büdcə təşkilatlarında muzdlu işçilər,min nəfər,2005–2030,2025–2030,True,78,Adverse;Baseline;Reform,FR4_forecast_tidy.csv,mikro §15.5.2
fr4:budget_share,micro:FR4,Büdcə təşkilatlarının muzdlu işçilərdə payı,%,2005–2030,2025–2030,False,78,Adverse;Baseline;Reform,FR4_forecast_tidy.csv,mikro §15.5.2
fr4:contracts:tax,micro:FR4,Əmək müqavilələri (vergi uçotu əsası),min nəfər,2021–2030,2026–2030,False,30,Adverse;Baseline;Reform,FR4_forecast_tidy.csv,mikro §15.5.2
fr4:emp:admsup,micro:FR4,İnzibati və yardımçı xidmətlər — məşğul əhali,min nəfər,1999–2030,2025–2030,False,96,Adverse;Baseline;Reform,FR4_forecast_tidy.csv,mikro §15.5.2
fr4:emp:agr,micro:FR4,"Kənd, meşə və balıqçılıq — məşğul əhali",min nəfər,1999–2030,2025–2030,False,96,Adverse;Baseline;Reform,FR4_forecast_tidy.csv,mikro §15.5.2
fr4:emp:art,micro:FR4,"İncəsənət, əyləncə — məşğul əhali",min nəfər,1999–2030,2025–2030,False,96,Adverse;Baseline;Reform,FR4_forecast_tidy.csv,mikro §15.5.2
fr4:emp:bloc:mkt,micro:FR4,Bazar xidmətləri (5 fəaliyyət) — məşğul əhali,min nəfər,1999–2030,2025–2030,False,96,Adverse;Baseline;Reform,FR4_forecast_tidy.csv,mikro §15.5.2
fr4:emp:bloc:pub,micro:FR4,Büdcədən maliyyələşən xidmətlər (4 fəaliyyət) — məşğul əhali,min nəfər,1999–2030,2025–2030,False,96,Adverse;Baseline;Reform,FR4_forecast_tidy.csv,mikro §15.5.2
fr4:emp:constr,micro:FR4,Tikinti — məşğul əhali,min nəfər,1999–2030,2025–2030,False,96,Adverse;Baseline;Reform,FR4_forecast_tidy.csv,mikro §15.5.2
fr4:emp:educ,micro:FR4,Təhsil — məşğul əhali,min nəfər,1999–2030,2025–2030,False,96,Adverse;Baseline;Reform,FR4_forecast_tidy.csv,mikro §15.5.2
fr4:emp:elec,micro:FR4,"Elektrik enerjisi, qaz — məşğul əhali",min nəfər,1999–2030,2025–2030,False,96,Adverse;Baseline;Reform,FR4_forecast_tidy.csv,mikro §15.5.2
fr4:emp:fin,micro:FR4,Maliyyə və sığorta — məşğul əhali,min nəfər,1999–2030,2025–2030,False,96,Adverse;Baseline;Reform,FR4_forecast_tidy.csv,mikro §15.5.2
fr4:emp:grp:agr,micro:FR4,"Kənd, meşə və balıqçılıq (qrup) — məşğul əhali",min nəfər,1999–2030,2025–2030,True,96,Adverse;Baseline;Reform,FR4_forecast_tidy.csv,mikro §15.5.2
fr4:emp:grp:constr,micro:FR4,Tikinti (qrup) — məşğul əhali,min nəfər,1999–2030,2025–2030,True,96,Adverse;Baseline;Reform,FR4_forecast_tidy.csv,mikro §15.5.2
fr4:emp:grp:hotel,micro:FR4,Yerləşdirmə və iaşə (qrup) — məşğul əhali,min nəfər,1999–2030,2025–2030,True,96,Adverse;Baseline;Reform,FR4_forecast_tidy.csv,mikro §15.5.2
fr4:emp:grp:ict,micro:FR4,İnformasiya və rabitə (qrup) — məşğul əhali,min nəfər,1999–2030,2025–2030,True,96,Adverse;Baseline;Reform,FR4_forecast_tidy.csv,mikro §15.5.2
fr4:emp:grp:industry,micro:FR4,Sənaye (qrup) — məşğul əhali,min nəfər,1999–2030,2025–2030,True,96,Adverse;Baseline;Reform,FR4_forecast_tidy.csv,mikro §15.5.2
fr4:emp:grp:services,micro:FR4,Digər xidmətlər (9 fəaliyyət) (qrup) — məşğul əhali,min nəfər,1999–2030,2025–2030,True,96,Adverse;Baseline;Reform,FR4_forecast_tidy.csv,mikro §15.5.2
fr4:emp:grp:trade,micro:FR4,Ticarət və təmir (qrup) — məşğul əhali,min nəfər,1999–2030,2025–2030,True,96,Adverse;Baseline;Reform,FR4_forecast_tidy.csv,mikro §15.5.2
fr4:emp:grp:transp,micro:FR4,Nəqliyyat və anbar (qrup) — məşğul əhali,min nəfər,1999–2030,2025–2030,True,96,Adverse;Baseline;Reform,FR4_forecast_tidy.csv,mikro §15.5.2
fr4:emp:health,micro:FR4,Səhiyyə və sosial xidmətlər — məşğul əhali,min nəfər,1999–2030,2025–2030,False,96,Adverse;Baseline;Reform,FR4_forecast_tidy.csv,mikro §15.5.2
fr4:emp:hotel,micro:FR4,Yerləşdirmə və iaşə — məşğul əhali,min nəfər,1999–2030,2025–2030,False,96,Adverse;Baseline;Reform,FR4_forecast_tidy.csv,mikro §15.5.2
fr4:emp:ict,micro:FR4,İnformasiya və rabitə — məşğul əhali,min nəfər,1999–2030,2025–2030,False,96,Adverse;Baseline;Reform,FR4_forecast_tidy.csv,mikro §15.5.2
fr4:emp:manuf,micro:FR4,Emal sənayesi — məşğul əhali,min nəfər,1999–2030,2025–2030,False,96,Adverse;Baseline;Reform,FR4_forecast_tidy.csv,mikro §15.5.2
fr4:emp:mining,micro:FR4,Mədənçıxarma — məşğul əhali,min nəfər,1999–2030,2025–2030,False,96,Adverse;Baseline;Reform,FR4_forecast_tidy.csv,mikro §15.5.2
fr4:emp:othsvc,micro:FR4,Digər xidmətlər — məşğul əhali,min nəfər,1999–2030,2025–2030,False,96,Adverse;Baseline;Reform,FR4_forecast_tidy.csv,mikro §15.5.2
fr4:emp:prof,micro:FR4,"Peşə, elmi və texniki fəaliyyət — məşğul əhali",min nəfər,1999–2030,2025–2030,False,96,Adverse;Baseline;Reform,FR4_forecast_tidy.csv,mikro §15.5.2
fr4:emp:pubadm,micro:FR4,Dövlət idarəetməsi və müdafiə — məşğul əhali,min nəfər,1999–2030,2025–2030,False,96,Adverse;Baseline;Reform,FR4_forecast_tidy.csv,mikro §15.5.2
fr4:emp:realest,micro:FR4,Daşınmaz əmlak — məşğul əhali,min nəfər,1999–2030,2025–2030,False,96,Adverse;Baseline;Reform,FR4_forecast_tidy.csv,mikro §15.5.2
fr4:emp:total,micro:FR4,Cəmi — məşğul əhali,min nəfər,1995–2030,2026–2030,True,108,Adverse;Baseline;Reform,FR4_forecast_tidy.csv,mikro §15.5.2
fr4:emp:trade,micro:FR4,Ticarət və təmir — məşğul əhali,min nəfər,1999–2030,2025–2030,False,96,Adverse;Baseline;Reform,FR4_forecast_tidy.csv,mikro §15.5.2
fr4:emp:transp,micro:FR4,Nəqliyyat və anbar — məşğul əhali,min nəfər,1999–2030,2025–2030,False,96,Adverse;Baseline;Reform,FR4_forecast_tidy.csv,mikro §15.5.2
fr4:emp:water,micro:FR4,Su təchizatı — məşğul əhali,min nəfər,1999–2030,2025–2030,False,96,Adverse;Baseline;Reform,FR4_forecast_tidy.csv,mikro §15.5.2
fr4:emp_own,micro:FR4,Məşğul əhali — FR4-ün öz məcmu bloku (E1–E2 yoxlaması),min nəfər,1995–2030,2026–2030,False,108,Adverse;Baseline;Reform,FR4_forecast_tidy.csv,mikro §15.5.2
fr4:hired:admsup,micro:FR4,İnzibati və yardımçı xidmətlər — muzdlu işçilər,min nəfər,1999–2030,2025–2030,False,96,Adverse;Baseline;Reform,FR4_forecast_tidy.csv,mikro §15.5.2
fr4:hired:agr,micro:FR4,"Kənd, meşə və balıqçılıq — muzdlu işçilər",min nəfər,1999–2030,2025–2030,False,96,Adverse;Baseline;Reform,FR4_forecast_tidy.csv,mikro §15.5.2
fr4:hired:art,micro:FR4,"İncəsənət, əyləncə — muzdlu işçilər",min nəfər,1999–2030,2025–2030,False,96,Adverse;Baseline;Reform,FR4_forecast_tidy.csv,mikro §15.5.2
fr4:hired:bloc:mkt,micro:FR4,Bazar xidmətləri (5 fəaliyyət) — muzdlu işçilər,min nəfər,1999–2030,2025–2030,False,96,Adverse;Baseline;Reform,FR4_forecast_tidy.csv,mikro §15.5.2
fr4:hired:bloc:pub,micro:FR4,Büdcədən maliyyələşən xidmətlər (4 fəaliyyət) — muzdlu işçilər,min nəfər,1999–2030,2025–2030,False,96,Adverse;Baseline;Reform,FR4_forecast_tidy.csv,mikro §15.5.2
fr4:hired:constr,micro:FR4,Tikinti — muzdlu işçilər,min nəfər,1999–2030,2025–2030,False,96,Adverse;Baseline;Reform,FR4_forecast_tidy.csv,mikro §15.5.2
fr4:hired:educ,micro:FR4,Təhsil — muzdlu işçilər,min nəfər,1999–2030,2025–2030,False,96,Adverse;Baseline;Reform,FR4_forecast_tidy.csv,mikro §15.5.2
fr4:hired:elec,micro:FR4,"Elektrik enerjisi, qaz — muzdlu işçilər",min nəfər,1999–2030,2025–2030,False,96,Adverse;Baseline;Reform,FR4_forecast_tidy.csv,mikro §15.5.2
fr4:hired:fin,micro:FR4,Maliyyə və sığorta — muzdlu işçilər,min nəfər,1999–2030,2025–2030,False,96,Adverse;Baseline;Reform,FR4_forecast_tidy.csv,mikro §15.5.2
fr4:hired:grp:agr,micro:FR4,"Kənd, meşə və balıqçılıq (qrup) — muzdlu işçilər",min nəfər,1999–2030,2025–2030,False,96,Adverse;Baseline;Reform,FR4_forecast_tidy.csv,mikro §15.5.2
fr4:hired:grp:constr,micro:FR4,Tikinti (qrup) — muzdlu işçilər,min nəfər,1999–2030,2025–2030,False,96,Adverse;Baseline;Reform,FR4_forecast_tidy.csv,mikro §15.5.2
fr4:hired:grp:hotel,micro:FR4,Yerləşdirmə və iaşə (qrup) — muzdlu işçilər,min nəfər,1999–2030,2025–2030,False,96,Adverse;Baseline;Reform,FR4_forecast_tidy.csv,mikro §15.5.2
fr4:hired:grp:ict,micro:FR4,İnformasiya və rabitə (qrup) — muzdlu işçilər,min nəfər,1999–2030,2025–2030,False,96,Adverse;Baseline;Reform,FR4_forecast_tidy.csv,mikro §15.5.2
fr4:hired:grp:industry,micro:FR4,Sənaye (qrup) — muzdlu işçilər,min nəfər,1999–2030,2025–2030,False,96,Adverse;Baseline;Reform,FR4_forecast_tidy.csv,mikro §15.5.2
fr4:hired:grp:services,micro:FR4,Digər xidmətlər (9 fəaliyyət) (qrup) — muzdlu işçilər,min nəfər,1999–2030,2025–2030,False,96,Adverse;Baseline;Reform,FR4_forecast_tidy.csv,mikro §15.5.2
fr4:hired:grp:trade,micro:FR4,Ticarət və təmir (qrup) — muzdlu işçilər,min nəfər,1999–2030,2025–2030,False,96,Adverse;Baseline;Reform,FR4_forecast_tidy.csv,mikro §15.5.2
fr4:hired:grp:transp,micro:FR4,Nəqliyyat və anbar (qrup) — muzdlu işçilər,min nəfər,1999–2030,2025–2030,False,96,Adverse;Baseline;Reform,FR4_forecast_tidy.csv,mikro §15.5.2
fr4:hired:health,micro:FR4,Səhiyyə və sosial xidmətlər — muzdlu işçilər,min nəfər,1999–2030,2025–2030,False,96,Adverse;Baseline;Reform,FR4_forecast_tidy.csv,mikro §15.5.2
fr4:hired:hotel,micro:FR4,Yerləşdirmə və iaşə — muzdlu işçilər,min nəfər,1999–2030,2025–2030,False,96,Adverse;Baseline;Reform,FR4_forecast_tidy.csv,mikro §15.5.2
fr4:hired:ict,micro:FR4,İnformasiya və rabitə — muzdlu işçilər,min nəfər,1999–2030,2025–2030,False,96,Adverse;Baseline;Reform,FR4_forecast_tidy.csv,mikro §15.5.2
fr4:hired:manuf,micro:FR4,Emal sənayesi — muzdlu işçilər,min nəfər,1999–2030,2025–2030,False,96,Adverse;Baseline;Reform,FR4_forecast_tidy.csv,mikro §15.5.2
fr4:hired:mining,micro:FR4,Mədənçıxarma — muzdlu işçilər,min nəfər,1999–2030,2025–2030,False,96,Adverse;Baseline;Reform,FR4_forecast_tidy.csv,mikro §15.5.2
fr4:hired:othsvc,micro:FR4,Digər xidmətlər — muzdlu işçilər,min nəfər,1999–2030,2025–2030,False,96,Adverse;Baseline;Reform,FR4_forecast_tidy.csv,mikro §15.5.2
fr4:hired:prof,micro:FR4,"Peşə, elmi və texniki fəaliyyət — muzdlu işçilər",min nəfər,1999–2030,2025–2030,False,96,Adverse;Baseline;Reform,FR4_forecast_tidy.csv,mikro §15.5.2
fr4:hired:pubadm,micro:FR4,Dövlət idarəetməsi və müdafiə — muzdlu işçilər,min nəfər,1999–2030,2025–2030,False,96,Adverse;Baseline;Reform,FR4_forecast_tidy.csv,mikro §15.5.2
fr4:hired:realest,micro:FR4,Daşınmaz əmlak — muzdlu işçilər,min nəfər,1999–2030,2025–2030,False,96,Adverse;Baseline;Reform,FR4_forecast_tidy.csv,mikro §15.5.2
fr4:hired:total,micro:FR4,Cəmi — muzdlu işçilər,min nəfər,1999–2030,2025–2030,True,96,Adverse;Baseline;Reform,FR4_forecast_tidy.csv,mikro §15.5.2
fr4:hired:trade,micro:FR4,Ticarət və təmir — muzdlu işçilər,min nəfər,1999–2030,2025–2030,False,96,Adverse;Baseline;Reform,FR4_forecast_tidy.csv,mikro §15.5.2
fr4:hired:transp,micro:FR4,Nəqliyyat və anbar — muzdlu işçilər,min nəfər,1999–2030,2025–2030,False,96,Adverse;Baseline;Reform,FR4_forecast_tidy.csv,mikro §15.5.2
fr4:hired:water,micro:FR4,Su təchizatı — muzdlu işçilər,min nəfər,1999–2030,2025–2030,False,96,Adverse;Baseline;Reform,FR4_forecast_tidy.csv,mikro §15.5.2
fr4:lf,micro:FR4,"İşçi qüvvəsi (iqtisadi fəal əhali, FR1)",min nəfər,1995–2030,2026–2030,False,108,Adverse;Baseline;Reform,FR4_forecast_tidy.csv,mikro §15.5.2
fr4:lf_own,micro:FR4,İşçi qüvvəsi — FR4-ün öz bloku (E1 yoxlaması),min nəfər,1995–2030,2026–2030,False,108,Adverse;Baseline;Reform,FR4_forecast_tidy.csv,mikro §15.5.2
fr4:nonbudget,micro:FR4,Qeyri-büdcə təşkilatlarında muzdlu işçilər,min nəfər,2005–2030,2025–2030,False,78,Adverse;Baseline;Reform,FR4_forecast_tidy.csv,mikro §15.5.2
fr4:nonoil:stat,micro:FR4,"Qeyri-neft sektoru (statistik əsas, muzdlu)",min nəfər,2016–2030,2025–2030,False,45,Adverse;Baseline;Reform,FR4_forecast_tidy.csv,mikro §15.5.2
fr4:nonoil:tax,micro:FR4,Qeyri-neft sektoru (vergi uçotu əsası),min nəfər,2021–2030,2026–2030,False,30,Adverse;Baseline;Reform,FR4_forecast_tidy.csv,mikro §15.5.2
fr4:nonstate,micro:FR4,Qeyri-dövlət sektorunda məşğulluq,min nəfər,1990–2030,2025–2030,False,123,Adverse;Baseline;Reform,FR4_forecast_tidy.csv,mikro §15.5.2
fr4:oil:stat,micro:FR4,Neft sektoru (statistik əsas),min nəfər,2016–2030,2026–2030,True,45,Adverse;Baseline;Reform,FR4_forecast_tidy.csv,mikro §15.5.2
fr4:oil:tax,micro:FR4,Neft sektoru (vergi uçotu əsası),min nəfər,2021–2030,2026–2030,True,30,Adverse;Baseline;Reform,FR4_forecast_tidy.csv,mikro §15.5.2
fr4:phi,micro:FR4,Muzdlu işçilərin məşğul əhalidə payı,pay (0–1),1999–2030,2025–2030,False,96,Adverse;Baseline;Reform,FR4_forecast_tidy.csv,mikro §15.5.2
fr4:state,micro:FR4,Dövlət sektorunda məşğulluq,min nəfər,1990–2030,2025–2030,True,123,Adverse;Baseline;Reform,FR4_forecast_tidy.csv,mikro §15.5.2
fr4:state_share,micro:FR4,Dövlət sektorunun məşğulluqda payı,%,1990–2030,2025–2030,False,123,Adverse;Baseline;Reform,FR4_forecast_tidy.csv,mikro §15.5.2
fr5:defl:communication,micro:FR5,Rabitə xidmətləri: deflyator,2015 = 100,2005–2030,2026–2030,False,36,ACTUAL;Adverse;Baseline;Reform,FR5_forecast_tidy.csv,mikro §15.5.2
fr5:defl:culture,micro:FR5,Mədəniyyət xidmətləri: deflyator,2015 = 100,2005–2030,2026–2030,False,36,ACTUAL;Adverse;Baseline;Reform,FR5_forecast_tidy.csv,mikro §15.5.2
fr5:defl:education,micro:FR5,Təhsil xidmətləri: deflyator,2015 = 100,2005–2030,2026–2030,False,36,ACTUAL;Adverse;Baseline;Reform,FR5_forecast_tidy.csv,mikro §15.5.2
fr5:defl:household,micro:FR5,Məişət xidmətləri: deflyator,2015 = 100,2005–2030,2026–2030,False,36,ACTUAL;Adverse;Baseline;Reform,FR5_forecast_tidy.csv,mikro §15.5.2
fr5:defl:housing,micro:FR5,Mənzil xidmətləri: deflyator,2015 = 100,2005–2030,2026–2030,False,36,ACTUAL;Adverse;Baseline;Reform,FR5_forecast_tidy.csv,mikro §15.5.2
fr5:defl:legal_bank,micro:FR5,Hüquqi və bank xidmətləri: deflyator,2015 = 100,2005–2030,2026–2030,False,36,ACTUAL;Adverse;Baseline;Reform,FR5_forecast_tidy.csv,mikro §15.5.2
fr5:defl:medical,micro:FR5,Tibbi xidmətlər: deflyator,2015 = 100,2005–2030,2026–2030,False,36,ACTUAL;Adverse;Baseline;Reform,FR5_forecast_tidy.csv,mikro §15.5.2
fr5:defl:other,micro:FR5,Digər pullu xidmətlər: deflyator,2015 = 100,2005–2030,2026–2030,False,36,ACTUAL;Adverse;Baseline;Reform,FR5_forecast_tidy.csv,mikro §15.5.2
fr5:defl:sanatoria,micro:FR5,Sanatoriya-sağlamlıq xidmətləri: deflyator,2015 = 100,2005–2030,2026–2030,False,36,ACTUAL;Adverse;Baseline;Reform,FR5_forecast_tidy.csv,mikro §15.5.2
fr5:defl:sport,micro:FR5,Bədən tərbiyəsi və idman xidmətləri: deflyator,2015 = 100,2005–2030,2026–2030,False,36,ACTUAL;Adverse;Baseline;Reform,FR5_forecast_tidy.csv,mikro §15.5.2
fr5:defl:total,micro:FR5,Pullu xidmətlərin deflyatoru,2015 = 100,2005–2030,2026–2030,False,36,ACTUAL;Adverse;Baseline;Reform,FR5_forecast_tidy.csv,mikro §15.5.2
fr5:defl:tourism,micro:FR5,Turizm və ekskursiya xidmətləri: deflyator,2015 = 100,2005–2030,2026–2030,False,36,ACTUAL;Adverse;Baseline;Reform,FR5_forecast_tidy.csv,mikro §15.5.2
fr5:defl:transport,micro:FR5,Nəqliyyat xidmətləri: deflyator,2015 = 100,2005–2030,2026–2030,False,36,ACTUAL;Adverse;Baseline;Reform,FR5_forecast_tidy.csv,mikro §15.5.2
fr5:defl:utilities,micro:FR5,Kommunal xidmətlər: deflyator,2015 = 100,2005–2030,2026–2030,False,36,ACTUAL;Adverse;Baseline;Reform,FR5_forecast_tidy.csv,mikro §15.5.2
fr5:sh:communication,micro:FR5,Rabitə xidmətləri: pullu xidmətlərin dəyərində pay,%,1995–2030,2026–2030,True,46,ACTUAL;Adverse;Baseline;Reform,FR5_forecast_tidy.csv,mikro §15.5.2
fr5:sh:culture,micro:FR5,Mədəniyyət xidmətləri: pullu xidmətlərin dəyərində pay,%,1995–2030,2026–2030,True,46,ACTUAL;Adverse;Baseline;Reform,FR5_forecast_tidy.csv,mikro §15.5.2
fr5:sh:education,micro:FR5,Təhsil xidmətləri: pullu xidmətlərin dəyərində pay,%,1995–2030,2026–2030,True,46,ACTUAL;Adverse;Baseline;Reform,FR5_forecast_tidy.csv,mikro §15.5.2
fr5:sh:household,micro:FR5,Məişət xidmətləri: pullu xidmətlərin dəyərində pay,%,1995–2030,2026–2030,True,46,ACTUAL;Adverse;Baseline;Reform,FR5_forecast_tidy.csv,mikro §15.5.2
fr5:sh:housing,micro:FR5,Mənzil xidmətləri: pullu xidmətlərin dəyərində pay,%,1995–2030,2026–2030,True,46,ACTUAL;Adverse;Baseline;Reform,FR5_forecast_tidy.csv,mikro §15.5.2
fr5:sh:legal_bank,micro:FR5,Hüquqi və bank xidmətləri: pullu xidmətlərin dəyərində pay,%,1995–2030,2026–2030,True,46,ACTUAL;Adverse;Baseline;Reform,FR5_forecast_tidy.csv,mikro §15.5.2
fr5:sh:medical,micro:FR5,Tibbi xidmətlər: pullu xidmətlərin dəyərində pay,%,1995–2030,2026–2030,True,46,ACTUAL;Adverse;Baseline;Reform,FR5_forecast_tidy.csv,mikro §15.5.2
fr5:sh:other,micro:FR5,Digər pullu xidmətlər: pullu xidmətlərin dəyərində pay,%,1995–2030,2026–2030,True,46,ACTUAL;Adverse;Baseline;Reform,FR5_forecast_tidy.csv,mikro §15.5.2
fr5:sh:sanatoria,micro:FR5,Sanatoriya-sağlamlıq xidmətləri: pullu xidmətlərin dəyərində pay,%,1995–2030,2026–2030,True,46,ACTUAL;Adverse;Baseline;Reform,FR5_forecast_tidy.csv,mikro §15.5.2
fr5:sh:sport,micro:FR5,Bədən tərbiyəsi və idman xidmətləri: pullu xidmətlərin dəyərində pay,%,1995–2030,2026–2030,True,46,ACTUAL;Adverse;Baseline;Reform,FR5_forecast_tidy.csv,mikro §15.5.2
fr5:sh:tourism,micro:FR5,Turizm və ekskursiya xidmətləri: pullu xidmətlərin dəyərində pay,%,1995–2030,2026–2030,True,46,ACTUAL;Adverse;Baseline;Reform,FR5_forecast_tidy.csv,mikro §15.5.2
fr5:sh:transport,micro:FR5,Nəqliyyat xidmətləri: pullu xidmətlərin dəyərində pay,%,1995–2030,2026–2030,True,46,ACTUAL;Adverse;Baseline;Reform,FR5_forecast_tidy.csv,mikro §15.5.2
fr5:sh:utilities,micro:FR5,Kommunal xidmətlər: pullu xidmətlərin dəyərində pay,%,1995–2030,2026–2030,True,46,ACTUAL;Adverse;Baseline;Reform,FR5_forecast_tidy.csv,mikro §15.5.2
fr5:split:indiv_share,micro:FR5,"Fərdi sahibkarlar: pay, %",%,1995–2030,2026–2030,True,46,ACTUAL;Adverse;Baseline;Reform,FR5_forecast_tidy.csv,mikro §15.5.2
fr5:split:indiv_value,micro:FR5,Fərdi sahibkarlar: nominal dəyər,mln AZN,1995–2030,2026–2030,False,46,ACTUAL;Adverse;Baseline;Reform,FR5_forecast_tidy.csv,mikro §15.5.2
fr5:split:legal_share,micro:FR5,"Hüquqi şəxslər: pay, %",%,1995–2030,2026–2030,True,46,ACTUAL;Adverse;Baseline;Reform,FR5_forecast_tidy.csv,mikro §15.5.2
fr5:split:legal_value,micro:FR5,Hüquqi şəxslər: nominal dəyər,mln AZN,1995–2030,2026–2030,False,46,ACTUAL;Adverse;Baseline;Reform,FR5_forecast_tidy.csv,mikro §15.5.2
fr5:split:nonstate_share,micro:FR5,"Qeyri-dövlət sektoru: pay, %",%,1995–2030,2026–2030,True,46,ACTUAL;Adverse;Baseline;Reform,FR5_forecast_tidy.csv,mikro §15.5.2
fr5:split:nonstate_value,micro:FR5,Qeyri-dövlət sektoru: nominal dəyər,mln AZN,1995–2030,2026–2030,False,46,ACTUAL;Adverse;Baseline;Reform,FR5_forecast_tidy.csv,mikro §15.5.2
fr5:split:state_share,micro:FR5,"Dövlət sektoru: pay, %",%,1995–2030,2026–2030,True,46,ACTUAL;Adverse;Baseline;Reform,FR5_forecast_tidy.csv,mikro §15.5.2
fr5:split:state_value,micro:FR5,Dövlət sektoru: nominal dəyər,mln AZN,1995–2030,2026–2030,False,46,ACTUAL;Adverse;Baseline;Reform,FR5_forecast_tidy.csv,mikro §15.5.2
fr5:val:communication,micro:FR5,Rabitə xidmətləri: nominal dəyər,mln AZN,1995–2030,2026–2030,False,46,ACTUAL;Adverse;Baseline;Reform,FR5_forecast_tidy.csv,mikro §15.5.2
fr5:val:culture,micro:FR5,Mədəniyyət xidmətləri: nominal dəyər,mln AZN,1995–2030,2026–2030,False,46,ACTUAL;Adverse;Baseline;Reform,FR5_forecast_tidy.csv,mikro §15.5.2
fr5:val:education,micro:FR5,Təhsil xidmətləri: nominal dəyər,mln AZN,1995–2030,2026–2030,False,46,ACTUAL;Adverse;Baseline;Reform,FR5_forecast_tidy.csv,mikro §15.5.2
fr5:val:household,micro:FR5,Məişət xidmətləri: nominal dəyər,mln AZN,1995–2030,2026–2030,False,46,ACTUAL;Adverse;Baseline;Reform,FR5_forecast_tidy.csv,mikro §15.5.2
fr5:val:housing,micro:FR5,Mənzil xidmətləri: nominal dəyər,mln AZN,1995–2030,2026–2030,False,46,ACTUAL;Adverse;Baseline;Reform,FR5_forecast_tidy.csv,mikro §15.5.2
fr5:val:legal_bank,micro:FR5,Hüquqi və bank xidmətləri: nominal dəyər,mln AZN,1995–2030,2026–2030,False,46,ACTUAL;Adverse;Baseline;Reform,FR5_forecast_tidy.csv,mikro §15.5.2
fr5:val:medical,micro:FR5,Tibbi xidmətlər: nominal dəyər,mln AZN,1995–2030,2026–2030,False,46,ACTUAL;Adverse;Baseline;Reform,FR5_forecast_tidy.csv,mikro §15.5.2
fr5:val:other,micro:FR5,Digər pullu xidmətlər: nominal dəyər,mln AZN,1995–2030,2026–2030,False,46,ACTUAL;Adverse;Baseline;Reform,FR5_forecast_tidy.csv,mikro §15.5.2
fr5:val:sanatoria,micro:FR5,Sanatoriya-sağlamlıq xidmətləri: nominal dəyər,mln AZN,1995–2030,2026–2030,False,46,ACTUAL;Adverse;Baseline;Reform,FR5_forecast_tidy.csv,mikro §15.5.2
fr5:val:sport,micro:FR5,Bədən tərbiyəsi və idman xidmətləri: nominal dəyər,mln AZN,1995–2030,2026–2030,False,46,ACTUAL;Adverse;Baseline;Reform,FR5_forecast_tidy.csv,mikro §15.5.2
fr5:val:total,micro:FR5,"Pullu xidmətlər, cəmi: nominal dəyər",mln AZN,1995–2030,2026–2030,True,46,ACTUAL;Adverse;Baseline;Reform,FR5_forecast_tidy.csv,mikro §15.5.2
fr5:val:tourism,micro:FR5,Turizm və ekskursiya xidmətləri: nominal dəyər,mln AZN,1995–2030,2026–2030,False,46,ACTUAL;Adverse;Baseline;Reform,FR5_forecast_tidy.csv,mikro §15.5.2
fr5:val:transport,micro:FR5,Nəqliyyat xidmətləri: nominal dəyər,mln AZN,1995–2030,2026–2030,False,46,ACTUAL;Adverse;Baseline;Reform,FR5_forecast_tidy.csv,mikro §15.5.2
fr5:val:utilities,micro:FR5,Kommunal xidmətlər: nominal dəyər,mln AZN,1995–2030,2026–2030,False,46,ACTUAL;Adverse;Baseline;Reform,FR5_forecast_tidy.csv,mikro §15.5.2
fr5:valg:total,micro:FR5,Pullu xidmətlər: nominal artım sürəti,%,1996–2030,2026–2030,True,45,ACTUAL;Adverse;Baseline;Reform,FR5_forecast_tidy.csv,mikro §15.5.2
fr5:vol:communication,micro:FR5,Rabitə xidmətləri: real həcm (2015 qiymətləri),"mln AZN, 2015 qiymətləri",2005–2030,2026–2030,False,36,ACTUAL;Adverse;Baseline;Reform,FR5_forecast_tidy.csv,mikro §15.5.2
fr5:vol:culture,micro:FR5,Mədəniyyət xidmətləri: real həcm (2015 qiymətləri),"mln AZN, 2015 qiymətləri",2005–2030,2026–2030,False,36,ACTUAL;Adverse;Baseline;Reform,FR5_forecast_tidy.csv,mikro §15.5.2
fr5:vol:education,micro:FR5,Təhsil xidmətləri: real həcm (2015 qiymətləri),"mln AZN, 2015 qiymətləri",2005–2030,2026–2030,False,36,ACTUAL;Adverse;Baseline;Reform,FR5_forecast_tidy.csv,mikro §15.5.2
fr5:vol:household,micro:FR5,Məişət xidmətləri: real həcm (2015 qiymətləri),"mln AZN, 2015 qiymətləri",2005–2030,2026–2030,False,36,ACTUAL;Adverse;Baseline;Reform,FR5_forecast_tidy.csv,mikro §15.5.2
fr5:vol:housing,micro:FR5,Mənzil xidmətləri: real həcm (2015 qiymətləri),"mln AZN, 2015 qiymətləri",2005–2030,2026–2030,False,36,ACTUAL;Adverse;Baseline;Reform,FR5_forecast_tidy.csv,mikro §15.5.2
fr5:vol:legal_bank,micro:FR5,Hüquqi və bank xidmətləri: real həcm (2015 qiymətləri),"mln AZN, 2015 qiymətləri",2005–2030,2026–2030,False,36,ACTUAL;Adverse;Baseline;Reform,FR5_forecast_tidy.csv,mikro §15.5.2
fr5:vol:medical,micro:FR5,Tibbi xidmətlər: real həcm (2015 qiymətləri),"mln AZN, 2015 qiymətləri",2005–2030,2026–2030,False,36,ACTUAL;Adverse;Baseline;Reform,FR5_forecast_tidy.csv,mikro §15.5.2
fr5:vol:other,micro:FR5,Digər pullu xidmətlər: real həcm (2015 qiymətləri),"mln AZN, 2015 qiymətləri",2005–2030,2026–2030,False,36,ACTUAL;Adverse;Baseline;Reform,FR5_forecast_tidy.csv,mikro §15.5.2
fr5:vol:sanatoria,micro:FR5,Sanatoriya-sağlamlıq xidmətləri: real həcm (2015 qiymətləri),"mln AZN, 2015 qiymətləri",2005–2030,2026–2030,False,36,ACTUAL;Adverse;Baseline;Reform,FR5_forecast_tidy.csv,mikro §15.5.2
fr5:vol:sport,micro:FR5,Bədən tərbiyəsi və idman xidmətləri: real həcm (2015 qiymətləri),"mln AZN, 2015 qiymətləri",2005–2030,2026–2030,False,36,ACTUAL;Adverse;Baseline;Reform,FR5_forecast_tidy.csv,mikro §15.5.2
fr5:vol:total,micro:FR5,"Pullu xidmətlər, cəmi: real həcm (2015 qiymətləri)","mln AZN, 2015 qiymətləri",1990–2030,2026–2030,True,51,ACTUAL;Adverse;Baseline;Reform,FR5_forecast_tidy.csv,mikro §15.5.2
fr5:vol:tourism,micro:FR5,Turizm və ekskursiya xidmətləri: real həcm (2015 qiymətləri),"mln AZN, 2015 qiymətləri",2005–2030,2026–2030,False,36,ACTUAL;Adverse;Baseline;Reform,FR5_forecast_tidy.csv,mikro §15.5.2
fr5:vol:transport,micro:FR5,Nəqliyyat xidmətləri: real həcm (2015 qiymətləri),"mln AZN, 2015 qiymətləri",2005–2030,2026–2030,False,36,ACTUAL;Adverse;Baseline;Reform,FR5_forecast_tidy.csv,mikro §15.5.2
fr5:vol:utilities,micro:FR5,Kommunal xidmətlər: real həcm (2015 qiymətləri),"mln AZN, 2015 qiymətləri",2005–2030,2026–2030,False,36,ACTUAL;Adverse;Baseline;Reform,FR5_forecast_tidy.csv,mikro §15.5.2
fr5:vol_pc,micro:FR5,Adambaşına pullu xidmətlərin real həcmi,"AZN, 2015 qiymətləri",1995–2030,2026–2030,False,46,ACTUAL;Adverse;Baseline;Reform,FR5_forecast_tidy.csv,mikro §15.5.2
fr5:volg:communication,micro:FR5,Rabitə xidmətləri: real artım sürəti,%,2006–2030,2026–2030,False,35,ACTUAL;Adverse;Baseline;Reform,FR5_forecast_tidy.csv,mikro §15.5.2
fr5:volg:culture,micro:FR5,Mədəniyyət xidmətləri: real artım sürəti,%,2006–2030,2026–2030,False,35,ACTUAL;Adverse;Baseline;Reform,FR5_forecast_tidy.csv,mikro §15.5.2
fr5:volg:education,micro:FR5,Təhsil xidmətləri: real artım sürəti,%,2006–2030,2026–2030,False,35,ACTUAL;Adverse;Baseline;Reform,FR5_forecast_tidy.csv,mikro §15.5.2
fr5:volg:household,micro:FR5,Məişət xidmətləri: real artım sürəti,%,2006–2030,2026–2030,False,35,ACTUAL;Adverse;Baseline;Reform,FR5_forecast_tidy.csv,mikro §15.5.2
fr5:volg:housing,micro:FR5,Mənzil xidmətləri: real artım sürəti,%,2006–2030,2026–2030,False,35,ACTUAL;Adverse;Baseline;Reform,FR5_forecast_tidy.csv,mikro §15.5.2
fr5:volg:legal_bank,micro:FR5,Hüquqi və bank xidmətləri: real artım sürəti,%,2006–2030,2026–2030,False,35,ACTUAL;Adverse;Baseline;Reform,FR5_forecast_tidy.csv,mikro §15.5.2
fr5:volg:medical,micro:FR5,Tibbi xidmətlər: real artım sürəti,%,2006–2030,2026–2030,False,35,ACTUAL;Adverse;Baseline;Reform,FR5_forecast_tidy.csv,mikro §15.5.2
fr5:volg:other,micro:FR5,Digər pullu xidmətlər: real artım sürəti,%,2006–2030,2026–2030,False,35,ACTUAL;Adverse;Baseline;Reform,FR5_forecast_tidy.csv,mikro §15.5.2
fr5:volg:sanatoria,micro:FR5,Sanatoriya-sağlamlıq xidmətləri: real artım sürəti,%,2006–2030,2026–2030,False,35,ACTUAL;Adverse;Baseline;Reform,FR5_forecast_tidy.csv,mikro §15.5.2
fr5:volg:sport,micro:FR5,Bədən tərbiyəsi və idman xidmətləri: real artım sürəti,%,2006–2030,2026–2030,False,35,ACTUAL;Adverse;Baseline;Reform,FR5_forecast_tidy.csv,mikro §15.5.2
fr5:volg:total,micro:FR5,Pullu xidmətlər: real artım sürəti,%,1991–2030,2026–2030,True,50,ACTUAL;Adverse;Baseline;Reform,FR5_forecast_tidy.csv,mikro §15.5.2
fr5:volg:tourism,micro:FR5,Turizm və ekskursiya xidmətləri: real artım sürəti,%,2006–2030,2026–2030,False,35,ACTUAL;Adverse;Baseline;Reform,FR5_forecast_tidy.csv,mikro §15.5.2
fr5:volg:transport,micro:FR5,Nəqliyyat xidmətləri: real artım sürəti,%,2006–2030,2026–2030,False,35,ACTUAL;Adverse;Baseline;Reform,FR5_forecast_tidy.csv,mikro §15.5.2
fr5:volg:utilities,micro:FR5,Kommunal xidmətlər: real artım sürəti,%,2006–2030,2026–2030,False,35,ACTUAL;Adverse;Baseline;Reform,FR5_forecast_tidy.csv,mikro §15.5.2
mn:bu60:abes_o_cumleden,ministry:bottomup,"ABƏŞ, o cümlədən:",mln ton,2017–2030,2025–2030,False,14,ACTUAL;Baseline,MOE REPORT 3 PAGES.xlsx/base 60!R77,Nazirlik (MU)
mn:bu60:acg,ministry:bottomup,AÇG,mln ton,2017–2030,2025–2030,False,14,ACTUAL;Baseline,MOE REPORT 3 PAGES.xlsx/base 60!R78,Nazirlik (MU)
mn:bu60:acg.mlrd_m3,ministry:bottomup,AÇG,mlrd m3,2017–2030,2025–2030,False,14,ACTUAL;Baseline,MOE REPORT 3 PAGES.xlsx/base 60!R83,Nazirlik (MU)
mn:bu60:adambasina_udm,ministry:bottomup,Adambaşına ÜDM,AZN,2017–2030,2025–2030,False,14,ACTUAL;Baseline,MOE REPORT 3 PAGES.xlsx/base 60!R16,Nazirlik (MU)
mn:bu60:adambasina_udm.usd,ministry:bottomup,Adambaşına ÜDM: USD,,2017–2030,2025–2030,False,14,ACTUAL;Baseline,MOE REPORT 3 PAGES.xlsx/base 60!R17,Nazirlik (MU)
mn:bu60:balanslasdirici_maddeler,ministry:bottomup,Balanslaşdırıcı maddələr,mln dollar,2018–2028,2025–2028,False,11,ACTUAL;Baseline,MOE REPORT 3 PAGES.xlsx/base 60!R138,Nazirlik (MU)
mn:bu60:budce_kesiri,ministry:bottomup,Büdcə kəsiri,mln AZN,2017–2030,2025–2030,False,14,ACTUAL;Baseline,MOE REPORT 3 PAGES.xlsx/base 60!R92,Nazirlik (MU)
mn:bu60:cari_hesab_balansi,ministry:bottomup,Cari hesab balansı,mln. dollar,2017–2030,2025–2030,False,14,ACTUAL;Baseline,MOE REPORT 3 PAGES.xlsx/base 60!R126,Nazirlik (MU)
mn:bu60:cari_hesab_balansi_udm,ministry:bottomup,Cari hesab balansı/ÜDM,%,2017–2030,2025–2030,False,14,ACTUAL;Baseline,MOE REPORT 3 PAGES.xlsx/base 60!R142,Nazirlik (MU)
mn:bu60:daxili_investisiya,ministry:bottomup,Daxili investisiya,mln AZN,2017–2030,2025–2030,False,14,ACTUAL;Baseline,MOE REPORT 3 PAGES.xlsx/base 60!R102,Nazirlik (MU)
mn:bu60:daxili_investisiya.real_artim_tempi,ministry:bottomup,Daxili investisiya: real artım tempi,%,2017–2030,2025–2030,False,14,ACTUAL;Baseline,MOE REPORT 3 PAGES.xlsx/base 60!R103,Nazirlik (MU)
mn:bu60:diger_saheler,ministry:bottomup,Digər sahələr,mln AZN,2017–2030,2025–2030,False,14,ACTUAL;Baseline,MOE REPORT 3 PAGES.xlsx/base 60!R109,Nazirlik (MU)
mn:bu60:dovlet,ministry:bottomup,Dövlət,mln AZN,2017–2030,2025–2030,False,14,ACTUAL;Baseline,MOE REPORT 3 PAGES.xlsx/base 60!R110,Nazirlik (MU)
mn:bu60:dovlet_budcesinin_gelirleri,ministry:bottomup,Dövlət büdcəsinin gəlirləri,mln AZN,2017–2030,2025–2030,False,14,ACTUAL;Baseline,MOE REPORT 3 PAGES.xlsx/base 60!R89,Nazirlik (MU)
mn:bu60:dovlet_budcesinin_xercleri,ministry:bottomup,Dövlət büdcəsinin xərcləri,mln AZN,2017–2030,2025–2030,False,14,ACTUAL;Baseline,MOE REPORT 3 PAGES.xlsx/base 60!R90,Nazirlik (MU)
mn:bu60:dovlet_esasli_vesait_qoyulusu,ministry:bottomup,Dövlət əsaslı vəsait qoyuluşu*,mln AZN,2017–2030,2025–2030,False,14,ACTUAL;Baseline,MOE REPORT 3 PAGES.xlsx/base 60!R91,Nazirlik (MU)
mn:bu60:dovlet_esasli_vesait_qoyulusu.x,ministry:bottomup,* - Dövlət əsaslı vəsait qoyuluşu (investisiya xərcləri)+İşğaldan azad olunmuş ərazilərin yenidən qurulması və bərpası,,2020–2022,,False,3,ACTUAL,MOE REPORT 3 PAGES.xlsx/base 60!R146,Nazirlik (MU)
mn:bu60:dovlet_esasli_vesait_qoyulusu.x_2,ministry:bottomup,* - Dövlət əsaslı vəsait qoyuluşu (investisiya xərcləri)+İşğaldan azad olunmuş ərazilərin yenidən qurulması və bərpası,,2020–2022,,False,3,ACTUAL,MOE REPORT 3 PAGES.xlsx/base 60!R147,Nazirlik (MU)
mn:bu60:dovlet_esasli_vesait_qoyulusu.x_3,ministry:bottomup,* - Dövlət əsaslı vəsait qoyuluşu (investisiya xərcləri)+İşğaldan azad olunmuş ərazilərin yenidən qurulması və bərpası,,2020–2022,,False,3,ACTUAL,MOE REPORT 3 PAGES.xlsx/base 60!R150,Nazirlik (MU)
mn:bu60:dovlet_esasli_vesait_qoyulusu.x_4,ministry:bottomup,* - Dövlət əsaslı vəsait qoyuluşu (investisiya xərcləri)+İşğaldan azad olunmuş ərazilərin yenidən qurulması və bərpası,,2020–2022,,False,3,ACTUAL,MOE REPORT 3 PAGES.xlsx/base 60!R153,Nazirlik (MU)
mn:bu60:dovlet_esasli_vesait_qoyulusu.x_5,ministry:bottomup,* - Dövlət əsaslı vəsait qoyuluşu (investisiya xərcləri)+İşğaldan azad olunmuş ərazilərin yenidən qurulması və bərpası,,2020–2022,,False,3,ACTUAL,MOE REPORT 3 PAGES.xlsx/base 60!R155,Nazirlik (MU)
mn:bu60:ehalinin_gelirleri,ministry:bottomup,Əhalinin gəlirləri,mln AZN,2017–2030,2025–2030,False,14,ACTUAL;Baseline,MOE REPORT 3 PAGES.xlsx/base 60!R116,Nazirlik (MU)
mn:bu60:ehalinin_gelirleri.real_artim_tempi,ministry:bottomup,Əhalinin gəlirləri: real artım tempi,%,2017–2030,2025–2030,False,14,ACTUAL;Baseline,MOE REPORT 3 PAGES.xlsx/base 60!R117,Nazirlik (MU)
mn:bu60:ehalinin_sayi,ministry:bottomup,Əhalinin sayı,min nəfər,2017–2030,2025–2030,False,14,ACTUAL;Baseline,MOE REPORT 3 PAGES.xlsx/base 60!R20,Nazirlik (MU)
mn:bu60:ehalinin_xercleri,ministry:bottomup,Əhalinin xərcləri,mln AZN,2017–2030,2025–2030,False,14,ACTUAL;Baseline,MOE REPORT 3 PAGES.xlsx/base 60!R118,Nazirlik (MU)
mn:bu60:ehalinin_xercleri.real_artim_tempi,ministry:bottomup,Əhalinin xərcləri: real artım tempi,%,2017–2030,2025–2030,False,14,ACTUAL;Baseline,MOE REPORT 3 PAGES.xlsx/base 60!R119,Nazirlik (MU)
mn:bu60:ehtiyat_aktivleri,ministry:bottomup,Ehtiyat aktivləri,mln dollar,2018–2028,2025–2028,False,11,ACTUAL;Baseline,MOE REPORT 3 PAGES.xlsx/base 60!R137,Nazirlik (MU)
mn:bu60:emteelik_qaz,ministry:bottomup,Əmtəəlik qaz,mlrd m3,2018–2030,2025–2030,False,13,ACTUAL;Baseline,MOE REPORT 3 PAGES.xlsx/base 60!R86,Nazirlik (MU)
mn:bu60:emteelik_qaz.artim_tempi,ministry:bottomup,Əmtəəlik qaz: artım tempi,%,2018–2030,2025–2030,False,13,ACTUAL;Baseline,MOE REPORT 3 PAGES.xlsx/base 60!R87,Nazirlik (MU)
mn:bu60:esas_kapitala_cemi_investisiya.mln_usd,ministry:bottomup,Əsas kapitala cəmi investisiyalar: mln USD,,2017–2030,2025–2030,False,14,ACTUAL;Baseline,MOE REPORT 3 PAGES.xlsx/base 60!R99,Nazirlik (MU)
mn:bu60:esas_kapitala_cemi_investisiya.real_artim_tempi,ministry:bottomup,Əsas kapitala cəmi investisiyalar: real artım tempi,%,2017–2030,2025–2030,False,14,ACTUAL;Baseline,MOE REPORT 3 PAGES.xlsx/base 60!R100,Nazirlik (MU)
mn:bu60:esas_kapitala_cemi_investisiya.udm_e_nisbeti,ministry:bottomup,Əsas kapitala cəmi investisiyalar: ÜDM-ə nisbəti,%,2019–2030,2025–2030,False,12,ACTUAL;Baseline,MOE REPORT 3 PAGES.xlsx/base 60!R101,Nazirlik (MU)
mn:bu60:esas_kapitala_cemi_investisiyalar,ministry:bottomup,Əsas kapitala cəmi investisiyalar,mln AZN,2017–2030,2025–2030,False,14,ACTUAL;Baseline,MOE REPORT 3 PAGES.xlsx/base 60!R98,Nazirlik (MU)
mn:bu60:idxal,ministry:bottomup,İdxal,mln. dollar,2017–2030,2025–2030,False,14,ACTUAL;Baseline,MOE REPORT 3 PAGES.xlsx/base 60!R130,Nazirlik (MU)
mn:bu60:ilkin_gelirler_xalis,ministry:bottomup,"İlkin gəlirlər, xalis",mln. dollar,2017–2030,2025–2030,False,14,ACTUAL;Baseline,MOE REPORT 3 PAGES.xlsx/base 60!R134,Nazirlik (MU)
mn:bu60:inflyasiya_iqi_orta_illik,ministry:bottomup,"İnflyasiya (İQİ, orta illik)",%,2017–2030,2025–2030,False,14,ACTUAL;Baseline,MOE REPORT 3 PAGES.xlsx/base 60!R124,Nazirlik (MU)
mn:bu60:informasiya_ve_rabite,ministry:bottomup,İnformasiya və rabitə,"çəki, %",2017–2030,2025–2030,False,14,ACTUAL;Baseline,MOE REPORT 3 PAGES.xlsx/base 60!R58,Nazirlik (MU)
mn:bu60:informasiya_ve_rabite.deflyator,ministry:bottomup,İnformasiya və rabitə: deflyator,%,2017–2030,2025–2030,False,14,ACTUAL;Baseline,MOE REPORT 3 PAGES.xlsx/base 60!R61,Nazirlik (MU)
mn:bu60:informasiya_ve_rabite.elave_deyer,ministry:bottomup,İnformasiya və rabitə: əlavə dəyər,mln AZN,2017–2030,2025–2030,False,14,ACTUAL;Baseline,MOE REPORT 3 PAGES.xlsx/base 60!R59,Nazirlik (MU)
mn:bu60:informasiya_ve_rabite.real_artim_tempi,ministry:bottomup,İnformasiya və rabitə: real artım tempi,%,2017–2030,2025–2030,False,14,ACTUAL;Baseline,MOE REPORT 3 PAGES.xlsx/base 60!R60,Nazirlik (MU)
mn:bu60:ixrac,ministry:bottomup,İxrac,mln. dollar,2017–2030,2025–2030,False,14,ACTUAL;Baseline,MOE REPORT 3 PAGES.xlsx/base 60!R128,Nazirlik (MU)
mn:bu60:kapital_ve_maliyyenin_hereketi_hesabi,ministry:bottomup,Kapital və Maliyyənin hərəkəti hesabı,mln dollar,2018–2028,2025–2028,False,11,ACTUAL;Baseline,MOE REPORT 3 PAGES.xlsx/base 60!R136,Nazirlik (MU)
mn:bu60:kend_teserrufati,ministry:bottomup,Kənd təsərrüfatı,"çəki, %",2017–2030,2025–2030,False,14,ACTUAL;Baseline,MOE REPORT 3 PAGES.xlsx/base 60!R22,Nazirlik (MU)
mn:bu60:kend_teserrufati.deflyator,ministry:bottomup,Kənd təsərrüfatı: deflyator,%,2017–2030,2025–2030,False,14,ACTUAL;Baseline,MOE REPORT 3 PAGES.xlsx/base 60!R25,Nazirlik (MU)
mn:bu60:kend_teserrufati.elave_deyer,ministry:bottomup,Kənd təsərrüfatı: əlavə dəyər,mln AZN,2017–2030,2025–2030,False,14,ACTUAL;Baseline,MOE REPORT 3 PAGES.xlsx/base 60!R23,Nazirlik (MU)
mn:bu60:kend_teserrufati.real_artim_tempi,ministry:bottomup,Kənd təsərrüfatı: real artım tempi,%,2017–2030,2025–2030,False,14,ACTUAL;Baseline,MOE REPORT 3 PAGES.xlsx/base 60!R24,Nazirlik (MU)
mn:bu60:manatin_mezennesi,ministry:bottomup,Manatın məzənnəsi,AZN/USD,2017–2030,2025–2030,False,14,ACTUAL;Baseline,MOE REPORT 3 PAGES.xlsx/base 60!R140,Nazirlik (MU)
mn:bu60:mehsula_ve_idxala_xalis_vergil.deflyator,ministry:bottomup,Məhsula və idxala xalis vergilər: deflyator,%,2017–2030,2025–2030,False,14,ACTUAL;Baseline,MOE REPORT 3 PAGES.xlsx/base 60!R69,Nazirlik (MU)
mn:bu60:mehsula_ve_idxala_xalis_vergil.elave_deyer,ministry:bottomup,Məhsula və idxala xalis vergilər: əlavə dəyər,mln AZN,2017–2030,2025–2030,False,14,ACTUAL;Baseline,MOE REPORT 3 PAGES.xlsx/base 60!R67,Nazirlik (MU)
mn:bu60:mehsula_ve_idxala_xalis_vergil.real_artim_tempi,ministry:bottomup,Məhsula və idxala xalis vergilər: real artım tempi,%,2017–2030,2025–2030,False,14,ACTUAL;Baseline,MOE REPORT 3 PAGES.xlsx/base 60!R68,Nazirlik (MU)
mn:bu60:mehsula_ve_idxala_xalis_vergiler,ministry:bottomup,Məhsula və idxala xalis vergilər,"çəki, %",2017–2030,2025–2030,False,14,ACTUAL;Baseline,MOE REPORT 3 PAGES.xlsx/base 60!R66,Nazirlik (MU)
mn:bu60:mesgulluq,ministry:bottomup,Məşğulluq,min nəfər,2017–2030,2025–2030,False,14,ACTUAL;Baseline,MOE REPORT 3 PAGES.xlsx/base 60!R122,Nazirlik (MU)
mn:bu60:mesgulluq.artim_tempi,ministry:bottomup,Məşğulluq: artım tempi,%,2017–2030,2025–2030,False,14,ACTUAL;Baseline,MOE REPORT 3 PAGES.xlsx/base 60!R123,Nazirlik (MU)
mn:bu60:neft_fondunun_aktivleri,ministry:bottomup,Neft Fondunun aktivləri,mln USD,2017–2030,2025–2030,False,14,ACTUAL;Baseline,MOE REPORT 3 PAGES.xlsx/base 60!R96,Nazirlik (MU)
mn:bu60:neft_fondunun_gelirleri,ministry:bottomup,Neft Fondunun gəlirləri,mln AZN,2017–2030,2025–2030,False,14,ACTUAL;Baseline,MOE REPORT 3 PAGES.xlsx/base 60!R93,Nazirlik (MU)
mn:bu60:neft_fondunun_xercleri,ministry:bottomup,Neft Fondunun xərcləri,mln AZN,2017–2030,2025–2030,False,14,ACTUAL;Baseline,MOE REPORT 3 PAGES.xlsx/base 60!R94,Nazirlik (MU)
mn:bu60:neft_hasilati,ministry:bottomup,Neft hasilatı,mln ton,2017–2030,2025–2030,False,14,ACTUAL;Baseline,MOE REPORT 3 PAGES.xlsx/base 60!R75,Nazirlik (MU)
mn:bu60:neft_hasilati.artim_tempi,ministry:bottomup,Neft hasilatı: artım tempi,%,2017–2030,2025–2030,False,14,ACTUAL;Baseline,MOE REPORT 3 PAGES.xlsx/base 60!R76,Nazirlik (MU)
mn:bu60:neft_qaz_sektoru,ministry:bottomup,Neft-qaz sektoru,mln AZN,2017–2030,2025–2030,False,14,ACTUAL;Baseline,MOE REPORT 3 PAGES.xlsx/base 60!R8,Nazirlik (MU)
mn:bu60:neft_qaz_sektoru.deflyator,ministry:bottomup,Neft-qaz sektoru: deflyator,%,2017–2030,2025–2030,False,14,ACTUAL;Baseline,MOE REPORT 3 PAGES.xlsx/base 60!R10,Nazirlik (MU)
mn:bu60:neft_qaz_sektoru.mln_azn,ministry:bottomup,Neft-qaz sektoru,mln AZN,2017–2030,2025–2030,False,14,ACTUAL;Baseline,MOE REPORT 3 PAGES.xlsx/base 60!R108,Nazirlik (MU)
mn:bu60:neft_qaz_sektoru.mln_dollar,ministry:bottomup,Neft-qaz sektoru,mln. dollar,2017–2030,2025–2030,False,14,ACTUAL;Baseline,MOE REPORT 3 PAGES.xlsx/base 60!R131,Nazirlik (MU)
mn:bu60:neft_qaz_sektoru.real_artim_tempi,ministry:bottomup,Neft-qaz sektoru: real artım tempi,%,2017–2030,2025–2030,False,14,ACTUAL;Baseline,MOE REPORT 3 PAGES.xlsx/base 60!R9,Nazirlik (MU)
mn:bu60:neft_sektoru,ministry:bottomup,Neft sektoru,mln AZN,2018–2030,2025–2030,False,13,ACTUAL;Baseline,MOE REPORT 3 PAGES.xlsx/base 60!R70,Nazirlik (MU)
mn:bu60:neft_sektoru.real_artim,ministry:bottomup,Neft sektoru: real artım,%,2018–2030,2025–2030,False,13,ACTUAL;Baseline,MOE REPORT 3 PAGES.xlsx/base 60!R71,Nazirlik (MU)
mn:bu60:neft_ve_qaz_senayesi,ministry:bottomup,Neft və qaz sənayesi,"çəki, %",2017–2030,2025–2030,False,14,ACTUAL;Baseline,MOE REPORT 3 PAGES.xlsx/base 60!R30,Nazirlik (MU)
mn:bu60:neft_ve_qaz_senayesi.deflyator,ministry:bottomup,Neft və qaz sənayesi: deflyator,%,2017–2030,2025–2030,False,14,ACTUAL;Baseline,MOE REPORT 3 PAGES.xlsx/base 60!R33,Nazirlik (MU)
mn:bu60:neft_ve_qaz_senayesi.elave_deyer,ministry:bottomup,Neft və qaz sənayesi: əlavə dəyər,mln AZN,2017–2030,2025–2030,False,14,ACTUAL;Baseline,MOE REPORT 3 PAGES.xlsx/base 60!R31,Nazirlik (MU)
mn:bu60:neft_ve_qaz_senayesi.real_artim_tempi,ministry:bottomup,Neft və qaz sənayesi: real artım tempi,%,2017–2030,2025–2030,False,14,ACTUAL;Baseline,MOE REPORT 3 PAGES.xlsx/base 60!R32,Nazirlik (MU)
mn:bu60:neftin_qiymeti,ministry:bottomup,Neftin qiyməti,USD/barel,2017–2030,2025–2030,False,14,ACTUAL;Baseline,MOE REPORT 3 PAGES.xlsx/base 60!R141,Nazirlik (MU)
mn:bu60:neqliyyat,ministry:bottomup,Nəqliyyat,"çəki, %",2017–2030,2025–2030,False,14,ACTUAL;Baseline,MOE REPORT 3 PAGES.xlsx/base 60!R54,Nazirlik (MU)
mn:bu60:neqliyyat.deflyator,ministry:bottomup,Nəqliyyat: deflyator,%,2017–2030,2025–2030,False,14,ACTUAL;Baseline,MOE REPORT 3 PAGES.xlsx/base 60!R57,Nazirlik (MU)
mn:bu60:neqliyyat.elave_deyer,ministry:bottomup,Nəqliyyat: əlavə dəyər,mln AZN,2017–2030,2025–2030,False,14,ACTUAL;Baseline,MOE REPORT 3 PAGES.xlsx/base 60!R55,Nazirlik (MU)
mn:bu60:neqliyyat.real_artim_tempi,ministry:bottomup,Nəqliyyat: real artım tempi,%,2017–2030,2025–2030,False,14,ACTUAL;Baseline,MOE REPORT 3 PAGES.xlsx/base 60!R56,Nazirlik (MU)
mn:bu60:orta_ayliq_emek_haqqi,ministry:bottomup,Orta aylıq əmək haqqı,AZN,2017–2030,2025–2030,False,14,ACTUAL;Baseline,MOE REPORT 3 PAGES.xlsx/base 60!R120,Nazirlik (MU)
mn:bu60:orta_ayliq_emek_haqqi.real_artim_tempi,ministry:bottomup,Orta aylıq əmək haqqı: real artım tempi,%,2017–2030,2025–2030,False,14,ACTUAL;Baseline,MOE REPORT 3 PAGES.xlsx/base 60!R121,Nazirlik (MU)
mn:bu60:qaz_hasilati,ministry:bottomup,Qaz hasilatı,mlrd m3,2017–2030,2025–2030,False,14,ACTUAL;Baseline,MOE REPORT 3 PAGES.xlsx/base 60!R81,Nazirlik (MU)
mn:bu60:qaz_hasilati.artim_tempi,ministry:bottomup,Qaz hasilatı: artım tempi,%,2017–2030,2025–2030,False,14,ACTUAL;Baseline,MOE REPORT 3 PAGES.xlsx/base 60!R82,Nazirlik (MU)
mn:bu60:qeyri_dovlet,ministry:bottomup,Qeyri-dövlət,mln AZN,2017–2030,2025–2030,False,14,ACTUAL;Baseline,MOE REPORT 3 PAGES.xlsx/base 60!R111,Nazirlik (MU)
mn:bu60:qeyri_dovlet_neft_qaz,ministry:bottomup,Qeyri-dövlət neft-qaz,mln AZN,2019–2030,2025–2030,False,12,ACTUAL;Baseline,MOE REPORT 3 PAGES.xlsx/base 60!R112,Nazirlik (MU)
mn:bu60:qeyri_dovlet_qeyri_neft_qaz,ministry:bottomup,Qeyri-dövlət qeyri neft-qaz,mln AZN,2019–2030,2025–2030,False,12,ACTUAL;Baseline,MOE REPORT 3 PAGES.xlsx/base 60!R113,Nazirlik (MU)
mn:bu60:qeyri_neft_qaz_adambasina_udm,ministry:bottomup,Qeyri neft-qaz adambaşına ÜDM,AZN,2022–2030,2025–2030,False,9,ACTUAL;Baseline,MOE REPORT 3 PAGES.xlsx/base 60!R18,Nazirlik (MU)
mn:bu60:qeyri_neft_qaz_adambasina_udm.usd,ministry:bottomup,Qeyri neft-qaz adambaşına ÜDM: USD,,2022–2030,2025–2030,False,9,ACTUAL;Baseline,MOE REPORT 3 PAGES.xlsx/base 60!R19,Nazirlik (MU)
mn:bu60:qeyri_neft_qaz_ixraci,ministry:bottomup,Qeyri neft-qaz ixracı,mln. dollar,2017–2030,2025–2030,False,14,ACTUAL;Baseline,MOE REPORT 3 PAGES.xlsx/base 60!R129,Nazirlik (MU)
mn:bu60:qeyri_neft_qaz_sektoru,ministry:bottomup,Qeyri neft-qaz sektoru,mln AZN,2017–2030,2025–2030,False,14,ACTUAL;Baseline,MOE REPORT 3 PAGES.xlsx/base 60!R12,Nazirlik (MU)
mn:bu60:qeyri_neft_qaz_sektoru.deflyator,ministry:bottomup,Qeyri neft-qaz sektoru: deflyator,%,2017–2030,2025–2030,False,14,ACTUAL;Baseline,MOE REPORT 3 PAGES.xlsx/base 60!R14,Nazirlik (MU)
mn:bu60:qeyri_neft_qaz_sektoru.mln_dollar,ministry:bottomup,Qeyri neft-qaz sektoru,mln. dollar,2017–2030,2025–2030,False,14,ACTUAL;Baseline,MOE REPORT 3 PAGES.xlsx/base 60!R132,Nazirlik (MU)
mn:bu60:qeyri_neft_qaz_sektoru.real_artim_tempi,ministry:bottomup,Qeyri neft-qaz sektoru: real artım tempi,%,2017–2030,2025–2030,False,14,ACTUAL;Baseline,MOE REPORT 3 PAGES.xlsx/base 60!R13,Nazirlik (MU)
mn:bu60:qeyri_neft_qaz_senayesi,ministry:bottomup,Qeyri neft-qaz sənayesi,"çəki, %",2017–2030,2025–2030,False,14,ACTUAL;Baseline,MOE REPORT 3 PAGES.xlsx/base 60!R34,Nazirlik (MU)
mn:bu60:qeyri_neft_qaz_senayesi.deflyator,ministry:bottomup,Qeyri neft-qaz sənayesi: deflyator,%,2017–2030,2025–2030,False,14,ACTUAL;Baseline,MOE REPORT 3 PAGES.xlsx/base 60!R37,Nazirlik (MU)
mn:bu60:qeyri_neft_qaz_senayesi.elave_deyer,ministry:bottomup,Qeyri neft-qaz sənayesi: əlavə dəyər,mln AZN,2017–2030,2025–2030,False,14,ACTUAL;Baseline,MOE REPORT 3 PAGES.xlsx/base 60!R35,Nazirlik (MU)
mn:bu60:qeyri_neft_qaz_senayesi.real_artim_tempi,ministry:bottomup,Qeyri neft-qaz sənayesi: real artım tempi,%,2017–2030,2025–2030,False,14,ACTUAL;Baseline,MOE REPORT 3 PAGES.xlsx/base 60!R36,Nazirlik (MU)
mn:bu60:qeyri_neft_qaz_udm_e_nisbeti,ministry:bottomup,Qeyri neft-qaz ÜDM-ə nisbəti,%,2019–2030,2025–2030,False,12,ACTUAL;Baseline,MOE REPORT 3 PAGES.xlsx/base 60!R114,Nazirlik (MU)
mn:bu60:qeyri_neft_sektoru,ministry:bottomup,Qeyri-neft sektoru,mln AZN,2018–2030,2025–2030,False,13,ACTUAL;Baseline,MOE REPORT 3 PAGES.xlsx/base 60!R72,Nazirlik (MU)
mn:bu60:qeyri_neft_sektoru.real_artim,ministry:bottomup,Qeyri-neft sektoru: real artım,%,2018–2030,2025–2030,False,13,ACTUAL;Baseline,MOE REPORT 3 PAGES.xlsx/base 60!R73,Nazirlik (MU)
mn:bu60:sahdeniz,ministry:bottomup,Şahdəniz,mln ton,2017–2030,2025–2030,False,14,ACTUAL;Baseline,MOE REPORT 3 PAGES.xlsx/base 60!R79,Nazirlik (MU)
mn:bu60:sahdeniz.mlrd_m3,ministry:bottomup,Şahdəniz,mlrd m3,2017–2030,2025–2030,False,14,ACTUAL;Baseline,MOE REPORT 3 PAGES.xlsx/base 60!R84,Nazirlik (MU)
mn:bu60:senaye,ministry:bottomup,Sənaye,"çəki, %",2017–2030,2025–2030,False,14,ACTUAL;Baseline,MOE REPORT 3 PAGES.xlsx/base 60!R26,Nazirlik (MU)
mn:bu60:senaye.deflyator,ministry:bottomup,Sənaye: deflyator,%,2017–2030,2025–2030,False,14,ACTUAL;Baseline,MOE REPORT 3 PAGES.xlsx/base 60!R29,Nazirlik (MU)
mn:bu60:senaye.elave_deyer,ministry:bottomup,Sənaye: əlavə dəyər,mln AZN,2017–2030,2025–2030,False,14,ACTUAL;Baseline,MOE REPORT 3 PAGES.xlsx/base 60!R27,Nazirlik (MU)
mn:bu60:senaye.real_artim_tempi,ministry:bottomup,Sənaye: real artım tempi,%,2017–2030,2025–2030,False,14,ACTUAL;Baseline,MOE REPORT 3 PAGES.xlsx/base 60!R28,Nazirlik (MU)
mn:bu60:socar_mm_ve_es_ler,ministry:bottomup,SOCAR + MM və ƏŞ-lər,mln ton,2017–2030,2025–2030,False,14,ACTUAL;Baseline,MOE REPORT 3 PAGES.xlsx/base 60!R80,Nazirlik (MU)
mn:bu60:socar_mm_ve_es_ler.mlrd_m3,ministry:bottomup,SOCAR + MM və ƏŞ-lər,mlrd m3,2017–2030,2025–2030,False,14,ACTUAL;Baseline,MOE REPORT 3 PAGES.xlsx/base 60!R85,Nazirlik (MU)
mn:bu60:sosial_ve_diger_xidmetler,ministry:bottomup,Sosial və digər xidmətlər,"çəki, %",2017–2030,2025–2030,False,14,ACTUAL;Baseline,MOE REPORT 3 PAGES.xlsx/base 60!R62,Nazirlik (MU)
mn:bu60:sosial_ve_diger_xidmetler.deflyator,ministry:bottomup,Sosial və digər xidmətlər: deflyator,%,2017–2030,2025–2030,False,14,ACTUAL;Baseline,MOE REPORT 3 PAGES.xlsx/base 60!R65,Nazirlik (MU)
mn:bu60:sosial_ve_diger_xidmetler.elave_deyer,ministry:bottomup,Sosial və digər xidmətlər: əlavə dəyər,mln AZN,2017–2030,2025–2030,False,14,ACTUAL;Baseline,MOE REPORT 3 PAGES.xlsx/base 60!R63,Nazirlik (MU)
mn:bu60:sosial_ve_diger_xidmetler.real_artim_tempi,ministry:bottomup,Sosial və digər xidmətlər: real artım tempi,%,2017–2030,2025–2030,False,14,ACTUAL;Baseline,MOE REPORT 3 PAGES.xlsx/base 60!R64,Nazirlik (MU)
mn:bu60:tekrar_gelirler_xalis,ministry:bottomup,"Təkrar gəlirlər, xalis",mln. dollar,2017–2030,2025–2030,False,14,ACTUAL;Baseline,MOE REPORT 3 PAGES.xlsx/base 60!R135,Nazirlik (MU)
mn:bu60:ticaret,ministry:bottomup,Ticarət,"çəki, %",2017–2030,2025–2030,False,14,ACTUAL;Baseline,MOE REPORT 3 PAGES.xlsx/base 60!R46,Nazirlik (MU)
mn:bu60:ticaret.deflyator,ministry:bottomup,Ticarət: deflyator,%,2017–2030,2025–2030,False,14,ACTUAL;Baseline,MOE REPORT 3 PAGES.xlsx/base 60!R49,Nazirlik (MU)
mn:bu60:ticaret.elave_deyer,ministry:bottomup,Ticarət: əlavə dəyər,mln AZN,2017–2030,2025–2030,False,14,ACTUAL;Baseline,MOE REPORT 3 PAGES.xlsx/base 60!R47,Nazirlik (MU)
mn:bu60:ticaret.real_artim_tempi,ministry:bottomup,Ticarət: real artım tempi,%,2017–2030,2025–2030,False,14,ACTUAL;Baseline,MOE REPORT 3 PAGES.xlsx/base 60!R48,Nazirlik (MU)
mn:bu60:ticaret_balansi,ministry:bottomup,Ticarət balansı,mln. dollar,2017–2030,2025–2030,False,14,ACTUAL;Baseline,MOE REPORT 3 PAGES.xlsx/base 60!R127,Nazirlik (MU)
mn:bu60:tikinti,ministry:bottomup,Tikinti,"çəki, %",2017–2030,2025–2030,False,14,ACTUAL;Baseline,MOE REPORT 3 PAGES.xlsx/base 60!R38,Nazirlik (MU)
mn:bu60:tikinti.deflyator,ministry:bottomup,Tikinti: deflyator,%,2017–2030,2025–2030,False,14,ACTUAL;Baseline,MOE REPORT 3 PAGES.xlsx/base 60!R41,Nazirlik (MU)
mn:bu60:tikinti.elave_deyer,ministry:bottomup,Tikinti: əlavə dəyər,mln AZN,2017–2030,2025–2030,False,14,ACTUAL;Baseline,MOE REPORT 3 PAGES.xlsx/base 60!R39,Nazirlik (MU)
mn:bu60:tikinti.real_artim_tempi,ministry:bottomup,Tikinti: real artım tempi,%,2017–2030,2025–2030,False,14,ACTUAL;Baseline,MOE REPORT 3 PAGES.xlsx/base 60!R40,Nazirlik (MU)
mn:bu60:transfert,ministry:bottomup,Transfert,mln AZN,2017–2030,2025–2030,False,14,ACTUAL;Baseline,MOE REPORT 3 PAGES.xlsx/base 60!R95,Nazirlik (MU)
mn:bu60:turizm,ministry:bottomup,Turizm,"çəki, %",2017–2030,2025–2030,False,14,ACTUAL;Baseline,MOE REPORT 3 PAGES.xlsx/base 60!R50,Nazirlik (MU)
mn:bu60:turizm.deflyator,ministry:bottomup,Turizm: deflyator,%,2017–2030,2025–2030,False,14,ACTUAL;Baseline,MOE REPORT 3 PAGES.xlsx/base 60!R53,Nazirlik (MU)
mn:bu60:turizm.elave_deyer,ministry:bottomup,Turizm: əlavə dəyər,mln AZN,2017–2030,2025–2030,False,14,ACTUAL;Baseline,MOE REPORT 3 PAGES.xlsx/base 60!R51,Nazirlik (MU)
mn:bu60:turizm.real_artim_tempi,ministry:bottomup,Turizm: real artım tempi,%,2017–2030,2025–2030,False,14,ACTUAL;Baseline,MOE REPORT 3 PAGES.xlsx/base 60!R52,Nazirlik (MU)
mn:bu60:udm,ministry:bottomup,ÜDM,mln AZN,2017–2030,2025–2030,False,14,ACTUAL;Baseline,MOE REPORT 3 PAGES.xlsx/base 60!R4,Nazirlik (MU)
mn:bu60:udm.deflyator,ministry:bottomup,ÜDM: deflyator,%,2017–2030,2025–2030,False,14,ACTUAL;Baseline,MOE REPORT 3 PAGES.xlsx/base 60!R7,Nazirlik (MU)
mn:bu60:udm.mln_usd,ministry:bottomup,ÜDM: mln USD,,2017–2030,2025–2030,False,14,ACTUAL;Baseline,MOE REPORT 3 PAGES.xlsx/base 60!R5,Nazirlik (MU)
mn:bu60:udm.real_artim_tempi,ministry:bottomup,ÜDM: real artım tempi,%,2017–2030,2025–2030,False,14,ACTUAL;Baseline,MOE REPORT 3 PAGES.xlsx/base 60!R6,Nazirlik (MU)
mn:bu60:udm_de_cekisi,ministry:bottomup,ÜDM-də çəkisi,%,2017–2030,2025–2030,False,14,ACTUAL;Baseline,MOE REPORT 3 PAGES.xlsx/base 60!R11,Nazirlik (MU)
mn:bu60:udm_de_cekisi.x,ministry:bottomup,ÜDM-də çəkisi,%,2017–2030,2025–2030,False,14,ACTUAL;Baseline,MOE REPORT 3 PAGES.xlsx/base 60!R15,Nazirlik (MU)
mn:bu60:xarici_investisiya,ministry:bottomup,Xarici investisiya,mln AZN,2017–2030,2025–2030,False,14,ACTUAL;Baseline,MOE REPORT 3 PAGES.xlsx/base 60!R104,Nazirlik (MU)
mn:bu60:xarici_investisiya.mln_usd,ministry:bottomup,Xarici investisiya: mln USD,,2017–2030,2025–2030,False,14,ACTUAL;Baseline,MOE REPORT 3 PAGES.xlsx/base 60!R105,Nazirlik (MU)
mn:bu60:xarici_investisiya.real_artim_tempi,ministry:bottomup,Xarici investisiya: real artım tempi,%,2017–2030,2025–2030,False,14,ACTUAL;Baseline,MOE REPORT 3 PAGES.xlsx/base 60!R106,Nazirlik (MU)
mn:bu60:xarici_qeyri_neft_qaz,ministry:bottomup,Xarici qeyri neft-qaz*,mln AZN,2019–2030,2025–2030,False,12,ACTUAL;Baseline,MOE REPORT 3 PAGES.xlsx/base 60!R107,Nazirlik (MU)
mn:bu60:xidmetler_xalis,ministry:bottomup,"Xidmətlər, xalis",mln. dollar,2017–2030,2025–2030,False,14,ACTUAL;Baseline,MOE REPORT 3 PAGES.xlsx/base 60!R133,Nazirlik (MU)
mn:bu60:xidmetlerin_istehsali,ministry:bottomup,Xidmətlərin istehsalı,"çəki, %",2017–2030,2025–2030,False,14,ACTUAL;Baseline,MOE REPORT 3 PAGES.xlsx/base 60!R42,Nazirlik (MU)
mn:bu60:xidmetlerin_istehsali.deflyator,ministry:bottomup,Xidmətlərin istehsalı: deflyator,%,2017–2030,2025–2030,False,14,ACTUAL;Baseline,MOE REPORT 3 PAGES.xlsx/base 60!R45,Nazirlik (MU)
mn:bu60:xidmetlerin_istehsali.elave_deyer,ministry:bottomup,Xidmətlərin istehsalı: əlavə dəyər,mln AZN,2017–2030,2025–2030,False,14,ACTUAL;Baseline,MOE REPORT 3 PAGES.xlsx/base 60!R43,Nazirlik (MU)
mn:bu60:xidmetlerin_istehsali.real_artim_tempi,ministry:bottomup,Xidmətlərin istehsalı: real artım tempi,%,2017–2030,2025–2030,False,14,ACTUAL;Baseline,MOE REPORT 3 PAGES.xlsx/base 60!R44,Nazirlik (MU)
mn:caem:og:abseron_daxili,ministry:caem,Abşeron daxili,million m3,2018–2029,2025–2029,False,8,ACTUAL;Baseline,CAEM.xlsx/Oil_and_gas_sector!R50,Nazirlik (MU)
mn:caem:og:abseron_yataginin_tam_miqyasli_islenmesi_daxili,ministry:caem,"""Abşeron"" yatağının tam miqyaslı işlənməsi (daxili)",million m3,2025–2029,2025–2029,False,5,Baseline,CAEM.xlsx/Oil_and_gas_sector!R51,Nazirlik (MU)
mn:caem:og:abseron_yataginin_tam_miqyasli_islenmesinden_ixr,ministry:caem,Abşeron yatağının tam miqyaslı işlənməsindən ixraca yönəldilən,million m3,2029–2029,2029–2029,False,1,Baseline,CAEM.xlsx/Oil_and_gas_sector!R55,Nazirlik (MU)
mn:caem:og:acg,ministry:caem,ACG,mln barel,2019–2029,2025–2029,False,11,ACTUAL;Baseline,CAEM.xlsx/Oil_and_gas_sector!R10,Nazirlik (MU)
mn:caem:og:acg.million_tons,ministry:caem,ACG,million tons,2021–2029,2025–2029,False,9,ACTUAL;Baseline,CAEM.xlsx/Oil_and_gas_sector!R28,Nazirlik (MU)
mn:caem:og:acg_associated_gas,ministry:caem,ACG associated gas,million m3,1995–2029,2025–2029,False,35,ACTUAL;Baseline,CAEM.xlsx/Oil_and_gas_sector!R41,Nazirlik (MU)
mn:caem:og:acg_derin_qaz_layihesi_ixrac,ministry:caem,ACG dərin qaz layihəsi ixrac,million m3,2024–2029,2025–2029,False,6,ACTUAL;Baseline,CAEM.xlsx/Oil_and_gas_sector!R42,Nazirlik (MU)
mn:caem:og:acg_marketable,ministry:caem,ACG (marketable),million tons,1995–2029,2025–2029,False,35,ACTUAL;Baseline,CAEM.xlsx/Oil_and_gas_sector!R29,Nazirlik (MU)
mn:caem:og:acq_derin_qaz_layihesi_uzre_qazin_socar_terefind,ministry:caem,ACQ dərin qaz layihəsi üzrə qazın SOCAR tərəfindən ixracı,million m3,2024–2029,2025–2029,False,6,ACTUAL;Baseline,CAEM.xlsx/Oil_and_gas_sector!R61,Nazirlik (MU)
mn:caem:og:aioc,ministry:caem,AIOC,million tons,2022–2029,2025–2029,False,8,ACTUAL;Baseline,CAEM.xlsx/Oil_and_gas_sector!R23,Nazirlik (MU)
mn:caem:og:azerbaycana_verilen,ministry:caem,Azərbaycana verilən,million m3,2017–2029,2025–2029,False,13,ACTUAL;Baseline,CAEM.xlsx/Oil_and_gas_sector!R44,Nazirlik (MU)
mn:caem:og:azerkontrakt_socara_qaytardigi_qazin_ixraci,ministry:caem,Azərkontrakt SOCARA qaytardığı qazın ixracı,million m3,2020–2029,2025–2029,False,8,ACTUAL;Baseline,CAEM.xlsx/Oil_and_gas_sector!R60,Nazirlik (MU)
mn:caem:og:azneft,ministry:caem,Azneft,million m3,2022–2029,2025–2029,False,8,ACTUAL;Baseline,CAEM.xlsx/Oil_and_gas_sector!R57,Nazirlik (MU)
mn:caem:og:azneft_turkiyeye_ixrac,ministry:caem,Azneft (Türkiyəyə ixrac),million m3,2025–2025,2025–2025,False,1,Baseline,CAEM.xlsx/Oil_and_gas_sector!R58,Nazirlik (MU)
mn:caem:og:bahar_ve_qum_deniz_daxile,ministry:caem,Bahar və Qum Dəniz  daxilə,million m3,2027–2029,2027–2029,False,3,Baseline,CAEM.xlsx/Oil_and_gas_sector!R52,Nazirlik (MU)
mn:caem:og:check,ministry:caem,Check,,2021–2029,2025–2029,False,9,ACTUAL;Baseline,CAEM.xlsx/Oil_and_gas_sector!R63,Nazirlik (MU)
mn:caem:og:check_2,ministry:caem,Check,,2022–2029,2025–2029,False,8,ACTUAL;Baseline,CAEM.xlsx/Oil_and_gas_sector!R64,Nazirlik (MU)
mn:caem:og:condensate,ministry:caem,Condensate,mln barel,2019–2029,2025–2029,False,11,ACTUAL;Baseline,CAEM.xlsx/Oil_and_gas_sector!R12,Nazirlik (MU)
mn:caem:og:condensate.million_tons,ministry:caem,Condensate,million tons,2021–2029,2025–2029,False,9,ACTUAL;Baseline,CAEM.xlsx/Oil_and_gas_sector!R30,Nazirlik (MU)
mn:caem:og:condensate_marketable,ministry:caem,Condensate (marketable),million tons,1995–2029,2025–2029,False,35,ACTUAL;Baseline,CAEM.xlsx/Oil_and_gas_sector!R31,Nazirlik (MU)
mn:caem:og:domestic,ministry:caem,Domestic,US$/ton,1995–2029,2025–2029,False,35,ACTUAL;Baseline,CAEM.xlsx/Oil_and_gas_sector!R73,Nazirlik (MU)
mn:caem:og:domestic.us_m3,ministry:caem,Domestic,US$/m3,1995–2029,2025–2029,False,35,ACTUAL;Baseline,CAEM.xlsx/Oil_and_gas_sector!R76,Nazirlik (MU)
mn:caem:og:domestic_consumption,ministry:caem,Domestic consumption,million tons,1995–2029,2025–2029,False,35,ACTUAL;Baseline,CAEM.xlsx/Oil_and_gas_sector!R21,Nazirlik (MU)
mn:caem:og:domestic_consumption.million_m3,ministry:caem,Domestic consumption,million m3,1995–2029,2025–2029,False,35,ACTUAL;Baseline,CAEM.xlsx/Oil_and_gas_sector!R38,Nazirlik (MU)
mn:caem:og:domestic_consumption.million_tons,ministry:caem,Domestic consumption,million tons,1995–2029,2025–2029,False,35,ACTUAL;Baseline,CAEM.xlsx/Oil_and_gas_sector!R35,Nazirlik (MU)
mn:caem:og:export_convertion_ratio,ministry:caem,export convertion ratio,,2019–2029,2025–2029,False,11,ACTUAL;Baseline,CAEM.xlsx/Oil_and_gas_sector!R17,Nazirlik (MU)
mn:caem:og:export_convertion_ratio_2,ministry:caem,export convertion ratio,,2022–2029,2025–2029,False,8,ACTUAL;Baseline,CAEM.xlsx/Oil_and_gas_sector!R18,Nazirlik (MU)
mn:caem:og:export_price,ministry:caem,Export price,US$/barrel,1995–2029,2025–2029,False,35,ACTUAL;Baseline,CAEM.xlsx/Oil_and_gas_sector!R71,Nazirlik (MU)
mn:caem:og:exports,ministry:caem,Exports,million tons,1995–2029,2025–2029,False,35,ACTUAL;Baseline,CAEM.xlsx/Oil_and_gas_sector!R22,Nazirlik (MU)
mn:caem:og:exports.million_m3,ministry:caem,Exports,million m3,1995–2029,2025–2029,False,35,ACTUAL;Baseline,CAEM.xlsx/Oil_and_gas_sector!R39,Nazirlik (MU)
mn:caem:og:exports.million_tons,ministry:caem,Exports,million tons,1995–2029,2025–2029,False,35,ACTUAL;Baseline,CAEM.xlsx/Oil_and_gas_sector!R36,Nazirlik (MU)
mn:caem:og:exports.us_ton,ministry:caem,Exports,US$/ton,1995–2029,2025–2029,False,35,ACTUAL;Baseline,CAEM.xlsx/Oil_and_gas_sector!R74,Nazirlik (MU)
mn:caem:og:f_erq,ministry:caem,f'ərq,million m3,2024–2029,2025–2029,False,6,ACTUAL;Baseline,CAEM.xlsx/Oil_and_gas_sector!R62,Nazirlik (MU)
mn:caem:og:future_fields_psas,ministry:caem,Future fields (PSAs),million m3,1995–2029,2025–2029,False,35,ACTUAL;Baseline,CAEM.xlsx/Oil_and_gas_sector!R45,Nazirlik (MU)
mn:caem:og:gas_production,ministry:caem,Gas production,million m3,1995–2029,2025–2029,False,35,ACTUAL;Baseline,CAEM.xlsx/Oil_and_gas_sector!R37,Nazirlik (MU)
mn:caem:og:idxal_edib_ixrac_etdiyi_qaz,ministry:caem,Idxal edib ixrac etdiyi qaz,million m3,2022–2023,,False,2,ACTUAL,CAEM.xlsx/Oil_and_gas_sector!R59,Nazirlik (MU)
mn:caem:og:in_constant_prices_millions_of.x,ministry:caem,in constant prices (millions of 2000 manat),,2020–2021,,False,2,ACTUAL,CAEM.xlsx/Oil_and_gas_sector!R7,Nazirlik (MU)
mn:caem:og:losses,ministry:caem,Losses,million m3,1995–2029,2025–2029,False,35,ACTUAL;Baseline,CAEM.xlsx/Oil_and_gas_sector!R40,Nazirlik (MU)
mn:caem:og:mm_esler,ministry:caem,MM-ƏŞlər,million tons,2021–2029,2025–2029,False,9,ACTUAL;Baseline,CAEM.xlsx/Oil_and_gas_sector!R26,Nazirlik (MU)
mn:caem:og:mm_esler_daxili,ministry:caem,MM-ƏŞlər daxili,million m3,2022–2029,2025–2029,False,8,ACTUAL;Baseline,CAEM.xlsx/Oil_and_gas_sector!R49,Nazirlik (MU)
mn:caem:og:mm_esler_export_price,ministry:caem,MM-ƏŞlər export price,US$/barrel,2022–2029,2025–2029,False,8,ACTUAL;Baseline,CAEM.xlsx/Oil_and_gas_sector!R68,Nazirlik (MU)
mn:caem:og:nqci_daxili,ministry:caem,NQÇİ daxili,million m3,2022–2029,2025–2029,False,8,ACTUAL;Baseline,CAEM.xlsx/Oil_and_gas_sector!R47,Nazirlik (MU)
mn:caem:og:nqci_ixrac,ministry:caem,NQÇİ ixrac,million m3,2022–2029,2025–2029,False,8,ACTUAL;Baseline,CAEM.xlsx/Oil_and_gas_sector!R48,Nazirlik (MU)
mn:caem:og:oil_convertion_ratio,ministry:caem,oil convertion ratio,,2019–2029,2025–2029,False,11,ACTUAL;Baseline,CAEM.xlsx/Oil_and_gas_sector!R9,Nazirlik (MU)
mn:caem:og:oil_convertion_ratio_2,ministry:caem,oil convertion ratio,,2019–2029,2025–2029,False,11,ACTUAL;Baseline,CAEM.xlsx/Oil_and_gas_sector!R11,Nazirlik (MU)
mn:caem:og:oil_convertion_ratio_3,ministry:caem,oil convertion ratio,,2019–2029,2025–2029,False,11,ACTUAL;Baseline,CAEM.xlsx/Oil_and_gas_sector!R13,Nazirlik (MU)
mn:caem:og:oil_convertion_ratio_4,ministry:caem,oil convertion ratio,,2019–2029,2025–2029,False,11,ACTUAL;Baseline,CAEM.xlsx/Oil_and_gas_sector!R15,Nazirlik (MU)
mn:caem:og:oil_derived_products,ministry:caem,Oil-derived products,million tons,1995–2029,2025–2029,False,35,ACTUAL;Baseline,CAEM.xlsx/Oil_and_gas_sector!R34,Nazirlik (MU)
mn:caem:og:oil_price_brent,ministry:caem,Oil price Brent,US$/barrel,1995–2029,2025–2029,False,35,ACTUAL;Baseline,CAEM.xlsx/Oil_and_gas_sector!R69,Nazirlik (MU)
mn:caem:og:oil_production,ministry:caem,Oil production,,2019–2029,2025–2029,False,11,ACTUAL;Baseline,CAEM.xlsx/Oil_and_gas_sector!R8,Nazirlik (MU)
mn:caem:og:oil_production.million_tons,ministry:caem,Oil production,million tons,2019–2029,2025–2029,False,11,ACTUAL;Baseline,CAEM.xlsx/Oil_and_gas_sector!R19,Nazirlik (MU)
mn:caem:og:oil_production_marketable,ministry:caem,Oil production (Marketable),million tons,1995–2029,2025–2029,False,35,ACTUAL;Baseline,CAEM.xlsx/Oil_and_gas_sector!R20,Nazirlik (MU)
mn:caem:og:sahdenizin_azerbaycana_verdiyinden_ixraca_yoneld,ministry:caem,Şahdənizin Azərbaycana verdiyindən ixraca yönəldilən,million m3,2024–2028,2025–2028,False,5,ACTUAL;Baseline,CAEM.xlsx/Oil_and_gas_sector!R54,Nazirlik (MU)
mn:caem:og:shah_deniz,ministry:caem,Shah Deniz,million m3,1995–2029,2025–2029,False,35,ACTUAL;Baseline,CAEM.xlsx/Oil_and_gas_sector!R43,Nazirlik (MU)
mn:caem:og:shahdeniz_exports,ministry:caem,Shahdeniz Exports,US$/m3,1995–2029,2025–2029,False,35,ACTUAL;Baseline,CAEM.xlsx/Oil_and_gas_sector!R77,Nazirlik (MU)
mn:caem:og:socar,ministry:caem,SOCAR,mln barel,2019–2029,2025–2029,False,11,ACTUAL;Baseline,CAEM.xlsx/Oil_and_gas_sector!R14,Nazirlik (MU)
mn:caem:og:socar.million_m3,ministry:caem,SOCAR,million m3,1995–2029,2025–2029,False,35,ACTUAL;Baseline,CAEM.xlsx/Oil_and_gas_sector!R46,Nazirlik (MU)
mn:caem:og:socar.million_tons,ministry:caem,SOCAR,million tons,1995–2029,2025–2029,False,35,ACTUAL;Baseline,CAEM.xlsx/Oil_and_gas_sector!R32,Nazirlik (MU)
mn:caem:og:socar_domestic_price,ministry:caem,SOCAR domestic price,US$/T,2019–2029,2025–2029,False,11,ACTUAL;Baseline,CAEM.xlsx/Oil_and_gas_sector!R67,Nazirlik (MU)
mn:caem:og:socar_export,ministry:caem,SOCAR export,million m3,2019–2024,,False,6,ACTUAL,CAEM.xlsx/Oil_and_gas_sector!R56,Nazirlik (MU)
mn:caem:og:socar_export.us_m3,ministry:caem,SOCAR export,US$/m3,2019–2029,2025–2029,False,11,ACTUAL;Baseline,CAEM.xlsx/Oil_and_gas_sector!R79,Nazirlik (MU)
mn:caem:og:socar_export_price,ministry:caem,SOCAR export price,US$/barrel,2019–2029,2025–2029,False,11,ACTUAL;Baseline,CAEM.xlsx/Oil_and_gas_sector!R66,Nazirlik (MU)
mn:caem:og:socar_marketable,ministry:caem,SOCAR (marketable),million tons,2017–2029,2025–2029,False,13,ACTUAL;Baseline,CAEM.xlsx/Oil_and_gas_sector!R33,Nazirlik (MU)
mn:caem:og:socar_mm_es_yeni_yataqlar,ministry:caem,SOCAR+MM-ƏŞ+yeni yataqlar,million tons,2019–2029,2025–2029,False,11,ACTUAL;Baseline,CAEM.xlsx/Oil_and_gas_sector!R24,Nazirlik (MU)
mn:caem:og:socar_nqci,ministry:caem,SOCAR NQÇİ,million tons,2022–2029,2025–2029,False,8,ACTUAL;Baseline,CAEM.xlsx/Oil_and_gas_sector!R25,Nazirlik (MU)
mn:caem:og:socar_other_export,ministry:caem,SOCAR other export,US$/m3,2022–2025,2025–2025,False,4,ACTUAL;Baseline,CAEM.xlsx/Oil_and_gas_sector!R80,Nazirlik (MU)
mn:caem:og:transport_cost,ministry:caem,Transport cost,US$/barrel,1995–2029,2025–2029,False,35,ACTUAL;Baseline,CAEM.xlsx/Oil_and_gas_sector!R70,Nazirlik (MU)
mn:caem:og:yeni_yataqlar,ministry:caem,Yeni yataqlar,million tons,2021–2029,2025–2029,False,9,ACTUAL;Baseline,CAEM.xlsx/Oil_and_gas_sector!R27,Nazirlik (MU)
mn:caem:rep:add_value,ministry:caem,add value,mln AZN,2024–2029,2025–2029,False,6,ACTUAL;Baseline,CAEM.xlsx/MOE_report!R43,Nazirlik (MU)
mn:caem:rep:add_value.deflator,ministry:caem,add value: deflator,%,2025–2029,2025–2029,False,5,Baseline,CAEM.xlsx/MOE_report!R45,Nazirlik (MU)
mn:caem:rep:add_value.deflator.x,ministry:caem,add value: deflator,%,2025–2029,2025–2029,False,5,Baseline,CAEM.xlsx/MOE_report!R49,Nazirlik (MU)
mn:caem:rep:add_value.deflator.x_10,ministry:caem,add value: deflator,%,2025–2029,2025–2029,False,5,Baseline,CAEM.xlsx/MOE_report!R85,Nazirlik (MU)
mn:caem:rep:add_value.deflator.x_11,ministry:caem,add value: deflator,%,2025–2029,2025–2029,False,5,Baseline,CAEM.xlsx/MOE_report!R89,Nazirlik (MU)
mn:caem:rep:add_value.deflator.x_2,ministry:caem,add value: deflator,%,2025–2029,2025–2029,False,5,Baseline,CAEM.xlsx/MOE_report!R53,Nazirlik (MU)
mn:caem:rep:add_value.deflator.x_3,ministry:caem,add value: deflator,%,2025–2029,2025–2029,False,5,Baseline,CAEM.xlsx/MOE_report!R57,Nazirlik (MU)
mn:caem:rep:add_value.deflator.x_4,ministry:caem,add value: deflator,%,2025–2029,2025–2029,False,5,Baseline,CAEM.xlsx/MOE_report!R61,Nazirlik (MU)
mn:caem:rep:add_value.deflator.x_5,ministry:caem,add value: deflator,%,2025–2029,2025–2029,False,5,Baseline,CAEM.xlsx/MOE_report!R65,Nazirlik (MU)
mn:caem:rep:add_value.deflator.x_6,ministry:caem,add value: deflator,%,2025–2029,2025–2029,False,5,Baseline,CAEM.xlsx/MOE_report!R69,Nazirlik (MU)
mn:caem:rep:add_value.deflator.x_7,ministry:caem,add value: deflator,%,2025–2029,2025–2029,False,5,Baseline,CAEM.xlsx/MOE_report!R73,Nazirlik (MU)
mn:caem:rep:add_value.deflator.x_8,ministry:caem,add value: deflator,%,2025–2029,2025–2029,False,5,Baseline,CAEM.xlsx/MOE_report!R77,Nazirlik (MU)
mn:caem:rep:add_value.deflator.x_9,ministry:caem,add value: deflator,%,2025–2029,2025–2029,False,5,Baseline,CAEM.xlsx/MOE_report!R81,Nazirlik (MU)
mn:caem:rep:add_value.mln_azn,ministry:caem,add value,mln AZN,2024–2029,2025–2029,False,6,ACTUAL;Baseline,CAEM.xlsx/MOE_report!R47,Nazirlik (MU)
mn:caem:rep:add_value.mln_azn_10,ministry:caem,add value,mln AZN,2024–2029,2025–2029,False,6,ACTUAL;Baseline,CAEM.xlsx/MOE_report!R83,Nazirlik (MU)
mn:caem:rep:add_value.mln_azn_11,ministry:caem,add value,mln AZN,2024–2029,2025–2029,False,6,ACTUAL;Baseline,CAEM.xlsx/MOE_report!R87,Nazirlik (MU)
mn:caem:rep:add_value.mln_azn_2,ministry:caem,add value,mln AZN,2024–2029,2025–2029,False,6,ACTUAL;Baseline,CAEM.xlsx/MOE_report!R51,Nazirlik (MU)
mn:caem:rep:add_value.mln_azn_3,ministry:caem,add value,mln AZN,2024–2029,2025–2029,False,6,ACTUAL;Baseline,CAEM.xlsx/MOE_report!R55,Nazirlik (MU)
mn:caem:rep:add_value.mln_azn_4,ministry:caem,add value,mln AZN,2024–2029,2025–2029,False,6,ACTUAL;Baseline,CAEM.xlsx/MOE_report!R59,Nazirlik (MU)
mn:caem:rep:add_value.mln_azn_5,ministry:caem,add value,mln AZN,2024–2029,2025–2029,False,6,ACTUAL;Baseline,CAEM.xlsx/MOE_report!R63,Nazirlik (MU)
mn:caem:rep:add_value.mln_azn_6,ministry:caem,add value,mln AZN,2024–2029,2025–2029,False,6,ACTUAL;Baseline,CAEM.xlsx/MOE_report!R67,Nazirlik (MU)
mn:caem:rep:add_value.mln_azn_7,ministry:caem,add value,mln AZN,2024–2029,2025–2029,False,6,ACTUAL;Baseline,CAEM.xlsx/MOE_report!R71,Nazirlik (MU)
mn:caem:rep:add_value.mln_azn_8,ministry:caem,add value,mln AZN,2024–2029,2025–2029,False,6,ACTUAL;Baseline,CAEM.xlsx/MOE_report!R75,Nazirlik (MU)
mn:caem:rep:add_value.mln_azn_9,ministry:caem,add value,mln AZN,2024–2029,2025–2029,False,6,ACTUAL;Baseline,CAEM.xlsx/MOE_report!R79,Nazirlik (MU)
mn:caem:rep:add_value.real_growth_rate,ministry:caem,add value: real growth rate,%,2024–2029,2025–2029,False,6,ACTUAL;Baseline,CAEM.xlsx/MOE_report!R44,Nazirlik (MU)
mn:caem:rep:add_value.real_growth_rate.x,ministry:caem,add value: real growth rate,%,2025–2029,2025–2029,False,5,Baseline,CAEM.xlsx/MOE_report!R48,Nazirlik (MU)
mn:caem:rep:add_value.real_growth_rate.x_10,ministry:caem,add value: real growth rate,%,2024–2029,2025–2029,False,6,ACTUAL;Baseline,CAEM.xlsx/MOE_report!R84,Nazirlik (MU)
mn:caem:rep:add_value.real_growth_rate.x_11,ministry:caem,add value: real growth rate,%,2025–2029,2025–2029,False,5,Baseline,CAEM.xlsx/MOE_report!R88,Nazirlik (MU)
mn:caem:rep:add_value.real_growth_rate.x_2,ministry:caem,add value: real growth rate,%,2025–2029,2025–2029,False,5,Baseline,CAEM.xlsx/MOE_report!R52,Nazirlik (MU)
mn:caem:rep:add_value.real_growth_rate.x_3,ministry:caem,add value: real growth rate,%,2025–2029,2025–2029,False,5,Baseline,CAEM.xlsx/MOE_report!R56,Nazirlik (MU)
mn:caem:rep:add_value.real_growth_rate.x_4,ministry:caem,add value: real growth rate,%,2024–2029,2025–2029,False,6,ACTUAL;Baseline,CAEM.xlsx/MOE_report!R60,Nazirlik (MU)
mn:caem:rep:add_value.real_growth_rate.x_5,ministry:caem,add value: real growth rate,%,2025–2029,2025–2029,False,5,Baseline,CAEM.xlsx/MOE_report!R64,Nazirlik (MU)
mn:caem:rep:add_value.real_growth_rate.x_6,ministry:caem,add value: real growth rate,%,2024–2029,2025–2029,False,6,ACTUAL;Baseline,CAEM.xlsx/MOE_report!R68,Nazirlik (MU)
mn:caem:rep:add_value.real_growth_rate.x_7,ministry:caem,add value: real growth rate,%,2024–2029,2025–2029,False,6,ACTUAL;Baseline,CAEM.xlsx/MOE_report!R72,Nazirlik (MU)
mn:caem:rep:add_value.real_growth_rate.x_8,ministry:caem,add value: real growth rate,%,2024–2029,2025–2029,False,6,ACTUAL;Baseline,CAEM.xlsx/MOE_report!R76,Nazirlik (MU)
mn:caem:rep:add_value.real_growth_rate.x_9,ministry:caem,add value: real growth rate,%,2024–2029,2025–2029,False,6,ACTUAL;Baseline,CAEM.xlsx/MOE_report!R80,Nazirlik (MU)
mn:caem:rep:agriculture,ministry:caem,Agriculture,% of GDP,2024–2029,2025–2029,False,6,ACTUAL;Baseline,CAEM.xlsx/MOE_report!R42,Nazirlik (MU)
mn:caem:rep:cab_gdp,ministry:caem,CAB/GDP,%,2024–2029,2025–2029,False,6,ACTUAL;Baseline,CAEM.xlsx/MOE_report!R124,Nazirlik (MU)
mn:caem:rep:changes_in_inventories,ministry:caem,Changes in inventories,%,2025–2029,2025–2029,False,5,Baseline,CAEM.xlsx/MOE_report!R11,Nazirlik (MU)
mn:caem:rep:changes_in_inventories.mln_manat,ministry:caem,Changes in inventories,mln manat,2024–2029,2025–2029,False,6,ACTUAL;Baseline,CAEM.xlsx/MOE_report!R22,Nazirlik (MU)
mn:caem:rep:construction,ministry:caem,Construction,% of GDP,2024–2029,2025–2029,False,6,ACTUAL;Baseline,CAEM.xlsx/MOE_report!R58,Nazirlik (MU)
mn:caem:rep:current_account_balance,ministry:caem,Current account balance,mln dollar,2024–2029,2025–2029,False,6,ACTUAL;Baseline,CAEM.xlsx/MOE_report!R105,Nazirlik (MU)
mn:caem:rep:exchange_rate,ministry:caem,Exchange rate,AZN/USD,2024–2029,2025–2029,False,6,ACTUAL;Baseline,CAEM.xlsx/MOE_report!R122,Nazirlik (MU)
mn:caem:rep:export,ministry:caem,Export,%,2025–2029,2025–2029,False,5,Baseline,CAEM.xlsx/MOE_report!R12,Nazirlik (MU)
mn:caem:rep:export.mln_dollar,ministry:caem,Export,mln dollar,2024–2029,2025–2029,False,6,ACTUAL;Baseline,CAEM.xlsx/MOE_report!R107,Nazirlik (MU)
mn:caem:rep:export.mln_dollar_2,ministry:caem,export,mln dollar,2024–2029,2025–2029,False,6,ACTUAL;Baseline,CAEM.xlsx/MOE_report!R113,Nazirlik (MU)
mn:caem:rep:export.mln_manat,ministry:caem,Export,mln manat,2024–2029,2025–2029,False,6,ACTUAL;Baseline,CAEM.xlsx/MOE_report!R23,Nazirlik (MU)
mn:caem:rep:gdp,ministry:caem,GDP,mln manat,2024–2029,2025–2029,False,6,ACTUAL;Baseline,CAEM.xlsx/MOE_report!R15,Nazirlik (MU)
mn:caem:rep:gdp.deflator,ministry:caem,GDP: deflator,%,2025–2029,2025–2029,False,5,Baseline,CAEM.xlsx/MOE_report!R32,Nazirlik (MU)
mn:caem:rep:gdp.mln_azn,ministry:caem,GDP,mln AZN,2024–2029,2025–2029,False,6,ACTUAL;Baseline,CAEM.xlsx/MOE_report!R29,Nazirlik (MU)
mn:caem:rep:gdp.mln_usd,ministry:caem,GDP: mln USD,,2024–2029,2025–2029,False,6,ACTUAL;Baseline,CAEM.xlsx/MOE_report!R30,Nazirlik (MU)
mn:caem:rep:gdp.real_growth_rate,ministry:caem,GDP: real growth rate,%,2025–2029,2025–2029,False,5,Baseline,CAEM.xlsx/MOE_report!R31,Nazirlik (MU)
mn:caem:rep:gdp_real_growth_rate,ministry:caem,GDP real growth rate,,2025–2029,2025–2029,False,5,Baseline,CAEM.xlsx/MOE_report!R3,Nazirlik (MU)
mn:caem:rep:gdp_real_growth_rate.x,ministry:caem,GDP real growth rate,%,2025–2029,2025–2029,False,5,Baseline,CAEM.xlsx/MOE_report!R4,Nazirlik (MU)
mn:caem:rep:import,ministry:caem,Import,%,2025–2029,2025–2029,False,5,Baseline,CAEM.xlsx/MOE_report!R13,Nazirlik (MU)
mn:caem:rep:import.mln_dollar,ministry:caem,Import,mln dollar,2024–2029,2025–2029,False,6,ACTUAL;Baseline,CAEM.xlsx/MOE_report!R109,Nazirlik (MU)
mn:caem:rep:import.mln_dollar_2,ministry:caem,Import,mln dollar,2024–2029,2025–2029,False,6,ACTUAL;Baseline,CAEM.xlsx/MOE_report!R116,Nazirlik (MU)
mn:caem:rep:import.mln_manat,ministry:caem,Import,mln manat,2024–2029,2025–2029,False,6,ACTUAL;Baseline,CAEM.xlsx/MOE_report!R24,Nazirlik (MU)
mn:caem:rep:industry,ministry:caem,Industry,% of GDP,2024–2029,2025–2029,False,6,ACTUAL;Baseline,CAEM.xlsx/MOE_report!R46,Nazirlik (MU)
mn:caem:rep:inflation_cpi_average_annual,ministry:caem,"Inflation (CPI, average annual)",%,2024–2029,2025–2029,False,6,ACTUAL;Baseline,CAEM.xlsx/MOE_report!R103,Nazirlik (MU)
mn:caem:rep:information_and_communication,ministry:caem,Information and Communication,% of GDP,2024–2029,2025–2029,False,6,ACTUAL;Baseline,CAEM.xlsx/MOE_report!R78,Nazirlik (MU)
mn:caem:rep:non_oil_and_gas_industry,ministry:caem,Non-oil and gas industry,% of GDP,2024–2029,2025–2029,False,6,ACTUAL;Baseline,CAEM.xlsx/MOE_report!R54,Nazirlik (MU)
mn:caem:rep:non_oil_and_gas_sector,ministry:caem,Non-oil and gas sector,mln AZN,2024–2029,2025–2029,False,6,ACTUAL;Baseline,CAEM.xlsx/MOE_report!R37,Nazirlik (MU)
mn:caem:rep:non_oil_and_gas_sector.deflator,ministry:caem,Non-oil and gas sector: deflator,%,2025–2029,2025–2029,False,5,Baseline,CAEM.xlsx/MOE_report!R39,Nazirlik (MU)
mn:caem:rep:non_oil_and_gas_sector.mln_dollar,ministry:caem,Non-oil and gas sector,mln dollar,2024–2029,2025–2029,False,6,ACTUAL;Baseline,CAEM.xlsx/MOE_report!R111,Nazirlik (MU)
mn:caem:rep:non_oil_and_gas_sector.mln_dollar_2,ministry:caem,Non-oil and gas sector,mln dollar,2024–2029,2025–2029,False,6,ACTUAL;Baseline,CAEM.xlsx/MOE_report!R115,Nazirlik (MU)
mn:caem:rep:non_oil_and_gas_sector.mln_dollar_3,ministry:caem,Non-oil and gas sector,mln dollar,2024–2029,2025–2029,False,6,ACTUAL;Baseline,CAEM.xlsx/MOE_report!R118,Nazirlik (MU)
mn:caem:rep:non_oil_and_gas_sector.real_growth_rate,ministry:caem,Non-oil and gas sector: real growth rate,%,2025–2029,2025–2029,False,5,Baseline,CAEM.xlsx/MOE_report!R38,Nazirlik (MU)
mn:caem:rep:non_oil_export,ministry:caem,Non-oil export,mln dollar,2024–2029,2025–2029,False,6,ACTUAL;Baseline,CAEM.xlsx/MOE_report!R108,Nazirlik (MU)
mn:caem:rep:non_oil_investment,ministry:caem,Non-oil investment,%,2025–2029,2025–2029,False,5,Baseline,CAEM.xlsx/MOE_report!R9,Nazirlik (MU)
mn:caem:rep:non_oil_investment.mln_manat,ministry:caem,Non-oil investment,mln manat,2024–2029,2025–2029,False,6,ACTUAL;Baseline,CAEM.xlsx/MOE_report!R20,Nazirlik (MU)
mn:caem:rep:non_oil_sector,ministry:caem,Non-oil sector,mln AZN,2024–2029,2025–2029,False,6,ACTUAL;Baseline,CAEM.xlsx/MOE_report!R92,Nazirlik (MU)
mn:caem:rep:non_oil_sector.real_growth_rate,ministry:caem,Non-oil sector: real growth rate,%,2024–2029,2025–2029,False,6,ACTUAL;Baseline,CAEM.xlsx/MOE_report!R93,Nazirlik (MU)
mn:caem:rep:oil_and_gas_industry,ministry:caem,Oil and gas industry,% of GDP,2024–2029,2025–2029,False,6,ACTUAL;Baseline,CAEM.xlsx/MOE_report!R50,Nazirlik (MU)
mn:caem:rep:oil_and_gas_sector,ministry:caem,Oil and gas sector,mln AZN,2024–2029,2025–2029,False,6,ACTUAL;Baseline,CAEM.xlsx/MOE_report!R33,Nazirlik (MU)
mn:caem:rep:oil_and_gas_sector.deflator,ministry:caem,Oil and gas sector: deflator,%,2025–2029,2025–2029,False,5,Baseline,CAEM.xlsx/MOE_report!R35,Nazirlik (MU)
mn:caem:rep:oil_and_gas_sector.mln_dollar,ministry:caem,Oil and gas sector,mln dollar,2024–2029,2025–2029,False,6,ACTUAL;Baseline,CAEM.xlsx/MOE_report!R110,Nazirlik (MU)
mn:caem:rep:oil_and_gas_sector.mln_dollar_2,ministry:caem,Oil and gas sector,mln dollar,2024–2029,2025–2029,False,6,ACTUAL;Baseline,CAEM.xlsx/MOE_report!R114,Nazirlik (MU)
mn:caem:rep:oil_and_gas_sector.mln_dollar_3,ministry:caem,Oil and gas sector,mln dollar,2024–2029,2025–2029,False,6,ACTUAL;Baseline,CAEM.xlsx/MOE_report!R117,Nazirlik (MU)
mn:caem:rep:oil_and_gas_sector.real_growth_rate,ministry:caem,Oil and gas sector: real growth rate,%,2025–2029,2025–2029,False,5,Baseline,CAEM.xlsx/MOE_report!R34,Nazirlik (MU)
mn:caem:rep:oil_investment,ministry:caem,Oil investment,%,2025–2029,2025–2029,False,5,Baseline,CAEM.xlsx/MOE_report!R10,Nazirlik (MU)
mn:caem:rep:oil_investment.mln_manat,ministry:caem,Oil investment,mln manat,2024–2029,2025–2029,False,6,ACTUAL;Baseline,CAEM.xlsx/MOE_report!R21,Nazirlik (MU)
mn:caem:rep:oil_price,ministry:caem,Oil price,USD/barel,2024–2029,2025–2029,False,6,ACTUAL;Baseline,CAEM.xlsx/MOE_report!R123,Nazirlik (MU)
mn:caem:rep:oil_sector,ministry:caem,Oil sector,mln AZN,2024–2029,2025–2029,False,6,ACTUAL;Baseline,CAEM.xlsx/MOE_report!R90,Nazirlik (MU)
mn:caem:rep:oil_sector.real_growth_rate,ministry:caem,Oil sector: real growth rate,%,2024–2029,2025–2029,False,6,ACTUAL;Baseline,CAEM.xlsx/MOE_report!R91,Nazirlik (MU)
mn:caem:rep:overall_balance,ministry:caem,Overall balance,mln AZN,2024–2029,2025–2029,False,6,ACTUAL;Baseline,CAEM.xlsx/MOE_report!R97,Nazirlik (MU)
mn:caem:rep:primary_income_net,ministry:caem,"Primary income, net",mln dollar,2024–2029,2025–2029,False,6,ACTUAL;Baseline,CAEM.xlsx/MOE_report!R119,Nazirlik (MU)
mn:caem:rep:private_consumption,ministry:caem,Private Consumption,%,2025–2029,2025–2029,False,5,Baseline,CAEM.xlsx/MOE_report!R6,Nazirlik (MU)
mn:caem:rep:private_consumption.mln_manat,ministry:caem,Private Consumption,mln manat,2024–2029,2025–2029,False,6,ACTUAL;Baseline,CAEM.xlsx/MOE_report!R17,Nazirlik (MU)
mn:caem:rep:public_consumption,ministry:caem,Public Consumption,%,2025–2029,2025–2029,False,5,Baseline,CAEM.xlsx/MOE_report!R7,Nazirlik (MU)
mn:caem:rep:public_consumption.mln_manat,ministry:caem,Public Consumption,mln manat,2024–2029,2025–2029,False,6,ACTUAL;Baseline,CAEM.xlsx/MOE_report!R18,Nazirlik (MU)
mn:caem:rep:secondary_income_net,ministry:caem,"Secondary income, net",mln dollar,2024–2029,2025–2029,False,6,ACTUAL;Baseline,CAEM.xlsx/MOE_report!R120,Nazirlik (MU)
mn:caem:rep:services,ministry:caem,Services,% of GDP,2024–2029,2025–2029,False,6,ACTUAL;Baseline,CAEM.xlsx/MOE_report!R62,Nazirlik (MU)
mn:caem:rep:services_net,ministry:caem,"Services, net",mln dollar,2024–2029,2025–2029,False,6,ACTUAL;Baseline,CAEM.xlsx/MOE_report!R112,Nazirlik (MU)
mn:caem:rep:share_in_gdp,ministry:caem,Share in GDP,%,2024–2029,2025–2029,False,6,ACTUAL;Baseline,CAEM.xlsx/MOE_report!R36,Nazirlik (MU)
mn:caem:rep:share_in_gdp.x,ministry:caem,Share in GDP,%,2024–2029,2025–2029,False,6,ACTUAL;Baseline,CAEM.xlsx/MOE_report!R40,Nazirlik (MU)
mn:caem:rep:social_and_other_services,ministry:caem,Social and other services,% of GDP,2024–2029,2025–2029,False,6,ACTUAL;Baseline,CAEM.xlsx/MOE_report!R82,Nazirlik (MU)
mn:caem:rep:sofaz_s_assets,ministry:caem,SOFAZ's assets,mln USD,2024–2029,2025–2029,False,6,ACTUAL;Baseline,CAEM.xlsx/MOE_report!R101,Nazirlik (MU)
mn:caem:rep:sofaz_s_expenses,ministry:caem,SOFAZ's expenses,mln AZN,2024–2029,2025–2029,False,6,ACTUAL;Baseline,CAEM.xlsx/MOE_report!R99,Nazirlik (MU)
mn:caem:rep:sofaz_s_revenues,ministry:caem,SOFAZ's revenues,mln AZN,2024–2029,2025–2029,False,6,ACTUAL;Baseline,CAEM.xlsx/MOE_report!R98,Nazirlik (MU)
mn:caem:rep:state_budget_expenses,ministry:caem,State budget expenses,mln AZN,2024–2029,2025–2029,False,6,ACTUAL;Baseline,CAEM.xlsx/MOE_report!R96,Nazirlik (MU)
mn:caem:rep:state_budget_revenues,ministry:caem,State budget revenues,mln AZN,2024–2029,2025–2029,False,6,ACTUAL;Baseline,CAEM.xlsx/MOE_report!R95,Nazirlik (MU)
mn:caem:rep:statistical_discrepancy,ministry:caem,Statistical discrepancy,%,2025–2029,2025–2029,False,5,Baseline,CAEM.xlsx/MOE_report!R14,Nazirlik (MU)
mn:caem:rep:statistical_discrepancy.mln_manat,ministry:caem,Statistical discrepancy,mln manat,2024–2029,2025–2029,False,6,ACTUAL;Baseline,CAEM.xlsx/MOE_report!R25,Nazirlik (MU)
mn:caem:rep:taxes_less_subsidies_on_products,ministry:caem,Taxes Less Subsidies on Products,% of GDP,2024–2029,2025–2029,False,6,ACTUAL;Baseline,CAEM.xlsx/MOE_report!R86,Nazirlik (MU)
mn:caem:rep:tourism,ministry:caem,Tourism,% of GDP,2024–2029,2025–2029,False,6,ACTUAL;Baseline,CAEM.xlsx/MOE_report!R70,Nazirlik (MU)
mn:caem:rep:trade,ministry:caem,Trade,% of GDP,2024–2029,2025–2029,False,6,ACTUAL;Baseline,CAEM.xlsx/MOE_report!R66,Nazirlik (MU)
mn:caem:rep:trade_balance,ministry:caem,Trade balance,mln dollar,2024–2029,2025–2029,False,6,ACTUAL;Baseline,CAEM.xlsx/MOE_report!R106,Nazirlik (MU)
mn:caem:rep:transfer,ministry:caem,Transfer,mln AZN,2024–2029,2025–2029,False,6,ACTUAL;Baseline,CAEM.xlsx/MOE_report!R100,Nazirlik (MU)
mn:caem:rep:transport,ministry:caem,Transport,% of GDP,2024–2029,2025–2029,False,6,ACTUAL;Baseline,CAEM.xlsx/MOE_report!R74,Nazirlik (MU)
mn:caem:sei:broad_money,ministry:caem,Broad money,,2014–2029,2025–2029,False,16,ACTUAL;Baseline,CAEM.xlsx/6a. SEI!R57,Nazirlik (MU)
mn:caem:sei:central_government,ministry:caem,Central Government,,2014–2029,2025–2029,False,16,ACTUAL;Baseline,CAEM.xlsx/6a. SEI!R54,Nazirlik (MU)
mn:caem:sei:change_in_private_sector_credit_percentage_point,ministry:caem,"Change in private sector credit, percentage points of GDP",,2015–2029,2025–2029,False,15,ACTUAL;Baseline,CAEM.xlsx/6a. SEI!R56,Nazirlik (MU)
mn:caem:sei:consumption_growth_percent,ministry:caem,"Consumption growth, percent",,2015–2029,2025–2029,False,15,ACTUAL;Baseline,CAEM.xlsx/6a. SEI!R12,Nazirlik (MU)
mn:caem:sei:cpi_inflation,ministry:caem,CPI Inflation,,2014–2029,2025–2029,False,16,ACTUAL;Baseline,CAEM.xlsx/6a. SEI!R19,Nazirlik (MU)
mn:caem:sei:credit_to_the_private_sector,ministry:caem,Credit to the Private Sector,,2014–2029,2025–2029,False,16,ACTUAL;Baseline,CAEM.xlsx/6a. SEI!R55,Nazirlik (MU)
mn:caem:sei:current_account_percent_of_gdp,ministry:caem,"Current Account, percent of GDP",,2014–2029,2025–2029,False,16,ACTUAL;Baseline,CAEM.xlsx/6a. SEI!R37,Nazirlik (MU)
mn:caem:sei:domestic_demand_growth_percent,ministry:caem,"Domestic Demand Growth, percent",,2015–2029,2025–2029,False,15,ACTUAL;Baseline,CAEM.xlsx/6a. SEI!R11,Nazirlik (MU)
mn:caem:sei:effective_lending_rate_gel,ministry:caem,Effective lending rate (GEL),,2014–2029,2025–2029,False,16,ACTUAL;Baseline,CAEM.xlsx/6a. SEI!R22,Nazirlik (MU)
mn:caem:sei:expenditure_percent_of_gdp,ministry:caem,"Expenditure, percent of GDP",,2014–2029,2025–2029,False,16,ACTUAL;Baseline,CAEM.xlsx/6a. SEI!R29,Nazirlik (MU)
mn:caem:sei:exports_of_g_s_growth_percent,ministry:caem,"Exports of G&S growth, percent",,2014–2029,2025–2029,False,16,ACTUAL;Baseline,CAEM.xlsx/6a. SEI!R16,Nazirlik (MU)
mn:caem:sei:external_debt_percent_of_gdp,ministry:caem,"External debt, percent of GDP",,2014–2029,2025–2029,False,16,ACTUAL;Baseline,CAEM.xlsx/6a. SEI!R43,Nazirlik (MU)
mn:caem:sei:gdp_deflator_percent,ministry:caem,"GDP deflator, percent",,2014–2029,2025–2029,False,16,ACTUAL;Baseline,CAEM.xlsx/6a. SEI!R20,Nazirlik (MU)
mn:caem:sei:government_domestic_debt_percent_of_gdp,ministry:caem,"Government Domestic debt, percent of GDP",,2018–2029,2025–2029,False,12,ACTUAL;Baseline,CAEM.xlsx/6a. SEI!R32,Nazirlik (MU)
mn:caem:sei:government_external_debt_percent_of_gdp,ministry:caem,"Government External debt, percent of GDP",,2018–2029,2025–2029,False,12,ACTUAL;Baseline,CAEM.xlsx/6a. SEI!R33,Nazirlik (MU)
mn:caem:sei:imports_of_g_s_growth_percent,ministry:caem,"Imports of G&S growth, percent",,2014–2029,2025–2029,False,16,ACTUAL;Baseline,CAEM.xlsx/6a. SEI!R17,Nazirlik (MU)
mn:caem:sei:nda,ministry:caem,NDA,,2014–2029,2025–2029,False,16,ACTUAL;Baseline,CAEM.xlsx/6a. SEI!R53,Nazirlik (MU)
mn:caem:sei:net_fdi_percent_of_gdp,ministry:caem,"Net  FDI, percent of GDP",,2014–2029,2025–2029,False,16,ACTUAL;Baseline,CAEM.xlsx/6a. SEI!R38,Nazirlik (MU)
mn:caem:sei:net_iip_percent_of_gdp,ministry:caem,"Net IIP, percent of GDP",,2014–2022,,False,9,ACTUAL,CAEM.xlsx/6a. SEI!R42,Nazirlik (MU)
mn:caem:sei:net_portfolio_other_investment_percent_of_gdp,ministry:caem,"Net Portfolio & other investment, percent of GDP",,2014–2029,2025–2029,False,16,ACTUAL;Baseline,CAEM.xlsx/6a. SEI!R39,Nazirlik (MU)
mn:caem:sei:nfa,ministry:caem,NFA,,2014–2029,2025–2029,False,16,ACTUAL;Baseline,CAEM.xlsx/6a. SEI!R52,Nazirlik (MU)
mn:caem:sei:overall_fiscal_balance_net_lending_percent_of_gd,ministry:caem,"Overall fiscal balance (net lending), percent of GDP",,2014–2029,2025–2029,False,16,ACTUAL;Baseline,CAEM.xlsx/6a. SEI!R30,Nazirlik (MU)
mn:caem:sei:private,ministry:caem,Private,,2014–2029,2025–2029,False,16,ACTUAL;Baseline,CAEM.xlsx/6a. SEI!R13,Nazirlik (MU)
mn:caem:sei:private_2,ministry:caem,Private,,2014–2029,2025–2029,False,16,ACTUAL;Baseline,CAEM.xlsx/6a. SEI!R47,Nazirlik (MU)
mn:caem:sei:private_sector_credit_gap,ministry:caem,Private sector credit gap,,2015–2029,2025–2029,False,15,ACTUAL;Baseline,CAEM.xlsx/6a. SEI!R58,Nazirlik (MU)
mn:caem:sei:public,ministry:caem,Public,,2015–2029,2025–2029,False,15,ACTUAL;Baseline,CAEM.xlsx/6a. SEI!R14,Nazirlik (MU)
mn:caem:sei:public_2,ministry:caem,Public,,2014–2029,2025–2029,False,16,ACTUAL;Baseline,CAEM.xlsx/6a. SEI!R48,Nazirlik (MU)
mn:caem:sei:real_effective_exchange_rate_index_2010_100,ministry:caem,"Real effective exchange rate (Index, 2010=100)",,2014–2029,2025–2029,False,16,ACTUAL;Baseline,CAEM.xlsx/6a. SEI!R24,Nazirlik (MU)
mn:caem:sei:real_growth_percent,ministry:caem,"Real growth, percent",,2014–2029,2025–2029,False,16,ACTUAL;Baseline,CAEM.xlsx/6a. SEI!R9,Nazirlik (MU)
mn:caem:sei:reer_percent_change_appreciation,ministry:caem,"REER, percent change (+  appreciation)",,2015–2029,2025–2029,False,15,ACTUAL;Baseline,CAEM.xlsx/6a. SEI!R25,Nazirlik (MU)
mn:caem:sei:reserves_percent_of_broad_money,ministry:caem,"Reserves, percent of broad money",,2014–2029,2025–2029,False,16,ACTUAL;Baseline,CAEM.xlsx/6a. SEI!R41,Nazirlik (MU)
mn:caem:sei:reserves_percent_of_gdp,ministry:caem,"Reserves, percent of GDP",,2014–2029,2025–2029,False,16,ACTUAL;Baseline,CAEM.xlsx/6a. SEI!R40,Nazirlik (MU)
mn:caem:sei:revenue_percent_of_gdp,ministry:caem,"Revenue, percent of GDP",,2014–2029,2025–2029,False,16,ACTUAL;Baseline,CAEM.xlsx/6a. SEI!R28,Nazirlik (MU)
mn:caem:sei:savings_investment_balance_percent_of_gdp,ministry:caem,"Savings-Investment Balance, percent of GDP",,2014–2029,2025–2029,False,16,ACTUAL;Baseline,CAEM.xlsx/6a. SEI!R46,Nazirlik (MU)
mn:caem:sei:total_government_debt_percent_of_gdp,ministry:caem,"Total Government debt, percent of GDP",,2018–2029,2025–2029,False,12,ACTUAL;Baseline,CAEM.xlsx/6a. SEI!R34,Nazirlik (MU)
mn:caem:sei:total_investment_growth_percent,ministry:caem,"Total Investment growth, percent",,2015–2029,2025–2029,False,15,ACTUAL;Baseline,CAEM.xlsx/6a. SEI!R15,Nazirlik (MU)
mn:caem:sei:total_output_gap_percent_of_potential_gdp,ministry:caem,"Total output Gap, percent of potential  GDP",,2014–2029,2025–2029,False,16,ACTUAL;Baseline,CAEM.xlsx/6a. SEI!R10,Nazirlik (MU)
mn:ev:cpi,ministry:eviews,CPI,,2005–2030,2026–2030,False,26,ACTUAL;Baseline,eviews/eviews_data.csv,Nazirlik (MU)
mn:ev:cpimtp,ministry:eviews,CPIMTP,,2005–2030,2026–2030,False,26,ACTUAL;Baseline,eviews/eviews_data.csv,Nazirlik (MU)
mn:ev:def_ntp,ministry:eviews,DEF_NTP,,2025–2030,2026–2030,False,6,ACTUAL;Baseline,eviews/eviews_data.csv,Nazirlik (MU)
mn:ev:defid,ministry:eviews,DEFID,,2005–2030,2026–2030,False,26,ACTUAL;Baseline,eviews/eviews_data.csv,Nazirlik (MU)
mn:ev:ecm_l_mine,ministry:eviews,ecm_l_mine,,2005–2030,2026–2030,False,26,ACTUAL;Baseline,eviews/eviews_data.csv,Nazirlik (MU)
mn:ev:ecm_ms_tp,ministry:eviews,ECM_MS_TP,,2005–2024,,False,20,ACTUAL,eviews/eviews_data.csv,Nazirlik (MU)
mn:ev:ecm_ridns,ministry:eviews,ecm_ridns,,2005–2024,,False,20,ACTUAL,eviews/eviews_data.csv,Nazirlik (MU)
mn:ev:er,ministry:eviews,ER,,2005–2030,2026–2030,False,26,ACTUAL;Baseline,eviews/eviews_data.csv,Nazirlik (MU)
mn:ev:fpi_weo,ministry:eviews,FPI_WEO,,2005–2030,2026–2030,False,26,ACTUAL;Baseline,eviews/eviews_data.csv,Nazirlik (MU)
mn:ev:l_admn,ministry:eviews,L_ADMN,,2005–2024,,False,20,ACTUAL,eviews/eviews_data.csv,Nazirlik (MU)
mn:ev:l_const,ministry:eviews,L_CONST,,2005–2024,,False,20,ACTUAL,eviews/eviews_data.csv,Nazirlik (MU)
mn:ev:l_manu,ministry:eviews,L_MANU,,2005–2030,2026–2030,False,26,ACTUAL;Baseline,eviews/eviews_data.csv,Nazirlik (MU)
mn:ev:l_mine,ministry:eviews,L_MINE,,2005–2030,2026–2030,False,26,ACTUAL;Baseline,eviews/eviews_data.csv,Nazirlik (MU)
mn:ev:l_rest,ministry:eviews,L_REST,,2005–2024,,False,20,ACTUAL,eviews/eviews_data.csv,Nazirlik (MU)
mn:ev:l_trans,ministry:eviews,L_TRANS,,2005–2024,,False,20,ACTUAL,eviews/eviews_data.csv,Nazirlik (MU)
mn:ev:l_wate,ministry:eviews,L_WATE,,2005–2024,,False,20,ACTUAL,eviews/eviews_data.csv,Nazirlik (MU)
mn:ev:lcpi_hp,ministry:eviews,LCPI_HP,,2005–2030,2026–2030,False,26,ACTUAL;Baseline,eviews/eviews_data.csv,Nazirlik (MU)
mn:ev:m1,ministry:eviews,M1,,2005–2030,2026–2030,False,26,ACTUAL;Baseline,eviews/eviews_data.csv,Nazirlik (MU)
mn:ev:m1/mb,ministry:eviews,M1/MB,,2025–2030,2026–2030,False,6,ACTUAL;Baseline,eviews/eviews_data.csv,Nazirlik (MU)
mn:ev:m2_m1,ministry:eviews,M2_M1,,2005–2030,2026–2030,False,26,ACTUAL;Baseline,eviews/eviews_data.csv,Nazirlik (MU)
mn:ev:m3,ministry:eviews,M3,,2005–2030,2026–2030,False,26,ACTUAL;Baseline,eviews/eviews_data.csv,Nazirlik (MU)
mn:ev:m3_m2usd,ministry:eviews,M3_M2USD,,2005–2030,2026–2030,False,26,ACTUAL;Baseline,eviews/eviews_data.csv,Nazirlik (MU)
mn:ev:mb,ministry:eviews,MB,,2005–2030,2026–2030,False,26,ACTUAL;Baseline,eviews/eviews_data.csv,Nazirlik (MU)
mn:ev:mgno,ministry:eviews,MGNO,,2005–2024,,False,20,ACTUAL,eviews/eviews_data.csv,Nazirlik (MU)
mn:ev:mgo,ministry:eviews,MGO,,2005–2024,,False,20,ACTUAL,eviews/eviews_data.csv,Nazirlik (MU)
mn:ev:minwage,ministry:eviews,MINWAGE,,2005–2024,,False,20,ACTUAL,eviews/eviews_data.csv,Nazirlik (MU)
mn:ev:ms_tp,ministry:eviews,MS_TP,,2005–2024,,False,20,ACTUAL,eviews/eviews_data.csv,Nazirlik (MU)
mn:ev:ms_travb,ministry:eviews,MS_TRAVB,,2005–2024,,False,20,ACTUAL,eviews/eviews_data.csv,Nazirlik (MU)
mn:ev:ms_travp,ministry:eviews,MS_TRAVP,,2005–2024,,False,20,ACTUAL,eviews/eviews_data.csv,Nazirlik (MU)
mn:ev:mw,ministry:eviews,MW,,2005–2030,2026–2030,False,26,ACTUAL;Baseline,eviews/eviews_data.csv,Nazirlik (MU)
mn:ev:neer,ministry:eviews,NEER,,2005–2030,2026–2030,False,26,ACTUAL;Baseline,eviews/eviews_data.csv,Nazirlik (MU)
mn:ev:ner,ministry:eviews,NER,,2005–2030,2026–2030,False,26,ACTUAL;Baseline,eviews/eviews_data.csv,Nazirlik (MU)
mn:ev:nird,ministry:eviews,NIRD,,2005–2030,2026–2030,False,26,ACTUAL;Baseline,eviews/eviews_data.csv,Nazirlik (MU)
mn:ev:nirdfc,ministry:eviews,NIRDFC,,2005–2030,2026–2030,False,26,ACTUAL;Baseline,eviews/eviews_data.csv,Nazirlik (MU)
mn:ev:nirr,ministry:eviews,NIRR,,2005–2030,2026–2030,False,26,ACTUAL;Baseline,eviews/eviews_data.csv,Nazirlik (MU)
mn:ev:nonoilwage,ministry:eviews,NONOILWAGE,,2005–2024,,False,20,ACTUAL,eviews/eviews_data.csv,Nazirlik (MU)
mn:ev:opiwti,ministry:eviews,OPIWTI,,2005–2030,2026–2030,False,26,ACTUAL;Baseline,eviews/eviews_data.csv,Nazirlik (MU)
mn:ev:opwti,ministry:eviews,OPWTI,,2005–2030,2026–2030,False,26,ACTUAL;Baseline,eviews/eviews_data.csv,Nazirlik (MU)
mn:ev:pi_ind2_2,ministry:eviews,PI_IND2_2,,2011–2024,,False,14,ACTUAL,eviews/eviews_data.csv,Nazirlik (MU)
mn:ev:pi_ind2_3,ministry:eviews,PI_IND2_3,,2009–2024,,False,16,ACTUAL,eviews/eviews_data.csv,Nazirlik (MU)
mn:ev:pi_ind3_1,ministry:eviews,PI_IND3_1,,2009–2030,2026–2030,False,22,ACTUAL;Baseline,eviews/eviews_data.csv,Nazirlik (MU)
mn:ev:pi_ind3_11,ministry:eviews,PI_IND3_11,,2009–2024,,False,16,ACTUAL,eviews/eviews_data.csv,Nazirlik (MU)
mn:ev:pi_ind3_12,ministry:eviews,PI_IND3_12,,2005–2024,,False,20,ACTUAL,eviews/eviews_data.csv,Nazirlik (MU)
mn:ev:pi_ind3_13,ministry:eviews,PI_IND3_13,,2009–2024,,False,16,ACTUAL,eviews/eviews_data.csv,Nazirlik (MU)
mn:ev:pi_ind3_14,ministry:eviews,PI_IND3_14,,2009–2024,,False,16,ACTUAL,eviews/eviews_data.csv,Nazirlik (MU)
mn:ev:pi_ind3_15,ministry:eviews,PI_IND3_15,,2009–2024,,False,16,ACTUAL,eviews/eviews_data.csv,Nazirlik (MU)
mn:ev:pi_ind3_16,ministry:eviews,PI_IND3_16,,2020–2024,,False,5,ACTUAL,eviews/eviews_data.csv,Nazirlik (MU)
mn:ev:pi_ind3_17,ministry:eviews,PI_IND3_17,,2005–2024,,False,20,ACTUAL,eviews/eviews_data.csv,Nazirlik (MU)
mn:ev:pi_ind3_18,ministry:eviews,PI_IND3_18,,2009–2024,,False,16,ACTUAL,eviews/eviews_data.csv,Nazirlik (MU)
mn:ev:pi_ind3_19,ministry:eviews,PI_IND3_19,,2009–2024,,False,16,ACTUAL,eviews/eviews_data.csv,Nazirlik (MU)
mn:ev:pi_ind3_2,ministry:eviews,PI_IND3_2,,2009–2030,2026–2030,False,22,ACTUAL;Baseline,eviews/eviews_data.csv,Nazirlik (MU)
mn:ev:pi_ind3_20,ministry:eviews,PI_IND3_20,,2009–2024,,False,16,ACTUAL,eviews/eviews_data.csv,Nazirlik (MU)
mn:ev:pi_ind3_21,ministry:eviews,PI_IND3_21,,2005–2024,,False,20,ACTUAL,eviews/eviews_data.csv,Nazirlik (MU)
mn:ev:pi_ind3_22,ministry:eviews,PI_IND3_22,,2009–2024,,False,16,ACTUAL,eviews/eviews_data.csv,Nazirlik (MU)
mn:ev:pi_ind3_23,ministry:eviews,PI_IND3_23,,2011–2024,,False,14,ACTUAL,eviews/eviews_data.csv,Nazirlik (MU)
mn:ev:pi_ind3_24,ministry:eviews,PI_IND3_24,,2005–2024,,False,20,ACTUAL,eviews/eviews_data.csv,Nazirlik (MU)
mn:ev:pi_ind3_3,ministry:eviews,PI_IND3_3,,2009–2024,,False,16,ACTUAL,eviews/eviews_data.csv,Nazirlik (MU)
mn:ev:pi_ind3_4,ministry:eviews,PI_IND3_4,,2009–2024,,False,16,ACTUAL,eviews/eviews_data.csv,Nazirlik (MU)
mn:ev:pi_ind3_5,ministry:eviews,PI_IND3_5,,2005–2024,,False,20,ACTUAL,eviews/eviews_data.csv,Nazirlik (MU)
mn:ev:pi_ind3_6,ministry:eviews,PI_IND3_6,,2009–2024,,False,16,ACTUAL,eviews/eviews_data.csv,Nazirlik (MU)
mn:ev:pi_ind3_7,ministry:eviews,PI_IND3_7,,2009–2024,,False,16,ACTUAL,eviews/eviews_data.csv,Nazirlik (MU)
mn:ev:pi_ind3_8,ministry:eviews,PI_IND3_8,,2005–2024,,False,20,ACTUAL,eviews/eviews_data.csv,Nazirlik (MU)
mn:ev:pi_ind3_9,ministry:eviews,PI_IND3_9,,2005–2024,,False,18,ACTUAL,eviews/eviews_data.csv,Nazirlik (MU)
mn:ev:pi_ind4,ministry:eviews,PI_IND4,,2009–2024,,False,16,ACTUAL,eviews/eviews_data.csv,Nazirlik (MU)
mn:ev:pi_ind5,ministry:eviews,PI_IND5,,2012–2024,,False,13,ACTUAL,eviews/eviews_data.csv,Nazirlik (MU)
mn:ev:pop,ministry:eviews,POP,,2005–2030,2026–2030,False,26,ACTUAL;Baseline,eviews/eviews_data.csv,Nazirlik (MU)
mn:ev:reer,ministry:eviews,REER,,2005–2030,2026–2030,False,26,ACTUAL;Baseline,eviews/eviews_data.csv,Nazirlik (MU)
mn:ev:rgdpmtp,ministry:eviews,RGDPMTP,,2005–2030,2026–2030,False,26,ACTUAL;Baseline,eviews/eviews_data.csv,Nazirlik (MU)
mn:ev:rid,ministry:eviews,RID,,2005–2024,,False,20,ACTUAL,eviews/eviews_data.csv,Nazirlik (MU)
mn:ev:ridns,ministry:eviews,RIDNS,,2005–2024,,False,20,ACTUAL,eviews/eviews_data.csv,Nazirlik (MU)
mn:ev:riea,ministry:eviews,RIEA,,2005–2024,,False,20,ACTUAL,eviews/eviews_data.csv,Nazirlik (MU)
mn:ev:rif,ministry:eviews,RIF,,2005–2024,,False,20,ACTUAL,eviews/eviews_data.csv,Nazirlik (MU)
mn:ev:rird,ministry:eviews,RIRD,,2005–2030,2026–2030,False,26,ACTUAL;Baseline,eviews/eviews_data.csv,Nazirlik (MU)
mn:ev:rirl,ministry:eviews,RIRL,,2005–2030,2026–2030,False,26,ACTUAL;Baseline,eviews/eviews_data.csv,Nazirlik (MU)
mn:ev:rva_manu,ministry:eviews,RVA_MANU,,2005–2030,2026–2030,False,26,ACTUAL;Baseline,eviews/eviews_data.csv,Nazirlik (MU)
mn:ev:rva_mine,ministry:eviews,RVA_MINE,,2005–2030,2026–2030,False,26,ACTUAL;Baseline,eviews/eviews_data.csv,Nazirlik (MU)
mn:ev:rxgno,ministry:eviews,RXGNO,,2005–2024,,False,20,ACTUAL,eviews/eviews_data.csv,Nazirlik (MU)
mn:ev:services_paid,ministry:eviews,SERVICES_PAID,,2005–2024,,False,20,ACTUAL,eviews/eviews_data.csv,Nazirlik (MU)
mn:ev:trans_p,ministry:eviews,TRANS_P,,2005–2024,,False,20,ACTUAL,eviews/eviews_data.csv,Nazirlik (MU)
mn:ev:trans_turn_g,ministry:eviews,TRANS_TURN_G,,2005–2024,,False,20,ACTUAL,eviews/eviews_data.csv,Nazirlik (MU)
mn:ev:va_admn,ministry:eviews,VA_ADMN,,2009–2030,2026–2030,False,22,ACTUAL;Baseline,eviews/eviews_data.csv,Nazirlik (MU)
mn:ev:va_manu,ministry:eviews,VA_MANU,,2005–2030,2026–2030,False,26,ACTUAL;Baseline,eviews/eviews_data.csv,Nazirlik (MU)
mn:ev:w,ministry:eviews,W,,2005–2030,2026–2030,False,26,ACTUAL;Baseline,eviews/eviews_data.csv,Nazirlik (MU)
mn:ev:w_accom,ministry:eviews,W_ACCOM,,2005–2030,2026–2030,False,26,ACTUAL;Baseline,eviews/eviews_data.csv,Nazirlik (MU)
mn:ev:w_admn,ministry:eviews,W_ADMN,,2005–2024,,False,20,ACTUAL,eviews/eviews_data.csv,Nazirlik (MU)
mn:ev:w_agr,ministry:eviews,W_AGR,,2005–2024,,False,20,ACTUAL,eviews/eviews_data.csv,Nazirlik (MU)
mn:ev:w_art,ministry:eviews,W_ART,,2005–2030,2026–2030,False,26,ACTUAL;Baseline,eviews/eviews_data.csv,Nazirlik (MU)
mn:ev:w_const,ministry:eviews,W_CONST,,2005–2024,,False,20,ACTUAL,eviews/eviews_data.csv,Nazirlik (MU)
mn:ev:w_educ,ministry:eviews,W_EDUC,,2005–2024,,False,20,ACTUAL,eviews/eviews_data.csv,Nazirlik (MU)
mn:ev:w_elec,ministry:eviews,W_ELEC,,2005–2024,,False,20,ACTUAL,eviews/eviews_data.csv,Nazirlik (MU)
mn:ev:w_finance,ministry:eviews,W_FINANCE,,2005–2030,2026–2030,False,26,ACTUAL;Baseline,eviews/eviews_data.csv,Nazirlik (MU)
mn:ev:w_health,ministry:eviews,W_HEALTH,,2005–2024,,False,20,ACTUAL,eviews/eviews_data.csv,Nazirlik (MU)
mn:ev:w_inform,ministry:eviews,W_INFORM,,2005–2024,,False,20,ACTUAL,eviews/eviews_data.csv,Nazirlik (MU)
mn:ev:w_manu,ministry:eviews,W_MANU,,2005–2030,2026–2030,False,26,ACTUAL;Baseline,eviews/eviews_data.csv,Nazirlik (MU)
mn:ev:w_mine,ministry:eviews,W_MINE,,2005–2030,2026–2030,False,26,ACTUAL;Baseline,eviews/eviews_data.csv,Nazirlik (MU)
mn:ev:w_other,ministry:eviews,W_OTHER,,2005–2030,2026–2030,False,26,ACTUAL;Baseline,eviews/eviews_data.csv,Nazirlik (MU)
mn:ev:w_prof,ministry:eviews,W_PROF,,2005–2026,2026–2026,False,22,ACTUAL;Baseline,eviews/eviews_data.csv,Nazirlik (MU)
mn:ev:w_rest,ministry:eviews,W_REST,,2005–2024,,False,20,ACTUAL,eviews/eviews_data.csv,Nazirlik (MU)
mn:ev:w_stmanag,ministry:eviews,W_STMANAG,,2005–2024,,False,20,ACTUAL,eviews/eviews_data.csv,Nazirlik (MU)
mn:ev:w_trade,ministry:eviews,W_TRADE,,2005–2030,2026–2030,False,26,ACTUAL;Baseline,eviews/eviews_data.csv,Nazirlik (MU)
mn:ev:w_trans,ministry:eviews,W_TRANS,,2005–2024,,False,20,ACTUAL,eviews/eviews_data.csv,Nazirlik (MU)
mn:ev:w_wate,ministry:eviews,W_WATE,,2005–2024,,False,20,ACTUAL,eviews/eviews_data.csv,Nazirlik (MU)
mn:ev:wage,ministry:eviews,WAGE,,2005–2024,,False,20,ACTUAL,eviews/eviews_data.csv,Nazirlik (MU)
mn:ev:xs_iform,ministry:eviews,XS_IFORM,,2005–2024,,False,20,ACTUAL,eviews/eviews_data.csv,Nazirlik (MU)
mn:ev:xs_tp,ministry:eviews,XS_TP,,2005–2024,,False,20,ACTUAL,eviews/eviews_data.csv,Nazirlik (MU)
mn:ev:xs_travb,ministry:eviews,XS_TRAVB,,2005–2024,,False,20,ACTUAL,eviews/eviews_data.csv,Nazirlik (MU)
mn:v8:2_4_1_13_14:a2,ministry:8vereq,A2.,XİDMƏTLƏR BALANSI,2013–2030,2025–2030,False,18,ACTUAL;Baseline,8 vərəq.xlsx/2.4.1.13.-14.!R23,Nazirlik (MU)
mn:v8:2_4_1_13_14:a3,ministry:8vereq,A3.,İLKİN GƏLİRLƏR,2013–2030,2025–2030,False,18,ACTUAL;Baseline,8 vərəq.xlsx/2.4.1.13.-14.!R26,Nazirlik (MU)
mn:v8:2_4_1_13_14:a4,ministry:8vereq,A4.,TƏKRAR GƏLİRLƏR,2013–2030,2025–2030,False,18,ACTUAL;Baseline,8 vərəq.xlsx/2.4.1.13.-14.!R27,Nazirlik (MU)
mn:v8:2_4_1_13_14:a_1,ministry:8vereq,A.1.,XARİCİ TİCARƏT BALANSI,2013–2030,2025–2030,False,18,ACTUAL;Baseline,8 vərəq.xlsx/2.4.1.13.-14.!R20,Nazirlik (MU)
mn:v8:2_4_1_13_14:balanslasdirici_maddeler,ministry:8vereq,BALANSLAŞDIRICI  MADDƏLƏR,mln USD,2013–2024,,False,12,ACTUAL,8 vərəq.xlsx/2.4.1.13.-14.!R36,Nazirlik (MU)
mn:v8:2_4_1_13_14:c1,ministry:8vereq,C1.,BİRBAŞA İNVESTİSİYALAR,2013–2024,,False,12,ACTUAL,8 vərəq.xlsx/2.4.1.13.-14.!R30,Nazirlik (MU)
mn:v8:2_4_1_13_14:c2,ministry:8vereq,C2.,NEFT BONUSU,2017–2024,,False,8,ACTUAL,8 vərəq.xlsx/2.4.1.13.-14.!R31,Nazirlik (MU)
mn:v8:2_4_1_13_14:c3,ministry:8vereq,C3.,PORTFEL İNVESTİSİYALARI,2013–2024,,False,12,ACTUAL,8 vərəq.xlsx/2.4.1.13.-14.!R32,Nazirlik (MU)
mn:v8:2_4_1_13_14:c4,ministry:8vereq,C4.,TÖRƏMƏ MALİYYƏ ALƏTLƏRİ,2013–2024,,False,12,ACTUAL,8 vərəq.xlsx/2.4.1.13.-14.!R33,Nazirlik (MU)
mn:v8:2_4_1_13_14:c5,ministry:8vereq,C5.,DİGƏR İNVESTİSİYALAR,2013–2024,,False,12,ACTUAL,8 vərəq.xlsx/2.4.1.13.-14.!R34,Nazirlik (MU)
mn:v8:2_4_1_13_14:cari_emeliyyatlar_hesabi,ministry:8vereq,CARİ ƏMƏLİYYATLAR HESABI,mln USD,2013–2030,2025–2030,False,18,ACTUAL;Baseline,8 vərəq.xlsx/2.4.1.13.-14.!R19,Nazirlik (MU)
mn:v8:2_4_1_13_14:diger_sektorlar,ministry:8vereq,Digər sektorlar,mln USD,2013–2030,2025–2030,False,18,ACTUAL;Baseline,8 vərəq.xlsx/2.4.1.13.-14.!R6,Nazirlik (MU)
mn:v8:2_4_1_13_14:diger_sektorlar.mln_usd,ministry:8vereq,Digər sektorlar,mln USD,2013–2030,2025–2030,False,18,ACTUAL;Baseline,8 vərəq.xlsx/2.4.1.13.-14.!R9,Nazirlik (MU)
mn:v8:2_4_1_13_14:diger_sektorlar.mln_usd_2,ministry:8vereq,Digər sektorlar,mln USD,2013–2024,,False,12,ACTUAL,8 vərəq.xlsx/2.4.1.13.-14.!R13,Nazirlik (MU)
mn:v8:2_4_1_13_14:diger_sektorlar.mln_usd_3,ministry:8vereq,Digər sektorlar,mln USD,2013–2030,2025–2030,False,18,ACTUAL;Baseline,8 vərəq.xlsx/2.4.1.13.-14.!R22,Nazirlik (MU)
mn:v8:2_4_1_13_14:diger_sektorlar.mln_usd_4,ministry:8vereq,Digər sektorlar,mln USD,2013–2030,2025–2030,False,18,ACTUAL;Baseline,8 vərəq.xlsx/2.4.1.13.-14.!R25,Nazirlik (MU)
mn:v8:2_4_1_13_14:ehtiyat_aktivleri,ministry:8vereq,EHTİYAT AKTİVLƏRİ,mln USD,2013–2024,,False,12,ACTUAL,8 vərəq.xlsx/2.4.1.13.-14.!R35,Nazirlik (MU)
mn:v8:2_4_1_13_14:gostericiler.x,ministry:8vereq,Göstəricilər,,2013–2030,2025–2030,False,17,ACTUAL;Baseline,8 vərəq.xlsx/2.4.1.13.-14.!R18,Nazirlik (MU)
mn:v8:2_4_1_13_14:kapital_hesabi,ministry:8vereq,KAPİTAL HESABI,mln USD,2013–2024,,False,12,ACTUAL,8 vərəq.xlsx/2.4.1.13.-14.!R28,Nazirlik (MU)
mn:v8:2_4_1_13_14:maliyye_hesabi,ministry:8vereq,MALİYYƏ HESABI,mln USD,2013–2024,,False,12,ACTUAL,8 vərəq.xlsx/2.4.1.13.-14.!R29,Nazirlik (MU)
mn:v8:2_4_1_13_14:mallarin_idxali,ministry:8vereq,Malların idxalı,mln USD,2013–2030,2025–2030,False,18,ACTUAL;Baseline,8 vərəq.xlsx/2.4.1.13.-14.!R7,Nazirlik (MU)
mn:v8:2_4_1_13_14:mallarin_ixraci,ministry:8vereq,Malların ixracı,mln USD,2013–2030,2025–2030,False,18,ACTUAL;Baseline,8 vərəq.xlsx/2.4.1.13.-14.!R4,Nazirlik (MU)
mn:v8:2_4_1_13_14:neft_qaz_sektoru,ministry:8vereq,Neft-qaz sektoru,mln USD,2013–2030,2025–2030,False,18,ACTUAL;Baseline,8 vərəq.xlsx/2.4.1.13.-14.!R21,Nazirlik (MU)
mn:v8:2_4_1_13_14:neft_qaz_sektoru.mln_usd,ministry:8vereq,Neft-qaz sektoru,mln USD,2013–2030,2025–2030,False,18,ACTUAL;Baseline,8 vərəq.xlsx/2.4.1.13.-14.!R24,Nazirlik (MU)
mn:v8:2_4_1_13_14:neft_ve_qaz,ministry:8vereq,Neft və qaz,mln USD,2013–2030,2025–2030,False,18,ACTUAL;Baseline,8 vərəq.xlsx/2.4.1.13.-14.!R5,Nazirlik (MU)
mn:v8:2_4_1_13_14:neft_ve_qaz.mln_usd,ministry:8vereq,Neft və qaz,mln USD,2013–2030,2025–2030,False,18,ACTUAL;Baseline,8 vərəq.xlsx/2.4.1.13.-14.!R8,Nazirlik (MU)
mn:v8:2_4_1_13_14:neft_ve_qaz.mln_usd_2,ministry:8vereq,Neft və qaz,mln USD,2013–2024,,False,12,ACTUAL,8 vərəq.xlsx/2.4.1.13.-14.!R12,Nazirlik (MU)
mn:v8:2_4_1_13_14:xidmetlerin_idxali,ministry:8vereq,Xidmətlərin idxalı,mln USD,2013–2030,2025–2030,False,18,ACTUAL;Baseline,8 vərəq.xlsx/2.4.1.13.-14.!R11,Nazirlik (MU)
mn:v8:2_4_1_13_14:xidmetlerin_ixraci,ministry:8vereq,Xidmətlərin ixracı,mln USD,2013–2030,2025–2030,False,18,ACTUAL;Baseline,8 vərəq.xlsx/2.4.1.13.-14.!R10,Nazirlik (MU)
mn:v8:2_4_1_1:abs_dollari_ile,ministry:8vereq,ABŞ dolları ilə,USD,2025–2030,2025–2030,False,6,Baseline,8 vərəq.xlsx/2.4.1.1.!R21,Nazirlik (MU)
mn:v8:2_4_1_1:abs_dollari_ile.real_artim_tempi,ministry:8vereq,ABŞ dolları ilə: real artım tempi,%,2014–2030,2025–2030,False,17,ACTUAL;Baseline,8 vərəq.xlsx/2.4.1.1.!R22,Nazirlik (MU)
mn:v8:2_4_1_1:gelirler,ministry:8vereq,Gəlirlər,mln AZN,2013–2030,2025–2030,False,18,ACTUAL;Baseline,8 vərəq.xlsx/2.4.1.1.!R23,Nazirlik (MU)
mn:v8:2_4_1_1:gelirler.real_artim_tempi,ministry:8vereq,Gəlirlər: real artım tempi,%,2013–2030,2025–2030,False,18,ACTUAL;Baseline,8 vərəq.xlsx/2.4.1.1.!R24,Nazirlik (MU)
mn:v8:2_4_1_1:inflyasiya_iqi_orta_illik,ministry:8vereq,"İnflyasiya (İQİ, orta illik)",%,2025–2030,2025–2030,False,6,Baseline,8 vərəq.xlsx/2.4.1.1.!R28,Nazirlik (MU)
mn:v8:2_4_1_1:isgal_olunmus_torpaqlar_nezere_alinmadan_orta_il,ministry:8vereq,İşğal olunmuş torpaqlar nəzərə alınmadan (orta illik),min nəfər,2013–2030,2025–2030,False,18,ACTUAL;Baseline,8 vərəq.xlsx/2.4.1.1.!R18,Nazirlik (MU)
mn:v8:2_4_1_1:isgal_olunmus_torpaqlar_nezere_alinmaqla_dovrun,ministry:8vereq,İşğal olunmuş torpaqlar nəzərə alınmaqla (dövrün sonuna),min nəfər,2013–2030,2025–2030,False,18,ACTUAL;Baseline,8 vərəq.xlsx/2.4.1.1.!R17,Nazirlik (MU)
mn:v8:2_4_1_1:manatla,ministry:8vereq,Manatla,AZN,2013–2030,2025–2030,False,18,ACTUAL;Baseline,8 vərəq.xlsx/2.4.1.1.!R20,Nazirlik (MU)
mn:v8:2_4_1_1:neft_qaz_sektoru_udm_bazar_qiy.deflyator,ministry:8vereq,"Neft-qaz sektoru, ÜDM, bazar qiymətləri ilə: deflyator",%,2013–2030,2025–2030,False,18,ACTUAL;Baseline,8 vərəq.xlsx/2.4.1.1.!R9,Nazirlik (MU)
mn:v8:2_4_1_1:neft_qaz_sektoru_udm_bazar_qiy.payi_udm_de,ministry:8vereq,"Neft-qaz sektoru, ÜDM, bazar qiymətləri ilə: payı  (ÜDM-də)",%,2013–2030,2025–2030,False,18,ACTUAL;Baseline,8 vərəq.xlsx/2.4.1.1.!R10,Nazirlik (MU)
mn:v8:2_4_1_1:neft_qaz_sektoru_udm_bazar_qiy.real_artim_tempi,ministry:8vereq,"Neft-qaz sektoru, ÜDM, bazar qiymətləri ilə: real artım tempi",%,2013–2030,2025–2030,False,18,ACTUAL;Baseline,8 vərəq.xlsx/2.4.1.1.!R8,Nazirlik (MU)
mn:v8:2_4_1_1:neft_qaz_sektoru_udm_bazar_qiymetleri_ile,ministry:8vereq,"Neft-qaz sektoru, ÜDM, bazar qiymətləri ilə",mln AZN,2013–2030,2025–2030,False,18,ACTUAL;Baseline,8 vərəq.xlsx/2.4.1.1.!R7,Nazirlik (MU)
mn:v8:2_4_1_1:neftin_qiymeti,ministry:8vereq,Neftin qiyməti,USD/ barel,2013–2030,2025–2030,False,18,ACTUAL;Baseline,8 vərəq.xlsx/2.4.1.1.!R27,Nazirlik (MU)
mn:v8:2_4_1_1:qeyri_neft_qaz_sektoru_udm_baz.deflyator,ministry:8vereq,"Qeyri neft-qaz sektoru, ÜDM, bazar qiymətləri ilə: deflyator",%,2013–2030,2025–2030,False,18,ACTUAL;Baseline,8 vərəq.xlsx/2.4.1.1.!R13,Nazirlik (MU)
mn:v8:2_4_1_1:qeyri_neft_qaz_sektoru_udm_baz.payi_udm_de,ministry:8vereq,"Qeyri neft-qaz sektoru, ÜDM, bazar qiymətləri ilə: payı  (ÜDM-də)",%,2013–2030,2025–2030,False,18,ACTUAL;Baseline,8 vərəq.xlsx/2.4.1.1.!R14,Nazirlik (MU)
mn:v8:2_4_1_1:qeyri_neft_qaz_sektoru_udm_baz.real_artim_tempi,ministry:8vereq,"Qeyri neft-qaz sektoru, ÜDM, bazar qiymətləri ilə: real artım tempi",%,2013–2030,2025–2030,False,18,ACTUAL;Baseline,8 vərəq.xlsx/2.4.1.1.!R12,Nazirlik (MU)
mn:v8:2_4_1_1:qeyri_neft_qaz_sektoru_udm_bazar_qiymetleri_ile,ministry:8vereq,"Qeyri neft-qaz sektoru, ÜDM, bazar qiymətləri ilə",mln AZN,2013–2030,2025–2030,False,18,ACTUAL;Baseline,8 vərəq.xlsx/2.4.1.1.!R11,Nazirlik (MU)
mn:v8:2_4_1_1:udm_bazar_qiymetleri_ile,ministry:8vereq,ÜDM bazar qiymətləri ilə,mln AZN,2013–2030,2025–2030,False,18,ACTUAL;Baseline,8 vərəq.xlsx/2.4.1.1.!R4,Nazirlik (MU)
mn:v8:2_4_1_1:udm_bazar_qiymetleri_ile.deflyator,ministry:8vereq,ÜDM bazar qiymətləri ilə: deflyator,%,2013–2030,2025–2030,False,18,ACTUAL;Baseline,8 vərəq.xlsx/2.4.1.1.!R6,Nazirlik (MU)
mn:v8:2_4_1_1:udm_bazar_qiymetleri_ile.real_artim_tempi,ministry:8vereq,ÜDM bazar qiymətləri ilə: real artım tempi,%,2013–2030,2025–2030,False,18,ACTUAL;Baseline,8 vərəq.xlsx/2.4.1.1.!R5,Nazirlik (MU)
mn:v8:2_4_1_1:xercler,ministry:8vereq,Xərclər,mln AZN,2013–2030,2025–2030,False,18,ACTUAL;Baseline,8 vərəq.xlsx/2.4.1.1.!R25,Nazirlik (MU)
mn:v8:2_4_1_1:xercler.real_artim_tempi,ministry:8vereq,Xərclər: real artım tempi,%,2013–2030,2025–2030,False,18,ACTUAL;Baseline,8 vərəq.xlsx/2.4.1.1.!R26,Nazirlik (MU)
mn:v8:2_4_1_2:araliq_istehlak,ministry:8vereq,aralıq istehlak,mln AZN,2013–2030,2025–2030,False,18,ACTUAL;Baseline,8 vərəq.xlsx/2.4.1.2.!R6,Nazirlik (MU)
mn:v8:2_4_1_2:araliq_istehlak.elave_deyer,ministry:8vereq,aralıq istehlak: əlavə dəyər,mln AZN,2013–2030,2025–2030,False,18,ACTUAL;Baseline,8 vərəq.xlsx/2.4.1.2.!R7,Nazirlik (MU)
mn:v8:2_4_1_2:araliq_istehlak.elave_deyer.mln_azn,ministry:8vereq,aralıq istehlak: əlavə dəyər,mln AZN,2013–2030,2025–2030,False,18,ACTUAL;Baseline,8 vərəq.xlsx/2.4.1.2.!R14,Nazirlik (MU)
mn:v8:2_4_1_2:araliq_istehlak.elave_deyer.mln_azn_10,ministry:8vereq,aralıq istehlak: əlavə dəyər,mln AZN,2013–2030,2025–2030,False,18,ACTUAL;Baseline,8 vərəq.xlsx/2.4.1.2.!R77,Nazirlik (MU)
mn:v8:2_4_1_2:araliq_istehlak.elave_deyer.mln_azn_11,ministry:8vereq,aralıq istehlak: əlavə dəyər,mln AZN,2013–2030,2025–2030,False,18,ACTUAL;Baseline,8 vərəq.xlsx/2.4.1.2.!R84,Nazirlik (MU)
mn:v8:2_4_1_2:araliq_istehlak.elave_deyer.mln_azn_12,ministry:8vereq,aralıq istehlak: əlavə dəyər,mln AZN,2013–2030,2025–2030,False,18,ACTUAL;Baseline,8 vərəq.xlsx/2.4.1.2.!R91,Nazirlik (MU)
mn:v8:2_4_1_2:araliq_istehlak.elave_deyer.mln_azn_13,ministry:8vereq,aralıq istehlak: əlavə dəyər,mln AZN,2013–2030,2025–2030,False,18,ACTUAL;Baseline,8 vərəq.xlsx/2.4.1.2.!R98,Nazirlik (MU)
mn:v8:2_4_1_2:araliq_istehlak.elave_deyer.mln_azn_14,ministry:8vereq,aralıq istehlak: əlavə dəyər,mln AZN,2013–2030,2025–2030,False,18,ACTUAL;Baseline,8 vərəq.xlsx/2.4.1.2.!R105,Nazirlik (MU)
mn:v8:2_4_1_2:araliq_istehlak.elave_deyer.mln_azn_15,ministry:8vereq,aralıq istehlak: əlavə dəyər,mln AZN,2013–2030,2025–2030,False,18,ACTUAL;Baseline,8 vərəq.xlsx/2.4.1.2.!R112,Nazirlik (MU)
mn:v8:2_4_1_2:araliq_istehlak.elave_deyer.mln_azn_16,ministry:8vereq,aralıq istehlak: əlavə dəyər,mln AZN,2013–2030,2025–2030,False,18,ACTUAL;Baseline,8 vərəq.xlsx/2.4.1.2.!R119,Nazirlik (MU)
mn:v8:2_4_1_2:araliq_istehlak.elave_deyer.mln_azn_2,ministry:8vereq,aralıq istehlak: əlavə dəyər,mln AZN,2013–2030,2025–2030,False,18,ACTUAL;Baseline,8 vərəq.xlsx/2.4.1.2.!R21,Nazirlik (MU)
mn:v8:2_4_1_2:araliq_istehlak.elave_deyer.mln_azn_3,ministry:8vereq,aralıq istehlak: əlavə dəyər,mln AZN,2013–2030,2025–2030,False,18,ACTUAL;Baseline,8 vərəq.xlsx/2.4.1.2.!R28,Nazirlik (MU)
mn:v8:2_4_1_2:araliq_istehlak.elave_deyer.mln_azn_4,ministry:8vereq,aralıq istehlak: əlavə dəyər,mln AZN,2013–2030,2025–2030,False,18,ACTUAL;Baseline,8 vərəq.xlsx/2.4.1.2.!R35,Nazirlik (MU)
mn:v8:2_4_1_2:araliq_istehlak.elave_deyer.mln_azn_5,ministry:8vereq,aralıq istehlak: əlavə dəyər,mln AZN,2013–2030,2025–2030,False,18,ACTUAL;Baseline,8 vərəq.xlsx/2.4.1.2.!R42,Nazirlik (MU)
mn:v8:2_4_1_2:araliq_istehlak.elave_deyer.mln_azn_6,ministry:8vereq,aralıq istehlak: əlavə dəyər,mln AZN,2013–2030,2025–2030,False,18,ACTUAL;Baseline,8 vərəq.xlsx/2.4.1.2.!R49,Nazirlik (MU)
mn:v8:2_4_1_2:araliq_istehlak.elave_deyer.mln_azn_7,ministry:8vereq,aralıq istehlak: əlavə dəyər,mln AZN,2013–2030,2025–2030,False,18,ACTUAL;Baseline,8 vərəq.xlsx/2.4.1.2.!R56,Nazirlik (MU)
mn:v8:2_4_1_2:araliq_istehlak.elave_deyer.mln_azn_8,ministry:8vereq,aralıq istehlak: əlavə dəyər,mln AZN,2013–2030,2025–2030,False,18,ACTUAL;Baseline,8 vərəq.xlsx/2.4.1.2.!R63,Nazirlik (MU)
mn:v8:2_4_1_2:araliq_istehlak.elave_deyer.mln_azn_9,ministry:8vereq,aralıq istehlak: əlavə dəyər,mln AZN,2013–2030,2025–2030,False,18,ACTUAL;Baseline,8 vərəq.xlsx/2.4.1.2.!R70,Nazirlik (MU)
mn:v8:2_4_1_2:araliq_istehlak.mln_azn,ministry:8vereq,aralıq istehlak,mln AZN,2013–2030,2025–2030,False,18,ACTUAL;Baseline,8 vərəq.xlsx/2.4.1.2.!R13,Nazirlik (MU)
mn:v8:2_4_1_2:araliq_istehlak.mln_azn_10,ministry:8vereq,aralıq istehlak,mln AZN,2013–2030,2025–2030,False,18,ACTUAL;Baseline,8 vərəq.xlsx/2.4.1.2.!R76,Nazirlik (MU)
mn:v8:2_4_1_2:araliq_istehlak.mln_azn_11,ministry:8vereq,aralıq istehlak,mln AZN,2013–2030,2025–2030,False,18,ACTUAL;Baseline,8 vərəq.xlsx/2.4.1.2.!R83,Nazirlik (MU)
mn:v8:2_4_1_2:araliq_istehlak.mln_azn_12,ministry:8vereq,aralıq istehlak,mln AZN,2013–2030,2025–2030,False,18,ACTUAL;Baseline,8 vərəq.xlsx/2.4.1.2.!R90,Nazirlik (MU)
mn:v8:2_4_1_2:araliq_istehlak.mln_azn_13,ministry:8vereq,aralıq istehlak,mln AZN,2013–2030,2025–2030,False,18,ACTUAL;Baseline,8 vərəq.xlsx/2.4.1.2.!R97,Nazirlik (MU)
mn:v8:2_4_1_2:araliq_istehlak.mln_azn_14,ministry:8vereq,aralıq istehlak,mln AZN,2013–2030,2025–2030,False,18,ACTUAL;Baseline,8 vərəq.xlsx/2.4.1.2.!R104,Nazirlik (MU)
mn:v8:2_4_1_2:araliq_istehlak.mln_azn_15,ministry:8vereq,aralıq istehlak,mln AZN,2013–2030,2025–2030,False,18,ACTUAL;Baseline,8 vərəq.xlsx/2.4.1.2.!R111,Nazirlik (MU)
mn:v8:2_4_1_2:araliq_istehlak.mln_azn_16,ministry:8vereq,aralıq istehlak,mln AZN,2013–2030,2025–2030,False,18,ACTUAL;Baseline,8 vərəq.xlsx/2.4.1.2.!R118,Nazirlik (MU)
mn:v8:2_4_1_2:araliq_istehlak.mln_azn_2,ministry:8vereq,aralıq istehlak,mln AZN,2013–2030,2025–2030,False,18,ACTUAL;Baseline,8 vərəq.xlsx/2.4.1.2.!R20,Nazirlik (MU)
mn:v8:2_4_1_2:araliq_istehlak.mln_azn_3,ministry:8vereq,aralıq istehlak,mln AZN,2013–2030,2025–2030,False,18,ACTUAL;Baseline,8 vərəq.xlsx/2.4.1.2.!R27,Nazirlik (MU)
mn:v8:2_4_1_2:araliq_istehlak.mln_azn_4,ministry:8vereq,aralıq istehlak,mln AZN,2013–2030,2025–2030,False,18,ACTUAL;Baseline,8 vərəq.xlsx/2.4.1.2.!R34,Nazirlik (MU)
mn:v8:2_4_1_2:araliq_istehlak.mln_azn_5,ministry:8vereq,aralıq istehlak,mln AZN,2013–2030,2025–2030,False,18,ACTUAL;Baseline,8 vərəq.xlsx/2.4.1.2.!R41,Nazirlik (MU)
mn:v8:2_4_1_2:araliq_istehlak.mln_azn_6,ministry:8vereq,aralıq istehlak,mln AZN,2013–2030,2025–2030,False,18,ACTUAL;Baseline,8 vərəq.xlsx/2.4.1.2.!R48,Nazirlik (MU)
mn:v8:2_4_1_2:araliq_istehlak.mln_azn_7,ministry:8vereq,aralıq istehlak,mln AZN,2013–2030,2025–2030,False,18,ACTUAL;Baseline,8 vərəq.xlsx/2.4.1.2.!R55,Nazirlik (MU)
mn:v8:2_4_1_2:araliq_istehlak.mln_azn_8,ministry:8vereq,aralıq istehlak,mln AZN,2013–2030,2025–2030,False,18,ACTUAL;Baseline,8 vərəq.xlsx/2.4.1.2.!R62,Nazirlik (MU)
mn:v8:2_4_1_2:araliq_istehlak.mln_azn_9,ministry:8vereq,aralıq istehlak,mln AZN,2013–2030,2025–2030,False,18,ACTUAL;Baseline,8 vərəq.xlsx/2.4.1.2.!R69,Nazirlik (MU)
mn:v8:2_4_1_2:elave_deyerin_xususi_cekisi,ministry:8vereq,əlavə dəyərin xüsusi çəkisi,%,2013–2030,2025–2030,False,18,ACTUAL;Baseline,8 vərəq.xlsx/2.4.1.2.!R8,Nazirlik (MU)
mn:v8:2_4_1_2:elave_deyerin_xususi_cekisi.deflyator,ministry:8vereq,əlavə dəyərin xüsusi çəkisi: deflyator,%,2013–2030,2025–2030,False,18,ACTUAL;Baseline,8 vərəq.xlsx/2.4.1.2.!R10,Nazirlik (MU)
mn:v8:2_4_1_2:elave_deyerin_xususi_cekisi.deflyator_10,ministry:8vereq,əlavə dəyərin xüsusi çəkisi: deflyator,%,2013–2030,2025–2030,False,18,ACTUAL;Baseline,8 vərəq.xlsx/2.4.1.2.!R73,Nazirlik (MU)
mn:v8:2_4_1_2:elave_deyerin_xususi_cekisi.deflyator_11,ministry:8vereq,əlavə dəyərin xüsusi çəkisi: deflyator,%,2013–2030,2025–2030,False,18,ACTUAL;Baseline,8 vərəq.xlsx/2.4.1.2.!R80,Nazirlik (MU)
mn:v8:2_4_1_2:elave_deyerin_xususi_cekisi.deflyator_12,ministry:8vereq,əlavə dəyərin xüsusi çəkisi: deflyator,%,2013–2030,2025–2030,False,18,ACTUAL;Baseline,8 vərəq.xlsx/2.4.1.2.!R87,Nazirlik (MU)
mn:v8:2_4_1_2:elave_deyerin_xususi_cekisi.deflyator_13,ministry:8vereq,əlavə dəyərin xüsusi çəkisi: deflyator,%,2013–2030,2025–2030,False,18,ACTUAL;Baseline,8 vərəq.xlsx/2.4.1.2.!R94,Nazirlik (MU)
mn:v8:2_4_1_2:elave_deyerin_xususi_cekisi.deflyator_14,ministry:8vereq,əlavə dəyərin xüsusi çəkisi: deflyator,%,2013–2030,2025–2030,False,18,ACTUAL;Baseline,8 vərəq.xlsx/2.4.1.2.!R101,Nazirlik (MU)
mn:v8:2_4_1_2:elave_deyerin_xususi_cekisi.deflyator_15,ministry:8vereq,əlavə dəyərin xüsusi çəkisi: deflyator,%,2013–2030,2025–2030,False,18,ACTUAL;Baseline,8 vərəq.xlsx/2.4.1.2.!R108,Nazirlik (MU)
mn:v8:2_4_1_2:elave_deyerin_xususi_cekisi.deflyator_16,ministry:8vereq,əlavə dəyərin xüsusi çəkisi: deflyator,%,2013–2030,2025–2030,False,18,ACTUAL;Baseline,8 vərəq.xlsx/2.4.1.2.!R115,Nazirlik (MU)
mn:v8:2_4_1_2:elave_deyerin_xususi_cekisi.deflyator_2,ministry:8vereq,əlavə dəyərin xüsusi çəkisi: deflyator,%,2013–2030,2025–2030,False,18,ACTUAL;Baseline,8 vərəq.xlsx/2.4.1.2.!R17,Nazirlik (MU)
mn:v8:2_4_1_2:elave_deyerin_xususi_cekisi.deflyator_3,ministry:8vereq,əlavə dəyərin xüsusi çəkisi: deflyator,%,2013–2030,2025–2030,False,18,ACTUAL;Baseline,8 vərəq.xlsx/2.4.1.2.!R24,Nazirlik (MU)
mn:v8:2_4_1_2:elave_deyerin_xususi_cekisi.deflyator_4,ministry:8vereq,əlavə dəyərin xüsusi çəkisi: deflyator,%,2013–2030,2025–2030,False,18,ACTUAL;Baseline,8 vərəq.xlsx/2.4.1.2.!R31,Nazirlik (MU)
mn:v8:2_4_1_2:elave_deyerin_xususi_cekisi.deflyator_5,ministry:8vereq,əlavə dəyərin xüsusi çəkisi: deflyator,%,2013–2030,2025–2030,False,18,ACTUAL;Baseline,8 vərəq.xlsx/2.4.1.2.!R38,Nazirlik (MU)
mn:v8:2_4_1_2:elave_deyerin_xususi_cekisi.deflyator_6,ministry:8vereq,əlavə dəyərin xüsusi çəkisi: deflyator,%,2013–2030,2025–2030,False,18,ACTUAL;Baseline,8 vərəq.xlsx/2.4.1.2.!R45,Nazirlik (MU)
mn:v8:2_4_1_2:elave_deyerin_xususi_cekisi.deflyator_7,ministry:8vereq,əlavə dəyərin xüsusi çəkisi: deflyator,%,2013–2030,2025–2030,False,18,ACTUAL;Baseline,8 vərəq.xlsx/2.4.1.2.!R52,Nazirlik (MU)
mn:v8:2_4_1_2:elave_deyerin_xususi_cekisi.deflyator_8,ministry:8vereq,əlavə dəyərin xüsusi çəkisi: deflyator,%,2013–2030,2025–2030,False,18,ACTUAL;Baseline,8 vərəq.xlsx/2.4.1.2.!R59,Nazirlik (MU)
mn:v8:2_4_1_2:elave_deyerin_xususi_cekisi.deflyator_9,ministry:8vereq,əlavə dəyərin xüsusi çəkisi: deflyator,%,2013–2030,2025–2030,False,18,ACTUAL;Baseline,8 vərəq.xlsx/2.4.1.2.!R66,Nazirlik (MU)
mn:v8:2_4_1_2:elave_deyerin_xususi_cekisi.real_artim_tempi,ministry:8vereq,əlavə dəyərin xüsusi çəkisi: real artım tempi,%,2013–2030,2025–2030,False,18,ACTUAL;Baseline,8 vərəq.xlsx/2.4.1.2.!R9,Nazirlik (MU)
mn:v8:2_4_1_2:elave_deyerin_xususi_cekisi.real_artim_tempi_10,ministry:8vereq,əlavə dəyərin xüsusi çəkisi: real artım tempi,%,2013–2030,2025–2030,False,18,ACTUAL;Baseline,8 vərəq.xlsx/2.4.1.2.!R72,Nazirlik (MU)
mn:v8:2_4_1_2:elave_deyerin_xususi_cekisi.real_artim_tempi_11,ministry:8vereq,əlavə dəyərin xüsusi çəkisi: real artım tempi,%,2013–2030,2025–2030,False,18,ACTUAL;Baseline,8 vərəq.xlsx/2.4.1.2.!R79,Nazirlik (MU)
mn:v8:2_4_1_2:elave_deyerin_xususi_cekisi.real_artim_tempi_12,ministry:8vereq,əlavə dəyərin xüsusi çəkisi: real artım tempi,%,2013–2030,2025–2030,False,18,ACTUAL;Baseline,8 vərəq.xlsx/2.4.1.2.!R86,Nazirlik (MU)
mn:v8:2_4_1_2:elave_deyerin_xususi_cekisi.real_artim_tempi_13,ministry:8vereq,əlavə dəyərin xüsusi çəkisi: real artım tempi,%,2013–2030,2025–2030,False,18,ACTUAL;Baseline,8 vərəq.xlsx/2.4.1.2.!R93,Nazirlik (MU)
mn:v8:2_4_1_2:elave_deyerin_xususi_cekisi.real_artim_tempi_14,ministry:8vereq,əlavə dəyərin xüsusi çəkisi: real artım tempi,%,2013–2030,2025–2030,False,18,ACTUAL;Baseline,8 vərəq.xlsx/2.4.1.2.!R100,Nazirlik (MU)
mn:v8:2_4_1_2:elave_deyerin_xususi_cekisi.real_artim_tempi_15,ministry:8vereq,əlavə dəyərin xüsusi çəkisi: real artım tempi,%,2013–2030,2025–2030,False,18,ACTUAL;Baseline,8 vərəq.xlsx/2.4.1.2.!R107,Nazirlik (MU)
mn:v8:2_4_1_2:elave_deyerin_xususi_cekisi.real_artim_tempi_16,ministry:8vereq,əlavə dəyərin xüsusi çəkisi: real artım tempi,%,2013–2030,2025–2030,False,18,ACTUAL;Baseline,8 vərəq.xlsx/2.4.1.2.!R114,Nazirlik (MU)
mn:v8:2_4_1_2:elave_deyerin_xususi_cekisi.real_artim_tempi_2,ministry:8vereq,əlavə dəyərin xüsusi çəkisi: real artım tempi,%,2013–2030,2025–2030,False,18,ACTUAL;Baseline,8 vərəq.xlsx/2.4.1.2.!R16,Nazirlik (MU)
mn:v8:2_4_1_2:elave_deyerin_xususi_cekisi.real_artim_tempi_3,ministry:8vereq,əlavə dəyərin xüsusi çəkisi: real artım tempi,%,2013–2030,2025–2030,False,18,ACTUAL;Baseline,8 vərəq.xlsx/2.4.1.2.!R23,Nazirlik (MU)
mn:v8:2_4_1_2:elave_deyerin_xususi_cekisi.real_artim_tempi_4,ministry:8vereq,əlavə dəyərin xüsusi çəkisi: real artım tempi,%,2013–2030,2025–2030,False,18,ACTUAL;Baseline,8 vərəq.xlsx/2.4.1.2.!R30,Nazirlik (MU)
mn:v8:2_4_1_2:elave_deyerin_xususi_cekisi.real_artim_tempi_5,ministry:8vereq,əlavə dəyərin xüsusi çəkisi: real artım tempi,%,2013–2030,2025–2030,False,18,ACTUAL;Baseline,8 vərəq.xlsx/2.4.1.2.!R37,Nazirlik (MU)
mn:v8:2_4_1_2:elave_deyerin_xususi_cekisi.real_artim_tempi_6,ministry:8vereq,əlavə dəyərin xüsusi çəkisi: real artım tempi,%,2013–2030,2025–2030,False,18,ACTUAL;Baseline,8 vərəq.xlsx/2.4.1.2.!R44,Nazirlik (MU)
mn:v8:2_4_1_2:elave_deyerin_xususi_cekisi.real_artim_tempi_7,ministry:8vereq,əlavə dəyərin xüsusi çəkisi: real artım tempi,%,2013–2030,2025–2030,False,18,ACTUAL;Baseline,8 vərəq.xlsx/2.4.1.2.!R51,Nazirlik (MU)
mn:v8:2_4_1_2:elave_deyerin_xususi_cekisi.real_artim_tempi_8,ministry:8vereq,əlavə dəyərin xüsusi çəkisi: real artım tempi,%,2013–2030,2025–2030,False,18,ACTUAL;Baseline,8 vərəq.xlsx/2.4.1.2.!R58,Nazirlik (MU)
mn:v8:2_4_1_2:elave_deyerin_xususi_cekisi.real_artim_tempi_9,ministry:8vereq,əlavə dəyərin xüsusi çəkisi: real artım tempi,%,2013–2030,2025–2030,False,18,ACTUAL;Baseline,8 vərəq.xlsx/2.4.1.2.!R65,Nazirlik (MU)
mn:v8:2_4_1_2:elave_deyerin_xususi_cekisi_10,ministry:8vereq,əlavə dəyərin xüsusi çəkisi,%,2013–2030,2025–2030,False,18,ACTUAL;Baseline,8 vərəq.xlsx/2.4.1.2.!R71,Nazirlik (MU)
mn:v8:2_4_1_2:elave_deyerin_xususi_cekisi_11,ministry:8vereq,əlavə dəyərin xüsusi çəkisi,%,2013–2030,2025–2030,False,18,ACTUAL;Baseline,8 vərəq.xlsx/2.4.1.2.!R78,Nazirlik (MU)
mn:v8:2_4_1_2:elave_deyerin_xususi_cekisi_12,ministry:8vereq,əlavə dəyərin xüsusi çəkisi,%,2013–2030,2025–2030,False,18,ACTUAL;Baseline,8 vərəq.xlsx/2.4.1.2.!R85,Nazirlik (MU)
mn:v8:2_4_1_2:elave_deyerin_xususi_cekisi_13,ministry:8vereq,əlavə dəyərin xüsusi çəkisi,%,2013–2030,2025–2030,False,18,ACTUAL;Baseline,8 vərəq.xlsx/2.4.1.2.!R92,Nazirlik (MU)
mn:v8:2_4_1_2:elave_deyerin_xususi_cekisi_14,ministry:8vereq,əlavə dəyərin xüsusi çəkisi,%,2013–2030,2025–2030,False,18,ACTUAL;Baseline,8 vərəq.xlsx/2.4.1.2.!R99,Nazirlik (MU)
mn:v8:2_4_1_2:elave_deyerin_xususi_cekisi_15,ministry:8vereq,əlavə dəyərin xüsusi çəkisi,%,2013–2030,2025–2030,False,18,ACTUAL;Baseline,8 vərəq.xlsx/2.4.1.2.!R106,Nazirlik (MU)
mn:v8:2_4_1_2:elave_deyerin_xususi_cekisi_16,ministry:8vereq,əlavə dəyərin xüsusi çəkisi,%,2013–2030,2025–2030,False,18,ACTUAL;Baseline,8 vərəq.xlsx/2.4.1.2.!R113,Nazirlik (MU)
mn:v8:2_4_1_2:elave_deyerin_xususi_cekisi_17,ministry:8vereq,əlavə dəyərin xüsusi çəkisi,%,2013–2030,2025–2030,False,18,ACTUAL;Baseline,8 vərəq.xlsx/2.4.1.2.!R120,Nazirlik (MU)
mn:v8:2_4_1_2:elave_deyerin_xususi_cekisi_2,ministry:8vereq,əlavə dəyərin xüsusi çəkisi,%,2013–2030,2025–2030,False,18,ACTUAL;Baseline,8 vərəq.xlsx/2.4.1.2.!R15,Nazirlik (MU)
mn:v8:2_4_1_2:elave_deyerin_xususi_cekisi_3,ministry:8vereq,əlavə dəyərin xüsusi çəkisi,%,2013–2030,2025–2030,False,18,ACTUAL;Baseline,8 vərəq.xlsx/2.4.1.2.!R22,Nazirlik (MU)
mn:v8:2_4_1_2:elave_deyerin_xususi_cekisi_4,ministry:8vereq,əlavə dəyərin xüsusi çəkisi,%,2013–2030,2025–2030,False,18,ACTUAL;Baseline,8 vərəq.xlsx/2.4.1.2.!R29,Nazirlik (MU)
mn:v8:2_4_1_2:elave_deyerin_xususi_cekisi_5,ministry:8vereq,əlavə dəyərin xüsusi çəkisi,%,2013–2030,2025–2030,False,18,ACTUAL;Baseline,8 vərəq.xlsx/2.4.1.2.!R36,Nazirlik (MU)
mn:v8:2_4_1_2:elave_deyerin_xususi_cekisi_6,ministry:8vereq,əlavə dəyərin xüsusi çəkisi,%,2013–2030,2025–2030,False,18,ACTUAL;Baseline,8 vərəq.xlsx/2.4.1.2.!R43,Nazirlik (MU)
mn:v8:2_4_1_2:elave_deyerin_xususi_cekisi_7,ministry:8vereq,əlavə dəyərin xüsusi çəkisi,%,2013–2030,2025–2030,False,18,ACTUAL;Baseline,8 vərəq.xlsx/2.4.1.2.!R50,Nazirlik (MU)
mn:v8:2_4_1_2:elave_deyerin_xususi_cekisi_8,ministry:8vereq,əlavə dəyərin xüsusi çəkisi,%,2013–2030,2025–2030,False,18,ACTUAL;Baseline,8 vərəq.xlsx/2.4.1.2.!R57,Nazirlik (MU)
mn:v8:2_4_1_2:elave_deyerin_xususi_cekisi_9,ministry:8vereq,əlavə dəyərin xüsusi çəkisi,%,2013–2030,2025–2030,False,18,ACTUAL;Baseline,8 vərəq.xlsx/2.4.1.2.!R64,Nazirlik (MU)
mn:v8:2_4_1_2:umumi_buraxilis,ministry:8vereq,ümumi buraxılış,mln AZN,2013–2030,2025–2030,False,18,ACTUAL;Baseline,8 vərəq.xlsx/2.4.1.2.!R5,Nazirlik (MU)
mn:v8:2_4_1_2:umumi_buraxilis.mln_azn,ministry:8vereq,ümumi buraxılış,mln AZN,2013–2030,2025–2030,False,18,ACTUAL;Baseline,8 vərəq.xlsx/2.4.1.2.!R12,Nazirlik (MU)
mn:v8:2_4_1_2:umumi_buraxilis.mln_azn_10,ministry:8vereq,ümumi buraxılış,mln AZN,2013–2030,2025–2030,False,18,ACTUAL;Baseline,8 vərəq.xlsx/2.4.1.2.!R75,Nazirlik (MU)
mn:v8:2_4_1_2:umumi_buraxilis.mln_azn_11,ministry:8vereq,ümumi buraxılış,mln AZN,2013–2030,2025–2030,False,18,ACTUAL;Baseline,8 vərəq.xlsx/2.4.1.2.!R82,Nazirlik (MU)
mn:v8:2_4_1_2:umumi_buraxilis.mln_azn_12,ministry:8vereq,ümumi buraxılış,mln AZN,2013–2030,2025–2030,False,18,ACTUAL;Baseline,8 vərəq.xlsx/2.4.1.2.!R89,Nazirlik (MU)
mn:v8:2_4_1_2:umumi_buraxilis.mln_azn_13,ministry:8vereq,ümumi buraxılış,mln AZN,2013–2030,2025–2030,False,18,ACTUAL;Baseline,8 vərəq.xlsx/2.4.1.2.!R96,Nazirlik (MU)
mn:v8:2_4_1_2:umumi_buraxilis.mln_azn_14,ministry:8vereq,ümumi buraxılış,mln AZN,2013–2030,2025–2030,False,18,ACTUAL;Baseline,8 vərəq.xlsx/2.4.1.2.!R103,Nazirlik (MU)
mn:v8:2_4_1_2:umumi_buraxilis.mln_azn_15,ministry:8vereq,ümumi buraxılış,mln AZN,2013–2030,2025–2030,False,18,ACTUAL;Baseline,8 vərəq.xlsx/2.4.1.2.!R110,Nazirlik (MU)
mn:v8:2_4_1_2:umumi_buraxilis.mln_azn_16,ministry:8vereq,ümumi buraxılış,mln AZN,2013–2030,2025–2030,False,18,ACTUAL;Baseline,8 vərəq.xlsx/2.4.1.2.!R117,Nazirlik (MU)
mn:v8:2_4_1_2:umumi_buraxilis.mln_azn_2,ministry:8vereq,ümumi buraxılış,mln AZN,2013–2030,2025–2030,False,18,ACTUAL;Baseline,8 vərəq.xlsx/2.4.1.2.!R19,Nazirlik (MU)
mn:v8:2_4_1_2:umumi_buraxilis.mln_azn_3,ministry:8vereq,ümumi buraxılış,mln AZN,2013–2030,2025–2030,False,18,ACTUAL;Baseline,8 vərəq.xlsx/2.4.1.2.!R26,Nazirlik (MU)
mn:v8:2_4_1_2:umumi_buraxilis.mln_azn_4,ministry:8vereq,ümumi buraxılış,mln AZN,2013–2030,2025–2030,False,18,ACTUAL;Baseline,8 vərəq.xlsx/2.4.1.2.!R33,Nazirlik (MU)
mn:v8:2_4_1_2:umumi_buraxilis.mln_azn_5,ministry:8vereq,ümumi buraxılış,mln AZN,2013–2030,2025–2030,False,18,ACTUAL;Baseline,8 vərəq.xlsx/2.4.1.2.!R40,Nazirlik (MU)
mn:v8:2_4_1_2:umumi_buraxilis.mln_azn_6,ministry:8vereq,ümumi buraxılış,mln AZN,2013–2030,2025–2030,False,18,ACTUAL;Baseline,8 vərəq.xlsx/2.4.1.2.!R47,Nazirlik (MU)
mn:v8:2_4_1_2:umumi_buraxilis.mln_azn_7,ministry:8vereq,ümumi buraxılış,mln AZN,2013–2030,2025–2030,False,18,ACTUAL;Baseline,8 vərəq.xlsx/2.4.1.2.!R54,Nazirlik (MU)
mn:v8:2_4_1_2:umumi_buraxilis.mln_azn_8,ministry:8vereq,ümumi buraxılış,mln AZN,2013–2030,2025–2030,False,18,ACTUAL;Baseline,8 vərəq.xlsx/2.4.1.2.!R61,Nazirlik (MU)
mn:v8:2_4_1_2:umumi_buraxilis.mln_azn_9,ministry:8vereq,ümumi buraxılış,mln AZN,2013–2030,2025–2030,False,18,ACTUAL;Baseline,8 vərəq.xlsx/2.4.1.2.!R68,Nazirlik (MU)
mn:v8:2_4_1_3:informasiya_ve_rabite,ministry:8vereq,İnformasiya və rabitə,"ÜDM-də payı, %",2013–2030,2025–2030,False,18,ACTUAL;Baseline,8 vərəq.xlsx/2.4.1.3.!R40,Nazirlik (MU)
mn:v8:2_4_1_3:informasiya_ve_rabite.deflyator,ministry:8vereq,İnformasiya və rabitə: deflyator,%,2013–2030,2025–2030,False,18,ACTUAL;Baseline,8 vərəq.xlsx/2.4.1.3.!R43,Nazirlik (MU)
mn:v8:2_4_1_3:informasiya_ve_rabite.elave_deyer,ministry:8vereq,İnformasiya və rabitə: əlavə dəyər,mln AZN,2013–2030,2025–2030,False,18,ACTUAL;Baseline,8 vərəq.xlsx/2.4.1.3.!R41,Nazirlik (MU)
mn:v8:2_4_1_3:informasiya_ve_rabite.real_artim_tempi,ministry:8vereq,İnformasiya və rabitə: real artım tempi,%,2013–2030,2025–2030,False,18,ACTUAL;Baseline,8 vərəq.xlsx/2.4.1.3.!R42,Nazirlik (MU)
mn:v8:2_4_1_3:kend_mese_ve_baliqciliq_teserr.deflyator,ministry:8vereq,"Kənd, meşə və balıqçılıq təsərrüfatı: deflyator",%,2013–2030,2025–2030,False,18,ACTUAL;Baseline,8 vərəq.xlsx/2.4.1.3.!R7,Nazirlik (MU)
mn:v8:2_4_1_3:kend_mese_ve_baliqciliq_teserr.elave_deyer,ministry:8vereq,"Kənd, meşə və balıqçılıq təsərrüfatı: əlavə dəyər",mln AZN,2013–2030,2025–2030,False,18,ACTUAL;Baseline,8 vərəq.xlsx/2.4.1.3.!R5,Nazirlik (MU)
mn:v8:2_4_1_3:kend_mese_ve_baliqciliq_teserr.real_artim_tempi,ministry:8vereq,"Kənd, meşə və balıqçılıq təsərrüfatı: real artım tempi",%,2013–2030,2025–2030,False,18,ACTUAL;Baseline,8 vərəq.xlsx/2.4.1.3.!R6,Nazirlik (MU)
mn:v8:2_4_1_3:kend_mese_ve_baliqciliq_teserrufati,ministry:8vereq,"Kənd, meşə və balıqçılıq təsərrüfatı","ÜDM-də payı, %",2013–2030,2025–2030,False,18,ACTUAL;Baseline,8 vərəq.xlsx/2.4.1.3.!R4,Nazirlik (MU)
mn:v8:2_4_1_3:mehsula_ve_idxala_xalis_vergil.deflyator,ministry:8vereq,Məhsula və idxala xalis vergilər: deflyator,%,2013–2030,2025–2030,False,18,ACTUAL;Baseline,8 vərəq.xlsx/2.4.1.3.!R51,Nazirlik (MU)
mn:v8:2_4_1_3:mehsula_ve_idxala_xalis_vergil.elave_deyer,ministry:8vereq,Məhsula və idxala xalis vergilər: əlavə dəyər,mln AZN,2013–2030,2025–2030,False,18,ACTUAL;Baseline,8 vərəq.xlsx/2.4.1.3.!R49,Nazirlik (MU)
mn:v8:2_4_1_3:mehsula_ve_idxala_xalis_vergil.real_artim_tempi,ministry:8vereq,Məhsula və idxala xalis vergilər: real artım tempi,%,2013–2030,2025–2030,False,18,ACTUAL;Baseline,8 vərəq.xlsx/2.4.1.3.!R50,Nazirlik (MU)
mn:v8:2_4_1_3:mehsula_ve_idxala_xalis_vergiler,ministry:8vereq,Məhsula və idxala xalis vergilər,"ÜDM-də payı, %",2013–2030,2025–2030,False,18,ACTUAL;Baseline,8 vərəq.xlsx/2.4.1.3.!R48,Nazirlik (MU)
mn:v8:2_4_1_3:neft_ve_qaz_senayesi,ministry:8vereq,Neft və qaz sənayesi,"ÜDM-də payı, %",2013–2030,2025–2030,False,18,ACTUAL;Baseline,8 vərəq.xlsx/2.4.1.3.!R12,Nazirlik (MU)
mn:v8:2_4_1_3:neft_ve_qaz_senayesi.deflyator,ministry:8vereq,Neft və qaz sənayesi: deflyator,%,2013–2030,2025–2030,False,18,ACTUAL;Baseline,8 vərəq.xlsx/2.4.1.3.!R15,Nazirlik (MU)
mn:v8:2_4_1_3:neft_ve_qaz_senayesi.elave_deyer,ministry:8vereq,Neft və qaz sənayesi: əlavə dəyər,mln AZN,2013–2030,2025–2030,False,18,ACTUAL;Baseline,8 vərəq.xlsx/2.4.1.3.!R13,Nazirlik (MU)
mn:v8:2_4_1_3:neft_ve_qaz_senayesi.real_artim_tempi,ministry:8vereq,Neft və qaz sənayesi: real artım tempi,%,2013–2030,2025–2030,False,18,ACTUAL;Baseline,8 vərəq.xlsx/2.4.1.3.!R14,Nazirlik (MU)
mn:v8:2_4_1_3:neqliyyat_ve_anbar_teserrufati,ministry:8vereq,Nəqliyyat və anbar təsərrüfatı,"ÜDM-də payı, %",2013–2030,2025–2030,False,18,ACTUAL;Baseline,8 vərəq.xlsx/2.4.1.3.!R36,Nazirlik (MU)
mn:v8:2_4_1_3:neqliyyat_ve_anbar_teserrufati.deflyator,ministry:8vereq,Nəqliyyat və anbar təsərrüfatı: deflyator,%,2013–2030,2025–2030,False,18,ACTUAL;Baseline,8 vərəq.xlsx/2.4.1.3.!R39,Nazirlik (MU)
mn:v8:2_4_1_3:neqliyyat_ve_anbar_teserrufati.elave_deyer,ministry:8vereq,Nəqliyyat və anbar təsərrüfatı: əlavə dəyər,mln AZN,2013–2030,2025–2030,False,18,ACTUAL;Baseline,8 vərəq.xlsx/2.4.1.3.!R37,Nazirlik (MU)
mn:v8:2_4_1_3:neqliyyat_ve_anbar_teserrufati.real_artim_tempi,ministry:8vereq,Nəqliyyat və anbar təsərrüfatı: real artım tempi,%,2013–2030,2025–2030,False,18,ACTUAL;Baseline,8 vərəq.xlsx/2.4.1.3.!R38,Nazirlik (MU)
mn:v8:2_4_1_3:qeyri_neft_qaz_senayesi,ministry:8vereq,Qeyri neft-qaz sənayesi,"ÜDM-də payı, %",2013–2030,2025–2030,False,18,ACTUAL;Baseline,8 vərəq.xlsx/2.4.1.3.!R16,Nazirlik (MU)
mn:v8:2_4_1_3:qeyri_neft_qaz_senayesi.deflyator,ministry:8vereq,Qeyri neft-qaz sənayesi: deflyator,%,2013–2030,2025–2030,False,18,ACTUAL;Baseline,8 vərəq.xlsx/2.4.1.3.!R19,Nazirlik (MU)
mn:v8:2_4_1_3:qeyri_neft_qaz_senayesi.elave_deyer,ministry:8vereq,Qeyri neft-qaz sənayesi: əlavə dəyər,mln AZN,2013–2030,2025–2030,False,18,ACTUAL;Baseline,8 vərəq.xlsx/2.4.1.3.!R17,Nazirlik (MU)
mn:v8:2_4_1_3:qeyri_neft_qaz_senayesi.real_artim_tempi,ministry:8vereq,Qeyri neft-qaz sənayesi: real artım tempi,%,2013–2030,2025–2030,False,18,ACTUAL;Baseline,8 vərəq.xlsx/2.4.1.3.!R18,Nazirlik (MU)
mn:v8:2_4_1_3:senaye,ministry:8vereq,Sənaye,"ÜDM-də payı, %",2013–2030,2025–2030,False,18,ACTUAL;Baseline,8 vərəq.xlsx/2.4.1.3.!R8,Nazirlik (MU)
mn:v8:2_4_1_3:senaye.deflyator,ministry:8vereq,Sənaye: deflyator,%,2013–2030,2025–2030,False,18,ACTUAL;Baseline,8 vərəq.xlsx/2.4.1.3.!R11,Nazirlik (MU)
mn:v8:2_4_1_3:senaye.elave_deyer,ministry:8vereq,Sənaye: əlavə dəyər,mln AZN,2013–2030,2025–2030,False,18,ACTUAL;Baseline,8 vərəq.xlsx/2.4.1.3.!R9,Nazirlik (MU)
mn:v8:2_4_1_3:senaye.real_artim_tempi,ministry:8vereq,Sənaye: real artım tempi,%,2013–2030,2025–2030,False,18,ACTUAL;Baseline,8 vərəq.xlsx/2.4.1.3.!R10,Nazirlik (MU)
mn:v8:2_4_1_3:sosial_ve_diger_sahelerde_yara.deflyator,ministry:8vereq,Sosial və digər sahələrdə yaradılmış əlavə dəyər: deflyator,%,2013–2030,2025–2030,False,18,ACTUAL;Baseline,8 vərəq.xlsx/2.4.1.3.!R47,Nazirlik (MU)
mn:v8:2_4_1_3:sosial_ve_diger_sahelerde_yara.elave_deyer,ministry:8vereq,Sosial və digər sahələrdə yaradılmış əlavə dəyər: əlavə dəyər,mln AZN,2013–2030,2025–2030,False,18,ACTUAL;Baseline,8 vərəq.xlsx/2.4.1.3.!R45,Nazirlik (MU)
mn:v8:2_4_1_3:sosial_ve_diger_sahelerde_yara.real_artim_tempi,ministry:8vereq,Sosial və digər sahələrdə yaradılmış əlavə dəyər: real artım tempi,%,2013–2030,2025–2030,False,18,ACTUAL;Baseline,8 vərəq.xlsx/2.4.1.3.!R46,Nazirlik (MU)
mn:v8:2_4_1_3:sosial_ve_diger_sahelerde_yaradilmis_elave_deyer,ministry:8vereq,Sosial və digər sahələrdə yaradılmış əlavə dəyər,"ÜDM-də payı, %",2013–2030,2025–2030,False,18,ACTUAL;Baseline,8 vərəq.xlsx/2.4.1.3.!R44,Nazirlik (MU)
mn:v8:2_4_1_3:ticaret_neqliyyat_vasitelerini.deflyator,ministry:8vereq,"Ticarət, nəqliyyat vasitələrinin təmiri: deflyator",%,2013–2030,2025–2030,False,18,ACTUAL;Baseline,8 vərəq.xlsx/2.4.1.3.!R31,Nazirlik (MU)
mn:v8:2_4_1_3:ticaret_neqliyyat_vasitelerini.elave_deyer,ministry:8vereq,"Ticarət, nəqliyyat vasitələrinin təmiri: əlavə dəyər",mln AZN,2013–2030,2025–2030,False,18,ACTUAL;Baseline,8 vərəq.xlsx/2.4.1.3.!R29,Nazirlik (MU)
mn:v8:2_4_1_3:ticaret_neqliyyat_vasitelerini.real_artim_tempi,ministry:8vereq,"Ticarət, nəqliyyat vasitələrinin təmiri: real artım tempi",%,2013–2030,2025–2030,False,18,ACTUAL;Baseline,8 vərəq.xlsx/2.4.1.3.!R30,Nazirlik (MU)
mn:v8:2_4_1_3:ticaret_neqliyyat_vasitelerinin_temiri,ministry:8vereq,"Ticarət, nəqliyyat vasitələrinin təmiri","ÜDM-də payı, %",2013–2030,2025–2030,False,18,ACTUAL;Baseline,8 vərəq.xlsx/2.4.1.3.!R28,Nazirlik (MU)
mn:v8:2_4_1_3:tikinti,ministry:8vereq,Tikinti,"ÜDM-də payı, %",2013–2030,2025–2030,False,18,ACTUAL;Baseline,8 vərəq.xlsx/2.4.1.3.!R20,Nazirlik (MU)
mn:v8:2_4_1_3:tikinti.deflyator,ministry:8vereq,Tikinti: deflyator,%,2013–2030,2025–2030,False,18,ACTUAL;Baseline,8 vərəq.xlsx/2.4.1.3.!R23,Nazirlik (MU)
mn:v8:2_4_1_3:tikinti.elave_deyer,ministry:8vereq,Tikinti: əlavə dəyər,mln AZN,2013–2030,2025–2030,False,18,ACTUAL;Baseline,8 vərəq.xlsx/2.4.1.3.!R21,Nazirlik (MU)
mn:v8:2_4_1_3:tikinti.real_artim_tempi,ministry:8vereq,Tikinti: real artım tempi,%,2013–2030,2025–2030,False,18,ACTUAL;Baseline,8 vərəq.xlsx/2.4.1.3.!R22,Nazirlik (MU)
mn:v8:2_4_1_3:turistlerin_yerlesdirilmesi_ve.deflyator,ministry:8vereq,Turistlərin yerləşdirilməsi və ictimai iaşə: deflyator,%,2013–2030,2025–2030,False,18,ACTUAL;Baseline,8 vərəq.xlsx/2.4.1.3.!R35,Nazirlik (MU)
mn:v8:2_4_1_3:turistlerin_yerlesdirilmesi_ve.elave_deyer,ministry:8vereq,Turistlərin yerləşdirilməsi və ictimai iaşə: əlavə dəyər,mln AZN,2013–2030,2025–2030,False,18,ACTUAL;Baseline,8 vərəq.xlsx/2.4.1.3.!R33,Nazirlik (MU)
mn:v8:2_4_1_3:turistlerin_yerlesdirilmesi_ve.real_artim_tempi,ministry:8vereq,Turistlərin yerləşdirilməsi və ictimai iaşə: real artım tempi,%,2013–2030,2025–2030,False,18,ACTUAL;Baseline,8 vərəq.xlsx/2.4.1.3.!R34,Nazirlik (MU)
mn:v8:2_4_1_3:turistlerin_yerlesdirilmesi_ve_ictimai_iase,ministry:8vereq,Turistlərin yerləşdirilməsi və ictimai iaşə,"ÜDM-də payı, %",2013–2030,2025–2030,False,18,ACTUAL;Baseline,8 vərəq.xlsx/2.4.1.3.!R32,Nazirlik (MU)
mn:v8:2_4_1_3:xidmetlerin_istehsali,ministry:8vereq,Xidmətlərin istehsalı,"ÜDM-də payı, %",2013–2030,2025–2030,False,18,ACTUAL;Baseline,8 vərəq.xlsx/2.4.1.3.!R24,Nazirlik (MU)
mn:v8:2_4_1_3:xidmetlerin_istehsali.deflyator,ministry:8vereq,Xidmətlərin istehsalı: deflyator,%,2013–2030,2025–2030,False,18,ACTUAL;Baseline,8 vərəq.xlsx/2.4.1.3.!R27,Nazirlik (MU)
mn:v8:2_4_1_3:xidmetlerin_istehsali.elave_deyer,ministry:8vereq,Xidmətlərin istehsalı: əlavə dəyər,mln AZN,2013–2030,2025–2030,False,18,ACTUAL;Baseline,8 vərəq.xlsx/2.4.1.3.!R25,Nazirlik (MU)
mn:v8:2_4_1_3:xidmetlerin_istehsali.real_artim_tempi,ministry:8vereq,Xidmətlərin istehsalı: real artım tempi,%,2013–2030,2025–2030,False,18,ACTUAL;Baseline,8 vərəq.xlsx/2.4.1.3.!R26,Nazirlik (MU)
mn:v8:2_4_1_4:alkoqolsuz_ickiler,ministry:8vereq,Alkoqolsuz içkilər,min dkl,2013–2030,2025–2030,False,18,ACTUAL;Baseline,8 vərəq.xlsx/2.4.1.4.!R65,Nazirlik (MU)
mn:v8:2_4_1_4:aluminium_sulfat_ve_ya_barium_sulfat,ministry:8vereq,Alüminium sulfat və ya barium sulfat,min ton,2013–2019,,False,7,ACTUAL,8 vərəq.xlsx/2.4.1.4.!R115,Nazirlik (MU)
mn:v8:2_4_1_4:aluminium_sulfat_ve_ya_barium_sulfat.min_ton,ministry:8vereq,Alüminium sulfat və ya barium sulfat,min ton,2013–2017,,False,5,ACTUAL,8 vərəq.xlsx/2.4.1.4.!R119,Nazirlik (MU)
mn:v8:2_4_1_4:avtobenzinler,ministry:8vereq,Avtobenzinlər,min ton,2013–2030,2025–2030,False,18,ACTUAL;Baseline,8 vərəq.xlsx/2.4.1.4.!R98,Nazirlik (MU)
mn:v8:2_4_1_4:ayaqqabi_ucun_deri,ministry:8vereq,Ayaqqabı üçün dəri,ton,2013–2030,2025–2030,False,18,ACTUAL;Baseline,8 vərəq.xlsx/2.4.1.4.!R85,Nazirlik (MU)
mn:v8:2_4_1_4:barama_yas_cekide,ministry:8vereq,Barama (yaş çəkidə),ton,2013–2030,2025–2030,False,18,ACTUAL;Baseline,8 vərəq.xlsx/2.4.1.4.!R27,Nazirlik (MU)
mn:v8:2_4_1_4:bentonit,ministry:8vereq,Bentonit,min ton,2013–2030,2025–2030,False,16,ACTUAL;Baseline,8 vərəq.xlsx/2.4.1.4.!R43,Nazirlik (MU)
mn:v8:2_4_1_4:bitki_yaglari,ministry:8vereq,Bitki yağları,min ton,2013–2017,,False,5,ACTUAL,8 vərəq.xlsx/2.4.1.4.!R55,Nazirlik (MU)
mn:v8:2_4_1_4:bostan,ministry:8vereq,Bostan,min ton,2013–2030,2025–2030,False,18,ACTUAL;Baseline,8 vərəq.xlsx/2.4.1.4.!R10,Nazirlik (MU)
mn:v8:2_4_1_4:cay_yarpagi,ministry:8vereq,Çay yarpağı,min ton,2013–2030,2025–2030,False,18,ACTUAL;Baseline,8 vərəq.xlsx/2.4.1.4.!R18,Nazirlik (MU)
mn:v8:2_4_1_4:cinqil_qirmadas_xirda_cay_dasi_ve_caxmaq_dasi,ministry:8vereq,"Çınqıl, qırmadaş, xırda çay daşı və çaxmaq daşı",min ton,2013–2030,2025–2030,False,18,ACTUAL;Baseline,8 vərəq.xlsx/2.4.1.4.!R42,Nazirlik (MU)
mn:v8:2_4_1_4:corek_ve_corek_bulka_memulatlari,ministry:8vereq,Çörək və çörək-bulka məmulatları,min ton,2013–2017,,False,5,ACTUAL,8 vərəq.xlsx/2.4.1.4.!R57,Nazirlik (MU)
mn:v8:2_4_1_4:den_ucun_gunebaxan,ministry:8vereq,Dən üçün günəbaxan,min ton,2013–2030,2025–2030,False,18,ACTUAL;Baseline,8 vərəq.xlsx/2.4.1.4.!R15,Nazirlik (MU)
mn:v8:2_4_1_4:denli_ve_denli_paxlalilar,ministry:8vereq,Dənli və dənli paxlalılar,min ton,2013–2030,2025–2030,False,18,ACTUAL;Baseline,8 vərəq.xlsx/2.4.1.4.!R6,Nazirlik (MU)
mn:v8:2_4_1_4:desilmis_ve_ya_desilmemis_buzmelenmis_kagiz_ve_k,ministry:8vereq,Deşilmiş və ya deşilməmiş büzmələnmiş kağız və karton,ton,2013–2030,2025–2030,False,18,ACTUAL;Baseline,8 vərəq.xlsx/2.4.1.4.!R91,Nazirlik (MU)
mn:v8:2_4_1_4:diger_ilkin_formalarda_polipropilen,ministry:8vereq,Digər ilkin formalarda polipropilen,min ton,2013–2030,2025–2030,False,18,ACTUAL;Baseline,8 vərəq.xlsx/2.4.1.4.!R114,Nazirlik (MU)
mn:v8:2_4_1_4:diger_qruplara_daxil_edilmeyen_doymamis_aciq_zen,ministry:8vereq,Digər qruplara daxil edilməyən doymamış açıq zənсirli karbohidrogenlər,min ton,2013–2030,2025–2030,False,18,ACTUAL;Baseline,8 vərəq.xlsx/2.4.1.4.!R112,Nazirlik (MU)
mn:v8:2_4_1_4:dizel_yanacagi,ministry:8vereq,Dizel yanacağı,min ton,2013–2030,2025–2030,False,18,ACTUAL;Baseline,8 vərəq.xlsx/2.4.1.4.!R100,Nazirlik (MU)
mn:v8:2_4_1_4:donuzlar,ministry:8vereq,Donuzlar,min baş,2013–2030,2025–2030,False,18,ACTUAL;Baseline,8 vərəq.xlsx/2.4.1.4.!R31,Nazirlik (MU)
mn:v8:2_4_1_4:duyunlerle_toxunan_xalcalar,ministry:8vereq,Düyünlərlə toxunan xalçalar,min m2,2013–2030,2025–2030,False,18,ACTUAL;Baseline,8 vərəq.xlsx/2.4.1.4.!R72,Nazirlik (MU)
mn:v8:2_4_1_4:emal_edilmis_duru_sud,ministry:8vereq,Emal edilmiş duru süd,min ton,2013–2017,,False,5,ACTUAL,8 vərəq.xlsx/2.4.1.4.!R51,Nazirlik (MU)
mn:v8:2_4_1_4:emteelik_qaz,ministry:8vereq,əmtəəlik qaz,mln m3,2013–2030,2025–2030,False,18,ACTUAL;Baseline,8 vərəq.xlsx/2.4.1.4.!R37,Nazirlik (MU)
mn:v8:2_4_1_4:et_diri_cekide,ministry:8vereq,Ət (diri çəkidə),min ton,2013–2030,2025–2030,False,18,ACTUAL;Baseline,8 vərəq.xlsx/2.4.1.4.!R20,Nazirlik (MU)
mn:v8:2_4_1_4:etilen,ministry:8vereq,Etilen,min ton,2013–2030,2025–2030,False,18,ACTUAL;Baseline,8 vərəq.xlsx/2.4.1.4.!R113,Nazirlik (MU)
mn:v8:2_4_1_4:hidrotemizlenmis_benzin,ministry:8vereq,Hidrotəmizlənmiş benzin,min ton,2013–2030,2025–2030,False,18,ACTUAL;Baseline,8 vərəq.xlsx/2.4.1.4.!R99,Nazirlik (MU)
mn:v8:2_4_1_4:inek_camis,ministry:8vereq,İnək-camış,min baş,2013–2030,2025–2030,False,18,ACTUAL;Baseline,8 vərəq.xlsx/2.4.1.4.!R29,Nazirlik (MU)
mn:v8:2_4_1_4:insaat_ucun_ehengdasi_alebastr,ministry:8vereq,"İnşaat üçün əhəngdaşı, alebastr",min ton,2013–2030,2025–2030,False,18,ACTUAL;Baseline,8 vərəq.xlsx/2.4.1.4.!R44,Nazirlik (MU)
mn:v8:2_4_1_4:ipekden_ve_ipek_tullantilarindan_hazirlanan_sall,ministry:8vereq,"İpəkdən və ipək tullantılarından hazırlanan şallar, şərflər, kaşnelər, mantilyalar, duvaqlar",min ədəd,2013–2030,2025–2030,False,18,ACTUAL;Baseline,8 vərəq.xlsx/2.4.1.4.!R77,Nazirlik (MU)
mn:v8:2_4_1_4:iri_buynuzlu_mal_qara,ministry:8vereq,İri buynuzlu mal-qara,min baş,2013–2030,2025–2030,False,18,ACTUAL;Baseline,8 vərəq.xlsx/2.4.1.4.!R28,Nazirlik (MU)
mn:v8:2_4_1_4:izopropil_spirti,ministry:8vereq,İzopropil spirti,min ton,2013–2030,2025–2030,False,18,ACTUAL;Baseline,8 vərəq.xlsx/2.4.1.4.!R110,Nazirlik (MU)
mn:v8:2_4_1_4:kagiz_el_desmallari,ministry:8vereq,Kağız əl dəsmalları,ton,2013–2030,2025–2030,False,18,ACTUAL;Baseline,8 vərəq.xlsx/2.4.1.4.!R92,Nazirlik (MU)
mn:v8:2_4_1_4:karbamid,ministry:8vereq,Karbamid,min ton,2013–2030,2025–2030,False,16,ACTUAL;Baseline,8 vərəq.xlsx/2.4.1.4.!R118,Nazirlik (MU)
mn:v8:2_4_1_4:kardo_ve_daraqla_daranmis_pambiq_lifi,ministry:8vereq,Kardo və daraqla daranmış pambıq lifi,min ton,2013–2030,2025–2030,False,18,ACTUAL;Baseline,8 vərəq.xlsx/2.4.1.4.!R70,Nazirlik (MU)
mn:v8:2_4_1_4:kartof,ministry:8vereq,Kartof,min ton,2013–2030,2025–2030,False,18,ACTUAL;Baseline,8 vərəq.xlsx/2.4.1.4.!R11,Nazirlik (MU)
mn:v8:2_4_1_4:kere_yagi,ministry:8vereq,Kərə yağı,min ton,2013–2017,,False,5,ACTUAL,8 vərəq.xlsx/2.4.1.4.!R53,Nazirlik (MU)
mn:v8:2_4_1_4:kisi_ve_oglanlar_ucun_kalsonlar_ve_tumanlar,ministry:8vereq,Kişi və oğlanlar üçün kalsonlar və tumanlar,min ədəd,2013–2030,2025–2030,False,18,ACTUAL;Baseline,8 vərəq.xlsx/2.4.1.4.!R76,Nazirlik (MU)
mn:v8:2_4_1_4:kisi_ve_ya_oglanlar_ucun_kostyumlar,ministry:8vereq,Kişi və ya oğlanlar üçün kostyumlar,min ədəd,2013–2030,2025–2030,False,18,ACTUAL;Baseline,8 vərəq.xlsx/2.4.1.4.!R75,Nazirlik (MU)
mn:v8:2_4_1_4:kisi_ve_ya_oglanlar_ucun_koynekler_alt_koynekler,ministry:8vereq,"Kişi və ya oğlanlar üçün köynəklər, alt köynəkləri",min ədəd,2013–2030,2025–2030,False,18,ACTUAL;Baseline,8 vərəq.xlsx/2.4.1.4.!R82,Nazirlik (MU)
mn:v8:2_4_1_4:kisi_ve_ya_oglanlar_ucun_paltolar_godekceler_pla,ministry:8vereq,"Kişi və ya oğlanlar üçün paltolar, gödəkçələr, plaşlar və oxşar məmulatlar",min ədəd,2013–2030,2025–2030,False,18,ACTUAL;Baseline,8 vərəq.xlsx/2.4.1.4.!R80,Nazirlik (MU)
mn:v8:2_4_1_4:kisi_ve_ya_oglanlar_ucun_pambiqdan_ve_ya_kimyevi,ministry:8vereq,Kişi və ya oğlanlar üçün pambıqdan və ya kimyəvi liflərdən hazırlanan  istehsalat və ya peşə komplektləri,min ədəd,2013–2030,2025–2030,False,18,ACTUAL;Baseline,8 vərəq.xlsx/2.4.1.4.!R79,Nazirlik (MU)
mn:v8:2_4_1_4:kisi_ve_ya_oglanlar_ucun_trikotaj_kostyum_ve_kom,ministry:8vereq,Kişi və ya oğlanlar üçün trikotaj kostyum və komplektlər,min ədəd,2013–2030,2025–2030,False,18,ACTUAL;Baseline,8 vərəq.xlsx/2.4.1.4.!R74,Nazirlik (MU)
mn:v8:2_4_1_4:kitab_ve_kitabcalarin_usaqlar_ucun_kitab_sekille,ministry:8vereq,"Kitab və kitabçaların, uşaqlar üçün kitab-şəkillərin və ya şəkil çəkmək üçün kitabların çap edilməsi",min ədəd,2013–2030,2025–2030,False,18,ACTUAL;Baseline,8 vərəq.xlsx/2.4.1.4.!R95,Nazirlik (MU)
mn:v8:2_4_1_4:kolqotlar_reytuzlar_corablar,ministry:8vereq,"Kolqotlar, reytuzlar, corablar",min cüt,2013–2030,2025–2030,False,18,ACTUAL;Baseline,8 vərəq.xlsx/2.4.1.4.!R78,Nazirlik (MU)
mn:v8:2_4_1_4:lakli_deri_ve_saxta_lakli_tebii_deri_metallasdir,ministry:8vereq,Laklı dəri və saxta laklı təbii dəri: metallaşdırılmış dəri,min kv.m,2013–2030,2025–2030,False,18,ACTUAL;Baseline,8 vərəq.xlsx/2.4.1.4.!R84,Nazirlik (MU)
mn:v8:2_4_1_4:mal_eti,ministry:8vereq,Mal əti,min ton,2013–2017,,False,5,ACTUAL,8 vərəq.xlsx/2.4.1.4.!R48,Nazirlik (MU)
mn:v8:2_4_1_4:metanol_metil_spirti,ministry:8vereq,Metanol (metil spirti),min ton,2013–2030,2025–2030,False,16,ACTUAL;Baseline,8 vərəq.xlsx/2.4.1.4.!R117,Nazirlik (MU)
mn:v8:2_4_1_4:meyve_ve_gilemeyve,ministry:8vereq,Meyvə və giləmeyvə,min ton,2013–2030,2025–2030,False,18,ACTUAL;Baseline,8 vərəq.xlsx/2.4.1.4.!R16,Nazirlik (MU)
mn:v8:2_4_1_4:meyve_ve_terevez_sireleri,ministry:8vereq,Meyvə və tərəvəz şirələri,min dkl,2013–2017,,False,5,ACTUAL,8 vərəq.xlsx/2.4.1.4.!R50,Nazirlik (MU)
mn:v8:2_4_1_4:min_ton,ministry:8vereq,min ton,,2013–2017,,False,5,ACTUAL,8 vərəq.xlsx/2.4.1.4.!R56,Nazirlik (MU)
mn:v8:2_4_1_4:mis_filizleri,ministry:8vereq,Mis filizləri,ton,2013–2030,2025–2030,False,18,ACTUAL;Baseline,8 vərəq.xlsx/2.4.1.4.!R40,Nazirlik (MU)
mn:v8:2_4_1_4:muherrik_yanacagi,ministry:8vereq,Mühərrik yanacağı,min ton,2013–2030,2025–2030,False,18,ACTUAL;Baseline,8 vərəq.xlsx/2.4.1.4.!R105,Nazirlik (MU)
mn:v8:2_4_1_4:neft_bitumu,ministry:8vereq,Neft bitumu,min ton,2013–2030,2025–2030,False,18,ACTUAL;Baseline,8 vərəq.xlsx/2.4.1.4.!R104,Nazirlik (MU)
mn:v8:2_4_1_4:neft_hasilati,ministry:8vereq,Neft hasilatı,min ton,2013–2030,2025–2030,False,18,ACTUAL;Baseline,8 vərəq.xlsx/2.4.1.4.!R35,Nazirlik (MU)
mn:v8:2_4_1_4:neft_koksu,ministry:8vereq,Neft koksu,min ton,2013–2030,2025–2030,False,18,ACTUAL;Baseline,8 vərəq.xlsx/2.4.1.4.!R103,Nazirlik (MU)
mn:v8:2_4_1_4:neft_mehsullarinin_istehsali_cemi,ministry:8vereq,Neft məhsullarının istehsalı-cəmi,min ton,2013–2030,2025–2030,False,18,ACTUAL;Baseline,8 vərəq.xlsx/2.4.1.4.!R97,Nazirlik (MU)
mn:v8:2_4_1_4:o_cumleden_bugda,ministry:8vereq,"o cümlədən, buğda",min ton,2013–2030,2025–2030,False,18,ACTUAL;Baseline,8 vərəq.xlsx/2.4.1.4.!R7,Nazirlik (MU)
mn:v8:2_4_1_4:o_cumleden_celtik,ministry:8vereq,"o cümlədən, çəltik",min ton,2013–2030,2025–2030,False,18,ACTUAL;Baseline,8 vərəq.xlsx/2.4.1.4.!R8,Nazirlik (MU)
mn:v8:2_4_1_4:o_cumleden_mal_eti,ministry:8vereq,o cümlədən mal əti,min ton,2013–2030,2025–2030,False,18,ACTUAL;Baseline,8 vərəq.xlsx/2.4.1.4.!R21,Nazirlik (MU)
mn:v8:2_4_1_4:o_cumleden_qoyun_eti,ministry:8vereq,o cümlədən qoyun əti,min ton,2013–2030,2025–2030,False,18,ACTUAL;Baseline,8 vərəq.xlsx/2.4.1.4.!R22,Nazirlik (MU)
mn:v8:2_4_1_4:o_cumleden_qus_eti,ministry:8vereq,o cümlədən quş əti,min ton,2013–2030,2025–2030,False,18,ACTUAL;Baseline,8 vərəq.xlsx/2.4.1.4.!R23,Nazirlik (MU)
mn:v8:2_4_1_4:pambiq,ministry:8vereq,Pambıq,min ton,2013–2030,2025–2030,False,18,ACTUAL;Baseline,8 vərəq.xlsx/2.4.1.4.!R12,Nazirlik (MU)
mn:v8:2_4_1_4:pendir_ve_kesmik,ministry:8vereq,Pendir və kəsmik,min ton,2013–2017,,False,5,ACTUAL,8 vərəq.xlsx/2.4.1.4.!R54,Nazirlik (MU)
mn:v8:2_4_1_4:perakende_satis_ucun_qablasdirilmis_pambiq_iplik,ministry:8vereq,Pərakəndə satış üçün qablaşdırılmış pambıq iplik (tikiş üçün saplardan başqa),ton,2013–2030,2025–2030,False,18,ACTUAL;Baseline,8 vərəq.xlsx/2.4.1.4.!R71,Nazirlik (MU)
mn:v8:2_4_1_4:propen_propilen,ministry:8vereq,Propen (propilen),min ton,2013–2030,2025–2030,False,16,ACTUAL;Baseline,8 vərəq.xlsx/2.4.1.4.!R109,Nazirlik (MU)
mn:v8:2_4_1_4:qadin_ve_ya_qizlar_ucun_donlar,ministry:8vereq,Qadın və ya qızlar üçün donlar,min ədəd,2013–2030,2025–2030,False,18,ACTUAL;Baseline,8 vərəq.xlsx/2.4.1.4.!R81,Nazirlik (MU)
mn:v8:2_4_1_4:qaz_hasilati,ministry:8vereq,Qaz hasilatı,mln m3,2013–2030,2025–2030,False,18,ACTUAL;Baseline,8 vərəq.xlsx/2.4.1.4.!R36,Nazirlik (MU)
mn:v8:2_4_1_4:qend_rafinad_ve_seker_tozu,ministry:8vereq,Qənd-rafinad və şəkər tozu,min ton,2013–2017,,False,5,ACTUAL,8 vərəq.xlsx/2.4.1.4.!R52,Nazirlik (MU)
mn:v8:2_4_1_4:qizil_filizleri_ve_konsentratlari,ministry:8vereq,Qızıl filizləri və konsentratları,kq,2013–2030,2025–2030,False,18,ACTUAL;Baseline,8 vərəq.xlsx/2.4.1.4.!R39,Nazirlik (MU)
mn:v8:2_4_1_4:qoyun_ve_keciler,ministry:8vereq,Qoyun və keçilər,min baş,2013–2030,2025–2030,False,18,ACTUAL;Baseline,8 vərəq.xlsx/2.4.1.4.!R30,Nazirlik (MU)
mn:v8:2_4_1_4:quru_qaz,ministry:8vereq,Quru qaz,min ton,2013–2030,2025–2030,False,18,ACTUAL;Baseline,8 vərəq.xlsx/2.4.1.4.!R107,Nazirlik (MU)
mn:v8:2_4_1_4:qus,ministry:8vereq,Quş,mln baş,2013–2030,2025–2030,False,18,ACTUAL;Baseline,8 vərəq.xlsx/2.4.1.4.!R32,Nazirlik (MU)
mn:v8:2_4_1_4:qus_eti,ministry:8vereq,Quş əti,min ton,2013–2017,,False,5,ACTUAL,8 vərəq.xlsx/2.4.1.4.!R49,Nazirlik (MU)
mn:v8:2_4_1_4:reaktiv_muherrik_yanacagi,ministry:8vereq,Reaktiv mühərrik yanacağı,min ton,2013–2030,2025–2030,False,18,ACTUAL;Baseline,8 vərəq.xlsx/2.4.1.4.!R101,Nazirlik (MU)
mn:v8:2_4_1_4:sade_tipli_cap_materiallarindan_basqa_sair_cap_m,ministry:8vereq,Sadə tipli çap materiallarından başqa sair çap materialları,min ədəd,2013–2030,2025–2030,False,18,ACTUAL;Baseline,8 vərəq.xlsx/2.4.1.4.!R94,Nazirlik (MU)
mn:v8:2_4_1_4:sair_taxta_lovhe_parket,ministry:8vereq,Sair taxta lövhə parket,min kv.m,2013–2030,2025–2030,False,18,ACTUAL;Baseline,8 vərəq.xlsx/2.4.1.4.!R88,Nazirlik (MU)
mn:v8:2_4_1_4:sampan_serabi,ministry:8vereq,Şampan şərabı,min dkl,2013–2030,2025–2030,False,18,ACTUAL;Baseline,8 vərəq.xlsx/2.4.1.4.!R60,Nazirlik (MU)
mn:v8:2_4_1_4:seker_cugunduru,ministry:8vereq,Şəkər çuğunduru,min ton,2013–2030,2025–2030,False,18,ACTUAL;Baseline,8 vərəq.xlsx/2.4.1.4.!R14,Nazirlik (MU)
mn:v8:2_4_1_4:semeni_pivesi,ministry:8vereq,Səməni pivəsi,min dkl,2013–2030,2025–2030,False,16,ACTUAL;Baseline,8 vərəq.xlsx/2.4.1.4.!R63,Nazirlik (MU)
mn:v8:2_4_1_4:senayede_emal_olunmus_tutun_tutun_ekstraktlari_v,ministry:8vereq,"Sənayedə emal olunmuş tütün, tütün ekstraktları və essensiyaları, digər qruplara daxil edilməyən homogenləşdirilmiş və ya bərpa edilmiş tütün",ton,2013–2030,2025–2030,False,18,ACTUAL;Baseline,8 vərəq.xlsx/2.4.1.4.!R67,Nazirlik (MU)
mn:v8:2_4_1_4:soba_mazutu,ministry:8vereq,Soba mazutu,min ton,2013–2030,2025–2030,False,18,ACTUAL;Baseline,8 vərəq.xlsx/2.4.1.4.!R102,Nazirlik (MU)
mn:v8:2_4_1_4:sud_fiziki_cekide,ministry:8vereq,Süd (fiziki çəkidə),min ton,2013–2030,2025–2030,False,18,ACTUAL;Baseline,8 vərəq.xlsx/2.4.1.4.!R25,Nazirlik (MU)
mn:v8:2_4_1_4:suda_dispersiya_ve_ya_hell_edilmis_sair_boyalar,ministry:8vereq,"Suda dispersiya və ya həll edilmiş sair boyalar, laklar",min ton,2013–2030,2025–2030,False,18,ACTUAL;Baseline,8 vərəq.xlsx/2.4.1.4.!R116,Nazirlik (MU)
mn:v8:2_4_1_4:surtku_yaglari,ministry:8vereq,Sürtkü yağları,min ton,2013–2030,2025–2030,False,18,ACTUAL;Baseline,8 vərəq.xlsx/2.4.1.4.!R106,Nazirlik (MU)
mn:v8:2_4_1_4:taxta_qapi_bloklari_qapi_cerciveleri_ve_taylari,ministry:8vereq,"Taxta qapı blokları (qapı çərçivələri və tayları), qapı kandarları",ədəd,2013–2030,2025–2030,False,18,ACTUAL;Baseline,8 vərəq.xlsx/2.4.1.4.!R89,Nazirlik (MU)
mn:v8:2_4_1_4:terevez,ministry:8vereq,Tərəvəz,min ton,2013–2030,2025–2030,False,18,ACTUAL;Baseline,8 vərəq.xlsx/2.4.1.4.!R9,Nazirlik (MU)
mn:v8:2_4_1_4:terkibinde_tutun_ve_ya_tutun_qarisiqlari_ve_onun,ministry:8vereq,Tərkibində tütün və ya tütün qarışıqları və onun əvəzediciləri olan siqarlar*,mln. ədəd,2013–2030,2025–2030,False,18,ACTUAL;Baseline,8 vərəq.xlsx/2.4.1.4.!R68,Nazirlik (MU)
mn:v8:2_4_1_4:tikinti_qumu,ministry:8vereq,Tikinti qumu,min ton,2013–2030,2025–2030,False,18,ACTUAL;Baseline,8 vərəq.xlsx/2.4.1.4.!R45,Nazirlik (MU)
mn:v8:2_4_1_4:tundluyu_45_4_ve_daha_az_olan_araq,ministry:8vereq,Tündlüyü 45.4% və daha az olan araq,min dkl,2013–2030,2025–2030,False,18,ACTUAL;Baseline,8 vərəq.xlsx/2.4.1.4.!R61,Nazirlik (MU)
mn:v8:2_4_1_4:tutun,ministry:8vereq,Tütün,min ton,2013–2030,2025–2030,False,18,ACTUAL;Baseline,8 vərəq.xlsx/2.4.1.4.!R13,Nazirlik (MU)
mn:v8:2_4_1_4:ustu_deriden_olan_kisi_kuce_ayaqqabisi,ministry:8vereq,Üstü dəridən olan kişi küçə ayaqqabısı,min cüt,2013–2030,2025–2030,False,18,ACTUAL;Baseline,8 vərəq.xlsx/2.4.1.4.!R86,Nazirlik (MU)
mn:v8:2_4_1_4:uzum,ministry:8vereq,Üzüm,min ton,2013–2030,2025–2030,False,18,ACTUAL;Baseline,8 vərəq.xlsx/2.4.1.4.!R17,Nazirlik (MU)
mn:v8:2_4_1_4:uzum_serabi_ve_teze_uzumden_kopuklenen_serab,ministry:8vereq,"Üzüm şərabı və təzə üzümdən
köpüklənən şərab",min dkl,2013–2030,2025–2030,False,18,ACTUAL;Baseline,8 vərəq.xlsx/2.4.1.4.!R62,Nazirlik (MU)
mn:v8:2_4_1_4:viski_konyak,ministry:8vereq,"Viski, konyak",min dkl,2013–2030,2025–2030,False,16,ACTUAL;Baseline,8 vərəq.xlsx/2.4.1.4.!R64,Nazirlik (MU)
mn:v8:2_4_1_4:xorek_duzu,ministry:8vereq,Xörək duzu,min ton,2013–2017,,False,5,ACTUAL,8 vərəq.xlsx/2.4.1.4.!R58,Nazirlik (MU)
mn:v8:2_4_1_4:xususi_cekisi_0_94_den_az_olan_xetti_polietilen,ministry:8vereq,"Xüsusi çəkisi 0,94-dən az olan xətti polietilen, ilkin formalarda",min ton,2013–2030,2025–2030,False,16,ACTUAL;Baseline,8 vərəq.xlsx/2.4.1.4.!R111,Nazirlik (MU)
mn:v8:2_4_1_4:yumurta,ministry:8vereq,Yumurta,mln ədəd,2013–2030,2025–2030,False,18,ACTUAL;Baseline,8 vərəq.xlsx/2.4.1.4.!R24,Nazirlik (MU)
mn:v8:2_4_1_4:yun_fiziki_cekide,ministry:8vereq,Yun (fiziki çəkidə),min ton,2013–2030,2025–2030,False,18,ACTUAL;Baseline,8 vərəq.xlsx/2.4.1.4.!R26,Nazirlik (MU)
mn:v8:2_4_1_5_7:cemi_investisiyalarda_xususi_cekisi,ministry:8vereq,Cəmi investisiyalarda xüsusi çəkisi,%,2020–2030,2025–2030,False,11,ACTUAL;Baseline,8 vərəq.xlsx/2.4.1.5.-7.!R15,Nazirlik (MU)
mn:v8:2_4_1_5_7:cemi_investisiyalarda_xususi_cekisi_2,ministry:8vereq,Cəmi investisiyalarda xüsusi çəkisi,%,2020–2026,2025–2026,False,7,ACTUAL;Baseline,8 vərəq.xlsx/2.4.1.5.-7.!R23,Nazirlik (MU)
mn:v8:2_4_1_5_7:daxili_investisiya,ministry:8vereq,Daxili investisiya,mln AZN,2013–2030,2025–2030,False,18,ACTUAL;Baseline,8 vərəq.xlsx/2.4.1.5.-7.!R13,Nazirlik (MU)
mn:v8:2_4_1_5_7:daxili_investisiya.real_artim_tempi,ministry:8vereq,Daxili investisiya: real artım tempi,%,2013–2030,2025–2030,False,18,ACTUAL;Baseline,8 vərəq.xlsx/2.4.1.5.-7.!R14,Nazirlik (MU)
mn:v8:2_4_1_5_7:diger_saheler,ministry:8vereq,Digər sahələr,mln AZN,2013–2030,2025–2030,False,18,ACTUAL;Baseline,8 vərəq.xlsx/2.4.1.5.-7.!R20,Nazirlik (MU)
mn:v8:2_4_1_5_7:dovlet,ministry:8vereq,Dövlət,mln AZN,2013–2026,2025–2026,False,14,ACTUAL;Baseline,8 vərəq.xlsx/2.4.1.5.-7.!R22,Nazirlik (MU)
mn:v8:2_4_1_5_7:ehaliye_gosterilen_odenisli_xi.real_artim_tempi,ministry:8vereq,Əhaliyə göstərilən ödənişli xidmətlər: real artım tempi,"illik, %",2013–2030,2025–2030,False,18,ACTUAL;Baseline,8 vərəq.xlsx/2.4.1.5.-7.!R42,Nazirlik (MU)
mn:v8:2_4_1_5_7:ehaliye_gosterilen_odenisli_xidmetler,ministry:8vereq,Əhaliyə göstərilən ödənişli xidmətlər,mln AZN,2013–2030,2025–2030,False,18,ACTUAL;Baseline,8 vərəq.xlsx/2.4.1.5.-7.!R41,Nazirlik (MU)
mn:v8:2_4_1_5_7:emek_qabiliyyetli_ehali_ucun,ministry:8vereq,Əmək qabiliyyətli əhali üçün,AZN,2016–2023,,False,8,ACTUAL,8 vərəq.xlsx/2.4.1.5.-7.!R56,Nazirlik (MU)
mn:v8:2_4_1_5_7:esas_kapitala_cemi_investisiya.real_artim_tempi,ministry:8vereq,Əsas kapitala cəmi investisiyalar: real artım tempi,%,2013–2030,2025–2030,False,18,ACTUAL;Baseline,8 vərəq.xlsx/2.4.1.5.-7.!R11,Nazirlik (MU)
mn:v8:2_4_1_5_7:esas_kapitala_cemi_investisiyalar,ministry:8vereq,Əsas kapitala cəmi investisiyalar,mln AZN,2013–2030,2025–2030,False,18,ACTUAL;Baseline,8 vərəq.xlsx/2.4.1.5.-7.!R10,Nazirlik (MU)
mn:v8:2_4_1_5_7:gelirler,ministry:8vereq,Gəlirlər,mln AZN,2013–2030,2025–2030,False,18,ACTUAL;Baseline,8 vərəq.xlsx/2.4.1.5.-7.!R30,Nazirlik (MU)
mn:v8:2_4_1_5_7:gelirler.real_artim_tempi,ministry:8vereq,Gəlirlər: real artım tempi,"illik, %",2013–2030,2025–2030,False,18,ACTUAL;Baseline,8 vərəq.xlsx/2.4.1.5.-7.!R31,Nazirlik (MU)
mn:v8:2_4_1_5_7:gostericiler.x,ministry:8vereq,Göstəricilər,,2013–2030,2025–2030,False,18,ACTUAL;Baseline,8 vərəq.xlsx/2.4.1.5.-7.!R9,Nazirlik (MU)
mn:v8:2_4_1_5_7:gostericiler.x_2,ministry:8vereq,Göstəricilər,,2013–2030,2025–2030,False,18,ACTUAL;Baseline,8 vərəq.xlsx/2.4.1.5.-7.!R29,Nazirlik (MU)
mn:v8:2_4_1_5_7:gostericiler.x_3,ministry:8vereq,Göstəricilər,,2013–2030,2025–2030,False,18,ACTUAL;Baseline,8 vərəq.xlsx/2.4.1.5.-7.!R53,Nazirlik (MU)
mn:v8:2_4_1_5_7:inflyasiya_iqi_orta_illik,ministry:8vereq,"İnflyasiya (İQİ, orta illik)",%,2013–2030,2025–2030,False,18,ACTUAL;Baseline,8 vərəq.xlsx/2.4.1.5.-7.!R54,Nazirlik (MU)
mn:v8:2_4_1_5_7:neft,ministry:8vereq,Neft,AZN,2013–2030,2025–2030,False,18,ACTUAL;Baseline,8 vərəq.xlsx/2.4.1.5.-7.!R37,Nazirlik (MU)
mn:v8:2_4_1_5_7:neft.real_artim_tempi,ministry:8vereq,Neft: real artım tempi,%,2013–2030,2025–2030,False,18,ACTUAL;Baseline,8 vərəq.xlsx/2.4.1.5.-7.!R38,Nazirlik (MU)
mn:v8:2_4_1_5_7:neft_muzdlu,ministry:8vereq,Neft (muzdlu),min nəfər,2013–2029,2025–2029,False,17,ACTUAL;Baseline,8 vərəq.xlsx/2.4.1.5.-7.!R46,Nazirlik (MU)
mn:v8:2_4_1_5_7:neft_muzdlu.artim_tempi,ministry:8vereq,Neft (muzdlu): Artım tempi,%,2013–2029,2025–2029,False,17,ACTUAL;Baseline,8 vərəq.xlsx/2.4.1.5.-7.!R47,Nazirlik (MU)
mn:v8:2_4_1_5_7:neft_ve_qaz_sektoru,ministry:8vereq,Neft və qaz sektoru,mln AZN,2013–2030,2025–2030,False,18,ACTUAL;Baseline,8 vərəq.xlsx/2.4.1.5.-7.!R19,Nazirlik (MU)
mn:v8:2_4_1_5_7:neftin_qiymeti,ministry:8vereq,Neftin qiyməti,USD/ barel,2013–2030,2025–2030,False,18,ACTUAL;Baseline,8 vərəq.xlsx/2.4.1.5.-7.!R4,Nazirlik (MU)
mn:v8:2_4_1_5_7:orta_ayliq_emek_haqqi,ministry:8vereq,Orta aylıq əmək haqqı,AZN,2013–2030,2025–2030,False,18,ACTUAL;Baseline,8 vərəq.xlsx/2.4.1.5.-7.!R34,Nazirlik (MU)
mn:v8:2_4_1_5_7:orta_ayliq_emek_haqqi.real_artim_tempi,ministry:8vereq,Orta aylıq əmək haqqı: real artım tempi,%,2013–2030,2025–2030,False,18,ACTUAL;Baseline,8 vərəq.xlsx/2.4.1.5.-7.!R35,Nazirlik (MU)
mn:v8:2_4_1_5_7:pensiyacilar_ucun,ministry:8vereq,Pensiyaçılar üçün,AZN,2016–2023,,False,8,ACTUAL,8 vərəq.xlsx/2.4.1.5.-7.!R57,Nazirlik (MU)
mn:v8:2_4_1_5_7:qeyri_dovlet,ministry:8vereq,Qeyri-dövlət,mln AZN,2013–2026,2025–2026,False,14,ACTUAL;Baseline,8 vərəq.xlsx/2.4.1.5.-7.!R24,Nazirlik (MU)
mn:v8:2_4_1_5_7:qeyri_neft,ministry:8vereq,Qeyri-neft,AZN,2013–2030,2025–2030,False,18,ACTUAL;Baseline,8 vərəq.xlsx/2.4.1.5.-7.!R39,Nazirlik (MU)
mn:v8:2_4_1_5_7:qeyri_neft.artim_tempi,ministry:8vereq,Qeyri-neft: Artım tempi,%,2013–2029,2025–2029,False,17,ACTUAL;Baseline,8 vərəq.xlsx/2.4.1.5.-7.!R49,Nazirlik (MU)
mn:v8:2_4_1_5_7:qeyri_neft.min_nefer,ministry:8vereq,Qeyri-neft,min nəfər,2013–2029,2025–2029,False,17,ACTUAL;Baseline,8 vərəq.xlsx/2.4.1.5.-7.!R48,Nazirlik (MU)
mn:v8:2_4_1_5_7:qeyri_neft.real_artim_tempi,ministry:8vereq,Qeyri-neft: real artım tempi,%,2013–2030,2025–2030,False,18,ACTUAL;Baseline,8 vərəq.xlsx/2.4.1.5.-7.!R40,Nazirlik (MU)
mn:v8:2_4_1_5_7:umumi_mesgulluq,ministry:8vereq,Ümumi məşğulluq,min nəfər,2013–2030,2025–2030,False,18,ACTUAL;Baseline,8 vərəq.xlsx/2.4.1.5.-7.!R43,Nazirlik (MU)
mn:v8:2_4_1_5_7:umumi_mesgulluq.artim_tempi,ministry:8vereq,Ümumi məşğulluq: Artım tempi,%,2013–2030,2025–2030,False,18,ACTUAL;Baseline,8 vərəq.xlsx/2.4.1.5.-7.!R44,Nazirlik (MU)
mn:v8:2_4_1_5_7:usaqlar_ucun,ministry:8vereq,Uşaqlar üçün,AZN,2016–2023,,False,8,ACTUAL,8 vərəq.xlsx/2.4.1.5.-7.!R58,Nazirlik (MU)
mn:v8:2_4_1_5_7:xarici_investisiya,ministry:8vereq,Xarici investisiya,mln AZN,2013–2030,2025–2030,False,18,ACTUAL;Baseline,8 vərəq.xlsx/2.4.1.5.-7.!R16,Nazirlik (MU)
mn:v8:2_4_1_5_7:xarici_investisiya.real_artim_tempi,ministry:8vereq,Xarici investisiya: real artım tempi,%,2013–2030,2025–2030,False,18,ACTUAL;Baseline,8 vərəq.xlsx/2.4.1.5.-7.!R17,Nazirlik (MU)
mn:v8:2_4_1_5_7:xercler,ministry:8vereq,Xərclər,mln AZN,2013–2030,2025–2030,False,18,ACTUAL;Baseline,8 vərəq.xlsx/2.4.1.5.-7.!R32,Nazirlik (MU)
mn:v8:2_4_1_5_7:xercler.real_artim_tempi,ministry:8vereq,Xərclər: real artım tempi,"illik, %",2013–2030,2025–2030,False,18,ACTUAL;Baseline,8 vərəq.xlsx/2.4.1.5.-7.!R33,Nazirlik (MU)
mn:v8:2_4_1_5_7:yasayis_minimumu,ministry:8vereq,Yaşayış minimumu,AZN,2016–2023,,False,8,ACTUAL,8 vərəq.xlsx/2.4.1.5.-7.!R55,Nazirlik (MU)
mx:agri_export_russia_share,oxlon:ours,Kənd təsərrüfatı ixracında top-1 ölkənin (Rusiyanın) payı,%,2021–2030,2026–2030,False,10,ACTUAL;Baseline,forecast_long.csv,makro OxLon §15.5.1
mx:asm:brent_usd,oxlon:assumptions,"FR05 struktur tənliyi (Δln P ~ tərəfdaş ÜDM artımı), WEO ilə şərtləndirilmiş",USD/barel,2026–2030,2026–2030,False,5,Baseline,assumptions.csv,makro OxLon §15.5.1
mx:asm:brent_usd_hi80,oxlon:assumptions,80% yelpik zolağının yuxarı hüdudu (σ = OOS RW + əmsal qeyri-müəyyənliyi),USD/barel,2026–2030,2026–2030,False,5,Baseline,assumptions.csv,makro OxLon §15.5.1
mx:asm:brent_usd_lo80,oxlon:assumptions,80% yelpik zolağının aşağı hüdudu (σ = OOS RW + əmsal qeyri-müəyyənliyi),USD/barel,2026–2030,2026–2030,False,5,Baseline,assumptions.csv,makro OxLon §15.5.1
mx:asm:cbar_target,oxlon:assumptions,Mərkəzi Bankın elan etdiyi inflyasiya hədəfi — kalibrlənmiş lövbər (FR09),%,2026–2030,2026–2030,False,5,Baseline,assumptions.csv,makro OxLon §15.5.1
mx:asm:cpi_infl,oxlon:assumptions,"FR09 ansamblı (AR1 0,360 + MB lövbəri 0,332 + gecikmiş Filips 0,308; çəkilər tərs-RMSE²), brent_usd və Δln NEER = 0 rejim fərziyyəsi ilə şərtləndirilmiş",%,2026–2030,2026–2030,False,5,Baseline,assumptions.csv,makro OxLon §15.5.1
mx:asm:cpi_infl_hi80,oxlon:assumptions,80% yelpik zolağının yuxarı sərhədi — OOS RMSE + parametr qeyri-müəyyənliyi,%,2026–2030,2026–2030,False,5,Baseline,assumptions.csv,makro OxLon §15.5.1
mx:asm:cpi_infl_lo80,oxlon:assumptions,80% yelpik zolağının aşağı sərhədi — OOS RMSE + parametr qeyri-müəyyənliyi,%,2026–2030,2026–2030,False,5,Baseline,assumptions.csv,makro OxLon §15.5.1
mx:asm:drv_agri_g,oxlon:assumptions,"Kənd, meşə və balıqçılıq təsərrüfatı sürücüsü [ESAS] — bitkiçilik və heyvandarlıq fiziki həcm indeksi; FR02 profil: RW 1.00; çoxüfüqlü (h=1-5) RW RMSE = 1.652; AR(2): kompleks köklər → sönən dövr, təxmini dövr uzunluğu 8.3 il; tarixi əhatə 2014-2024; SABİT yol — heç bir dinamik namizəd sabit yolu üstələmədi; istifadə olunur (sahə tənliyi ansambldadır, çəki 1.00)",%,2026–2030,2026–2030,False,5,Baseline,assumptions.csv,makro OxLon §15.5.1
mx:asm:drv_constr_state_g,oxlon:assumptions,"Tikinti sürücüsü [ESAS] — dövlət büdcəsinin əsaslı vəsait qoyuluşu, real; FR02 profil: ORTA5 0.35, AR1 0.53, AR2 0.13; çoxüfüqlü (h=1-5) RW RMSE = 49.711; AR(2): kompleks köklər → sönən dövr, təxmini dövr uzunluğu 4.7 il; tarixi əhatə 2011-2025; İSTİFADƏ OLUNMUR — namizəd qapıdan keçmədi və ya sınaqda uduzdu, yol audit izi kimi verilir",%,2026–2030,2026–2030,False,5,Baseline,assumptions.csv,makro OxLon §15.5.1
mx:asm:drv_constr_works_g,oxlon:assumptions,"Tikinti sürücüsü [ALT] — tikinti-quraşdırma işlərinin real həcmi; FR02 profil: ORTA5 0.49, AR1 0.51; çoxüfüqlü (h=1-5) RW RMSE = 17.761; AR(2): kompleks köklər → sönən dövr, təxmini dövr uzunluğu 5.2 il; tarixi əhatə 1997-2025; istifadə olunur (sahə tənliyi ansambldadır, çəki 0.51)",%,2026–2030,2026–2030,False,5,Baseline,assumptions.csv,makro OxLon §15.5.1
mx:asm:drv_ict_exp_g,oxlon:assumptions,"İnformasiya və rabitə sürücüsü [ALT] — telekomunikasiya xidmətləri ixracı, real; FR02 profil: ORTA5 0.20, AR1 0.24, AR2 0.41, MAKRO 0.15; çoxüfüqlü (h=1-5) RW RMSE = 27.390; AR(2): kompleks köklər → sönən dövr, təxmini dövr uzunluğu 4.9 il; tarixi əhatə 2011-2025; İSTİFADƏ OLUNMUR — namizəd qapıdan keçmədi və ya sınaqda uduzdu, yol audit izi kimi verilir",%,2026–2030,2026–2030,False,5,Baseline,assumptions.csv,makro OxLon §15.5.1
mx:asm:drv_ict_subs_g,oxlon:assumptions,"İnformasiya və rabitə sürücüsü [ESAS] — mobil telefon abunəçilərinin sayı; FR02 profil: ORTA5 0.47, AR1 0.53; çoxüfüqlü (h=1-5) RW RMSE = 4.845; AR(2): kompleks köklər → sönən dövr, təxmini dövr uzunluğu 3.0 il; tarixi əhatə 2014-2024; İSTİFADƏ OLUNMUR — namizəd qapıdan keçmədi və ya sınaqda uduzdu, yol audit izi kimi verilir",%,2026–2030,2026–2030,False,5,Baseline,assumptions.csv,makro OxLon §15.5.1
mx:asm:drv_manuf_g,oxlon:assumptions,"Emal sənayesi sürücüsü [ESAS] — qeyri-neft mal ixracı (DVX dövriyyəsinin əvəzedicisi — D5); FR02 profil: AR1 0.40, AR2 0.46, MAKRO 0.13; çoxüfüqlü (h=1-5) RW RMSE = 9.759; AR(2): həqiqi köklər → monoton yığılma; tarixi əhatə 2011-2025; istifadə olunur (sahə tənliyi ansambldadır, çəki 0.35)",%,2026–2030,2026–2030,False,5,Baseline,assumptions.csv,makro OxLon §15.5.1
mx:asm:drv_power_g,oxlon:assumptions,"Elektrik enerjisi, qaz və buxar istehsalı və təchizatı sürücüsü [ESAS] — elektrik enerjisi istehsalının fiziki həcmi; FR02 profil: ORTA5 0.90, AR1 0.10; çoxüfüqlü (h=1-5) RW RMSE = 161.418; AR(2): kompleks köklər → sönən dövr, təxmini dövr uzunluğu 4.0 il; tarixi əhatə 2014-2024; İSTİFADƏ OLUNMUR — namizəd qapıdan keçmədi və ya sınaqda uduzdu, yol audit izi kimi verilir",%,2026–2030,2026–2030,False,5,Baseline,assumptions.csv,makro OxLon §15.5.1
mx:asm:drv_social_g,oxlon:assumptions,"Sosial və digər sahələrdə yaradılmış əlavə dəyər sürücüsü [ESAS] — dövlət büdcəsinin real cari xərcləri; FR02 profil: ORTA5 0.19, AR1 0.22, AR2 0.33, MAKRO 0.26; çoxüfüqlü (h=1-5) RW RMSE = 8.845; AR(2): kompleks köklər → sönən dövr, təxmini dövr uzunluğu 3.6 il; tarixi əhatə 2011-2025; İSTİFADƏ OLUNMUR — namizəd qapıdan keçmədi və ya sınaqda uduzdu, yol audit izi kimi verilir",%,2026–2030,2026–2030,False,5,Baseline,assumptions.csv,makro OxLon §15.5.1
mx:asm:drv_social_pens_g,oxlon:assumptions,"Sosial və digər sahələrdə yaradılmış əlavə dəyər sürücüsü [ALT] — orta aylıq pensiyanın real artımı; FR02 profil: ORTA5 0.49, AR2 0.51; çoxüfüqlü (h=1-5) RW RMSE = 13.328; AR(2): həqiqi köklər → monoton yığılma; tarixi əhatə 1996-2025; istifadə olunur (sahə tənliyi ansambldadır, çəki 0.44)",%,2026–2030,2026–2030,False,5,Baseline,assumptions.csv,makro OxLon §15.5.1
mx:asm:drv_tourism_bop_g,oxlon:assumptions,"Turistlərin yerləşdirilməsi və ictimai iaşə sürücüsü [ESAS] — xarici turizm xidmətləri ixracı, real (ziyarətçi sayının əvəzedicisi); FR02 profil: ORTA5 0.17, AR1 0.55, AR2 0.07, MAKRO 0.22; çoxüfüqlü (h=1-5) RW RMSE = 83.078; AR(2): kompleks köklər → sönən dövr, təxmini dövr uzunluğu 5.5 il; tarixi əhatə 2011-2025; İSTİFADƏ OLUNMUR — namizəd qapıdan keçmədi və ya sınaqda uduzdu, yol audit izi kimi verilir",%,2026–2030,2026–2030,False,5,Baseline,assumptions.csv,makro OxLon §15.5.1
mx:asm:drv_tourism_g,oxlon:assumptions,"Turistlərin yerləşdirilməsi və ictimai iaşə sürücüsü [ALT] — ictimai iaşə dövriyyəsinin real artımı; FR02 profil: ORTA5 0.25, AR1 0.24, AR2 0.23, MAKRO 0.28; çoxüfüqlü (h=1-5) RW RMSE = 30.784; AR(2): həqiqi köklər → monoton yığılma; tarixi əhatə 1990-2025; istifadə olunur (sahə tənliyi ansambldadır, çəki 0.91)",%,2026–2030,2026–2030,False,5,Baseline,assumptions.csv,makro OxLon §15.5.1
mx:asm:drv_trade_g,oxlon:assumptions,"Ticarət, nəqliyyat vasitələrinin təmiri sürücüsü [ESAS] — pərakəndə ticarət dövriyyəsinin real artımı; FR02 profil: AR1 0.62, AR2 0.38; çoxüfüqlü (h=1-5) RW RMSE = 4.492; AR(2): kompleks köklər → sönən dövr, təxmini dövr uzunluğu 5.5 il; tarixi əhatə 1990-2025; istifadə olunur (sahə tənliyi ansambldadır, çəki 0.97)",%,2026–2030,2026–2030,False,5,Baseline,assumptions.csv,makro OxLon §15.5.1
mx:asm:drv_transport_g,oxlon:assumptions,"Nəqliyyat və anbar təsərrüfatı sürücüsü [ESAS] — nəqliyyat sektorunda yük dövriyyəsi (boru kəməri daxil); FR02 profil: RW 1.00; çoxüfüqlü (h=1-5) RW RMSE = 8.065; AR(2): kompleks köklər → sönən dövr, təxmini dövr uzunluğu 4.7 il; tarixi əhatə 2014-2024; SABİT yol — heç bir dinamik namizəd sabit yolu üstələmədi; istifadə olunur (sahə tənliyi ansambldadır, çəki 0.36)",%,2026–2030,2026–2030,False,5,Baseline,assumptions.csv,makro OxLon §15.5.1
mx:asm:drv_water_g,oxlon:assumptions,"Su təchizatı, tullantıların təmizlənməsi və emalı sürücüsü [ESAS] — büdcənin infrastruktur əsaslı vəsait qoyuluşu (DİP), real; FR02 profil: RW 1.00; çoxüfüqlü (h=1-5) RW RMSE = n/a; AR(2): kompleks köklər → sönən dövr, təxmini dövr uzunluğu 3.8 il; tarixi əhatə 2017-2025; SABİT yol — heç bir dinamik namizəd sabit yolu üstələmədi; İSTİFADƏ OLUNMUR — namizəd qapıdan keçmədi və ya sınaqda uduzdu, yol audit izi kimi verilir",%,2026–2030,2026–2030,False,5,Baseline,assumptions.csv,makro OxLon §15.5.1
mx:asm:drv_water_pop_g,oxlon:assumptions,"Su təchizatı, tullantıların təmizlənməsi və emalı sürücüsü [ALT] — əhalinin orta illik sayı; FR02 profil: ORTA5 0.34, AR1 0.33, AR2 0.33; çoxüfüqlü (h=1-5) RW RMSE = 0.487; AR(2): həqiqi köklər → monoton yığılma; tarixi əhatə 1992-2025; İSTİFADƏ OLUNMUR — namizəd qapıdan keçmədi və ya sınaqda uduzdu, yol audit izi kimi verilir",%,2026–2030,2026–2030,False,5,Baseline,assumptions.csv,makro OxLon §15.5.1
mx:asm:eur_azn,oxlon:assumptions,"AMB cədvəl 2.16 faktiki sırası (1999-2025) üzərində iki pəncərəli model yarışı; mərkəzi yol peg alt-pəncərəsinin çəkilərindən qurulub (PEG_ORTA3_KROS); illik sigma=0.0555 (peg dövründən ÖLÇÜLMÜŞ, ədəbiyyat kalibrləməsi deyil) — FR10",AZN/EUR,2026–2030,2026–2030,False,5,Baseline,assumptions.csv,makro OxLon §15.5.1
mx:asm:eur_azn_hi80,oxlon:assumptions,"80% yelpik zolağının yuxarı hüdudu (loq səviyyədə σ=0.0555, √h qaydası ilə genişlənən) — FR10",AZN/EUR,2026–2030,2026–2030,False,5,Baseline,assumptions.csv,makro OxLon §15.5.1
mx:asm:eur_azn_lo80,oxlon:assumptions,"80% yelpik zolağının aşağı hüdudu (loq səviyyədə σ=0.0555, √h qaydası ilə genişlənən) — FR10",AZN/EUR,2026–2030,2026–2030,False,5,Baseline,assumptions.csv,makro OxLon §15.5.1
mx:asm:fr02_nonoil_demand_used,oxlon:assumptions,AUDİT MÖHÜRÜ (ekzogen giriş deyil): FR02-nin `gdp_nonoil_gap` sırasını qurarkən işlətdiyi tələb nüvəsi yolu; FR01 iki keçidli DAG-da faylın təzəliyini bu açarla yoxlayır,%,2026–2030,2026–2030,False,5,Baseline,assumptions.csv,makro OxLon §15.5.1
mx:asm:g_cons_core,oxlon:assumptions,FR01 nüvəsi: son istehlakın real artımı — FR2/FR8 bu yolu istifadə edir,%,2026–2030,2026–2030,False,5,Baseline,assumptions.csv,makro OxLon §15.5.1
mx:asm:g_income_core,oxlon:assumptions,FR01 nüvəsi: əhalinin real gəlirlərinin artımı — FR8 bu yolu istifadə edir,%,2026–2030,2026–2030,False,5,Baseline,assumptions.csv,makro OxLon §15.5.1
mx:asm:g_inv_core,oxlon:assumptions,FR01 nüvəsi: investisiyanın real artımı — FR6 bu yolu istifadə edir,%,2026–2030,2026–2030,False,5,Baseline,assumptions.csv,makro OxLon §15.5.1
mx:asm:gas_export_price,oxlon:assumptions,"FR05b ansamblı (AR(1), qaz/Brent nisbəti, ECM) — sınaqda saxlanılan modellər",USD/min m³,2026–2030,2026–2030,False,5,Baseline,assumptions.csv,makro OxLon §15.5.1
mx:asm:gdp_defl,oxlon:assumptions,FR01: nominal və real artımdan eyniliklə,%,2026–2030,2026–2030,False,5,Baseline,assumptions.csv,makro OxLon §15.5.1
mx:asm:gdp_realg,oxlon:assumptions,"FR01: istehsal hesabının üç komponentinin (neft-qaz VA, qeyri-neft VA, xalis vergilər) gecikmiş nominal paylarla çəkili həcm artımı — eynilik",%,2026–2030,2026–2030,False,5,Baseline,assumptions.csv,makro OxLon §15.5.1
mx:asm:import_price_infl,oxlon:assumptions,"ekzogen — idxal qiymətlərinin artımı (external_block_annual.csv); paket daxilində struktur modeli yoxdur, profil: ORTA5 0.32, AR1 0.34, AR2 0.35; çoxüfüqlü (h=1-5) RW RMSE = 21.993; AR(2): kompleks köklər → sönən dövr, təxmini dövr uzunluğu 4.2 il; tarixi əhatə 2000-2025",%,2026–2030,2026–2030,False,5,Baseline,assumptions.csv,makro OxLon §15.5.1
mx:asm:inv_foreign_realg,oxlon:assumptions,"ekzogen fərziyyə — Nazirliyin FDI layihə bazası (8 vərəq 2.4.1.5.-7., real artım tempi sətri); iş kitabının 2025 faktiki səviyyəsinə tətbiq olunur (vintaj yenidən bazalaşdırma)",%,2026–2030,2026–2030,False,5,Baseline,assumptions.csv,makro OxLon §15.5.1
mx:asm:m2_real_g,oxlon:assumptions,"fərziyyə PROFİLİ (sabit fərziyyə əvəzinə profil yolu): real pul kütləsinin artımı 2025-in faktiki dəyərindən lövbərə yığılır; profil: AR1 1.00; çoxüfüqlü (h=1-5) RW RMSE = 15.742; AR(2): həqiqi köklər → monoton yığılma; tarixi əhatə 2007-2025. Profil aralığı 6.23-6.24 %, profilin ortası 6.23 % (v2-nin sabit fərziyyəsi 6.64 % idi). Həssaslıq: profil bütövlükdə ± 3 f.b. sürüşdürülür — tələb nüvəsinin qeyri-neft yolu bu aralıqda ən çox 0.43 f.b. dəyişir (şok ansamblın M2-yə həssas BÜTÜN üzvlərinə ötürülür, çəki 0.645), lakin investisiya yolunun (-5.09 – 2.10 %) İŞARƏSİ dəyişir (dönmə nöqtəsi 7.48 %; profilin öz aralığına görə: xaricindədir)",%,2026–2030,2026–2030,False,5,Baseline,assumptions.csv,makro OxLon §15.5.1
mx:asm:nonoil_defl,oxlon:assumptions,FR02: sahə deflyatorlarının çəkili nəticəsi — istehsal tərkibinin implisit deflyatoru,%,2026–2030,2026–2030,False,5,Baseline,assumptions.csv,makro OxLon §15.5.1
mx:asm:nonoil_defl_demand,oxlon:assumptions,FR01: İQİ-yə bağlı deflyator tənliyinin ansamblı (FR9 yolu ilə) — tələb tərəfinin oxunuşu,%,2026–2030,2026–2030,False,5,Baseline,assumptions.csv,makro OxLon §15.5.1
mx:asm:nonoil_realg,oxlon:assumptions,"FR02-nin aşağıdan-yuxarı istehsal aqreqatı — 11 sahə əlavə dəyəri + qeyri-neft mədənçıxarma, miqyaslama YOXDUR (istehsal metoduna keçid); aşağıdan-yuxarı aqreqat: bacarıq +56.1 % RW-yə nisbətdə (ortaq pəncərə 2017-2025, n=9); eyni pəncərədə əvvəlki tələb nüvəsi ansamblı +45.7 %",%,2026–2030,2026–2030,False,5,Baseline,assumptions.csv,makro OxLon §15.5.1
mx:asm:nonoil_realg_demand,oxlon:assumptions,"FR01 tələb nüvəsinin oxunuşu — baş göstərici DEYİL (istehsal metoduna keçiddən sonra baş yol istehsal metodudur); istehsal metodu ilə fərq `gdp_nonoil_gap` sırasında nəşr olunur. bacarıq +45.7 % RW-yə nisbətdə (şərti, 2017-2025); alternativlər: 2016 daxil +1.8 %, yalnız ex-ante modellər +32.2 %; FR01 simultan nüvəsinin həlli (tələb-investisiya-istehlak-gəlir bloku), FR5 neft yolu, FR9 İQİ yolu və WEO tərəfdaş artımı ilə şərtləndirilmiş",%,2026–2030,2026–2030,False,5,Baseline,assumptions.csv,makro OxLon §15.5.1
mx:asm:nonoil_realg_demand_hi80,oxlon:assumptions,80% yelpik zolağının yuxarı sərhədi — ŞƏRTSİZ (2016 daxil) ansambl RMSE-si σ₁ = 5.14 f.b. + parametr qeyri-müəyyənliyi (FR5 kalibrləmə presedenti); tələb nüvəsinin oxunuşuna aiddir,%,2026–2030,2026–2030,False,5,Baseline,assumptions.csv,makro OxLon §15.5.1
mx:asm:nonoil_realg_demand_lo80,oxlon:assumptions,80% yelpik zolağının aşağı sərhədi — ŞƏRTSİZ (2016 daxil) ansambl RMSE-si σ₁ = 5.14 f.b. + parametr qeyri-müəyyənliyi (FR5 kalibrləmə presedenti); tələb nüvəsinin oxunuşuna aiddir,%,2026–2030,2026–2030,False,5,Baseline,assumptions.csv,makro OxLon §15.5.1
mx:asm:nonoil_realg_hi80,oxlon:assumptions,80% yelpik zolağının yuxarı sərhədi — FR02-nin aqreqat zolağı (sahə σ₁-lərinin tam korrelyasiya fərziyyəsi ilə çəkili cəmi); mərkəzi yol aşağıdan-yuxarı aqreqatdır,%,2026–2030,2026–2030,False,5,Baseline,assumptions.csv,makro OxLon §15.5.1
mx:asm:nonoil_realg_lo80,oxlon:assumptions,80% yelpik zolağının aşağı sərhədi — FR02-nin aqreqat zolağı (sahə σ₁-lərinin tam korrelyasiya fərziyyəsi ilə çəkili cəmi); mərkəzi yol aşağıdan-yuxarı aqreqatdır,%,2026–2030,2026–2030,False,5,Baseline,assumptions.csv,makro OxLon §15.5.1
mx:asm:oil_defl,oxlon:assumptions,FR01: FR05b-nin çəkili neft+qaz qiymət indeksinə bağlı deflyator tənliyinin ansamblı (köhnə Brent spesifikasiyası da ansambldadır); FR02 mədənçıxarmanın neft-qaz hissəsini bu açarla zəncirləyir,%,2026–2030,2026–2030,False,5,Baseline,assumptions.csv,makro OxLon §15.5.1
mx:asm:oil_realg,oxlon:assumptions,FR05b: əmtəəlik neft və qaz həcmlərinin dəyər çəkili indeksi (həcm yolu — Nazirliyin hasilat planı),%,2026–2030,2026–2030,False,5,Baseline,assumptions.csv,makro OxLon §15.5.1
mx:asm:oil_realg_hi80,oxlon:assumptions,80 % yelpik zolağının yuxarı hüdudu (σ = ansamblın OOS RMSE-si),%,2026–2030,2026–2030,False,5,Baseline,assumptions.csv,makro OxLon §15.5.1
mx:asm:oil_realg_lo80,oxlon:assumptions,80 % yelpik zolağının aşağı hüdudu (σ = ansamblın OOS RMSE-si),%,2026–2030,2026–2030,False,5,Baseline,assumptions.csv,makro OxLon §15.5.1
mx:asm:oilgas_pw_g,oxlon:assumptions,FR05b: ixrac dəyəri ilə çəkilənmiş neft+qaz qiymət indeksinin artımı,%,2026–2030,2026–2030,False,5,Baseline,assumptions.csv,makro OxLon §15.5.1
mx:asm:oilgas_w_oil,oxlon:assumptions,FR05b: neftin neft+qaz ixrac dəyərindəki payı — çəkili qiymət indeksinin çəkisi,pay,2026–2030,2026–2030,False,5,Baseline,assumptions.csv,makro OxLon §15.5.1
mx:asm:partner_gdp_realg,oxlon:assumptions,"ekzogen giriş — IMF WEO (external_block_annual.csv), paketdə modeli yoxdur",%,2026–2030,2026–2030,False,5,Baseline,assumptions.csv,makro OxLon §15.5.1
mx:asm:pdrv_agri,oxlon:assumptions,"Kənd, meşə və balıqçılıq təsərrüfatı deflyatorunun qiymət termi — kənd təsərrüfatı istehsalçı qiymət indeksi; FR02 profil: ORTA5 0.39, AR1 0.19, AR2 0.17, MAKRO 0.25; çoxüfüqlü (h=1-5) RW RMSE = 6.317; AR(2): həqiqi köklər → monoton yığılma; tarixi əhatə 2010-2025; istifadə olunur (deflyator tənliyi ansambldadır, çəki 0.51)",%,2026–2030,2026–2030,False,5,Baseline,assumptions.csv,makro OxLon §15.5.1
mx:asm:pdrv_constr,oxlon:assumptions,"Tikinti deflyatorunun qiymət termi — tikinti-quraşdırma işlərinin implisit deflyatoru; FR02 profil: ORTA5 0.24, AR1 0.27, AR2 0.25, MAKRO 0.25; çoxüfüqlü (h=1-5) RW RMSE = 10.470; AR(2): həqiqi köklər → monoton yığılma; tarixi əhatə 1997-2025; istifadə olunur (deflyator tənliyi ansambldadır, çəki 0.38)",%,2026–2030,2026–2030,False,5,Baseline,assumptions.csv,makro OxLon §15.5.1
mx:asm:pdrv_ict,oxlon:assumptions,"İnformasiya və rabitə deflyatorunun qiymət termi — rabitə xidmətlərinin qiymət indeksi; FR02 profil: RW 1.00; çoxüfüqlü (h=1-5) RW RMSE = 0.410; AR(2): həqiqi köklər → monoton yığılma; tarixi əhatə 2010-2025; SABİT yol — heç bir dinamik namizəd sabit yolu üstələmədi; istifadə olunur (deflyator tənliyi ansambldadır, çəki 0.53)",%,2026–2030,2026–2030,False,5,Baseline,assumptions.csv,makro OxLon §15.5.1
mx:asm:pdrv_manuf,oxlon:assumptions,"Emal sənayesi deflyatorunun qiymət termi — emal sənayesi buraxılışının implisit deflyatoru; FR02 profil: ORTA5 0.21, AR1 0.17, AR2 0.18, MAKRO 0.44; çoxüfüqlü (h=1-5) RW RMSE = 12.620; AR(2): kompleks köklər → sönən dövr, təxmini dövr uzunluğu 3.2 il; tarixi əhatə 2005-2025; istifadə olunur (deflyator tənliyi ansambldadır, çəki 0.35)",%,2026–2030,2026–2030,False,5,Baseline,assumptions.csv,makro OxLon §15.5.1
mx:asm:pdrv_power,oxlon:assumptions,"Elektrik enerjisi, qaz və buxar istehsalı və təchizatı deflyatorunun qiymət termi — elektrik enerjisi buraxılışının implisit deflyatoru; FR02 profil: ORTA5 0.35, AR1 0.35, AR2 0.30; çoxüfüqlü (h=1-5) RW RMSE = 7.426; AR(2): kompleks köklər → sönən dövr, təxmini dövr uzunluğu 5.3 il; tarixi əhatə 2005-2025; İSTİFADƏ OLUNMUR — qiymət termi qapıdan keçmədi və ya tənlik ansamblda saxlanılmadı",%,2026–2030,2026–2030,False,5,Baseline,assumptions.csv,makro OxLon §15.5.1
mx:asm:pdrv_social,oxlon:assumptions,"Sosial və digər sahələrdə yaradılmış əlavə dəyər deflyatorunun qiymət termi — dövlət sektorunda əmək haqqının artımı; FR02 profil: ORTA5 0.19, AR1 0.27, AR2 0.21, MAKRO 0.32; çoxüfüqlü (h=1-5) RW RMSE = 10.216; AR(2): kompleks köklər → sönən dövr, təxmini dövr uzunluğu 6.8 il; tarixi əhatə 2006-2025; İSTİFADƏ OLUNMUR — qiymət termi qapıdan keçmədi və ya tənlik ansamblda saxlanılmadı",%,2026–2030,2026–2030,False,5,Baseline,assumptions.csv,makro OxLon §15.5.1
mx:asm:pdrv_tourism,oxlon:assumptions,"Turistlərin yerləşdirilməsi və ictimai iaşə deflyatorunun qiymət termi — ictimai iaşə dövriyyəsinin implisit deflyatoru; FR02 profil: ORTA5 0.14, MAKRO 0.86; çoxüfüqlü (h=1-5) RW RMSE = 7.751; AR(2): kompleks köklər → sönən dövr, təxmini dövr uzunluğu 6.1 il; tarixi əhatə 1991-2025; istifadə olunur (deflyator tənliyi ansambldadır, çəki 0.45)",%,2026–2030,2026–2030,False,5,Baseline,assumptions.csv,makro OxLon §15.5.1
mx:asm:pdrv_trade,oxlon:assumptions,"Ticarət, nəqliyyat vasitələrinin təmiri deflyatorunun qiymət termi — pərakəndə dövriyyənin implisit deflyatoru; FR02 profil: ORTA5 0.08, MAKRO 0.92; çoxüfüqlü (h=1-5) RW RMSE = 7.785; AR(2): həqiqi köklər → monoton yığılma; tarixi əhatə 1991-2025; istifadə olunur (deflyator tənliyi ansambldadır, çəki 0.55)",%,2026–2030,2026–2030,False,5,Baseline,assumptions.csv,makro OxLon §15.5.1
mx:asm:pdrv_transport,oxlon:assumptions,"Nəqliyyat və anbar təsərrüfatı deflyatorunun qiymət termi — nəqliyyat xidmətlərinin qiymət indeksi; FR02 profil: ORTA5 0.42, AR1 0.22, AR2 0.35; çoxüfüqlü (h=1-5) RW RMSE = 5.613; AR(2): kompleks köklər → sönən dövr, təxmini dövr uzunluğu 4.7 il; tarixi əhatə 2015-2025; istifadə olunur (deflyator tənliyi ansambldadır, çəki 0.39)",%,2026–2030,2026–2030,False,5,Baseline,assumptions.csv,makro OxLon §15.5.1
mx:asm:pdrv_water,oxlon:assumptions,"Su təchizatı, tullantıların təmizlənməsi və emalı deflyatorunun qiymət termi — su təchizatı buraxılışının implisit deflyatoru; FR02 profil: ORTA5 0.43, AR1 0.24, AR2 0.33; çoxüfüqlü (h=1-5) RW RMSE = 9.432; AR(2): həqiqi köklər → monoton yığılma; tarixi əhatə 2005-2025; İSTİFADƏ OLUNMUR — qiymət termi qapıdan keçmədi və ya tənlik ansamblda saxlanılmadı",%,2026–2030,2026–2030,False,5,Baseline,assumptions.csv,makro OxLon §15.5.1
mx:asm:pop_avg,oxlon:assumptions,fərziyyə: son beş ilin orta artım tempi ilə uzadılıb,min nəfər,2026–2030,2026–2030,False,5,Baseline,assumptions.csv,makro OxLon §15.5.1
mx:asm:primary_income,oxlon:assumptions,"FR11 struktur tənliyi (Δ ilkin gəlirlər ~ Δ neft-qaz ixracı, dummisiz və 2015-2016 dummili variantların ansamblı, çəkilər {'STRUKTUR': 0.31068523350462623, 'STRUKTUR_D15': 0.6893147664953737}); FR12-nin girişi",mln USD,2026–2030,2026–2030,False,5,Baseline,assumptions.csv,makro OxLon §15.5.1
mx:asm:secondary_income,oxlon:assumptions,"FR11 profil yolu: profil: ORTA5 0.53, AR1 0.47; çoxüfüqlü (h=1-5) RW RMSE = 1210.930; AR(2): həqiqi köklər → monoton yığılma; tarixi əhatə 2010-2025; v2-nin sabit kalibrləməsi 1171.3 mln USD idi, bir addımlıq sınaqda RW-ni üstələyir (bacarıq 21 %); FR12-nin girişi",mln USD,2026–2030,2026–2030,False,5,Baseline,assumptions.csv,makro OxLon §15.5.1
mx:asm:state_capex_realg,oxlon:assumptions,2026: DİP 2016-2026 vərəqinin 'Nəzərdə tutulmuş vəsait' xanası (2 700.0 mln AZN) İQİ ilə real artıma çevrilib — iş kitabının yeganə irəliyə baxan xanası; 2027-2030: rəsmi büdcə yolu YOXDUR (məlumat sorğusu 6 və 10-cu sətirlər)  profil: ORTA5 0.37  AR1 0.46  AR2 0.17; çoxüfüqlü (h=1-4) RW RMSE = 50.693; AR(2): kompleks köklər → sönən dövr  təxmini dövr uzunluğu 4.4 il; tarixi əhatə 2011-2025,%,2026–2030,2026–2030,False,5,Baseline,assumptions.csv,makro OxLon §15.5.1
mx:asm:usd_azn,oxlon:assumptions,"rejim fərziyyəsi (sabit valyuta bağlılığı, 2017-ci ildən dəyişməz); baza sırası AMB cədvəl 2.16-nın RƏSMİ ORTA İLLİK məzənnəsidir (dövrün sonuna deyil) — FR10",AZN/USD,2026–2030,2026–2030,False,5,Baseline,assumptions.csv,makro OxLon §15.5.1
mx:bop_total_balance,oxlon:ours,"Tədiyə balansının ümumi balansı (BPM6 eyniliyi, tərifə görə sıfır)",mln USD,2010–2030,2026–2030,False,21,ACTUAL;Baseline,forecast_long.csv,makro OxLon §15.5.1
mx:brent_breakeven_ca0,oxlon:ours,Cari hesabın sıfırlandığı Brent qiyməti (break-even),USD/barel,2026–2030,2026–2030,False,5,Baseline,forecast_long.csv,makro OxLon §15.5.1
mx:brent_usd,oxlon:ours,Neftin dünya bazarında qiyməti (Brent),USD/barel,1991–2030,2026–2030,True,40,ACTUAL;Baseline,forecast_long.csv,makro OxLon §15.5.1
mx:budget_balance,oxlon:ours,Dövlət büdcəsinin kəsiri/profisiti,mln AZN,2010–2025,,False,16,ACTUAL,forecast_long.csv,makro OxLon §15.5.1
mx:budget_debt_service,oxlon:ours,Borca xidmət xərcləri,mln AZN,2010–2025,,False,16,ACTUAL,forecast_long.csv,makro OxLon §15.5.1
mx:budget_exp_capital,oxlon:ours,Dövlət büdcəsinin əsaslı xərcləri,mln AZN,2010–2025,,False,16,ACTUAL,forecast_long.csv,makro OxLon §15.5.1
mx:budget_exp_current,oxlon:ours,Dövlət büdcəsinin cari xərcləri,mln AZN,2010–2025,,False,16,ACTUAL,forecast_long.csv,makro OxLon §15.5.1
mx:budget_expenditure,oxlon:ours,Dövlət büdcəsinin xərcləri,mln AZN,2010–2025,,False,16,ACTUAL,forecast_long.csv,makro OxLon §15.5.1
mx:budget_revenue_nonoil,oxlon:ours,Dövlət büdcəsinin qeyri-neft-qaz gəlirləri,mln AZN,2010–2025,,False,16,ACTUAL,forecast_long.csv,makro OxLon §15.5.1
mx:budget_revenue_oil,oxlon:ours,Dövlət büdcəsinin neft-qaz gəlirləri,mln AZN,2010–2025,,False,16,ACTUAL,forecast_long.csv,makro OxLon §15.5.1
mx:budget_revenue_total,oxlon:ours,Dövlət büdcəsinin gəlirləri,mln AZN,2010–2025,,False,16,ACTUAL,forecast_long.csv,makro OxLon §15.5.1
mx:ca_gdp_ratio,oxlon:ours,Cari hesabın ÜDM-də payı,%,2013–2030,2026–2030,True,18,ACTUAL;Baseline,forecast_long.csv,makro OxLon §15.5.1
mx:capital_account,oxlon:ours,Kapital hesabı,mln USD,2010–2030,2026–2030,False,21,ACTUAL;Baseline,forecast_long.csv,makro OxLon §15.5.1
mx:capital_finance_account,oxlon:ours,Kapital və maliyyənin hərəkəti hesabı,mln USD,2010–2030,2026–2030,False,21,ACTUAL;Baseline,forecast_long.csv,makro OxLon §15.5.1
mx:cpi_index,oxlon:ours,"İstehlak qiymətlərinin bazis indeksi (2015 = 1,000)",indeks,1993–2030,2026–2030,False,38,ACTUAL;Baseline,forecast_long.csv,makro OxLon §15.5.1
mx:cpi_infl,oxlon:ours,"İnflyasiya (İQİ, orta illik)",%,1992–2030,2026–2030,True,39,ACTUAL;Baseline,forecast_long.csv,makro OxLon §15.5.1
mx:current_account,oxlon:ours,Cari əməliyyatlar hesabı,mln USD,2010–2030,2026–2030,True,21,ACTUAL;Baseline,forecast_long.csv,makro OxLon §15.5.1
mx:current_account_brent_hi80,oxlon:ours,Cari hesab — Brent yuxarı ssenarisi (hi80),mln USD,2026–2030,2026–2030,False,5,Baseline,forecast_long.csv,makro OxLon §15.5.1
mx:current_account_brent_lo80,oxlon:ours,Cari hesab — Brent aşağı ssenarisi (lo80),mln USD,2026–2030,2026–2030,False,5,Baseline,forecast_long.csv,makro OxLon §15.5.1
mx:d_act_agri,oxlon:ours,"Kənd, meşə və balıqçılıq təsərrüfatı — deflyator (həcm aqreqatının qalığı)",%,2014–2030,2026–2030,False,17,ACTUAL;Baseline,forecast_long.csv,makro OxLon §15.5.1
mx:d_act_constr,oxlon:ours,Tikinti — deflyator (həcm aqreqatının qalığı),%,2014–2030,2026–2030,False,17,ACTUAL;Baseline,forecast_long.csv,makro OxLon §15.5.1
mx:d_act_industry,oxlon:ours,Sənaye (cəmi) — deflyator (həcm aqreqatının qalığı),%,2014–2030,2026–2030,False,17,ACTUAL;Baseline,forecast_long.csv,makro OxLon §15.5.1
mx:d_act_industry_nonoil,oxlon:ours,"Sənaye — qeyri-neft (emal, enerji, su təchizatı) — deflyator (həcm aqreqatının qalığı)",%,2014–2030,2026–2030,False,17,ACTUAL;Baseline,forecast_long.csv,makro OxLon §15.5.1
mx:d_act_industry_oil,oxlon:ours,Sənaye — neft-qaz (mədənçıxarma) — deflyator (həcm aqreqatının qalığı),%,2014–2030,2026–2030,False,17,ACTUAL;Baseline,forecast_long.csv,makro OxLon §15.5.1
mx:d_act_nettax,oxlon:ours,Məhsula və idxala xalis vergilər — deflyator (həcm aqreqatının qalığı),%,2014–2030,2026–2030,False,17,ACTUAL;Baseline,forecast_long.csv,makro OxLon §15.5.1
mx:d_act_services,oxlon:ours,Xidmətlər (cəmi) — deflyator (həcm aqreqatının qalığı),%,2014–2030,2026–2030,False,17,ACTUAL;Baseline,forecast_long.csv,makro OxLon §15.5.1
mx:d_act_total,oxlon:ours,ÜDM (5 budağın cəmi) — deflyator (həcm aqreqatının qalığı),%,2014–2030,2026–2030,False,17,ACTUAL;Baseline,forecast_long.csv,makro OxLon §15.5.1
mx:d_agri,oxlon:ours,"Kənd, meşə və balıqçılıq təsərrüfatı — deflyator",%,2001–2030,2026–2030,True,30,ACTUAL;Baseline,forecast_long.csv,makro OxLon §15.5.1
mx:d_constr,oxlon:ours,Tikinti — deflyator,%,2001–2030,2026–2030,True,30,ACTUAL;Baseline,forecast_long.csv,makro OxLon §15.5.1
mx:d_ict,oxlon:ours,İnformasiya və rabitə — deflyator,%,2001–2030,2026–2030,True,30,ACTUAL;Baseline,forecast_long.csv,makro OxLon §15.5.1
mx:d_manuf,oxlon:ours,Emal sənayesi — deflyator,%,2006–2030,2026–2030,True,25,ACTUAL;Baseline,forecast_long.csv,makro OxLon §15.5.1
mx:d_mining,oxlon:ours,Mədənçıxarma sənayesi — deflyator,%,2006–2030,2026–2030,True,25,ACTUAL;Baseline,forecast_long.csv,makro OxLon §15.5.1
mx:d_power,oxlon:ours,"Elektrik enerjisi, qaz və buxar istehsalı və təchizatı — deflyator",%,2006–2030,2026–2030,True,25,ACTUAL;Baseline,forecast_long.csv,makro OxLon §15.5.1
mx:d_social,oxlon:ours,Sosial və digər sahələrdə yaradılmış əlavə dəyər — deflyator,%,2001–2030,2026–2030,True,30,ACTUAL;Baseline,forecast_long.csv,makro OxLon §15.5.1
mx:d_tourism,oxlon:ours,Turistlərin yerləşdirilməsi və ictimai iaşə — deflyator,%,2001–2030,2026–2030,True,30,ACTUAL;Baseline,forecast_long.csv,makro OxLon §15.5.1
mx:d_trade,oxlon:ours,"Ticarət, nəqliyyat vasitələrinin təmiri — deflyator",%,2001–2030,2026–2030,True,30,ACTUAL;Baseline,forecast_long.csv,makro OxLon §15.5.1
mx:d_transport,oxlon:ours,Nəqliyyat və anbar təsərrüfatı — deflyator,%,2001–2030,2026–2030,True,30,ACTUAL;Baseline,forecast_long.csv,makro OxLon §15.5.1
mx:d_water,oxlon:ours,"Su təchizatı, tullantıların təmizlənməsi və emalı — deflyator",%,2010–2030,2026–2030,True,21,ACTUAL;Baseline,forecast_long.csv,makro OxLon §15.5.1
mx:disposable_income,oxlon:ours,Sərəncamında qalan gəlirlər,mln AZN,2000–2030,2026–2030,False,31,ACTUAL;Baseline,forecast_long.csv,makro OxLon §15.5.1
mx:emp_manuf,oxlon:ours,Emal sənayesi — muzdlu işçilərin orta siyahı sayı,nəfər,2016–2025,,False,10,ACTUAL,forecast_long.csv,makro OxLon §15.5.1
mx:emp_mining,oxlon:ours,Mədənçıxarma sənayesi — muzdlu işçilərin orta siyahı sayı,nəfər,2016–2025,,False,10,ACTUAL,forecast_long.csv,makro OxLon §15.5.1
mx:emp_power,oxlon:ours,"Elektrik enerjisi, qaz və buxar istehsalı — muzdlu işçilərin orta siyahı sayı",nəfər,2016–2025,,False,10,ACTUAL,forecast_long.csv,makro OxLon §15.5.1
mx:emp_ssc_admin,oxlon:ours,"İnzibati və yardımçı xidmətlərin göstərilməsi — muzdlu işçilərin sayı, cəmi (DSK)",min nəfər,2005–2025,,False,21,ACTUAL,forecast_long.csv,makro OxLon §15.5.1
mx:emp_ssc_admin_nonstate,oxlon:ours,"İnzibati və yardımçı xidmətlərin göstərilməsi — muzdlu işçilərin sayı, qeyri-dövlət (DSK)",min nəfər,2005–2025,,False,21,ACTUAL,forecast_long.csv,makro OxLon §15.5.1
mx:emp_ssc_admin_state,oxlon:ours,"İnzibati və yardımçı xidmətlərin göstərilməsi — muzdlu işçilərin sayı, dövlət (DSK)",min nəfər,2005–2025,,False,21,ACTUAL,forecast_long.csv,makro OxLon §15.5.1
mx:emp_ssc_agri,oxlon:ours,"Kənd, meşə və balıqçılıq təsərrüfatı — muzdlu işçilərin sayı, cəmi (DSK)",min nəfər,2005–2025,,False,21,ACTUAL,forecast_long.csv,makro OxLon §15.5.1
mx:emp_ssc_agri_nonstate,oxlon:ours,"Kənd, meşə və balıqçılıq təsərrüfatı — muzdlu işçilərin sayı, qeyri-dövlət (DSK)",min nəfər,2005–2025,,False,21,ACTUAL,forecast_long.csv,makro OxLon §15.5.1
mx:emp_ssc_agri_state,oxlon:ours,"Kənd, meşə və balıqçılıq təsərrüfatı — muzdlu işçilərin sayı, dövlət (DSK)",min nəfər,2005–2025,,False,21,ACTUAL,forecast_long.csv,makro OxLon §15.5.1
mx:emp_ssc_art,oxlon:ours,"İstirahət, əyləncə və incəsənət sahəsində fəaliyyət — muzdlu işçilərin sayı, cəmi (DSK)",min nəfər,2005–2025,,False,21,ACTUAL,forecast_long.csv,makro OxLon §15.5.1
mx:emp_ssc_art_nonstate,oxlon:ours,"İstirahət, əyləncə və incəsənət sahəsində fəaliyyət — muzdlu işçilərin sayı, qeyri-dövlət (DSK)",min nəfər,2005–2025,,False,21,ACTUAL,forecast_long.csv,makro OxLon §15.5.1
mx:emp_ssc_art_state,oxlon:ours,"İstirahət, əyləncə və incəsənət sahəsində fəaliyyət — muzdlu işçilərin sayı, dövlət (DSK)",min nəfər,2005–2025,,False,21,ACTUAL,forecast_long.csv,makro OxLon §15.5.1
mx:emp_ssc_constr,oxlon:ours,"Tikinti — muzdlu işçilərin sayı, cəmi (DSK)",min nəfər,2005–2025,,False,21,ACTUAL,forecast_long.csv,makro OxLon §15.5.1
mx:emp_ssc_constr_nonstate,oxlon:ours,"Tikinti — muzdlu işçilərin sayı, qeyri-dövlət (DSK)",min nəfər,2005–2025,,False,21,ACTUAL,forecast_long.csv,makro OxLon §15.5.1
mx:emp_ssc_constr_state,oxlon:ours,"Tikinti — muzdlu işçilərin sayı, dövlət (DSK)",min nəfər,2005–2025,,False,21,ACTUAL,forecast_long.csv,makro OxLon §15.5.1
mx:emp_ssc_educ,oxlon:ours,"Təhsil — muzdlu işçilərin sayı, cəmi (DSK)",min nəfər,2005–2025,,False,21,ACTUAL,forecast_long.csv,makro OxLon §15.5.1
mx:emp_ssc_educ_nonstate,oxlon:ours,"Təhsil — muzdlu işçilərin sayı, qeyri-dövlət (DSK)",min nəfər,2005–2025,,False,21,ACTUAL,forecast_long.csv,makro OxLon §15.5.1
mx:emp_ssc_educ_state,oxlon:ours,"Təhsil — muzdlu işçilərin sayı, dövlət (DSK)",min nəfər,2005–2025,,False,21,ACTUAL,forecast_long.csv,makro OxLon §15.5.1
mx:emp_ssc_finance,oxlon:ours,"Maliyyə və sığorta fəaliyyəti — muzdlu işçilərin sayı, cəmi (DSK)",min nəfər,2005–2025,,False,21,ACTUAL,forecast_long.csv,makro OxLon §15.5.1
mx:emp_ssc_finance_nonstate,oxlon:ours,"Maliyyə və sığorta fəaliyyəti — muzdlu işçilərin sayı, qeyri-dövlət (DSK)",min nəfər,2005–2025,,False,21,ACTUAL,forecast_long.csv,makro OxLon §15.5.1
mx:emp_ssc_finance_state,oxlon:ours,"Maliyyə və sığorta fəaliyyəti — muzdlu işçilərin sayı, dövlət (DSK)",min nəfər,2005–2025,,False,21,ACTUAL,forecast_long.csv,makro OxLon §15.5.1
mx:emp_ssc_health,oxlon:ours,"Əhaliyə səhiyyə və sosial xidmətlərin göstərilməsi — muzdlu işçilərin sayı, cəmi (DSK)",min nəfər,2005–2025,,False,21,ACTUAL,forecast_long.csv,makro OxLon §15.5.1
mx:emp_ssc_health_nonstate,oxlon:ours,"Əhaliyə səhiyyə və sosial xidmətlərin göstərilməsi — muzdlu işçilərin sayı, qeyri-dövlət (DSK)",min nəfər,2005–2025,,False,21,ACTUAL,forecast_long.csv,makro OxLon §15.5.1
mx:emp_ssc_health_state,oxlon:ours,"Əhaliyə səhiyyə və sosial xidmətlərin göstərilməsi — muzdlu işçilərin sayı, dövlət (DSK)",min nəfər,2005–2025,,False,21,ACTUAL,forecast_long.csv,makro OxLon §15.5.1
mx:emp_ssc_ict,oxlon:ours,"İnformasiya və rabitə — muzdlu işçilərin sayı, cəmi (DSK)",min nəfər,2005–2025,,False,21,ACTUAL,forecast_long.csv,makro OxLon §15.5.1
mx:emp_ssc_ict_nonstate,oxlon:ours,"İnformasiya və rabitə — muzdlu işçilərin sayı, qeyri-dövlət (DSK)",min nəfər,2005–2025,,False,21,ACTUAL,forecast_long.csv,makro OxLon §15.5.1
mx:emp_ssc_ict_state,oxlon:ours,"İnformasiya və rabitə — muzdlu işçilərin sayı, dövlət (DSK)",min nəfər,2005–2025,,False,21,ACTUAL,forecast_long.csv,makro OxLon §15.5.1
mx:emp_ssc_manuf,oxlon:ours,"Emal sənayesi — muzdlu işçilərin sayı, cəmi (DSK)",min nəfər,2005–2025,,False,21,ACTUAL,forecast_long.csv,makro OxLon §15.5.1
mx:emp_ssc_manuf_nonstate,oxlon:ours,"Emal sənayesi — muzdlu işçilərin sayı, qeyri-dövlət (DSK)",min nəfər,2005–2025,,False,21,ACTUAL,forecast_long.csv,makro OxLon §15.5.1
mx:emp_ssc_manuf_state,oxlon:ours,"Emal sənayesi — muzdlu işçilərin sayı, dövlət (DSK)",min nəfər,2005–2025,,False,21,ACTUAL,forecast_long.csv,makro OxLon §15.5.1
mx:emp_ssc_mining,oxlon:ours,"Mədənçıxarma sənayesi — muzdlu işçilərin sayı, cəmi (DSK)",min nəfər,2005–2025,,False,21,ACTUAL,forecast_long.csv,makro OxLon §15.5.1
mx:emp_ssc_mining_nonstate,oxlon:ours,"Mədənçıxarma sənayesi — muzdlu işçilərin sayı, qeyri-dövlət (DSK)",min nəfər,2005–2025,,False,21,ACTUAL,forecast_long.csv,makro OxLon §15.5.1
mx:emp_ssc_mining_state,oxlon:ours,"Mədənçıxarma sənayesi — muzdlu işçilərin sayı, dövlət (DSK)",min nəfər,2005–2025,,False,21,ACTUAL,forecast_long.csv,makro OxLon §15.5.1
mx:emp_ssc_other,oxlon:ours,"Digər sahələrdə xidmətlərin göstərilməsi — muzdlu işçilərin sayı, cəmi (DSK)",min nəfər,2005–2025,,False,21,ACTUAL,forecast_long.csv,makro OxLon §15.5.1
mx:emp_ssc_other_nonstate,oxlon:ours,"Digər sahələrdə xidmətlərin göstərilməsi — muzdlu işçilərin sayı, qeyri-dövlət (DSK)",min nəfər,2005–2025,,False,21,ACTUAL,forecast_long.csv,makro OxLon §15.5.1
mx:emp_ssc_other_state,oxlon:ours,"Digər sahələrdə xidmətlərin göstərilməsi — muzdlu işçilərin sayı, dövlət (DSK)",min nəfər,2005–2025,,False,21,ACTUAL,forecast_long.csv,makro OxLon §15.5.1
mx:emp_ssc_power,oxlon:ours,"Elektrik enerjisi, qaz və buxar istehsalı, bölüşdürülməsi və təchizatı — muzdlu işçilərin sayı, cəmi (DSK)",min nəfər,2005–2025,,False,21,ACTUAL,forecast_long.csv,makro OxLon §15.5.1
mx:emp_ssc_power_nonstate,oxlon:ours,"Elektrik enerjisi, qaz və buxar istehsalı, bölüşdürülməsi və təchizatı — muzdlu işçilərin sayı, qeyri-dövlət (DSK)",min nəfər,2005–2025,,False,21,ACTUAL,forecast_long.csv,makro OxLon §15.5.1
mx:emp_ssc_power_state,oxlon:ours,"Elektrik enerjisi, qaz və buxar istehsalı, bölüşdürülməsi və təchizatı — muzdlu işçilərin sayı, dövlət (DSK)",min nəfər,2005–2025,,False,21,ACTUAL,forecast_long.csv,makro OxLon §15.5.1
mx:emp_ssc_prof,oxlon:ours,"Peşə, elmi və texniki fəaliyyət — muzdlu işçilərin sayı, cəmi (DSK)",min nəfər,2005–2025,,False,21,ACTUAL,forecast_long.csv,makro OxLon §15.5.1
mx:emp_ssc_prof_nonstate,oxlon:ours,"Peşə, elmi və texniki fəaliyyət — muzdlu işçilərin sayı, qeyri-dövlət (DSK)",min nəfər,2005–2025,,False,21,ACTUAL,forecast_long.csv,makro OxLon §15.5.1
mx:emp_ssc_prof_state,oxlon:ours,"Peşə, elmi və texniki fəaliyyət — muzdlu işçilərin sayı, dövlət (DSK)",min nəfər,2005–2025,,False,21,ACTUAL,forecast_long.csv,makro OxLon §15.5.1
mx:emp_ssc_pubadm,oxlon:ours,"Dövlət idarəetmə və müdafiə; sosial təminat — muzdlu işçilərin sayı, cəmi (DSK)",min nəfər,2005–2025,,False,21,ACTUAL,forecast_long.csv,makro OxLon §15.5.1
mx:emp_ssc_pubadm_nonstate,oxlon:ours,"Dövlət idarəetmə və müdafiə; sosial təminat — muzdlu işçilərin sayı, qeyri-dövlət (DSK)",min nəfər,2005–2025,,False,21,ACTUAL,forecast_long.csv,makro OxLon §15.5.1
mx:emp_ssc_pubadm_state,oxlon:ours,"Dövlət idarəetmə və müdafiə; sosial təminat — muzdlu işçilərin sayı, dövlət (DSK)",min nəfər,2005–2025,,False,21,ACTUAL,forecast_long.csv,makro OxLon §15.5.1
mx:emp_ssc_realest,oxlon:ours,"Daşınmaz əmlakla əlaqədar əməliyyatlar — muzdlu işçilərin sayı, cəmi (DSK)",min nəfər,2005–2025,,False,21,ACTUAL,forecast_long.csv,makro OxLon §15.5.1
mx:emp_ssc_realest_nonstate,oxlon:ours,"Daşınmaz əmlakla əlaqədar əməliyyatlar — muzdlu işçilərin sayı, qeyri-dövlət (DSK)",min nəfər,2005–2025,,False,21,ACTUAL,forecast_long.csv,makro OxLon §15.5.1
mx:emp_ssc_realest_state,oxlon:ours,"Daşınmaz əmlakla əlaqədar əməliyyatlar — muzdlu işçilərin sayı, dövlət (DSK)",min nəfər,2005–2025,,False,21,ACTUAL,forecast_long.csv,makro OxLon §15.5.1
mx:emp_ssc_total,oxlon:ours,"İqtisadiyyat üzrə, cəmi — muzdlu işçilərin sayı, cəmi (DSK)",min nəfər,2005–2025,,False,21,ACTUAL,forecast_long.csv,makro OxLon §15.5.1
mx:emp_ssc_total_nonstate,oxlon:ours,"İqtisadiyyat üzrə, cəmi — muzdlu işçilərin sayı, qeyri-dövlət (DSK)",min nəfər,2005–2025,,False,21,ACTUAL,forecast_long.csv,makro OxLon §15.5.1
mx:emp_ssc_total_state,oxlon:ours,"İqtisadiyyat üzrə, cəmi — muzdlu işçilərin sayı, dövlət (DSK)",min nəfər,2005–2025,,False,21,ACTUAL,forecast_long.csv,makro OxLon §15.5.1
mx:emp_ssc_tourism,oxlon:ours,"Turistlərin yerləşdirilməsi və ictimai iaşə — muzdlu işçilərin sayı, cəmi (DSK)",min nəfər,2005–2025,,False,21,ACTUAL,forecast_long.csv,makro OxLon §15.5.1
mx:emp_ssc_tourism_nonstate,oxlon:ours,"Turistlərin yerləşdirilməsi və ictimai iaşə — muzdlu işçilərin sayı, qeyri-dövlət (DSK)",min nəfər,2005–2025,,False,21,ACTUAL,forecast_long.csv,makro OxLon §15.5.1
mx:emp_ssc_tourism_state,oxlon:ours,"Turistlərin yerləşdirilməsi və ictimai iaşə — muzdlu işçilərin sayı, dövlət (DSK)",min nəfər,2005–2025,,False,21,ACTUAL,forecast_long.csv,makro OxLon §15.5.1
mx:emp_ssc_trade,oxlon:ours,"Ticarət; nəqliyyat vasitələrinin təmiri — muzdlu işçilərin sayı, cəmi (DSK)",min nəfər,2005–2025,,False,21,ACTUAL,forecast_long.csv,makro OxLon §15.5.1
mx:emp_ssc_trade_nonstate,oxlon:ours,"Ticarət; nəqliyyat vasitələrinin təmiri — muzdlu işçilərin sayı, qeyri-dövlət (DSK)",min nəfər,2005–2025,,False,21,ACTUAL,forecast_long.csv,makro OxLon §15.5.1
mx:emp_ssc_trade_state,oxlon:ours,"Ticarət; nəqliyyat vasitələrinin təmiri — muzdlu işçilərin sayı, dövlət (DSK)",min nəfər,2005–2025,,False,21,ACTUAL,forecast_long.csv,makro OxLon §15.5.1
mx:emp_ssc_transport,oxlon:ours,"Nəqliyyat və anbar təsərrüfatı — muzdlu işçilərin sayı, cəmi (DSK)",min nəfər,2005–2025,,False,21,ACTUAL,forecast_long.csv,makro OxLon §15.5.1
mx:emp_ssc_transport_nonstate,oxlon:ours,"Nəqliyyat və anbar təsərrüfatı — muzdlu işçilərin sayı, qeyri-dövlət (DSK)",min nəfər,2005–2025,,False,21,ACTUAL,forecast_long.csv,makro OxLon §15.5.1
mx:emp_ssc_transport_state,oxlon:ours,"Nəqliyyat və anbar təsərrüfatı — muzdlu işçilərin sayı, dövlət (DSK)",min nəfər,2005–2025,,False,21,ACTUAL,forecast_long.csv,makro OxLon §15.5.1
mx:emp_ssc_water,oxlon:ours,"Su təchizatı; tullantıların təmizlənməsi və emalı — muzdlu işçilərin sayı, cəmi (DSK)",min nəfər,2005–2025,,False,21,ACTUAL,forecast_long.csv,makro OxLon §15.5.1
mx:emp_ssc_water_nonstate,oxlon:ours,"Su təchizatı; tullantıların təmizlənməsi və emalı — muzdlu işçilərin sayı, qeyri-dövlət (DSK)",min nəfər,2005–2025,,False,21,ACTUAL,forecast_long.csv,makro OxLon §15.5.1
mx:emp_ssc_water_state,oxlon:ours,"Su təchizatı; tullantıların təmizlənməsi və emalı — muzdlu işçilərin sayı, dövlət (DSK)",min nəfər,2005–2025,,False,21,ACTUAL,forecast_long.csv,makro OxLon §15.5.1
mx:emp_water,oxlon:ours,Su təchizatı — muzdlu işçilərin orta siyahı sayı,nəfər,2016–2025,,False,10,ACTUAL,forecast_long.csv,makro OxLon §15.5.1
mx:employees_dvx,oxlon:ours,"Muzdla işləyənlərin sayı (orta aylıq, DVX)",min nəfər,2021–2025,,False,5,ACTUAL,forecast_long.csv,makro OxLon §15.5.1
mx:employees_moe,oxlon:ours,Muzdlu işçilərin sayı (sahə bloku üzrə),min nəfər,2000–2030,2026–2030,False,31,ACTUAL;Baseline,forecast_long.csv,makro OxLon §15.5.1
mx:employees_nonoil_dvx,oxlon:ours,Qeyri neft-qaz sektorunda muzdla işləyənlərin sayı (DVX),min nəfər,2021–2025,,False,5,ACTUAL,forecast_long.csv,makro OxLon §15.5.1
mx:employment,oxlon:ours,Ümumi məşğulluq,min nəfər,1995–2030,2026–2030,False,36,ACTUAL;Baseline,forecast_long.csv,makro OxLon §15.5.1
mx:employment_g,oxlon:ours,Məşğulluğun artım tempi,%,1996–2030,2026–2030,False,35,ACTUAL;Baseline,forecast_long.csv,makro OxLon §15.5.1
mx:errors_omissions,oxlon:ours,"Balanslaşdırıcı maddələr (səhv və buraxılışlar) — 2010–2024 Nazirliyin öz tədiyə balansı iş kitabından; 2025-dən sıfır konvensiyası, rəsmi rəqəm gözlənilir",mln USD,2010–2030,2025–2030,False,21,ACTUAL;Baseline,forecast_long.csv,makro OxLon §15.5.1
mx:exp_goods,oxlon:ours,Malların ixracı (FOB),mln USD,2010–2030,2026–2030,True,21,ACTUAL;Baseline,forecast_long.csv,makro OxLon §15.5.1
mx:exp_goods_nonoil,oxlon:ours,Malların ixracı — qeyri neft-qaz sektoru,mln USD,2010–2030,2026–2030,True,21,ACTUAL;Baseline,forecast_long.csv,makro OxLon §15.5.1
mx:exp_goods_oil,oxlon:ours,Malların ixracı — neft-qaz sektoru,mln USD,2010–2030,2026–2030,True,21,ACTUAL;Baseline,forecast_long.csv,makro OxLon §15.5.1
mx:exp_goods_oil_brent_hi80,oxlon:ours,"Malların ixracı — neft-qaz, Brent yuxarı ssenarisi (hi80)",mln USD,2026–2030,2026–2030,False,5,Baseline,forecast_long.csv,makro OxLon §15.5.1
mx:exp_goods_oil_brent_lo80,oxlon:ours,"Malların ixracı — neft-qaz, Brent aşağı ssenarisi (lo80)",mln USD,2026–2030,2026–2030,False,5,Baseline,forecast_long.csv,makro OxLon §15.5.1
mx:exp_serv_business,oxlon:ours,Xidmət ixracı — digər işgüzar xidmətlər,mln USD,2010–2030,2026–2030,True,21,ACTUAL;Baseline,forecast_long.csv,makro OxLon §15.5.1
mx:exp_serv_nonoil,oxlon:ours,Xidmət ixracı — qeyri neft-qaz sektoru,mln USD,2010–2030,2026–2030,False,21,ACTUAL;Baseline,forecast_long.csv,makro OxLon §15.5.1
mx:exp_serv_oil,oxlon:ours,Xidmət ixracı — neft-qaz sektoru,mln USD,2010–2030,2026–2030,True,21,ACTUAL;Baseline,forecast_long.csv,makro OxLon §15.5.1
mx:exp_serv_other,oxlon:ours,"Xidmət ixracı — digər (tikinti, maliyyə, hökumət, qalıq)",mln USD,2010–2030,2026–2030,True,21,ACTUAL;Baseline,forecast_long.csv,makro OxLon §15.5.1
mx:exp_serv_telecom,oxlon:ours,Xidmət ixracı — telekomunikasiya,mln USD,2010–2030,2026–2030,True,21,ACTUAL;Baseline,forecast_long.csv,makro OxLon §15.5.1
mx:exp_serv_transport,oxlon:ours,Xidmət ixracı — nəqliyyat,mln USD,2010–2030,2026–2030,True,21,ACTUAL;Baseline,forecast_long.csv,makro OxLon §15.5.1
mx:exp_serv_travel,oxlon:ours,Xidmət ixracı — turizm,mln USD,2010–2030,2026–2030,True,21,ACTUAL;Baseline,forecast_long.csv,makro OxLon §15.5.1
mx:exp_serv_uzlasma,oxlon:ours,Xidmət ixracının uzlaşdırma əmsalı (cəm ÷ alt sətirlər),əmsal,2026–2030,2026–2030,False,5,Baseline,forecast_long.csv,makro OxLon §15.5.1
mx:exp_services,oxlon:ours,Xidmətlərin ixracı,mln USD,2010–2030,2026–2030,True,21,ACTUAL;Baseline,forecast_long.csv,makro OxLon §15.5.1
mx:expend_nom,oxlon:ours,Əhalinin xərcləri,mln AZN,2000–2030,2026–2030,False,31,ACTUAL;Baseline,forecast_long.csv,makro OxLon §15.5.1
mx:expend_realg,oxlon:ours,Əhalinin xərclərinin real artım tempi,%,2001–2030,2026–2030,False,30,ACTUAL;Baseline,forecast_long.csv,makro OxLon §15.5.1
mx:fdi_assets,oxlon:ours,Birbaşa investisiyalar — aktivlər (xarici iqtisadiyyata),mln USD,2010–2030,2026–2030,False,21,ACTUAL;Baseline,forecast_long.csv,makro OxLon §15.5.1
mx:fdi_inward,oxlon:ours,Azərbaycan iqtisadiyyatına birbaşa xarici investisiyalar,mln USD,2010–2030,2026–2030,False,21,ACTUAL;Baseline,forecast_long.csv,makro OxLon §15.5.1
mx:fdi_inward_nonoil,oxlon:ours,Azərbaycan iqtisadiyyatına BXİ — qeyri neft-qaz,mln USD,2010–2030,2026–2030,False,21,ACTUAL;Baseline,forecast_long.csv,makro OxLon §15.5.1
mx:fdi_inward_oil,oxlon:ours,Azərbaycan iqtisadiyyatına BXİ — neft-qaz,mln USD,2010–2030,2026–2030,False,21,ACTUAL;Baseline,forecast_long.csv,makro OxLon §15.5.1
mx:fdi_liabilities,oxlon:ours,Birbaşa investisiyalar — öhdəliklər,mln USD,2010–2030,2026–2030,False,21,ACTUAL;Baseline,forecast_long.csv,makro OxLon §15.5.1
mx:fdi_net,oxlon:ours,"Birbaşa investisiyalar, xalis",mln USD,2010–2030,2026–2030,False,21,ACTUAL;Baseline,forecast_long.csv,makro OxLon §15.5.1
mx:fdi_repatriation,oxlon:ours,İnvestisiyaların repatriasiyası (maliyyə hesabı),mln USD,2010–2030,2026–2030,False,21,ACTUAL;Baseline,forecast_long.csv,makro OxLon §15.5.1
mx:fin_derivatives_net,oxlon:ours,"Törəmə maliyyə alətləri, xalis",mln USD,2010–2030,2026–2030,False,21,ACTUAL;Baseline,forecast_long.csv,makro OxLon §15.5.1
mx:final_consumption,oxlon:ours,Son istehlak xərcləri,mln AZN,2000–2030,2026–2030,False,31,ACTUAL;Baseline,forecast_long.csv,makro OxLon §15.5.1
mx:final_consumption_realg,oxlon:ours,Son istehlak xərclərinin real artım tempi,%,2001–2030,2026–2030,False,30,ACTUAL;Baseline,forecast_long.csv,makro OxLon §15.5.1
mx:final_consumption_realg_nuve,oxlon:ours,Son istehlakın real artımı — FR01 tələb nüvəsi (alternativ),%,2026–2030,2026–2030,False,5,Baseline,forecast_long.csv,makro OxLon §15.5.1
mx:financial_account,oxlon:ours,Maliyyə hesabı,mln USD,2010–2030,2026–2030,False,21,ACTUAL;Baseline,forecast_long.csv,makro OxLon §15.5.1
mx:fx_eur_azn,oxlon:ours,Avronun rəsmi orta illik məzənnəsi (AMB 2.16),AZN/EUR,1999–2030,2026–2030,True,32,ACTUAL;Baseline,forecast_long.csv,makro OxLon §15.5.1
mx:fx_usd_azn,oxlon:ours,ABŞ dollarının orta illik məzənnəsi (iş kitabı),AZN/USD,2021–2030,2026–2030,False,10,ACTUAL;Baseline,forecast_long.csv,makro OxLon §15.5.1
mx:fx_usd_azn_avg,oxlon:ours,ABŞ dollarının rəsmi orta illik məzənnəsi (AMB 2.16),AZN/USD,1995–2030,2026–2030,False,36,ACTUAL;Baseline,forecast_long.csv,makro OxLon §15.5.1
mx:fx_usd_azn_eop,oxlon:ours,ABŞ dollarının məzənnəsi (dövrün sonuna),AZN/USD,1995–2030,2026–2030,False,36,ACTUAL;Baseline,forecast_long.csv,makro OxLon §15.5.1
mx:g_act_agri,oxlon:ours,"Kənd, meşə və balıqçılıq təsərrüfatı — real artım tempi (fəaliyyət strukturu)",%,2014–2030,2026–2030,True,17,ACTUAL;Baseline,forecast_long.csv,makro OxLon §15.5.1
mx:g_act_constr,oxlon:ours,Tikinti — real artım tempi (fəaliyyət strukturu),%,2014–2030,2026–2030,True,17,ACTUAL;Baseline,forecast_long.csv,makro OxLon §15.5.1
mx:g_act_industry,oxlon:ours,Sənaye (cəmi) — real artım tempi (fəaliyyət strukturu),%,2014–2030,2026–2030,True,17,ACTUAL;Baseline,forecast_long.csv,makro OxLon §15.5.1
mx:g_act_industry_nonoil,oxlon:ours,"Sənaye — qeyri-neft (emal, enerji, su təchizatı) — real artım tempi (fəaliyyət strukturu)",%,2014–2030,2026–2030,True,17,ACTUAL;Baseline,forecast_long.csv,makro OxLon §15.5.1
mx:g_act_industry_oil,oxlon:ours,Sənaye — neft-qaz (mədənçıxarma) — real artım tempi (fəaliyyət strukturu),%,2014–2030,2026–2030,True,17,ACTUAL;Baseline,forecast_long.csv,makro OxLon §15.5.1
mx:g_act_nettax,oxlon:ours,Məhsula və idxala xalis vergilər — real artım tempi (fəaliyyət strukturu),%,2014–2030,2026–2030,True,17,ACTUAL;Baseline,forecast_long.csv,makro OxLon §15.5.1
mx:g_act_services,oxlon:ours,Xidmətlər (cəmi) — real artım tempi (fəaliyyət strukturu),%,2014–2030,2026–2030,True,17,ACTUAL;Baseline,forecast_long.csv,makro OxLon §15.5.1
mx:g_act_total,oxlon:ours,ÜDM (5 budağın cəmi) — real artım tempi (fəaliyyət strukturu),%,2014–2030,2026–2030,False,17,ACTUAL;Baseline,forecast_long.csv,makro OxLon §15.5.1
mx:g_agri,oxlon:ours,"Kənd, meşə və balıqçılıq təsərrüfatı — əlavə dəyərin real artım tempi",%,1995–2030,2026–2030,True,36,ACTUAL;Baseline,forecast_long.csv,makro OxLon §15.5.1
mx:g_constr,oxlon:ours,Tikinti — əlavə dəyərin real artım tempi,%,1995–2030,2026–2030,True,36,ACTUAL;Baseline,forecast_long.csv,makro OxLon §15.5.1
mx:g_ict,oxlon:ours,İnformasiya və rabitə — əlavə dəyərin real artım tempi,%,2000–2030,2026–2030,True,31,ACTUAL;Baseline,forecast_long.csv,makro OxLon §15.5.1
mx:g_manuf,oxlon:ours,Emal sənayesi — əlavə dəyərin real artım tempi,%,2000–2030,2026–2030,True,31,ACTUAL;Baseline,forecast_long.csv,makro OxLon §15.5.1
mx:g_mining,oxlon:ours,Mədənçıxarma sənayesi — əlavə dəyərin real artım tempi,%,1995–2030,2026–2030,True,36,ACTUAL;Baseline,forecast_long.csv,makro OxLon §15.5.1
mx:g_power,oxlon:ours,"Elektrik enerjisi, qaz və buxar istehsalı və təchizatı — əlavə dəyərin real artım tempi",%,2000–2030,2026–2030,True,31,ACTUAL;Baseline,forecast_long.csv,makro OxLon §15.5.1
mx:g_social,oxlon:ours,Sosial və digər sahələrdə yaradılmış əlavə dəyər — əlavə dəyərin real artım tempi,%,2000–2030,2026–2030,True,31,ACTUAL;Baseline,forecast_long.csv,makro OxLon §15.5.1
mx:g_tourism,oxlon:ours,Turistlərin yerləşdirilməsi və ictimai iaşə — əlavə dəyərin real artım tempi,%,2000–2030,2026–2030,True,31,ACTUAL;Baseline,forecast_long.csv,makro OxLon §15.5.1
mx:g_trade,oxlon:ours,"Ticarət, nəqliyyat vasitələrinin təmiri — əlavə dəyərin real artım tempi",%,2000–2030,2026–2030,True,31,ACTUAL;Baseline,forecast_long.csv,makro OxLon §15.5.1
mx:g_transport,oxlon:ours,Nəqliyyat və anbar təsərrüfatı — əlavə dəyərin real artım tempi,%,2000–2030,2026–2030,True,31,ACTUAL;Baseline,forecast_long.csv,makro OxLon §15.5.1
mx:g_water,oxlon:ours,"Su təchizatı, tullantıların təmizlənməsi və emalı — əlavə dəyərin real artım tempi",%,2010–2030,2026–2030,True,21,ACTUAL;Baseline,forecast_long.csv,makro OxLon §15.5.1
mx:gdp_defl,oxlon:ours,ÜDM deflyatoru,%,1991–2030,2026–2030,False,40,ACTUAL;Baseline,forecast_long.csv,makro OxLon §15.5.1
mx:gdp_nom,oxlon:ours,ÜDM bazar qiymətləri ilə,mln AZN,2013–2030,2026–2030,True,18,ACTUAL;Baseline,forecast_long.csv,makro OxLon §15.5.1
mx:gdp_nonoil_defl_prod,oxlon:ours,Qeyri-neft ÜDM-in deflyatoru (istehsal metodu),%,2013–2030,2026–2030,False,18,ACTUAL;Baseline,forecast_long.csv,makro OxLon §15.5.1
mx:gdp_nonoil_demand,oxlon:ours,Qeyri-neft ÜDM — tələb nüvəsinin oxunuşu,mln AZN,2026–2030,2026–2030,False,5,Baseline,forecast_long.csv,makro OxLon §15.5.1
mx:gdp_nonoil_gap,oxlon:ours,Qeyri-neft ÜDM: istehsal metodu ilə tələb nüvəsinin fərqi,mln AZN,2026–2030,2026–2030,False,5,Baseline,forecast_long.csv,makro OxLon §15.5.1
mx:gdp_nonoil_gap_pct,oxlon:ours,"Qeyri-neft ÜDM: istehsal metodu ilə tələb nüvəsinin fərqi, %",%,2026–2030,2026–2030,False,5,Baseline,forecast_long.csv,makro OxLon §15.5.1
mx:gdp_nonoil_prod,oxlon:ours,"Qeyri-neft ÜDM, bazar qiymətləri ilə (istehsal metodu)",mln AZN,2016–2030,2026–2030,True,15,ACTUAL;Baseline,forecast_long.csv,makro OxLon §15.5.1
mx:gdp_nonoil_realg_prod,oxlon:ours,Qeyri-neft ÜDM-in real artım tempi (istehsal metodu),%,2013–2030,2026–2030,True,18,ACTUAL;Baseline,forecast_long.csv,makro OxLon §15.5.1
mx:gdp_oilgas_prod,oxlon:ours,"Neft-qaz ÜDM, bazar qiymətləri ilə (istehsal metodu)",mln AZN,2016–2030,2026–2030,False,15,ACTUAL;Baseline,forecast_long.csv,makro OxLon §15.5.1
mx:gdp_pc_azn,oxlon:ours,Adambaşına düşən ÜDM (manatla),AZN,2013–2030,2026–2030,False,18,ACTUAL;Baseline,forecast_long.csv,makro OxLon §15.5.1
mx:gdp_pc_realg,oxlon:ours,Adambaşına düşən ÜDM-in real artım tempi,%,2014–2030,2026–2030,False,17,ACTUAL;Baseline,forecast_long.csv,makro OxLon §15.5.1
mx:gdp_pc_usd,oxlon:ours,Adambaşına düşən ÜDM (ABŞ dolları ilə),USD,2013–2030,2026–2030,False,18,ACTUAL;Baseline,forecast_long.csv,makro OxLon §15.5.1
mx:gdp_prod,oxlon:ours,"ÜDM, bazar qiymətləri ilə (istehsal metodu)",mln AZN,2013–2030,2026–2030,False,18,ACTUAL;Baseline,forecast_long.csv,makro OxLon §15.5.1
mx:gdp_reading_gap,oxlon:ours,ÜDM-in iki oxunuşunun fərqi (istehsal metodu − FR01 baş göstəricisi),mln AZN,2013–2030,2026–2030,False,18,ACTUAL;Baseline,forecast_long.csv,makro OxLon §15.5.1
mx:gdp_reading_gap_pct,oxlon:ours,"ÜDM-in iki oxunuşunun fərqi, FR01 ÜDM-inin %-i",%,2013–2030,2026–2030,False,18,ACTUAL;Baseline,forecast_long.csv,makro OxLon §15.5.1
mx:gdp_realg,oxlon:ours,ÜDM real artım tempi,%,1991–2030,2026–2030,True,40,ACTUAL;Baseline,forecast_long.csv,makro OxLon §15.5.1
mx:go_agri,oxlon:ours,"Kənd, meşə və balıqçılıq təsərrüfatı — ümumi buraxılış",mln AZN,2000–2030,2026–2030,False,31,ACTUAL;Baseline,forecast_long.csv,makro OxLon §15.5.1
mx:go_constr,oxlon:ours,Tikinti — ümumi buraxılış,mln AZN,2000–2030,2026–2030,False,31,ACTUAL;Baseline,forecast_long.csv,makro OxLon §15.5.1
mx:go_ict,oxlon:ours,İnformasiya və rabitə — ümumi buraxılış,mln AZN,2000–2030,2026–2030,False,31,ACTUAL;Baseline,forecast_long.csv,makro OxLon §15.5.1
mx:go_manuf,oxlon:ours,Emal sənayesi — ümumi buraxılış,mln AZN,2004–2030,2026–2030,False,27,ACTUAL;Baseline,forecast_long.csv,makro OxLon §15.5.1
mx:go_mining,oxlon:ours,Mədənçıxarma sənayesi — ümumi buraxılış,mln AZN,2004–2030,2026–2030,False,27,ACTUAL;Baseline,forecast_long.csv,makro OxLon §15.5.1
mx:go_power,oxlon:ours,"Elektrik enerjisi, qaz və buxar istehsalı və təchizatı — ümumi buraxılış",mln AZN,2004–2030,2026–2030,False,27,ACTUAL;Baseline,forecast_long.csv,makro OxLon §15.5.1
mx:go_social,oxlon:ours,Sosial və digər sahələrdə yaradılmış əlavə dəyər — ümumi buraxılış,mln AZN,2000–2030,2026–2030,False,31,ACTUAL;Baseline,forecast_long.csv,makro OxLon §15.5.1
mx:go_tourism,oxlon:ours,Turistlərin yerləşdirilməsi və ictimai iaşə — ümumi buraxılış,mln AZN,2004–2030,2026–2030,False,27,ACTUAL;Baseline,forecast_long.csv,makro OxLon §15.5.1
mx:go_trade,oxlon:ours,"Ticarət, nəqliyyat vasitələrinin təmiri — ümumi buraxılış",mln AZN,2000–2030,2026–2030,False,31,ACTUAL;Baseline,forecast_long.csv,makro OxLon §15.5.1
mx:go_transport,oxlon:ours,Nəqliyyat və anbar təsərrüfatı — ümumi buraxılış,mln AZN,2000–2030,2026–2030,False,31,ACTUAL;Baseline,forecast_long.csv,makro OxLon §15.5.1
mx:go_water,oxlon:ours,"Su təchizatı, tullantıların təmizlənməsi və emalı — ümumi buraxılış",mln AZN,2004–2030,2026–2030,False,27,ACTUAL;Baseline,forecast_long.csv,makro OxLon §15.5.1
mx:gov_cons_collect,oxlon:ours,Dövlət idarələrinin kollektiv xidmət xərcləri (P.4),mln AZN,1993–2025,,False,33,ACTUAL,forecast_long.csv,makro OxLon §15.5.1
mx:gov_cons_indiv,oxlon:ours,Dövlət idarələrinin fərdi xidmət xərcləri (P.3),mln AZN,1993–2025,,False,33,ACTUAL,forecast_long.csv,makro OxLon §15.5.1
mx:gov_cons_realg,oxlon:ours,Dövlət son istehlakının real artım tempi,%,2000–2030,2026–2030,False,31,ACTUAL;Baseline,forecast_long.csv,makro OxLon §15.5.1
mx:gov_cons_total,oxlon:ours,Dövlət idarələrinin son istehlak xərcləri (P.3 + P.4),mln AZN,1993–2030,2026–2030,False,38,ACTUAL;Baseline,forecast_long.csv,makro OxLon §15.5.1
mx:hh_cons_actual,oxlon:ours,Ev təsərrüfatlarının faktiki son istehlak xərcləri (P.4),mln AZN,1993–2025,,False,33,ACTUAL,forecast_long.csv,makro OxLon §15.5.1
mx:ic_agri,oxlon:ours,"Kənd, meşə və balıqçılıq təsərrüfatı — aralıq istehlak",mln AZN,2000–2030,2026–2030,False,31,ACTUAL;Baseline,forecast_long.csv,makro OxLon §15.5.1
mx:ic_constr,oxlon:ours,Tikinti — aralıq istehlak,mln AZN,2000–2030,2026–2030,False,31,ACTUAL;Baseline,forecast_long.csv,makro OxLon §15.5.1
mx:ic_ict,oxlon:ours,İnformasiya və rabitə — aralıq istehlak,mln AZN,2000–2030,2026–2030,False,31,ACTUAL;Baseline,forecast_long.csv,makro OxLon §15.5.1
mx:ic_manuf,oxlon:ours,Emal sənayesi — aralıq istehlak,mln AZN,2005–2030,2026–2030,False,26,ACTUAL;Baseline,forecast_long.csv,makro OxLon §15.5.1
mx:ic_mining,oxlon:ours,Mədənçıxarma sənayesi — aralıq istehlak,mln AZN,2005–2030,2026–2030,False,26,ACTUAL;Baseline,forecast_long.csv,makro OxLon §15.5.1
mx:ic_power,oxlon:ours,"Elektrik enerjisi, qaz və buxar istehsalı və təchizatı — aralıq istehlak",mln AZN,2005–2030,2026–2030,False,26,ACTUAL;Baseline,forecast_long.csv,makro OxLon §15.5.1
mx:ic_social,oxlon:ours,Sosial və digər sahələrdə yaradılmış əlavə dəyər — aralıq istehlak,mln AZN,2000–2030,2026–2030,False,31,ACTUAL;Baseline,forecast_long.csv,makro OxLon §15.5.1
mx:ic_tourism,oxlon:ours,Turistlərin yerləşdirilməsi və ictimai iaşə — aralıq istehlak,mln AZN,2004–2030,2026–2030,False,27,ACTUAL;Baseline,forecast_long.csv,makro OxLon §15.5.1
mx:ic_trade,oxlon:ours,"Ticarət, nəqliyyat vasitələrinin təmiri — aralıq istehlak",mln AZN,2000–2030,2026–2030,False,31,ACTUAL;Baseline,forecast_long.csv,makro OxLon §15.5.1
mx:ic_transport,oxlon:ours,Nəqliyyat və anbar təsərrüfatı — aralıq istehlak,mln AZN,2000–2030,2026–2030,False,31,ACTUAL;Baseline,forecast_long.csv,makro OxLon §15.5.1
mx:ic_water,oxlon:ours,"Su təchizatı, tullantıların təmizlənməsi və emalı — aralıq istehlak",mln AZN,2005–2030,2026–2030,False,26,ACTUAL;Baseline,forecast_long.csv,makro OxLon §15.5.1
mx:imf:cpi_infl,oxlon:imf_reference,"İnflyasiya (İQİ, orta illik)",%,2026–2030,2026–2030,False,5,Baseline,forecast_long.csv,makro OxLon §15.5.1
mx:imf:gdp_realg,oxlon:imf_reference,ÜDM real artım tempi,%,2026–2030,2026–2030,False,5,Baseline,forecast_long.csv,makro OxLon §15.5.1
mx:imf:nonoil_realg,oxlon:imf_reference,Qeyri neft-qaz sektorunun real artım tempi,%,2026–2030,2026–2030,False,5,Baseline,forecast_long.csv,makro OxLon §15.5.1
mx:imp_goods,oxlon:ours,Malların idxalı (FOB),mln USD,2010–2030,2026–2030,True,21,ACTUAL;Baseline,forecast_long.csv,makro OxLon §15.5.1
mx:imp_goods_nonoil,oxlon:ours,Malların idxalı — qeyri neft-qaz sektoru,mln USD,2010–2030,2026–2030,True,21,ACTUAL;Baseline,forecast_long.csv,makro OxLon §15.5.1
mx:imp_goods_oil,oxlon:ours,Malların idxalı — neft-qaz sektoru,mln USD,2010–2030,2026–2030,True,21,ACTUAL;Baseline,forecast_long.csv,makro OxLon §15.5.1
mx:imp_serv_business,oxlon:ours,Xidmət idxalı — digər işgüzar xidmətlər,mln USD,2010–2030,2026–2030,True,21,ACTUAL;Baseline,forecast_long.csv,makro OxLon §15.5.1
mx:imp_serv_nonoil,oxlon:ours,Xidmət idxalı — qeyri neft-qaz sektoru,mln USD,2010–2030,2026–2030,False,21,ACTUAL;Baseline,forecast_long.csv,makro OxLon §15.5.1
mx:imp_serv_oil,oxlon:ours,Xidmət idxalı — neft-qaz sektoru,mln USD,2010–2030,2026–2030,True,21,ACTUAL;Baseline,forecast_long.csv,makro OxLon §15.5.1
mx:imp_serv_other,oxlon:ours,"Xidmət idxalı — digər (tikinti, maliyyə, hökumət, qalıq)",mln USD,2010–2030,2026–2030,True,21,ACTUAL;Baseline,forecast_long.csv,makro OxLon §15.5.1
mx:imp_serv_telecom,oxlon:ours,Xidmət idxalı — telekomunikasiya,mln USD,2010–2030,2026–2030,True,21,ACTUAL;Baseline,forecast_long.csv,makro OxLon §15.5.1
mx:imp_serv_transport,oxlon:ours,Xidmət idxalı — nəqliyyat,mln USD,2010–2030,2026–2030,True,21,ACTUAL;Baseline,forecast_long.csv,makro OxLon §15.5.1
mx:imp_serv_travel,oxlon:ours,Xidmət idxalı — turizm,mln USD,2010–2030,2026–2030,True,21,ACTUAL;Baseline,forecast_long.csv,makro OxLon §15.5.1
mx:imp_serv_uzlasma,oxlon:ours,Xidmət idxalının uzlaşdırma əmsalı (cəm ÷ alt sətirlər),əmsal,2026–2030,2026–2030,False,5,Baseline,forecast_long.csv,makro OxLon §15.5.1
mx:imp_services,oxlon:ours,Xidmətlərin idxalı,mln USD,2010–2030,2026–2030,True,21,ACTUAL;Baseline,forecast_long.csv,makro OxLon §15.5.1
mx:income_nom,oxlon:ours,Əhalinin pul gəlirləri,mln AZN,1997–2030,2026–2030,False,34,ACTUAL;Baseline,forecast_long.csv,makro OxLon §15.5.1
mx:income_other,oxlon:ours,Gəlirin digər (sahibkarlıq və mülkiyyət) ayağı,mln AZN,2000–2030,2026–2030,False,31,ACTUAL;Baseline,forecast_long.csv,makro OxLon §15.5.1
mx:income_realg,oxlon:ours,Əhalinin gəlirlərinin real artım tempi,%,1998–2030,2026–2030,True,33,ACTUAL;Baseline,forecast_long.csv,makro OxLon §15.5.1
mx:income_realg_nuve,oxlon:ours,Əhalinin gəlirlərinin real artımı — FR01 tələb nüvəsi (alternativ),%,2026–2030,2026–2030,False,5,Baseline,forecast_long.csv,makro OxLon §15.5.1
mx:income_realg_v2,oxlon:ours,Əhalinin gəlirlərinin real artımı — v2-nin birbaşa tənliyi (alternativ),%,2026–2030,2026–2030,False,5,Baseline,forecast_long.csv,makro OxLon §15.5.1
mx:income_transfers,oxlon:ours,Gəlirin transfert ayağı,mln AZN,2000–2030,2026–2030,False,31,ACTUAL;Baseline,forecast_long.csv,makro OxLon §15.5.1
mx:income_wage_bill,oxlon:ours,Gəlirin əmək ödənişləri ayağı,mln AZN,2000–2030,2026–2030,False,31,ACTUAL;Baseline,forecast_long.csv,makro OxLon §15.5.1
mx:inv_defl,oxlon:ours,"İnvestisiya deflyatoru (indeks, 2025 = 100)",indeks,2025–2030,2026–2030,False,6,ACTUAL;Baseline,forecast_long.csv,makro OxLon §15.5.1
mx:inv_defl_g,oxlon:ours,İnvestisiya deflyatorunun illik artımı,%,2008–2030,2026–2030,True,23,ACTUAL;Baseline,forecast_long.csv,makro OxLon §15.5.1
mx:inv_domestic_g,oxlon:ours,Daxili investisiyanın real artım tempi,%,2000–2030,2026–2030,False,31,ACTUAL;Baseline,forecast_long.csv,makro OxLon §15.5.1
mx:inv_domestic_nom,oxlon:ours,Daxili investisiya (cari qiymətlərlə),mln AZN,2000–2030,2026–2030,False,31,ACTUAL;Baseline,forecast_long.csv,makro OxLon §15.5.1
mx:inv_domestic_real2025,oxlon:ours,Daxili investisiya (2025 sabit qiymətləri ilə),mln AZN,2025–2030,2026–2030,False,6,ACTUAL;Baseline,forecast_long.csv,makro OxLon §15.5.1
mx:inv_foreign_g,oxlon:ours,Xarici investisiyanın real artım tempi,%,2000–2025,,False,26,ACTUAL,forecast_long.csv,makro OxLon §15.5.1
mx:inv_foreign_nom,oxlon:ours,Xarici investisiya (cari qiymətlərlə),mln AZN,2000–2030,2026–2030,False,31,ACTUAL;Baseline,forecast_long.csv,makro OxLon §15.5.1
mx:inv_foreign_real2025,oxlon:ours,Xarici investisiya (2025 sabit qiymətləri ilə),mln AZN,2025–2030,2026–2030,False,6,ACTUAL;Baseline,forecast_long.csv,makro OxLon §15.5.1
mx:inv_nonoil_g,oxlon:ours,Qeyri neft-qaz sektoruna investisiyaların real artım tempi,%,2006–2030,2026–2030,False,25,ACTUAL;Baseline,forecast_long.csv,makro OxLon §15.5.1
mx:inv_nonoil_nom,oxlon:ours,Qeyri neft-qaz sektoruna investisiyalar (cari qiymətlərlə),mln AZN,2005–2030,2026–2030,False,26,ACTUAL;Baseline,forecast_long.csv,makro OxLon §15.5.1
mx:inv_nonoil_nonstate_g,oxlon:ours,Qeyri neft-qaz qeyri-dövlət investisiyalarının real artımı,%,2019–2030,2026–2030,False,12,ACTUAL;Baseline,forecast_long.csv,makro OxLon §15.5.1
mx:inv_nonoil_nonstate_nom,oxlon:ours,Qeyri neft-qaz qeyri-dövlət investisiyaları (cari qiymətlərlə),mln AZN,2018–2030,2026–2030,False,13,ACTUAL;Baseline,forecast_long.csv,makro OxLon §15.5.1
mx:inv_nonoil_nonstate_real2025,oxlon:ours,Qeyri neft-qaz qeyri-dövlət investisiyaları (2025 sabit qiymətləri ilə),mln AZN,2025–2030,2026–2030,False,6,ACTUAL;Baseline,forecast_long.csv,makro OxLon §15.5.1
mx:inv_nonoil_real2025,oxlon:ours,Qeyri neft-qaz sektoruna investisiyalar (2025 sabit qiymətləri ilə),mln AZN,2025–2030,2026–2030,False,6,ACTUAL;Baseline,forecast_long.csv,makro OxLon §15.5.1
mx:inv_nonoil_state_g,oxlon:ours,Qeyri neft-qaz dövlət investisiyalarının real artımı,%,2019–2030,2026–2030,False,12,ACTUAL;Baseline,forecast_long.csv,makro OxLon §15.5.1
mx:inv_nonoil_state_nom,oxlon:ours,Qeyri neft-qaz dövlət investisiyaları (cari qiymətlərlə),mln AZN,2018–2030,2026–2030,False,13,ACTUAL;Baseline,forecast_long.csv,makro OxLon §15.5.1
mx:inv_nonoil_state_real2025,oxlon:ours,Qeyri neft-qaz dövlət investisiyaları (2025 sabit qiymətləri ilə),mln AZN,2025–2030,2026–2030,False,6,ACTUAL;Baseline,forecast_long.csv,makro OxLon §15.5.1
mx:inv_nonstate_g,oxlon:ours,Qeyri-dövlət investisiyalarının real artım tempi,%,2000–2030,2026–2030,False,31,ACTUAL;Baseline,forecast_long.csv,makro OxLon §15.5.1
mx:inv_nonstate_nom,oxlon:ours,Qeyri-dövlət investisiyaları (cari qiymətlərlə),mln AZN,2000–2030,2026–2030,False,31,ACTUAL;Baseline,forecast_long.csv,makro OxLon §15.5.1
mx:inv_nonstate_real2025,oxlon:ours,Qeyri-dövlət investisiyaları (2025 sabit qiymətləri ilə),mln AZN,2025–2030,2026–2030,False,6,ACTUAL;Baseline,forecast_long.csv,makro OxLon §15.5.1
mx:inv_oil_g,oxlon:ours,Neft-qaz sektoruna investisiyaların real artım tempi,%,2006–2030,2026–2030,True,25,ACTUAL;Baseline,forecast_long.csv,makro OxLon §15.5.1
mx:inv_oil_nom,oxlon:ours,Neft-qaz sektoruna investisiyalar (cari qiymətlərlə),mln AZN,2005–2030,2026–2030,False,26,ACTUAL;Baseline,forecast_long.csv,makro OxLon §15.5.1
mx:inv_oil_real2025,oxlon:ours,Neft-qaz sektoruna investisiyalar (2025 sabit qiymətləri ilə),mln AZN,2025–2030,2026–2030,False,6,ACTUAL;Baseline,forecast_long.csv,makro OxLon §15.5.1
mx:inv_state_g,oxlon:ours,Dövlət investisiyalarının real artım tempi,%,2000–2030,2026–2030,True,31,ACTUAL;Baseline,forecast_long.csv,makro OxLon §15.5.1
mx:inv_state_nom,oxlon:ours,Dövlət investisiyaları (cari qiymətlərlə),mln AZN,2000–2030,2026–2030,False,31,ACTUAL;Baseline,forecast_long.csv,makro OxLon §15.5.1
mx:inv_state_real2025,oxlon:ours,Dövlət investisiyaları (2025 sabit qiymətləri ilə),mln AZN,2025–2030,2026–2030,False,6,ACTUAL;Baseline,forecast_long.csv,makro OxLon §15.5.1
mx:inv_total_g,oxlon:ours,Əsas kapitala investisiyaların real artım tempi,%,2001–2030,2026–2030,True,30,ACTUAL;Baseline,forecast_long.csv,makro OxLon §15.5.1
mx:inv_total_nom,oxlon:ours,Əsas kapitala cəmi investisiya (cari qiymətlərlə),mln AZN,1995–2030,2026–2030,False,36,ACTUAL;Baseline,forecast_long.csv,makro OxLon §15.5.1
mx:inv_total_real2025,oxlon:ours,Əsas kapitala cəmi investisiya (2025 sabit qiymətləri ilə),mln AZN,2025–2030,2026–2030,False,6,ACTUAL;Baseline,forecast_long.csv,makro OxLon §15.5.1
mx:labour_force,oxlon:ours,İqtisadi fəal əhalinin sayı,min nəfər,1995–2030,2026–2030,False,36,ACTUAL;Baseline,forecast_long.csv,makro OxLon §15.5.1
mx:mspec:cpi_infl,oxlon:ministry_spec,"İnflyasiya (İQİ, orta illik)",%,2026–2030,2026–2030,False,5,Baseline,forecast_long.csv,makro OxLon §15.5.1
mx:mspec:d_agri,oxlon:ministry_spec,d_agri,%,2026–2030,2026–2030,False,5,Baseline,forecast_long.csv,makro OxLon §15.5.1
mx:mspec:d_constr,oxlon:ministry_spec,d_constr,%,2026–2030,2026–2030,False,5,Baseline,forecast_long.csv,makro OxLon §15.5.1
mx:mspec:d_tourism,oxlon:ministry_spec,d_tourism,%,2026–2030,2026–2030,False,5,Baseline,forecast_long.csv,makro OxLon §15.5.1
mx:mspec:d_transport,oxlon:ministry_spec,d_transport,%,2026–2030,2026–2030,False,5,Baseline,forecast_long.csv,makro OxLon §15.5.1
mx:mspec:exp_goods_nonoil,oxlon:ministry_spec,Malların ixracı — qeyri neft-qaz sektoru,mln USD,2026–2030,2026–2030,False,5,Baseline,forecast_long.csv,makro OxLon §15.5.1
mx:mspec:exp_serv_telecom,oxlon:ministry_spec,Xidmət ixracı — telekomunikasiya,mln USD,2026–2030,2026–2030,False,5,Baseline,forecast_long.csv,makro OxLon §15.5.1
mx:mspec:final_consumption,oxlon:ministry_spec,Son istehlak xərcləri,mln AZN,2026–2030,2026–2030,False,5,Baseline,forecast_long.csv,makro OxLon §15.5.1
mx:mspec:g_constr,oxlon:ministry_spec,Tikinti — real artım tempi,%,2026–2030,2026–2030,False,5,Baseline,forecast_long.csv,makro OxLon §15.5.1
mx:mspec:g_tourism,oxlon:ministry_spec,Turistlərin yerləşdirilməsi və ictimai iaşə — real artım tempi,%,2026–2030,2026–2030,False,5,Baseline,forecast_long.csv,makro OxLon §15.5.1
mx:mspec:g_trade,oxlon:ministry_spec,"Ticarət, nəqliyyat vasitələrinin təmiri — real artım tempi",%,2026–2030,2026–2030,False,5,Baseline,forecast_long.csv,makro OxLon §15.5.1
mx:mspec:imp_goods_nonoil,oxlon:ministry_spec,Malların idxalı — qeyri neft-qaz sektoru,mln USD,2026–2030,2026–2030,False,5,Baseline,forecast_long.csv,makro OxLon §15.5.1
mx:mspec:imp_serv_transport,oxlon:ministry_spec,Xidmət idxalı — nəqliyyat,mln USD,2026–2030,2026–2030,False,5,Baseline,forecast_long.csv,makro OxLon §15.5.1
mx:mspec:imp_serv_travel,oxlon:ministry_spec,Xidmət idxalı — turizm,mln USD,2026–2030,2026–2030,False,5,Baseline,forecast_long.csv,makro OxLon §15.5.1
mx:mspec:inv_defl_g,oxlon:ministry_spec,inv_defl_g,%,2026–2030,2026–2030,False,5,Baseline,forecast_long.csv,makro OxLon §15.5.1
mx:mspec:wage_nonoil,oxlon:ministry_spec,Qeyri neft-qaz sektorunda orta aylıq əmək haqqı,AZN,2026–2030,2026–2030,False,5,Baseline,forecast_long.csv,makro OxLon §15.5.1
mx:net_taxes,oxlon:ours,Məhsula və idxala xalis vergilər,mln AZN,2013–2030,2026–2030,False,18,ACTUAL;Baseline,forecast_long.csv,makro OxLon §15.5.1
mx:net_taxes_g,oxlon:ours,Xalis vergilərin real artım tempi,%,2000–2030,2026–2030,False,31,ACTUAL;Baseline,forecast_long.csv,makro OxLon §15.5.1
mx:net_taxes_nonoil,oxlon:ours,Məhsula və idxala xalis vergilər — qeyri neft-qaz bloku,mln AZN,2013–2030,2026–2030,False,18,ACTUAL;Baseline,forecast_long.csv,makro OxLon §15.5.1
mx:net_taxes_oil,oxlon:ours,Məhsula və idxala xalis vergilər — neft-qaz bloku,mln AZN,2013–2030,2026–2030,False,18,ACTUAL;Baseline,forecast_long.csv,makro OxLon §15.5.1
mx:net_taxes_phi,oxlon:ours,Xalis vergilərin neft-qaz blokuna düşən payı (φ),pay,2013–2030,2026–2030,False,18,ACTUAL;Baseline,forecast_long.csv,makro OxLon §15.5.1
mx:nonoil_base_balance_sb,oxlon:ours,Dövlət büdcəsi üzrə qeyri-neft balansı,mln AZN,2010–2030,2026–2030,False,21,ACTUAL;Baseline,forecast_long.csv,makro OxLon §15.5.1
mx:nonoil_base_ratio_sb,oxlon:ours,Dövlət büdcəsi üzrə qeyri-neft balansı / qeyri-neft ÜDM,%,2010–2030,2026–2030,False,21,ACTUAL;Baseline,forecast_long.csv,makro OxLon §15.5.1
mx:nonoil_ca_fr12,oxlon:ours,Qeyri-neft cari hesabı (FR12 sadə tərifi: CA − neft-qaz ticarət balansı),mln USD,2010–2030,2026–2030,True,21,ACTUAL;Baseline,forecast_long.csv,makro OxLon §15.5.1
mx:nonoil_ca_gdp_ratio,oxlon:ours,Qeyri-neft cari hesabının ÜDM-də payı (sadə tərif),%,2013–2030,2026–2030,True,18,ACTUAL;Baseline,forecast_long.csv,makro OxLon §15.5.1
mx:nonoil_coverage_ratio,oxlon:ours,Qeyri-neft örtmə əmsalı (ixrac/idxal),%,2010–2030,2026–2030,True,21,ACTUAL;Baseline,forecast_long.csv,makro OxLon §15.5.1
mx:nonoil_defl,oxlon:ours,Qeyri neft-qaz sektorunun deflyatoru,%,2013–2030,2026–2030,False,18,ACTUAL;Baseline,forecast_long.csv,makro OxLon §15.5.1
mx:nonoil_export_country_count,oxlon:ours,Qeyri-neft-qaz ixracının yönəldiyi ölkələrin sayı,ədəd,2021–2030,2026–2030,False,10,ACTUAL;Baseline,forecast_long.csv,makro OxLon §15.5.1
mx:nonoil_export_product_count,oxlon:ours,İxrac olunan məhsul çeşidlərinin sayı (qeyri-neft-qaz),ədəd,2018–2030,2026–2030,False,13,ACTUAL;Baseline,forecast_long.csv,makro OxLon §15.5.1
mx:nonoil_export_top10_share,oxlon:ours,Top-10 məhsulun qeyri-neft-qaz ixracında payı,%,2021–2030,2026–2030,False,10,ACTUAL;Baseline,forecast_long.csv,makro OxLon §15.5.1
mx:nonoil_export_top10country_share,oxlon:ours,Qeyri-neft-qaz ixracında top-10 ölkənin payı,%,2021–2030,2026–2030,False,10,ACTUAL;Baseline,forecast_long.csv,makro OxLon §15.5.1
mx:nonoil_export_top10exporter_share,oxlon:ours,Qeyri-neft-qaz ixracında top-10 ixracatçının payı,%,2021–2030,2026–2030,False,10,ACTUAL;Baseline,forecast_long.csv,makro OxLon §15.5.1
mx:nonoil_export_top15country_share,oxlon:ours,Qeyri-neft-qaz ixracında top-15 ölkənin payı,%,2021–2030,2026–2030,False,10,ACTUAL;Baseline,forecast_long.csv,makro OxLon §15.5.1
mx:nonoil_export_top20_share,oxlon:ours,Top-20 məhsulun qeyri-neft-qaz ixracında payı,%,2021–2030,2026–2030,False,10,ACTUAL;Baseline,forecast_long.csv,makro OxLon §15.5.1
mx:nonoil_export_top20exporter_share,oxlon:ours,Qeyri-neft-qaz ixracında top-20 ixracatçının payı,%,2021–2030,2026–2030,False,10,ACTUAL;Baseline,forecast_long.csv,makro OxLon §15.5.1
mx:nonoil_export_top2country_share,oxlon:ours,Qeyri-neft-qaz ixracında top-2 ölkənin payı,%,2021–2030,2026–2030,False,10,ACTUAL;Baseline,forecast_long.csv,makro OxLon §15.5.1
mx:nonoil_export_top30_share,oxlon:ours,Top-30 məhsulun qeyri-neft-qaz ixracında payı,%,2021–2030,2026–2030,False,10,ACTUAL;Baseline,forecast_long.csv,makro OxLon §15.5.1
mx:nonoil_export_top30exporter_share,oxlon:ours,Qeyri-neft-qaz ixracında top-30 ixracatçının payı,%,2021–2030,2026–2030,False,10,ACTUAL;Baseline,forecast_long.csv,makro OxLon §15.5.1
mx:nonoil_export_top5country_share,oxlon:ours,Qeyri-neft-qaz ixracında top-5 ölkənin payı,%,2021–2030,2026–2030,False,10,ACTUAL;Baseline,forecast_long.csv,makro OxLon §15.5.1
mx:nonoil_nom,oxlon:ours,Qeyri neft-qaz sektoru ÜDM-i,mln AZN,2016–2030,2026–2030,True,15,ACTUAL;Baseline,forecast_long.csv,makro OxLon §15.5.1
mx:nonoil_realg,oxlon:ours,Qeyri neft-qaz sektorunun real artım tempi,%,2013–2030,2026–2030,True,18,ACTUAL;Baseline,forecast_long.csv,makro OxLon §15.5.1
mx:nonoil_share,oxlon:ours,Qeyri neft-qaz sektorunun ÜDM-də payı,%,2016–2030,2026–2030,False,15,ACTUAL;Baseline,forecast_long.csv,makro OxLon §15.5.1
mx:nonoil_trade_balance,oxlon:ours,Qeyri-neft ticarət balansı,mln USD,2010–2030,2026–2030,True,21,ACTUAL;Baseline,forecast_long.csv,makro OxLon §15.5.1
mx:oil_bonus,oxlon:ours,Neft bonusu,mln USD,2010–2030,2026–2030,False,21,ACTUAL;Baseline,forecast_long.csv,makro OxLon §15.5.1
mx:oil_defl,oxlon:ours,Neft-qaz sektorunun deflyatoru,%,2013–2030,2026–2030,True,18,ACTUAL;Baseline,forecast_long.csv,makro OxLon §15.5.1
mx:oil_export_price_fr7,oxlon:ours,Neftin ixrac qiyməti — FR7 tənliyinin proqnozu,USD/barel,1997–2030,2026–2030,False,34,ACTUAL;Baseline,forecast_long.csv,makro OxLon §15.5.1
mx:oil_nom,oxlon:ours,Neft-qaz sektoru ÜDM-i,mln AZN,2016–2030,2026–2030,False,15,ACTUAL;Baseline,forecast_long.csv,makro OxLon §15.5.1
mx:oil_realg,oxlon:ours,Neft-qaz sektorunun real artım tempi,%,2013–2030,2026–2030,True,18,ACTUAL;Baseline,forecast_long.csv,makro OxLon §15.5.1
mx:oil_share,oxlon:ours,Neft-qaz sektorunun ÜDM-də payı,%,2016–2030,2026–2030,False,15,ACTUAL;Baseline,forecast_long.csv,makro OxLon §15.5.1
mx:oil_trade_balance,oxlon:ours,Neft-qaz ticarət balansı,mln USD,2010–2030,2026–2030,True,21,ACTUAL;Baseline,forecast_long.csv,makro OxLon §15.5.1
mx:oilgas_go_nom,oxlon:ours,Neft-qaz hasilatı üzrə buraxılış (qurulmuş),mln AZN,1997–2030,2026–2030,False,34,ACTUAL;Baseline,forecast_long.csv,makro OxLon §15.5.1
mx:oilgas_p_gas_exp,oxlon:ours,Qazın ixrac qiyməti,USD/min m³,2006–2030,2026–2030,False,25,ACTUAL;Baseline,forecast_long.csv,makro OxLon §15.5.1
mx:oilgas_p_oil_exp,oxlon:ours,Neftin ixrac qiyməti,USD/barel,1997–2030,2026–2030,False,34,ACTUAL;Baseline,forecast_long.csv,makro OxLon §15.5.1
mx:oilgas_pw_g,oxlon:ours,Çəkilənmiş neft-qaz ixrac qiyməti indeksinin artımı,%,1998–2030,2026–2030,False,33,ACTUAL;Baseline,forecast_long.csv,makro OxLon §15.5.1
mx:oilgas_q_gas_dom,oxlon:ours,Qazın daxili bazara verilməsi,mlrd m³,2006–2030,2026–2030,False,25,ACTUAL;Baseline,forecast_long.csv,makro OxLon §15.5.1
mx:oilgas_q_gas_exp,oxlon:ours,Qaz ixracı — həcm,mlrd m³,2006–2030,2026–2030,False,25,ACTUAL;Baseline,forecast_long.csv,makro OxLon §15.5.1
mx:oilgas_q_gas_mkt,oxlon:ours,Əmtəəlik qaz hasilatı,mlrd m³,2006–2030,2026–2030,False,25,ACTUAL;Baseline,forecast_long.csv,makro OxLon §15.5.1
mx:oilgas_q_oil_dom,oxlon:ours,Neftin daxili bazara verilməsi,mln ton,2006–2030,2026–2030,False,25,ACTUAL;Baseline,forecast_long.csv,makro OxLon §15.5.1
mx:oilgas_q_oil_exp,oxlon:ours,Neft ixracı — həcm,mln ton,1997–2030,2026–2030,False,34,ACTUAL;Baseline,forecast_long.csv,makro OxLon §15.5.1
mx:oilgas_q_oil_mkt,oxlon:ours,Əmtəəlik neft hasilatı,mln ton,2006–2030,2026–2030,False,25,ACTUAL;Baseline,forecast_long.csv,makro OxLon §15.5.1
mx:oilgas_realg,oxlon:ours,Neft-qaz sektorunun real artımı — neft-qaz blokundan,%,2007–2030,2026–2030,True,24,ACTUAL;Baseline,forecast_long.csv,makro OxLon §15.5.1
mx:oilgas_va_nom,oxlon:ours,Neft-qaz hasilatı üzrə əlavə dəyər (qurulmuş),mln AZN,1997–2030,2026–2030,False,34,ACTUAL;Baseline,forecast_long.csv,makro OxLon §15.5.1
mx:oilgas_volg,oxlon:ours,Neft-qaz əmtəəlik həcm indeksinin artımı,%,2007–2030,2026–2030,False,24,ACTUAL;Baseline,forecast_long.csv,makro OxLon §15.5.1
mx:oilgas_volg_hi5,oxlon:ours,Həcm indeksinin artımı — plan həcmləri 5 % yuxarı (həssaslıq),%,2026–2030,2026–2030,False,5,Baseline,forecast_long.csv,makro OxLon §15.5.1
mx:oilgas_volg_lo5,oxlon:ours,Həcm indeksinin artımı — plan həcmləri 5 % aşağı (həssaslıq),%,2026–2030,2026–2030,False,5,Baseline,forecast_long.csv,makro OxLon §15.5.1
mx:oilgas_w_gas_exp,oxlon:ours,Qazın neft-qaz ixrac dəyərindəki payı,%,1997–2030,2026–2030,False,34,ACTUAL;Baseline,forecast_long.csv,makro OxLon §15.5.1
mx:other_inv_net,oxlon:ours,"Digər investisiyalar, xalis",mln USD,2010–2030,2026–2030,False,21,ACTUAL;Baseline,forecast_long.csv,makro OxLon §15.5.1
mx:paid_services,oxlon:ours,Əhaliyə göstərilən ödənişli xidmətlər,mln AZN,1990–2030,2026–2030,False,41,ACTUAL;Baseline,forecast_long.csv,makro OxLon §15.5.1
mx:paid_services_g,oxlon:ours,Ödənişli xidmətlərin real artım tempi,%,1990–2030,2026–2030,True,41,ACTUAL;Baseline,forecast_long.csv,makro OxLon §15.5.1
mx:pi_brut_ferq,oxlon:ours,Brüt yığım ilə nəşr olunan xalis ilkin gəlir arasındakı fərq,mln USD,2010–2030,2026–2030,False,21,ACTUAL;Baseline,forecast_long.csv,makro OxLon §15.5.1
mx:pi_credit,oxlon:ours,İlkin gəlirlər — daxilolmalar (brüt),mln USD,2010–2030,2026–2030,False,21,ACTUAL;Baseline,forecast_long.csv,makro OxLon §15.5.1
mx:pi_credit_nonoil,oxlon:ours,İlkin gəlir daxilolmaları — qeyri neft-qaz,mln USD,2010–2030,2026–2030,True,21,ACTUAL;Baseline,forecast_long.csv,makro OxLon §15.5.1
mx:pi_credit_nonoil_di,oxlon:ours,"İlkin gəlir daxilolmaları — qeyri neft-qaz, birbaşa investisiya",mln USD,2010–2030,2026–2030,False,21,ACTUAL;Baseline,forecast_long.csv,makro OxLon §15.5.1
mx:pi_credit_nonoil_oth,oxlon:ours,"İlkin gəlir daxilolmaları — qeyri neft-qaz, digər",mln USD,2010–2030,2026–2030,False,21,ACTUAL;Baseline,forecast_long.csv,makro OxLon §15.5.1
mx:pi_credit_nonoil_pf,oxlon:ours,"İlkin gəlir daxilolmaları — qeyri neft-qaz, portfel",mln USD,2010–2030,2026–2030,False,21,ACTUAL;Baseline,forecast_long.csv,makro OxLon §15.5.1
mx:pi_credit_oil,oxlon:ours,İlkin gəlir daxilolmaları — neft-qaz,mln USD,2010–2030,2026–2030,True,21,ACTUAL;Baseline,forecast_long.csv,makro OxLon §15.5.1
mx:pi_credit_oil_di,oxlon:ours,"İlkin gəlir daxilolmaları — neft-qaz, birbaşa investisiya",mln USD,2010–2030,2026–2030,False,21,ACTUAL;Baseline,forecast_long.csv,makro OxLon §15.5.1
mx:pi_credit_oil_oth,oxlon:ours,"İlkin gəlir daxilolmaları — neft-qaz, digər",mln USD,2010–2030,2026–2030,False,21,ACTUAL;Baseline,forecast_long.csv,makro OxLon §15.5.1
mx:pi_credit_oil_pf,oxlon:ours,"İlkin gəlir daxilolmaları — neft-qaz, portfel",mln USD,2010–2030,2026–2030,False,21,ACTUAL;Baseline,forecast_long.csv,makro OxLon §15.5.1
mx:pi_debit,oxlon:ours,İlkin gəlirlər — ödənişlər (brüt),mln USD,2010–2030,2026–2030,False,21,ACTUAL;Baseline,forecast_long.csv,makro OxLon §15.5.1
mx:pi_debit_nonoil,oxlon:ours,İlkin gəlir ödənişləri — qeyri neft-qaz,mln USD,2010–2030,2026–2030,True,21,ACTUAL;Baseline,forecast_long.csv,makro OxLon §15.5.1
mx:pi_debit_nonoil_di,oxlon:ours,"İlkin gəlir ödənişləri — qeyri neft-qaz, birbaşa investisiya",mln USD,2010–2030,2026–2030,False,21,ACTUAL;Baseline,forecast_long.csv,makro OxLon §15.5.1
mx:pi_debit_nonoil_oth,oxlon:ours,"İlkin gəlir ödənişləri — qeyri neft-qaz, digər",mln USD,2010–2030,2026–2030,False,21,ACTUAL;Baseline,forecast_long.csv,makro OxLon §15.5.1
mx:pi_debit_nonoil_pf,oxlon:ours,"İlkin gəlir ödənişləri — qeyri neft-qaz, portfel",mln USD,2010–2030,2026–2030,False,21,ACTUAL;Baseline,forecast_long.csv,makro OxLon §15.5.1
mx:pi_debit_oil,oxlon:ours,İlkin gəlir ödənişləri — neft-qaz,mln USD,2010–2030,2026–2030,True,21,ACTUAL;Baseline,forecast_long.csv,makro OxLon §15.5.1
mx:pi_debit_oil_di,oxlon:ours,"İlkin gəlir ödənişləri — neft-qaz, birbaşa investisiya gəlirləri",mln USD,2010–2030,2026–2030,True,21,ACTUAL;Baseline,forecast_long.csv,makro OxLon §15.5.1
mx:pi_debit_oil_oth,oxlon:ours,"İlkin gəlir ödənişləri — neft-qaz, digər",mln USD,2010–2030,2026–2030,False,21,ACTUAL;Baseline,forecast_long.csv,makro OxLon §15.5.1
mx:pi_debit_oil_pf,oxlon:ours,"İlkin gəlir ödənişləri — neft-qaz, portfel",mln USD,2010–2030,2026–2030,False,21,ACTUAL;Baseline,forecast_long.csv,makro OxLon §15.5.1
mx:pop_avg,oxlon:ours,Əhalinin orta illik sayı,min nəfər,1991–2030,2026–2030,False,40,ACTUAL;Baseline,forecast_long.csv,makro OxLon §15.5.1
mx:portfolio_net,oxlon:ours,"Portfel investisiyaları, xalis",mln USD,2010–2030,2026–2030,False,21,ACTUAL;Baseline,forecast_long.csv,makro OxLon §15.5.1
mx:primary_income,oxlon:ours,"İlkin gəlirlər, xalis",mln USD,2010–2030,2026–2030,True,21,ACTUAL;Baseline,forecast_long.csv,makro OxLon §15.5.1
mx:primary_income_nonoil,oxlon:ours,"İlkin gəlirlər, xalis — qeyri neft-qaz",mln USD,2010–2030,2026–2030,False,21,ACTUAL;Baseline,forecast_long.csv,makro OxLon §15.5.1
mx:primary_income_oil,oxlon:ours,"İlkin gəlirlər, xalis — neft-qaz",mln USD,2010–2030,2026–2030,False,21,ACTUAL;Baseline,forecast_long.csv,makro OxLon §15.5.1
mx:private_gdp_nom,oxlon:ours,Özəl sektorun ÜDM-i,mln AZN,2013–2030,2026–2030,False,18,ACTUAL;Baseline,forecast_long.csv,makro OxLon §15.5.1
mx:private_share_gdp,oxlon:ours,Özəl sektorun ÜDM-də payı,%,1995–2030,2026–2030,False,36,ACTUAL;Baseline,forecast_long.csv,makro OxLon §15.5.1
mx:remit_credit,oxlon:ours,Fiziki şəxslərin pul baratları — daxilolmalar,mln USD,1996–2030,2026–2030,False,35,ACTUAL;Baseline,forecast_long.csv,makro OxLon §15.5.1
mx:remit_debit,oxlon:ours,Fərdlərin pul köçürmələri — ödənişlər,mln USD,1996–2030,2026–2030,False,35,ACTUAL;Baseline,forecast_long.csv,makro OxLon §15.5.1
mx:repatriasiya_namizedi,oxlon:ours,"Repatriasiya — MÜVƏQQƏTİ oxunuş: xarici investorların neft-qaz sektoru üzrə birbaşa investisiya gəlirləri (ilkin gəlir ödənişləri, sətir 70); tərif təsdiqi gözlənilir",mln USD,2010–2030,2026–2030,True,21,ACTUAL;Baseline,forecast_long.csv,makro OxLon §15.5.1
mx:reserve_assets,oxlon:ours,Ehtiyat aktivləri (BPM6 bağlanışından törədilib; mənfi = ehtiyatların artması),mln USD,2010–2030,2026–2030,True,21,ACTUAL;Baseline,forecast_long.csv,makro OxLon §15.5.1
mx:reserve_assets_moe,oxlon:ours,"Ehtiyat aktivləri — Nazirliyin öz iş kitabı (MOE BOP `BOP` r57, çarpaz yoxlama, ≤2024)",mln USD,2010–2024,,False,15,ACTUAL,forecast_long.csv,makro OxLon §15.5.1
mx:secondary_income,oxlon:ours,"Təkrar gəlirlər, xalis",mln USD,2010–2030,2026–2030,True,21,ACTUAL;Baseline,forecast_long.csv,makro OxLon §15.5.1
mx:services_balance,oxlon:ours,Xidmətlər balansı,mln USD,2010–2030,2026–2030,True,21,ACTUAL;Baseline,forecast_long.csv,makro OxLon §15.5.1
mx:si_brut_ferq,oxlon:ours,Brüt yığım ilə nəşr olunan xalis təkrar gəlir arasındakı fərq,mln USD,2010–2030,2026–2030,False,21,ACTUAL;Baseline,forecast_long.csv,makro OxLon §15.5.1
mx:si_credit,oxlon:ours,Təkrar gəlirlər — daxilolmalar (brüt),mln USD,2010–2030,2026–2030,True,21,ACTUAL;Baseline,forecast_long.csv,makro OxLon §15.5.1
mx:si_debit,oxlon:ours,Təkrar gəlirlər — ödənişlər (brüt),mln USD,2010–2030,2026–2030,True,21,ACTUAL;Baseline,forecast_long.csv,makro OxLon §15.5.1
mx:state_capex,oxlon:ours,Dövlət büdcəsinin əsaslı vəsait qoyuluşu (DƏVQ),mln AZN,2010–2030,2026–2030,False,21,ACTUAL;Baseline,forecast_long.csv,makro OxLon §15.5.1
mx:state_gdp_nom,oxlon:ours,Dövlət sektorunun ÜDM-i,mln AZN,2013–2030,2026–2030,False,18,ACTUAL;Baseline,forecast_long.csv,makro OxLon §15.5.1
mx:tmpl:brent_usd,oxlon:template_sample,Neftin dünya bazarında qiyməti (Brent),USD/barel,2026–2030,2026–2030,False,5,Baseline,forecast_long.csv,makro OxLon §15.5.1
mx:tmpl:cpi_infl,oxlon:template_sample,"İnflyasiya (İQİ, orta illik)",%,2026–2030,2026–2030,False,5,Baseline,forecast_long.csv,makro OxLon §15.5.1
mx:tmpl:current_account,oxlon:template_sample,Cari əməliyyatlar hesabı,mln USD,2026–2030,2026–2030,False,5,Baseline,forecast_long.csv,makro OxLon §15.5.1
mx:tmpl:employment,oxlon:template_sample,Ümumi məşğulluq,min nəfər,2026–2030,2026–2030,False,5,Baseline,forecast_long.csv,makro OxLon §15.5.1
mx:tmpl:employment_g,oxlon:template_sample,Məşğulluğun artım tempi,%,2026–2030,2026–2030,False,5,Baseline,forecast_long.csv,makro OxLon §15.5.1
mx:tmpl:exp_goods,oxlon:template_sample,Malların ixracı (FOB),mln USD,2026–2030,2026–2030,False,5,Baseline,forecast_long.csv,makro OxLon §15.5.1
mx:tmpl:exp_goods_nonoil,oxlon:template_sample,Malların ixracı — qeyri neft-qaz sektoru,mln USD,2026–2030,2026–2030,False,5,Baseline,forecast_long.csv,makro OxLon §15.5.1
mx:tmpl:exp_goods_oil,oxlon:template_sample,Malların ixracı — neft-qaz sektoru,mln USD,2026–2030,2026–2030,False,5,Baseline,forecast_long.csv,makro OxLon §15.5.1
mx:tmpl:exp_services,oxlon:template_sample,Xidmətlərin ixracı,mln USD,2026–2030,2026–2030,False,5,Baseline,forecast_long.csv,makro OxLon §15.5.1
mx:tmpl:expend_nom,oxlon:template_sample,Əhalinin xərcləri,mln AZN,2026–2030,2026–2030,False,5,Baseline,forecast_long.csv,makro OxLon §15.5.1
mx:tmpl:expend_realg,oxlon:template_sample,Əhalinin xərclərinin real artım tempi,%,2026–2030,2026–2030,False,5,Baseline,forecast_long.csv,makro OxLon §15.5.1
mx:tmpl:g_agri,oxlon:template_sample,"Kənd, meşə və balıqçılıq təsərrüfatı — əlavə dəyərin real artım tempi",%,2026–2030,2026–2030,False,5,Baseline,forecast_long.csv,makro OxLon §15.5.1
mx:tmpl:g_constr,oxlon:template_sample,Tikinti — əlavə dəyərin real artım tempi,%,2026–2030,2026–2030,False,5,Baseline,forecast_long.csv,makro OxLon §15.5.1
mx:tmpl:g_ict,oxlon:template_sample,İnformasiya və rabitə — əlavə dəyərin real artım tempi,%,2026–2030,2026–2030,False,5,Baseline,forecast_long.csv,makro OxLon §15.5.1
mx:tmpl:g_manuf,oxlon:template_sample,Emal sənayesi — əlavə dəyərin real artım tempi,%,2026–2030,2026–2030,False,5,Baseline,forecast_long.csv,makro OxLon §15.5.1
mx:tmpl:g_mining,oxlon:template_sample,Mədənçıxarma sənayesi — əlavə dəyərin real artım tempi,%,2026–2030,2026–2030,False,5,Baseline,forecast_long.csv,makro OxLon §15.5.1
mx:tmpl:g_power,oxlon:template_sample,"Elektrik enerjisi, qaz və buxar istehsalı və təchizatı — əlavə dəyərin real artım tempi",%,2026–2030,2026–2030,False,5,Baseline,forecast_long.csv,makro OxLon §15.5.1
mx:tmpl:g_social,oxlon:template_sample,Sosial və digər sahələrdə yaradılmış əlavə dəyər — əlavə dəyərin real artım tempi,%,2026–2030,2026–2030,False,5,Baseline,forecast_long.csv,makro OxLon §15.5.1
mx:tmpl:g_tourism,oxlon:template_sample,Turistlərin yerləşdirilməsi və ictimai iaşə — əlavə dəyərin real artım tempi,%,2026–2030,2026–2030,False,5,Baseline,forecast_long.csv,makro OxLon §15.5.1
mx:tmpl:g_trade,oxlon:template_sample,"Ticarət, nəqliyyat vasitələrinin təmiri — əlavə dəyərin real artım tempi",%,2026–2030,2026–2030,False,5,Baseline,forecast_long.csv,makro OxLon §15.5.1
mx:tmpl:g_transport,oxlon:template_sample,Nəqliyyat və anbar təsərrüfatı — əlavə dəyərin real artım tempi,%,2026–2030,2026–2030,False,5,Baseline,forecast_long.csv,makro OxLon §15.5.1
mx:tmpl:g_water,oxlon:template_sample,"Su təchizatı, tullantıların təmizlənməsi və emalı — əlavə dəyərin real artım tempi",%,2026–2030,2026–2030,False,5,Baseline,forecast_long.csv,makro OxLon §15.5.1
mx:tmpl:gdp_defl,oxlon:template_sample,ÜDM deflyatoru,%,2026–2030,2026–2030,False,5,Baseline,forecast_long.csv,makro OxLon §15.5.1
mx:tmpl:gdp_nom,oxlon:template_sample,ÜDM bazar qiymətləri ilə,mln AZN,2026–2030,2026–2030,False,5,Baseline,forecast_long.csv,makro OxLon §15.5.1
mx:tmpl:gdp_pc_azn,oxlon:template_sample,Adambaşına düşən ÜDM (manatla),AZN,2026–2030,2026–2030,False,5,Baseline,forecast_long.csv,makro OxLon §15.5.1
mx:tmpl:gdp_pc_realg,oxlon:template_sample,Adambaşına düşən ÜDM-in real artım tempi,%,2026–2030,2026–2030,False,5,Baseline,forecast_long.csv,makro OxLon §15.5.1
mx:tmpl:gdp_realg,oxlon:template_sample,ÜDM real artım tempi,%,2026–2030,2026–2030,False,5,Baseline,forecast_long.csv,makro OxLon §15.5.1
mx:tmpl:go_agri,oxlon:template_sample,"Kənd, meşə və balıqçılıq təsərrüfatı — ümumi buraxılış",mln AZN,2026–2030,2026–2030,False,5,Baseline,forecast_long.csv,makro OxLon §15.5.1
mx:tmpl:go_constr,oxlon:template_sample,Tikinti — ümumi buraxılış,mln AZN,2026–2030,2026–2030,False,5,Baseline,forecast_long.csv,makro OxLon §15.5.1
mx:tmpl:go_ict,oxlon:template_sample,İnformasiya və rabitə — ümumi buraxılış,mln AZN,2026–2030,2026–2030,False,5,Baseline,forecast_long.csv,makro OxLon §15.5.1
mx:tmpl:go_manuf,oxlon:template_sample,Emal sənayesi — ümumi buraxılış,mln AZN,2026–2030,2026–2030,False,5,Baseline,forecast_long.csv,makro OxLon §15.5.1
mx:tmpl:go_mining,oxlon:template_sample,Mədənçıxarma sənayesi — ümumi buraxılış,mln AZN,2026–2030,2026–2030,False,5,Baseline,forecast_long.csv,makro OxLon §15.5.1
mx:tmpl:go_power,oxlon:template_sample,"Elektrik enerjisi, qaz və buxar istehsalı və təchizatı — ümumi buraxılış",mln AZN,2026–2030,2026–2030,False,5,Baseline,forecast_long.csv,makro OxLon §15.5.1
mx:tmpl:go_social,oxlon:template_sample,Sosial və digər sahələrdə yaradılmış əlavə dəyər — ümumi buraxılış,mln AZN,2026–2030,2026–2030,False,5,Baseline,forecast_long.csv,makro OxLon §15.5.1
mx:tmpl:go_tourism,oxlon:template_sample,Turistlərin yerləşdirilməsi və ictimai iaşə — ümumi buraxılış,mln AZN,2026–2030,2026–2030,False,5,Baseline,forecast_long.csv,makro OxLon §15.5.1
mx:tmpl:go_trade,oxlon:template_sample,"Ticarət, nəqliyyat vasitələrinin təmiri — ümumi buraxılış",mln AZN,2026–2030,2026–2030,False,5,Baseline,forecast_long.csv,makro OxLon §15.5.1
mx:tmpl:go_transport,oxlon:template_sample,Nəqliyyat və anbar təsərrüfatı — ümumi buraxılış,mln AZN,2026–2030,2026–2030,False,5,Baseline,forecast_long.csv,makro OxLon §15.5.1
mx:tmpl:go_water,oxlon:template_sample,"Su təchizatı, tullantıların təmizlənməsi və emalı — ümumi buraxılış",mln AZN,2026–2030,2026–2030,False,5,Baseline,forecast_long.csv,makro OxLon §15.5.1
mx:tmpl:ic_agri,oxlon:template_sample,"Kənd, meşə və balıqçılıq təsərrüfatı — aralıq istehlak",mln AZN,2026–2030,2026–2030,False,5,Baseline,forecast_long.csv,makro OxLon §15.5.1
mx:tmpl:ic_constr,oxlon:template_sample,Tikinti — aralıq istehlak,mln AZN,2026–2030,2026–2030,False,5,Baseline,forecast_long.csv,makro OxLon §15.5.1
mx:tmpl:ic_ict,oxlon:template_sample,İnformasiya və rabitə — aralıq istehlak,mln AZN,2026–2030,2026–2030,False,5,Baseline,forecast_long.csv,makro OxLon §15.5.1
mx:tmpl:ic_manuf,oxlon:template_sample,Emal sənayesi — aralıq istehlak,mln AZN,2026–2030,2026–2030,False,5,Baseline,forecast_long.csv,makro OxLon §15.5.1
mx:tmpl:ic_mining,oxlon:template_sample,Mədənçıxarma sənayesi — aralıq istehlak,mln AZN,2026–2030,2026–2030,False,5,Baseline,forecast_long.csv,makro OxLon §15.5.1
mx:tmpl:ic_power,oxlon:template_sample,"Elektrik enerjisi, qaz və buxar istehsalı və təchizatı — aralıq istehlak",mln AZN,2026–2030,2026–2030,False,5,Baseline,forecast_long.csv,makro OxLon §15.5.1
mx:tmpl:ic_social,oxlon:template_sample,Sosial və digər sahələrdə yaradılmış əlavə dəyər — aralıq istehlak,mln AZN,2026–2030,2026–2030,False,5,Baseline,forecast_long.csv,makro OxLon §15.5.1
mx:tmpl:ic_tourism,oxlon:template_sample,Turistlərin yerləşdirilməsi və ictimai iaşə — aralıq istehlak,mln AZN,2026–2030,2026–2030,False,5,Baseline,forecast_long.csv,makro OxLon §15.5.1
mx:tmpl:ic_trade,oxlon:template_sample,"Ticarət, nəqliyyat vasitələrinin təmiri — aralıq istehlak",mln AZN,2026–2030,2026–2030,False,5,Baseline,forecast_long.csv,makro OxLon §15.5.1
mx:tmpl:ic_transport,oxlon:template_sample,Nəqliyyat və anbar təsərrüfatı — aralıq istehlak,mln AZN,2026–2030,2026–2030,False,5,Baseline,forecast_long.csv,makro OxLon §15.5.1
mx:tmpl:ic_water,oxlon:template_sample,"Su təchizatı, tullantıların təmizlənməsi və emalı — aralıq istehlak",mln AZN,2026–2030,2026–2030,False,5,Baseline,forecast_long.csv,makro OxLon §15.5.1
mx:tmpl:imp_goods,oxlon:template_sample,Malların idxalı (FOB),mln USD,2026–2030,2026–2030,False,5,Baseline,forecast_long.csv,makro OxLon §15.5.1
mx:tmpl:imp_goods_nonoil,oxlon:template_sample,Malların idxalı — qeyri neft-qaz sektoru,mln USD,2026–2030,2026–2030,False,5,Baseline,forecast_long.csv,makro OxLon §15.5.1
mx:tmpl:imp_goods_oil,oxlon:template_sample,Malların idxalı — neft-qaz sektoru,mln USD,2026–2030,2026–2030,False,5,Baseline,forecast_long.csv,makro OxLon §15.5.1
mx:tmpl:imp_services,oxlon:template_sample,Xidmətlərin idxalı,mln USD,2026–2030,2026–2030,False,5,Baseline,forecast_long.csv,makro OxLon §15.5.1
mx:tmpl:income_nom,oxlon:template_sample,Əhalinin pul gəlirləri,mln AZN,2026–2030,2026–2030,False,5,Baseline,forecast_long.csv,makro OxLon §15.5.1
mx:tmpl:income_realg,oxlon:template_sample,Əhalinin gəlirlərinin real artım tempi,%,2026–2030,2026–2030,False,5,Baseline,forecast_long.csv,makro OxLon §15.5.1
mx:tmpl:inv_domestic_nom,oxlon:template_sample,Daxili investisiya (cari qiymətlərlə),mln AZN,2026–2030,2026–2030,False,5,Baseline,forecast_long.csv,makro OxLon §15.5.1
mx:tmpl:inv_foreign_g,oxlon:template_sample,Xarici investisiyanın real artım tempi,%,2026–2030,2026–2030,False,5,Baseline,forecast_long.csv,makro OxLon §15.5.1
mx:tmpl:inv_foreign_nom,oxlon:template_sample,Xarici investisiya (cari qiymətlərlə),mln AZN,2026–2030,2026–2030,False,5,Baseline,forecast_long.csv,makro OxLon §15.5.1
mx:tmpl:inv_nonstate_nom,oxlon:template_sample,Qeyri-dövlət investisiyaları (cari qiymətlərlə),mln AZN,2026–2026,2026–2026,False,1,Baseline,forecast_long.csv,makro OxLon §15.5.1
mx:tmpl:inv_state_nom,oxlon:template_sample,Dövlət investisiyaları (cari qiymətlərlə),mln AZN,2026–2026,2026–2026,False,1,Baseline,forecast_long.csv,makro OxLon §15.5.1
mx:tmpl:inv_total_g,oxlon:template_sample,Əsas kapitala investisiyaların real artım tempi,%,2026–2030,2026–2030,False,5,Baseline,forecast_long.csv,makro OxLon §15.5.1
mx:tmpl:inv_total_nom,oxlon:template_sample,Əsas kapitala cəmi investisiya (cari qiymətlərlə),mln AZN,2026–2030,2026–2030,False,5,Baseline,forecast_long.csv,makro OxLon §15.5.1
mx:tmpl:net_taxes,oxlon:template_sample,Məhsula və idxala xalis vergilər,mln AZN,2026–2030,2026–2030,False,5,Baseline,forecast_long.csv,makro OxLon §15.5.1
mx:tmpl:net_taxes_g,oxlon:template_sample,Xalis vergilərin real artım tempi,%,2026–2030,2026–2030,False,5,Baseline,forecast_long.csv,makro OxLon §15.5.1
mx:tmpl:nonoil_coverage_ratio,oxlon:template_sample,Qeyri-neft örtmə əmsalı (ixrac/idxal),%,2026–2030,2026–2030,False,5,Baseline,forecast_long.csv,makro OxLon §15.5.1
mx:tmpl:nonoil_defl,oxlon:template_sample,Qeyri neft-qaz sektorunun deflyatoru,%,2026–2030,2026–2030,False,5,Baseline,forecast_long.csv,makro OxLon §15.5.1
mx:tmpl:nonoil_nom,oxlon:template_sample,Qeyri neft-qaz sektoru ÜDM-i,mln AZN,2026–2030,2026–2030,False,5,Baseline,forecast_long.csv,makro OxLon §15.5.1
mx:tmpl:nonoil_realg,oxlon:template_sample,Qeyri neft-qaz sektorunun real artım tempi,%,2026–2030,2026–2030,False,5,Baseline,forecast_long.csv,makro OxLon §15.5.1
mx:tmpl:nonoil_share,oxlon:template_sample,Qeyri neft-qaz sektorunun ÜDM-də payı,%,2026–2030,2026–2030,False,5,Baseline,forecast_long.csv,makro OxLon §15.5.1
mx:tmpl:nonoil_trade_balance,oxlon:template_sample,Qeyri-neft ticarət balansı,mln USD,2026–2030,2026–2030,False,5,Baseline,forecast_long.csv,makro OxLon §15.5.1
mx:tmpl:oil_defl,oxlon:template_sample,Neft-qaz sektorunun deflyatoru,%,2026–2030,2026–2030,False,5,Baseline,forecast_long.csv,makro OxLon §15.5.1
mx:tmpl:oil_nom,oxlon:template_sample,Neft-qaz sektoru ÜDM-i,mln AZN,2026–2030,2026–2030,False,5,Baseline,forecast_long.csv,makro OxLon §15.5.1
mx:tmpl:oil_realg,oxlon:template_sample,Neft-qaz sektorunun real artım tempi,%,2026–2030,2026–2030,False,5,Baseline,forecast_long.csv,makro OxLon §15.5.1
mx:tmpl:oil_share,oxlon:template_sample,Neft-qaz sektorunun ÜDM-də payı,%,2026–2030,2026–2030,False,5,Baseline,forecast_long.csv,makro OxLon §15.5.1
mx:tmpl:oil_trade_balance,oxlon:template_sample,Neft-qaz ticarət balansı,mln USD,2026–2030,2026–2030,False,5,Baseline,forecast_long.csv,makro OxLon §15.5.1
mx:tmpl:oilgas_realg,oxlon:template_sample,Neft-qaz sektorunun real artımı — neft-qaz blokundan,%,2026–2030,2026–2030,False,5,Baseline,forecast_long.csv,makro OxLon §15.5.1
mx:tmpl:paid_services,oxlon:template_sample,Əhaliyə göstərilən ödənişli xidmətlər,mln AZN,2026–2030,2026–2030,False,5,Baseline,forecast_long.csv,makro OxLon §15.5.1
mx:tmpl:paid_services_g,oxlon:template_sample,Ödənişli xidmətlərin real artım tempi,%,2026–2030,2026–2030,False,5,Baseline,forecast_long.csv,makro OxLon §15.5.1
mx:tmpl:pop_avg,oxlon:template_sample,Əhalinin orta illik sayı,min nəfər,2026–2030,2026–2030,False,5,Baseline,forecast_long.csv,makro OxLon §15.5.1
mx:tmpl:primary_income,oxlon:template_sample,"İlkin gəlirlər, xalis",mln USD,2026–2030,2026–2030,False,5,Baseline,forecast_long.csv,makro OxLon §15.5.1
mx:tmpl:secondary_income,oxlon:template_sample,"Təkrar gəlirlər, xalis",mln USD,2026–2030,2026–2030,False,5,Baseline,forecast_long.csv,makro OxLon §15.5.1
mx:tmpl:services_balance,oxlon:template_sample,Xidmətlər balansı,mln USD,2026–2030,2026–2030,False,5,Baseline,forecast_long.csv,makro OxLon §15.5.1
mx:tmpl:trade_balance,oxlon:template_sample,Xarici ticarət balansı,mln USD,2026–2030,2026–2030,False,5,Baseline,forecast_long.csv,makro OxLon §15.5.1
mx:tmpl:v4_r006_minton,oxlon:template_sample,Dənli və dənli paxlalılar,min ton,2026–2030,2026–2030,False,5,Baseline,forecast_long.csv,makro OxLon §15.5.1
mx:tmpl:v4_r007_minton,oxlon:template_sample,"o cümlədən, buğda",min ton,2026–2030,2026–2030,False,5,Baseline,forecast_long.csv,makro OxLon §15.5.1
mx:tmpl:v4_r008_minton,oxlon:template_sample,"o cümlədən, çəltik",min ton,2026–2030,2026–2030,False,5,Baseline,forecast_long.csv,makro OxLon §15.5.1
mx:tmpl:v4_r009_minton,oxlon:template_sample,Tərəvəz,min ton,2026–2030,2026–2030,False,5,Baseline,forecast_long.csv,makro OxLon §15.5.1
mx:tmpl:v4_r010_minton,oxlon:template_sample,Bostan,min ton,2026–2030,2026–2030,False,5,Baseline,forecast_long.csv,makro OxLon §15.5.1
mx:tmpl:v4_r011_minton,oxlon:template_sample,Kartof,min ton,2026–2030,2026–2030,False,5,Baseline,forecast_long.csv,makro OxLon §15.5.1
mx:tmpl:v4_r012_minton,oxlon:template_sample,Pambıq,min ton,2026–2030,2026–2030,False,5,Baseline,forecast_long.csv,makro OxLon §15.5.1
mx:tmpl:v4_r013_minton,oxlon:template_sample,Tütün,min ton,2026–2030,2026–2030,False,5,Baseline,forecast_long.csv,makro OxLon §15.5.1
mx:tmpl:v4_r014_minton,oxlon:template_sample,Şəkər çuğunduru,min ton,2026–2030,2026–2030,False,5,Baseline,forecast_long.csv,makro OxLon §15.5.1
mx:tmpl:v4_r015_minton,oxlon:template_sample,Dən üçün günəbaxan,min ton,2026–2030,2026–2030,False,5,Baseline,forecast_long.csv,makro OxLon §15.5.1
mx:tmpl:v4_r016_minton,oxlon:template_sample,Meyvə və giləmeyvə,min ton,2026–2030,2026–2030,False,5,Baseline,forecast_long.csv,makro OxLon §15.5.1
mx:tmpl:v4_r017_minton,oxlon:template_sample,Üzüm,min ton,2026–2030,2026–2030,False,5,Baseline,forecast_long.csv,makro OxLon §15.5.1
mx:tmpl:v4_r018_minton,oxlon:template_sample,Çay yarpağı,min ton,2026–2030,2026–2030,False,5,Baseline,forecast_long.csv,makro OxLon §15.5.1
mx:tmpl:v4_r020_minton,oxlon:template_sample,Ət (diri çəkidə),min ton,2026–2030,2026–2030,False,5,Baseline,forecast_long.csv,makro OxLon §15.5.1
mx:tmpl:v4_r021_minton,oxlon:template_sample,o cümlədən mal əti,min ton,2026–2030,2026–2030,False,5,Baseline,forecast_long.csv,makro OxLon §15.5.1
mx:tmpl:v4_r022_minton,oxlon:template_sample,o cümlədən qoyun əti,min ton,2026–2030,2026–2030,False,5,Baseline,forecast_long.csv,makro OxLon §15.5.1
mx:tmpl:v4_r023_minton,oxlon:template_sample,o cümlədən quş əti,min ton,2026–2030,2026–2030,False,5,Baseline,forecast_long.csv,makro OxLon §15.5.1
mx:tmpl:v4_r024_mlneded,oxlon:template_sample,Yumurta,mln ədəd,2026–2030,2026–2030,False,5,Baseline,forecast_long.csv,makro OxLon §15.5.1
mx:tmpl:v4_r025_minton,oxlon:template_sample,Süd (fiziki çəkidə),min ton,2026–2030,2026–2030,False,5,Baseline,forecast_long.csv,makro OxLon §15.5.1
mx:tmpl:v4_r026_minton,oxlon:template_sample,Yun (fiziki çəkidə),min ton,2026–2030,2026–2030,False,5,Baseline,forecast_long.csv,makro OxLon §15.5.1
mx:tmpl:v4_r027_ton,oxlon:template_sample,Barama (yaş çəkidə),ton,2026–2030,2026–2030,False,5,Baseline,forecast_long.csv,makro OxLon §15.5.1
mx:tmpl:v4_r028_minbas,oxlon:template_sample,İri buynuzlu mal-qara,min baş,2026–2030,2026–2030,False,5,Baseline,forecast_long.csv,makro OxLon §15.5.1
mx:tmpl:v4_r029_minbas,oxlon:template_sample,İnək-camış,min baş,2026–2030,2026–2030,False,5,Baseline,forecast_long.csv,makro OxLon §15.5.1
mx:tmpl:v4_r030_minbas,oxlon:template_sample,Qoyun və keçilər,min baş,2026–2030,2026–2030,False,5,Baseline,forecast_long.csv,makro OxLon §15.5.1
mx:tmpl:v4_r031_minbas,oxlon:template_sample,Donuzlar,min baş,2026–2030,2026–2030,False,5,Baseline,forecast_long.csv,makro OxLon §15.5.1
mx:tmpl:v4_r032_mlnbas,oxlon:template_sample,Quş,mln baş,2026–2030,2026–2030,False,5,Baseline,forecast_long.csv,makro OxLon §15.5.1
mx:tmpl:v4_r035_minton,oxlon:template_sample,Neft hasilatı,min ton,2026–2030,2026–2030,False,5,Baseline,forecast_long.csv,makro OxLon §15.5.1
mx:tmpl:v4_r036_mlnm3,oxlon:template_sample,Qaz hasilatı,mln m3,2026–2030,2026–2030,False,5,Baseline,forecast_long.csv,makro OxLon §15.5.1
mx:tmpl:v4_r037_mlnm3,oxlon:template_sample,əmtəəlik qaz,mln m3,2026–2030,2026–2030,False,5,Baseline,forecast_long.csv,makro OxLon §15.5.1
mx:tmpl:v4_r039_kq,oxlon:template_sample,Qızıl filizləri və konsentratları,kq,2026–2030,2026–2030,False,5,Baseline,forecast_long.csv,makro OxLon §15.5.1
mx:tmpl:v4_r040_ton,oxlon:template_sample,Mis filizləri,ton,2026–2030,2026–2030,False,5,Baseline,forecast_long.csv,makro OxLon §15.5.1
mx:tmpl:v4_r042_minton,oxlon:template_sample,"Çınqıl, qırmadaş, xırda çay daşı və çaxmaq daşı",min ton,2026–2030,2026–2030,False,5,Baseline,forecast_long.csv,makro OxLon §15.5.1
mx:tmpl:v4_r043_minton,oxlon:template_sample,Bentonit,min ton,2026–2030,2026–2030,False,5,Baseline,forecast_long.csv,makro OxLon §15.5.1
mx:tmpl:v4_r044_minton,oxlon:template_sample,"İnşaat üçün əhəngdaşı, alebastr",min ton,2026–2030,2026–2030,False,5,Baseline,forecast_long.csv,makro OxLon §15.5.1
mx:tmpl:v4_r045_minton,oxlon:template_sample,Tikinti qumu,min ton,2026–2030,2026–2030,False,5,Baseline,forecast_long.csv,makro OxLon §15.5.1
mx:tmpl:v4_r060_mindkl,oxlon:template_sample,Şampan şərabı,min dkl,2026–2030,2026–2030,False,5,Baseline,forecast_long.csv,makro OxLon §15.5.1
mx:tmpl:v4_r061_mindkl,oxlon:template_sample,Tündlüyü 45.4% və daha az olan araq,min dkl,2026–2030,2026–2030,False,5,Baseline,forecast_long.csv,makro OxLon §15.5.1
mx:tmpl:v4_r062_mindkl,oxlon:template_sample,Üzüm şərabı və təzə üzümdən köpüklənən şərab,min dkl,2026–2030,2026–2030,False,5,Baseline,forecast_long.csv,makro OxLon §15.5.1
mx:tmpl:v4_r063_mindkl,oxlon:template_sample,Səməni pivəsi,min dkl,2026–2030,2026–2030,False,5,Baseline,forecast_long.csv,makro OxLon §15.5.1
mx:tmpl:v4_r064_mindkl,oxlon:template_sample,"Viski, konyak",min dkl,2026–2030,2026–2030,False,5,Baseline,forecast_long.csv,makro OxLon §15.5.1
mx:tmpl:v4_r065_mindkl,oxlon:template_sample,Alkoqolsuz içkilər,min dkl,2026–2030,2026–2030,False,5,Baseline,forecast_long.csv,makro OxLon §15.5.1
mx:tmpl:v4_r067_ton,oxlon:template_sample,"Sənayedə emal olunmuş tütün, tütün ekstraktları və essensiyaları, digər qruplara daxil edilməyən homogenləşdirilmiş və ya bərpa edilmiş tütün",ton,2026–2030,2026–2030,False,5,Baseline,forecast_long.csv,makro OxLon §15.5.1
mx:tmpl:v4_r068_mlneded,oxlon:template_sample,Tərkibində tütün və ya tütün qarışıqları və onun əvəzediciləri olan siqarlar*,mln. ədəd,2026–2030,2026–2030,False,5,Baseline,forecast_long.csv,makro OxLon §15.5.1
mx:tmpl:v4_r070_minton,oxlon:template_sample,Kardo və daraqla daranmış pambıq lifi,min ton,2026–2030,2026–2030,False,5,Baseline,forecast_long.csv,makro OxLon §15.5.1
mx:tmpl:v4_r071_ton,oxlon:template_sample,Pərakəndə satış üçün qablaşdırılmış pambıq iplik (tikiş üçün saplardan başqa),ton,2026–2030,2026–2030,False,5,Baseline,forecast_long.csv,makro OxLon §15.5.1
mx:tmpl:v4_r072_minm2,oxlon:template_sample,Düyünlərlə toxunan xalçalar,min m2,2026–2030,2026–2030,False,5,Baseline,forecast_long.csv,makro OxLon §15.5.1
mx:tmpl:v4_r074_mineded,oxlon:template_sample,Kişi və ya oğlanlar üçün trikotaj kostyum və komplektlər,min ədəd,2026–2030,2026–2030,False,5,Baseline,forecast_long.csv,makro OxLon §15.5.1
mx:tmpl:v4_r075_mineded,oxlon:template_sample,Kişi və ya oğlanlar üçün kostyumlar,min ədəd,2026–2030,2026–2030,False,5,Baseline,forecast_long.csv,makro OxLon §15.5.1
mx:tmpl:v4_r076_mineded,oxlon:template_sample,Kişi və oğlanlar üçün kalsonlar və tumanlar,min ədəd,2026–2030,2026–2030,False,5,Baseline,forecast_long.csv,makro OxLon §15.5.1
mx:tmpl:v4_r077_mineded,oxlon:template_sample,"İpəkdən və ipək tullantılarından hazırlanan şallar, şərflər, kaşnelər, mantilyalar, duvaqlar",min ədəd,2026–2030,2026–2030,False,5,Baseline,forecast_long.csv,makro OxLon §15.5.1
mx:tmpl:v4_r078_mincut,oxlon:template_sample,"Kolqotlar, reytuzlar, corablar",min cüt,2026–2030,2026–2030,False,5,Baseline,forecast_long.csv,makro OxLon §15.5.1
mx:tmpl:v4_r079_mineded,oxlon:template_sample,Kişi və ya oğlanlar üçün pambıqdan və ya kimyəvi liflərdən hazırlanan istehsalat və ya peşə komplektləri,min ədəd,2026–2030,2026–2030,False,5,Baseline,forecast_long.csv,makro OxLon §15.5.1
mx:tmpl:v4_r080_mineded,oxlon:template_sample,"Kişi və ya oğlanlar üçün paltolar, gödəkçələr, plaşlar və oxşar məmulatlar",min ədəd,2026–2030,2026–2030,False,5,Baseline,forecast_long.csv,makro OxLon §15.5.1
mx:tmpl:v4_r081_mineded,oxlon:template_sample,Qadın və ya qızlar üçün donlar,min ədəd,2026–2030,2026–2030,False,5,Baseline,forecast_long.csv,makro OxLon §15.5.1
mx:tmpl:v4_r082_mineded,oxlon:template_sample,"Kişi və ya oğlanlar üçün köynəklər, alt köynəkləri",min ədəd,2026–2030,2026–2030,False,5,Baseline,forecast_long.csv,makro OxLon §15.5.1
mx:tmpl:v4_r084_minkvm,oxlon:template_sample,Laklı dəri və saxta laklı təbii dəri: metallaşdırılmış dəri,min kv.m,2026–2030,2026–2030,False,5,Baseline,forecast_long.csv,makro OxLon §15.5.1
mx:tmpl:v4_r085_ton,oxlon:template_sample,Ayaqqabı üçün dəri,ton,2026–2030,2026–2030,False,5,Baseline,forecast_long.csv,makro OxLon §15.5.1
mx:tmpl:v4_r086_mincut,oxlon:template_sample,Üstü dəridən olan kişi küçə ayaqqabısı,min cüt,2026–2030,2026–2030,False,5,Baseline,forecast_long.csv,makro OxLon §15.5.1
mx:tmpl:v4_r088_minkvm,oxlon:template_sample,Sair taxta lövhə parket,min kv.m,2026–2030,2026–2030,False,5,Baseline,forecast_long.csv,makro OxLon §15.5.1
mx:tmpl:v4_r089_eded,oxlon:template_sample,"Taxta qapı blokları (qapı çərçivələri və tayları), qapı kandarları",ədəd,2026–2030,2026–2030,False,5,Baseline,forecast_long.csv,makro OxLon §15.5.1
mx:tmpl:v4_r091_ton,oxlon:template_sample,Deşilmiş və ya deşilməmiş büzmələnmiş kağız və karton,ton,2026–2030,2026–2030,False,5,Baseline,forecast_long.csv,makro OxLon §15.5.1
mx:tmpl:v4_r092_ton,oxlon:template_sample,Kağız əl dəsmalları,ton,2026–2030,2026–2030,False,5,Baseline,forecast_long.csv,makro OxLon §15.5.1
mx:tmpl:v4_r094_mineded,oxlon:template_sample,Sadə tipli çap materiallarından başqa sair çap materialları,min ədəd,2026–2030,2026–2030,False,5,Baseline,forecast_long.csv,makro OxLon §15.5.1
mx:tmpl:v4_r095_mineded,oxlon:template_sample,"Kitab və kitabçaların, uşaqlar üçün kitab-şəkillərin və ya şəkil çəkmək üçün kitabların çap edilməsi",min ədəd,2026–2030,2026–2030,False,5,Baseline,forecast_long.csv,makro OxLon §15.5.1
mx:tmpl:v4_r097_minton,oxlon:template_sample,Neft məhsullarının istehsalı-cəmi,min ton,2026–2030,2026–2030,False,5,Baseline,forecast_long.csv,makro OxLon §15.5.1
mx:tmpl:v4_r098_minton,oxlon:template_sample,Avtobenzinlər,min ton,2026–2030,2026–2030,False,5,Baseline,forecast_long.csv,makro OxLon §15.5.1
mx:tmpl:v4_r099_minton,oxlon:template_sample,Hidrotəmizlənmiş benzin,min ton,2026–2030,2026–2030,False,5,Baseline,forecast_long.csv,makro OxLon §15.5.1
mx:tmpl:v4_r100_minton,oxlon:template_sample,Dizel yanacağı,min ton,2026–2030,2026–2030,False,5,Baseline,forecast_long.csv,makro OxLon §15.5.1
mx:tmpl:v4_r101_minton,oxlon:template_sample,Reaktiv mühərrik yanacağı,min ton,2026–2030,2026–2030,False,5,Baseline,forecast_long.csv,makro OxLon §15.5.1
mx:tmpl:v4_r102_minton,oxlon:template_sample,Soba mazutu,min ton,2026–2030,2026–2030,False,5,Baseline,forecast_long.csv,makro OxLon §15.5.1
mx:tmpl:v4_r103_minton,oxlon:template_sample,Neft koksu,min ton,2026–2030,2026–2030,False,5,Baseline,forecast_long.csv,makro OxLon §15.5.1
mx:tmpl:v4_r104_minton,oxlon:template_sample,Neft bitumu,min ton,2026–2030,2026–2030,False,5,Baseline,forecast_long.csv,makro OxLon §15.5.1
mx:tmpl:v4_r105_minton,oxlon:template_sample,Mühərrik yanacağı,min ton,2026–2030,2026–2030,False,5,Baseline,forecast_long.csv,makro OxLon §15.5.1
mx:tmpl:v4_r106_minton,oxlon:template_sample,Sürtkü yağları,min ton,2026–2030,2026–2030,False,5,Baseline,forecast_long.csv,makro OxLon §15.5.1
mx:tmpl:v4_r107_minton,oxlon:template_sample,Quru qaz,min ton,2026–2030,2026–2030,False,5,Baseline,forecast_long.csv,makro OxLon §15.5.1
mx:tmpl:v4_r109_minton,oxlon:template_sample,Propen (propilen),min ton,2026–2030,2026–2030,False,5,Baseline,forecast_long.csv,makro OxLon §15.5.1
mx:tmpl:v4_r110_minton,oxlon:template_sample,İzopropil spirti,min ton,2026–2030,2026–2030,False,5,Baseline,forecast_long.csv,makro OxLon §15.5.1
mx:tmpl:v4_r111_minton,oxlon:template_sample,"Xüsusi çəkisi 0,94-dən az olan xətti polietilen, ilkin formalarda",min ton,2026–2030,2026–2030,False,5,Baseline,forecast_long.csv,makro OxLon §15.5.1
mx:tmpl:v4_r112_minton,oxlon:template_sample,Digər qruplara daxil edilməyən doymamış açıq zənсirli karbohidrogenlər,min ton,2026–2030,2026–2030,False,5,Baseline,forecast_long.csv,makro OxLon §15.5.1
mx:tmpl:v4_r113_minton,oxlon:template_sample,Etilen,min ton,2026–2030,2026–2030,False,5,Baseline,forecast_long.csv,makro OxLon §15.5.1
mx:tmpl:v4_r114_minton,oxlon:template_sample,Digər ilkin formalarda polipropilen,min ton,2026–2030,2026–2030,False,5,Baseline,forecast_long.csv,makro OxLon §15.5.1
mx:tmpl:v4_r116_minton,oxlon:template_sample,"Suda dispersiya və ya həll edilmiş sair boyalar, laklar",min ton,2026–2030,2026–2030,False,5,Baseline,forecast_long.csv,makro OxLon §15.5.1
mx:tmpl:v4_r117_minton,oxlon:template_sample,Metanol (metil spirti),min ton,2026–2030,2026–2030,False,5,Baseline,forecast_long.csv,makro OxLon §15.5.1
mx:tmpl:v4_r118_minton,oxlon:template_sample,Karbamid,min ton,2026–2030,2026–2030,False,5,Baseline,forecast_long.csv,makro OxLon §15.5.1
mx:tmpl:v4_r121_minmanat,oxlon:template_sample,"Tərkibində digər antibiotiklər olan, pərakəndə satış üçün qablaşdırılan dərmanlar",min manat,2026–2030,2026–2030,False,5,Baseline,forecast_long.csv,makro OxLon §15.5.1
mx:tmpl:v4_r122_minmanat,oxlon:template_sample,"Tərkibində qarışıq və ya xalis məhsullar olan, digər qruplara daxil edilməyən, pərakəndə satış üçün qablaşdırılan sair dərmanlar",min manat,2026–2030,2026–2030,False,5,Baseline,forecast_long.csv,makro OxLon §15.5.1
mx:tmpl:v4_r124_ton,oxlon:template_sample,"Bərk polietilen borular, borucuqlar, şlanqlar, qollar",ton,2026–2030,2026–2030,False,5,Baseline,forecast_long.csv,makro OxLon §15.5.1
mx:tmpl:v4_r125_ton,oxlon:template_sample,"Bərk polipropilen borular, borucuqlar, şlanqlar, qollar",ton,2026–2030,2026–2030,False,5,Baseline,forecast_long.csv,makro OxLon §15.5.1
mx:tmpl:v4_r126_ton,oxlon:template_sample,"Digər qruplara daxil edilməyən sair bərk polietilen borular, borucuqlar, şlanqlar, qollar",ton,2026–2030,2026–2030,False,5,Baseline,forecast_long.csv,makro OxLon §15.5.1
mx:tmpl:v4_r127_ton,oxlon:template_sample,Plastik tara,ton,2026–2030,2026–2030,False,5,Baseline,forecast_long.csv,makro OxLon §15.5.1
mx:tmpl:v4_r128_mineded,oxlon:template_sample,"Butullar, butulkalar və həcmi 2 litrdən çox olmayan oxşar plastik məmulatlar",min ədəd,2026–2030,2026–2030,False,5,Baseline,forecast_long.csv,makro OxLon §15.5.1
mx:tmpl:v4_r130_minton,oxlon:template_sample,Sement,min ton,2026–2030,2026–2030,False,5,Baseline,forecast_long.csv,makro OxLon §15.5.1
mx:tmpl:v4_r131_minm3,oxlon:template_sample,Betondan yığma tikinti konstruksiyaları,min m3,2026–2030,2026–2030,False,5,Baseline,forecast_long.csv,makro OxLon §15.5.1
mx:tmpl:v4_r132_minton,oxlon:template_sample,Hörmə üçün hazır olan beton qarışığı,min ton,2026–2030,2026–2030,False,5,Baseline,forecast_long.csv,makro OxLon §15.5.1
mx:tmpl:v4_r133_minton,oxlon:template_sample,Asfalt,min ton,2026–2030,2026–2030,False,5,Baseline,forecast_long.csv,makro OxLon §15.5.1
mx:tmpl:v4_r134_minm3,oxlon:template_sample,Tikinti kərpicləri,min m3,2026–2030,2026–2030,False,5,Baseline,forecast_long.csv,makro OxLon §15.5.1
mx:tmpl:v4_r135_minm2,oxlon:template_sample,Kağız örtüklü quru mala təbəqələri və tikinti kartonu təbəqələri,min m2,2026–2030,2026–2030,False,5,Baseline,forecast_long.csv,makro OxLon §15.5.1
mx:tmpl:v4_r136_ton,oxlon:template_sample,Tikinti gipsi,ton,2026–2030,2026–2030,False,5,Baseline,forecast_long.csv,makro OxLon §15.5.1
mx:tmpl:v4_r137_minm2,oxlon:template_sample,Vərəqə şüşə,min m2,2026–2030,2026–2030,False,5,Baseline,forecast_long.csv,makro OxLon §15.5.1
mx:tmpl:v4_r138_minm2,oxlon:template_sample,"Döşəmə, sobalar və divar üçün keramika tavaları və lövhələri",min m2,2026–2030,2026–2030,False,5,Baseline,forecast_long.csv,makro OxLon §15.5.1
mx:tmpl:v4_r139_ton,oxlon:template_sample,"Yonulmuş/mişarlanmış, üst qatı düz/hamar, digər emala məruz qalan mərmər, travertin, (əhəng tufu), alebastr",ton,2026–2030,2026–2030,False,5,Baseline,forecast_long.csv,makro OxLon §15.5.1
mx:tmpl:v4_r142_ton,oxlon:template_sample,"Tikişsiz boruların istehsalı üçün cins polad külçələri, paslanmayan poladdan başqa",ton,2026–2030,2026–2030,False,5,Baseline,forecast_long.csv,makro OxLon §15.5.1
mx:tmpl:v4_r144_ton,oxlon:template_sample,Alüminium vərəqə,ton,2026–2030,2026–2030,False,5,Baseline,forecast_long.csv,makro OxLon §15.5.1
mx:tmpl:v4_r147_minmanat,oxlon:template_sample,Qara metallardan yığma tikinti konstruksiyaları,min manat,2026–2030,2026–2030,False,5,Baseline,forecast_long.csv,makro OxLon §15.5.1
mx:tmpl:v4_r148_ton,oxlon:template_sample,Təbəqə materialından sair konstruksiyalar,ton,2026–2030,2026–2030,False,5,Baseline,forecast_long.csv,makro OxLon §15.5.1
mx:tmpl:v4_r149_ton,oxlon:template_sample,"Qara metallardan elektrik izolyasiyası olmayan çoxdamarlı məftil, tros və kanatlar",ton,2026–2030,2026–2030,False,5,Baseline,forecast_long.csv,makro OxLon §15.5.1
mx:tmpl:v4_r151_eded,oxlon:template_sample,"Digər qruplara daxil edilməyən, avtomatik tənzimləmə və idarəetmə üçün cihaz və aparatlar",ədəd,2026–2030,2026–2030,False,5,Baseline,forecast_long.csv,makro OxLon §15.5.1
mx:tmpl:v4_r153_eded,oxlon:template_sample,Güc 650 kVA-dən çox olmayan maye dielektrikli transformatorlar,ədəd,2026–2030,2026–2030,False,5,Baseline,forecast_long.csv,makro OxLon §15.5.1
mx:tmpl:v4_r154_eded,oxlon:template_sample,"Güc 650 kVA-dən çox olan, lakin 10000 kVA-dən çox olmayan maye dielektrikli transformatorlar",ədəd,2026–2030,2026–2030,False,5,Baseline,forecast_long.csv,makro OxLon §15.5.1
mx:tmpl:v4_r155_eded,oxlon:template_sample,Gücü 10000 kVA-dən çox olan maye dielektrikli transformatorlar,ədəd,2026–2030,2026–2030,False,5,Baseline,forecast_long.csv,makro OxLon §15.5.1
mx:tmpl:v4_r156_ton,oxlon:template_sample,1000 V-dan çox olmayan gərginlik üçün birləşdirici detalları olan elektrik cərəyan naqilləri,ton,2026–2030,2026–2030,False,5,Baseline,forecast_long.csv,makro OxLon §15.5.1
mx:tmpl:v4_r157_eded,oxlon:template_sample,Məişət soyuducuları,ədəd,2026–2030,2026–2030,False,5,Baseline,forecast_long.csv,makro OxLon §15.5.1
mx:tmpl:v4_r158_eded,oxlon:template_sample,"Müvafiq aparatlarla komplektləş-dirilməyən məmulat üçün paylaşdırıcı lövhələr, panellər, konsollar, stollar, şkaflar və sair əsaslar",ədəd,2026–2030,2026–2030,False,5,Baseline,forecast_long.csv,makro OxLon §15.5.1
mx:tmpl:v4_r160_minmanat,oxlon:template_sample,Maye üçün nasosların və maye qaldırıcılarının hissələri,min manat,2026–2030,2026–2030,False,5,Baseline,forecast_long.csv,makro OxLon §15.5.1
mx:tmpl:v4_r161_eded,oxlon:template_sample,Odsöndürənlər,ədəd,2026–2030,2026–2030,False,5,Baseline,forecast_long.csv,makro OxLon §15.5.1
mx:tmpl:v4_r164_eded,oxlon:template_sample,Yük avtomobilləri,ədəd,2026–2030,2026–2030,False,5,Baseline,forecast_long.csv,makro OxLon §15.5.1
mx:tmpl:v4_r166_eded,oxlon:template_sample,Minik avtomobilləri,ədəd,2026–2030,2026–2030,False,5,Baseline,forecast_long.csv,makro OxLon §15.5.1
mx:tmpl:v4_r168_minmanat,oxlon:template_sample,"Yol qurğuları və armaturu da daxil edilməklə, yollar üçün avadanlıq və materiallar: dəmir yolu və tramvay yolları üçün avadanlıq hissələri",min manat,2026–2030,2026–2030,False,5,Baseline,forecast_long.csv,makro OxLon §15.5.1
mx:tmpl:v4_r169_minmanat,oxlon:template_sample,"Dəmir yolu lokomotovlərinin və motorlu vaqonların, motorlu tramvay vaqonlarının və dəmir yolu nəqliyyatı vasitələrinin bərpa edilməsi",min manat,2026–2030,2026–2030,False,5,Baseline,forecast_long.csv,makro OxLon §15.5.1
mx:tmpl:v4_r170_minmanat,oxlon:template_sample,Gəmilərin və üzən qurğuların qayırılması,min manat,2026–2030,2026–2030,False,5,Baseline,forecast_long.csv,makro OxLon §15.5.1
mx:tmpl:v4_r172_eded,oxlon:template_sample,Ofis tipli taxta mebellər,ədəd,2026–2030,2026–2030,False,5,Baseline,forecast_long.csv,makro OxLon §15.5.1
mx:tmpl:v4_r173_eded,oxlon:template_sample,Mətbəxt üçün ağac mebellər,ədəd,2026–2030,2026–2030,False,5,Baseline,forecast_long.csv,makro OxLon §15.5.1
mx:tmpl:v4_r174_eded,oxlon:template_sample,Yataq otağı üçün taxta mebellər,ədəd,2026–2030,2026–2030,False,5,Baseline,forecast_long.csv,makro OxLon §15.5.1
mx:tmpl:v4_r175_eded,oxlon:template_sample,Taxta karkaslı oturmaq üçün üz çəkilmiş mebel,ədəd,2026–2030,2026–2030,False,5,Baseline,forecast_long.csv,makro OxLon §15.5.1
mx:tmpl:v4_r177_minmanat,oxlon:template_sample,"Gəmilərin, qayıqların və s. üzən vasitələrin (gəzinti və idman gəmilərindən başqa) təmiri",min manat,2026–2030,2026–2030,False,5,Baseline,forecast_long.csv,makro OxLon §15.5.1
mx:tmpl:v4_r180_mineded,oxlon:template_sample,"Zərgərlik məmulatları və qiymətli metallardan onların hissələri (qalvanik örtüklü, qızıla (gümüşə) tutulmuş metallar da daxil edilməklə)",min ədəd,2026–2030,2026–2030,False,5,Baseline,forecast_long.csv,makro OxLon §15.5.1
mx:tmpl:v4_r182_qvts,oxlon:template_sample,İstilik Elektrik Stansiyalarının (İES) şərti termik elektriki (hasilat xammalı ilə işləyən İES-də istehsal edilən),QVt.s,2026–2030,2026–2030,False,5,Baseline,forecast_long.csv,makro OxLon §15.5.1
mx:tmpl:v4_r183_mlnm3,oxlon:template_sample,"Qaz zavodlarının qazı (karbonlaşdırma, krekinq, qazlaşdırma və ya qazın və/və ya qaz zavodlarının havasının sadə qarışığı yolu ilə alınan qaz)",mln m3,2026–2030,2026–2030,False,5,Baseline,forecast_long.csv,makro OxLon §15.5.1
mx:tmpl:v4_r184_qvts,oxlon:template_sample,Külək və günəşlə işləyən stansiyalarının elektriki,QVt.s,2026–2030,2026–2030,False,5,Baseline,forecast_long.csv,makro OxLon §15.5.1
mx:tmpl:v4_r187_mlnm3,oxlon:template_sample,Təbii suyun təmizlənməsi və boru kəməri ilə bölüşdürülməsi xidmətləri,mln. m3,2026–2026,2026–2026,False,1,Baseline,forecast_long.csv,makro OxLon §15.5.1
mx:tmpl:v4_r190_mlnton,oxlon:template_sample,Nəqliyyat sektorunda yük daşınması - cəmi,mln ton,2026–2026,2026–2026,False,1,Baseline,forecast_long.csv,makro OxLon §15.5.1
mx:tmpl:v4_r191_mlnton,oxlon:template_sample,Dəmir yolu,mln ton,2026–2026,2026–2026,False,1,Baseline,forecast_long.csv,makro OxLon §15.5.1
mx:tmpl:v4_r192_mlnton,oxlon:template_sample,Avtomobil,mln ton,2026–2026,2026–2026,False,1,Baseline,forecast_long.csv,makro OxLon §15.5.1
mx:tmpl:v4_r193_mlnton,oxlon:template_sample,Dəniz,mln ton,2026–2026,2026–2026,False,1,Baseline,forecast_long.csv,makro OxLon §15.5.1
mx:tmpl:v4_r194_mlnton,oxlon:template_sample,Hava,mln ton,2026–2026,2026–2026,False,1,Baseline,forecast_long.csv,makro OxLon §15.5.1
mx:tmpl:v4_r195_mlnton,oxlon:template_sample,Boru kəməri,mln ton,2026–2026,2026–2026,False,1,Baseline,forecast_long.csv,makro OxLon §15.5.1
mx:tmpl:v4_r196_mlnton,oxlon:template_sample,Neft kəməri,mln ton,2026–2026,2026–2026,False,1,Baseline,forecast_long.csv,makro OxLon §15.5.1
mx:tmpl:v4_r197_mlnton,oxlon:template_sample,BTC üzrə,mln ton,2026–2026,2026–2026,False,1,Baseline,forecast_long.csv,makro OxLon §15.5.1
mx:tmpl:v4_r198_mlnton,oxlon:template_sample,Qaz kəməri,mln ton,2026–2026,2026–2026,False,1,Baseline,forecast_long.csv,makro OxLon §15.5.1
mx:tmpl:v4_r199_mlnton,oxlon:template_sample,CQBK üzrə,mln ton,2026–2026,2026–2026,False,1,Baseline,forecast_long.csv,makro OxLon §15.5.1
mx:tmpl:v4_r200_mlrdtkm,oxlon:template_sample,Nəqliyyat sektorunda yük dövriyyəsi - cəmi,mlrd t-km,2026–2026,2026–2026,False,1,Baseline,forecast_long.csv,makro OxLon §15.5.1
mx:tmpl:v4_r201_mlrdtkm,oxlon:template_sample,Dəmir yolu,mlrd t-km,2026–2026,2026–2026,False,1,Baseline,forecast_long.csv,makro OxLon §15.5.1
mx:tmpl:v4_r202_mlrdtkm,oxlon:template_sample,Avtomobil,mlrd t-km,2026–2026,2026–2026,False,1,Baseline,forecast_long.csv,makro OxLon §15.5.1
mx:tmpl:v4_r203_mlrdtkm,oxlon:template_sample,Dəniz,mlrd t-km,2026–2026,2026–2026,False,1,Baseline,forecast_long.csv,makro OxLon §15.5.1
mx:tmpl:v4_r204_mlrdtkm,oxlon:template_sample,Hava,mlrd t-km,2026–2026,2026–2026,False,1,Baseline,forecast_long.csv,makro OxLon §15.5.1
mx:tmpl:v4_r205_mlrdtkm,oxlon:template_sample,Boru kəməri,mlrd t-km,2026–2026,2026–2026,False,1,Baseline,forecast_long.csv,makro OxLon §15.5.1
mx:tmpl:v4_r206_mlrdtkm,oxlon:template_sample,Neft kəməri,mlrd t-km,2026–2026,2026–2026,False,1,Baseline,forecast_long.csv,makro OxLon §15.5.1
mx:tmpl:v4_r207_mlrdtkm,oxlon:template_sample,BTC üzrə,mlrd t-km,2026–2026,2026–2026,False,1,Baseline,forecast_long.csv,makro OxLon §15.5.1
mx:tmpl:v4_r208_mlrdtkm,oxlon:template_sample,Qaz kəməri,mlrd t-km,2026–2026,2026–2026,False,1,Baseline,forecast_long.csv,makro OxLon §15.5.1
mx:tmpl:v4_r209_mlrdtkm,oxlon:template_sample,CQBK üzrə,mlrd t-km,2026–2026,2026–2026,False,1,Baseline,forecast_long.csv,makro OxLon §15.5.1
mx:tmpl:v4_r210_mlnsernkm,oxlon:template_sample,Nəqliyyat sektorunda sərnişin dövriyyəsi,mln sərn.-km,2026–2026,2026–2026,False,1,Baseline,forecast_long.csv,makro OxLon §15.5.1
mx:tmpl:v4_r211_mlnsernkm,oxlon:template_sample,Dəmir yolu,mln sərn.-km,2026–2026,2026–2026,False,1,Baseline,forecast_long.csv,makro OxLon §15.5.1
mx:tmpl:v4_r212_mlnsernkm,oxlon:template_sample,Avtobus və taksi,mln sərn.-km,2026–2026,2026–2026,False,1,Baseline,forecast_long.csv,makro OxLon §15.5.1
mx:tmpl:v4_r213_mlnsernkm,oxlon:template_sample,Dəniz,mln sərn.-km,2026–2026,2026–2026,False,1,Baseline,forecast_long.csv,makro OxLon §15.5.1
mx:tmpl:v4_r214_mlnsernkm,oxlon:template_sample,Hava,mln sərn.-km,2026–2026,2026–2026,False,1,Baseline,forecast_long.csv,makro OxLon §15.5.1
mx:tmpl:v4_r215_mlnsernkm,oxlon:template_sample,Metro,mln sərn.-km,2026–2026,2026–2026,False,1,Baseline,forecast_long.csv,makro OxLon §15.5.1
mx:tmpl:v4_r217_minnefer,oxlon:template_sample,Mobil telefon abunəçilərinin (nömrələrin) sayı,min nəfər,2026–2026,2026–2026,False,1,Baseline,forecast_long.csv,makro OxLon §15.5.1
mx:tmpl:v4_r218_mineded,oxlon:template_sample,Əsas telefon aparatlarının sayı,min ədəd,2026–2026,2026–2026,False,1,Baseline,forecast_long.csv,makro OxLon §15.5.1
mx:tmpl:va_act_agri,oxlon:template_sample,"Kənd, meşə və balıqçılıq təsərrüfatı — əlavə dəyər (fəaliyyət strukturu)",mln AZN,2026–2030,2026–2030,False,5,Baseline,forecast_long.csv,makro OxLon §15.5.1
mx:tmpl:va_act_constr,oxlon:template_sample,Tikinti — əlavə dəyər (fəaliyyət strukturu),mln AZN,2026–2030,2026–2030,False,5,Baseline,forecast_long.csv,makro OxLon §15.5.1
mx:tmpl:va_act_industry,oxlon:template_sample,Sənaye (cəmi) — əlavə dəyər (fəaliyyət strukturu),mln AZN,2026–2030,2026–2030,False,5,Baseline,forecast_long.csv,makro OxLon §15.5.1
mx:tmpl:va_act_industry_nonoil,oxlon:template_sample,"Sənaye — qeyri-neft (emal, enerji, su təchizatı) — əlavə dəyər (fəaliyyət strukturu)",mln AZN,2026–2030,2026–2030,False,5,Baseline,forecast_long.csv,makro OxLon §15.5.1
mx:tmpl:va_act_industry_oil,oxlon:template_sample,Sənaye — neft-qaz (mədənçıxarma) — əlavə dəyər (fəaliyyət strukturu),mln AZN,2026–2030,2026–2030,False,5,Baseline,forecast_long.csv,makro OxLon §15.5.1
mx:tmpl:va_act_nettax,oxlon:template_sample,Məhsula və idxala xalis vergilər — əlavə dəyər (fəaliyyət strukturu),mln AZN,2026–2030,2026–2030,False,5,Baseline,forecast_long.csv,makro OxLon §15.5.1
mx:tmpl:va_act_services,oxlon:template_sample,Xidmətlər (cəmi) — əlavə dəyər (fəaliyyət strukturu),mln AZN,2026–2030,2026–2030,False,5,Baseline,forecast_long.csv,makro OxLon §15.5.1
mx:tmpl:va_act_total,oxlon:template_sample,ÜDM (5 budağın cəmi) — əlavə dəyər (fəaliyyət strukturu),mln AZN,2026–2030,2026–2030,False,5,Baseline,forecast_long.csv,makro OxLon §15.5.1
mx:tmpl:va_agri,oxlon:template_sample,"Kənd, meşə və balıqçılıq təsərrüfatı — əlavə dəyər",mln AZN,2026–2030,2026–2030,False,5,Baseline,forecast_long.csv,makro OxLon §15.5.1
mx:tmpl:va_constr,oxlon:template_sample,Tikinti — əlavə dəyər,mln AZN,2026–2030,2026–2030,False,5,Baseline,forecast_long.csv,makro OxLon §15.5.1
mx:tmpl:va_ict,oxlon:template_sample,İnformasiya və rabitə — əlavə dəyər,mln AZN,2026–2030,2026–2030,False,5,Baseline,forecast_long.csv,makro OxLon §15.5.1
mx:tmpl:va_manuf,oxlon:template_sample,Emal sənayesi — əlavə dəyər,mln AZN,2026–2030,2026–2030,False,5,Baseline,forecast_long.csv,makro OxLon §15.5.1
mx:tmpl:va_mining,oxlon:template_sample,Mədənçıxarma sənayesi — əlavə dəyər,mln AZN,2026–2030,2026–2030,False,5,Baseline,forecast_long.csv,makro OxLon §15.5.1
mx:tmpl:va_power,oxlon:template_sample,"Elektrik enerjisi, qaz və buxar istehsalı və təchizatı — əlavə dəyər",mln AZN,2026–2030,2026–2030,False,5,Baseline,forecast_long.csv,makro OxLon §15.5.1
mx:tmpl:va_social,oxlon:template_sample,Sosial və digər sahələrdə yaradılmış əlavə dəyər — əlavə dəyər,mln AZN,2026–2030,2026–2030,False,5,Baseline,forecast_long.csv,makro OxLon §15.5.1
mx:tmpl:va_tourism,oxlon:template_sample,Turistlərin yerləşdirilməsi və ictimai iaşə — əlavə dəyər,mln AZN,2026–2030,2026–2030,False,5,Baseline,forecast_long.csv,makro OxLon §15.5.1
mx:tmpl:va_trade,oxlon:template_sample,"Ticarət, nəqliyyat vasitələrinin təmiri — əlavə dəyər",mln AZN,2026–2030,2026–2030,False,5,Baseline,forecast_long.csv,makro OxLon §15.5.1
mx:tmpl:va_transport,oxlon:template_sample,Nəqliyyat və anbar təsərrüfatı — əlavə dəyər,mln AZN,2026–2030,2026–2030,False,5,Baseline,forecast_long.csv,makro OxLon §15.5.1
mx:tmpl:va_water,oxlon:template_sample,"Su təchizatı, tullantıların təmizlənməsi və emalı — əlavə dəyər",mln AZN,2026–2030,2026–2030,False,5,Baseline,forecast_long.csv,makro OxLon §15.5.1
mx:tmpl:wage_avg,oxlon:template_sample,Orta aylıq əmək haqqı,AZN,2026–2030,2026–2030,False,5,Baseline,forecast_long.csv,makro OxLon §15.5.1
mx:tmpl:wage_avg_realg,oxlon:template_sample,Orta aylıq əmək haqqının real artım tempi,%,2026–2030,2026–2030,False,5,Baseline,forecast_long.csv,makro OxLon §15.5.1
mx:tmpl:wage_nonoil,oxlon:template_sample,Qeyri neft-qaz sektorunda orta aylıq əmək haqqı,AZN,2026–2030,2026–2030,False,5,Baseline,forecast_long.csv,makro OxLon §15.5.1
mx:tmpl:wage_oil,oxlon:template_sample,Neft-qaz sektorunda orta aylıq əmək haqqı,AZN,2026–2030,2026–2030,False,5,Baseline,forecast_long.csv,makro OxLon §15.5.1
mx:trade_balance,oxlon:ours,Xarici ticarət balansı,mln USD,2010–2030,2026–2030,True,21,ACTUAL;Baseline,forecast_long.csv,makro OxLon §15.5.1
mx:unemployment_rate,oxlon:ours,İşsizlik səviyyəsi,%,2010–2030,2026–2030,True,21,ACTUAL;Baseline,forecast_long.csv,makro OxLon §15.5.1
mx:use_absorption,oxlon:ours,Daxili absorbsiya (son istehlak + ümumi yığım),mln AZN,2013–2030,2026–2030,False,18,ACTUAL;Baseline,forecast_long.csv,makro OxLon §15.5.1
mx:use_absorption_lambda,oxlon:ours,Mütənasib absorbsiya əmsalı λ (rədd edilmiş qapanış),əmsal,2026–2030,2026–2030,False,5,Baseline,forecast_long.csv,makro OxLon §15.5.1
mx:use_balance_gap,oxlon:ours,Resurslar–istifadə fərqi (balanslaşdırmadan əvvəl),mln AZN,2013–2030,2026–2030,False,18,ACTUAL;Baseline,forecast_long.csv,makro OxLon §15.5.1
mx:use_balance_gap_pct,oxlon:ours,"Resurslar–istifadə fərqi, % ÜDM",%,2026–2030,2026–2030,False,5,Baseline,forecast_long.csv,makro OxLon §15.5.1
mx:use_cons_total,oxlon:ours,"Son istehlak xərcləri, cəmi",mln AZN,2013–2030,2026–2030,False,18,ACTUAL;Baseline,forecast_long.csv,makro OxLon §15.5.1
mx:use_exports,oxlon:ours,Mal və xidmətlərin ixracı (P.6),mln AZN,2013–2030,2026–2030,False,18,ACTUAL;Baseline,forecast_long.csv,makro OxLon §15.5.1
mx:use_gcf,oxlon:ours,Ümumi yığım (P.5),mln AZN,2013–2030,2026–2030,False,18,ACTUAL;Baseline,forecast_long.csv,makro OxLon §15.5.1
mx:use_gdp,oxlon:ours,ÜDM — istifadə (xərc) metodu ilə,mln AZN,2013–2030,2026–2030,False,18,ACTUAL;Baseline,forecast_long.csv,makro OxLon §15.5.1
mx:use_gfcf,oxlon:ours,Əsas kapitalın ümumi yığımı (P.51) — balanslaşdırılmış,mln AZN,2013–2030,2026–2030,False,18,ACTUAL;Baseline,forecast_long.csv,makro OxLon §15.5.1
mx:use_gfcf_behavioural,oxlon:ours,Əsas kapital yığımının davranış oxunuşu (FR06 yolundan),mln AZN,2013–2030,2026–2030,False,18,ACTUAL;Baseline,forecast_long.csv,makro OxLon §15.5.1
mx:use_gfcf_gap,oxlon:ours,Qapanışın qiyməti: yığımın davranış yolundan fərqi,mln AZN,2026–2030,2026–2030,False,5,Baseline,forecast_long.csv,makro OxLon §15.5.1
mx:use_gfcf_gap_pct,oxlon:ours,"Qapanışın qiyməti, davranış yolunun %-i",%,2026–2030,2026–2030,False,5,Baseline,forecast_long.csv,makro OxLon §15.5.1
mx:use_gov_cons,oxlon:ours,Dövlətin son istehlak xərcləri (P.3+P.4),mln AZN,2013–2030,2026–2030,False,18,ACTUAL;Baseline,forecast_long.csv,makro OxLon §15.5.1
mx:use_hh_cons,oxlon:ours,Ev təsərrüfatlarının son istehlak xərcləri (P.3),mln AZN,2013–2030,2026–2030,False,18,ACTUAL;Baseline,forecast_long.csv,makro OxLon §15.5.1
mx:use_imports,oxlon:ours,Mal və xidmətlərin idxalı (P.7),mln AZN,2013–2030,2026–2030,False,18,ACTUAL;Baseline,forecast_long.csv,makro OxLon §15.5.1
mx:use_imports_clearing,oxlon:ours,Bazarı təmizləyən idxal (rədd edilmiş qapanış),mln AZN,2026–2030,2026–2030,False,5,Baseline,forecast_long.csv,makro OxLon §15.5.1
mx:use_inventories,oxlon:ours,Ehtiyatların dəyişməsi (P.52),mln AZN,2013–2030,2026–2030,False,18,ACTUAL;Baseline,forecast_long.csv,makro OxLon §15.5.1
mx:use_net_exports,oxlon:ours,Mal və xidmətlərin xalis ixracı (P.6n),mln AZN,2013–2030,2026–2030,False,18,ACTUAL;Baseline,forecast_long.csv,makro OxLon §15.5.1
mx:use_npish_cons,oxlon:ours,QHT-lərin son istehlak xərcləri (P.3),mln AZN,2013–2030,2026–2030,False,18,ACTUAL;Baseline,forecast_long.csv,makro OxLon §15.5.1
mx:use_resources,oxlon:ours,Məcmu resurslar (ÜDM + idxal),mln AZN,2013–2030,2026–2030,False,18,ACTUAL;Baseline,forecast_long.csv,makro OxLon §15.5.1
mx:use_share_absorption,oxlon:ours,Daxili absorbsiyanın ÜDM-də payı,%,2013–2030,2026–2030,False,18,ACTUAL;Baseline,forecast_long.csv,makro OxLon §15.5.1
mx:use_share_exports,oxlon:ours,İxracın ÜDM-də payı,%,2013–2030,2026–2030,False,18,ACTUAL;Baseline,forecast_long.csv,makro OxLon §15.5.1
mx:use_share_gfcf,oxlon:ours,Əsas kapital yığımının ÜDM-də payı,%,2013–2030,2026–2030,False,18,ACTUAL;Baseline,forecast_long.csv,makro OxLon §15.5.1
mx:use_share_gov_cons,oxlon:ours,Dövlət istehlakının ÜDM-də payı,%,2013–2030,2026–2030,False,18,ACTUAL;Baseline,forecast_long.csv,makro OxLon §15.5.1
mx:use_share_hh_cons,oxlon:ours,Ev təsərrüfatı istehlakının ÜDM-də payı,%,2013–2030,2026–2030,False,18,ACTUAL;Baseline,forecast_long.csv,makro OxLon §15.5.1
mx:use_share_imports,oxlon:ours,İdxalın ÜDM-də payı,%,2013–2030,2026–2030,False,18,ACTUAL;Baseline,forecast_long.csv,makro OxLon §15.5.1
mx:use_share_inventories,oxlon:ours,Ehtiyatların dəyişməsinin ÜDM-də payı,%,2013–2030,2026–2030,False,18,ACTUAL;Baseline,forecast_long.csv,makro OxLon §15.5.1
mx:use_stat_discrepancy,oxlon:ours,Statistik fərq (istifadə hesabı),mln AZN,2013–2030,2026–2030,False,18,ACTUAL;Baseline,forecast_long.csv,makro OxLon §15.5.1
mx:use_uses,oxlon:ours,Məcmu istifadə (son istehlak + yığım + ixrac),mln AZN,2013–2030,2026–2030,False,18,ACTUAL;Baseline,forecast_long.csv,makro OxLon §15.5.1
mx:v4_r006_minton,oxlon:ours,Dənli və dənli paxlalılar,min ton,2013–2030,2025–2030,False,18,ACTUAL;Baseline,forecast_long.csv,makro OxLon §15.5.1
mx:v4_r007_minton,oxlon:ours,"o cümlədən, buğda",min ton,2013–2030,2025–2030,False,18,ACTUAL;Baseline,forecast_long.csv,makro OxLon §15.5.1
mx:v4_r008_minton,oxlon:ours,"o cümlədən, çəltik",min ton,2013–2030,2025–2030,False,18,ACTUAL;Baseline,forecast_long.csv,makro OxLon §15.5.1
mx:v4_r009_minton,oxlon:ours,Tərəvəz,min ton,2013–2030,2025–2030,False,18,ACTUAL;Baseline,forecast_long.csv,makro OxLon §15.5.1
mx:v4_r010_minton,oxlon:ours,Bostan,min ton,2013–2030,2025–2030,False,18,ACTUAL;Baseline,forecast_long.csv,makro OxLon §15.5.1
mx:v4_r011_minton,oxlon:ours,Kartof,min ton,2013–2030,2025–2030,False,18,ACTUAL;Baseline,forecast_long.csv,makro OxLon §15.5.1
mx:v4_r012_minton,oxlon:ours,Pambıq,min ton,2013–2030,2025–2030,False,18,ACTUAL;Baseline,forecast_long.csv,makro OxLon §15.5.1
mx:v4_r013_minton,oxlon:ours,Tütün,min ton,2013–2030,2025–2030,False,18,ACTUAL;Baseline,forecast_long.csv,makro OxLon §15.5.1
mx:v4_r014_minton,oxlon:ours,Şəkər çuğunduru,min ton,2013–2030,2025–2030,False,18,ACTUAL;Baseline,forecast_long.csv,makro OxLon §15.5.1
mx:v4_r015_minton,oxlon:ours,Dən üçün günəbaxan,min ton,2013–2030,2025–2030,False,18,ACTUAL;Baseline,forecast_long.csv,makro OxLon §15.5.1
mx:v4_r016_minton,oxlon:ours,Meyvə və giləmeyvə,min ton,2013–2030,2025–2030,False,18,ACTUAL;Baseline,forecast_long.csv,makro OxLon §15.5.1
mx:v4_r017_minton,oxlon:ours,Üzüm,min ton,2013–2030,2025–2030,False,18,ACTUAL;Baseline,forecast_long.csv,makro OxLon §15.5.1
mx:v4_r018_minton,oxlon:ours,Çay yarpağı,min ton,2013–2030,2025–2030,False,18,ACTUAL;Baseline,forecast_long.csv,makro OxLon §15.5.1
mx:v4_r020_minton,oxlon:ours,Ət (diri çəkidə),min ton,2013–2030,2025–2030,False,18,ACTUAL;Baseline,forecast_long.csv,makro OxLon §15.5.1
mx:v4_r021_minton,oxlon:ours,o cümlədən mal əti,min ton,2013–2030,2025–2030,False,18,ACTUAL;Baseline,forecast_long.csv,makro OxLon §15.5.1
mx:v4_r022_minton,oxlon:ours,o cümlədən qoyun əti,min ton,2013–2030,2025–2030,False,18,ACTUAL;Baseline,forecast_long.csv,makro OxLon §15.5.1
mx:v4_r023_minton,oxlon:ours,o cümlədən quş əti,min ton,2013–2030,2025–2030,False,18,ACTUAL;Baseline,forecast_long.csv,makro OxLon §15.5.1
mx:v4_r024_mlneded,oxlon:ours,Yumurta,mln ədəd,2013–2030,2025–2030,False,18,ACTUAL;Baseline,forecast_long.csv,makro OxLon §15.5.1
mx:v4_r025_minton,oxlon:ours,Süd (fiziki çəkidə),min ton,2013–2030,2025–2030,False,18,ACTUAL;Baseline,forecast_long.csv,makro OxLon §15.5.1
mx:v4_r026_minton,oxlon:ours,Yun (fiziki çəkidə),min ton,2013–2030,2025–2030,False,18,ACTUAL;Baseline,forecast_long.csv,makro OxLon §15.5.1
mx:v4_r027_ton,oxlon:ours,Barama (yaş çəkidə),ton,2013–2030,2025–2030,False,18,ACTUAL;Baseline,forecast_long.csv,makro OxLon §15.5.1
mx:v4_r028_minbas,oxlon:ours,İri buynuzlu mal-qara,min baş,2013–2030,2025–2030,False,18,ACTUAL;Baseline,forecast_long.csv,makro OxLon §15.5.1
mx:v4_r029_minbas,oxlon:ours,İnək-camış,min baş,2013–2030,2025–2030,False,18,ACTUAL;Baseline,forecast_long.csv,makro OxLon §15.5.1
mx:v4_r030_minbas,oxlon:ours,Qoyun və keçilər,min baş,2013–2030,2025–2030,False,18,ACTUAL;Baseline,forecast_long.csv,makro OxLon §15.5.1
mx:v4_r031_minbas,oxlon:ours,Donuzlar,min baş,2013–2030,2025–2030,False,18,ACTUAL;Baseline,forecast_long.csv,makro OxLon §15.5.1
mx:v4_r032_mlnbas,oxlon:ours,Quş,mln baş,2013–2030,2025–2030,False,18,ACTUAL;Baseline,forecast_long.csv,makro OxLon §15.5.1
mx:v4_r035_minton,oxlon:ours,Neft hasilatı,min ton,2013–2030,2025–2030,False,18,ACTUAL;Baseline,forecast_long.csv,makro OxLon §15.5.1
mx:v4_r036_mlnm3,oxlon:ours,Qaz hasilatı,mln m3,2013–2030,2025–2030,False,18,ACTUAL;Baseline,forecast_long.csv,makro OxLon §15.5.1
mx:v4_r037_mlnm3,oxlon:ours,əmtəəlik qaz,mln m3,2013–2030,2025–2030,False,18,ACTUAL;Baseline,forecast_long.csv,makro OxLon §15.5.1
mx:v4_r039_kq,oxlon:ours,Qızıl filizləri və konsentratları,kq,2013–2030,2025–2030,False,18,ACTUAL;Baseline,forecast_long.csv,makro OxLon §15.5.1
mx:v4_r040_ton,oxlon:ours,Mis filizləri,ton,2013–2030,2025–2030,False,18,ACTUAL;Baseline,forecast_long.csv,makro OxLon §15.5.1
mx:v4_r042_minton,oxlon:ours,"Çınqıl, qırmadaş, xırda çay daşı və çaxmaq daşı",min ton,2013–2030,2025–2030,False,18,ACTUAL;Baseline,forecast_long.csv,makro OxLon §15.5.1
mx:v4_r043_minton,oxlon:ours,Bentonit,min ton,2013–2030,2025–2030,False,16,ACTUAL;Baseline,forecast_long.csv,makro OxLon §15.5.1
mx:v4_r044_minton,oxlon:ours,"İnşaat üçün əhəngdaşı, alebastr",min ton,2013–2030,2025–2030,False,18,ACTUAL;Baseline,forecast_long.csv,makro OxLon §15.5.1
mx:v4_r045_minton,oxlon:ours,Tikinti qumu,min ton,2013–2030,2025–2030,False,18,ACTUAL;Baseline,forecast_long.csv,makro OxLon §15.5.1
mx:v4_r048_minton,oxlon:ours,Mal əti,min ton,1985–2030,2025–2030,False,42,ACTUAL;Baseline,forecast_long.csv,makro OxLon §15.5.1
mx:v4_r049_minton,oxlon:ours,Quş əti,min ton,1985–2030,2025–2030,False,42,ACTUAL;Baseline,forecast_long.csv,makro OxLon §15.5.1
mx:v4_r050_mindkl,oxlon:ours,Meyvə və tərəvəz şirələri,min dkl,2013–2030,2025–2030,False,11,ACTUAL;Baseline,forecast_long.csv,makro OxLon §15.5.1
mx:v4_r051_minton,oxlon:ours,Emal edilmiş duru süd,min ton,1985–2030,2025–2030,False,42,ACTUAL;Baseline,forecast_long.csv,makro OxLon §15.5.1
mx:v4_r052_minton,oxlon:ours,Qənd-rafinad və şəkər tozu,min ton,1996–2030,2025–2030,False,35,ACTUAL;Baseline,forecast_long.csv,makro OxLon §15.5.1
mx:v4_r053_minton,oxlon:ours,Kərə yağı,min ton,1995–2030,2025–2030,False,36,ACTUAL;Baseline,forecast_long.csv,makro OxLon §15.5.1
mx:v4_r054_minton,oxlon:ours,Pendir və kəsmik,min ton,1996–2030,2025–2030,False,35,ACTUAL;Baseline,forecast_long.csv,makro OxLon §15.5.1
mx:v4_r055_minton,oxlon:ours,Bitki yağları,min ton,1995–2030,2025–2030,False,36,ACTUAL;Baseline,forecast_long.csv,makro OxLon §15.5.1
mx:v4_r056_minton,oxlon:ours,Un,min ton,1995–2030,2025–2030,False,36,ACTUAL;Baseline,forecast_long.csv,makro OxLon §15.5.1
mx:v4_r057_minton,oxlon:ours,Çörək və çörək-bulka məmulatları,min ton,1995–2030,2025–2030,False,36,ACTUAL;Baseline,forecast_long.csv,makro OxLon §15.5.1
mx:v4_r058_minton,oxlon:ours,Xörək duzu,min ton,2000–2030,2025–2030,False,31,ACTUAL;Baseline,forecast_long.csv,makro OxLon §15.5.1
mx:v4_r060_mindkl,oxlon:ours,Şampan şərabı,min dkl,2013–2030,2025–2030,False,18,ACTUAL;Baseline,forecast_long.csv,makro OxLon §15.5.1
mx:v4_r061_mindkl,oxlon:ours,Tündlüyü 45.4% və daha az olan araq,min dkl,2013–2030,2025–2030,False,18,ACTUAL;Baseline,forecast_long.csv,makro OxLon §15.5.1
mx:v4_r062_mindkl,oxlon:ours,Üzüm şərabı və təzə üzümdən köpüklənən şərab,min dkl,2013–2030,2025–2030,False,18,ACTUAL;Baseline,forecast_long.csv,makro OxLon §15.5.1
mx:v4_r063_mindkl,oxlon:ours,Səməni pivəsi,min dkl,2013–2030,2025–2030,False,16,ACTUAL;Baseline,forecast_long.csv,makro OxLon §15.5.1
mx:v4_r064_mindkl,oxlon:ours,"Viski, konyak",min dkl,2013–2030,2025–2030,False,16,ACTUAL;Baseline,forecast_long.csv,makro OxLon §15.5.1
mx:v4_r065_mindkl,oxlon:ours,Alkoqolsuz içkilər,min dkl,2013–2030,2025–2030,False,18,ACTUAL;Baseline,forecast_long.csv,makro OxLon §15.5.1
mx:v4_r067_ton,oxlon:ours,"Sənayedə emal olunmuş tütün, tütün ekstraktları və essensiyaları, digər qruplara daxil edilməyən homogenləşdirilmiş və ya bərpa edilmiş tütün",ton,2013–2030,2025–2030,False,18,ACTUAL;Baseline,forecast_long.csv,makro OxLon §15.5.1
mx:v4_r068_mlneded,oxlon:ours,Tərkibində tütün və ya tütün qarışıqları və onun əvəzediciləri olan siqarlar*,mln. ədəd,2013–2030,2025–2030,False,18,ACTUAL;Baseline,forecast_long.csv,makro OxLon §15.5.1
mx:v4_r070_minton,oxlon:ours,Kardo və daraqla daranmış pambıq lifi,min ton,2013–2030,2025–2030,False,18,ACTUAL;Baseline,forecast_long.csv,makro OxLon §15.5.1
mx:v4_r071_ton,oxlon:ours,Pərakəndə satış üçün qablaşdırılmış pambıq iplik (tikiş üçün saplardan başqa),ton,2013–2030,2025–2030,False,18,ACTUAL;Baseline,forecast_long.csv,makro OxLon §15.5.1
mx:v4_r072_minm2,oxlon:ours,Düyünlərlə toxunan xalçalar,min m2,2013–2030,2025–2030,False,18,ACTUAL;Baseline,forecast_long.csv,makro OxLon §15.5.1
mx:v4_r074_mineded,oxlon:ours,Kişi və ya oğlanlar üçün trikotaj kostyum və komplektlər,min ədəd,2013–2030,2025–2030,False,18,ACTUAL;Baseline,forecast_long.csv,makro OxLon §15.5.1
mx:v4_r075_mineded,oxlon:ours,Kişi və ya oğlanlar üçün kostyumlar,min ədəd,2013–2030,2025–2030,False,18,ACTUAL;Baseline,forecast_long.csv,makro OxLon §15.5.1
mx:v4_r076_mineded,oxlon:ours,Kişi və oğlanlar üçün kalsonlar və tumanlar,min ədəd,2013–2030,2025–2030,False,18,ACTUAL;Baseline,forecast_long.csv,makro OxLon §15.5.1
mx:v4_r077_mineded,oxlon:ours,"İpəkdən və ipək tullantılarından hazırlanan şallar, şərflər, kaşnelər, mantilyalar, duvaqlar",min ədəd,2013–2030,2025–2030,False,18,ACTUAL;Baseline,forecast_long.csv,makro OxLon §15.5.1
mx:v4_r078_mincut,oxlon:ours,"Kolqotlar, reytuzlar, corablar",min cüt,2013–2030,2025–2030,False,18,ACTUAL;Baseline,forecast_long.csv,makro OxLon §15.5.1
mx:v4_r079_mineded,oxlon:ours,Kişi və ya oğlanlar üçün pambıqdan və ya kimyəvi liflərdən hazırlanan istehsalat və ya peşə komplektləri,min ədəd,2013–2030,2025–2030,False,18,ACTUAL;Baseline,forecast_long.csv,makro OxLon §15.5.1
mx:v4_r080_mineded,oxlon:ours,"Kişi və ya oğlanlar üçün paltolar, gödəkçələr, plaşlar və oxşar məmulatlar",min ədəd,2013–2030,2025–2030,False,18,ACTUAL;Baseline,forecast_long.csv,makro OxLon §15.5.1
mx:v4_r081_mineded,oxlon:ours,Qadın və ya qızlar üçün donlar,min ədəd,2013–2030,2025–2030,False,18,ACTUAL;Baseline,forecast_long.csv,makro OxLon §15.5.1
mx:v4_r082_mineded,oxlon:ours,"Kişi və ya oğlanlar üçün köynəklər, alt köynəkləri",min ədəd,2013–2030,2025–2030,False,18,ACTUAL;Baseline,forecast_long.csv,makro OxLon §15.5.1
mx:v4_r084_minkvm,oxlon:ours,Laklı dəri və saxta laklı təbii dəri: metallaşdırılmış dəri,min kv.m,2013–2030,2025–2030,False,18,ACTUAL;Baseline,forecast_long.csv,makro OxLon §15.5.1
mx:v4_r085_ton,oxlon:ours,Ayaqqabı üçün dəri,ton,2013–2030,2025–2030,False,18,ACTUAL;Baseline,forecast_long.csv,makro OxLon §15.5.1
mx:v4_r086_mincut,oxlon:ours,Üstü dəridən olan kişi küçə ayaqqabısı,min cüt,2013–2030,2025–2030,False,18,ACTUAL;Baseline,forecast_long.csv,makro OxLon §15.5.1
mx:v4_r088_minkvm,oxlon:ours,Sair taxta lövhə parket,min kv.m,2013–2030,2025–2030,False,18,ACTUAL;Baseline,forecast_long.csv,makro OxLon §15.5.1
mx:v4_r089_eded,oxlon:ours,"Taxta qapı blokları (qapı çərçivələri və tayları), qapı kandarları",ədəd,2013–2030,2025–2030,False,18,ACTUAL;Baseline,forecast_long.csv,makro OxLon §15.5.1
mx:v4_r091_ton,oxlon:ours,Deşilmiş və ya deşilməmiş büzmələnmiş kağız və karton,ton,2013–2030,2025–2030,False,18,ACTUAL;Baseline,forecast_long.csv,makro OxLon §15.5.1
mx:v4_r092_ton,oxlon:ours,Kağız əl dəsmalları,ton,2013–2030,2025–2030,False,18,ACTUAL;Baseline,forecast_long.csv,makro OxLon §15.5.1
mx:v4_r094_mineded,oxlon:ours,Sadə tipli çap materiallarından başqa sair çap materialları,min ədəd,2013–2030,2025–2030,False,18,ACTUAL;Baseline,forecast_long.csv,makro OxLon §15.5.1
mx:v4_r095_mineded,oxlon:ours,"Kitab və kitabçaların, uşaqlar üçün kitab-şəkillərin və ya şəkil çəkmək üçün kitabların çap edilməsi",min ədəd,2013–2030,2025–2030,False,18,ACTUAL;Baseline,forecast_long.csv,makro OxLon §15.5.1
mx:v4_r097_minton,oxlon:ours,Neft məhsullarının istehsalı-cəmi,min ton,2013–2030,2025–2030,False,18,ACTUAL;Baseline,forecast_long.csv,makro OxLon §15.5.1
mx:v4_r098_minton,oxlon:ours,Avtobenzinlər,min ton,2013–2030,2025–2030,False,18,ACTUAL;Baseline,forecast_long.csv,makro OxLon §15.5.1
mx:v4_r099_minton,oxlon:ours,Hidrotəmizlənmiş benzin,min ton,2013–2030,2025–2030,False,18,ACTUAL;Baseline,forecast_long.csv,makro OxLon §15.5.1
mx:v4_r100_minton,oxlon:ours,Dizel yanacağı,min ton,2013–2030,2025–2030,False,18,ACTUAL;Baseline,forecast_long.csv,makro OxLon §15.5.1
mx:v4_r101_minton,oxlon:ours,Reaktiv mühərrik yanacağı,min ton,2013–2030,2025–2030,False,18,ACTUAL;Baseline,forecast_long.csv,makro OxLon §15.5.1
mx:v4_r102_minton,oxlon:ours,Soba mazutu,min ton,2013–2030,2025–2030,False,18,ACTUAL;Baseline,forecast_long.csv,makro OxLon §15.5.1
mx:v4_r103_minton,oxlon:ours,Neft koksu,min ton,2013–2030,2025–2030,False,18,ACTUAL;Baseline,forecast_long.csv,makro OxLon §15.5.1
mx:v4_r104_minton,oxlon:ours,Neft bitumu,min ton,2013–2030,2025–2030,False,18,ACTUAL;Baseline,forecast_long.csv,makro OxLon §15.5.1
mx:v4_r105_minton,oxlon:ours,Mühərrik yanacağı,min ton,2013–2030,2025–2030,False,18,ACTUAL;Baseline,forecast_long.csv,makro OxLon §15.5.1
mx:v4_r106_minton,oxlon:ours,Sürtkü yağları,min ton,2013–2030,2025–2030,False,18,ACTUAL;Baseline,forecast_long.csv,makro OxLon §15.5.1
mx:v4_r107_minton,oxlon:ours,Quru qaz,min ton,2013–2030,2025–2030,False,18,ACTUAL;Baseline,forecast_long.csv,makro OxLon §15.5.1
mx:v4_r109_minton,oxlon:ours,Propen (propilen),min ton,2013–2030,2025–2030,False,16,ACTUAL;Baseline,forecast_long.csv,makro OxLon §15.5.1
mx:v4_r110_minton,oxlon:ours,İzopropil spirti,min ton,2013–2030,2025–2030,False,18,ACTUAL;Baseline,forecast_long.csv,makro OxLon §15.5.1
mx:v4_r111_minton,oxlon:ours,"Xüsusi çəkisi 0,94-dən az olan xətti polietilen, ilkin formalarda",min ton,2013–2030,2025–2030,False,16,ACTUAL;Baseline,forecast_long.csv,makro OxLon §15.5.1
mx:v4_r112_minton,oxlon:ours,Digər qruplara daxil edilməyən doymamış açıq zənсirli karbohidrogenlər,min ton,2013–2030,2025–2030,False,18,ACTUAL;Baseline,forecast_long.csv,makro OxLon §15.5.1
mx:v4_r113_minton,oxlon:ours,Etilen,min ton,2013–2030,2025–2030,False,18,ACTUAL;Baseline,forecast_long.csv,makro OxLon §15.5.1
mx:v4_r114_minton,oxlon:ours,Digər ilkin formalarda polipropilen,min ton,2013–2030,2025–2030,False,18,ACTUAL;Baseline,forecast_long.csv,makro OxLon §15.5.1
mx:v4_r115_minton,oxlon:ours,Alüminium sulfat və ya barium sulfat,min ton,2013–2030,2025–2030,False,13,ACTUAL;Baseline,forecast_long.csv,makro OxLon §15.5.1
mx:v4_r116_minton,oxlon:ours,"Suda dispersiya və ya həll edilmiş sair boyalar, laklar",min ton,2013–2030,2025–2030,False,18,ACTUAL;Baseline,forecast_long.csv,makro OxLon §15.5.1
mx:v4_r117_minton,oxlon:ours,Metanol (metil spirti),min ton,2013–2030,2025–2030,False,16,ACTUAL;Baseline,forecast_long.csv,makro OxLon §15.5.1
mx:v4_r118_minton,oxlon:ours,Karbamid,min ton,2013–2030,2025–2030,False,16,ACTUAL;Baseline,forecast_long.csv,makro OxLon §15.5.1
mx:v4_r119_minton,oxlon:ours,Alüminium sulfat və ya barium sulfat,min ton,2013–2030,2025–2030,False,11,ACTUAL;Baseline,forecast_long.csv,makro OxLon §15.5.1
mx:v4_r121_minmanat,oxlon:ours,"Tərkibində digər antibiotiklər olan, pərakəndə satış üçün qablaşdırılan dərmanlar",min manat,2013–2030,2025–2030,False,18,ACTUAL;Baseline,forecast_long.csv,makro OxLon §15.5.1
mx:v4_r122_minmanat,oxlon:ours,"Tərkibində qarışıq və ya xalis məhsullar olan, digər qruplara daxil edilməyən, pərakəndə satış üçün qablaşdırılan sair dərmanlar",min manat,2013–2030,2025–2030,False,18,ACTUAL;Baseline,forecast_long.csv,makro OxLon §15.5.1
mx:v4_r124_ton,oxlon:ours,"Bərk polietilen borular, borucuqlar, şlanqlar, qollar",ton,2013–2030,2025–2030,False,18,ACTUAL;Baseline,forecast_long.csv,makro OxLon §15.5.1
mx:v4_r125_ton,oxlon:ours,"Bərk polipropilen borular, borucuqlar, şlanqlar, qollar",ton,2013–2030,2025–2030,False,18,ACTUAL;Baseline,forecast_long.csv,makro OxLon §15.5.1
mx:v4_r126_ton,oxlon:ours,"Digər qruplara daxil edilməyən sair bərk polietilen borular, borucuqlar, şlanqlar, qollar",ton,2013–2030,2025–2030,False,18,ACTUAL;Baseline,forecast_long.csv,makro OxLon §15.5.1
mx:v4_r127_ton,oxlon:ours,Plastik tara,ton,2013–2030,2025–2030,False,18,ACTUAL;Baseline,forecast_long.csv,makro OxLon §15.5.1
mx:v4_r128_mineded,oxlon:ours,"Butullar, butulkalar və həcmi 2 litrdən çox olmayan oxşar plastik məmulatlar",min ədəd,2013–2030,2025–2030,False,18,ACTUAL;Baseline,forecast_long.csv,makro OxLon §15.5.1
mx:v4_r130_minton,oxlon:ours,Sement,min ton,2013–2030,2025–2030,False,18,ACTUAL;Baseline,forecast_long.csv,makro OxLon §15.5.1
mx:v4_r131_minm3,oxlon:ours,Betondan yığma tikinti konstruksiyaları,min m3,2013–2030,2025–2030,False,18,ACTUAL;Baseline,forecast_long.csv,makro OxLon §15.5.1
mx:v4_r132_minton,oxlon:ours,Hörmə üçün hazır olan beton qarışığı,min ton,2013–2030,2025–2030,False,18,ACTUAL;Baseline,forecast_long.csv,makro OxLon §15.5.1
mx:v4_r133_minton,oxlon:ours,Asfalt,min ton,2013–2030,2025–2030,False,18,ACTUAL;Baseline,forecast_long.csv,makro OxLon §15.5.1
mx:v4_r134_minm3,oxlon:ours,Tikinti kərpicləri,min m3,2013–2030,2025–2030,False,18,ACTUAL;Baseline,forecast_long.csv,makro OxLon §15.5.1
mx:v4_r135_minm2,oxlon:ours,Kağız örtüklü quru mala təbəqələri və tikinti kartonu təbəqələri,min m2,2013–2030,2025–2030,False,18,ACTUAL;Baseline,forecast_long.csv,makro OxLon §15.5.1
mx:v4_r136_ton,oxlon:ours,Tikinti gipsi,ton,2013–2030,2025–2030,False,18,ACTUAL;Baseline,forecast_long.csv,makro OxLon §15.5.1
mx:v4_r137_minm2,oxlon:ours,Vərəqə şüşə,min m2,2013–2030,2025–2030,False,18,ACTUAL;Baseline,forecast_long.csv,makro OxLon §15.5.1
mx:v4_r138_minm2,oxlon:ours,"Döşəmə, sobalar və divar üçün keramika tavaları və lövhələri",min m2,2013–2030,2025–2030,False,18,ACTUAL;Baseline,forecast_long.csv,makro OxLon §15.5.1
mx:v4_r139_ton,oxlon:ours,"Yonulmuş/mişarlanmış, üst qatı düz/hamar, digər emala məruz qalan mərmər, travertin, (əhəng tufu), alebastr",ton,2013–2030,2025–2030,False,18,ACTUAL;Baseline,forecast_long.csv,makro OxLon §15.5.1
mx:v4_r141_ton,oxlon:ours,Qeyri-cins polad külcələr və tikişsiz boruların istehsalı üçün yarımfabrikatlar,ton,2013–2030,2025–2030,False,11,ACTUAL;Baseline,forecast_long.csv,makro OxLon §15.5.1
mx:v4_r142_ton,oxlon:ours,"Tikişsiz boruların istehsalı üçün cins polad külçələri, paslanmayan poladdan başqa",ton,2013–2030,2025–2030,False,18,ACTUAL;Baseline,forecast_long.csv,makro OxLon §15.5.1
mx:v4_r143_ton,oxlon:ours,Qeyri-cins poladdan dəstələr şəklində deformasiyaya uğradılmış katankalar (girdə çubuklar),ton,2013–2030,2025–2030,False,11,ACTUAL;Baseline,forecast_long.csv,makro OxLon §15.5.1
mx:v4_r144_ton,oxlon:ours,Alüminium vərəqə,ton,2017–2030,2025–2030,False,14,ACTUAL;Baseline,forecast_long.csv,makro OxLon §15.5.1
mx:v4_r145_ton,oxlon:ours,İlkin alüminium,ton,2013–2030,2025–2030,False,11,ACTUAL;Baseline,forecast_long.csv,makro OxLon §15.5.1
mx:v4_r147_minmanat,oxlon:ours,Qara metallardan yığma tikinti konstruksiyaları,min manat,2013–2030,2025–2030,False,18,ACTUAL;Baseline,forecast_long.csv,makro OxLon §15.5.1
mx:v4_r148_ton,oxlon:ours,Təbəqə materialından sair konstruksiyalar,ton,2013–2030,2025–2030,False,18,ACTUAL;Baseline,forecast_long.csv,makro OxLon §15.5.1
mx:v4_r149_ton,oxlon:ours,"Qara metallardan elektrik izolyasiyası olmayan çoxdamarlı məftil, tros və kanatlar",ton,2013–2030,2025–2030,False,18,ACTUAL;Baseline,forecast_long.csv,makro OxLon §15.5.1
mx:v4_r151_eded,oxlon:ours,"Digər qruplara daxil edilməyən, avtomatik tənzimləmə və idarəetmə üçün cihaz və aparatlar",ədəd,2013–2030,2025–2030,False,18,ACTUAL;Baseline,forecast_long.csv,makro OxLon §15.5.1
mx:v4_r153_eded,oxlon:ours,Güc 650 kVA-dən çox olmayan maye dielektrikli transformatorlar,ədəd,2013–2030,2025–2030,False,18,ACTUAL;Baseline,forecast_long.csv,makro OxLon §15.5.1
mx:v4_r154_eded,oxlon:ours,"Güc 650 kVA-dən çox olan, lakin 10000 kVA-dən çox olmayan maye dielektrikli transformatorlar",ədəd,2013–2030,2025–2030,False,18,ACTUAL;Baseline,forecast_long.csv,makro OxLon §15.5.1
mx:v4_r155_eded,oxlon:ours,Gücü 10000 kVA-dən çox olan maye dielektrikli transformatorlar,ədəd,2013–2030,2025–2030,False,18,ACTUAL;Baseline,forecast_long.csv,makro OxLon §15.5.1
mx:v4_r156_ton,oxlon:ours,1000 V-dan çox olmayan gərginlik üçün birləşdirici detalları olan elektrik cərəyan naqilləri,ton,2013–2030,2025–2030,False,18,ACTUAL;Baseline,forecast_long.csv,makro OxLon §15.5.1
mx:v4_r157_eded,oxlon:ours,Məişət soyuducuları,ədəd,2013–2030,2025–2030,False,18,ACTUAL;Baseline,forecast_long.csv,makro OxLon §15.5.1
mx:v4_r158_eded,oxlon:ours,"Müvafiq aparatlarla komplektləş-dirilməyən məmulat üçün paylaşdırıcı lövhələr, panellər, konsollar, stollar, şkaflar və sair əsaslar",ədəd,2013–2030,2025–2030,False,18,ACTUAL;Baseline,forecast_long.csv,makro OxLon §15.5.1
mx:v4_r160_minmanat,oxlon:ours,Maye üçün nasosların və maye qaldırıcılarının hissələri,min manat,2013–2030,2025–2030,False,18,ACTUAL;Baseline,forecast_long.csv,makro OxLon §15.5.1
mx:v4_r161_eded,oxlon:ours,Odsöndürənlər,ədəd,2013–2030,2025–2030,False,18,ACTUAL;Baseline,forecast_long.csv,makro OxLon §15.5.1
mx:v4_r162_eded,oxlon:ours,Traktorlar,ədəd,2013–2030,2025–2030,False,11,ACTUAL;Baseline,forecast_long.csv,makro OxLon §15.5.1
mx:v4_r164_eded,oxlon:ours,Yük avtomobilləri,ədəd,2013–2030,2025–2030,False,18,ACTUAL;Baseline,forecast_long.csv,makro OxLon §15.5.1
mx:v4_r165_eded,oxlon:ours,Qoşqular və yarımqoşqular,ədəd,2013–2030,2025–2030,False,11,ACTUAL;Baseline,forecast_long.csv,makro OxLon §15.5.1
mx:v4_r166_eded,oxlon:ours,Minik avtomobilləri,ədəd,2013–2030,2025–2030,False,18,ACTUAL;Baseline,forecast_long.csv,makro OxLon §15.5.1
mx:v4_r168_minmanat,oxlon:ours,"Yol qurğuları və armaturu da daxil edilməklə, yollar üçün avadanlıq və materiallar: dəmir yolu və tramvay yolları üçün avadanlıq hissələri",min manat,2013–2030,2025–2030,False,18,ACTUAL;Baseline,forecast_long.csv,makro OxLon §15.5.1
mx:v4_r169_minmanat,oxlon:ours,"Dəmir yolu lokomotovlərinin və motorlu vaqonların, motorlu tramvay vaqonlarının və dəmir yolu nəqliyyatı vasitələrinin bərpa edilməsi",min manat,2013–2030,2025–2030,False,18,ACTUAL;Baseline,forecast_long.csv,makro OxLon §15.5.1
mx:v4_r170_minmanat,oxlon:ours,Gəmilərin və üzən qurğuların qayırılması,min manat,2013–2030,2025–2030,False,18,ACTUAL;Baseline,forecast_long.csv,makro OxLon §15.5.1
mx:v4_r172_eded,oxlon:ours,Ofis tipli taxta mebellər,ədəd,2013–2030,2025–2030,False,18,ACTUAL;Baseline,forecast_long.csv,makro OxLon §15.5.1
mx:v4_r173_eded,oxlon:ours,Mətbəxt üçün ağac mebellər,ədəd,2013–2030,2025–2030,False,18,ACTUAL;Baseline,forecast_long.csv,makro OxLon §15.5.1
mx:v4_r174_eded,oxlon:ours,Yataq otağı üçün taxta mebellər,ədəd,2013–2030,2025–2030,False,18,ACTUAL;Baseline,forecast_long.csv,makro OxLon §15.5.1
mx:v4_r175_eded,oxlon:ours,Taxta karkaslı oturmaq üçün üz çəkilmiş mebel,ədəd,2013–2030,2025–2030,False,18,ACTUAL;Baseline,forecast_long.csv,makro OxLon §15.5.1
mx:v4_r177_minmanat,oxlon:ours,"Gəmilərin, qayıqların və s. üzən vasitələrin (gəzinti və idman gəmilərindən başqa) təmiri",min manat,2013–2030,2025–2030,False,18,ACTUAL;Baseline,forecast_long.csv,makro OxLon §15.5.1
mx:v4_r180_mineded,oxlon:ours,"Zərgərlik məmulatları və qiymətli metallardan onların hissələri (qalvanik örtüklü, qızıla (gümüşə) tutulmuş metallar da daxil edilməklə)",min ədəd,2017–2030,2025–2030,False,14,ACTUAL;Baseline,forecast_long.csv,makro OxLon §15.5.1
mx:v4_r182_qvts,oxlon:ours,İstilik Elektrik Stansiyalarının (İES) şərti termik elektriki (hasilat xammalı ilə işləyən İES-də istehsal edilən),QVt.s,2013–2030,2025–2030,False,18,ACTUAL;Baseline,forecast_long.csv,makro OxLon §15.5.1
mx:v4_r183_mlnm3,oxlon:ours,"Qaz zavodlarının qazı (karbonlaşdırma, krekinq, qazlaşdırma və ya qazın və/və ya qaz zavodlarının havasının sadə qarışığı yolu ilə alınan qaz)",mln m3,2013–2030,2025–2030,False,16,ACTUAL;Baseline,forecast_long.csv,makro OxLon §15.5.1
mx:v4_r184_qvts,oxlon:ours,Külək və günəşlə işləyən stansiyalarının elektriki,QVt.s,2013–2030,2025–2030,False,18,ACTUAL;Baseline,forecast_long.csv,makro OxLon §15.5.1
mx:v4_r186_mlnm3,oxlon:ours,İstehlakçılara satılan su,mln. m3,2013–2030,2025–2030,False,11,ACTUAL;Baseline,forecast_long.csv,makro OxLon §15.5.1
mx:v4_r187_mlnm3,oxlon:ours,Təbii suyun təmizlənməsi və boru kəməri ilə bölüşdürülməsi xidmətləri,mln. m3,2013–2030,2025–2030,False,18,ACTUAL;Baseline,forecast_long.csv,makro OxLon §15.5.1
mx:v4_r190_mlnton,oxlon:ours,Nəqliyyat sektorunda yük daşınması - cəmi,mln ton,2013–2030,2025–2030,False,18,ACTUAL;Baseline,forecast_long.csv,makro OxLon §15.5.1
mx:v4_r191_mlnton,oxlon:ours,Dəmir yolu,mln ton,2013–2030,2025–2030,False,18,ACTUAL;Baseline,forecast_long.csv,makro OxLon §15.5.1
mx:v4_r192_mlnton,oxlon:ours,Avtomobil,mln ton,2013–2030,2025–2030,False,18,ACTUAL;Baseline,forecast_long.csv,makro OxLon §15.5.1
mx:v4_r193_mlnton,oxlon:ours,Dəniz,mln ton,2013–2030,2025–2030,False,18,ACTUAL;Baseline,forecast_long.csv,makro OxLon §15.5.1
mx:v4_r194_mlnton,oxlon:ours,Hava,mln ton,2013–2030,2025–2030,False,18,ACTUAL;Baseline,forecast_long.csv,makro OxLon §15.5.1
mx:v4_r195_mlnton,oxlon:ours,Boru kəməri,mln ton,2013–2030,2025–2030,False,18,ACTUAL;Baseline,forecast_long.csv,makro OxLon §15.5.1
mx:v4_r196_mlnton,oxlon:ours,Neft kəməri,mln ton,2013–2030,2025–2030,False,18,ACTUAL;Baseline,forecast_long.csv,makro OxLon §15.5.1
mx:v4_r197_mlnton,oxlon:ours,BTC üzrə,mln ton,2013–2030,2025–2030,False,18,ACTUAL;Baseline,forecast_long.csv,makro OxLon §15.5.1
mx:v4_r198_mlnton,oxlon:ours,Qaz kəməri,mln ton,2013–2030,2025–2030,False,18,ACTUAL;Baseline,forecast_long.csv,makro OxLon §15.5.1
mx:v4_r199_mlnton,oxlon:ours,CQBK üzrə,mln ton,2013–2030,2025–2030,False,18,ACTUAL;Baseline,forecast_long.csv,makro OxLon §15.5.1
mx:v4_r200_mlrdtkm,oxlon:ours,Nəqliyyat sektorunda yük dövriyyəsi - cəmi,mlrd t-km,2013–2030,2025–2030,False,18,ACTUAL;Baseline,forecast_long.csv,makro OxLon §15.5.1
mx:v4_r201_mlrdtkm,oxlon:ours,Dəmir yolu,mlrd t-km,2013–2030,2025–2030,False,18,ACTUAL;Baseline,forecast_long.csv,makro OxLon §15.5.1
mx:v4_r202_mlrdtkm,oxlon:ours,Avtomobil,mlrd t-km,2013–2030,2025–2030,False,18,ACTUAL;Baseline,forecast_long.csv,makro OxLon §15.5.1
mx:v4_r203_mlrdtkm,oxlon:ours,Dəniz,mlrd t-km,2013–2030,2025–2030,False,18,ACTUAL;Baseline,forecast_long.csv,makro OxLon §15.5.1
mx:v4_r204_mlrdtkm,oxlon:ours,Hava,mlrd t-km,2013–2030,2025–2030,False,18,ACTUAL;Baseline,forecast_long.csv,makro OxLon §15.5.1
mx:v4_r205_mlrdtkm,oxlon:ours,Boru kəməri,mlrd t-km,2013–2030,2025–2030,False,18,ACTUAL;Baseline,forecast_long.csv,makro OxLon §15.5.1
mx:v4_r206_mlrdtkm,oxlon:ours,Neft kəməri,mlrd t-km,2013–2030,2025–2030,False,18,ACTUAL;Baseline,forecast_long.csv,makro OxLon §15.5.1
mx:v4_r207_mlrdtkm,oxlon:ours,BTC üzrə,mlrd t-km,2013–2030,2025–2030,False,18,ACTUAL;Baseline,forecast_long.csv,makro OxLon §15.5.1
mx:v4_r208_mlrdtkm,oxlon:ours,Qaz kəməri,mlrd t-km,2013–2030,2025–2030,False,18,ACTUAL;Baseline,forecast_long.csv,makro OxLon §15.5.1
mx:v4_r209_mlrdtkm,oxlon:ours,CQBK üzrə,mlrd t-km,2013–2030,2025–2030,False,18,ACTUAL;Baseline,forecast_long.csv,makro OxLon §15.5.1
mx:v4_r210_mlnsernkm,oxlon:ours,Nəqliyyat sektorunda sərnişin dövriyyəsi,mln sərn.-km,2013–2030,2025–2030,False,18,ACTUAL;Baseline,forecast_long.csv,makro OxLon §15.5.1
mx:v4_r211_mlnsernkm,oxlon:ours,Dəmir yolu,mln sərn.-km,2013–2030,2025–2030,False,18,ACTUAL;Baseline,forecast_long.csv,makro OxLon §15.5.1
mx:v4_r212_mlnsernkm,oxlon:ours,Avtobus və taksi,mln sərn.-km,2013–2030,2025–2030,False,18,ACTUAL;Baseline,forecast_long.csv,makro OxLon §15.5.1
mx:v4_r213_mlnsernkm,oxlon:ours,Dəniz,mln sərn.-km,2013–2030,2025–2030,False,18,ACTUAL;Baseline,forecast_long.csv,makro OxLon §15.5.1
mx:v4_r214_mlnsernkm,oxlon:ours,Hava,mln sərn.-km,2013–2030,2025–2030,False,18,ACTUAL;Baseline,forecast_long.csv,makro OxLon §15.5.1
mx:v4_r215_mlnsernkm,oxlon:ours,Metro,mln sərn.-km,2013–2030,2025–2030,False,18,ACTUAL;Baseline,forecast_long.csv,makro OxLon §15.5.1
mx:v4_r217_minnefer,oxlon:ours,Mobil telefon abunəçilərinin (nömrələrin) sayı,min nəfər,2013–2030,2025–2030,False,18,ACTUAL;Baseline,forecast_long.csv,makro OxLon §15.5.1
mx:v4_r218_mineded,oxlon:ours,Əsas telefon aparatlarının sayı,min ədəd,2013–2030,2025–2030,False,18,ACTUAL;Baseline,forecast_long.csv,makro OxLon §15.5.1
mx:v4_r219_eded,oxlon:ours,Əhalinin hər 100 nəfərinə düşən əsas telefon aparatlarının sayı,ədəd,2013–2030,2025–2030,False,18,ACTUAL;Baseline,forecast_long.csv,makro OxLon §15.5.1
mx:va_act_agri,oxlon:ours,"Kənd, meşə və balıqçılıq təsərrüfatı — əlavə dəyər (fəaliyyət strukturu)",mln AZN,2013–2030,2026–2030,False,18,ACTUAL;Baseline,forecast_long.csv,makro OxLon §15.5.1
mx:va_act_constr,oxlon:ours,Tikinti — əlavə dəyər (fəaliyyət strukturu),mln AZN,2013–2030,2026–2030,False,18,ACTUAL;Baseline,forecast_long.csv,makro OxLon §15.5.1
mx:va_act_industry,oxlon:ours,Sənaye (cəmi) — əlavə dəyər (fəaliyyət strukturu),mln AZN,2013–2030,2026–2030,False,18,ACTUAL;Baseline,forecast_long.csv,makro OxLon §15.5.1
mx:va_act_industry_nonoil,oxlon:ours,"Sənaye — qeyri-neft (emal, enerji, su təchizatı) — əlavə dəyər (fəaliyyət strukturu)",mln AZN,2013–2030,2026–2030,False,18,ACTUAL;Baseline,forecast_long.csv,makro OxLon §15.5.1
mx:va_act_industry_oil,oxlon:ours,Sənaye — neft-qaz (mədənçıxarma) — əlavə dəyər (fəaliyyət strukturu),mln AZN,2013–2030,2026–2030,False,18,ACTUAL;Baseline,forecast_long.csv,makro OxLon §15.5.1
mx:va_act_nettax,oxlon:ours,Məhsula və idxala xalis vergilər — əlavə dəyər (fəaliyyət strukturu),mln AZN,2013–2030,2026–2030,False,18,ACTUAL;Baseline,forecast_long.csv,makro OxLon §15.5.1
mx:va_act_services,oxlon:ours,Xidmətlər (cəmi) — əlavə dəyər (fəaliyyət strukturu),mln AZN,2013–2030,2026–2030,False,18,ACTUAL;Baseline,forecast_long.csv,makro OxLon §15.5.1
mx:va_act_total,oxlon:ours,ÜDM (5 budağın cəmi) — əlavə dəyər (fəaliyyət strukturu),mln AZN,2013–2030,2026–2030,False,18,ACTUAL;Baseline,forecast_long.csv,makro OxLon §15.5.1
mx:va_agri,oxlon:ours,"Kənd, meşə və balıqçılıq təsərrüfatı — əlavə dəyər",mln AZN,2000–2030,2026–2030,False,31,ACTUAL;Baseline,forecast_long.csv,makro OxLon §15.5.1
mx:va_constr,oxlon:ours,Tikinti — əlavə dəyər,mln AZN,2000–2030,2026–2030,False,31,ACTUAL;Baseline,forecast_long.csv,makro OxLon §15.5.1
mx:va_ict,oxlon:ours,İnformasiya və rabitə — əlavə dəyər,mln AZN,2000–2030,2026–2030,False,31,ACTUAL;Baseline,forecast_long.csv,makro OxLon §15.5.1
mx:va_industry_nonoil_prod,oxlon:ours,Qeyri neft-qaz sənayesi — əlavə dəyər (aşağıdan-yuxarı),mln AZN,2016–2030,2026–2030,False,15,ACTUAL;Baseline,forecast_long.csv,makro OxLon §15.5.1
mx:va_industry_oil_prod,oxlon:ours,Neft-qaz sənayesi — əlavə dəyər (aşağıdan-yuxarı),mln AZN,2016–2030,2026–2030,False,15,ACTUAL;Baseline,forecast_long.csv,makro OxLon §15.5.1
mx:va_manuf,oxlon:ours,Emal sənayesi — əlavə dəyər,mln AZN,2005–2030,2026–2030,False,26,ACTUAL;Baseline,forecast_long.csv,makro OxLon §15.5.1
mx:va_mining,oxlon:ours,Mədənçıxarma sənayesi — əlavə dəyər,mln AZN,2005–2030,2026–2030,False,26,ACTUAL;Baseline,forecast_long.csv,makro OxLon §15.5.1
mx:va_mining_nonoil,oxlon:ours,Mədənçıxarma — qeyri-neft hissəsi üzrə əlavə dəyər,mln AZN,2016–2030,2026–2030,False,15,ACTUAL;Baseline,forecast_long.csv,makro OxLon §15.5.1
mx:va_mining_oilgas,oxlon:ours,Mədənçıxarma — xam neft və qaz hasilatı üzrə əlavə dəyər,mln AZN,2016–2030,2026–2030,False,15,ACTUAL;Baseline,forecast_long.csv,makro OxLon §15.5.1
mx:va_nonoil_prod,oxlon:ours,"Qeyri-neft sektorunun əlavə dəyəri (istehsal metodu, əsas qiymətlərlə)",mln AZN,2016–2030,2026–2030,False,15,ACTUAL;Baseline,forecast_long.csv,makro OxLon §15.5.1
mx:va_power,oxlon:ours,"Elektrik enerjisi, qaz və buxar istehsalı və təchizatı — əlavə dəyər",mln AZN,2005–2030,2026–2030,False,26,ACTUAL;Baseline,forecast_long.csv,makro OxLon §15.5.1
mx:va_social,oxlon:ours,Sosial və digər sahələrdə yaradılmış əlavə dəyər — əlavə dəyər,mln AZN,2000–2030,2026–2030,False,31,ACTUAL;Baseline,forecast_long.csv,makro OxLon §15.5.1
mx:va_tourism,oxlon:ours,Turistlərin yerləşdirilməsi və ictimai iaşə — əlavə dəyər,mln AZN,2000–2030,2026–2030,False,31,ACTUAL;Baseline,forecast_long.csv,makro OxLon §15.5.1
mx:va_trade,oxlon:ours,"Ticarət, nəqliyyat vasitələrinin təmiri — əlavə dəyər",mln AZN,2000–2030,2026–2030,False,31,ACTUAL;Baseline,forecast_long.csv,makro OxLon §15.5.1
mx:va_transport,oxlon:ours,Nəqliyyat və anbar təsərrüfatı — əlavə dəyər,mln AZN,2000–2030,2026–2030,False,31,ACTUAL;Baseline,forecast_long.csv,makro OxLon §15.5.1
mx:va_water,oxlon:ours,"Su təchizatı, tullantıların təmizlənməsi və emalı — əlavə dəyər",mln AZN,2005–2030,2026–2030,False,26,ACTUAL;Baseline,forecast_long.csv,makro OxLon §15.5.1
mx:wage_avg,oxlon:ours,Orta aylıq əmək haqqı,AZN,1995–2030,2026–2030,False,36,ACTUAL;Baseline,forecast_long.csv,makro OxLon §15.5.1
mx:wage_avg_dvx,oxlon:ours,Orta aylıq əmək haqqı (DVX),AZN,2021–2025,,False,5,ACTUAL,forecast_long.csv,makro OxLon §15.5.1
mx:wage_avg_nonoil_dvx,oxlon:ours,Qeyri neft-qaz sektorunda orta aylıq əmək haqqı (DVX),AZN,2021–2025,,False,5,ACTUAL,forecast_long.csv,makro OxLon §15.5.1
mx:wage_avg_realg,oxlon:ours,Orta aylıq əmək haqqının real artım tempi,%,1996–2030,2026–2030,True,35,ACTUAL;Baseline,forecast_long.csv,makro OxLon §15.5.1
mx:wage_fund_moe,oxlon:ours,Əmək haqqı fondu (sahə bloku üzrə),mln AZN,2000–2030,2026–2030,False,30,ACTUAL;Baseline,forecast_long.csv,makro OxLon §15.5.1
mx:wage_fund_nonoil,oxlon:ours,Qeyri neft-qaz sektorunda cəmi əmək haqqı fondu,mln AZN,2021–2025,,False,5,ACTUAL,forecast_long.csv,makro OxLon §15.5.1
mx:wage_fund_nonoil_nonstate,oxlon:ours,Qeyri neft-qaz qeyri-dövlət bölməsində əmək haqqı fondu,mln AZN,2021–2025,,False,5,ACTUAL,forecast_long.csv,makro OxLon §15.5.1
mx:wage_fund_total,oxlon:ours,Cəmi əmək haqqı fondu,mln AZN,2021–2025,,False,5,ACTUAL,forecast_long.csv,makro OxLon §15.5.1
mx:wage_manuf,oxlon:ours,Emal sənayesi — orta aylıq əmək haqqı,AZN,2016–2025,,False,10,ACTUAL,forecast_long.csv,makro OxLon §15.5.1
mx:wage_mining,oxlon:ours,Mədənçıxarma sənayesi — orta aylıq əmək haqqı,AZN,2016–2025,,False,10,ACTUAL,forecast_long.csv,makro OxLon §15.5.1
mx:wage_nonoil,oxlon:ours,Qeyri neft-qaz sektorunda orta aylıq əmək haqqı,AZN,2005–2030,2026–2030,False,26,ACTUAL;Baseline,forecast_long.csv,makro OxLon §15.5.1
mx:wage_oil,oxlon:ours,Neft-qaz sektorunda orta aylıq əmək haqqı,AZN,2005–2030,2026–2030,False,26,ACTUAL;Baseline,forecast_long.csv,makro OxLon §15.5.1
mx:wage_power,oxlon:ours,"Elektrik enerjisi, qaz və buxar istehsalı — orta aylıq əmək haqqı",AZN,2016–2025,,False,10,ACTUAL,forecast_long.csv,makro OxLon §15.5.1
mx:wage_private,oxlon:ours,Özəl sektorda orta aylıq əmək haqqı,AZN,2005–2030,2026–2030,False,26,ACTUAL;Baseline,forecast_long.csv,makro OxLon §15.5.1
mx:wage_ssc_admin,oxlon:ours,"İnzibati və yardımçı xidmətlərin göstərilməsi — orta aylıq nominal əmək haqqı, cəmi (DSK)",AZN,2005–2025,,False,21,ACTUAL,forecast_long.csv,makro OxLon §15.5.1
mx:wage_ssc_admin_nonstate,oxlon:ours,"İnzibati və yardımçı xidmətlərin göstərilməsi — orta aylıq nominal əmək haqqı, qeyri-dövlət (DSK)",AZN,2005–2025,,False,21,ACTUAL,forecast_long.csv,makro OxLon §15.5.1
mx:wage_ssc_admin_state,oxlon:ours,"İnzibati və yardımçı xidmətlərin göstərilməsi — orta aylıq nominal əmək haqqı, dövlət (DSK)",AZN,2005–2025,,False,21,ACTUAL,forecast_long.csv,makro OxLon §15.5.1
mx:wage_ssc_agri,oxlon:ours,"Kənd, meşə və balıqçılıq təsərrüfatı — orta aylıq nominal əmək haqqı, cəmi (DSK)",AZN,2005–2025,,False,21,ACTUAL,forecast_long.csv,makro OxLon §15.5.1
mx:wage_ssc_agri_nonstate,oxlon:ours,"Kənd, meşə və balıqçılıq təsərrüfatı — orta aylıq nominal əmək haqqı, qeyri-dövlət (DSK)",AZN,2005–2025,,False,21,ACTUAL,forecast_long.csv,makro OxLon §15.5.1
mx:wage_ssc_agri_state,oxlon:ours,"Kənd, meşə və balıqçılıq təsərrüfatı — orta aylıq nominal əmək haqqı, dövlət (DSK)",AZN,2005–2025,,False,21,ACTUAL,forecast_long.csv,makro OxLon §15.5.1
mx:wage_ssc_art,oxlon:ours,"İstirahət, əyləncə və incəsənət sahəsində fəaliyyət — orta aylıq nominal əmək haqqı, cəmi (DSK)",AZN,2005–2025,,False,21,ACTUAL,forecast_long.csv,makro OxLon §15.5.1
mx:wage_ssc_art_nonstate,oxlon:ours,"İstirahət, əyləncə və incəsənət sahəsində fəaliyyət — orta aylıq nominal əmək haqqı, qeyri-dövlət (DSK)",AZN,2005–2025,,False,21,ACTUAL,forecast_long.csv,makro OxLon §15.5.1
mx:wage_ssc_art_state,oxlon:ours,"İstirahət, əyləncə və incəsənət sahəsində fəaliyyət — orta aylıq nominal əmək haqqı, dövlət (DSK)",AZN,2005–2025,,False,21,ACTUAL,forecast_long.csv,makro OxLon §15.5.1
mx:wage_ssc_constr,oxlon:ours,"Tikinti — orta aylıq nominal əmək haqqı, cəmi (DSK)",AZN,2005–2025,,False,21,ACTUAL,forecast_long.csv,makro OxLon §15.5.1
mx:wage_ssc_constr_nonstate,oxlon:ours,"Tikinti — orta aylıq nominal əmək haqqı, qeyri-dövlət (DSK)",AZN,2005–2025,,False,21,ACTUAL,forecast_long.csv,makro OxLon §15.5.1
mx:wage_ssc_constr_state,oxlon:ours,"Tikinti — orta aylıq nominal əmək haqqı, dövlət (DSK)",AZN,2005–2025,,False,21,ACTUAL,forecast_long.csv,makro OxLon §15.5.1
mx:wage_ssc_educ,oxlon:ours,"Təhsil — orta aylıq nominal əmək haqqı, cəmi (DSK)",AZN,2005–2025,,False,21,ACTUAL,forecast_long.csv,makro OxLon §15.5.1
mx:wage_ssc_educ_nonstate,oxlon:ours,"Təhsil — orta aylıq nominal əmək haqqı, qeyri-dövlət (DSK)",AZN,2005–2025,,False,21,ACTUAL,forecast_long.csv,makro OxLon §15.5.1
mx:wage_ssc_educ_state,oxlon:ours,"Təhsil — orta aylıq nominal əmək haqqı, dövlət (DSK)",AZN,2005–2025,,False,21,ACTUAL,forecast_long.csv,makro OxLon §15.5.1
mx:wage_ssc_finance,oxlon:ours,"Maliyyə və sığorta fəaliyyəti — orta aylıq nominal əmək haqqı, cəmi (DSK)",AZN,2005–2025,,False,21,ACTUAL,forecast_long.csv,makro OxLon §15.5.1
mx:wage_ssc_finance_nonstate,oxlon:ours,"Maliyyə və sığorta fəaliyyəti — orta aylıq nominal əmək haqqı, qeyri-dövlət (DSK)",AZN,2005–2025,,False,21,ACTUAL,forecast_long.csv,makro OxLon §15.5.1
mx:wage_ssc_finance_state,oxlon:ours,"Maliyyə və sığorta fəaliyyəti — orta aylıq nominal əmək haqqı, dövlət (DSK)",AZN,2005–2025,,False,21,ACTUAL,forecast_long.csv,makro OxLon §15.5.1
mx:wage_ssc_health,oxlon:ours,"Əhaliyə səhiyyə və sosial xidmətlərin göstərilməsi — orta aylıq nominal əmək haqqı, cəmi (DSK)",AZN,2005–2025,,False,21,ACTUAL,forecast_long.csv,makro OxLon §15.5.1
mx:wage_ssc_health_nonstate,oxlon:ours,"Əhaliyə səhiyyə və sosial xidmətlərin göstərilməsi — orta aylıq nominal əmək haqqı, qeyri-dövlət (DSK)",AZN,2005–2025,,False,21,ACTUAL,forecast_long.csv,makro OxLon §15.5.1
mx:wage_ssc_health_state,oxlon:ours,"Əhaliyə səhiyyə və sosial xidmətlərin göstərilməsi — orta aylıq nominal əmək haqqı, dövlət (DSK)",AZN,2005–2025,,False,21,ACTUAL,forecast_long.csv,makro OxLon §15.5.1
mx:wage_ssc_ict,oxlon:ours,"İnformasiya və rabitə — orta aylıq nominal əmək haqqı, cəmi (DSK)",AZN,2005–2025,,False,21,ACTUAL,forecast_long.csv,makro OxLon §15.5.1
mx:wage_ssc_ict_nonstate,oxlon:ours,"İnformasiya və rabitə — orta aylıq nominal əmək haqqı, qeyri-dövlət (DSK)",AZN,2005–2025,,False,21,ACTUAL,forecast_long.csv,makro OxLon §15.5.1
mx:wage_ssc_ict_state,oxlon:ours,"İnformasiya və rabitə — orta aylıq nominal əmək haqqı, dövlət (DSK)",AZN,2005–2025,,False,21,ACTUAL,forecast_long.csv,makro OxLon §15.5.1
mx:wage_ssc_manuf,oxlon:ours,"Emal sənayesi — orta aylıq nominal əmək haqqı, cəmi (DSK)",AZN,2005–2025,,False,21,ACTUAL,forecast_long.csv,makro OxLon §15.5.1
mx:wage_ssc_manuf_nonstate,oxlon:ours,"Emal sənayesi — orta aylıq nominal əmək haqqı, qeyri-dövlət (DSK)",AZN,2005–2025,,False,21,ACTUAL,forecast_long.csv,makro OxLon §15.5.1
mx:wage_ssc_manuf_state,oxlon:ours,"Emal sənayesi — orta aylıq nominal əmək haqqı, dövlət (DSK)",AZN,2005–2025,,False,21,ACTUAL,forecast_long.csv,makro OxLon §15.5.1
mx:wage_ssc_mining,oxlon:ours,"Mədənçıxarma sənayesi — orta aylıq nominal əmək haqqı, cəmi (DSK)",AZN,2005–2025,,False,21,ACTUAL,forecast_long.csv,makro OxLon §15.5.1
mx:wage_ssc_mining_nonstate,oxlon:ours,"Mədənçıxarma sənayesi — orta aylıq nominal əmək haqqı, qeyri-dövlət (DSK)",AZN,2005–2025,,False,21,ACTUAL,forecast_long.csv,makro OxLon §15.5.1
mx:wage_ssc_mining_state,oxlon:ours,"Mədənçıxarma sənayesi — orta aylıq nominal əmək haqqı, dövlət (DSK)",AZN,2005–2025,,False,21,ACTUAL,forecast_long.csv,makro OxLon §15.5.1
mx:wage_ssc_other,oxlon:ours,"Digər sahələrdə xidmətlərin göstərilməsi — orta aylıq nominal əmək haqqı, cəmi (DSK)",AZN,2005–2025,,False,21,ACTUAL,forecast_long.csv,makro OxLon §15.5.1
mx:wage_ssc_other_nonstate,oxlon:ours,"Digər sahələrdə xidmətlərin göstərilməsi — orta aylıq nominal əmək haqqı, qeyri-dövlət (DSK)",AZN,2005–2025,,False,21,ACTUAL,forecast_long.csv,makro OxLon §15.5.1
mx:wage_ssc_other_state,oxlon:ours,"Digər sahələrdə xidmətlərin göstərilməsi — orta aylıq nominal əmək haqqı, dövlət (DSK)",AZN,2005–2025,,False,21,ACTUAL,forecast_long.csv,makro OxLon §15.5.1
mx:wage_ssc_power,oxlon:ours,"Elektrik enerjisi, qaz və buxar istehsalı, bölüşdürülməsi və təchizatı — orta aylıq nominal əmək haqqı, cəmi (DSK)",AZN,2005–2025,,False,21,ACTUAL,forecast_long.csv,makro OxLon §15.5.1
mx:wage_ssc_power_nonstate,oxlon:ours,"Elektrik enerjisi, qaz və buxar istehsalı, bölüşdürülməsi və təchizatı — orta aylıq nominal əmək haqqı, qeyri-dövlət (DSK)",AZN,2005–2025,,False,21,ACTUAL,forecast_long.csv,makro OxLon §15.5.1
mx:wage_ssc_power_state,oxlon:ours,"Elektrik enerjisi, qaz və buxar istehsalı, bölüşdürülməsi və təchizatı — orta aylıq nominal əmək haqqı, dövlət (DSK)",AZN,2005–2025,,False,21,ACTUAL,forecast_long.csv,makro OxLon §15.5.1
mx:wage_ssc_prof,oxlon:ours,"Peşə, elmi və texniki fəaliyyət — orta aylıq nominal əmək haqqı, cəmi (DSK)",AZN,2005–2025,,False,21,ACTUAL,forecast_long.csv,makro OxLon §15.5.1
mx:wage_ssc_prof_nonstate,oxlon:ours,"Peşə, elmi və texniki fəaliyyət — orta aylıq nominal əmək haqqı, qeyri-dövlət (DSK)",AZN,2005–2025,,False,21,ACTUAL,forecast_long.csv,makro OxLon §15.5.1
mx:wage_ssc_prof_state,oxlon:ours,"Peşə, elmi və texniki fəaliyyət — orta aylıq nominal əmək haqqı, dövlət (DSK)",AZN,2005–2025,,False,21,ACTUAL,forecast_long.csv,makro OxLon §15.5.1
mx:wage_ssc_pubadm,oxlon:ours,"Dövlət idarəetmə və müdafiə; sosial təminat — orta aylıq nominal əmək haqqı, cəmi (DSK)",AZN,2005–2025,,False,21,ACTUAL,forecast_long.csv,makro OxLon §15.5.1
mx:wage_ssc_pubadm_nonstate,oxlon:ours,"Dövlət idarəetmə və müdafiə; sosial təminat — orta aylıq nominal əmək haqqı, qeyri-dövlət (DSK)",AZN,2005–2025,,False,21,ACTUAL,forecast_long.csv,makro OxLon §15.5.1
mx:wage_ssc_pubadm_state,oxlon:ours,"Dövlət idarəetmə və müdafiə; sosial təminat — orta aylıq nominal əmək haqqı, dövlət (DSK)",AZN,2005–2025,,False,21,ACTUAL,forecast_long.csv,makro OxLon §15.5.1
mx:wage_ssc_realest,oxlon:ours,"Daşınmaz əmlakla əlaqədar əməliyyatlar — orta aylıq nominal əmək haqqı, cəmi (DSK)",AZN,2005–2025,,False,21,ACTUAL,forecast_long.csv,makro OxLon §15.5.1
mx:wage_ssc_realest_nonstate,oxlon:ours,"Daşınmaz əmlakla əlaqədar əməliyyatlar — orta aylıq nominal əmək haqqı, qeyri-dövlət (DSK)",AZN,2005–2025,,False,21,ACTUAL,forecast_long.csv,makro OxLon §15.5.1
mx:wage_ssc_realest_state,oxlon:ours,"Daşınmaz əmlakla əlaqədar əməliyyatlar — orta aylıq nominal əmək haqqı, dövlət (DSK)",AZN,2005–2025,,False,21,ACTUAL,forecast_long.csv,makro OxLon §15.5.1
mx:wage_ssc_total,oxlon:ours,"İqtisadiyyat üzrə, cəmi — orta aylıq nominal əmək haqqı, cəmi (DSK)",AZN,2005–2025,,False,21,ACTUAL,forecast_long.csv,makro OxLon §15.5.1
mx:wage_ssc_total_nonstate,oxlon:ours,"İqtisadiyyat üzrə, cəmi — orta aylıq nominal əmək haqqı, qeyri-dövlət (DSK)",AZN,2005–2025,,False,21,ACTUAL,forecast_long.csv,makro OxLon §15.5.1
mx:wage_ssc_total_state,oxlon:ours,"İqtisadiyyat üzrə, cəmi — orta aylıq nominal əmək haqqı, dövlət (DSK)",AZN,2005–2025,,False,21,ACTUAL,forecast_long.csv,makro OxLon §15.5.1
mx:wage_ssc_tourism,oxlon:ours,"Turistlərin yerləşdirilməsi və ictimai iaşə — orta aylıq nominal əmək haqqı, cəmi (DSK)",AZN,2005–2025,,False,21,ACTUAL,forecast_long.csv,makro OxLon §15.5.1
mx:wage_ssc_tourism_nonstate,oxlon:ours,"Turistlərin yerləşdirilməsi və ictimai iaşə — orta aylıq nominal əmək haqqı, qeyri-dövlət (DSK)",AZN,2005–2025,,False,21,ACTUAL,forecast_long.csv,makro OxLon §15.5.1
mx:wage_ssc_tourism_state,oxlon:ours,"Turistlərin yerləşdirilməsi və ictimai iaşə — orta aylıq nominal əmək haqqı, dövlət (DSK)",AZN,2005–2025,,False,21,ACTUAL,forecast_long.csv,makro OxLon §15.5.1
mx:wage_ssc_trade,oxlon:ours,"Ticarət; nəqliyyat vasitələrinin təmiri — orta aylıq nominal əmək haqqı, cəmi (DSK)",AZN,2005–2025,,False,21,ACTUAL,forecast_long.csv,makro OxLon §15.5.1
mx:wage_ssc_trade_nonstate,oxlon:ours,"Ticarət; nəqliyyat vasitələrinin təmiri — orta aylıq nominal əmək haqqı, qeyri-dövlət (DSK)",AZN,2005–2025,,False,21,ACTUAL,forecast_long.csv,makro OxLon §15.5.1
mx:wage_ssc_trade_state,oxlon:ours,"Ticarət; nəqliyyat vasitələrinin təmiri — orta aylıq nominal əmək haqqı, dövlət (DSK)",AZN,2005–2025,,False,21,ACTUAL,forecast_long.csv,makro OxLon §15.5.1
mx:wage_ssc_transport,oxlon:ours,"Nəqliyyat və anbar təsərrüfatı — orta aylıq nominal əmək haqqı, cəmi (DSK)",AZN,2005–2025,,False,21,ACTUAL,forecast_long.csv,makro OxLon §15.5.1
mx:wage_ssc_transport_nonstate,oxlon:ours,"Nəqliyyat və anbar təsərrüfatı — orta aylıq nominal əmək haqqı, qeyri-dövlət (DSK)",AZN,2005–2025,,False,21,ACTUAL,forecast_long.csv,makro OxLon §15.5.1
mx:wage_ssc_transport_state,oxlon:ours,"Nəqliyyat və anbar təsərrüfatı — orta aylıq nominal əmək haqqı, dövlət (DSK)",AZN,2005–2025,,False,21,ACTUAL,forecast_long.csv,makro OxLon §15.5.1
mx:wage_ssc_water,oxlon:ours,"Su təchizatı; tullantıların təmizlənməsi və emalı — orta aylıq nominal əmək haqqı, cəmi (DSK)",AZN,2005–2025,,False,21,ACTUAL,forecast_long.csv,makro OxLon §15.5.1
mx:wage_ssc_water_nonstate,oxlon:ours,"Su təchizatı; tullantıların təmizlənməsi və emalı — orta aylıq nominal əmək haqqı, qeyri-dövlət (DSK)",AZN,2005–2025,,False,21,ACTUAL,forecast_long.csv,makro OxLon §15.5.1
mx:wage_ssc_water_state,oxlon:ours,"Su təchizatı; tullantıların təmizlənməsi və emalı — orta aylıq nominal əmək haqqı, dövlət (DSK)",AZN,2005–2025,,False,21,ACTUAL,forecast_long.csv,makro OxLon §15.5.1
mx:wage_state,oxlon:ours,Dövlət sektorunda orta aylıq əmək haqqı,AZN,2005–2030,2026–2030,False,26,ACTUAL;Baseline,forecast_long.csv,makro OxLon §15.5.1
mx:wage_water,oxlon:ours,Su təchizatı — orta aylıq əmək haqqı,AZN,2016–2025,,False,10,ACTUAL,forecast_long.csv,makro OxLon §15.5.1
