amil,amil_ad,hedef_id,hedef_ad,il,vahid,cavab_m1,cavab_p1,asimmetriya_0.5,eyrilik_0.5,asimmetriya_1,eyrilik_1,asimmetriya_2,eyrilik_2,asimmetriya_3,eyrilik_3,miqyas_sapmasi_+2,miqyas_sapmasi_-2,miqyas_sapmasi_+3,miqyas_sapmasi_-3,qeyri_xetti,qeyd,hedd_ad,hedd,baza_seviyye,k_hedd_menfi,k_hedd_musbet,olcu_hedd_menfi,olcu_hedd_musbet,inandiriciliq_hedd,inandiriciliq_asilir_k
brent,Brent neft qiyməti,fr10:ind_output,"Sənaye buraxılışı, cəmi (30 sahə)",2026,mln manat,0,0,,,,,,,,,,,,,False,,,,,,,,,,
brent,Brent neft qiyməti,fr10:ind_output,"Sənaye buraxılışı, cəmi (30 sahə)",2027,mln manat,-6309.79,7659.88,1.10181,0.0484388,1.21397,0.096644,1.47356,0.191449,1.78832,0.282722,0.10603,-0.0888164,0.226421,-0.167468,True,asimmetrik cavab; qeyri-proporsional miqyas,,,,,,,,,
brent,Brent neft qiyməti,fr10:ind_output,"Sənaye buraxılışı, cəmi (30 sahə)",2028,mln manat,-6200.73,7537.74,1.10257,0.0487815,1.21562,0.097319,1.47745,0.192719,1.79504,0.284447,0.106284,-0.089769,0.22661,-0.169326,True,asimmetrik cavab; qeyri-proporsional miqyas,,,,,,,,,
brent,Brent neft qiyməti,fr10:ind_output,"Sənaye buraxılışı, cəmi (30 sahə)",2029,mln manat,-6629.03,8071.05,1.10344,0.0491756,1.21753,0.0980963,1.48198,0.19419,1.80294,0.286463,0.106772,-0.0907205,0.227396,-0.171134,True,asimmetrik cavab; qeyri-proporsional miqyas,,,,,,,,,
brent,Brent neft qiyməti,fr10:ind_output,"Sənaye buraxılışı, cəmi (30 sahə)",2030,mln manat,-6950.63,8480,1.10458,0.0496909,1.22003,0.0991128,1.48791,0.196114,1.81333,0.289099,0.107365,-0.0920026,0.2283,-0.173583,True,asimmetrik cavab; qeyri-proporsional miqyas,,,,,,,,,
brent,Brent neft qiyməti,fr12:act:N:ALL,Qeydiyyatdakı vahidlər (ehtiyat): Bütün sahələr,2026,vahid,0,0,,,,,,,,,,,,,False,,,,,,,,,,
brent,Brent neft qiyməti,fr12:act:N:ALL,Qeydiyyatdakı vahidlər (ehtiyat): Bütün sahələr,2027,vahid,-33.3918,40.2875,1.09858,0.0469767,1.20651,0.0935904,1.45204,0.184351,1.73908,0.269827,0.0824814,-0.100557,0.159605,-0.195507,True,asimmetrik cavab; qeyri-proporsional miqyas,,,,,,,,,
brent,Brent neft qiyməti,fr12:act:N:ALL,Qeydiyyatdakı vahidlər (ehtiyat): Bütün sahələr,2028,vahid,-37.8946,45.5071,1.09601,0.0458056,1.20089,0.0912753,1.43881,0.179928,1.71613,0.263658,0.0807283,-0.0979817,0.156475,-0.19074,True,asimmetrik cavab; qeyri-proporsional miqyas,,,,,,,,,
brent,Brent neft qiyməti,fr12:act:N:ALL,Qeydiyyatdakı vahidlər (ehtiyat): Bütün sahələr,2029,vahid,-40.2705,48.3948,1.0964,0.0459832,1.20174,0.0916278,1.44085,0.180613,1.71976,0.264641,0.0815233,-0.0979549,0.158431,-0.190507,True,asimmetrik cavab; qeyri-proporsional miqyas,,,,,,,,,
brent,Brent neft qiyməti,fr12:act:N:ALL,Qeydiyyatdakı vahidlər (ehtiyat): Bütün sahələr,2030,vahid,-43.0121,51.5513,1.09493,0.0453128,1.19853,0.0903017,1.43331,0.178073,1.70667,0.261085,0.0804105,-0.0965603,0.156323,-0.187958,True,asimmetrik cavab; qeyri-proporsional miqyas,,,,,,,,,
brent,Brent neft qiyməti,fr12:ew:score:CON,Erkən xəbərdarlıq balı (0–1): Tikinti,2026,bal (0–1),0,0,,,,,,,,,,,,,False,,,,,,,,,,
brent,Brent neft qiyməti,fr12:ew:score:CON,Erkən xəbərdarlıq balı (0–1): Tikinti,2027,bal (0–1),0,0,,,,,,,,,,,,,False,,,,,,,,,,
brent,Brent neft qiyməti,fr12:ew:score:CON,Erkən xəbərdarlıq balı (0–1): Tikinti,2028,bal (0–1),0,0,,,,,,,,,,,,,False,,,,,,,,,,
brent,Brent neft qiyməti,fr12:ew:score:CON,Erkən xəbərdarlıq balı (0–1): Tikinti,2029,bal (0–1),0,0,,,,,,,,,,,,,False,,,,,,,,,,
brent,Brent neft qiyməti,fr12:ew:score:CON,Erkən xəbərdarlıq balı (0–1): Tikinti,2030,bal (0–1),0,0,,,,,,,,,,,,,False,,,,,,,,,,
brent,Brent neft qiyməti,fr12:ew:score:TRD,Erkən xəbərdarlıq balı (0–1): Ticarət,2026,bal (0–1),0,0,,,,,,,,,,,,,False,,,,,,,,,,
brent,Brent neft qiyməti,fr12:ew:score:TRD,Erkən xəbərdarlıq balı (0–1): Ticarət,2027,bal (0–1),0,0,,,,,,,,,,,,,False,,,,,,,,,,
brent,Brent neft qiyməti,fr12:ew:score:TRD,Erkən xəbərdarlıq balı (0–1): Ticarət,2028,bal (0–1),0,0,,,,,,,,,,,,,False,,,,,,,,,,
brent,Brent neft qiyməti,fr12:ew:score:TRD,Erkən xəbərdarlıq balı (0–1): Ticarət,2029,bal (0–1),0,0,,,,,,,,,,,,,False,,,,,,,,,,
brent,Brent neft qiyməti,fr12:ew:score:TRD,Erkən xəbərdarlıq balı (0–1): Ticarət,2030,bal (0–1),0,0,,,,,,,,,,,,,False,,,,,,,,,,
brent,Brent neft qiyməti,fr1:balance_n,Büdcə balansı,2026,"mln AZN, cari qiymətlər",0,0,,,,,,,,,,,,,False,,,,,,,,,,
brent,Brent neft qiyməti,fr1:balance_n,Büdcə balansı,2027,"mln AZN, cari qiymətlər",-87.7589,119.051,1.16444,0.0759718,1.35656,0.151307,1.84599,0.297257,2.52061,0.431916,0.31262,-0.0353937,0.811264,-0.0251963,True,asimmetrik cavab; qeyri-proporsional miqyas,,,,,,,,,
brent,Brent neft qiyməti,fr1:balance_n,Büdcə balansı,2028,"mln AZN, cari qiymətlər",31.2526,-28.7802,0.980846,0.00966936,0.920892,0.0411831,0.340677,0.491784,3.79766,1,-0.743321,-0.306164,-2.2358,-0.700332,True,asimmetrik cavab; qeyri-proporsional miqyas,,,,,,,,,
brent,Brent neft qiyməti,fr1:balance_n,Büdcə balansı,2029,"mln AZN, cari qiymətlər",80.9978,-91.8169,1.06923,-0.033457,1.13357,-0.0626054,1.17959,-0.0823964,0.844982,0.0840217,-0.161344,-0.194061,-0.564215,-0.415379,True,qeyri-proporsional miqyas,,,,,,,,,
brent,Brent neft qiyməti,fr1:balance_n,Büdcə balansı,2030,"mln AZN, cari qiymətlər",146.855,-171.642,1.08344,-0.0400494,1.16879,-0.0778247,1.31373,-0.135594,1.31899,-0.137556,-0.0486737,-0.153632,-0.232242,-0.319675,True,asimmetrik cavab; qeyri-proporsional miqyas,,,,,,,,,
brent,Brent neft qiyməti,fr1:debt_azn,"Dövlət borcu (xarici + daxili, Maliyyə Nazirliyinin anlayışı; dövlət zəmanətli borc daxil deyil)",2026,"mln AZN, cari qiymətlər",0,0,,,,,,,,,,,,,False,,,,,,,,,,
brent,Brent neft qiyməti,fr1:debt_azn,"Dövlət borcu (xarici + daxili, Maliyyə Nazirliyinin anlayışı; dövlət zəmanətli borc daxil deyil)",2027,"mln AZN, cari qiymətlər",87.7589,-119.051,1.16444,-0.0759718,1.35656,-0.151307,1.84599,-0.297257,2.52061,-0.431916,0.31262,-0.0353937,0.811264,-0.0251963,True,asimmetrik cavab; qeyri-proporsional miqyas,,,,,,,,,
brent,Brent neft qiyməti,fr1:debt_azn,"Dövlət borcu (xarici + daxili, Maliyyə Nazirliyinin anlayışı; dövlət zəmanətli borc daxil deyil)",2028,"mln AZN, cari qiymətlər",56.5064,-90.2704,1.273,-0.120105,1.59753,-0.230036,2.36437,-0.405534,3.29734,-0.534595,0.649278,0.114364,1.78274,0.348208,True,asimmetrik cavab; qeyri-proporsional miqyas,,,,,,,,,
brent,Brent neft qiyməti,fr1:debt_azn,"Dövlət borcu (xarici + daxili, Maliyyə Nazirliyinin anlayışı; dövlət zəmanətli borc daxil deyil)",2029,"mln AZN, cari qiymətlər",-24.4914,1.54653,0.670154,-0.197494,0.0631459,-0.881209,31.1082,-1,7.32539,-0.759771,-47.477,-0.905657,-137.555,-2.17712,True,asimmetrik cavab; qeyri-proporsional miqyas,,,,,,,,,
brent,Brent neft qiyməti,fr1:debt_azn,"Dövlət borcu (xarici + daxili, Maliyyə Nazirliyinin anlayışı; dövlət zəmanətli borc daxil deyil)",2030,"mln AZN, cari qiymətlər",-171.346,173.189,1.018,0.00891965,1.01075,0.0053466,0.72201,-0.161433,1.11715,-1,-0.472197,-0.261123,-1.4585,-0.585169,True,asimmetrik cavab; qeyri-proporsional miqyas,,,,,,,,,
brent,Brent neft qiyməti,fr1:emp,Məşğul əhali,2026,min nəfər,0,0,,,,,,,,,,,,,False,,,,,,,,,,
brent,Brent neft qiyməti,fr1:emp,Məşğul əhali,2027,min nəfər,-0.922189,1.11773,1.1011,0.0481197,1.21204,0.0958567,1.46528,0.188734,1.76266,0.27606,0.0859885,-0.101702,0.167733,-0.197045,True,asimmetrik cavab; qeyri-proporsional miqyas,,,,,,,,,
brent,Brent neft qiyməti,fr1:emp,Məşğul əhali,2028,min nəfər,-1.06267,1.28292,1.09892,0.047128,1.20726,0.0938979,1.454,0.185003,1.74304,0.270882,0.0845192,-0.0995209,0.165131,-0.193013,True,asimmetrik cavab; qeyri-proporsional miqyas,,,,,,,,,
brent,Brent neft qiyməti,fr1:emp,Məşğul əhali,2029,min nəfər,-1.14792,1.38702,1.09939,0.0473408,1.20829,0.094321,1.45649,0.185829,1.74754,0.272077,0.0853687,-0.0995886,0.167207,-0.192969,True,asimmetrik cavab; qeyri-proporsional miqyas,,,,,,,,,
brent,Brent neft qiyməti,fr1:emp,Məşğul əhali,2030,min nəfər,-1.24049,1.49586,1.09828,0.0468373,1.20587,0.0933265,1.45078,0.183935,1.73766,0.269448,0.0846026,-0.0984983,0.165826,-0.190963,True,asimmetrik cavab; qeyri-proporsional miqyas,,,,,,,,,
brent,Brent neft qiyməti,fr1:gdp_n,Nominal ÜDM,2026,"mln AZN, cari qiymətlər",0,0,,,,,,,,,,,,,False,,,,,,,,,,
brent,Brent neft qiyməti,fr1:gdp_n,Nominal ÜDM,2027,"mln AZN, cari qiymətlər",-6188.46,7518.75,1.10228,0.048651,1.21496,0.0970504,1.47563,0.192124,1.79107,0.283429,0.104953,-0.0902329,0.222836,-0.170495,True,asimmetrik cavab; qeyri-proporsional miqyas,,,,,,,,,
brent,Brent neft qiyməti,fr1:gdp_n,Nominal ÜDM,2028,"mln AZN, cari qiymətlər",-6223.12,7568.76,1.10286,0.0489147,1.21623,0.0975676,1.47856,0.193081,1.79598,0.284688,0.104804,-0.0912124,0.221966,-0.172489,True,asimmetrik cavab; qeyri-proporsional miqyas,,,,,,,,,
brent,Brent neft qiyməti,fr1:gdp_n,Nominal ÜDM,2029,"mln AZN, cari qiymətlər",-6717.66,8182.61,1.1037,0.049295,1.21807,0.0983171,1.48291,0.194495,1.80354,0.286616,0.105214,-0.092171,0.222535,-0.174325,True,asimmetrik cavab; qeyri-proporsional miqyas,,,,,,,,,
brent,Brent neft qiyməti,fr1:gdp_n,Nominal ÜDM,2030,"mln AZN, cari qiymətlər",-7124.72,8692.26,1.10459,0.0496946,1.22001,0.0991046,1.4875,0.195981,1.81152,0.288642,0.105515,-0.093284,0.222771,-0.176496,True,asimmetrik cavab; qeyri-proporsional miqyas,,,,,,,,,
brent,Brent neft qiyməti,fr1:infl,İnflyasiya (İQİ),2026,%,0,0,,,,,,,,,,,,,False,,,,,,,,,,
brent,Brent neft qiyməti,fr1:infl,İnflyasiya (İQİ),2027,%,-0.181746,0.220135,1.10073,0.0479509,1.21122,0.0955215,1.4633,0.188081,1.75908,0.275121,0.0855185,-0.101483,0.166656,-0.196697,True,asimmetrik cavab; qeyri-proporsional miqyas,,,,,,,,,
brent,Brent neft qiyməti,fr1:infl,İnflyasiya (İQİ),2028,%,-0.0263643,0.0309423,1.08341,0.0400363,1.17365,0.0798874,1.37614,0.1583,1.61031,0.233808,0.0737064,-0.0842873,0.145812,-0.164895,True,asimmetrik cavab; qeyri-proporsional miqyas,,,,,,,,,
brent,Brent neft qiyməti,fr1:infl,İnflyasiya (İQİ),2029,%,-0.0152252,0.018602,1.10552,0.0501148,1.22179,0.0998259,1.48914,0.196509,1.80639,0.287339,0.0965037,-0.100351,0.194454,-0.192102,True,asimmetrik cavab; qeyri-proporsional miqyas,,,,,,,,,
brent,Brent neft qiyməti,fr1:infl,İnflyasiya (İQİ),2030,%,-0.0164861,0.0193269,1.08279,0.0397497,1.17231,0.0793229,1.37315,0.157237,1.60539,0.232361,0.0735068,-0.0835017,0.145643,-0.16341,True,asimmetrik cavab; qeyri-proporsional miqyas,,,,,,,,,
brent,Brent neft qiyməti,fr1:lendrate,Kreditlər üzrə orta faiz dərəcəsi,2026,%,0,0,,,,,,,,,,,,,False,,,,,,,,,,
brent,Brent neft qiyməti,fr1:lendrate,Kreditlər üzrə orta faiz dərəcəsi,2027,%,0,0,,,,,,,,,,,,,False,,,,,,,,,,
brent,Brent neft qiyməti,fr1:lendrate,Kreditlər üzrə orta faiz dərəcəsi,2028,%,0,0,,,,,,,,,,,,,False,,,,,,,,,,
brent,Brent neft qiyməti,fr1:lendrate,Kreditlər üzrə orta faiz dərəcəsi,2029,%,0,0,,,,,,,,,,,,,False,,,,,,,,,,
brent,Brent neft qiyməti,fr1:lendrate,Kreditlər üzrə orta faiz dərəcəsi,2030,%,0,0,,,,,,,,,,,,,False,,,,,,,,,,
brent,Brent neft qiyməti,fr1:nobd_pct,"Qeyri-neft büdcə balansı, qeyri-neft ÜDM-ə nisbətən",2026,%,0,0,,,,,,,,,,,,,False,,,,,,,,,,
brent,Brent neft qiyməti,fr1:nobd_pct,"Qeyri-neft büdcə balansı, qeyri-neft ÜDM-ə nisbətən",2027,%,1.48997,-1.94561,1.14284,-0.0666612,1.3058,-0.132623,1.70216,-0.25985,2.21153,-0.377244,0.138763,-0.126402,0.293173,-0.236442,True,asimmetrik cavab; qeyri-proporsional miqyas,,,,,,,,,
brent,Brent neft qiyməti,fr1:nobd_pct,"Qeyri-neft büdcə balansı, qeyri-neft ÜDM-ə nisbətən",2028,%,1.40004,-1.8145,1.13857,-0.0647935,1.29603,-0.128933,1.67669,-0.252809,2.16176,-0.36744,0.133524,-0.123819,0.2805,-0.232304,True,asimmetrik cavab; qeyri-proporsional miqyas,,,,,,,,,
brent,Brent neft qiyməti,fr1:nobd_pct,"Qeyri-neft büdcə balansı, qeyri-neft ÜDM-ə nisbətən",2029,%,1.31091,-1.69568,1.13747,-0.0643128,1.29352,-0.127977,1.67003,-0.250944,2.14837,-0.36475,0.131795,-0.12337,0.276036,-0.231706,True,asimmetrik cavab; qeyri-proporsional miqyas,,,,,,,,,
brent,Brent neft qiyməti,fr1:nobd_pct,"Qeyri-neft büdcə balansı, qeyri-neft ÜDM-ə nisbətən",2030,%,1.24097,-1.598,1.13491,-0.0631914,1.2877,-0.12576,1.655,-0.246704,2.11926,-0.358822,0.128574,-0.121892,0.26824,-0.229393,True,asimmetrik cavab; qeyri-proporsional miqyas,,,,,,,,,
brent,Brent neft qiyməti,fr1:rcons,Real istehlak (istehlak bazarı),2026,"mln AZN, 2015 qiymətləri",0,0,,,,,,,,,,,,,False,,,,,,,,,,
brent,Brent neft qiyməti,fr1:rcons,Real istehlak (istehlak bazarı),2027,"mln AZN, 2015 qiymətləri",-241.863,294.808,1.10422,0.0495283,1.21891,0.098655,1.48196,0.194184,1.7929,0.283897,0.089941,-0.103526,0.176835,-0.199925,True,asimmetrik cavab; qeyri-proporsional miqyas,,,,,,,,,
brent,Brent neft qiyməti,fr1:rcons,Real istehlak (istehlak bazarı),2028,"mln AZN, 2015 qiymətləri",-285.622,347.042,1.10245,0.0487299,1.21504,0.0970809,1.47283,0.191209,1.77708,0.27982,0.0889903,-0.101615,0.175415,-0.196338,True,asimmetrik cavab; qeyri-proporsional miqyas,,,,,,,,,
brent,Brent neft qiyməti,fr1:rcons,Real istehlak (istehlak bazarı),2029,"mln AZN, 2015 qiymətləri",-318.913,388,1.10317,0.0490562,1.21663,0.0977297,1.47671,0.192476,1.78417,0.281652,0.0901707,-0.10183,0.178277,-0.196529,True,asimmetrik cavab; qeyri-proporsional miqyas,,,,,,,,,
brent,Brent neft qiyməti,fr1:rcons,Real istehlak (istehlak bazarı),2030,"mln AZN, 2015 qiymətləri",-355.463,431.81,1.10233,0.0486738,1.21478,0.0969763,1.47236,0.191056,1.77667,0.279713,0.0897297,-0.100909,0.177638,-0.194803,True,asimmetrik cavab; qeyri-proporsional miqyas,,,,,,,,,
brent,Brent neft qiyməti,fr1:rcred_tot,Kreditlər (real),2026,"mln AZN, 2015 qiymətləri",0,0,,,,,,,,,,,,,False,,,,,,,,,,
brent,Brent neft qiyməti,fr1:rcred_tot,Kreditlər (real),2027,"mln AZN, 2015 qiymətləri",-53.0021,64.4613,1.10299,0.0489748,1.2162,0.0975556,1.47538,0.192044,1.78095,0.280821,0.0883847,-0.102811,0.173245,-0.198795,True,asimmetrik cavab; qeyri-proporsional miqyas,,,,,,,,,
brent,Brent neft qiyməti,fr1:rcred_tot,Kreditlər (real),2028,"mln AZN, 2015 qiymətləri",-62.9841,76.336,1.10107,0.0481033,1.21199,0.095836,1.46543,0.188782,1.76368,0.276328,0.0872371,-0.100797,0.171375,-0.19504,True,asimmetrik cavab; qeyri-proporsional miqyas,,,,,,,,,
brent,Brent neft qiyməti,fr1:rcred_tot,Kreditlər (real),2029,"mln AZN, 2015 qiymətləri",-69.5661,84.4093,1.10169,0.0483868,1.21337,0.0963996,1.46878,0.189884,1.76978,0.27792,0.088292,-0.100957,0.173937,-0.195143,True,asimmetrik cavab; qeyri-proporsional miqyas,,,,,,,,,
brent,Brent neft qiyməti,fr1:rcred_tot,Kreditlər (real),2030,"mln AZN, 2015 qiymətləri",-76.6318,92.8241,1.10075,0.0479584,1.2113,0.0955546,1.46391,0.188283,1.76136,0.275719,0.087727,-0.0999716,0.173014,-0.19331,True,asimmetrik cavab; qeyri-proporsional miqyas,,,,,,,,,
brent,Brent neft qiyməti,fr1:rev_oil_n,Neft-qaz büdcə gəlirləri,2026,"mln AZN, cari qiymətlər",0,0,,,,,,,,,,,,,False,,,,,,,,,,
brent,Brent neft qiyməti,fr1:rev_oil_n,Neft-qaz büdcə gəlirləri,2027,"mln AZN, cari qiymətlər",-1802.58,2366.8,1.14596,0.0680177,1.31301,0.135325,1.72168,0.265159,2.25178,0.384952,0.149209,-0.123575,0.322398,-0.228912,True,asimmetrik cavab; qeyri-proporsional miqyas,,,,,,,,,
brent,Brent neft qiyməti,fr1:rev_oil_n,Neft-qaz büdcə gəlirləri,2028,"mln AZN, cari qiymətlər",-1781.59,2335.11,1.14495,0.0675764,1.31069,0.134459,1.71573,0.263549,2.24047,0.382805,0.148139,-0.122904,0.31996,-0.227813,True,asimmetrik cavab; qeyri-proporsional miqyas,,,,,,,,,
brent,Brent neft qiyməti,fr1:rev_oil_n,Neft-qaz büdcə gəlirləri,2029,"mln AZN, cari qiymətlər",-1814.49,2378.15,1.14493,0.067567,1.31064,0.13444,1.7156,0.263515,2.24023,0.38276,0.148117,-0.122889,0.319908,-0.227789,True,asimmetrik cavab; qeyri-proporsional miqyas,,,,,,,,,
brent,Brent neft qiyməti,fr1:rev_oil_n,Neft-qaz büdcə gəlirləri,2030,"mln AZN, cari qiymətlər",-1840.4,2409.68,1.14435,0.0673151,1.30932,0.133946,1.71222,0.262595,2.2338,0.381533,0.147511,-0.122502,0.318532,-0.227155,True,asimmetrik cavab; qeyri-proporsional miqyas,,,,,,,,,
brent,Brent neft qiyməti,fr1:rev_tot_n,Büdcə gəlirləri,2026,"mln AZN, cari qiymətlər",0,0,,,,,,,,,,,,,False,,,,,,,,,,
brent,Brent neft qiyməti,fr1:rev_tot_n,Büdcə gəlirləri,2027,"mln AZN, cari qiymətlər",-2807.18,3592.08,1.13127,0.0615937,1.27961,0.122656,1.63568,0.241183,2.08669,0.352056,0.134392,-0.112555,0.288656,-0.209766,True,asimmetrik cavab; qeyri-proporsional miqyas,,,,,,,,,
brent,Brent neft qiyməti,fr1:rev_tot_n,Büdcə gəlirləri,2028,"mln AZN, cari qiymətlər",-2899.09,3701.66,1.13004,0.0610514,1.27683,0.121587,1.62868,0.239161,2.07355,0.349286,0.132913,-0.111831,0.285179,-0.208623,True,asimmetrik cavab; qeyri-proporsional miqyas,,,,,,,,,
brent,Brent neft qiyməti,fr1:rev_tot_n,Büdcə gəlirləri,2029,"mln AZN, cari qiymətlər",-3068.5,3915.6,1.1297,0.0609012,1.27606,0.121289,1.62671,0.238591,2.06977,0.348485,0.132422,-0.111678,0.283965,-0.208405,True,asimmetrik cavab; qeyri-proporsional miqyas,,,,,,,,,
brent,Brent neft qiyməti,fr1:rev_tot_n,Büdcə gəlirləri,2030,"mln AZN, cari qiymətlər",-3256.97,4150.3,1.12891,0.0605524,1.27428,0.120601,1.62221,0.237283,2.06129,0.34668,0.131415,-0.111246,0.281564,-0.207741,True,asimmetrik cavab; qeyri-proporsional miqyas,,,,,,,,,
brent,Brent neft qiyməti,fr1:rgdp,Real ÜDM,2026,"mln AZN, 2015 qiymətləri",0,0,,,,,,,,,,,,,False,,,,,,,,,,
brent,Brent neft qiyməti,fr1:rgdp,Real ÜDM,2027,"mln AZN, 2015 qiymətləri",-264.6,322.528,1.10423,0.0495326,1.21893,0.0986636,1.48201,0.194201,1.79299,0.283922,0.0899533,-0.103532,0.176863,-0.199934,True,asimmetrik cavab; qeyri-proporsional miqyas,,,,,,,,,
brent,Brent neft qiyməti,fr1:rgdp,Real ÜDM,2028,"mln AZN, 2015 qiymətləri",-163.372,209.478,1.13245,0.0621099,1.28221,0.123658,1.64181,0.242944,2.09644,0.354097,0.107178,-0.135322,0.207791,-0.261297,True,asimmetrik cavab; qeyri-proporsional miqyas,,,,,,,,,
brent,Brent neft qiyməti,fr1:rgdp,Real ÜDM,2029,"mln AZN, 2015 qiymətləri",-174.876,224.204,1.13238,0.0620827,1.28207,0.123603,1.64142,0.242833,2.09563,0.353929,0.105986,-0.136144,0.204328,-0.263213,True,asimmetrik cavab; qeyri-proporsional miqyas,,,,,,,,,
brent,Brent neft qiyməti,fr1:rgdp,Real ÜDM,2030,"mln AZN, 2015 qiymətləri",-125.362,168.818,1.16029,0.0741967,1.34664,0.147719,1.81763,0.290183,2.46541,0.422867,0.120611,-0.169762,0.229159,-0.328614,True,asimmetrik cavab; qeyri-proporsional miqyas,,,,,,,,,
brent,Brent neft qiyməti,fr1:rgdpnon,Real qeyri-neft ÜDM,2026,"mln AZN, 2015 qiymətləri",0,0,,,,,,,,,,,,,False,,,,,,,,,,
brent,Brent neft qiyməti,fr1:rgdpnon,Real qeyri-neft ÜDM,2027,"mln AZN, 2015 qiymətləri",-286.753,349.531,1.10423,0.0495326,1.21893,0.0986636,1.48201,0.194201,1.79299,0.283922,0.0899533,-0.103532,0.176863,-0.199934,True,asimmetrik cavab; qeyri-proporsional miqyas,,,,,,,,,
brent,Brent neft qiyməti,fr1:rgdpnon,Real qeyri-neft ÜDM,2028,"mln AZN, 2015 qiymətləri",-342.882,416.635,1.10248,0.0487422,1.2151,0.0971053,1.47297,0.191256,1.77735,0.279888,0.0890246,-0.101631,0.175495,-0.196364,True,asimmetrik cavab; qeyri-proporsional miqyas,,,,,,,,,
brent,Brent neft qiyməti,fr1:rgdpnon,Real qeyri-neft ÜDM,2029,"mln AZN, 2015 qiymətləri",-385.751,469.348,1.10321,0.0490734,1.21671,0.0977638,1.47691,0.192543,1.78454,0.281748,0.0902193,-0.101852,0.17839,-0.196564,True,asimmetrik cavab; qeyri-proporsional miqyas,,,,,,,,,
brent,Brent neft qiyməti,fr1:rgdpnon,Real qeyri-neft ÜDM,2030,"mln AZN, 2015 qiymətləri",-431.926,524.741,1.10238,0.0486954,1.21489,0.0970192,1.47261,0.191139,1.77714,0.279834,0.0897907,-0.100937,0.177779,-0.194847,True,asimmetrik cavab; qeyri-proporsional miqyas,,,,,,,,,
brent,Brent neft qiyməti,fr1:rhhdisp,Ev təsərrüfatlarının real sərəncamda qalan gəliri,2026,"mln AZN, 2015 qiymətləri",0,0,,,,,,,,,,,,,False,,,,,,,,,,
brent,Brent neft qiyməti,fr1:rhhdisp,Ev təsərrüfatlarının real sərəncamda qalan gəliri,2027,"mln AZN, 2015 qiymətləri",-195.439,238.07,1.10387,0.0493687,1.21813,0.098338,1.48006,0.193567,1.78944,0.283011,0.0894918,-0.10332,0.175798,-0.1996,True,asimmetrik cavab; qeyri-proporsional miqyas,,,,,,,,,
brent,Brent neft qiyməti,fr1:rhhdisp,Ev təsərrüfatlarının real sərəncamda qalan gəliri,2028,"mln AZN, 2015 qiymətləri",-232.038,281.728,1.10205,0.0485473,1.21415,0.0967182,1.47067,0.190502,1.77317,0.278803,0.088479,-0.101377,0.174236,-0.19596,True,asimmetrik cavab; qeyri-proporsional miqyas,,,,,,,,,
brent,Brent neft qiyməti,fr1:rhhdisp,Ev təsərrüfatlarının real sərəncamda qalan gəliri,2029,"mln AZN, 2015 qiymətləri",-259.186,315.085,1.10274,0.0488602,1.21567,0.0973402,1.47438,0.191717,1.77994,0.28056,0.0896197,-0.101574,0.177003,-0.196123,True,asimmetrik cavab; qeyri-proporsional miqyas,,,,,,,,,
brent,Brent neft qiyməti,fr1:rhhdisp,Ev təsərrüfatlarının real sərəncamda qalan gəliri,2030,"mln AZN, 2015 qiymətləri",-288.406,350.055,1.10186,0.0484635,1.21376,0.0965583,1.46987,0.19024,1.77215,0.27854,0.0891399,-0.100634,0.176275,-0.194364,True,asimmetrik cavab; qeyri-proporsional miqyas,,,,,,,,,
brent,Brent neft qiyməti,fr1:rinv_state,Dövlət investisiyaları (real),2026,"mln AZN, 2015 qiymətləri",0,0,,,,,,,,,,,,,False,,,,,,,,,,
brent,Brent neft qiyməti,fr1:rinv_state,Dövlət investisiyaları (real),2027,"mln AZN, 2015 qiymətləri",-485.899,616.062,1.1262,0.0593552,1.26788,0.118119,1.60302,0.231661,2.01572,0.336808,0.116049,-0.11728,0.236549,-0.222216,True,asimmetrik cavab; qeyri-proporsional miqyas,,,,,,,,,
brent,Brent neft qiyməti,fr1:rinv_state,Dövlət investisiyaları (real),2028,"mln AZN, 2015 qiymətləri",-521.738,658.369,1.12352,0.0581684,1.26188,0.115778,1.58809,0.22723,1.98829,0.33072,0.114086,-0.114763,0.232773,-0.217614,True,asimmetrik cavab; qeyri-proporsional miqyas,,,,,,,,,
brent,Brent neft qiyməti,fr1:rinv_state,Dövlət investisiyaları (real),2029,"mln AZN, 2015 qiymətləri",-535.607,675.569,1.12327,0.0580566,1.26131,0.115559,1.58671,0.226819,1.98582,0.330166,0.11419,-0.114306,0.233262,-0.216679,True,asimmetrik cavab; qeyri-proporsional miqyas,,,,,,,,,
brent,Brent neft qiyməti,fr1:rinv_state,Dövlət investisiyaları (real),2030,"mln AZN, 2015 qiymətləri",-556.723,699.996,1.1215,0.0572696,1.25735,0.114006,1.5769,0.223873,1.96783,0.326107,0.112696,-0.112785,0.230196,-0.213962,True,asimmetrik cavab; qeyri-proporsional miqyas,,,,,,,,,
brent,Brent neft qiyməti,fr1:rinv_tot,Əsas kapitala investisiyalar (real),2026,"mln AZN, 2015 qiymətləri",0,0,,,,,,,,,,,,,False,,,,,,,,,,
brent,Brent neft qiyməti,fr1:rinv_tot,Əsas kapitala investisiyalar (real),2027,"mln AZN, 2015 qiymətləri",-622.158,783.52,1.12241,0.0576736,1.25936,0.114793,1.58161,0.225289,1.97568,0.327885,0.11134,-0.115094,0.225553,-0.218795,True,asimmetrik cavab; qeyri-proporsional miqyas,,,,,,,,,
brent,Brent neft qiyməti,fr1:rinv_tot,Əsas kapitala investisiyalar (real),2028,"mln AZN, 2015 qiymətləri",-673.708,844.281,1.11964,0.0564445,1.25319,0.112368,1.56638,0.220692,1.94791,0.321553,0.109319,-0.112486,0.221694,-0.214024,True,asimmetrik cavab; qeyri-proporsional miqyas,,,,,,,,,
brent,Brent neft qiyməti,fr1:rinv_tot,Əsas kapitala investisiyalar (real),2029,"mln AZN, 2015 qiymətləri",-697.697,874.023,1.11943,0.0563522,1.25273,0.112186,1.56527,0.220354,1.94595,0.321103,0.109488,-0.112047,0.222335,-0.213111,True,asimmetrik cavab; qeyri-proporsional miqyas,,,,,,,,,
brent,Brent neft qiyməti,fr1:rinv_tot,Əsas kapitala investisiyalar (real),2030,"mln AZN, 2015 qiymətləri",-730.72,912.512,1.11767,0.0555639,1.24878,0.110631,1.55558,0.2174,1.92837,0.317025,0.108028,-0.110503,0.219385,-0.210342,True,asimmetrik cavab; qeyri-proporsional miqyas,,,,,,,,,
brent,Brent neft qiyməti,fr1:rm_non,Qeyri-neft mal idxalı (real),2026,"mln AZN, 2015 qiymətləri",0,0,,,,,,,,,,,,,False,,,,,,,,,,
brent,Brent neft qiyməti,fr1:rm_non,Qeyri-neft mal idxalı (real),2027,"mln AZN, 2015 qiymətləri",54.8176,-58.8553,1.03586,-0.0176157,1.07366,-0.0355208,1.15806,-0.0732425,1.25937,-0.114797,0.0484167,-0.0279957,0.109775,-0.0538764,True,asimmetrik cavab; qeyri-proporsional miqyas,,,,,,,,,
brent,Brent neft qiyməti,fr1:rm_non,Qeyri-neft mal idxalı (real),2028,"mln AZN, 2015 qiymətləri",41.2659,-43.4087,1.02514,-0.0124151,1.05193,-0.0253063,1.1147,-0.0542406,1.19669,-0.08954,0.044235,-0.0145728,0.106888,-0.0270133,True,qeyri-proporsional miqyas,,,,,,,,,
brent,Brent neft qiyməti,fr1:rm_non,Qeyri-neft mal idxalı (real),2029,"mln AZN, 2015 qiymətləri",33.5434,-34.3082,1.01062,-0.00527953,1.0228,-0.0112723,1.05759,-0.0279899,1.11486,-0.0543102,0.0350865,0.00103659,0.0936875,0.0033787,False,,,,,,,,,,
brent,Brent neft qiyməti,fr1:rm_non,Qeyri-neft mal idxalı (real),2030,"mln AZN, 2015 qiymətləri",26.775,-26.5865,0.995463,0.0022736,0.992962,0.00353156,1.00137,-0.00068509,1.03776,-0.0185312,0.0271818,0.0185556,0.0850807,0.0382374,False,,,,,,,,,,
brent,Brent neft qiyməti,fr1:rva_agr,"Real əlavə dəyər: Kənd, meşə və balıqçılıq",2026,"mln AZN, 2015 qiymətləri",0,0,,,,,,,,,,,,,False,,,,,,,,,,
brent,Brent neft qiyməti,fr1:rva_agr,"Real əlavə dəyər: Kənd, meşə və balıqçılıq",2027,"mln AZN, 2015 qiymətləri",0,0,,,,,,,,,,,,,False,,,,,,,,,,
brent,Brent neft qiyməti,fr1:rva_agr,"Real əlavə dəyər: Kənd, meşə və balıqçılıq",2028,"mln AZN, 2015 qiymətləri",0,0,,,,,,,,,,,,,False,,,,,,,,,,
brent,Brent neft qiyməti,fr1:rva_agr,"Real əlavə dəyər: Kənd, meşə və balıqçılıq",2029,"mln AZN, 2015 qiymətləri",0,0,,,,,,,,,,,,,False,,,,,,,,,,
brent,Brent neft qiyməti,fr1:rva_agr,"Real əlavə dəyər: Kənd, meşə və balıqçılıq",2030,"mln AZN, 2015 qiymətləri",0,0,,,,,,,,,,,,,False,,,,,,,,,,
brent,Brent neft qiyməti,fr1:rva_con,Real əlavə dəyər: Tikinti,2026,"mln AZN, 2015 qiymətləri",0,0,,,,,,,,,,,,,False,,,,,,,,,,
brent,Brent neft qiyməti,fr1:rva_con,Real əlavə dəyər: Tikinti,2027,"mln AZN, 2015 qiymətləri",-154.312,189.249,1.10762,0.0510617,1.22641,0.101691,1.50007,0.200022,1.82532,0.292115,0.0928523,-0.106521,0.182714,-0.20535,True,asimmetrik cavab; qeyri-proporsional miqyas,,,,,,,,,
brent,Brent neft qiyməti,fr1:rva_con,Real əlavə dəyər: Tikinti,2028,"mln AZN, 2015 qiymətləri",-177.392,216.405,1.10467,0.0497338,1.21992,0.0990679,1.48454,0.195022,1.79788,0.285172,0.0908004,-0.103634,0.178972,-0.200026,True,asimmetrik cavab; qeyri-proporsional miqyas,,,,,,,,,
brent,Brent neft qiyməti,fr1:rva_con,Real əlavə dəyər: Tikinti,2029,"mln AZN, 2015 qiymətləri",-190.579,232.523,1.10474,0.0497659,1.22009,0.0991337,1.48498,0.195165,1.79882,0.285412,0.091358,-0.103323,0.180521,-0.199287,True,asimmetrik cavab; qeyri-proporsional miqyas,,,,,,,,,
brent,Brent neft qiyməti,fr1:rva_con,Real əlavə dəyər: Tikinti,2030,"mln AZN, 2015 qiymətləri",-203.561,247.638,1.10312,0.0490341,1.21653,0.0976885,1.47652,0.192416,1.78398,0.281605,0.0902012,-0.101766,0.178392,-0.196435,True,asimmetrik cavab; qeyri-proporsional miqyas,,,,,,,,,
brent,Brent neft qiyməti,fr1:rva_man,Real əlavə dəyər: Emal sənayesi,2026,"mln AZN, 2015 qiymətləri",0,0,,,,,,,,,,,,,False,,,,,,,,,,
brent,Brent neft qiyməti,fr1:rva_man,Real əlavə dəyər: Emal sənayesi,2027,"mln AZN, 2015 qiymətləri",-46.8715,56.4441,1.09754,0.0465037,1.20423,0.0926537,1.44663,0.182549,1.72958,0.267286,0.0806077,-0.100461,0.155095,-0.195758,True,asimmetrik cavab; qeyri-proporsional miqyas,,,,,,,,,
brent,Brent neft qiyməti,fr1:rva_man,Real əlavə dəyər: Emal sənayesi,2028,"mln AZN, 2015 qiymətləri",-57.8768,69.5438,1.09632,0.0459477,1.20158,0.0915631,1.4406,0.180529,1.71967,0.264616,0.0807932,-0.0985254,0.156533,-0.191895,True,asimmetrik cavab; qeyri-proporsional miqyas,,,,,,,,,
brent,Brent neft qiyməti,fr1:rva_man,Real əlavə dəyər: Emal sənayesi,2029,"mln AZN, 2015 qiymətləri",-67.6048,81.4961,1.0981,0.0467546,1.20548,0.0931668,1.44996,0.183659,1.73647,0.269132,0.0834153,-0.0992617,0.162713,-0.192832,True,asimmetrik cavab; qeyri-proporsional miqyas,,,,,,,,,
brent,Brent neft qiyməti,fr1:rva_man,Real əlavə dəyər: Emal sənayesi,2030,"mln AZN, 2015 qiymətləri",-79.4407,95.7226,1.09785,0.0466438,1.20496,0.0929527,1.44884,0.183288,1.73485,0.268698,0.0838849,-0.0985669,0.16423,-0.191371,True,asimmetrik cavab; qeyri-proporsional miqyas,,,,,,,,,
brent,Brent neft qiyməti,fr1:rva_trd,Real əlavə dəyər: Ticarət; nəqliyyat vasitələrinin təmiri,2026,"mln AZN, 2015 qiymətləri",0,0,,,,,,,,,,,,,False,,,,,,,,,,
brent,Brent neft qiyməti,fr1:rva_trd,Real əlavə dəyər: Ticarət; nəqliyyat vasitələrinin təmiri,2027,"mln AZN, 2015 qiymətləri",-37.6092,45.8319,1.1041,0.0494733,1.21864,0.0985458,1.4813,0.193972,1.79171,0.283592,0.0897862,-0.103455,0.176478,-0.199813,True,asimmetrik cavab; qeyri-proporsional miqyas,,,,,,,,,
brent,Brent neft qiyməti,fr1:rva_trd,Real əlavə dəyər: Ticarət; nəqliyyat vasitələrinin təmiri,2028,"mln AZN, 2015 qiymətləri",-44.4369,53.9789,1.10231,0.0486671,1.21473,0.0969561,1.47208,0.190966,1.77573,0.27947,0.0888143,-0.101533,0.175009,-0.196208,True,asimmetrik cavab; qeyri-proporsional miqyas,,,,,,,,,
brent,Brent neft qiyməti,fr1:rva_trd,Real əlavə dəyər: Ticarət; nəqliyyat vasitələrinin təmiri,2029,"mln AZN, 2015 qiymətləri",-49.5828,60.3077,1.10302,0.0489888,1.2163,0.0975958,1.47591,0.192215,1.78271,0.281277,0.0899812,-0.101742,0.177839,-0.196389,True,asimmetrik cavab; qeyri-proporsional miqyas,,,,,,,,,
brent,Brent neft qiyməti,fr1:rva_trd,Real əlavə dəyər: Ticarət; nəqliyyat vasitələrinin təmiri,2030,"mln AZN, 2015 qiymətləri",-55.2094,67.0479,1.10217,0.0486015,1.21443,0.0968326,1.4715,0.190775,1.77512,0.27931,0.089527,-0.100815,0.177169,-0.194652,True,asimmetrik cavab; qeyri-proporsional miqyas,,,,,,,,,
brent,Brent neft qiyməti,fr1:rx_non,Qeyri-neft mal ixracı (real),2026,"mln AZN, 2015 qiymətləri",0,0,,,,,,,,,,,,,False,,,,,,,,,,
brent,Brent neft qiyməti,fr1:rx_non,Qeyri-neft mal ixracı (real),2027,"mln AZN, 2015 qiymətləri",-9.73524,11.6541,1.09429,0.0450216,1.1971,0.0897107,1.42962,0.176825,1.69932,0.259073,0.0765926,-0.098505,0.146047,-0.192656,True,asimmetrik cavab; qeyri-proporsional miqyas,,,,,,,,,
brent,Brent neft qiyməti,fr1:rx_non,Qeyri-neft mal ixracı (real),2028,"mln AZN, 2015 qiymətləri",-12.4535,14.8611,1.09255,0.0442272,1.19333,0.0881453,1.42094,0.173873,1.68473,0.255047,0.0761439,-0.0962312,0.146041,-0.188234,True,asimmetrik cavab; qeyri-proporsional miqyas,,,,,,,,,
brent,Brent neft qiyməti,fr1:rx_non,Qeyri-neft mal ixracı (real),2029,"mln AZN, 2015 qiymətləri",-14.9824,17.9251,1.09395,0.0448696,1.19641,0.089422,1.42826,0.176365,1.69775,0.258641,0.0782845,-0.0967554,0.151076,-0.188834,True,asimmetrik cavab; qeyri-proporsional miqyas,,,,,,,,,
brent,Brent neft qiyməti,fr1:rx_non,Qeyri-neft mal ixracı (real),2030,"mln AZN, 2015 qiymətləri",-18.1376,21.6738,1.09329,0.0445653,1.19496,0.088823,1.42494,0.175239,1.6922,0.257113,0.0782311,-0.0957918,0.151395,-0.186932,True,asimmetrik cavab; qeyri-proporsional miqyas,,,,,,,,,
brent,Brent neft qiyməti,fr1:unemp,İşsizlik səviyyəsi,2026,%,0,0,,,,,,,,,,,,,False,,,,,,,,,,
brent,Brent neft qiyməti,fr1:unemp,İşsizlik səviyyəsi,2027,%,0.0169478,-0.0205414,1.1011,-0.0481197,1.21204,-0.0958567,1.46528,-0.188734,1.76266,-0.27606,0.0859885,-0.101702,0.167733,-0.197045,True,asimmetrik cavab; qeyri-proporsional miqyas,,,,,,,,,
brent,Brent neft qiyməti,fr1:unemp,İşsizlik səviyyəsi,2028,%,0.0194269,-0.0234532,1.09892,-0.047128,1.20726,-0.0938979,1.454,-0.185003,1.74304,-0.270882,0.0845192,-0.0995209,0.165131,-0.193013,True,asimmetrik cavab; qeyri-proporsional miqyas,,,,,,,,,
brent,Brent neft qiyməti,fr1:unemp,İşsizlik səviyyəsi,2029,%,0.020875,-0.025223,1.09939,-0.0473408,1.20829,-0.094321,1.45649,-0.185829,1.74754,-0.272077,0.0853687,-0.0995886,0.167207,-0.192969,True,asimmetrik cavab; qeyri-proporsional miqyas,,,,,,,,,
brent,Brent neft qiyməti,fr1:unemp,İşsizlik səviyyəsi,2030,%,0.0224397,-0.0270593,1.09828,-0.0468373,1.20587,-0.0933265,1.45078,-0.183935,1.73766,-0.269448,0.0846026,-0.0984983,0.165826,-0.190963,True,asimmetrik cavab; qeyri-proporsional miqyas,,,,,,,,,
brent,Brent neft qiyməti,fr1:wage,Orta aylıq nominal əmək haqqı,2026,AZN/ay,0,0,,,,,,,,,,,,,False,,,,,,,,,,
brent,Brent neft qiyməti,fr1:wage,Orta aylıq nominal əmək haqqı,2027,AZN/ay,-6.53475,7.96105,1.10393,0.0493968,1.21826,0.0983938,1.48039,0.193676,1.79005,0.283167,0.0895705,-0.103357,0.175979,-0.199657,True,asimmetrik cavab; qeyri-proporsional miqyas,,,,,,,,,
brent,Brent neft qiyməti,fr1:wage,Orta aylıq nominal əmək haqqı,2028,AZN/ay,-8.02267,9.74337,1.1022,0.0486154,1.21448,0.0968534,1.47147,0.190765,1.77463,0.279182,0.0886689,-0.101466,0.174674,-0.196102,True,asimmetrik cavab; qeyri-proporsional miqyas,,,,,,,,,
brent,Brent neft qiyməti,fr1:wage,Orta aylıq nominal əmək haqqı,2029,AZN/ay,-9.24831,11.2471,1.10294,0.0489527,1.21613,0.0975241,1.47548,0.192076,1.78194,0.281077,0.089881,-0.101695,0.177609,-0.196314,True,asimmetrik cavab; qeyri-proporsional miqyas,,,,,,,,,
brent,Brent neft qiyməti,fr1:wage,Orta aylıq nominal əmək haqqı,2030,AZN/ay,-10.6017,12.8739,1.10212,0.0485785,1.21432,0.0967869,1.47123,0.190687,1.77463,0.279183,0.0894641,-0.100784,0.177026,-0.194603,True,asimmetrik cavab; qeyri-proporsional miqyas,,,,,,,,,
brent,Brent neft qiyməti,fr3:rw_avg,"Orta aylıq əmək haqqı, real (2015 qiymətləri)",2026,"AZN/ay, 2015 qiymətləri",0,0,,,,,,,,,,,,,False,,,,,,,,,,
brent,Brent neft qiyməti,fr3:rw_avg,"Orta aylıq əmək haqqı, real (2015 qiymətləri)",2027,"AZN/ay, 2015 qiymətləri",-2.2353,2.72245,1.10378,0.0493293,1.21793,0.09826,1.47959,0.193416,1.78861,0.282796,0.0893855,-0.103268,0.175557,-0.199517,True,asimmetrik cavab; qeyri-proporsional miqyas,,,,,,,,,
brent,Brent neft qiyməti,fr3:rw_avg,"Orta aylıq əmək haqqı, real (2015 qiymətləri)",2028,"AZN/ay, 2015 qiymətləri",-2.63618,3.20025,1.10197,0.0485112,1.21397,0.0966468,1.47025,0.190364,1.77242,0.278607,0.0883835,-0.101328,0.174021,-0.195882,True,asimmetrik cavab; qeyri-proporsional miqyas,,,,,,,,,
brent,Brent neft qiyməti,fr3:rw_avg,"Orta aylıq əmək haqqı, real (2015 qiymətləri)",2029,"AZN/ay, 2015 qiymətləri",-2.93013,3.56169,1.10268,0.0488321,1.21554,0.0972842,1.47405,0.19161,1.77935,0.280408,0.0895466,-0.101535,0.176839,-0.196061,True,asimmetrik cavab; qeyri-proporsional miqyas,,,,,,,,,
brent,Brent neft qiyməti,fr3:rw_avg,"Orta aylıq əmək haqqı, real (2015 qiymətləri)",2030,"AZN/ay, 2015 qiymətləri",-3.24797,3.94192,1.10182,0.0484427,1.21366,0.0965173,1.46963,0.190162,1.77173,0.27843,0.0890886,-0.100604,0.176163,-0.194316,True,asimmetrik cavab; qeyri-proporsional miqyas,,,,,,,,,
brent,Brent neft qiyməti,fr4:budget,Büdcə təşkilatlarında muzdlu işçilər,2026,min nəfər,0,0,,,,,,,,,,,,,False,,,,,,,,,,
brent,Brent neft qiyməti,fr4:budget,Büdcə təşkilatlarında muzdlu işçilər,2027,min nəfər,0.426127,-0.515065,1.09959,-0.0474325,1.20871,-0.0944952,1.45733,-0.186108,1.74854,-0.272342,0.0838589,-0.101044,0.162798,-0.196194,True,asimmetrik cavab; qeyri-proporsional miqyas,,,,,,,,,
brent,Brent neft qiyməti,fr4:budget,Büdcə təşkilatlarında muzdlu işçilər,2028,min nəfər,0.499835,-0.601649,1.09729,-0.0463889,1.20369,-0.0924334,1.44552,-0.182178,1.72807,-0.266882,0.0823882,-0.0986871,0.160273,-0.191809,True,asimmetrik cavab; qeyri-proporsional miqyas,,,,,,,,,
brent,Brent neft qiyməti,fr4:budget,Büdcə təşkilatlarında muzdlu işçilər,2029,min nəfər,0.547921,-0.660173,1.09783,-0.0466321,1.20487,-0.0929166,1.44834,-0.183121,1.73314,-0.268242,0.0833616,-0.0987564,0.162644,-0.191738,True,asimmetrik cavab; qeyri-proporsional miqyas,,,,,,,,,
brent,Brent neft qiyməti,fr4:budget,Büdcə təşkilatlarında muzdlu işçilər,2030,min nəfər,0.602115,-0.723919,1.09665,-0.0460953,1.20229,-0.091856,1.44229,-0.181098,1.72268,-0.26543,0.0825689,-0.0975728,0.161239,-0.189549,True,asimmetrik cavab; qeyri-proporsional miqyas,,,,,,,,,
brent,Brent neft qiyməti,fr5:vol:total,"Pullu xidmətlər, cəmi: real həcm (2015 qiymətləri)",2026,"mln AZN, 2015 qiymətləri",0,0,,,,,,,,,,,,,False,,,,,,,,,,
brent,Brent neft qiyməti,fr5:vol:total,"Pullu xidmətlər, cəmi: real həcm (2015 qiymətləri)",2027,"mln AZN, 2015 qiymətləri",-49.7596,60.6611,1.1043,0.0495645,1.21908,0.0987268,1.48239,0.194324,1.79368,0.284098,0.0900429,-0.103573,0.17707,-0.199999,True,asimmetrik cavab; qeyri-proporsional miqyas,,,,,,,,,
brent,Brent neft qiyməti,fr5:vol:total,"Pullu xidmətlər, cəmi: real həcm (2015 qiymətləri)",2028,"mln AZN, 2015 qiymətləri",-59.4986,72.3071,1.10256,0.0487781,1.21527,0.0971768,1.4734,0.191395,1.77812,0.280089,0.0891254,-0.101678,0.175727,-0.196438,True,asimmetrik cavab; qeyri-proporsional miqyas,,,,,,,,,
brent,Brent neft qiyməti,fr5:vol:total,"Pullu xidmətlər, cəmi: real həcm (2015 qiymətləri)",2029,"mln AZN, 2015 qiymətləri",-66.9625,81.4868,1.1033,0.0491118,1.2169,0.0978401,1.47737,0.192692,1.78537,0.281962,0.0903272,-0.101902,0.178639,-0.196643,True,asimmetrik cavab; qeyri-proporsional miqyas,,,,,,,,,
brent,Brent neft qiyməti,fr5:vol:total,"Pullu xidmətlər, cəmi: real həcm (2015 qiymətləri)",2030,"mln AZN, 2015 qiymətləri",-75.0097,91.1433,1.10247,0.0487364,1.21509,0.0971007,1.4731,0.191298,1.77802,0.280063,0.0899057,-0.100991,0.178045,-0.194933,True,asimmetrik cavab; qeyri-proporsional miqyas,,,,,,,,,
brent,Brent neft qiyməti,ru:budget_gdp,Büdcə balansı,2026,% ÜDM (f.b.),0,0,,,,,,,,,,,,,False,,"Büdcə balansı həddi (< hədd, % ÜDM)",-1,0.655559,,,,,8,
brent,Brent neft qiyməti,ru:budget_gdp,Büdcə balansı,2027,% ÜDM (f.b.),-0.0600179,0.0814181,1.16444,0.0759718,1.35656,0.151307,1.84599,0.297257,2.52061,0.431916,0.31262,-0.0353937,0.811264,-0.0251963,True,asimmetrik cavab; qeyri-proporsional miqyas,"Büdcə balansı həddi (< hədd, % ÜDM)",-1,0.32115,,,,,8,
brent,Brent neft qiyməti,ru:budget_gdp,Büdcə balansı,2028,% ÜDM (f.b.),0.0198502,-0.0182799,0.980846,0.00966936,0.920892,0.0411831,0.340677,0.491784,3.79766,1,-0.743321,-0.306164,-2.2358,-0.700332,True,asimmetrik cavab; qeyri-proporsional miqyas,"Büdcə balansı həddi (< hədd, % ÜDM)",-1,0.0335283,,,,,8,
brent,Brent neft qiyməti,ru:budget_gdp,Büdcə balansı,2029,% ÜDM (f.b.),0.0468095,-0.053062,1.06923,-0.033457,1.13357,-0.0626054,1.17959,-0.0823964,0.844982,0.0840217,-0.161344,-0.194061,-0.564215,-0.415379,True,qeyri-proporsional miqyas,"Büdcə balansı həddi (< hədd, % ÜDM)",-1,0.108813,,,,,8,
brent,Brent neft qiyməti,ru:budget_gdp,Büdcə balansı,2030,% ÜDM (f.b.),0.0780603,-0.0912357,1.08344,-0.0400494,1.16879,-0.0778247,1.31373,-0.135594,1.31899,-0.137556,-0.0486737,-0.153632,-0.232242,-0.319675,True,asimmetrik cavab; qeyri-proporsional miqyas,"Büdcə balansı həddi (< hədd, % ÜDM)",-1,0.141054,,,,,8,
brent,Brent neft qiyməti,ru:cpi,"İnflyasiya (İQİ, illik orta)",2026,f.b.,0,0,,,,,,,,,,,,,False,,İnflyasiya həddi (> hədd),6,5.2991,,,,,10,
brent,Brent neft qiyməti,ru:cpi,"İnflyasiya (İQİ, illik orta)",2027,f.b.,-0.358868,0.397256,1.0523,0.025483,1.10697,0.0507698,1.22225,0.10001,1.34298,0.146387,0.047389,-0.0513953,0.0923505,-0.0996159,True,asimmetrik cavab,İnflyasiya həddi (> hədd),6,5.7416,,0.658719,,14.361,10,
brent,Brent neft qiyməti,ru:cpi,"İnflyasiya (İQİ, illik orta)",2028,f.b.,-0.278303,0.282881,1.00821,0.0040875,1.01645,0.00815787,1.03289,0.01618,1.04905,0.0239373,0.0080622,-0.00798471,0.0159493,-0.0156208,False,,İnflyasiya həddi (> hədd),6,5.8752,,0.442974,,9.30095,10,
brent,Brent neft qiyməti,ru:cpi,"İnflyasiya (İQİ, illik orta)",2029,f.b.,-0.0566122,0.059989,1.02946,0.014518,1.05965,0.0289605,1.12163,0.0573282,1.18475,0.0845642,0.0299248,-0.0269883,0.0602982,-0.0516636,False,,İnflyasiya həddi (> hədd),6,5.9149,,1.39496,,34.6933,10,
brent,Brent neft qiyməti,ru:cpi,"İnflyasiya (İQİ, illik orta)",2030,f.b.,-0.0453475,0.0481883,1.0309,0.0152165,1.06264,0.0303711,1.12822,0.0602487,1.19575,0.0891513,0.0294814,-0.0303571,0.0584129,-0.0594079,False,,İnflyasiya həddi (> hədd),6,5.9278,,1.47054,,36.995,10,
brent,Brent neft qiyməti,ru:debt_gdp,Dövlət borcu,2026,% ÜDM (f.b.),0,0,,,,,,,,,,,,,False,,Dövlət borcu > 30% ÜDM (DSA həddi),30,17.2926,,,,,15,
brent,Brent neft qiyməti,ru:debt_gdp,Dövlət borcu,2027,% ÜDM (f.b.),0.75532,-0.843949,1.05696,-0.0276926,1.11734,-0.0554187,1.24989,-0.111066,1.4009,-0.16698,0.061214,-0.051324,0.129431,-0.0991823,True,asimmetrik cavab; qeyri-proporsional miqyas,Dövlət borcu > 30% ÜDM (DSA həddi),30,15.6733,,,,,15,
brent,Brent neft qiyməti,ru:debt_gdp,Dövlət borcu,2028,% ÜDM (f.b.),0.635022,-0.720838,1.06516,-0.031551,1.13514,-0.063293,1.29349,-0.127965,1.48349,-0.194681,0.0858782,-0.0470529,0.194368,-0.0860906,True,asimmetrik cavab; qeyri-proporsional miqyas,Dövlət borcu > 30% ÜDM (DSA həddi),30,14.5227,,,,,15,
brent,Brent neft qiyməti,ru:debt_gdp,Dövlət borcu,2029,% ÜDM (f.b.),0.51459,-0.59088,1.07107,-0.0343167,1.14825,-0.0690114,1.32747,-0.140697,1.55143,-0.216125,0.1131,-0.0371724,0.268709,-0.0609941,True,asimmetrik cavab; qeyri-proporsional miqyas,Dövlət borcu > 30% ÜDM (DSA həddi),30,13.1051,,,,,15,
brent,Brent neft qiyməti,ru:debt_gdp,Dövlət borcu,2030,% ÜDM (f.b.),0.37424,-0.438105,1.0812,-0.0390141,1.17065,-0.0786172,1.38431,-0.161183,1.66104,-0.248414,0.159533,-0.0194334,0.395951,-0.0161772,True,asimmetrik cavab; qeyri-proporsional miqyas,Dövlət borcu > 30% ÜDM (DSA həddi),30,11.9126,,,,,15,
brent,Brent neft qiyməti,ru:nonoil_g,Qeyri-neft ÜDM real artımı,2026,f.b.,0,0,,,,,,,,,,,,,False,,Growth-at-Risk həddi (qeyri-neft artımı < hədd),2,5.312,,,,,6,
brent,Brent neft qiyməti,ru:nonoil_g,Qeyri-neft ÜDM real artımı,2027,f.b.,-1.09944,1.22763,1.05686,0.0276453,1.11659,0.0550847,1.24357,0.108565,1.37825,0.159046,0.053065,-0.0544634,0.104939,-0.104832,True,asimmetrik cavab; qeyri-proporsional miqyas,Growth-at-Risk həddi (qeyri-neft artımı < hədd),2,5.43,,,,,6,
brent,Brent neft qiyməti,ru:nonoil_g,Qeyri-neft ÜDM real artımı,2028,f.b.,-0.855642,0.862924,1.00426,0.00212699,1.00851,0.00423692,1.01682,0.00833884,1.02466,0.0121783,0.00445121,-0.00375577,0.00889732,-0.00700126,False,,Growth-at-Risk həddi (qeyri-neft artımı < hədd),2,5.603,,,,,6,
brent,Brent neft qiyməti,ru:nonoil_g,Qeyri-neft ÜDM real artımı,2029,f.b.,-0.175898,0.183142,1.02046,0.010124,1.04118,0.0201762,1.08287,0.0397874,1.12386,0.0583181,0.0220241,-0.0173222,0.0448065,-0.0320543,False,,Growth-at-Risk həddi (qeyri-neft artımı < hədd),2,5.632,,,,,6,
brent,Brent neft qiyməti,ru:nonoil_g,Qeyri-neft ÜDM real artımı,2030,f.b.,-0.139833,0.146129,1.02232,0.0110392,1.04502,0.0220145,1.091,0.0435205,1.13681,0.0640242,0.0219979,-0.0210753,0.043736,-0.0405366,False,,Growth-at-Risk həddi (qeyri-neft artımı < hədd),2,5.727,,,,,6,
brent,Brent neft qiyməti,ru:nonoil_lvl,Qeyri-neft real ÜDM səviyyəsi,2026,% (baza ilə fərq),0,0,,,,,,,,,,,,,False,,,,,,,,,10,
brent,Brent neft qiyməti,ru:nonoil_lvl,Qeyri-neft real ÜDM səviyyəsi,2027,% (baza ilə fərq),-1.04531,1.16719,1.05686,0.0276453,1.11659,0.0550847,1.24357,0.108565,1.37825,0.159046,0.053065,-0.0544634,0.104939,-0.104832,True,asimmetrik cavab; qeyri-proporsional miqyas,,,,,,,,10,
brent,Brent neft qiyməti,ru:nonoil_lvl,Qeyri-neft real ÜDM səviyyəsi,2028,% (baza ilə fərq),-1.85562,2.00266,1.03898,0.0191179,1.07924,0.0381108,1.16274,0.0752457,1.24858,0.110548,0.0381318,-0.0364154,0.0761127,-0.0698319,True,asimmetrik cavab,,,,,,,,10,
brent,Brent neft qiyməti,ru:nonoil_lvl,Qeyri-neft real ÜDM səviyyəsi,2029,% (baza ilə fərq),-2.02023,2.18079,1.03909,0.0191702,1.07948,0.0382191,1.16331,0.0754897,1.24966,0.110978,0.0385801,-0.0362633,0.0772893,-0.0694237,True,asimmetrik cavab,,,,,,,,10,
brent,Brent neft qiyməti,ru:nonoil_lvl,Qeyri-neft real ÜDM səviyyəsi,2030,% (baza ilə fərq),-2.15157,2.32393,1.03939,0.0193149,1.08011,0.0385112,1.16473,0.0760956,1.25209,0.111936,0.0390059,-0.036479,0.0782848,-0.0698241,True,asimmetrik cavab,,,,,,,,10,
brent,Brent neft qiyməti,ru:tb_gdp,Mal ticarəti balansı (cari hesab proksisi),2026,% ÜDM (f.b.),0,0,,,,,,,,,,,,,False,,Mal ticarəti balansı < 0 (kəsir),0,9.03884,,,,,15,
brent,Brent neft qiyməti,ru:tb_gdp,Mal ticarəti balansı (cari hesab proksisi),2027,% ÜDM (f.b.),-3.00731,4.35352,1.20321,0.0922355,1.44765,0.182888,2.09476,0.353747,3.02862,0.503553,0.221693,-0.155715,0.507009,-0.279668,True,asimmetrik cavab; qeyri-proporsional miqyas,Mal ticarəti balansı < 0 (kəsir),0,6.55075,,,,,15,3
brent,Brent neft qiyməti,ru:tb_gdp,Mal ticarəti balansı (cari hesab proksisi),2028,% ÜDM (f.b.),-2.66278,3.8611,1.20421,0.092644,1.45002,0.183682,2.10155,0.355162,3.04302,0.50532,0.222838,-0.156269,0.509885,-0.280526,True,asimmetrik cavab; qeyri-proporsional miqyas,Mal ticarəti balansı < 0 (kəsir),0,4.31464,1.90238,,-28.205,,15,3
brent,Brent neft qiyməti,ru:tb_gdp,Mal ticarəti balansı (cari hesab proksisi),2029,% ÜDM (f.b.),-2.48802,3.60813,1.20428,0.092675,1.4502,0.183741,2.10205,0.355266,3.04404,0.505445,0.223031,-0.156233,0.510433,-0.280418,True,asimmetrik cavab; qeyri-proporsional miqyas,Mal ticarəti balansı < 0 (kəsir),0,3.69245,1.7041,,-25.7149,,15,3
brent,Brent neft qiyməti,ru:tb_gdp,Mal ticarəti balansı (cari hesab proksisi),2030,% ÜDM (f.b.),-2.30364,3.34371,1.20482,0.0928961,1.45149,0.18417,2.10572,0.356028,3.05179,0.506391,0.223706,-0.15649,0.512157,-0.280788,True,asimmetrik cavab; qeyri-proporsional miqyas,Mal ticarəti balansı < 0 (kəsir),0,2.75209,1.28336,,-20.4308,,15,3
costpush,Daxili xərc şoku (inflyasiya sürprizi),fr10:ind_output,"Sənaye buraxılışı, cəmi (30 sahə)",2026,mln manat,0,0,,,,,,,,,,,,,False,,,,,,,,,,
costpush,Daxili xərc şoku (inflyasiya sürprizi),fr10:ind_output,"Sənaye buraxılışı, cəmi (30 sahə)",2027,mln manat,-1607.03,1708.94,1.03122,0.01537,1.06342,0.0307342,1.13088,0.0614216,1.20268,0.0920143,0.0328685,-0.0287491,0.0679773,-0.0556859,False,,,,,,,,,,
costpush,Daxili xərc şoku (inflyasiya sürprizi),fr10:ind_output,"Sənaye buraxılışı, cəmi (30 sahə)",2028,mln manat,-1767.57,1880.36,1.03141,0.0154622,1.06381,0.0309185,1.13172,0.0617897,1.20401,0.0925651,0.0330742,-0.028915,0.0684139,-0.0560007,False,,,,,,,,,,
costpush,Daxili xərc şoku (inflyasiya sürprizi),fr10:ind_output,"Sənaye buraxılışı, cəmi (30 sahə)",2029,mln manat,-1945.1,2069.45,1.03147,0.0154902,1.06393,0.0309745,1.13197,0.0619019,1.20442,0.0927338,0.0331395,-0.0289635,0.0685544,-0.0560918,False,,,,,,,,,,
costpush,Daxili xərc şoku (inflyasiya sürprizi),fr10:ind_output,"Sənaye buraxılışı, cəmi (30 sahə)",2030,mln manat,-2123.2,2258.78,1.03143,0.0154725,1.06385,0.0309391,1.13181,0.0618319,1.20417,0.0926305,0.0331057,-0.0289275,0.0684868,-0.0560217,False,,,,,,,,,,
costpush,Daxili xərc şoku (inflyasiya sürprizi),fr12:act:N:ALL,Qeydiyyatdakı vahidlər (ehtiyat): Bütün sahələr,2026,vahid,0,0,,,,,,,,,,,,,False,,,,,,,,,,
costpush,Daxili xərc şoku (inflyasiya sürprizi),fr12:act:N:ALL,Qeydiyyatdakı vahidlər (ehtiyat): Bütün sahələr,2027,vahid,74.8179,-70.9646,0.973934,0.013205,0.948497,0.026432,0.89926,0.0530416,0.851826,0.0800152,-0.023859,0.0295876,-0.0459084,0.062369,False,,,,,,,,,,
costpush,Daxili xərc şoku (inflyasiya sürprizi),fr12:act:N:ALL,Qeydiyyatdakı vahidlər (ehtiyat): Bütün sahələr,2028,vahid,76.3542,-72.4174,0.973904,0.0132203,0.94844,0.0264621,0.899158,0.0530981,0.851696,0.0800907,-0.0239369,0.0295601,-0.0460886,0.0622658,False,,,,,,,,,,
costpush,Daxili xərc şoku (inflyasiya sürprizi),fr12:act:N:ALL,Qeydiyyatdakı vahidlər (ehtiyat): Bütün sahələr,2029,vahid,76.995,-73.0011,0.973743,0.0133029,0.948127,0.026627,0.898569,0.0534248,0.85087,0.0805728,-0.0241243,0.0296971,-0.0464695,0.0625219,False,,,,,,,,,,
costpush,Daxili xərc şoku (inflyasiya sürprizi),fr12:act:N:ALL,Qeydiyyatdakı vahidlər (ehtiyat): Bütün sahələr,2030,vahid,77.6544,-73.6159,0.973675,0.0133379,0.947995,0.0266967,0.898322,0.0535621,0.850527,0.0807734,-0.0242135,0.0297429,-0.0466554,0.0625955,False,,,,,,,,,,
costpush,Daxili xərc şoku (inflyasiya sürprizi),fr12:ew:score:CON,Erkən xəbərdarlıq balı (0–1): Tikinti,2026,bal (0–1),0,0,,,,,,,,,,,,,False,,,,,,,,,,
costpush,Daxili xərc şoku (inflyasiya sürprizi),fr12:ew:score:CON,Erkən xəbərdarlıq balı (0–1): Tikinti,2027,bal (0–1),0,0,,,,,,,,,,,,,False,,,,,,,,,,
costpush,Daxili xərc şoku (inflyasiya sürprizi),fr12:ew:score:CON,Erkən xəbərdarlıq balı (0–1): Tikinti,2028,bal (0–1),0,0,,,,,,,,,,,,,False,,,,,,,,,,
costpush,Daxili xərc şoku (inflyasiya sürprizi),fr12:ew:score:CON,Erkən xəbərdarlıq balı (0–1): Tikinti,2029,bal (0–1),0,0,,,,,,,,,,,,,False,,,,,,,,,,
costpush,Daxili xərc şoku (inflyasiya sürprizi),fr12:ew:score:CON,Erkən xəbərdarlıq balı (0–1): Tikinti,2030,bal (0–1),0,0,,,,,,,,,,,,,False,,,,,,,,,,
costpush,Daxili xərc şoku (inflyasiya sürprizi),fr12:ew:score:TRD,Erkən xəbərdarlıq balı (0–1): Ticarət,2026,bal (0–1),0,0,,,,,,,,,,,,,False,,,,,,,,,,
costpush,Daxili xərc şoku (inflyasiya sürprizi),fr12:ew:score:TRD,Erkən xəbərdarlıq balı (0–1): Ticarət,2027,bal (0–1),0,0,,,,,,,,,,,,,False,,,,,,,,,,
costpush,Daxili xərc şoku (inflyasiya sürprizi),fr12:ew:score:TRD,Erkən xəbərdarlıq balı (0–1): Ticarət,2028,bal (0–1),0,0,,,,,,,,,,,,,False,,,,,,,,,,
costpush,Daxili xərc şoku (inflyasiya sürprizi),fr12:ew:score:TRD,Erkən xəbərdarlıq balı (0–1): Ticarət,2029,bal (0–1),0,0,,,,,,,,,,,,,False,,,,,,,,,,
costpush,Daxili xərc şoku (inflyasiya sürprizi),fr12:ew:score:TRD,Erkən xəbərdarlıq balı (0–1): Ticarət,2030,bal (0–1),0,0,,,,,,,,,,,,,False,,,,,,,,,,
costpush,Daxili xərc şoku (inflyasiya sürprizi),fr1:balance_n,Büdcə balansı,2026,"mln AZN, cari qiymətlər",0,0,,,,,,,,,,,,,False,,,,,,,,,,
costpush,Daxili xərc şoku (inflyasiya sürprizi),fr1:balance_n,Büdcə balansı,2027,"mln AZN, cari qiymətlər",-9.28644,70.6166,2.22151,0.379173,7.60427,0.767557,4.25826,1,2.21288,1,0.409821,-3.51761,0.805454,-7.2042,True,asimmetrik cavab; qeyri-proporsional miqyas,,,,,,,,,
costpush,Daxili xərc şoku (inflyasiya sürprizi),fr1:balance_n,Büdcə balansı,2028,"mln AZN, cari qiymətlər",-20.3891,89.9394,1.90691,0.311984,4.41115,0.630393,7.34607,1,2.77486,1,0.364466,-1.81933,0.716078,-3.72803,True,asimmetrik cavab; qeyri-proporsional miqyas,,,,,,,,,
costpush,Daxili xərc şoku (inflyasiya sürprizi),fr1:balance_n,Büdcə balansı,2029,"mln AZN, cari qiymətlər",-35.4583,114.108,1.70504,0.26064,3.21809,0.525852,23.1992,1,3.69542,1,0.324702,-1.18376,0.637887,-2.42632,True,asimmetrik cavab; qeyri-proporsional miqyas,,,,,,,,,
costpush,Daxili xərc şoku (inflyasiya sürprizi),fr1:balance_n,Büdcə balansı,2030,"mln AZN, cari qiymətlər",-48.6371,136.966,1.61796,0.236047,2.81607,0.475901,121.294,0.983646,4.55001,1,0.303681,-0.969732,0.596542,-1.98812,True,asimmetrik cavab; qeyri-proporsional miqyas,,,,,,,,,
costpush,Daxili xərc şoku (inflyasiya sürprizi),fr1:debt_azn,"Dövlət borcu (xarici + daxili, Maliyyə Nazirliyinin anlayışı; dövlət zəmanətli borc daxil deyil)",2026,"mln AZN, cari qiymətlər",0,0,,,,,,,,,,,,,False,,,,,,,,,,
costpush,Daxili xərc şoku (inflyasiya sürprizi),fr1:debt_azn,"Dövlət borcu (xarici + daxili, Maliyyə Nazirliyinin anlayışı; dövlət zəmanətli borc daxil deyil)",2027,"mln AZN, cari qiymətlər",9.28644,-70.6166,2.22151,-0.379173,7.60427,-0.767557,4.25826,-1,2.21288,-1,0.409821,-3.51761,0.805454,-7.2042,True,asimmetrik cavab; qeyri-proporsional miqyas,,,,,,,,,
costpush,Daxili xərc şoku (inflyasiya sürprizi),fr1:debt_azn,"Dövlət borcu (xarici + daxili, Maliyyə Nazirliyinin anlayışı; dövlət zəmanətli borc daxil deyil)",2028,"mln AZN, cari qiymətlər",29.6756,-160.556,2.03139,-0.340236,5.41038,-0.688006,5.54511,-1,2.48892,-1,0.384414,-2.35078,0.755388,-4.81583,True,asimmetrik cavab; qeyri-proporsional miqyas,,,,,,,,,
costpush,Daxili xərc şoku (inflyasiya sürprizi),fr1:debt_azn,"Dövlət borcu (xarici + daxili, Maliyyə Nazirliyinin anlayışı; dövlət zəmanətli borc daxil deyil)",2029,"mln AZN, cari qiymətlər",65.1339,-274.664,1.87872,-0.305246,4.21692,-0.616632,8.01349,-1,2.86141,-1,0.359607,-1.71546,0.706573,-3.51501,True,asimmetrik cavab; qeyri-proporsional miqyas,,,,,,,,,
costpush,Daxili xərc şoku (inflyasiya sürprizi),fr1:debt_azn,"Dövlət borcu (xarici + daxili, Maliyyə Nazirliyinin anlayışı; dövlət zəmanətli borc daxil deyil)",2030,"mln AZN, cari qiymətlər",113.771,-411.63,1.78099,-0.280832,3.61805,-0.566917,12.2316,-1,3.24444,-1,0.340998,-1.39666,0.669961,-2.86226,True,asimmetrik cavab; qeyri-proporsional miqyas,,,,,,,,,
costpush,Daxili xərc şoku (inflyasiya sürprizi),fr1:emp,Məşğul əhali,2026,min nəfər,0,0,,,,,,,,,,,,,False,,,,,,,,,,
costpush,Daxili xərc şoku (inflyasiya sürprizi),fr1:emp,Məşğul əhali,2027,min nəfər,1.55253,-1.47078,0.973343,0.0135087,0.947342,0.0270408,0.897046,0.0542708,0.848619,0.0818886,-0.0243785,0.0303237,-0.0468888,0.0639903,False,,,,,,,,,,
costpush,Daxili xərc şoku (inflyasiya sürprizi),fr1:emp,Məşğul əhali,2028,min nəfər,1.64727,-1.55927,0.97295,0.0137106,0.946579,0.0274437,0.895611,0.0550689,0.846609,0.0830662,-0.024844,0.0306506,-0.0478389,0.0645944,False,,,,,,,,,,
costpush,Daxili xərc şoku (inflyasiya sürprizi),fr1:emp,Məşğul əhali,2029,min nəfər,1.71167,-1.61825,0.972353,0.0140174,0.945418,0.0280565,0.893423,0.0562879,0.843525,0.0848783,-0.0254719,0.0312435,-0.0490801,0.0657863,False,,,,,,,,,,
costpush,Daxili xərc şoku (inflyasiya sürprizi),fr1:emp,Məşğul əhali,2030,min nəfər,1.77713,-1.67865,0.971925,0.0142372,0.944588,0.0284954,0.891859,0.0571611,0.841321,0.0861766,-0.0259211,0.0316689,-0.0499677,0.0666428,False,,,,,,,,,,
costpush,Daxili xərc şoku (inflyasiya sürprizi),fr1:gdp_n,Nominal ÜDM,2026,"mln AZN, cari qiymətlər",0,0,,,,,,,,,,,,,False,,,,,,,,,,
costpush,Daxili xərc şoku (inflyasiya sürprizi),fr1:gdp_n,Nominal ÜDM,2027,"mln AZN, cari qiymətlər",-4645.09,4882.47,1.02523,0.0124579,1.0511,0.0249152,1.10488,0.0498263,1.16153,0.0747305,0.025645,-0.0242734,0.0522607,-0.0477792,False,,,,,,,,,,
costpush,Daxili xərc şoku (inflyasiya sürprizi),fr1:gdp_n,Nominal ÜDM,2028,"mln AZN, cari qiymətlər",-5075.98,5337.79,1.02546,0.0125706,1.05158,0.025141,1.10588,0.0502803,1.16314,0.0754179,0.0258515,-0.0245243,0.0526708,-0.0482946,False,,,,,,,,,,
costpush,Daxili xərc şoku (inflyasiya sürprizi),fr1:gdp_n,Nominal ÜDM,2029,"mln AZN, cari qiymətlər",-5589.26,5880.38,1.02571,0.0126909,1.05209,0.0253819,1.10696,0.0507642,1.16485,0.0761489,0.0260736,-0.0247891,0.0531124,-0.0488358,False,,,,,,,,,,
costpush,Daxili xərc şoku (inflyasiya sürprizi),fr1:gdp_n,Nominal ÜDM,2030,"mln AZN, cari qiymətlər",-6101.19,6421.41,1.0259,0.0127857,1.05249,0.0255717,1.10781,0.0511461,1.16621,0.0767281,0.0262393,-0.0250081,0.0534361,-0.0492904,False,,,,,,,,,,
costpush,Daxili xərc şoku (inflyasiya sürprizi),fr1:infl,İnflyasiya (İQİ),2026,%,0,0,,,,,,,,,,,,,False,,,,,,,,,,
costpush,Daxili xərc şoku (inflyasiya sürprizi),fr1:infl,İnflyasiya (İQİ),2027,%,-5.23627,5.18736,0.995325,-0.00234284,0.99066,-0.00469198,0.981306,-0.009435,0.971836,-0.0142831,-0.00418214,0.00530965,-0.0080682,0.0111447,False,,,,,,,,,,
costpush,Daxili xərc şoku (inflyasiya sürprizi),fr1:infl,İnflyasiya (İQİ),2028,%,0.0165642,-0.0154552,0.96596,0.0173146,0.933048,0.0346354,0.870344,0.069322,0.811403,0.104116,-0.0333077,0.0363378,-0.0651562,0.0749946,True,asimmetrik cavab,,,,,,,,,
costpush,Daxili xərc şoku (inflyasiya sürprizi),fr1:infl,İnflyasiya (İQİ),2029,%,0.0103877,-0.00945193,0.953915,0.0235858,0.909918,0.0471651,0.827686,0.0942797,0.752388,0.1413,-0.0455181,0.0493115,-0.0887414,0.102052,True,asimmetrik cavab; qeyri-proporsional miqyas,,,,,,,,,
costpush,Daxili xərc şoku (inflyasiya sürprizi),fr1:infl,İnflyasiya (İQİ),2030,%,0.0105074,-0.00965452,0.958576,0.0211502,0.91883,0.0423016,0.843973,0.0846147,0.774689,0.126958,-0.0403192,0.0448014,-0.0784444,0.0930232,True,asimmetrik cavab,,,,,,,,,
costpush,Daxili xərc şoku (inflyasiya sürprizi),fr1:lendrate,Kreditlər üzrə orta faiz dərəcəsi,2026,%,0,0,,,,,,,,,,,,,False,,,,,,,,,,
costpush,Daxili xərc şoku (inflyasiya sürprizi),fr1:lendrate,Kreditlər üzrə orta faiz dərəcəsi,2027,%,0,0,,,,,,,,,,,,,False,,,,,,,,,,
costpush,Daxili xərc şoku (inflyasiya sürprizi),fr1:lendrate,Kreditlər üzrə orta faiz dərəcəsi,2028,%,0,0,,,,,,,,,,,,,False,,,,,,,,,,
costpush,Daxili xərc şoku (inflyasiya sürprizi),fr1:lendrate,Kreditlər üzrə orta faiz dərəcəsi,2029,%,0,0,,,,,,,,,,,,,False,,,,,,,,,,
costpush,Daxili xərc şoku (inflyasiya sürprizi),fr1:lendrate,Kreditlər üzrə orta faiz dərəcəsi,2030,%,0,0,,,,,,,,,,,,,False,,,,,,,,,,
costpush,Daxili xərc şoku (inflyasiya sürprizi),fr1:nobd_pct,"Qeyri-neft büdcə balansı, qeyri-neft ÜDM-ə nisbətən",2026,%,0,0,,,,,,,,,,,,,False,,,,,,,,,,
costpush,Daxili xərc şoku (inflyasiya sürprizi),fr1:nobd_pct,"Qeyri-neft büdcə balansı, qeyri-neft ÜDM-ə nisbətən",2027,%,-0.66748,0.696495,1.02139,0.0105809,1.04347,0.0212721,1.09083,0.0434403,1.14472,0.0674781,0.0144798,-0.029563,0.0253629,-0.0653324,False,,,,,,,,,,
costpush,Daxili xərc şoku (inflyasiya sürprizi),fr1:nobd_pct,"Qeyri-neft büdcə balansı, qeyri-neft ÜDM-ə nisbətən",2028,%,-0.591756,0.625109,1.02765,0.0136348,1.05636,0.0274087,1.11853,0.0559498,1.19025,0.086861,0.0193383,-0.0373175,0.0345077,-0.0818588,False,,,,,,,,,,
costpush,Daxili xərc şoku (inflyasiya sürprizi),fr1:nobd_pct,"Qeyri-neft büdcə balansı, qeyri-neft ÜDM-ə nisbətən",2029,%,-0.543676,0.579712,1.03243,0.0159565,1.06628,0.0320774,1.14017,0.0654928,1.22647,0.101717,0.0229648,-0.043325,0.0413137,-0.0946918,True,asimmetrik cavab,,,,,,,,,
costpush,Daxili xərc şoku (inflyasiya sürprizi),fr1:nobd_pct,"Qeyri-neft büdcə balansı, qeyri-neft ÜDM-ə nisbətən",2030,%,-0.494899,0.533719,1.03826,0.0187718,1.07844,0.0377405,1.16705,0.0770869,1.27225,0.119815,0.0273436,-0.0506588,0.049547,-0.110336,True,asimmetrik cavab; qeyri-proporsional miqyas,,,,,,,,,
costpush,Daxili xərc şoku (inflyasiya sürprizi),fr1:rcons,Real istehlak (istehlak bazarı),2026,"mln AZN, 2015 qiymətləri",0,0,,,,,,,,,,,,,False,,,,,,,,,,
costpush,Daxili xərc şoku (inflyasiya sürprizi),fr1:rcons,Real istehlak (istehlak bazarı),2027,"mln AZN, 2015 qiymətləri",809.266,-752.522,0.964337,0.0181551,0.929882,0.0363328,0.864196,0.0728486,0.802225,0.109739,-0.0328232,0.0406902,-0.0629874,0.0861182,True,asimmetrik cavab,,,,,,,,,
costpush,Daxili xərc şoku (inflyasiya sürprizi),fr1:rcons,Real istehlak (istehlak bazarı),2028,"mln AZN, 2015 qiymətləri",858.332,-797.502,0.963947,0.0183572,0.929131,0.0367365,0.862802,0.0736515,0.800289,0.110933,-0.0332276,0.041094,-0.0637783,0.0869474,True,asimmetrik cavab,,,,,,,,,
costpush,Daxili xərc şoku (inflyasiya sürprizi),fr1:rcons,Real istehlak (istehlak bazarı),2029,"mln AZN, 2015 qiymətləri",908.506,-843.363,0.963515,0.0185814,0.928297,0.0371844,0.861256,0.0745434,0.798141,0.11226,-0.0336585,0.0415632,-0.0646102,0.0879284,True,asimmetrik cavab,,,,,,,,,
costpush,Daxili xərc şoku (inflyasiya sürprizi),fr1:rcons,Real istehlak (istehlak bazarı),2030,"mln AZN, 2015 qiymətləri",959.326,-889.887,0.963162,0.0187647,0.927617,0.0375506,0.859993,0.0752727,0.796386,0.113347,-0.034007,0.0419516,-0.0652812,0.0887449,True,asimmetrik cavab,,,,,,,,,
costpush,Daxili xərc şoku (inflyasiya sürprizi),fr1:rcred_tot,Kreditlər (real),2026,"mln AZN, 2015 qiymətləri",0,0,,,,,,,,,,,,,False,,,,,,,,,,
costpush,Daxili xərc şoku (inflyasiya sürprizi),fr1:rcred_tot,Kreditlər (real),2027,"mln AZN, 2015 qiymətləri",108.834,-102.386,0.969952,0.0152531,0.940749,0.0305298,0.884571,0.0612496,0.8309,0.0923589,-0.0275677,0.0341909,-0.0529907,0.0722089,False,,,,,,,,,,
costpush,Daxili xərc şoku (inflyasiya sürprizi),fr1:rcred_tot,Kreditlər (real),2028,"mln AZN, 2015 qiymətləri",118.05,-110.955,0.969511,0.0154807,0.939894,0.0309842,0.88297,0.0621521,0.828661,0.0936963,-0.0280558,0.0346047,-0.0539668,0.073021,False,,,,,,,,,,
costpush,Daxili xərc şoku (inflyasiya sürprizi),fr1:rcred_tot,Kreditlər (real),2029,"mln AZN, 2015 qiymətləri",124.792,-117.153,0.968939,0.0157753,0.938787,0.0315726,0.880896,0.0633231,0.825753,0.0954386,-0.0286421,0.0351947,-0.0551143,0.0742282,False,,,,,,,,,,
costpush,Daxili xərc şoku (inflyasiya sürprizi),fr1:rcred_tot,Kreditlər (real),2030,"mln AZN, 2015 qiymətləri",131.441,-123.285,0.968504,0.016,0.937944,0.0320216,0.879316,0.0642171,0.823537,0.0967696,-0.0290863,0.0356492,-0.0559818,0.0751624,False,,,,,,,,,,
costpush,Daxili xərc şoku (inflyasiya sürprizi),fr1:rev_oil_n,Neft-qaz büdcə gəlirləri,2026,"mln AZN, cari qiymətlər",0,0,,,,,,,,,,,,,False,,,,,,,,,,
costpush,Daxili xərc şoku (inflyasiya sürprizi),fr1:rev_oil_n,Neft-qaz büdcə gəlirləri,2027,"mln AZN, cari qiymətlər",0,0,,,,,,,,,,,,,False,,,,,,,,,,
costpush,Daxili xərc şoku (inflyasiya sürprizi),fr1:rev_oil_n,Neft-qaz büdcə gəlirləri,2028,"mln AZN, cari qiymətlər",0,0,,,,,,,,,,,,,False,,,,,,,,,,
costpush,Daxili xərc şoku (inflyasiya sürprizi),fr1:rev_oil_n,Neft-qaz büdcə gəlirləri,2029,"mln AZN, cari qiymətlər",0,0,,,,,,,,,,,,,False,,,,,,,,,,
costpush,Daxili xərc şoku (inflyasiya sürprizi),fr1:rev_oil_n,Neft-qaz büdcə gəlirləri,2030,"mln AZN, cari qiymətlər",0,0,,,,,,,,,,,,,False,,,,,,,,,,
costpush,Daxili xərc şoku (inflyasiya sürprizi),fr1:rev_tot_n,Büdcə gəlirləri,2026,"mln AZN, cari qiymətlər",0,0,,,,,,,,,,,,,False,,,,,,,,,,
costpush,Daxili xərc şoku (inflyasiya sürprizi),fr1:rev_tot_n,Büdcə gəlirləri,2027,"mln AZN, cari qiymətlər",-360.151,394.637,1.0467,0.0228164,1.09575,0.0456886,1.20223,0.0918315,1.32268,0.138925,0.0428724,-0.0494954,0.0855473,-0.100696,True,asimmetrik cavab; qeyri-proporsional miqyas,,,,,,,,,
costpush,Daxili xərc şoku (inflyasiya sürprizi),fr1:rev_tot_n,Büdcə gəlirləri,2028,"mln AZN, cari qiymətlər",-387.142,426.31,1.04927,0.0240437,1.10117,0.0481496,1.21436,0.0968052,1.34335,0.14652,0.0449682,-0.0524338,0.0896657,-0.106779,True,asimmetrik cavab; qeyri-proporsional miqyas,,,,,,,,,
costpush,Daxili xərc şoku (inflyasiya sürprizi),fr1:rev_tot_n,Büdcə gəlirləri,2029,"mln AZN, cari qiymətlər",-426.188,471.129,1.0513,0.0250082,1.10545,0.0500837,1.22399,0.100716,1.35987,0.152496,0.0466035,-0.0547586,0.092875,-0.111594,True,asimmetrik cavab; qeyri-proporsional miqyas,,,,,,,,,
costpush,Daxili xərc şoku (inflyasiya sürprizi),fr1:rev_tot_n,Büdcə gəlirləri,2030,"mln AZN, cari qiymətlər",-462.421,513.41,1.05358,0.0260889,1.11026,0.0522516,1.2349,0.105104,1.37874,0.159218,0.048409,-0.0574024,0.0964058,-0.11709,True,asimmetrik cavab; qeyri-proporsional miqyas,,,,,,,,,
costpush,Daxili xərc şoku (inflyasiya sürprizi),fr1:rgdp,Real ÜDM,2026,"mln AZN, 2015 qiymətləri",0,0,,,,,,,,,,,,,False,,,,,,,,,,
costpush,Daxili xərc şoku (inflyasiya sürprizi),fr1:rgdp,Real ÜDM,2027,"mln AZN, 2015 qiymətləri",448.535,-421.362,0.969268,0.015606,0.939419,0.0312368,0.882047,0.062673,0.827288,0.0945179,-0.0281565,0.0350567,-0.0540858,0.0741231,False,,,,,,,,,,
costpush,Daxili xərc şoku (inflyasiya sürprizi),fr1:rgdp,Real ÜDM,2028,"mln AZN, 2015 qiymətləri",450.248,-421.739,0.967854,0.0163354,0.93668,0.0326953,0.876897,0.0655884,0.820024,0.0988866,-0.0294922,0.0366721,-0.0566382,0.0775633,False,,,,,,,,,,
costpush,Daxili xərc şoku (inflyasiya sürprizi),fr1:rgdp,Real ÜDM,2029,"mln AZN, 2015 qiymətləri",482.276,-451.133,0.967206,0.0166702,0.935426,0.0333641,0.874555,0.0669197,0.816749,0.100868,-0.0301707,0.0373315,-0.0579732,0.078908,True,asimmetrik cavab,,,,,,,,,
costpush,Daxili xərc şoku (inflyasiya sürprizi),fr1:rgdp,Real ÜDM,2030,"mln AZN, 2015 qiymətləri",496.749,-463.682,0.966176,0.0172031,0.933433,0.0344294,0.870826,0.0690462,0.811516,0.104048,-0.0311572,0.0384962,-0.0598613,0.0813792,True,asimmetrik cavab,,,,,,,,,
costpush,Daxili xərc şoku (inflyasiya sürprizi),fr1:rgdpnon,Real qeyri-neft ÜDM,2026,"mln AZN, 2015 qiymətləri",0,0,,,,,,,,,,,,,False,,,,,,,,,,
costpush,Daxili xərc şoku (inflyasiya sürprizi),fr1:rgdpnon,Real qeyri-neft ÜDM,2027,"mln AZN, 2015 qiymətləri",486.088,-456.64,0.969268,0.015606,0.939419,0.0312368,0.882047,0.062673,0.827288,0.0945179,-0.0281565,0.0350567,-0.0540858,0.0741231,False,,,,,,,,,,
costpush,Daxili xərc şoku (inflyasiya sürprizi),fr1:rgdpnon,Real qeyri-neft ÜDM,2028,"mln AZN, 2015 qiymətləri",535.5,-502.427,0.968658,0.0159205,0.938239,0.0318647,0.87984,0.0639204,0.824205,0.096368,-0.0288165,0.0356453,-0.0553973,0.0752942,False,,,,,,,,,,
costpush,Daxili xərc şoku (inflyasiya sürprizi),fr1:rgdpnon,Real qeyri-neft ÜDM,2029,"mln AZN, 2015 qiymətləri",579.723,-543.101,0.967929,0.0162969,0.936827,0.0326166,0.877199,0.0654172,0.820507,0.0985953,-0.0295585,0.0364081,-0.0568448,0.0768633,False,,,,,,,,,,
costpush,Daxili xərc şoku (inflyasiya sürprizi),fr1:rgdpnon,Real qeyri-neft ÜDM,2030,"mln AZN, 2015 qiymətləri",623.886,-583.794,0.967367,0.0165874,0.935739,0.0331969,0.875165,0.0665728,0.81766,0.100316,-0.0301263,0.0370034,-0.0579492,0.078094,True,asimmetrik cavab,,,,,,,,,
costpush,Daxili xərc şoku (inflyasiya sürprizi),fr1:rhhdisp,Ev təsərrüfatlarının real sərəncamda qalan gəliri,2026,"mln AZN, 2015 qiymətləri",0,0,,,,,,,,,,,,,False,,,,,,,,,,
costpush,Daxili xərc şoku (inflyasiya sürprizi),fr1:rhhdisp,Ev təsərrüfatlarının real sərəncamda qalan gəliri,2027,"mln AZN, 2015 qiymətləri",665.011,-619.352,0.965093,0.0177637,0.931341,0.0355499,0.866922,0.071282,0.806052,0.107388,-0.0321311,0.039789,-0.0616822,0.084165,True,asimmetrik cavab,,,,,,,,,
costpush,Daxili xərc şoku (inflyasiya sürprizi),fr1:rhhdisp,Ev təsərrüfatlarının real sərəncamda qalan gəliri,2028,"mln AZN, 2015 qiymətləri",708.731,-659.575,0.964731,0.0179512,0.930643,0.0359244,0.865625,0.0720269,0.804249,0.108494,-0.0325097,0.0401595,-0.0624247,0.0849219,True,asimmetrik cavab,,,,,,,,,
costpush,Daxili xərc şoku (inflyasiya sürprizi),fr1:rhhdisp,Ev təsərrüfatlarının real sərəncamda qalan gəliri,2029,"mln AZN, 2015 qiymətləri",750.213,-697.584,0.964319,0.0181647,0.929848,0.0363511,0.864148,0.0728763,0.802194,0.109759,-0.0329222,0.0406036,-0.0632228,0.0858478,True,asimmetrik cavab,,,,,,,,,
costpush,Daxili xərc şoku (inflyasiya sürprizi),fr1:rhhdisp,Ev təsərrüfatlarının real sərəncamda qalan gəliri,2030,"mln AZN, 2015 qiymətləri",790.597,-734.626,0.963984,0.018338,0.929204,0.0366972,0.862951,0.0735658,0.800527,0.110786,-0.0332535,0.0409684,-0.0638619,0.0866125,True,asimmetrik cavab,,,,,,,,,
costpush,Daxili xərc şoku (inflyasiya sürprizi),fr1:rinv_state,Dövlət investisiyaları (real),2026,"mln AZN, 2015 qiymətləri",0,0,,,,,,,,,,,,,False,,,,,,,,,,
costpush,Daxili xərc şoku (inflyasiya sürprizi),fr1:rinv_state,Dövlət investisiyaları (real),2027,"mln AZN, 2015 qiymətləri",295.2,-285.157,0.982851,0.00864882,0.965977,0.0173058,0.93297,0.0346774,0.900806,0.052185,-0.0165921,0.0182,-0.0326131,0.0373747,False,,,,,,,,,,
costpush,Daxili xərc şoku (inflyasiya sürprizi),fr1:rinv_state,Dövlət investisiyaları (real),2028,"mln AZN, 2015 qiymətləri",302.256,-291.831,0.982611,0.00877064,0.965507,0.0175491,0.932066,0.0351614,0.899508,0.0529041,-0.0168385,0.018436,-0.0331,0.0378436,False,,,,,,,,,,
costpush,Daxili xərc şoku (inflyasiya sürprizi),fr1:rinv_state,Dövlət investisiyaları (real),2029,"mln AZN, 2015 qiymətləri",308.655,-297.91,0.982449,0.00885334,0.965188,0.0177142,0.931454,0.0354895,0.89863,0.0533909,-0.0170081,0.018593,-0.0334365,0.0381527,False,,,,,,,,,,
costpush,Daxili xərc şoku (inflyasiya sürprizi),fr1:rinv_state,Dövlət investisiyaları (real),2030,"mln AZN, 2015 qiymətləri",314.209,-303.213,0.982355,0.00890116,0.965004,0.0178096,0.931101,0.0356786,0.898127,0.0536701,-0.0171087,0.0186801,-0.0336372,0.0383204,False,,,,,,,,,,
costpush,Daxili xərc şoku (inflyasiya sürprizi),fr1:rinv_tot,Əsas kapitala investisiyalar (real),2026,"mln AZN, 2015 qiymətləri",0,0,,,,,,,,,,,,,False,,,,,,,,,,
costpush,Daxili xərc şoku (inflyasiya sürprizi),fr1:rinv_tot,Əsas kapitala investisiyalar (real),2027,"mln AZN, 2015 qiymətləri",388.468,-375.256,0.982859,0.00864452,0.965989,0.0172995,0.932957,0.034684,0.900701,0.0522436,-0.016399,0.0184261,-0.0321296,0.038028,False,,,,,,,,,,
costpush,Daxili xərc şoku (inflyasiya sürprizi),fr1:rinv_tot,Əsas kapitala investisiyalar (real),2028,"mln AZN, 2015 qiymətləri",401.397,-387.479,0.982521,0.00881645,0.965326,0.0176431,0.931679,0.035369,0.898857,0.0532654,-0.0167357,0.0187743,-0.0327897,0.0387338,False,,,,,,,,,,
costpush,Daxili xərc şoku (inflyasiya sürprizi),fr1:rinv_tot,Əsas kapitala investisiyalar (real),2029,"mln AZN, 2015 qiymətləri",413.584,-399.05,0.982282,0.00893794,0.964857,0.0178859,0.930776,0.0358529,0.897556,0.0539872,-0.0169736,0.0190203,-0.033256,0.0392323,False,,,,,,,,,,
costpush,Daxili xərc şoku (inflyasiya sürprizi),fr1:rinv_tot,Əsas kapitala investisiyalar (real),2030,"mln AZN, 2015 qiymətləri",424.446,-409.384,0.982108,0.00902696,0.964513,0.0180638,0.930115,0.0362075,0.896605,0.0545161,-0.0171471,0.0192014,-0.0335955,0.0396,False,,,,,,,,,,
costpush,Daxili xərc şoku (inflyasiya sürprizi),fr1:rm_non,Qeyri-neft mal idxalı (real),2026,"mln AZN, 2015 qiymətləri",0,0,,,,,,,,,,,,,False,,,,,,,,,,
costpush,Daxili xərc şoku (inflyasiya sürprizi),fr1:rm_non,Qeyri-neft mal idxalı (real),2027,"mln AZN, 2015 qiymətləri",366.28,-344.436,0.969755,0.0153549,0.940364,0.0307346,0.883825,0.0616695,0.829801,0.0930151,-0.0276649,0.0345355,-0.0531244,0.0730376,False,,,,,,,,,,
costpush,Daxili xərc şoku (inflyasiya sürprizi),fr1:rm_non,Qeyri-neft mal idxalı (real),2028,"mln AZN, 2015 qiymətləri",382.055,-358.877,0.969223,0.0156292,0.939332,0.0312827,0.881889,0.062762,0.827078,0.0946442,-0.0281919,0.0351087,-0.0541458,0.0742299,False,,,,,,,,,,
costpush,Daxili xərc şoku (inflyasiya sürprizi),fr1:rm_non,Qeyri-neft mal idxalı (real),2029,"mln AZN, 2015 qiymətləri",398.672,-374.137,0.968772,0.0158619,0.938458,0.0317477,0.880248,0.0636893,0.82477,0.0960285,-0.0286288,0.0356072,-0.0549863,0.0752767,False,,,,,,,,,,
costpush,Daxili xərc şoku (inflyasiya sürprizi),fr1:rm_non,Qeyri-neft mal idxalı (real),2030,"mln AZN, 2015 qiymətləri",414.525,-388.69,0.968368,0.0160703,0.937676,0.0321643,0.87878,0.0645205,0.822705,0.0972704,-0.0290175,0.0360578,-0.0557323,0.076227,False,,,,,,,,,,
costpush,Daxili xərc şoku (inflyasiya sürprizi),fr1:rva_agr,"Real əlavə dəyər: Kənd, meşə və balıqçılıq",2026,"mln AZN, 2015 qiymətləri",0,0,,,,,,,,,,,,,False,,,,,,,,,,
costpush,Daxili xərc şoku (inflyasiya sürprizi),fr1:rva_agr,"Real əlavə dəyər: Kənd, meşə və balıqçılıq",2027,"mln AZN, 2015 qiymətləri",0,0,,,,,,,,,,,,,False,,,,,,,,,,
costpush,Daxili xərc şoku (inflyasiya sürprizi),fr1:rva_agr,"Real əlavə dəyər: Kənd, meşə və balıqçılıq",2028,"mln AZN, 2015 qiymətləri",0,0,,,,,,,,,,,,,False,,,,,,,,,,
costpush,Daxili xərc şoku (inflyasiya sürprizi),fr1:rva_agr,"Real əlavə dəyər: Kənd, meşə və balıqçılıq",2029,"mln AZN, 2015 qiymətləri",0,0,,,,,,,,,,,,,False,,,,,,,,,,
costpush,Daxili xərc şoku (inflyasiya sürprizi),fr1:rva_agr,"Real əlavə dəyər: Kənd, meşə və balıqçılıq",2030,"mln AZN, 2015 qiymətləri",0,0,,,,,,,,,,,,,False,,,,,,,,,,
costpush,Daxili xərc şoku (inflyasiya sürprizi),fr1:rva_con,Real əlavə dəyər: Tikinti,2026,"mln AZN, 2015 qiymətləri",0,0,,,,,,,,,,,,,False,,,,,,,,,,
costpush,Daxili xərc şoku (inflyasiya sürprizi),fr1:rva_con,Real əlavə dəyər: Tikinti,2027,"mln AZN, 2015 qiymətləri",98.2104,-95.6952,0.987126,0.00647856,0.97439,0.0129712,0.949211,0.0260561,0.924233,0.039375,-0.0118714,0.0143395,-0.0230509,0.0299664,False,,,,,,,,,,
costpush,Daxili xərc şoku (inflyasiya sürprizi),fr1:rva_con,Real əlavə dəyər: Tikinti,2028,"mln AZN, 2015 qiymətləri",107.759,-104.877,0.986555,0.00676789,0.973263,0.0135496,0.947019,0.0272112,0.921039,0.041103,-0.0124356,0.0149317,-0.02416,0.0311707,False,,,,,,,,,,
costpush,Daxili xərc şoku (inflyasiya sürprizi),fr1:rva_con,Real əlavə dəyər: Tikinti,2029,"mln AZN, 2015 qiymətləri",115.081,-111.924,0.986204,0.00694575,0.972571,0.0139051,0.945676,0.0279205,0.919086,0.0421629,-0.0127836,0.0152932,-0.0248446,0.0319037,False,,,,,,,,,,
costpush,Daxili xərc şoku (inflyasiya sürprizi),fr1:rva_con,Real əlavə dəyər: Tikinti,2030,"mln AZN, 2015 qiymətləri",120.46,-117.072,0.985851,0.00712482,0.971875,0.0142632,0.944323,0.0286356,0.917117,0.0432331,-0.0131314,0.0156616,-0.0255273,0.0326549,False,,,,,,,,,,
costpush,Daxili xərc şoku (inflyasiya sürprizi),fr1:rva_man,Real əlavə dəyər: Emal sənayesi,2026,"mln AZN, 2015 qiymətləri",0,0,,,,,,,,,,,,,False,,,,,,,,,,
costpush,Daxili xərc şoku (inflyasiya sürprizi),fr1:rva_man,Real əlavə dəyər: Emal sənayesi,2027,"mln AZN, 2015 qiymətləri",29.3326,-28.8962,0.992546,0.00374108,0.985122,0.00749487,0.970264,0.0150926,0.955222,0.0229019,-0.00653257,0.00868083,-0.0125089,0.0184012,False,,,,,,,,,,
costpush,Daxili xərc şoku (inflyasiya sürprizi),fr1:rva_man,Real əlavə dəyər: Emal sənayesi,2028,"mln AZN, 2015 qiymətləri",34.6702,-34.0641,0.991233,0.0044029,0.982518,0.00881823,0.965144,0.0177369,0.94768,0.0268625,-0.00784502,0.0100145,-0.0151134,0.0210915,False,,,,,,,,,,
costpush,Daxili xərc şoku (inflyasiya sürprizi),fr1:rva_man,Real əlavə dəyər: Emal sənayesi,2029,"mln AZN, 2015 qiymətləri",40.2776,-39.4941,0.990239,0.00490456,0.980548,0.00982127,0.961283,0.0197408,0.942006,0.0298628,-0.00884559,0.011019,-0.017101,0.0231144,False,,,,,,,,,,
costpush,Daxili xərc şoku (inflyasiya sürprizi),fr1:rva_man,Real əlavə dəyər: Emal sənayesi,2030,"mln AZN, 2015 qiymətləri",46.5191,-45.5422,0.989456,0.00530008,0.978999,0.0106121,0.958248,0.0213209,0.937555,0.0322286,-0.0096368,0.0118088,-0.0186734,0.0247048,False,,,,,,,,,,
costpush,Daxili xərc şoku (inflyasiya sürprizi),fr1:rva_trd,Real əlavə dəyər: Ticarət; nəqliyyat vasitələrinin təmiri,2026,"mln AZN, 2015 qiymətləri",0,0,,,,,,,,,,,,,False,,,,,,,,,,
costpush,Daxili xərc şoku (inflyasiya sürprizi),fr1:rva_trd,Real əlavə dəyər: Ticarət; nəqliyyat vasitələrinin təmiri,2027,"mln AZN, 2015 qiymətləri",125.785,-117.04,0.964647,0.0179948,0.930479,0.0360123,0.865311,0.0722075,0.803789,0.108777,-0.0325391,0.0403225,-0.0624512,0.085322,True,asimmetrik cavab,,,,,,,,,
costpush,Daxili xərc şoku (inflyasiya sürprizi),fr1:rva_trd,Real əlavə dəyər: Ticarət; nəqliyyat vasitələrinin təmiri,2028,"mln AZN, 2015 qiymətləri",133.478,-124.1,0.964265,0.0181926,0.929743,0.0364072,0.863945,0.072993,0.801892,0.109945,-0.0329361,0.0407158,-0.0632285,0.0861282,True,asimmetrik cavab,,,,,,,,,
costpush,Daxili xərc şoku (inflyasiya sürprizi),fr1:rva_trd,Real əlavə dəyər: Ticarət; nəqliyyat vasitələrinin təmiri,2029,"mln AZN, 2015 qiymətləri",141.183,-131.148,0.963838,0.0184141,0.92892,0.0368498,0.862416,0.0738741,0.799765,0.111256,-0.0333626,0.0411782,-0.0640527,0.0870939,True,asimmetrik cavab,,,,,,,,,
costpush,Daxili xərc şoku (inflyasiya sürprizi),fr1:rva_trd,Real əlavə dəyər: Ticarət; nəqliyyat vasitələrinin təmiri,2030,"mln AZN, 2015 qiymətləri",148.927,-138.242,0.96349,0.0185946,0.928249,0.0372104,0.861171,0.0745924,0.798034,0.112326,-0.0337067,0.0415598,-0.0647156,0.0878952,True,asimmetrik cavab,,,,,,,,,
costpush,Daxili xərc şoku (inflyasiya sürprizi),fr1:rx_non,Qeyri-neft mal ixracı (real),2026,"mln AZN, 2015 qiymətləri",0,0,,,,,,,,,,,,,False,,,,,,,,,,
costpush,Daxili xərc şoku (inflyasiya sürprizi),fr1:rx_non,Qeyri-neft mal ixracı (real),2027,"mln AZN, 2015 qiymətləri",6.06574,-5.99552,0.994208,0.0029045,0.988425,0.00582135,0.976788,0.0117424,0.96489,0.0178688,-0.00489287,0.00696233,-0.00925907,0.0149064,False,,,,,,,,,,
costpush,Daxili xərc şoku (inflyasiya sürprizi),fr1:rx_non,Qeyri-neft mal ixracı (real),2028,"mln AZN, 2015 qiymətləri",7.42275,-7.32016,0.993078,0.0034732,0.986179,0.00695841,0.972359,0.014014,0.958346,0.0212698,-0.00603108,0.00809613,-0.0115267,0.0171813,False,,,,,,,,,,
costpush,Daxili xərc şoku (inflyasiya sürprizi),fr1:rx_non,Qeyri-neft mal ixracı (real),2029,"mln AZN, 2015 qiymətləri",8.87746,-8.74005,0.992242,0.00389388,0.984522,0.0077995,0.969097,0.0156939,0.953537,0.0237839,-0.00688036,0.00892661,-0.013222,0.0188425,False,,,,,,,,,,
costpush,Daxili xərc şoku (inflyasiya sürprizi),fr1:rx_non,Qeyri-neft mal ixracı (real),2030,"mln AZN, 2015 qiymətləri",10.5575,-10.3812,0.991625,0.00420522,0.983297,0.00842196,0.96669,0.0169371,0.949994,0.0256442,-0.00751327,0.00953668,-0.0144876,0.0200602,False,,,,,,,,,,
costpush,Daxili xərc şoku (inflyasiya sürprizi),fr1:unemp,İşsizlik səviyyəsi,2026,%,0,0,,,,,,,,,,,,,False,,,,,,,,,,
costpush,Daxili xərc şoku (inflyasiya sürprizi),fr1:unemp,İşsizlik səviyyəsi,2027,%,-0.028532,0.0270296,0.973343,-0.0135087,0.947342,-0.0270408,0.897046,-0.0542708,0.848619,-0.0818886,-0.0243785,0.0303237,-0.0468888,0.0639903,False,,,,,,,,,,
costpush,Daxili xərc şoku (inflyasiya sürprizi),fr1:unemp,İşsizlik səviyyəsi,2028,%,-0.030114,0.0285053,0.97295,-0.0137106,0.946579,-0.0274437,0.895611,-0.0550689,0.846609,-0.0830662,-0.024844,0.0306506,-0.0478389,0.0645944,False,,,,,,,,,,
costpush,Daxili xərc şoku (inflyasiya sürprizi),fr1:unemp,İşsizlik səviyyəsi,2029,%,-0.0311269,0.0294279,0.972353,-0.0140174,0.945418,-0.0280565,0.893423,-0.0562879,0.843525,-0.0848783,-0.0254719,0.0312435,-0.0490801,0.0657863,False,,,,,,,,,,
costpush,Daxili xərc şoku (inflyasiya sürprizi),fr1:unemp,İşsizlik səviyyəsi,2030,%,-0.0321472,0.0303659,0.971925,-0.0142372,0.944588,-0.0284954,0.891859,-0.0571611,0.841321,-0.0861766,-0.0259211,0.0316689,-0.0499677,0.0666428,False,,,,,,,,,,
costpush,Daxili xərc şoku (inflyasiya sürprizi),fr1:wage,Orta aylıq nominal əmək haqqı,2026,AZN/ay,0,0,,,,,,,,,,,,,False,,,,,,,,,,
costpush,Daxili xərc şoku (inflyasiya sürprizi),fr1:wage,Orta aylıq nominal əmək haqqı,2027,AZN/ay,-29.8969,28.8249,0.981921,-0.00912182,0.964143,-0.0182559,0.929365,-0.0366107,0.895432,-0.0551685,-0.0168436,0.0199475,-0.0326975,0.0415284,False,,,,,,,,,,
costpush,Daxili xərc şoku (inflyasiya sürprizi),fr1:wage,Orta aylıq nominal əmək haqqı,2028,AZN/ay,-31.4413,30.3055,0.981786,-0.00919072,0.963877,-0.0183939,0.928847,-0.0368888,0.894674,-0.0555907,-0.0169323,0.0201419,-0.0328437,0.0419657,False,,,,,,,,,,
costpush,Daxili xərc şoku (inflyasiya sürprizi),fr1:wage,Orta aylıq nominal əmək haqqı,2029,AZN/ay,-33.3597,32.1594,0.981859,-0.0091536,0.964019,-0.01832,0.929118,-0.036743,0.895057,-0.0553774,-0.0168286,0.0201026,-0.0326215,0.0419133,False,,,,,,,,,,
costpush,Daxili xərc şoku (inflyasiya sürprizi),fr1:wage,Orta aylıq nominal əmək haqqı,2030,AZN/ay,-35.1659,33.9019,0.981877,-0.00914457,0.964054,-0.0183021,0.929182,-0.0367089,0.895141,-0.0553306,-0.0167853,0.0201144,-0.0325214,0.0419605,False,,,,,,,,,,
costpush,Daxili xərc şoku (inflyasiya sürprizi),fr3:rw_avg,"Orta aylıq əmək haqqı, real (2015 qiymətləri)",2026,"AZN/ay, 2015 qiymətləri",0,0,,,,,,,,,,,,,False,,,,,,,,,,
costpush,Daxili xərc şoku (inflyasiya sürprizi),fr3:rw_avg,"Orta aylıq əmək haqqı, real (2015 qiymətləri)",2027,"AZN/ay, 2015 qiymətləri",6.79369,-6.33892,0.965982,0.0173032,0.93306,0.0346289,0.870141,0.0694382,0.810581,0.104618,-0.0313274,0.038717,-0.0601723,0.0818359,True,asimmetrik cavab,,,,,,,,,
costpush,Daxili xərc şoku (inflyasiya sürprizi),fr3:rw_avg,"Orta aylıq əmək haqqı, real (2015 qiymətləri)",2028,"AZN/ay, 2015 qiymətləri",7.22351,-6.73456,0.965594,0.0175042,0.932311,0.0350303,0.868746,0.0702366,0.80864,0.105803,-0.0317365,0.03911,-0.0609768,0.0826345,True,asimmetrik cavab,,,,,,,,,
costpush,Daxili xərc şoku (inflyasiya sürprizi),fr3:rw_avg,"Orta aylıq əmək haqqı, real (2015 qiymətləri)",2029,"AZN/ay, 2015 qiymətləri",7.63241,-7.10933,0.965156,0.017731,0.931465,0.0354833,0.867173,0.0711383,0.806448,0.107145,-0.0321771,0.0395777,-0.0618314,0.0836058,True,asimmetrik cavab,,,,,,,,,
costpush,Daxili xərc şoku (inflyasiya sürprizi),fr3:rw_avg,"Orta aylıq əmək haqqı, real (2015 qiymətləri)",2030,"AZN/ay, 2015 qiymətləri",8.03356,-7.47759,0.964808,0.017911,0.930795,0.0358429,0.865925,0.0718546,0.804708,0.108212,-0.0325237,0.0399538,-0.0625017,0.084391,True,asimmetrik cavab,,,,,,,,,
costpush,Daxili xərc şoku (inflyasiya sürprizi),fr4:budget,Büdcə təşkilatlarında muzdlu işçilər,2026,min nəfər,0,0,,,,,,,,,,,,,False,,,,,,,,,,
costpush,Daxili xərc şoku (inflyasiya sürprizi),fr4:budget,Büdcə təşkilatlarında muzdlu işçilər,2027,min nəfər,-1.28457,1.21269,0.971645,-0.0143813,0.944042,-0.0287843,0.890818,-0.0577435,0.839823,-0.0870611,-0.0260452,0.0321466,-0.0501148,0.0677628,False,,,,,,,,,,
costpush,Daxili xərc şoku (inflyasiya sürprizi),fr4:budget,Büdcə təşkilatlarında muzdlu işçilər,2028,min nəfər,-1.35764,1.2814,0.971545,-0.0144326,0.943849,-0.0288865,0.890458,-0.0579447,0.839326,-0.0873547,-0.0261797,0.0322096,-0.0503969,0.0678589,False,,,,,,,,,,
costpush,Daxili xərc şoku (inflyasiya sürprizi),fr4:budget,Büdcə təşkilatlarında muzdlu işçilər,2029,min nəfər,-1.41782,1.33767,0.97135,-0.0145332,0.94347,-0.0290874,0.889746,-0.0583434,0.838328,-0.0879453,-0.0263935,0.0323939,-0.0508235,0.0682209,False,,,,,,,,,,
costpush,Daxili xərc şoku (inflyasiya sürprizi),fr4:budget,Büdcə təşkilatlarında muzdlu işçilər,2030,min nəfər,-1.478,1.3941,0.971227,-0.0145963,0.943232,-0.0292131,0.889301,-0.0585928,0.837705,-0.088314,-0.0265309,0.032505,-0.0510992,0.0684354,False,,,,,,,,,,
costpush,Daxili xərc şoku (inflyasiya sürprizi),fr5:vol:total,"Pullu xidmətlər, cəmi: real həcm (2015 qiymətləri)",2026,"mln AZN, 2015 qiymətləri",0,0,,,,,,,,,,,,,False,,,,,,,,,,
costpush,Daxili xərc şoku (inflyasiya sürprizi),fr5:vol:total,"Pullu xidmətlər, cəmi: real həcm (2015 qiymətləri)",2027,"mln AZN, 2015 qiymətləri",134.691,-128.173,0.97553,0.0123868,0.951607,0.0247964,0.905167,0.0497767,0.860232,0.0751347,-0.022417,0.0277384,-0.0431877,0.0584463,False,,,,,,,,,,
costpush,Daxili xərc şoku (inflyasiya sürprizi),fr5:vol:total,"Pullu xidmətlər, cəmi: real həcm (2015 qiymətləri)",2028,"mln AZN, 2015 qiymətləri",145.553,-138.291,0.974762,0.0127802,0.950111,0.0255827,0.902325,0.0513453,0.856187,0.0774778,-0.0231782,0.0285536,-0.0446713,0.0601288,False,,,,,,,,,,
costpush,Daxili xərc şoku (inflyasiya sürprizi),fr5:vol:total,"Pullu xidmətlər, cəmi: real həcm (2015 qiymətləri)",2029,"mln AZN, 2015 qiymətləri",155.868,-147.88,0.974065,0.0131379,0.948752,0.0262977,0.899745,0.0527728,0.852517,0.0796122,-0.0238538,0.0293147,-0.0459775,0.061716,False,,,,,,,,,,
costpush,Daxili xərc şoku (inflyasiya sürprizi),fr5:vol:total,"Pullu xidmətlər, cəmi: real həcm (2015 qiymətləri)",2030,"mln AZN, 2015 qiymətləri",166.009,-157.31,0.973472,0.0134424,0.947597,0.0269065,0.897554,0.0539886,0.849401,0.0814314,-0.024425,0.0299683,-0.0470791,0.0630848,False,,,,,,,,,,
costpush,Daxili xərc şoku (inflyasiya sürprizi),ru:budget_gdp,Büdcə balansı,2026,% ÜDM (f.b.),0,0,,,,,,,,,,,,,False,,"Büdcə balansı həddi (< hədd, % ÜDM)",-1,0.655559,,,,,8,
costpush,Daxili xərc şoku (inflyasiya sürprizi),ru:budget_gdp,Büdcə balansı,2027,% ÜDM (f.b.),-0.00635095,0.0482944,2.22151,0.379173,7.60427,0.767557,4.25826,1,2.21288,1,0.409821,-3.51761,0.805454,-7.2042,True,asimmetrik cavab; qeyri-proporsional miqyas,"Büdcə balansı həddi (< hədd, % ÜDM)",-1,0.32115,,,,,8,
costpush,Daxili xərc şoku (inflyasiya sürprizi),ru:budget_gdp,Büdcə balansı,2028,% ÜDM (f.b.),-0.0129502,0.0571254,1.90691,0.311984,4.41115,0.630393,7.34607,1,2.77486,1,0.364466,-1.81933,0.716078,-3.72803,True,asimmetrik cavab; qeyri-proporsional miqyas,"Büdcə balansı həddi (< hədd, % ÜDM)",-1,0.0335283,,,,,8,
costpush,Daxili xərc şoku (inflyasiya sürprizi),ru:budget_gdp,Büdcə balansı,2029,% ÜDM (f.b.),-0.0204918,0.0659443,1.70504,0.26064,3.21809,0.525852,23.1992,1,3.69542,1,0.324702,-1.18376,0.637887,-2.42632,True,asimmetrik cavab; qeyri-proporsional miqyas,"Büdcə balansı həddi (< hədd, % ÜDM)",-1,0.108813,,,,,8,
costpush,Daxili xərc şoku (inflyasiya sürprizi),ru:budget_gdp,Büdcə balansı,2030,% ÜDM (f.b.),-0.0258529,0.0728036,1.61796,0.236047,2.81607,0.475901,121.294,0.983646,4.55001,1,0.303681,-0.969732,0.596542,-1.98812,True,asimmetrik cavab; qeyri-proporsional miqyas,"Büdcə balansı həddi (< hədd, % ÜDM)",-1,0.141054,,,,,8,
costpush,Daxili xərc şoku (inflyasiya sürprizi),ru:cpi,"İnflyasiya (İQİ, illik orta)",2026,f.b.,0,0,,,,,,,,,,,,,False,,İnflyasiya həddi (> hədd),6,5.2991,,,,,10,
costpush,Daxili xərc şoku (inflyasiya sürprizi),ru:cpi,"İnflyasiya (İQİ, illik orta)",2027,f.b.,-5.23627,5.18736,0.995325,-0.00234284,0.99066,-0.00469198,0.981306,-0.009435,0.971836,-0.0142831,-0.00418214,0.00530965,-0.0080682,0.0111447,False,,İnflyasiya həddi (> hədd),6,5.7416,,0.0497033,,0.218538,10,"-3,-2,2,3"
costpush,Daxili xərc şoku (inflyasiya sürprizi),ru:cpi,"İnflyasiya (İQİ, illik orta)",2028,f.b.,0.0165642,-0.0154552,0.96596,0.0173146,0.933048,0.0346354,0.870344,0.069322,0.811403,0.104116,-0.0333077,0.0363378,-0.0651562,0.0749946,True,asimmetrik cavab,İnflyasiya həddi (> hədd),6,5.8752,,,,,10,
costpush,Daxili xərc şoku (inflyasiya sürprizi),ru:cpi,"İnflyasiya (İQİ, illik orta)",2029,f.b.,0.0103877,-0.00945193,0.953915,0.0235858,0.909918,0.0471651,0.827686,0.0942797,0.752388,0.1413,-0.0455181,0.0493115,-0.0887414,0.102052,True,asimmetrik cavab; qeyri-proporsional miqyas,İnflyasiya həddi (> hədd),6,5.9149,,,,,10,
costpush,Daxili xərc şoku (inflyasiya sürprizi),ru:cpi,"İnflyasiya (İQİ, illik orta)",2030,f.b.,0.0105074,-0.00965452,0.958576,0.0211502,0.91883,0.0423016,0.843973,0.0846147,0.774689,0.126958,-0.0403192,0.0448014,-0.0784444,0.0930232,True,asimmetrik cavab,İnflyasiya həddi (> hədd),6,5.9278,,,,,10,
costpush,Daxili xərc şoku (inflyasiya sürprizi),ru:debt_gdp,Dövlət borcu,2026,% ÜDM (f.b.),0,0,,,,,,,,,,,,,False,,Dövlət borcu > 30% ÜDM (DSA həddi),30,17.2926,,,,,15,
costpush,Daxili xərc şoku (inflyasiya sürprizi),ru:debt_gdp,Dövlət borcu,2027,% ÜDM (f.b.),0.520798,-0.553171,1.0305,-0.0150207,1.06216,-0.030143,1.13018,-0.0611109,1.207,-0.0937925,0.0233393,-0.0382481,0.0431929,-0.0819905,False,,Dövlət borcu > 30% ÜDM (DSA həddi),30,15.6733,,,,,15,
costpush,Daxili xərc şoku (inflyasiya sürprizi),ru:debt_gdp,Dövlət borcu,2028,% ÜDM (f.b.),0.503292,-0.574856,1.06832,-0.0330323,1.14219,-0.0663763,1.31294,-0.1353,1.53043,-0.20962,0.0511237,-0.0855767,0.0957061,-0.182251,True,asimmetrik cavab; qeyri-proporsional miqyas,Dövlət borcu > 30% ÜDM (DSA həddi),30,14.5227,,,,,15,
costpush,Daxili xərc şoku (inflyasiya sürprizi),ru:debt_gdp,Dövlət borcu,2029,% ÜDM (f.b.),0.476335,-0.584233,1.1065,-0.050557,1.22652,-0.101736,1.52714,-0.208592,1.96962,-0.326513,0.0764883,-0.135423,0.143653,-0.287827,True,asimmetrik cavab; qeyri-proporsional miqyas,Dövlət borcu > 30% ÜDM (DSA həddi),30,13.1051,,,,,15,
costpush,Daxili xərc şoku (inflyasiya sürprizi),ru:debt_gdp,Dövlət borcu,2030,% ÜDM (f.b.),0.461785,-0.60477,1.14254,-0.0665299,1.30963,-0.134062,1.76407,-0.276429,2.55299,-0.437094,0.0982078,-0.184698,0.184657,-0.392294,True,asimmetrik cavab; qeyri-proporsional miqyas,Dövlət borcu > 30% ÜDM (DSA həddi),30,11.9126,,,,,15,
costpush,Daxili xərc şoku (inflyasiya sürprizi),ru:nonoil_g,Qeyri-neft ÜDM real artımı,2026,f.b.,0,0,,,,,,,,,,,,,False,,Growth-at-Risk həddi (qeyri-neft artımı < hədd),2,5.312,,,,,6,
costpush,Daxili xərc şoku (inflyasiya sürprizi),ru:nonoil_g,Qeyri-neft ÜDM real artımı,2027,f.b.,0.942919,-0.885796,0.969268,0.015606,0.939419,0.0312368,0.882047,0.062673,0.827288,0.0945179,-0.0281565,0.0350567,-0.0540858,0.0741231,False,,Growth-at-Risk həddi (qeyri-neft artımı < hədd),2,5.43,,,,,6,
costpush,Daxili xərc şoku (inflyasiya sürprizi),ru:nonoil_g,Qeyri-neft ÜDM real artımı,2028,f.b.,0.0504174,-0.0470181,0.965716,0.0174408,0.932577,0.0348877,0.869463,0.0698261,0.810166,0.104871,-0.0335276,0.0366284,-0.0655674,0.07562,True,asimmetrik cavab,Growth-at-Risk həddi (qeyri-neft artımı < hədd),2,5.603,,,,,6,
costpush,Daxili xərc şoku (inflyasiya sürprizi),ru:nonoil_g,Qeyri-neft ÜDM real artımı,2029,f.b.,0.0317145,-0.0288486,0.953766,0.0236639,0.909634,0.0473212,0.827166,0.0945912,0.751674,0.141765,-0.0456475,0.0495004,-0.088977,0.102469,True,asimmetrik cavab; qeyri-proporsional miqyas,Growth-at-Risk həddi (qeyri-neft artımı < hədd),2,5.632,,,,,6,
costpush,Daxili xərc şoku (inflyasiya sürprizi),ru:nonoil_g,Qeyri-neft ÜDM real artımı,2030,f.b.,0.0318842,-0.0292868,0.958424,0.0212296,0.918538,0.0424603,0.843434,0.0849317,0.773943,0.127432,-0.0404535,0.0449901,-0.0786919,0.0934362,True,asimmetrik cavab,Growth-at-Risk həddi (qeyri-neft artımı < hədd),2,5.727,,,,,6,
costpush,Daxili xərc şoku (inflyasiya sürprizi),ru:nonoil_lvl,Qeyri-neft real ÜDM səviyyəsi,2026,% (baza ilə fərq),0,0,,,,,,,,,,,,,False,,,,,,,,,10,
costpush,Daxili xərc şoku (inflyasiya sürprizi),ru:nonoil_lvl,Qeyri-neft real ÜDM səviyyəsi,2027,% (baza ilə fərq),0.896495,-0.842184,0.969268,0.015606,0.939419,0.0312368,0.882047,0.062673,0.827288,0.0945179,-0.0281565,0.0350567,-0.0540858,0.0741231,False,,,,,,,,,10,
costpush,Daxili xərc şoku (inflyasiya sürprizi),ru:nonoil_lvl,Qeyri-neft real ÜDM səviyyəsi,2028,% (baza ilə fərq),0.945178,-0.886803,0.968658,0.0159205,0.938239,0.0318647,0.87984,0.0639204,0.824205,0.096368,-0.0288165,0.0356453,-0.0553973,0.0752942,False,,,,,,,,,10,
costpush,Daxili xərc şoku (inflyasiya sürprizi),ru:nonoil_lvl,Qeyri-neft real ÜDM səviyyəsi,2029,% (baza ilə fərq),0.975705,-0.914067,0.967929,0.0162969,0.936827,0.0326166,0.877199,0.0654172,0.820507,0.0985953,-0.0295585,0.0364081,-0.0568448,0.0768633,False,,,,,,,,,10,
costpush,Daxili xərc şoku (inflyasiya sürprizi),ru:nonoil_lvl,Qeyri-neft real ÜDM səviyyəsi,2030,% (baza ilə fərq),1.00657,-0.941885,0.967367,0.0165874,0.935739,0.0331969,0.875165,0.0665728,0.81766,0.100316,-0.0301263,0.0370034,-0.0579492,0.078094,True,asimmetrik cavab,,,,,,,,10,
costpush,Daxili xərc şoku (inflyasiya sürprizi),ru:tb_gdp,Mal ticarəti balansı (cari hesab proksisi),2026,% ÜDM (f.b.),0,0,,,,,,,,,,,,,False,,Mal ticarəti balansı < 0 (kəsir),0,9.03884,,,,,15,
costpush,Daxili xərc şoku (inflyasiya sürprizi),ru:tb_gdp,Mal ticarəti balansı (cari hesab proksisi),2027,% ÜDM (f.b.),0.0438835,-0.0612675,1.17918,-0.0822238,1.39614,-0.165325,2.02069,-0.3379,3.22234,-0.52633,0.129962,-0.219284,0.253647,-0.456834,True,asimmetrik cavab; qeyri-proporsional miqyas,Mal ticarəti balansı < 0 (kəsir),0,6.55075,,,,,15,
costpush,Daxili xərc şoku (inflyasiya sürprizi),ru:tb_gdp,Mal ticarəti balansı (cari hesab proksisi),2028,% ÜDM (f.b.),0.0233899,-0.0404711,1.30583,-0.132635,1.73028,-0.267475,3.47871,-0.553442,15.8829,-0.881537,0.191834,-0.407191,0.373445,-0.850377,True,asimmetrik cavab; qeyri-proporsional miqyas,Mal ticarəti balansı < 0 (kəsir),0,4.31464,,,,,15,
costpush,Daxili xərc şoku (inflyasiya sürprizi),ru:tb_gdp,Mal ticarəti balansı (cari hesab proksisi),2029,% ÜDM (f.b.),0.00632158,-0.0229724,1.77567,-0.279454,3.63397,-0.568405,10.0853,-1,2.83839,-1,0.327143,-1.4782,0.635344,-3.09372,True,asimmetrik cavab; qeyri-proporsional miqyas,Mal ticarəti balansı < 0 (kəsir),0,3.69245,,,,,15,
costpush,Daxili xərc şoku (inflyasiya sürprizi),ru:tb_gdp,Mal ticarəti balansı (cari hesab proksisi),2030,% ÜDM (f.b.),-0.0125538,-0.00373643,0.0128161,-0.974692,0.297634,-1,0.506664,-1,0.560101,-1,1.95147,0.733806,3.77924,1.53965,True,asimmetrik cavab; qeyri-proporsional miqyas,Mal ticarəti balansı < 0 (kəsir),0,2.75209,,,,,15,
drought,Quraqlıq (SPI; − = quraq),fr10:ind_output,"Sənaye buraxılışı, cəmi (30 sahə)",2026,mln manat,0,0,,,,,,,,,,,,,False,,,,,,,,,,
drought,Quraqlıq (SPI; − = quraq),fr10:ind_output,"Sənaye buraxılışı, cəmi (30 sahə)",2027,mln manat,-287.809,290.892,1.00534,0.00266394,1.01071,0.00532785,1.02154,0.0106554,1.03248,0.0159824,0.00535943,-0.00529663,0.0107592,-0.0105539,False,,,,,,,,,,
drought,Quraqlıq (SPI; − = quraq),fr10:ind_output,"Sənaye buraxılışı, cəmi (30 sahə)",2028,mln manat,-0.299543,0.298169,0.997706,-0.00114839,0.995414,-0.0022985,0.990849,-0.00459657,0.986301,-0.00689688,-0.00241819,0.00217746,-0.0049089,0.00428514,False,,,,,,,,,,
drought,Quraqlıq (SPI; − = quraq),fr10:ind_output,"Sənaye buraxılışı, cəmi (30 sahə)",2029,mln manat,-0.328563,0.326922,0.997499,-0.00125228,0.995003,-0.00250495,0.990028,-0.0050112,0.985071,-0.00752047,-0.0026275,0.00238444,-0.00533325,0.00469477,False,,,,,,,,,,
drought,Quraqlıq (SPI; − = quraq),fr10:ind_output,"Sənaye buraxılışı, cəmi (30 sahə)",2030,mln manat,-0.358996,0.357118,0.997381,-0.00131125,0.994768,-0.00262289,0.989561,-0.00524709,0.984374,-0.00787434,-0.00274676,0.00250105,-0.00557223,0.00492749,False,,,,,,,,,,
drought,Quraqlıq (SPI; − = quraq),fr12:act:N:ALL,Qeydiyyatdakı vahidlər (ehtiyat): Bütün sahələr,2026,vahid,0,0,,,,,,,,,,,,,False,,,,,,,,,,
drought,Quraqlıq (SPI; − = quraq),fr12:act:N:ALL,Qeydiyyatdakı vahidlər (ehtiyat): Bütün sahələr,2027,vahid,-60.7455,60.8843,1.00114,0.000570283,1.00228,0.00114057,1.00457,0.00228112,1.00687,0.00342166,0.0011429,-0.00113822,0.00228822,-0.00227402,False,,,,,,,,,,
drought,Quraqlıq (SPI; − = quraq),fr12:act:N:ALL,Qeydiyyatdakı vahidlər (ehtiyat): Bütün sahələr,2028,vahid,1.47466,-1.34373,0.954601,0.0232265,0.911216,0.046454,0.829967,0.0929156,0.755321,0.139393,-0.0487984,0.0443186,-0.0976518,0.0885889,True,asimmetrik cavab,,,,,,,,,
drought,Quraqlıq (SPI; − = quraq),fr12:act:N:ALL,Qeydiyyatdakı vahidlər (ehtiyat): Bütün sahələr,2029,vahid,1.43418,-1.30677,0.954573,0.0232416,0.911161,0.0464841,0.829866,0.092976,0.755181,0.139483,-0.0488327,0.0443451,-0.097721,0.0886413,True,asimmetrik cavab,,,,,,,,,
drought,Quraqlıq (SPI; − = quraq),fr12:act:N:ALL,Qeydiyyatdakı vahidlər (ehtiyat): Bütün sahələr,2030,vahid,1.39463,-1.27062,0.954533,0.0232622,0.911086,0.0465254,0.829728,0.0930587,0.75499,0.139608,-0.0488793,0.0443818,-0.097815,0.0887139,True,asimmetrik cavab,,,,,,,,,
drought,Quraqlıq (SPI; − = quraq),fr12:ew:score:CON,Erkən xəbərdarlıq balı (0–1): Tikinti,2026,bal (0–1),0,0,,,,,,,,,,,,,False,,,,,,,,,,
drought,Quraqlıq (SPI; − = quraq),fr12:ew:score:CON,Erkən xəbərdarlıq balı (0–1): Tikinti,2027,bal (0–1),0,0,,,,,,,,,,,,,False,,,,,,,,,,
drought,Quraqlıq (SPI; − = quraq),fr12:ew:score:CON,Erkən xəbərdarlıq balı (0–1): Tikinti,2028,bal (0–1),0,0,,,,,,,,,,,,,False,,,,,,,,,,
drought,Quraqlıq (SPI; − = quraq),fr12:ew:score:CON,Erkən xəbərdarlıq balı (0–1): Tikinti,2029,bal (0–1),0,0,,,,,,,,,,,,,False,,,,,,,,,,
drought,Quraqlıq (SPI; − = quraq),fr12:ew:score:CON,Erkən xəbərdarlıq balı (0–1): Tikinti,2030,bal (0–1),0,0,,,,,,,,,,,,,False,,,,,,,,,,
drought,Quraqlıq (SPI; − = quraq),fr12:ew:score:TRD,Erkən xəbərdarlıq balı (0–1): Ticarət,2026,bal (0–1),0,0,,,,,,,,,,,,,False,,,,,,,,,,
drought,Quraqlıq (SPI; − = quraq),fr12:ew:score:TRD,Erkən xəbərdarlıq balı (0–1): Ticarət,2027,bal (0–1),0,0,,,,,,,,,,,,,False,,,,,,,,,,
drought,Quraqlıq (SPI; − = quraq),fr12:ew:score:TRD,Erkən xəbərdarlıq balı (0–1): Ticarət,2028,bal (0–1),0,0,,,,,,,,,,,,,False,,,,,,,,,,
drought,Quraqlıq (SPI; − = quraq),fr12:ew:score:TRD,Erkən xəbərdarlıq balı (0–1): Ticarət,2029,bal (0–1),0,0,,,,,,,,,,,,,False,,,,,,,,,,
drought,Quraqlıq (SPI; − = quraq),fr12:ew:score:TRD,Erkən xəbərdarlıq balı (0–1): Ticarət,2030,bal (0–1),0,0,,,,,,,,,,,,,False,,,,,,,,,,
drought,Quraqlıq (SPI; − = quraq),fr1:balance_n,Büdcə balansı,2026,"mln AZN, cari qiymətlər",0,0,,,,,,,,,,,,,False,,,,,,,,,,
drought,Quraqlıq (SPI; − = quraq),fr1:balance_n,Büdcə balansı,2027,"mln AZN, cari qiymətlər",-34.0235,34.4343,1.00602,0.00300017,1.01207,0.00600029,1.02429,0.0120001,1.03666,0.0179991,0.00603879,-0.00596223,0.0121277,-0.0118755,False,,,,,,,,,,
drought,Quraqlıq (SPI; − = quraq),fr1:balance_n,Büdcə balansı,2028,"mln AZN, cari qiymətlər",-2.82157,2.90016,1.01383,0.00686754,1.02785,0.0137345,1.05648,0.0274643,1.08591,0.0411847,0.0137534,-0.0137171,0.027645,-0.0272962,False,,,,,,,,,,
drought,Quraqlıq (SPI; − = quraq),fr1:balance_n,Büdcə balansı,2029,"mln AZN, cari qiymətlər",-3.07428,3.1621,1.01418,0.00704136,1.02857,0.0140821,1.05795,0.0281592,1.08818,0.0422264,0.0140973,-0.0140685,0.0283364,-0.0279953,False,,,,,,,,,,
drought,Quraqlıq (SPI; − = quraq),fr1:balance_n,Büdcə balansı,2030,"mln AZN, cari qiymətlər",-3.34611,3.4439,1.01451,0.00720103,1.02922,0.0144014,1.0593,0.0287975,1.09026,0.0431832,0.0144129,-0.0143917,0.0289711,-0.028638,False,,,,,,,,,,
drought,Quraqlıq (SPI; − = quraq),fr1:debt_azn,"Dövlət borcu (xarici + daxili, Maliyyə Nazirliyinin anlayışı; dövlət zəmanətli borc daxil deyil)",2026,"mln AZN, cari qiymətlər",0,0,,,,,,,,,,,,,False,,,,,,,,,,
drought,Quraqlıq (SPI; − = quraq),fr1:debt_azn,"Dövlət borcu (xarici + daxili, Maliyyə Nazirliyinin anlayışı; dövlət zəmanətli borc daxil deyil)",2027,"mln AZN, cari qiymətlər",34.0235,-34.4343,1.00602,-0.00300017,1.01207,-0.00600029,1.02429,-0.0120001,1.03666,-0.0179991,0.00603879,-0.00596223,0.0121277,-0.0118755,False,,,,,,,,,,
drought,Quraqlıq (SPI; − = quraq),fr1:debt_azn,"Dövlət borcu (xarici + daxili, Maliyyə Nazirliyinin anlayışı; dövlət zəmanətli borc daxil deyil)",2028,"mln AZN, cari qiymətlər",36.8451,-37.3345,1.00662,-0.00329846,1.01328,-0.00659685,1.02674,-0.0131931,1.04038,-0.0197881,0.00663807,-0.00655609,0.0133331,-0.0130565,False,,,,,,,,,,
drought,Quraqlıq (SPI; − = quraq),fr1:debt_azn,"Dövlət borcu (xarici + daxili, Maliyyə Nazirliyinin anlayışı; dövlət zəmanətli borc daxil deyil)",2029,"mln AZN, cari qiymətlər",39.9194,-40.4966,1.0072,-0.00358872,1.01446,-0.00717734,1.02913,-0.0143539,1.044,-0.0215288,0.00722051,-0.00713464,0.0145046,-0.0142069,False,,,,,,,,,,
drought,Quraqlıq (SPI; − = quraq),fr1:debt_azn,"Dövlət borcu (xarici + daxili, Maliyyə Nazirliyinin anlayışı; dövlət zəmanətli borc daxil deyil)",2030,"mln AZN, cari qiymətlər",43.2655,-43.9405,1.00777,-0.00386998,1.0156,-0.00773982,1.03144,-0.0154786,1.04753,-0.0232153,0.00778422,-0.00769589,0.0156384,-0.015323,False,,,,,,,,,,
drought,Quraqlıq (SPI; − = quraq),fr1:emp,Məşğul əhali,2026,min nəfər,0,0,,,,,,,,,,,,,False,,,,,,,,,,
drought,Quraqlıq (SPI; − = quraq),fr1:emp,Məşğul əhali,2027,min nəfər,-0.459039,0.462113,1.00334,0.00166834,1.0067,0.00333666,1.01344,0.00667321,1.02022,0.0100095,0.00333931,-0.00333396,0.00668774,-0.00665863,False,,,,,,,,,,
drought,Quraqlıq (SPI; − = quraq),fr1:emp,Məşğul əhali,2028,min nəfər,-0.00526692,0.00544989,1.01722,0.0085374,1.03474,0.0170734,1.07069,0.0341397,1.10791,0.0511908,0.0170408,-0.0171105,0.0342535,-0.0340478,False,,,,,,,,,,
drought,Quraqlıq (SPI; − = quraq),fr1:emp,Məşğul əhali,2029,min nəfər,-0.00530557,0.00549006,1.01724,0.00854506,1.03477,0.0170892,1.07076,0.0341706,1.10801,0.0512367,0.0170567,-0.017125,0.0342845,-0.0340775,False,,,,,,,,,,
drought,Quraqlıq (SPI; − = quraq),fr1:emp,Məşğul əhali,2030,min nəfər,-0.0053522,0.00553856,1.01726,0.00855618,1.03482,0.0171114,1.07085,0.0342151,1.10816,0.0513033,0.0170787,-0.0171474,0.034329,-0.0341219,False,,,,,,,,,,
drought,Quraqlıq (SPI; − = quraq),fr1:gdp_n,Nominal ÜDM,2026,"mln AZN, cari qiymətlər",0,0,,,,,,,,,,,,,False,,,,,,,,,,
drought,Quraqlıq (SPI; − = quraq),fr1:gdp_n,Nominal ÜDM,2027,"mln AZN, cari qiymətlər",-403.21,407.244,1.00499,0.00248851,1.01,0.004977,1.02011,0.00995377,1.03031,0.0149301,0.00500423,-0.00495008,0.0100434,-0.00986599,False,,,,,,,,,,
drought,Quraqlıq (SPI; − = quraq),fr1:gdp_n,Nominal ÜDM,2028,"mln AZN, cari qiymətlər",-2.70107,2.76837,1.01238,0.0061525,1.02491,0.012304,1.05045,0.0246053,1.07663,0.0368998,0.0123194,-0.0122909,0.0247514,-0.0244695,False,,,,,,,,,,
drought,Quraqlıq (SPI; − = quraq),fr1:gdp_n,Nominal ÜDM,2029,"mln AZN, cari qiymətlər",-3.0239,3.09967,1.01245,0.0061869,1.02506,0.0123733,1.05074,0.0247431,1.07707,0.0371059,0.0123889,-0.0123587,0.02489,-0.024605,False,,,,,,,,,,
drought,Quraqlıq (SPI; − = quraq),fr1:gdp_n,Nominal ÜDM,2030,"mln AZN, cari qiymətlər",-3.36685,3.45188,1.01255,0.00623541,1.02526,0.0124703,1.05115,0.0249371,1.0777,0.0373967,0.0124856,-0.012456,0.0250849,-0.0247982,False,,,,,,,,,,
drought,Quraqlıq (SPI; − = quraq),fr1:infl,İnflyasiya (İQİ),2026,%,0,0,,,,,,,,,,,,,False,,,,,,,,,,
drought,Quraqlıq (SPI; − = quraq),fr1:infl,İnflyasiya (İQİ),2027,%,-0.0904541,0.0910319,1.00319,0.00159192,1.00639,0.00318383,1.01282,0.00636756,1.01929,0.00955107,0.0031847,-0.00318289,0.00637666,-0.00635832,False,,,,,,,,,,
drought,Quraqlıq (SPI; − = quraq),fr1:infl,İnflyasiya (İQİ),2028,%,0.0895898,-0.0901722,1.00325,-0.0016201,1.0065,-0.0032402,1.01305,-0.00648028,1.01963,-0.00972015,0.00324205,-0.00323827,0.00649225,-0.00646822,False,,,,,,,,,,
drought,Quraqlıq (SPI; − = quraq),fr1:infl,İnflyasiya (İQİ),2029,%,-6.21338e-07,6.7665e-07,1.04283,0.0209647,1.08902,0.0426134,1.18387,0.0841942,1.28676,0.125398,0.042207,-0.0412922,0.0831615,-0.0832877,False,,,,,,,,,,
drought,Quraqlıq (SPI; − = quraq),fr1:infl,İnflyasiya (İQİ),2030,%,-2.29973e-06,2.42743e-06,1.02739,0.013508,1.05553,0.0270131,1.11417,0.0540013,1.17614,0.0809405,0.0268183,-0.0272261,0.053985,-0.0541001,False,,,,,,,,,,
drought,Quraqlıq (SPI; − = quraq),fr1:lendrate,Kreditlər üzrə orta faiz dərəcəsi,2026,%,0,0,,,,,,,,,,,,,False,,,,,,,,,,
drought,Quraqlıq (SPI; − = quraq),fr1:lendrate,Kreditlər üzrə orta faiz dərəcəsi,2027,%,0,0,,,,,,,,,,,,,False,,,,,,,,,,
drought,Quraqlıq (SPI; − = quraq),fr1:lendrate,Kreditlər üzrə orta faiz dərəcəsi,2028,%,0,0,,,,,,,,,,,,,False,,,,,,,,,,
drought,Quraqlıq (SPI; − = quraq),fr1:lendrate,Kreditlər üzrə orta faiz dərəcəsi,2029,%,0,0,,,,,,,,,,,,,False,,,,,,,,,,
drought,Quraqlıq (SPI; − = quraq),fr1:lendrate,Kreditlər üzrə orta faiz dərəcəsi,2030,%,0,0,,,,,,,,,,,,,False,,,,,,,,,,
drought,Quraqlıq (SPI; − = quraq),fr1:nobd_pct,"Qeyri-neft büdcə balansı, qeyri-neft ÜDM-ə nisbətən",2026,%,0,0,,,,,,,,,,,,,False,,,,,,,,,,
drought,Quraqlıq (SPI; − = quraq),fr1:nobd_pct,"Qeyri-neft büdcə balansı, qeyri-neft ÜDM-ə nisbətən",2027,%,-0.0853466,0.0856446,1.00174,0.000871582,1.00349,0.00174315,1.007,0.00348623,1.01051,0.00522916,0.00172732,-0.00175881,0.00344593,-0.00352586,False,,,,,,,,,,
drought,Quraqlıq (SPI; − = quraq),fr1:nobd_pct,"Qeyri-neft büdcə balansı, qeyri-neft ÜDM-ə nisbətən",2028,%,-0.00254661,0.00261657,1.01364,0.00677433,1.02747,0.013548,1.05569,0.0270916,1.08469,0.0406262,0.0135657,-0.0135319,0.0272653,-0.02693,False,,,,,,,,,,
drought,Quraqlıq (SPI; − = quraq),fr1:nobd_pct,"Qeyri-neft büdcə balansı, qeyri-neft ÜDM-ə nisbətən",2029,%,-0.00247702,0.00254672,1.01397,0.00693787,1.02814,0.0138751,1.05707,0.0277455,1.08682,0.0416062,0.0138895,-0.0138623,0.0279164,-0.027587,False,,,,,,,,,,
drought,Quraqlıq (SPI; − = quraq),fr1:nobd_pct,"Qeyri-neft büdcə balansı, qeyri-neft ÜDM-ə nisbətən",2030,%,-0.00242405,0.00249381,1.01429,0.00709259,1.02878,0.0141845,1.05838,0.028364,1.08885,0.0425335,0.0141956,-0.0141751,0.028532,-0.0282092,False,,,,,,,,,,
drought,Quraqlıq (SPI; − = quraq),fr1:rcons,Real istehlak (istehlak bazarı),2026,"mln AZN, 2015 qiymətləri",0,0,,,,,,,,,,,,,False,,,,,,,,,,
drought,Quraqlıq (SPI; − = quraq),fr1:rcons,Real istehlak (istehlak bazarı),2027,"mln AZN, 2015 qiymətləri",-120.547,121.664,1.00462,0.0023061,1.00927,0.00461218,1.01862,0.00922417,1.02806,0.0138358,0.0046335,-0.00459107,0.0092956,-0.00915407,False,,,,,,,,,,
drought,Quraqlıq (SPI; − = quraq),fr1:rcons,Real istehlak (istehlak bazarı),2028,"mln AZN, 2015 qiymətləri",-1.47899,1.54273,1.02132,0.0105482,1.0431,0.0210945,1.08807,0.0421769,1.13501,0.0632342,0.0209906,-0.0212071,0.0422057,-0.0421871,False,,,,,,,,,,
drought,Quraqlıq (SPI; − = quraq),fr1:rcons,Real istehlak (istehlak bazarı),2029,"mln AZN, 2015 qiymətləri",-1.54029,1.60672,1.02133,0.0105544,1.04312,0.0211072,1.08812,0.0422017,1.13509,0.063271,0.0210034,-0.0212188,0.0422304,-0.0422108,False,,,,,,,,,,
drought,Quraqlıq (SPI; − = quraq),fr1:rcons,Real istehlak (istehlak bazarı),2030,"mln AZN, 2015 qiymətləri",-1.60297,1.67214,1.02135,0.0105607,1.04315,0.0211199,1.08818,0.0422271,1.13518,0.0633091,0.0210159,-0.0212316,0.0422559,-0.0422362,False,,,,,,,,,,
drought,Quraqlıq (SPI; − = quraq),fr1:rcred_tot,Kreditlər (real),2026,"mln AZN, 2015 qiymətləri",0,0,,,,,,,,,,,,,False,,,,,,,,,,
drought,Quraqlıq (SPI; − = quraq),fr1:rcred_tot,Kreditlər (real),2027,"mln AZN, 2015 qiymətləri",-26.4035,26.6214,1.00412,0.00205551,1.00826,0.004111,1.01658,0.00822185,1.02497,0.0123324,0.00412458,-0.00409751,0.00826955,-0.00817482,False,,,,,,,,,,
drought,Quraqlıq (SPI; − = quraq),fr1:rcred_tot,Kreditlər (real),2028,"mln AZN, 2015 qiymətləri",-0.31561,0.327181,1.01817,0.00900136,1.03666,0.0180012,1.07468,0.0359943,1.1141,0.0539701,0.0179553,-0.0180523,0.0360951,-0.0359188,False,,,,,,,,,,
drought,Quraqlıq (SPI; − = quraq),fr1:rcred_tot,Kreditlər (real),2029,"mln AZN, 2015 qiymətləri",-0.325115,0.337045,1.01818,0.00900867,1.03669,0.0180163,1.07474,0.0360238,1.1142,0.0540138,0.0179705,-0.0180662,0.0361246,-0.0359471,False,,,,,,,,,,
drought,Quraqlıq (SPI; − = quraq),fr1:rcred_tot,Kreditlər (real),2030,"mln AZN, 2015 qiymətləri",-0.334368,0.346651,1.0182,0.00901866,1.03674,0.0180362,1.07483,0.0360637,1.11433,0.0540737,0.0179903,-0.0180864,0.0361646,-0.035987,False,,,,,,,,,,
drought,Quraqlıq (SPI; − = quraq),fr1:rev_oil_n,Neft-qaz büdcə gəlirləri,2026,"mln AZN, cari qiymətlər",0,0,,,,,,,,,,,,,False,,,,,,,,,,
drought,Quraqlıq (SPI; − = quraq),fr1:rev_oil_n,Neft-qaz büdcə gəlirləri,2027,"mln AZN, cari qiymətlər",0,0,,,,,,,,,,,,,False,,,,,,,,,,
drought,Quraqlıq (SPI; − = quraq),fr1:rev_oil_n,Neft-qaz büdcə gəlirləri,2028,"mln AZN, cari qiymətlər",0,0,,,,,,,,,,,,,False,,,,,,,,,,
drought,Quraqlıq (SPI; − = quraq),fr1:rev_oil_n,Neft-qaz büdcə gəlirləri,2029,"mln AZN, cari qiymətlər",0,0,,,,,,,,,,,,,False,,,,,,,,,,
drought,Quraqlıq (SPI; − = quraq),fr1:rev_oil_n,Neft-qaz büdcə gəlirləri,2030,"mln AZN, cari qiymətlər",0,0,,,,,,,,,,,,,False,,,,,,,,,,
drought,Quraqlıq (SPI; − = quraq),fr1:rev_tot_n,Büdcə gəlirləri,2026,"mln AZN, cari qiymətlər",0,0,,,,,,,,,,,,,False,,,,,,,,,,
drought,Quraqlıq (SPI; − = quraq),fr1:rev_tot_n,Büdcə gəlirləri,2027,"mln AZN, cari qiymətlər",-115.754,117.088,1.00575,0.00286474,1.01152,0.00572945,1.02318,0.0114586,1.03498,0.0171871,0.00576989,-0.00568959,0.0115892,-0.0113313,False,,,,,,,,,,
drought,Quraqlıq (SPI; − = quraq),fr1:rev_tot_n,Büdcə gəlirləri,2028,"mln AZN, cari qiymətlər",-1.73946,1.79973,1.01718,0.00851466,1.03465,0.0170281,1.0705,0.0340491,1.1076,0.0510553,0.0169875,-0.0170727,0.0341402,-0.0339788,False,,,,,,,,,,
drought,Quraqlıq (SPI; − = quraq),fr1:rev_tot_n,Büdcə gəlirləri,2029,"mln AZN, cari qiymətlər",-1.9593,2.02721,1.01718,0.00851695,1.03466,0.017033,1.07052,0.0340584,1.10763,0.0510689,0.0169926,-0.0170767,0.0341498,-0.033987,False,,,,,,,,,,
drought,Quraqlıq (SPI; − = quraq),fr1:rev_tot_n,Büdcə gəlirləri,2030,"mln AZN, cari qiymətlər",-2.19439,2.27051,1.0172,0.00852434,1.03469,0.0170477,1.07058,0.034088,1.10773,0.0511132,0.0170074,-0.0170915,0.0341797,-0.0340163,False,,,,,,,,,,
drought,Quraqlıq (SPI; − = quraq),fr1:rgdp,Real ÜDM,2026,"mln AZN, 2015 qiymətləri",0,0,,,,,,,,,,,,,False,,,,,,,,,,
drought,Quraqlıq (SPI; − = quraq),fr1:rgdp,Real ÜDM,2027,"mln AZN, 2015 qiymətləri",-131.88,133.103,1.00463,0.00230808,1.00928,0.00461613,1.01864,0.00923207,1.02808,0.0138476,0.00463751,-0.00459496,0.00930368,-0.00916179,False,,,,,,,,,,
drought,Quraqlıq (SPI; − = quraq),fr1:rgdp,Real ÜDM,2028,"mln AZN, 2015 qiymətləri",0.114302,-0.117202,1.0126,-0.0062617,1.02537,-0.0125257,1.05138,-0.0250474,1.07806,-0.0375662,0.0120288,-0.0130101,0.023809,-0.0262348,False,,,,,,,,,,
drought,Quraqlıq (SPI; − = quraq),fr1:rgdp,Real ÜDM,2029,"mln AZN, 2015 qiymətləri",0.115807,-0.118682,1.01234,-0.00613098,1.02483,-0.0122616,1.05028,-0.0245226,1.07637,-0.036782,0.0117459,-0.0127709,0.0232345,-0.0257662,False,,,,,,,,,,
drought,Quraqlıq (SPI; − = quraq),fr1:rgdp,Real ÜDM,2030,"mln AZN, 2015 qiymətləri",0.105567,-0.108064,1.01176,-0.00584611,1.02366,-0.0116919,1.04789,-0.0233832,1.0727,-0.035073,0.0111046,-0.0122709,0.0218931,-0.0248199,False,,,,,,,,,,
drought,Quraqlıq (SPI; − = quraq),fr1:rgdpnon,Real qeyri-neft ÜDM,2026,"mln AZN, 2015 qiymətləri",0,0,,,,,,,,,,,,,False,,,,,,,,,,
drought,Quraqlıq (SPI; − = quraq),fr1:rgdpnon,Real qeyri-neft ÜDM,2027,"mln AZN, 2015 qiymətləri",-142.921,144.247,1.00463,0.00230808,1.00928,0.00461613,1.01864,0.00923207,1.02808,0.0138476,0.00463751,-0.00459496,0.00930368,-0.00916179,False,,,,,,,,,,
drought,Quraqlıq (SPI; − = quraq),fr1:rgdpnon,Real qeyri-neft ÜDM,2028,"mln AZN, 2015 qiymətləri",-1.70439,1.76365,1.01724,0.00854479,1.03477,0.0170884,1.07076,0.0341694,1.108,0.0512351,0.0170569,-0.0171238,0.0342862,-0.0340741,False,,,,,,,,,,
drought,Quraqlıq (SPI; − = quraq),fr1:rgdpnon,Real qeyri-neft ÜDM,2029,"mln AZN, 2015 qiymətləri",-1.78849,1.85073,1.01725,0.00855246,1.0348,0.017104,1.07082,0.0342002,1.10811,0.051281,0.0170725,-0.0171388,0.0343172,-0.0341041,False,,,,,,,,,,
drought,Quraqlıq (SPI; − = quraq),fr1:rgdpnon,Real qeyri-neft ÜDM,2030,"mln AZN, 2015 qiymətləri",-1.86986,1.93503,1.01728,0.00856359,1.03485,0.0171262,1.07092,0.0342447,1.10825,0.0513477,0.0170946,-0.0171613,0.0343618,-0.0341486,False,,,,,,,,,,
drought,Quraqlıq (SPI; − = quraq),fr1:rhhdisp,Ev təsərrüfatlarının real sərəncamda qalan gəliri,2026,"mln AZN, 2015 qiymətləri",0,0,,,,,,,,,,,,,False,,,,,,,,,,
drought,Quraqlıq (SPI; − = quraq),fr1:rhhdisp,Ev təsərrüfatlarının real sərəncamda qalan gəliri,2027,"mln AZN, 2015 qiymətləri",-97.3947,98.2688,1.00448,0.00223386,1.00898,0.00446769,1.01803,0.00893521,1.02717,0.0134024,0.00448672,-0.00444883,0.0089996,-0.00887194,False,,,,,,,,,,
drought,Quraqlıq (SPI; − = quraq),fr1:rhhdisp,Ev təsərrüfatlarının real sərəncamda qalan gəliri,2028,"mln AZN, 2015 qiymətləri",-1.20289,1.25509,1.02146,0.0106177,1.04339,0.0212335,1.08867,0.0424546,1.13595,0.0636503,0.0211263,-0.0213495,0.0424788,-0.0424701,False,,,,,,,,,,
drought,Quraqlıq (SPI; − = quraq),fr1:rhhdisp,Ev təsərrüfatlarının real sərəncamda qalan gəliri,2029,"mln AZN, 2015 qiymətləri",-1.25322,1.30763,1.02148,0.0106238,1.04341,0.021246,1.08873,0.0424792,1.13604,0.0636868,0.021139,-0.0213611,0.0425033,-0.0424937,False,,,,,,,,,,
drought,Quraqlıq (SPI; − = quraq),fr1:rhhdisp,Ev təsərrüfatlarının real sərəncamda qalan gəliri,2030,"mln AZN, 2015 qiymətləri",-1.302,1.35856,1.02149,0.01063,1.04344,0.0212584,1.08878,0.042504,1.13612,0.0637239,0.0211512,-0.0213736,0.0425281,-0.0425184,False,,,,,,,,,,
drought,Quraqlıq (SPI; − = quraq),fr1:rinv_state,Dövlət investisiyaları (real),2026,"mln AZN, 2015 qiymətləri",0,0,,,,,,,,,,,,,False,,,,,,,,,,
drought,Quraqlıq (SPI; − = quraq),fr1:rinv_state,Dövlət investisiyaları (real),2027,"mln AZN, 2015 qiymətləri",5.21595,-5.25001,1.00326,-0.00162731,1.00653,-0.0032546,1.0131,-0.00650906,1.01972,-0.00976325,0.00325426,-0.00325479,0.00651526,-0.00650255,False,,,,,,,,,,
drought,Quraqlıq (SPI; − = quraq),fr1:rinv_state,Dövlət investisiyaları (real),2028,"mln AZN, 2015 qiymətləri",0.14143,-0.144954,1.01238,-0.00615384,1.02492,-0.0123071,1.05046,-0.0246112,1.07665,-0.0369088,0.0122746,-0.0123402,0.0246275,-0.0245991,False,,,,,,,,,,
drought,Quraqlıq (SPI; − = quraq),fr1:rinv_state,Dövlət investisiyaları (real),2029,"mln AZN, 2015 qiymətləri",0.145584,-0.149224,1.01242,-0.00617314,1.025,-0.0123458,1.05063,-0.0246884,1.0769,-0.0370245,0.0123139,-0.0123781,0.0247066,-0.0246741,False,,,,,,,,,,
drought,Quraqlıq (SPI; − = quraq),fr1:rinv_state,Dövlət investisiyaları (real),2030,"mln AZN, 2015 qiymətləri",0.149492,-0.153244,1.01247,-0.00619656,1.0251,-0.0123926,1.05082,-0.024782,1.0772,-0.0371648,0.012361,-0.0124246,0.0248018,-0.0247663,False,,,,,,,,,,
drought,Quraqlıq (SPI; − = quraq),fr1:rinv_tot,Əsas kapitala investisiyalar (real),2026,"mln AZN, 2015 qiymətləri",0,0,,,,,,,,,,,,,False,,,,,,,,,,
drought,Quraqlıq (SPI; − = quraq),fr1:rinv_tot,Əsas kapitala investisiyalar (real),2027,"mln AZN, 2015 qiymətləri",1.14122,-1.15281,1.00507,-0.00252641,1.01016,-0.0050528,1.02042,-0.0101052,1.03078,-0.0151568,0.00506609,-0.00503932,0.010158,-0.0100526,False,,,,,,,,,,
drought,Quraqlıq (SPI; − = quraq),fr1:rinv_tot,Əsas kapitala investisiyalar (real),2028,"mln AZN, 2015 qiymətləri",0.115762,-0.118031,1.00975,-0.00485358,1.0196,-0.0097068,1.03959,-0.0194118,1.05997,-0.029113,0.00965603,-0.00975673,0.0193392,-0.0194814,False,,,,,,,,,,
drought,Quraqlıq (SPI; − = quraq),fr1:rinv_tot,Əsas kapitala investisiyalar (real),2029,"mln AZN, 2015 qiymətləri",0.12095,-0.123347,1.00986,-0.00490598,1.01982,-0.00981158,1.04003,-0.0196213,1.06064,-0.0294271,0.00976224,-0.00986007,0.019554,-0.0196858,False,,,,,,,,,,
drought,Quraqlıq (SPI; − = quraq),fr1:rinv_tot,Əsas kapitala investisiyalar (real),2030,"mln AZN, 2015 qiymətləri",0.125642,-0.128156,1.00996,-0.00495409,1.02001,-0.0099078,1.04043,-0.0198137,1.06125,-0.0297157,0.00985955,-0.00995527,0.0197507,-0.0198743,False,,,,,,,,,,
drought,Quraqlıq (SPI; − = quraq),fr1:rm_non,Qeyri-neft mal idxalı (real),2026,"mln AZN, 2015 qiymətləri",0,0,,,,,,,,,,,,,False,,,,,,,,,,
drought,Quraqlıq (SPI; − = quraq),fr1:rm_non,Qeyri-neft mal idxalı (real),2027,"mln AZN, 2015 qiymətləri",-33.0544,33.3576,1.00458,0.00228314,1.00917,0.00456626,1.01843,0.00913234,1.02778,0.013698,0.0045869,-0.00454582,0.00920165,-0.00906431,False,,,,,,,,,,
drought,Quraqlıq (SPI; − = quraq),fr1:rm_non,Qeyri-neft mal idxalı (real),2028,"mln AZN, 2015 qiymətləri",-0.366905,0.383841,1.02282,0.0112806,1.04616,0.0225589,1.09447,0.0451034,1.14504,0.0676183,0.0224281,-0.0227006,0.0451046,-0.0451497,False,,,,,,,,,,
drought,Quraqlıq (SPI; − = quraq),fr1:rm_non,Qeyri-neft mal idxalı (real),2029,"mln AZN, 2015 qiymətləri",-0.377216,0.394653,1.02285,0.0112961,1.04623,0.0225904,1.0946,0.0451658,1.14526,0.0677114,0.0224593,-0.0227315,0.0451663,-0.0452118,False,,,,,,,,,,
drought,Quraqlıq (SPI; − = quraq),fr1:rm_non,Qeyri-neft mal idxalı (real),2030,"mln AZN, 2015 qiymətləri",-0.387713,0.405654,1.02287,0.0113078,1.04627,0.0226138,1.09471,0.0452126,1.14542,0.0677814,0.0224823,-0.0227554,0.0452127,-0.0452591,False,,,,,,,,,,
drought,Quraqlıq (SPI; − = quraq),fr1:rva_agr,"Real əlavə dəyər: Kənd, meşə və balıqçılıq",2026,"mln AZN, 2015 qiymətləri",0,0,,,,,,,,,,,,,False,,,,,,,,,,
drought,Quraqlıq (SPI; − = quraq),fr1:rva_agr,"Real əlavə dəyər: Kənd, meşə və balıqçılıq",2027,"mln AZN, 2015 qiymətləri",-46.0096,46.4421,1.00469,0.0023394,1.0094,0.00467877,1.01889,0.00935734,1.02847,0.0140355,0.00470077,-0.00465698,0.00943099,-0.00928505,False,,,,,,,,,,
drought,Quraqlıq (SPI; − = quraq),fr1:rva_agr,"Real əlavə dəyər: Kənd, meşə və balıqçılıq",2028,"mln AZN, 2015 qiymətləri",0,0,,,,,,,,,,,,,False,,,,,,,,,,
drought,Quraqlıq (SPI; − = quraq),fr1:rva_agr,"Real əlavə dəyər: Kənd, meşə və balıqçılıq",2029,"mln AZN, 2015 qiymətləri",0,0,,,,,,,,,,,,,False,,,,,,,,,,
drought,Quraqlıq (SPI; − = quraq),fr1:rva_agr,"Real əlavə dəyər: Kənd, meşə və balıqçılıq",2030,"mln AZN, 2015 qiymətləri",0,0,,,,,,,,,,,,,False,,,,,,,,,,
drought,Quraqlıq (SPI; − = quraq),fr1:rva_con,Real əlavə dəyər: Tikinti,2026,"mln AZN, 2015 qiymətləri",0,0,,,,,,,,,,,,,False,,,,,,,,,,
drought,Quraqlıq (SPI; − = quraq),fr1:rva_con,Real əlavə dəyər: Tikinti,2027,"mln AZN, 2015 qiymətləri",-1.3493,1.35414,1.00179,0.000895508,1.00359,0.001791,1.00719,0.0035819,1.0108,0.00537259,0.00177328,-0.00180849,0.00353667,-0.00362627,False,,,,,,,,,,
drought,Quraqlıq (SPI; − = quraq),fr1:rva_con,Real əlavə dəyər: Tikinti,2028,"mln AZN, 2015 qiymətləri",0.00963899,-0.00952957,0.994309,0.00285385,0.988648,0.00570852,0.977403,0.0114276,0.966245,0.0171674,-0.00614757,0.00528641,-0.0125754,0.0103187,False,,,,,,,,,,
drought,Quraqlıq (SPI; − = quraq),fr1:rva_con,Real əlavə dəyər: Tikinti,2029,"mln AZN, 2015 qiymətləri",0.0116374,-0.0115664,0.996945,0.00152975,0.993897,0.00306072,0.987819,0.00612774,0.981752,0.00920821,-0.00339741,0.00273473,-0.00701854,0.00526601,False,,,,,,,,,,
drought,Quraqlıq (SPI; − = quraq),fr1:rva_con,Real əlavə dəyər: Tikinti,2030,"mln AZN, 2015 qiymətləri",0.0129722,-0.0129253,0.998191,0.000905079,0.996384,0.00181118,0.992771,0.00362739,0.98915,0.00545441,-0.00210447,0.00152691,-0.00440737,0.00287358,False,,,,,,,,,,
drought,Quraqlıq (SPI; − = quraq),fr1:rva_man,Real əlavə dəyər: Emal sənayesi,2026,"mln AZN, 2015 qiymətləri",0,0,,,,,,,,,,,,,False,,,,,,,,,,
drought,Quraqlıq (SPI; − = quraq),fr1:rva_man,Real əlavə dəyər: Emal sənayesi,2027,"mln AZN, 2015 qiymətləri",-53.5164,54.0272,1.00476,0.00237495,1.00955,0.00474986,1.01918,0.00949951,1.02891,0.0142487,0.00477252,-0.00472742,0.0095754,-0.00942504,False,,,,,,,,,,
drought,Quraqlıq (SPI; − = quraq),fr1:rva_man,Real əlavə dəyər: Emal sənayesi,2028,"mln AZN, 2015 qiymətləri",0.0107329,-0.0107926,1.00277,-0.00138345,1.00556,-0.00277082,1.01113,-0.00553554,1.01673,-0.00829607,0.00269621,-0.00283293,0.0053322,-0.00571641,False,,,,,,,,,,
drought,Quraqlıq (SPI; − = quraq),fr1:rva_man,Real əlavə dəyər: Emal sənayesi,2029,"mln AZN, 2015 qiymətləri",0.0123379,-0.0124269,1.0036,-0.00179603,1.00721,-0.00359181,1.01447,-0.00718277,1.02178,-0.0107718,0.00352354,-0.00365809,0.0070086,-0.00734941,False,,,,,,,,,,
drought,Quraqlıq (SPI; − = quraq),fr1:rva_man,Real əlavə dəyər: Emal sənayesi,2030,"mln AZN, 2015 qiymətləri",0.0139454,-0.014062,1.00417,-0.00208156,1.00836,-0.00416286,1.01679,-0.00832489,1.02529,-0.012485,0.0040985,-0.00422532,0.00816409,-0.00847834,False,,,,,,,,,,
drought,Quraqlıq (SPI; − = quraq),fr1:rva_trd,Real əlavə dəyər: Ticarət; nəqliyyat vasitələrinin təmiri,2026,"mln AZN, 2015 qiymətləri",0,0,,,,,,,,,,,,,False,,,,,,,,,,
drought,Quraqlıq (SPI; − = quraq),fr1:rva_trd,Real əlavə dəyər: Ticarət; nəqliyyat vasitələrinin təmiri,2027,"mln AZN, 2015 qiymətləri",-18.7438,18.9156,1.00457,0.00228121,1.00917,0.00456239,1.01842,0.0091246,1.02775,0.0136864,0.00458292,-0.00454206,0.00919359,-0.00905687,False,,,,,,,,,,
drought,Quraqlıq (SPI; − = quraq),fr1:rva_trd,Real əlavə dəyər: Ticarət; nəqliyyat vasitələrinin təmiri,2028,"mln AZN, 2015 qiymətləri",-0.230073,0.239989,1.02132,0.0105479,1.0431,0.0210939,1.08807,0.0421757,1.135,0.0632324,0.02099,-0.0212066,0.0422044,-0.042186,False,,,,,,,,,,
drought,Quraqlıq (SPI; − = quraq),fr1:rva_trd,Real əlavə dəyər: Ticarət; nəqliyyat vasitələrinin təmiri,2029,"mln AZN, 2015 qiymətləri",-0.239447,0.249773,1.02133,0.0105541,1.04312,0.0211066,1.08812,0.0422005,1.13509,0.0632692,0.0210027,-0.0212182,0.0422291,-0.0422098,False,,,,,,,,,,
drought,Quraqlıq (SPI; − = quraq),fr1:rva_trd,Real əlavə dəyər: Ticarət; nəqliyyat vasitələrinin təmiri,2030,"mln AZN, 2015 qiymətləri",-0.248936,0.259678,1.02135,0.0105604,1.04315,0.0211193,1.08818,0.0422259,1.13517,0.0633073,0.0210153,-0.0212311,0.0422545,-0.0422352,False,,,,,,,,,,
drought,Quraqlıq (SPI; − = quraq),fr1:rx_non,Qeyri-neft mal ixracı (real),2026,"mln AZN, 2015 qiymətləri",0,0,,,,,,,,,,,,,False,,,,,,,,,,
drought,Quraqlıq (SPI; − = quraq),fr1:rx_non,Qeyri-neft mal ixracı (real),2027,"mln AZN, 2015 qiymətləri",-44.4946,45.0885,1.00665,0.00331499,1.01335,0.00662992,1.02687,0.0132593,1.04058,0.0198874,0.00667417,-0.00658624,0.0134077,-0.0131146,False,,,,,,,,,,
drought,Quraqlıq (SPI; − = quraq),fr1:rx_non,Qeyri-neft mal ixracı (real),2028,"mln AZN, 2015 qiymətləri",0.00230214,-0.00231498,1.00277,-0.00138378,1.00557,-0.00277933,1.01115,-0.00554261,1.01673,-0.00829781,0.00270861,-0.00281773,0.00533337,-0.00570182,False,,,,,,,,,,
drought,Quraqlıq (SPI; − = quraq),fr1:rx_non,Qeyri-neft mal ixracı (real),2029,"mln AZN, 2015 qiymətləri",0.00272491,-0.00274456,1.0036,-0.00179635,1.00721,-0.00359243,1.01447,-0.00718403,1.02178,-0.0107736,0.00352417,-0.00365871,0.00700989,-0.00735064,False,,,,,,,,,,
drought,Quraqlıq (SPI; − = quraq),fr1:rx_non,Qeyri-neft mal ixracı (real),2030,"mln AZN, 2015 qiymətləri",0.0031719,-0.00319842,1.00417,-0.00208189,1.00836,-0.00416353,1.01679,-0.00832622,1.02529,-0.012487,0.00409918,-0.00422597,0.00816546,-0.00847964,False,,,,,,,,,,
drought,Quraqlıq (SPI; − = quraq),fr1:unemp,İşsizlik səviyyəsi,2026,%,0,0,,,,,,,,,,,,,False,,,,,,,,,,
drought,Quraqlıq (SPI; − = quraq),fr1:unemp,İşsizlik səviyyəsi,2027,%,0.00843611,-0.00849259,1.00334,-0.00166834,1.0067,-0.00333666,1.01344,-0.00667321,1.02022,-0.0100095,0.00333931,-0.00333396,0.00668774,-0.00665863,False,,,,,,,,,,
drought,Quraqlıq (SPI; − = quraq),fr1:unemp,İşsizlik səviyyəsi,2028,%,9.62853e-05,-9.96302e-05,1.01722,-0.0085374,1.03474,-0.0170734,1.07069,-0.0341397,1.10791,-0.0511908,0.0170408,-0.0171105,0.0342535,-0.0340478,False,,,,,,,,,,
drought,Quraqlıq (SPI; − = quraq),fr1:unemp,İşsizlik səviyyəsi,2029,%,9.64819e-05,-9.98368e-05,1.01724,-0.00854506,1.03477,-0.0170892,1.07076,-0.0341706,1.10801,-0.0512367,0.0170567,-0.017125,0.0342845,-0.0340775,False,,,,,,,,,,
drought,Quraqlıq (SPI; − = quraq),fr1:unemp,İşsizlik səviyyəsi,2030,%,9.68183e-05,-0.000100189,1.01726,-0.00855618,1.03482,-0.0171114,1.07085,-0.0342151,1.10816,-0.0513033,0.0170787,-0.0171474,0.034329,-0.0341219,False,,,,,,,,,,
drought,Quraqlıq (SPI; − = quraq),fr1:wage,Orta aylıq nominal əmək haqqı,2026,AZN/ay,0,0,,,,,,,,,,,,,False,,,,,,,,,,
drought,Quraqlıq (SPI; − = quraq),fr1:wage,Orta aylıq nominal əmək haqqı,2027,AZN/ay,-3.25659,3.28599,1.0045,0.00224657,1.00903,0.00449312,1.01814,0.00898605,1.02733,0.0134786,0.0045125,-0.00447391,0.00905154,-0.00892172,False,,,,,,,,,,
drought,Quraqlıq (SPI; − = quraq),fr1:wage,Orta aylıq nominal əmək haqqı,2028,AZN/ay,-0.0334198,0.0332411,0.997324,-0.0013399,0.994653,-0.00268057,0.989333,-0.00536235,0.984033,-0.00804762,-0.00281801,0.00254489,-0.00572268,0.00500782,False,,,,,,,,,,
drought,Quraqlıq (SPI; − = quraq),fr1:wage,Orta aylıq nominal əmək haqqı,2029,AZN/ay,-0.0359328,0.0357431,0.997357,-0.00132311,0.994721,-0.00264647,0.989466,-0.00529477,0.984232,-0.00794678,-0.00278258,0.00251338,-0.00565273,0.00494436,False,,,,,,,,,,
drought,Quraqlıq (SPI; − = quraq),fr1:wage,Orta aylıq nominal əmək haqqı,2030,AZN/ay,-0.0384708,0.038274,0.997438,-0.00128256,0.994882,-0.00256537,0.989787,-0.00513251,0.984711,-0.00770328,-0.00269922,0.00243446,-0.00548479,0.00478766,False,,,,,,,,,,
drought,Quraqlıq (SPI; − = quraq),fr3:rw_avg,"Orta aylıq əmək haqqı, real (2015 qiymətləri)",2026,"AZN/ay, 2015 qiymətləri",0,0,,,,,,,,,,,,,False,,,,,,,,,,
drought,Quraqlıq (SPI; − = quraq),fr3:rw_avg,"Orta aylıq əmək haqqı, real (2015 qiymətləri)",2027,"AZN/ay, 2015 qiymətləri",-1.11389,1.12381,1.00444,0.00221619,1.0089,0.00443205,1.01789,0.00886389,1.02695,0.0132955,0.00445094,-0.00441327,0.00892806,-0.008801,False,,,,,,,,,,
drought,Quraqlıq (SPI; − = quraq),fr3:rw_avg,"Orta aylıq əmək haqqı, real (2015 qiymətləri)",2028,"AZN/ay, 2015 qiymətləri",-0.0135465,0.0141103,1.02059,0.0101882,1.04162,0.0203847,1.085,0.0407673,1.13023,0.0611356,0.0203074,-0.0204881,0.0408365,-0.0407697,False,,,,,,,,,,
drought,Quraqlıq (SPI; − = quraq),fr3:rw_avg,"Orta aylıq əmək haqqı, real (2015 qiymətləri)",2029,"AZN/ay, 2015 qiymətləri",-0.0140444,0.0146312,1.02059,0.0101912,1.04178,0.0204635,1.08514,0.0408317,1.13043,0.0612231,0.0203119,-0.0204556,0.0408643,-0.0407614,False,,,,,,,,,,
drought,Quraqlıq (SPI; − = quraq),fr3:rw_avg,"Orta aylıq əmək haqqı, real (2015 qiymətləri)",2030,"AZN/ay, 2015 qiymətləri",-0.0145374,0.0151436,1.02068,0.0102319,1.04169,0.0204214,1.08525,0.0408807,1.13053,0.0612675,0.0203916,-0.0205578,0.0409437,-0.0408545,False,,,,,,,,,,
drought,Quraqlıq (SPI; − = quraq),fr4:budget,Büdcə təşkilatlarında muzdlu işçilər,2026,min nəfər,0,0,,,,,,,,,,,,,False,,,,,,,,,,
drought,Quraqlıq (SPI; − = quraq),fr4:budget,Büdcə təşkilatlarında muzdlu işçilər,2027,min nəfər,0.18597,-0.187257,1.00345,-0.00172359,1.00692,-0.00344717,1.01388,-0.00689423,1.0209,-0.010341,0.00345381,-0.00344051,0.00691996,-0.00686864,False,,,,,,,,,,
drought,Quraqlıq (SPI; − = quraq),fr4:budget,Büdcə təşkilatlarında muzdlu işçilər,2028,min nəfər,0.00189044,-0.00197818,1.02294,-0.0113421,1.04642,-0.0226819,1.09501,-0.0453494,1.14589,-0.0679872,0.0225402,-0.0228348,0.0453248,-0.0454214,False,,,,,,,,,,
drought,Quraqlıq (SPI; − = quraq),fr4:budget,Büdcə təşkilatlarında muzdlu işçilər,2029,min nəfər,0.00195657,-0.0020472,1.0229,-0.0113187,1.04632,-0.0226356,1.0948,-0.0452564,1.14557,-0.0678475,0.0224954,-0.0227859,0.0452336,-0.045325,False,,,,,,,,,,
drought,Quraqlıq (SPI; − = quraq),fr4:budget,Büdcə təşkilatlarında muzdlu işçilər,2030,min nəfər,0.00202288,-0.00211641,1.02285,-0.0112983,1.04623,-0.0225947,1.09462,-0.0451745,1.14529,-0.0677249,0.0224557,-0.0227437,0.0451537,-0.045241,False,,,,,,,,,,
drought,Quraqlıq (SPI; − = quraq),fr5:vol:total,"Pullu xidmətlər, cəmi: real həcm (2015 qiymətləri)",2026,"mln AZN, 2015 qiymətləri",0,0,,,,,,,,,,,,,False,,,,,,,,,,
drought,Quraqlıq (SPI; − = quraq),fr5:vol:total,"Pullu xidmətlər, cəmi: real həcm (2015 qiymətləri)",2027,"mln AZN, 2015 qiymətləri",-24.8015,25.033,1.00466,0.00232249,1.00933,0.00464495,1.01875,0.0092897,1.02826,0.0139341,0.00466679,-0.00462332,0.00936273,-0.00921805,False,,,,,,,,,,
drought,Quraqlıq (SPI; − = quraq),fr5:vol:total,"Pullu xidmətlər, cəmi: real həcm (2015 qiymətləri)",2028,"mln AZN, 2015 qiymətləri",-0.296432,0.306876,1.01746,0.00865654,1.03523,0.0173117,1.07171,0.034616,1.10949,0.0519045,0.0172769,-0.0173511,0.0347297,-0.0345252,False,,,,,,,,,,
drought,Quraqlıq (SPI; − = quraq),fr5:vol:total,"Pullu xidmətlər, cəmi: real həcm (2015 qiymətləri)",2029,"mln AZN, 2015 qiymətləri",-0.311178,0.322151,1.01748,0.00866412,1.03527,0.0173273,1.07178,0.0346466,1.10959,0.0519499,0.0172926,-0.0173655,0.0347603,-0.0345545,False,,,,,,,,,,
drought,Quraqlıq (SPI; − = quraq),fr5:vol:total,"Pullu xidmətlər, cəmi: real həcm (2015 qiymətləri)",2030,"mln AZN, 2015 qiymətləri",-0.325474,0.336967,1.0175,0.00867498,1.03531,0.017349,1.07187,0.0346899,1.10974,0.0520149,0.0173142,-0.0173874,0.0348038,-0.0345979,False,,,,,,,,,,
drought,Quraqlıq (SPI; − = quraq),ru:budget_gdp,Büdcə balansı,2026,% ÜDM (f.b.),0,0,,,,,,,,,,,,,False,,"Büdcə balansı həddi (< hədd, % ÜDM)",-1,0.655559,,,,,8,
drought,Quraqlıq (SPI; − = quraq),ru:budget_gdp,Büdcə balansı,2027,% ÜDM (f.b.),-0.0232685,0.0235495,1.00602,0.00300017,1.01207,0.00600029,1.02429,0.0120001,1.03666,0.0179991,0.00603879,-0.00596223,0.0121277,-0.0118755,False,,"Büdcə balansı həddi (< hədd, % ÜDM)",-1,0.32115,,,,,8,
drought,Quraqlıq (SPI; − = quraq),ru:budget_gdp,Büdcə balansı,2028,% ÜDM (f.b.),-0.00179213,0.00184205,1.01383,0.00686754,1.02785,0.0137345,1.05648,0.0274643,1.08591,0.0411847,0.0137534,-0.0137171,0.027645,-0.0272962,False,,"Büdcə balansı həddi (< hədd, % ÜDM)",-1,0.0335283,,,,,8,
drought,Quraqlıq (SPI; − = quraq),ru:budget_gdp,Büdcə balansı,2029,% ÜDM (f.b.),-0.00177666,0.00182741,1.01418,0.00704136,1.02857,0.0140821,1.05795,0.0281592,1.08818,0.0422264,0.0140973,-0.0140685,0.0283364,-0.0279953,False,,"Büdcə balansı həddi (< hədd, % ÜDM)",-1,0.108813,,,,,8,
drought,Quraqlıq (SPI; − = quraq),ru:budget_gdp,Büdcə balansı,2030,% ÜDM (f.b.),-0.00177861,0.00183059,1.01451,0.00720103,1.02922,0.0144014,1.0593,0.0287975,1.09026,0.0431832,0.0144129,-0.0143917,0.0289711,-0.028638,False,,"Büdcə balansı həddi (< hədd, % ÜDM)",-1,0.141054,,,,,8,
drought,Quraqlıq (SPI; − = quraq),ru:cpi,"İnflyasiya (İQİ, illik orta)",2026,f.b.,0,0,,,,,,,,,,,,,False,,İnflyasiya həddi (> hədd),6,5.2991,,,,,10,
drought,Quraqlıq (SPI; − = quraq),ru:cpi,"İnflyasiya (İQİ, illik orta)",2027,f.b.,-0.0904541,0.0910319,1.00319,0.00159192,1.00639,0.00318383,1.01282,0.00636756,1.01929,0.00955107,0.0031847,-0.00318289,0.00637666,-0.00635832,False,,İnflyasiya həddi (> hədd),6,5.7416,,2.82171,,2.82171,10,
drought,Quraqlıq (SPI; − = quraq),ru:cpi,"İnflyasiya (İQİ, illik orta)",2028,f.b.,0.0895898,-0.0901722,1.00325,-0.0016201,1.0065,-0.0032402,1.01305,-0.00648028,1.01963,-0.00972015,0.00324205,-0.00323827,0.00649225,-0.00646822,False,,İnflyasiya həddi (> hədd),6,5.8752,1.39558,,-1.39558,,10,
drought,Quraqlıq (SPI; − = quraq),ru:cpi,"İnflyasiya (İQİ, illik orta)",2029,f.b.,-6.21338e-07,6.7665e-07,1.04283,0.0209647,1.08902,0.0426134,1.18387,0.0841942,1.28676,0.125398,0.042207,-0.0412922,0.0831615,-0.0832877,False,,İnflyasiya həddi (> hədd),6,5.9149,,,,,10,
drought,Quraqlıq (SPI; − = quraq),ru:cpi,"İnflyasiya (İQİ, illik orta)",2030,f.b.,-2.29973e-06,2.42743e-06,1.02739,0.013508,1.05553,0.0270131,1.11417,0.0540013,1.17614,0.0809405,0.0268183,-0.0272261,0.053985,-0.0541001,False,,İnflyasiya həddi (> hədd),6,5.9278,,,,,10,
drought,Quraqlıq (SPI; − = quraq),ru:debt_gdp,Dövlət borcu,2026,% ÜDM (f.b.),0,0,,,,,,,,,,,,,False,,Dövlət borcu > 30% ÜDM (DSA həddi),30,17.2926,,,,,15,
drought,Quraqlıq (SPI; − = quraq),ru:debt_gdp,Dövlət borcu,2027,% ÜDM (f.b.),0.0666721,-0.0670148,1.00257,-0.00128206,1.00514,-0.0025641,1.01031,-0.00512808,1.0155,-0.00769183,0.00255442,-0.00257356,0.00510659,-0.00514885,False,,Dövlət borcu > 30% ÜDM (DSA həddi),30,15.6733,,,,,15,
drought,Quraqlıq (SPI; − = quraq),ru:debt_gdp,Dövlət borcu,2028,% ÜDM (f.b.),0.0236519,-0.0239681,1.00666,-0.00332002,1.01337,-0.00663994,1.02692,-0.0132793,1.04064,-0.0199173,0.00668046,-0.00659988,0.0134178,-0.0131441,False,,Dövlət borcu > 30% ÜDM (DSA həddi),30,14.5227,,,,,15,
drought,Quraqlıq (SPI; − = quraq),ru:debt_gdp,Dövlət borcu,2029,% ÜDM (f.b.),0.0232993,-0.0236378,1.00724,-0.00360555,1.01453,-0.00721099,1.02926,-0.0144211,1.04422,-0.0216296,0.00725335,-0.00716907,0.0145701,-0.014276,False,,Dövlət borcu > 30% ÜDM (DSA həddi),30,13.1051,,,,,15,
drought,Quraqlıq (SPI; − = quraq),ru:debt_gdp,Dövlət borcu,2030,% ÜDM (f.b.),0.0232112,-0.0235745,1.0078,-0.00388274,1.01565,-0.00776535,1.03155,-0.0155297,1.04769,-0.0232919,0.00780886,-0.0077223,0.0156874,-0.0153761,False,,Dövlət borcu > 30% ÜDM (DSA həddi),30,11.9126,,,,,15,
drought,Quraqlıq (SPI; − = quraq),ru:nonoil_g,Qeyri-neft ÜDM real artımı,2026,f.b.,0,0,,,,,,,,,,,,,False,,Growth-at-Risk həddi (qeyri-neft artımı < hədd),2,5.312,,,,,6,
drought,Quraqlıq (SPI; − = quraq),ru:nonoil_g,Qeyri-neft ÜDM real artımı,2027,f.b.,-0.27724,0.279811,1.00463,0.00230808,1.00928,0.00461613,1.01864,0.00923207,1.02808,0.0138476,0.00463751,-0.00459496,0.00930368,-0.00916179,False,,Growth-at-Risk həddi (qeyri-neft artımı < hədd),2,5.43,,,,,6,
drought,Quraqlıq (SPI; − = quraq),ru:nonoil_g,Qeyri-neft ÜDM real artımı,2028,f.b.,0.273004,-0.274001,1.00182,-0.000911115,1.00365,-0.00182222,1.00732,-0.00364437,1.01099,-0.00546638,0.00180773,-0.00183654,0.00360784,-0.00368028,False,,Growth-at-Risk həddi (qeyri-neft artımı < hədd),2,5.603,,,,,6,
drought,Quraqlıq (SPI; − = quraq),ru:nonoil_g,Qeyri-neft ÜDM real artımı,2029,f.b.,-1.89819e-06,2.06552e-06,1.04281,0.0209579,1.08816,0.0422175,1.18325,0.0839353,1.28675,0.125398,0.0416703,-0.0420463,0.0831642,-0.0840109,False,,Growth-at-Risk həddi (qeyri-neft artımı < hədd),2,5.632,,,,,6,
drought,Quraqlıq (SPI; − = quraq),ru:nonoil_g,Qeyri-neft ÜDM real artımı,2030,f.b.,-6.97727e-06,7.36469e-06,1.02739,0.0135081,1.05553,0.0270131,1.11417,0.0540014,1.17614,0.0809406,0.0268183,-0.0272262,0.053985,-0.0541001,False,,Growth-at-Risk həddi (qeyri-neft artımı < hədd),2,5.727,,,,,6,
drought,Quraqlıq (SPI; − = quraq),ru:nonoil_lvl,Qeyri-neft real ÜDM səviyyəsi,2026,% (baza ilə fərq),0,0,,,,,,,,,,,,,False,,,,,,,,,10,
drought,Quraqlıq (SPI; − = quraq),ru:nonoil_lvl,Qeyri-neft real ÜDM səviyyəsi,2027,% (baza ilə fərq),-0.26359,0.266035,1.00463,0.00230808,1.00928,0.00461613,1.01864,0.00923207,1.02808,0.0138476,0.00463751,-0.00459496,0.00930368,-0.00916179,False,,,,,,,,,10,
drought,Quraqlıq (SPI; − = quraq),ru:nonoil_lvl,Qeyri-neft real ÜDM səviyyəsi,2028,% (baza ilə fərq),-0.00300831,0.00311291,1.01724,0.00854479,1.03477,0.0170884,1.07076,0.0341694,1.108,0.0512351,0.0170569,-0.0171238,0.0342862,-0.0340741,False,,,,,,,,,10,
drought,Quraqlıq (SPI; − = quraq),ru:nonoil_lvl,Qeyri-neft real ÜDM səviyyəsi,2029,% (baza ilə fərq),-0.00301012,0.00311488,1.01725,0.00855246,1.0348,0.017104,1.07082,0.0342002,1.10811,0.051281,0.0170725,-0.0171388,0.0343172,-0.0341041,False,,,,,,,,,10,
drought,Quraqlıq (SPI; − = quraq),ru:nonoil_lvl,Qeyri-neft real ÜDM səviyyəsi,2030,% (baza ilə fərq),-0.00301681,0.00312194,1.01728,0.00856359,1.03485,0.0171262,1.07092,0.0342447,1.10825,0.0513477,0.0170946,-0.0171613,0.0343618,-0.0341486,False,,,,,,,,,10,
drought,Quraqlıq (SPI; − = quraq),ru:tb_gdp,Mal ticarəti balansı (cari hesab proksisi),2026,% ÜDM (f.b.),0,0,,,,,,,,,,,,,False,,Mal ticarəti balansı < 0 (kəsir),0,9.03884,,,,,15,
drought,Quraqlıq (SPI; − = quraq),ru:tb_gdp,Mal ticarəti balansı (cari hesab proksisi),2027,% ÜDM (f.b.),-0.00708738,0.00748013,1.02733,0.0134819,1.05541,0.0269604,1.11393,0.0538942,1.17575,0.0807749,0.0268393,-0.0270997,0.0540769,-0.0538018,False,,Mal ticarəti balansı < 0 (kəsir),0,6.55075,,,,,15,
drought,Quraqlıq (SPI; − = quraq),ru:tb_gdp,Mal ticarəti balansı (cari hesab proksisi),2028,% ÜDM (f.b.),0.000837155,-0.0008698,1.01931,-0.00956338,1.039,-0.0191252,1.07952,-0.038241,1.12165,-0.0573372,0.0190517,-0.0192049,0.0382962,-0.0382147,False,,Mal ticarəti balansı < 0 (kəsir),0,4.31464,,,,,15,
drought,Quraqlıq (SPI; − = quraq),ru:tb_gdp,Mal ticarəti balansı (cari hesab proksisi),2029,% ÜDM (f.b.),0.00082173,-0.000853861,1.01936,-0.00958868,1.0391,-0.0191761,1.07974,-0.0383423,1.12199,-0.0574887,0.0191023,-0.0192554,0.0383975,-0.0383153,False,,Mal ticarəti balansı < 0 (kəsir),0,3.69245,,,,,15,
drought,Quraqlıq (SPI; − = quraq),ru:tb_gdp,Mal ticarəti balansı (cari hesab proksisi),2030,% ÜDM (f.b.),0.000813512,-0.00084543,1.01943,-0.00962062,1.03923,-0.01924,1.08002,-0.0384699,1.12242,-0.0576799,0.0191654,-0.01932,0.038525,-0.0384434,False,,Mal ticarəti balansı < 0 (kəsir),0,2.75209,,,,,15,
food,Dünya ərzaq qiymətləri (Brent-dən asılı olmayan hissə),fr10:ind_output,"Sənaye buraxılışı, cəmi (30 sahə)",2026,mln manat,0,0,,,,,,,,,,,,,False,,,,,,,,,,
food,Dünya ərzaq qiymətləri (Brent-dən asılı olmayan hissə),fr10:ind_output,"Sənaye buraxılışı, cəmi (30 sahə)",2027,mln manat,-264.937,267.569,1.00495,0.0024708,1.00993,0.00494157,1.01996,0.00988295,1.03009,0.014824,0.00499496,-0.00488881,0.0100425,-0.00972684,False,,,,,,,,,,
food,Dünya ərzaq qiymətləri (Brent-dən asılı olmayan hissə),fr10:ind_output,"Sənaye buraxılışı, cəmi (30 sahə)",2028,mln manat,-430.338,437.159,1.00789,0.0039317,1.01585,0.00786334,1.03195,0.0157262,1.04832,0.023588,0.00797952,-0.00774992,0.0160805,-0.0153857,False,,,,,,,,,,
food,Dünya ərzaq qiymətləri (Brent-dən asılı olmayan hissə),fr10:ind_output,"Sənaye buraxılışı, cəmi (30 sahə)",2029,mln manat,-473.497,481.016,1.00791,0.0039386,1.01588,0.00787714,1.03201,0.0157538,1.0484,0.0236294,0.00799393,-0.00776313,0.0161099,-0.0154116,False,,,,,,,,,,
food,Dünya ərzaq qiymətləri (Brent-dən asılı olmayan hissə),fr10:ind_output,"Sənaye buraxılışı, cəmi (30 sahə)",2030,mln manat,-516.753,524.95,1.0079,0.00393427,1.01586,0.00786848,1.03198,0.0157365,1.04835,0.0236035,0.00798544,-0.00775431,0.016093,-0.0153939,False,,,,,,,,,,
food,Dünya ərzaq qiymətləri (Brent-dən asılı olmayan hissə),fr12:act:N:ALL,Qeydiyyatdakı vahidlər (ehtiyat): Bütün sahələr,2026,vahid,0,0,,,,,,,,,,,,,False,,,,,,,,,,
food,Dünya ərzaq qiymətləri (Brent-dən asılı olmayan hissə),fr12:act:N:ALL,Qeydiyyatdakı vahidlər (ehtiyat): Bütün sahələr,2027,vahid,11.7531,-11.6538,0.995765,0.00212206,0.991547,0.00424421,0.983165,0.00848916,0.974849,0.0127356,-0.00417233,0.00431848,-0.0082866,0.00870052,False,,,,,,,,,,
food,Dünya ərzaq qiymətləri (Brent-dən asılı olmayan hissə),fr12:act:N:ALL,Qeydiyyatdakı vahidlər (ehtiyat): Bütün sahələr,2028,vahid,17.7305,-17.5896,0.996019,0.00199431,0.992054,0.0039887,0.98417,0.00797797,0.976346,0.0119684,-0.0039316,0.00404766,-0.00781599,0.00814681,False,,,,,,,,,,
food,Dünya ərzaq qiymətləri (Brent-dən asılı olmayan hissə),fr12:act:N:ALL,Qeydiyyatdakı vahidlər (ehtiyat): Bütün sahələr,2029,vahid,17.8878,-17.7428,0.995939,0.00203482,0.991894,0.00406971,0.983852,0.00813997,0.975872,0.0122113,-0.00401267,0.0041286,-0.00797771,0.00830907,False,,,,,,,,,,
food,Dünya ərzaq qiymətləri (Brent-dən asılı olmayan hissə),fr12:act:N:ALL,Qeydiyyatdakı vahidlər (ehtiyat): Bütün sahələr,2030,vahid,18.0489,-17.9007,0.995885,0.00206192,0.991786,0.00412391,0.983638,0.00824837,0.975555,0.0123739,-0.00406692,0.00418274,-0.00808594,0.00841761,False,,,,,,,,,,
food,Dünya ərzaq qiymətləri (Brent-dən asılı olmayan hissə),fr12:ew:score:CON,Erkən xəbərdarlıq balı (0–1): Tikinti,2026,bal (0–1),0,0,,,,,,,,,,,,,False,,,,,,,,,,
food,Dünya ərzaq qiymətləri (Brent-dən asılı olmayan hissə),fr12:ew:score:CON,Erkən xəbərdarlıq balı (0–1): Tikinti,2027,bal (0–1),0,0,,,,,,,,,,,,,False,,,,,,,,,,
food,Dünya ərzaq qiymətləri (Brent-dən asılı olmayan hissə),fr12:ew:score:CON,Erkən xəbərdarlıq balı (0–1): Tikinti,2028,bal (0–1),0,0,,,,,,,,,,,,,False,,,,,,,,,,
food,Dünya ərzaq qiymətləri (Brent-dən asılı olmayan hissə),fr12:ew:score:CON,Erkən xəbərdarlıq balı (0–1): Tikinti,2029,bal (0–1),0,0,,,,,,,,,,,,,False,,,,,,,,,,
food,Dünya ərzaq qiymətləri (Brent-dən asılı olmayan hissə),fr12:ew:score:CON,Erkən xəbərdarlıq balı (0–1): Tikinti,2030,bal (0–1),0,0,,,,,,,,,,,,,False,,,,,,,,,,
food,Dünya ərzaq qiymətləri (Brent-dən asılı olmayan hissə),fr12:ew:score:TRD,Erkən xəbərdarlıq balı (0–1): Ticarət,2026,bal (0–1),0,0,,,,,,,,,,,,,False,,,,,,,,,,
food,Dünya ərzaq qiymətləri (Brent-dən asılı olmayan hissə),fr12:ew:score:TRD,Erkən xəbərdarlıq balı (0–1): Ticarət,2027,bal (0–1),0,0,,,,,,,,,,,,,False,,,,,,,,,,
food,Dünya ərzaq qiymətləri (Brent-dən asılı olmayan hissə),fr12:ew:score:TRD,Erkən xəbərdarlıq balı (0–1): Ticarət,2028,bal (0–1),0,0,,,,,,,,,,,,,False,,,,,,,,,,
food,Dünya ərzaq qiymətləri (Brent-dən asılı olmayan hissə),fr12:ew:score:TRD,Erkən xəbərdarlıq balı (0–1): Ticarət,2029,bal (0–1),0,0,,,,,,,,,,,,,False,,,,,,,,,,
food,Dünya ərzaq qiymətləri (Brent-dən asılı olmayan hissə),fr12:ew:score:TRD,Erkən xəbərdarlıq balı (0–1): Ticarət,2030,bal (0–1),0,0,,,,,,,,,,,,,False,,,,,,,,,,
food,Dünya ərzaq qiymətləri (Brent-dən asılı olmayan hissə),fr1:balance_n,Büdcə balansı,2026,"mln AZN, cari qiymətlər",0,0,,,,,,,,,,,,,False,,,,,,,,,,
food,Dünya ərzaq qiymətləri (Brent-dən asılı olmayan hissə),fr1:balance_n,Büdcə balansı,2027,"mln AZN, cari qiymətlər",-5.72681,7.31037,1.12928,0.0607137,1.27652,0.121465,1.64281,0.24323,2.15258,0.365599,0.107272,-0.139614,0.213868,-0.280155,True,asimmetrik cavab; qeyri-proporsional miqyas,,,,,,,,,
food,Dünya ərzaq qiymətləri (Brent-dən asılı olmayan hissə),fr1:balance_n,Büdcə balansı,2028,"mln AZN, cari qiymətlər",-12.8766,15.5451,1.09851,0.0469423,1.20724,0.0938914,1.46256,0.187837,1.78509,0.281891,0.0855937,-0.103918,0.171033,-0.208041,True,asimmetrik cavab; qeyri-proporsional miqyas,,,,,,,,,
food,Dünya ərzaq qiymətləri (Brent-dən asılı olmayan hissə),fr1:balance_n,Büdcə balansı,2029,"mln AZN, cari qiymətlər",-17.5135,20.5438,1.08292,0.0398095,1.17303,0.0796242,1.37894,0.15929,1.62825,0.239039,0.0735371,-0.086773,0.146936,-0.173726,True,asimmetrik cavab; qeyri-proporsional miqyas,,,,,,,,,
food,Dünya ərzaq qiymətləri (Brent-dən asılı olmayan hissə),fr1:balance_n,Büdcə balansı,2030,"mln AZN, cari qiymətlər",-21.7728,25.1863,1.07543,0.0363434,1.15678,0.0726913,1.34033,0.145419,1.55826,0.21822,0.0675606,-0.0786347,0.13499,-0.157439,True,asimmetrik cavab; qeyri-proporsional miqyas,,,,,,,,,
food,Dünya ərzaq qiymətləri (Brent-dən asılı olmayan hissə),fr1:debt_azn,"Dövlət borcu (xarici + daxili, Maliyyə Nazirliyinin anlayışı; dövlət zəmanətli borc daxil deyil)",2026,"mln AZN, cari qiymətlər",0,0,,,,,,,,,,,,,False,,,,,,,,,,
food,Dünya ərzaq qiymətləri (Brent-dən asılı olmayan hissə),fr1:debt_azn,"Dövlət borcu (xarici + daxili, Maliyyə Nazirliyinin anlayışı; dövlət zəmanətli borc daxil deyil)",2027,"mln AZN, cari qiymətlər",5.72681,-7.31037,1.12928,-0.0607137,1.27652,-0.121465,1.64281,-0.24323,2.15258,-0.365599,0.107272,-0.139614,0.213868,-0.280155,True,asimmetrik cavab; qeyri-proporsional miqyas,,,,,,,,,
food,Dünya ərzaq qiymətləri (Brent-dən asılı olmayan hissə),fr1:debt_azn,"Dövlət borcu (xarici + daxili, Maliyyə Nazirliyinin anlayışı; dövlət zəmanətli borc daxil deyil)",2028,"mln AZN, cari qiymətlər",18.6034,-22.8555,1.10809,-0.0512736,1.22857,-0.102562,1.5165,-0.205245,1.89088,-0.30817,0.0925275,-0.114907,0.184734,-0.23024,True,asimmetrik cavab; qeyri-proporsional miqyas,,,,,,,,,
food,Dünya ərzaq qiymətləri (Brent-dən asılı olmayan hissə),fr1:debt_azn,"Dövlət borcu (xarici + daxili, Maliyyə Nazirliyinin anlayışı; dövlət zəmanətli borc daxil deyil)",2029,"mln AZN, cari qiymətlər",36.1169,-43.3993,1.09597,-0.045787,1.20163,-0.0915838,1.44872,-0.183247,1.75888,-0.275068,0.0835381,-0.101264,0.166842,-0.202836,True,asimmetrik cavab; qeyri-proporsional miqyas,,,,,,,,,
food,Dünya ərzaq qiymətləri (Brent-dən asılı olmayan hissə),fr1:debt_azn,"Dövlət borcu (xarici + daxili, Maliyyə Nazirliyinin anlayışı; dövlət zəmanətli borc daxil deyil)",2030,"mln AZN, cari qiymətlər",57.8896,-68.5856,1.08829,-0.0422807,1.18476,-0.0845692,1.40732,-0.1692,1.6808,-0.253955,0.0776708,-0.0927532,0.155145,-0.185761,True,asimmetrik cavab; qeyri-proporsional miqyas,,,,,,,,,
food,Dünya ərzaq qiymətləri (Brent-dən asılı olmayan hissə),fr1:emp,Məşğul əhali,2026,min nəfər,0,0,,,,,,,,,,,,,False,,,,,,,,,,
food,Dünya ərzaq qiymətləri (Brent-dən asılı olmayan hissə),fr1:emp,Məşğul əhali,2027,min nəfər,0.243755,-0.241648,0.995668,0.00217084,0.991354,0.00434178,0.982781,0.00868434,0.974278,0.0130285,-0.00426725,0.00441885,-0.00847424,0.00890382,False,,,,,,,,,,
food,Dünya ərzaq qiymətləri (Brent-dən asılı olmayan hissə),fr1:emp,Məşğul əhali,2028,min nəfər,0.37959,-0.376029,0.995298,0.00235671,0.990617,0.00471348,0.981321,0.00942754,0.972109,0.0141427,-0.00465192,0.0047772,-0.00924969,0.00961352,False,,,,,,,,,,
food,Dünya ərzaq qiymətləri (Brent-dən asılı olmayan hissə),fr1:emp,Məşğul əhali,2029,min nəfər,0.394565,-0.390721,0.995116,0.00244796,0.990256,0.00489599,0.980605,0.0097925,0.971045,0.0146901,-0.00483396,0.00496015,-0.00961229,0.00998089,False,,,,,,,,,,
food,Dünya ərzaq qiymətləri (Brent-dən asılı olmayan hissə),fr1:emp,Məşğul əhali,2030,min nəfər,0.409782,-0.405681,0.994983,0.00251469,0.989991,0.00502944,0.980082,0.0100594,0.970268,0.0150903,-0.00496696,0.00509404,-0.00987711,0.0102499,False,,,,,,,,,,
food,Dünya ərzaq qiymətləri (Brent-dən asılı olmayan hissə),fr1:gdp_n,Nominal ÜDM,2026,"mln AZN, cari qiymətlər",0,0,,,,,,,,,,,,,False,,,,,,,,,,
food,Dünya ərzaq qiymətləri (Brent-dən asılı olmayan hissə),fr1:gdp_n,Nominal ÜDM,2027,"mln AZN, cari qiymətlər",-762.363,768.494,1.00401,0.00200256,1.00804,0.00400511,1.01615,0.00801021,1.02432,0.0120153,0.00402306,-0.00398754,0.00806906,-0.00795295,False,,,,,,,,,,
food,Dünya ərzaq qiymətləri (Brent-dən asılı olmayan hissə),fr1:gdp_n,Nominal ÜDM,2028,"mln AZN, cari qiymətlər",-1230.35,1245.61,1.00618,0.00308125,1.0124,0.00616247,1.02496,0.0123247,1.03767,0.0184865,0.0062077,-0.00611828,0.0124718,-0.0121827,False,,,,,,,,,,
food,Dünya ərzaq qiymətləri (Brent-dən asılı olmayan hissə),fr1:gdp_n,Nominal ÜDM,2029,"mln AZN, cari qiymətlər",-1354.78,1371.72,1.00623,0.00310664,1.0125,0.00621325,1.02517,0.0124263,1.03799,0.0186389,0.00625794,-0.00616964,0.0125723,-0.0122854,False,,,,,,,,,,
food,Dünya ərzaq qiymətləri (Brent-dən asılı olmayan hissə),fr1:gdp_n,Nominal ÜDM,2030,"mln AZN, cari qiymətlər",-1478.89,1497.49,1.00627,0.00312489,1.01258,0.00624975,1.02531,0.0124993,1.03821,0.0187484,0.00629364,-0.00620694,0.0126435,-0.0123602,False,,,,,,,,,,
food,Dünya ərzaq qiymətləri (Brent-dən asılı olmayan hissə),fr1:infl,İnflyasiya (İQİ),2026,%,0,0,,,,,,,,,,,,,False,,,,,,,,,,
food,Dünya ərzaq qiymətləri (Brent-dən asılı olmayan hissə),fr1:infl,İnflyasiya (İQİ),2027,%,-0.838245,0.836984,0.999247,-0.000376435,0.998495,-0.000752896,0.996993,-0.001506,0.995491,-0.00225952,-0.000738727,0.000767506,-0.00146793,0.00154545,False,,,,,,,,,,
food,Dünya ərzaq qiymətləri (Brent-dən asılı olmayan hissə),fr1:infl,İnflyasiya (İQİ),2028,%,-0.396767,0.396664,0.99987,-6.50452e-05,0.99974,-0.000130085,0.99948,-0.000260133,0.99922,-0.000390103,-0.000130348,0.000129747,-0.000260808,0.000259227,False,,,,,,,,,,
food,Dünya ərzaq qiymətləri (Brent-dən asılı olmayan hissə),fr1:infl,İnflyasiya (İQİ),2029,%,0.00242053,-0.00237038,0.989587,0.00523385,0.979282,0.0104675,0.958992,0.0209334,0.939119,0.031396,-0.0104264,0.0105109,-0.0207533,0.0211252,False,,,,,,,,,,
food,Dünya ərzaq qiymətləri (Brent-dən asılı olmayan hissə),fr1:infl,İnflyasiya (İQİ),2030,%,0.00244781,-0.00240335,0.990877,0.00458233,0.981838,0.00916441,0.964004,0.0183278,0.946493,0.0274891,-0.009108,0.00922285,-0.0181239,0.0185424,False,,,,,,,,,,
food,Dünya ərzaq qiymətləri (Brent-dən asılı olmayan hissə),fr1:lendrate,Kreditlər üzrə orta faiz dərəcəsi,2026,%,0,0,,,,,,,,,,,,,False,,,,,,,,,,
food,Dünya ərzaq qiymətləri (Brent-dən asılı olmayan hissə),fr1:lendrate,Kreditlər üzrə orta faiz dərəcəsi,2027,%,0,0,,,,,,,,,,,,,False,,,,,,,,,,
food,Dünya ərzaq qiymətləri (Brent-dən asılı olmayan hissə),fr1:lendrate,Kreditlər üzrə orta faiz dərəcəsi,2028,%,0,0,,,,,,,,,,,,,False,,,,,,,,,,
food,Dünya ərzaq qiymətləri (Brent-dən asılı olmayan hissə),fr1:lendrate,Kreditlər üzrə orta faiz dərəcəsi,2029,%,0,0,,,,,,,,,,,,,False,,,,,,,,,,
food,Dünya ərzaq qiymətləri (Brent-dən asılı olmayan hissə),fr1:lendrate,Kreditlər üzrə orta faiz dərəcəsi,2030,%,0,0,,,,,,,,,,,,,False,,,,,,,,,,
food,Dünya ərzaq qiymətləri (Brent-dən asılı olmayan hissə),fr1:nobd_pct,"Qeyri-neft büdcə balansı, qeyri-neft ÜDM-ə nisbətən",2026,%,0,0,,,,,,,,,,,,,False,,,,,,,,,,
food,Dünya ərzaq qiymətləri (Brent-dən asılı olmayan hissə),fr1:nobd_pct,"Qeyri-neft büdcə balansı, qeyri-neft ÜDM-ə nisbətən",2027,%,-0.109503,0.110249,1.0034,0.00169796,1.00682,0.00339637,1.01369,0.00679639,1.02062,0.0102037,0.003207,-0.00359189,0.00629854,-0.00730974,False,,,,,,,,,,
food,Dünya ərzaq qiymətləri (Brent-dən asılı olmayan hissə),fr1:nobd_pct,"Qeyri-neft büdcə balansı, qeyri-neft ÜDM-ə nisbətən",2028,%,-0.145385,0.14629,1.00311,0.0015515,1.00623,0.00310349,1.0125,0.00621097,1.01883,0.00932643,0.00287797,-0.00333569,0.0056154,-0.00682333,False,,,,,,,,,,
food,Dünya ərzaq qiymətləri (Brent-dən asılı olmayan hissə),fr1:nobd_pct,"Qeyri-neft büdcə balansı, qeyri-neft ÜDM-ə nisbətən",2029,%,-0.134204,0.135246,1.00388,0.00193419,1.00777,0.00386897,1.01561,0.00774276,1.02353,0.0116262,0.00361213,-0.00413365,0.00706675,-0.0084377,False,,,,,,,,,,
food,Dünya ərzaq qiymətləri (Brent-dən asılı olmayan hissə),fr1:nobd_pct,"Qeyri-neft büdcə balansı, qeyri-neft ÜDM-ə nisbətən",2030,%,-0.122879,0.124061,1.0048,0.00239295,1.00962,0.00478663,1.01934,0.00957912,1.02919,0.0143834,0.00449196,-0.0050906,0.00880684,-0.0103729,False,,,,,,,,,,
food,Dünya ərzaq qiymətləri (Brent-dən asılı olmayan hissə),fr1:rcons,Real istehlak (istehlak bazarı),2026,"mln AZN, 2015 qiymətləri",0,0,,,,,,,,,,,,,False,,,,,,,,,,
food,Dünya ərzaq qiymətləri (Brent-dən asılı olmayan hissə),fr1:rcons,Real istehlak (istehlak bazarı),2027,"mln AZN, 2015 qiymətləri",126.044,-124.581,0.994181,0.00291774,0.988397,0.00583558,0.976926,0.0116719,0.965583,0.0175097,-0.00573704,0.00593759,-0.0113885,0.011969,False,,,,,,,,,,
food,Dünya ərzaq qiymətləri (Brent-dən asılı olmayan hissə),fr1:rcons,Real istehlak (istehlak bazarı),2028,"mln AZN, 2015 qiymətləri",197.096,-194.62,0.993698,0.00316087,0.987436,0.00632182,0.975027,0.0126442,0.962771,0.0189676,-0.00622568,0.0064213,-0.0123634,0.0129386,False,,,,,,,,,,
food,Dünya ərzaq qiymətləri (Brent-dən asılı olmayan hissə),fr1:rcons,Real istehlak (istehlak bazarı),2029,"mln AZN, 2015 qiymətləri",208.621,-205.944,0.993563,0.00322886,0.987167,0.00645778,0.974497,0.0129161,0.961986,0.0193754,-0.00635976,0.0065592,-0.0126292,0.0132169,False,,,,,,,,,,
food,Dünya ərzaq qiymətləri (Brent-dən asılı olmayan hissə),fr1:rcons,Real istehlak (istehlak bazarı),2030,"mln AZN, 2015 qiymətləri",220.293,-217.417,0.993451,0.00328523,0.986945,0.00657053,0.974058,0.0131416,0.961335,0.0197136,-0.00647079,0.00667372,-0.0128492,0.0134481,False,,,,,,,,,,
food,Dünya ərzaq qiymətləri (Brent-dən asılı olmayan hissə),fr1:rcred_tot,Kreditlər (real),2026,"mln AZN, 2015 qiymətləri",0,0,,,,,,,,,,,,,False,,,,,,,,,,
food,Dünya ərzaq qiymətləri (Brent-dən asılı olmayan hissə),fr1:rcred_tot,Kreditlər (real),2027,"mln AZN, 2015 qiymətləri",17.0362,-16.87,0.995109,0.00245125,0.990243,0.00490259,0.980579,0.00980596,0.971005,0.0147109,-0.00481958,0.00498846,-0.00957009,0.0100527,False,,,,,,,,,,
food,Dünya ərzaq qiymətləri (Brent-dən asılı olmayan hissə),fr1:rcred_tot,Kreditlər (real),2028,"mln AZN, 2015 qiymətləri",27.1637,-26.8751,0.994674,0.00267016,0.989376,0.00534039,0.978863,0.0106814,0.968458,0.0160235,-0.00526564,0.00541773,-0.0104645,0.0109083,False,,,,,,,,,,
food,Dünya ərzaq qiymətləri (Brent-dən asılı olmayan hissə),fr1:rcred_tot,Kreditlər (real),2029,"mln AZN, 2015 qiymətləri",28.7203,-28.4052,0.994499,0.00275828,0.989027,0.00551664,0.978173,0.0110338,0.967435,0.0165521,-0.00544056,0.00559532,-0.0108122,0.0112657,False,,,,,,,,,,
food,Dünya ərzaq qiymətləri (Brent-dən asılı olmayan hissə),fr1:rcred_tot,Kreditlər (real),2030,"mln AZN, 2015 qiymətləri",30.2559,-29.9157,0.994363,0.00282665,0.988757,0.00565337,0.977638,0.0113072,0.966642,0.0169622,-0.00557607,0.0057333,-0.0110814,0.0115435,False,,,,,,,,,,
food,Dünya ərzaq qiymətləri (Brent-dən asılı olmayan hissə),fr1:rev_oil_n,Neft-qaz büdcə gəlirləri,2026,"mln AZN, cari qiymətlər",0,0,,,,,,,,,,,,,False,,,,,,,,,,
food,Dünya ərzaq qiymətləri (Brent-dən asılı olmayan hissə),fr1:rev_oil_n,Neft-qaz büdcə gəlirləri,2027,"mln AZN, cari qiymətlər",0,0,,,,,,,,,,,,,False,,,,,,,,,,
food,Dünya ərzaq qiymətləri (Brent-dən asılı olmayan hissə),fr1:rev_oil_n,Neft-qaz büdcə gəlirləri,2028,"mln AZN, cari qiymətlər",0,0,,,,,,,,,,,,,False,,,,,,,,,,
food,Dünya ərzaq qiymətləri (Brent-dən asılı olmayan hissə),fr1:rev_oil_n,Neft-qaz büdcə gəlirləri,2029,"mln AZN, cari qiymətlər",0,0,,,,,,,,,,,,,False,,,,,,,,,,
food,Dünya ərzaq qiymətləri (Brent-dən asılı olmayan hissə),fr1:rev_oil_n,Neft-qaz büdcə gəlirləri,2030,"mln AZN, cari qiymətlər",0,0,,,,,,,,,,,,,False,,,,,,,,,,
food,Dünya ərzaq qiymətləri (Brent-dən asılı olmayan hissə),fr1:rev_tot_n,Büdcə gəlirləri,2026,"mln AZN, cari qiymətlər",0,0,,,,,,,,,,,,,False,,,,,,,,,,
food,Dünya ərzaq qiymətləri (Brent-dən asılı olmayan hissə),fr1:rev_tot_n,Büdcə gəlirləri,2027,"mln AZN, cari qiymətlər",-60.2422,61.1322,1.00736,0.00366617,1.01477,0.00733256,1.02977,0.014667,1.045,0.0220051,0.00725082,-0.00741835,0.0144845,-0.0148597,False,,,,,,,,,,
food,Dünya ərzaq qiymətləri (Brent-dən asılı olmayan hissə),fr1:rev_tot_n,Büdcə gəlirləri,2028,"mln AZN, cari qiymətlər",-97.5843,99.5205,1.00987,0.0049115,1.01984,0.00982318,1.04008,0.0196477,1.06074,0.0294751,0.00975323,-0.00989827,0.019526,-0.0197842,False,,,,,,,,,,
food,Dünya ərzaq qiymətləri (Brent-dən asılı olmayan hissə),fr1:rev_tot_n,Büdcə gəlirləri,2029,"mln AZN, cari qiymətlər",-107.571,109.794,1.01028,0.00511425,1.02067,0.0102287,1.04177,0.020459,1.06333,0.0306924,0.0101471,-0.010316,0.0203113,-0.0206225,False,,,,,,,,,,
food,Dünya ərzaq qiymətləri (Brent-dən asılı olmayan hissə),fr1:rev_tot_n,Büdcə gəlirləri,2030,"mln AZN, cari qiymətlər",-116.931,119.452,1.01072,0.00533174,1.02156,0.0106637,1.04359,0.0213292,1.06611,0.0319982,0.0105685,-0.0107653,0.0211511,-0.0215245,False,,,,,,,,,,
food,Dünya ərzaq qiymətləri (Brent-dən asılı olmayan hissə),fr1:rgdp,Real ÜDM,2026,"mln AZN, 2015 qiymətləri",0,0,,,,,,,,,,,,,False,,,,,,,,,,
food,Dünya ərzaq qiymətləri (Brent-dən asılı olmayan hissə),fr1:rgdp,Real ÜDM,2027,"mln AZN, 2015 qiymətləri",70.1665,-69.4661,0.994997,0.00250795,0.990018,0.005016,0.980134,0.0100328,0.970344,0.0150513,-0.00492957,0.00510545,-0.00978716,0.0102899,False,,,,,,,,,,
food,Dünya ərzaq qiymətləri (Brent-dən asılı olmayan hissə),fr1:rgdp,Real ÜDM,2028,"mln AZN, 2015 qiymətləri",107.078,-105.946,0.994701,0.0026564,0.98943,0.00531288,0.978971,0.0106265,0.968617,0.0159415,-0.00523683,0.00539176,-0.0104064,0.0108574,False,,,,,,,,,,
food,Dünya ərzaq qiymətləri (Brent-dən asılı olmayan hissə),fr1:rgdp,Real ÜDM,2029,"mln AZN, 2015 qiymətləri",114.628,-113.373,0.994509,0.00275295,0.989048,0.00550598,0.978215,0.0110126,0.967496,0.0165206,-0.00542931,0.00558549,-0.0107895,0.0112467,False,,,,,,,,,,
food,Dünya ərzaq qiymətləri (Brent-dən asılı olmayan hissə),fr1:rgdp,Real ÜDM,2030,"mln AZN, 2015 qiymətləri",118.032,-116.69,0.994296,0.00286011,0.988624,0.00572029,0.977376,0.0114412,0.966252,0.0171634,-0.00564072,0.0058028,-0.0112089,0.011685,False,,,,,,,,,,
food,Dünya ərzaq qiymətləri (Brent-dən asılı olmayan hissə),fr1:rgdpnon,Real qeyri-neft ÜDM,2026,"mln AZN, 2015 qiymətləri",0,0,,,,,,,,,,,,,False,,,,,,,,,,
food,Dünya ərzaq qiymətləri (Brent-dən asılı olmayan hissə),fr1:rgdpnon,Real qeyri-neft ÜDM,2027,"mln AZN, 2015 qiymətləri",76.0411,-75.2821,0.994997,0.00250795,0.990018,0.005016,0.980134,0.0100328,0.970344,0.0150513,-0.00492957,0.00510545,-0.00978716,0.0102899,False,,,,,,,,,,
food,Dünya ərzaq qiymətləri (Brent-dən asılı olmayan hissə),fr1:rgdpnon,Real qeyri-neft ÜDM,2028,"mln AZN, 2015 qiymətləri",122.967,-121.559,0.99426,0.00287803,0.988554,0.00575613,0.977236,0.0115128,0.966045,0.0172707,-0.00567426,0.00584089,-0.0112742,0.0117629,False,,,,,,,,,,
food,Dünya ərzaq qiymətləri (Brent-dən asılı olmayan hissə),fr1:rgdpnon,Real qeyri-neft ÜDM,2029,"mln AZN, 2015 qiymətləri",133.152,-131.571,0.994046,0.00298612,0.988126,0.00597232,0.976392,0.0119452,0.964793,0.0179191,-0.00588853,0.00605904,-0.0116998,0.0122023,False,,,,,,,,,,
food,Dünya ərzaq qiymətləri (Brent-dən asılı olmayan hissə),fr1:rgdpnon,Real qeyri-neft ÜDM,2030,"mln AZN, 2015 qiymətləri",143.325,-141.575,0.993879,0.00306989,0.987795,0.00613985,0.975738,0.0122802,0.963823,0.0184215,-0.0060543,0.00622837,-0.0120289,0.0125435,False,,,,,,,,,,
food,Dünya ərzaq qiymətləri (Brent-dən asılı olmayan hissə),fr1:rhhdisp,Ev təsərrüfatlarının real sərəncamda qalan gəliri,2026,"mln AZN, 2015 qiymətləri",0,0,,,,,,,,,,,,,False,,,,,,,,,,
food,Dünya ərzaq qiymətləri (Brent-dən asılı olmayan hissə),fr1:rhhdisp,Ev təsərrüfatlarının real sərəncamda qalan gəliri,2027,"mln AZN, 2015 qiymətləri",103.647,-102.47,0.994307,0.00285483,0.988645,0.00570975,0.977417,0.0114203,0.966313,0.0171322,-0.00561381,0.00580905,-0.0111447,0.011709,False,,,,,,,,,,
food,Dünya ərzaq qiymətləri (Brent-dən asılı olmayan hissə),fr1:rhhdisp,Ev təsərrüfatlarının real sərəncamda qalan gəliri,2028,"mln AZN, 2015 qiymətləri",162.86,-160.88,0.9939,0.00305915,0.987838,0.00611837,0.975821,0.0122373,0.963947,0.0183573,-0.0060264,0.00621353,-0.0119691,0.0125183,False,,,,,,,,,,
food,Dünya ərzaq qiymətləri (Brent-dən asılı olmayan hissə),fr1:rhhdisp,Ev təsərrüfatlarının real sərəncamda qalan gəliri,2029,"mln AZN, 2015 qiymətləri",172.397,-170.256,0.993771,0.00312441,0.98758,0.00624888,0.975312,0.0124983,0.963193,0.0187488,-0.00615521,0.00634578,-0.0122246,0.0127851,False,,,,,,,,,,
food,Dünya ərzaq qiymətləri (Brent-dən asılı olmayan hissə),fr1:rhhdisp,Ev təsərrüfatlarının real sərəncamda qalan gəliri,2030,"mln AZN, 2015 qiymətləri",181.681,-179.386,0.993664,0.00317826,0.987367,0.00635658,0.974892,0.0127137,0.96257,0.0190718,-0.00626136,0.00645507,-0.012435,0.0130057,False,,,,,,,,,,
food,Dünya ərzaq qiymətləri (Brent-dən asılı olmayan hissə),fr1:rinv_state,Dövlət investisiyaları (real),2026,"mln AZN, 2015 qiymətləri",0,0,,,,,,,,,,,,,False,,,,,,,,,,
food,Dünya ərzaq qiymətləri (Brent-dən asılı olmayan hissə),fr1:rinv_state,Dövlət investisiyaları (real),2027,"mln AZN, 2015 qiymətləri",46.7578,-46.4985,0.997224,0.00139004,0.994455,0.00278012,0.98894,0.00556051,0.983455,0.00834143,-0.00276002,0.00280095,-0.00550202,0.00562153,False,,,,,,,,,,
food,Dünya ərzaq qiymətləri (Brent-dən asılı olmayan hissə),fr1:rinv_state,Dövlət investisiyaları (real),2028,"mln AZN, 2015 qiymətləri",71.2243,-70.7054,0.996351,0.00182801,0.992715,0.00365604,0.985482,0.0073122,0.978301,0.0109686,-0.00364219,0.00367042,-0.00726662,0.00735976,False,,,,,,,,,,
food,Dünya ərzaq qiymətləri (Brent-dən asılı olmayan hissə),fr1:rinv_state,Dövlət investisiyaları (real),2029,"mln AZN, 2015 qiymətləri",72.7172,-72.1812,0.996307,0.00184982,0.992628,0.00369966,0.98531,0.00739941,0.978045,0.0110994,-0.0036858,0.00371403,-0.00735359,0.00744716,False,,,,,,,,,,
food,Dünya ərzaq qiymətləri (Brent-dən asılı olmayan hissə),fr1:rinv_state,Dövlət investisiyaları (real),2030,"mln AZN, 2015 qiymətləri",74.0165,-73.4669,0.996281,0.00186311,0.992575,0.00372624,0.985205,0.00745256,0.977889,0.0111791,-0.00371243,0.00374053,-0.00740675,0.00750024,False,,,,,,,,,,
food,Dünya ərzaq qiymətləri (Brent-dən asılı olmayan hissə),fr1:rinv_tot,Əsas kapitala investisiyalar (real),2026,"mln AZN, 2015 qiymətləri",0,0,,,,,,,,,,,,,False,,,,,,,,,,
food,Dünya ərzaq qiymətləri (Brent-dən asılı olmayan hissə),fr1:rinv_tot,Əsas kapitala investisiyalar (real),2027,"mln AZN, 2015 qiymətləri",61.527,-61.186,0.997225,0.00138929,0.994458,0.00277862,0.988946,0.00555759,0.983463,0.00833726,-0.00275328,0.00280489,-0.00548518,0.00563318,False,,,,,,,,,,
food,Dünya ərzaq qiymətləri (Brent-dən asılı olmayan hissə),fr1:rinv_tot,Əsas kapitala investisiyalar (real),2028,"mln AZN, 2015 qiymətləri",94.5072,-93.8276,0.996398,0.0018042,0.992809,0.00360843,0.985669,0.00721707,0.97858,0.0108262,-0.00358749,0.00363015,-0.0071529,0.00728407,False,,,,,,,,,,
food,Dünya ərzaq qiymətləri (Brent-dən asılı olmayan hissə),fr1:rinv_tot,Əsas kapitala investisiyalar (real),2029,"mln AZN, 2015 qiymətləri",97.3533,-96.6412,0.996336,0.00183538,0.992685,0.00367079,0.985423,0.00734179,0.978214,0.0110132,-0.00364934,0.00369302,-0.00727596,0.00741046,False,,,,,,,,,,
food,Dünya ərzaq qiymətləri (Brent-dən asılı olmayan hissə),fr1:rinv_tot,Əsas kapitala investisiyalar (real),2030,"mln AZN, 2015 qiymətləri",99.8929,-99.1531,0.99629,0.00185836,0.992594,0.00371675,0.985242,0.00743369,0.977944,0.011151,-0.00369487,0.0037394,-0.0073665,0.00750372,False,,,,,,,,,,
food,Dünya ərzaq qiymətləri (Brent-dən asılı olmayan hissə),fr1:rm_non,Qeyri-neft mal idxalı (real),2026,"mln AZN, 2015 qiymətləri",0,0,,,,,,,,,,,,,False,,,,,,,,,,
food,Dünya ərzaq qiymətləri (Brent-dən asılı olmayan hissə),fr1:rm_non,Qeyri-neft mal idxalı (real),2027,"mln AZN, 2015 qiymətləri",57.3231,-56.7601,0.995077,0.00246757,0.990178,0.00493525,0.98045,0.00987132,0.970814,0.014809,-0.00484918,0.00502431,-0.00962713,0.0101268,False,,,,,,,,,,
food,Dünya ərzaq qiymətləri (Brent-dən asılı olmayan hissə),fr1:rm_non,Qeyri-neft mal idxalı (real),2028,"mln AZN, 2015 qiymətləri",88.4261,-87.4282,0.994341,0.00283731,0.988715,0.0056747,0.977555,0.01135,0.966517,0.0170266,-0.00558504,0.00576739,-0.0110913,0.0116207,False,,,,,,,,,,
food,Dünya ərzaq qiymətləri (Brent-dən asılı olmayan hissə),fr1:rm_non,Qeyri-neft mal idxalı (real),2029,"mln AZN, 2015 qiymətləri",92.2555,-91.1911,0.994215,0.00290103,0.988463,0.00580213,0.977056,0.0116049,0.965778,0.0174089,-0.00571031,0.00589705,-0.0113395,0.0118826,False,,,,,,,,,,
food,Dünya ərzaq qiymətləri (Brent-dən asılı olmayan hissə),fr1:rm_non,Qeyri-neft mal idxalı (real),2030,"mln AZN, 2015 qiymətləri",95.9064,-94.7787,0.994103,0.00295707,0.988241,0.00591421,0.976619,0.011829,0.965129,0.017745,-0.00582042,0.00601116,-0.0115576,0.0121131,False,,,,,,,,,,
food,Dünya ərzaq qiymətləri (Brent-dən asılı olmayan hissə),fr1:rva_agr,"Real əlavə dəyər: Kənd, meşə və balıqçılıq",2026,"mln AZN, 2015 qiymətləri",0,0,,,,,,,,,,,,,False,,,,,,,,,,
food,Dünya ərzaq qiymətləri (Brent-dən asılı olmayan hissə),fr1:rva_agr,"Real əlavə dəyər: Kənd, meşə və balıqçılıq",2027,"mln AZN, 2015 qiymətləri",0,0,,,,,,,,,,,,,False,,,,,,,,,,
food,Dünya ərzaq qiymətləri (Brent-dən asılı olmayan hissə),fr1:rva_agr,"Real əlavə dəyər: Kənd, meşə və balıqçılıq",2028,"mln AZN, 2015 qiymətləri",0,0,,,,,,,,,,,,,False,,,,,,,,,,
food,Dünya ərzaq qiymətləri (Brent-dən asılı olmayan hissə),fr1:rva_agr,"Real əlavə dəyər: Kənd, meşə və balıqçılıq",2029,"mln AZN, 2015 qiymətləri",0,0,,,,,,,,,,,,,False,,,,,,,,,,
food,Dünya ərzaq qiymətləri (Brent-dən asılı olmayan hissə),fr1:rva_agr,"Real əlavə dəyər: Kənd, meşə və balıqçılıq",2030,"mln AZN, 2015 qiymətləri",0,0,,,,,,,,,,,,,False,,,,,,,,,,
food,Dünya ərzaq qiymətləri (Brent-dən asılı olmayan hissə),fr1:rva_con,Real əlavə dəyər: Tikinti,2026,"mln AZN, 2015 qiymətləri",0,0,,,,,,,,,,,,,False,,,,,,,,,,
food,Dünya ərzaq qiymətləri (Brent-dən asılı olmayan hissə),fr1:rva_con,Real əlavə dəyər: Tikinti,2027,"mln AZN, 2015 qiymətləri",15.6101,-15.5452,0.99792,0.00104103,0.995844,0.00208212,0.991705,0.0041647,0.987581,0.00624821,-0.00205123,0.0021141,-0.00407977,0.00425326,False,,,,,,,,,,
food,Dünya ərzaq qiymətləri (Brent-dən asılı olmayan hissə),fr1:rva_con,Real əlavə dəyər: Tikinti,2028,"mln AZN, 2015 qiymətləri",25.4285,-25.2991,0.997454,0.00127479,0.994914,0.00254964,0.989852,0.00509969,0.984815,0.00765056,-0.00252016,0.00258016,-0.0050171,0.00518582,False,,,,,,,,,,
food,Dünya ərzaq qiymətləri (Brent-dən asılı olmayan hissə),fr1:rva_con,Real əlavə dəyər: Tikinti,2029,"mln AZN, 2015 qiymətləri",27.149,-27.006,0.997361,0.0013211,0.994729,0.00264225,0.989486,0.00528491,0.984268,0.00792838,-0.00261199,0.00267356,-0.00519991,0.00537348,False,,,,,,,,,,
food,Dünya ərzaq qiymətləri (Brent-dən asılı olmayan hissə),fr1:rva_con,Real əlavə dəyər: Tikinti,2030,"mln AZN, 2015 qiymətləri",28.4101,-28.2552,0.997271,0.00136623,0.99455,0.00273251,0.989129,0.00546542,0.983735,0.00819914,-0.0027015,0.00276458,-0.00537812,0.00555635,False,,,,,,,,,,
food,Dünya ərzaq qiymətləri (Brent-dən asılı olmayan hissə),fr1:rva_man,Real əlavə dəyər: Emal sənayesi,2026,"mln AZN, 2015 qiymətləri",0,0,,,,,,,,,,,,,False,,,,,,,,,,
food,Dünya ərzaq qiymətləri (Brent-dən asılı olmayan hissə),fr1:rva_man,Real əlavə dəyər: Emal sənayesi,2027,"mln AZN, 2015 qiymətləri",4.68392,-4.67267,0.998799,0.000601029,0.997599,0.00120211,0.995202,0.00240464,0.99281,0.00360801,-0.00117519,0.00122994,-0.0023321,0.00248009,False,,,,,,,,,,
food,Dünya ərzaq qiymətləri (Brent-dən asılı olmayan hissə),fr1:rva_man,Real əlavə dəyər: Emal sənayesi,2028,"mln AZN, 2015 qiymətləri",8.02064,-7.99935,0.998672,0.000664407,0.997346,0.00132886,0.994698,0.00265808,0.992056,0.00398803,-0.00130433,0.00135419,-0.00259169,0.00272705,False,,,,,,,,,,
food,Dünya ərzaq qiymətləri (Brent-dən asılı olmayan hissə),fr1:rva_man,Real əlavə dəyər: Emal sənayesi,2029,"mln AZN, 2015 qiymətləri",9.33948,-9.3096,0.998399,0.000801159,0.9968,0.00160236,0.99361,0.00320508,0.990429,0.00480849,-0.00157732,0.00162821,-0.00313679,0.00327597,False,,,,,,,,,,
food,Dünya ərzaq qiymətləri (Brent-dən asılı olmayan hissə),fr1:rva_man,Real əlavə dəyər: Emal sənayesi,2030,"mln AZN, 2015 qiymətləri",10.8088,-10.7696,0.998185,0.000908109,0.996374,0.00181625,0.992761,0.00363284,0.989159,0.00545011,-0.00179104,0.00184226,-0.00356362,0.00370468,False,,,,,,,,,,
food,Dünya ərzaq qiymətləri (Brent-dən asılı olmayan hissə),fr1:rva_trd,Real əlavə dəyər: Ticarət; nəqliyyat vasitələrinin təmiri,2026,"mln AZN, 2015 qiymətləri",0,0,,,,,,,,,,,,,False,,,,,,,,,,
food,Dünya ərzaq qiymətləri (Brent-dən asılı olmayan hissə),fr1:rva_trd,Real əlavə dəyər: Ticarət; nəqliyyat vasitələrinin təmiri,2027,"mln AZN, 2015 qiymətləri",19.5966,-19.3712,0.994233,0.00289198,0.988498,0.00578406,0.977127,0.0115689,0.965882,0.0173552,-0.00568656,0.00588499,-0.0112886,0.0118626,False,,,,,,,,,,
food,Dünya ərzaq qiymətləri (Brent-dən asılı olmayan hissə),fr1:rva_trd,Real əlavə dəyər: Ticarət; nəqliyyat vasitələrinin təmiri,2028,"mln AZN, 2015 qiymətləri",30.6581,-30.2776,0.993776,0.00312187,0.98759,0.0062438,0.975332,0.0124882,0.963222,0.0187336,-0.00614928,0.0063416,-0.0122123,0.0127773,False,,,,,,,,,,
food,Dünya ərzaq qiymətləri (Brent-dən asılı olmayan hissə),fr1:rva_trd,Real əlavə dəyər: Ticarət; nəqliyyat vasitələrinin təmiri,2029,"mln AZN, 2015 qiymətləri",32.4286,-32.0176,0.993642,0.00318919,0.987324,0.00637845,0.974807,0.0127574,0.962444,0.0191374,-0.00628212,0.00647812,-0.0124757,0.0130528,False,,,,,,,,,,
food,Dünya ərzaq qiymətləri (Brent-dən asılı olmayan hissə),fr1:rva_trd,Real əlavə dəyər: Ticarət; nəqliyyat vasitələrinin təmiri,2030,"mln AZN, 2015 qiymətləri",34.2078,-33.7667,0.993531,0.00324491,0.987104,0.00648988,0.974372,0.0129803,0.961801,0.0194716,-0.00639188,0.00659126,-0.0126932,0.0132812,False,,,,,,,,,,
food,Dünya ərzaq qiymətləri (Brent-dən asılı olmayan hissə),fr1:rx_non,Qeyri-neft mal ixracı (real),2026,"mln AZN, 2015 qiymətləri",0,0,,,,,,,,,,,,,False,,,,,,,,,,
food,Dünya ərzaq qiymətləri (Brent-dən asılı olmayan hissə),fr1:rx_non,Qeyri-neft mal ixracı (real),2027,"mln AZN, 2015 qiymətləri",0.969965,-0.968156,0.999067,0.000466564,0.998135,0.000933179,0.996273,0.00186676,0.994413,0.00280117,-0.000907226,0.00095999,-0.00179718,0.00193907,False,,,,,,,,,,
food,Dünya ərzaq qiymətləri (Brent-dən asılı olmayan hissə),fr1:rx_non,Qeyri-neft mal ixracı (real),2028,"mln AZN, 2015 qiymətləri",1.71966,-1.71658,0.999105,0.000447653,0.998211,0.00089535,0.996424,0.00179104,0.99464,0.00268743,-0.000872313,0.00091911,-0.00172927,0.00185513,False,,,,,,,,,,
food,Dünya ərzaq qiymətləri (Brent-dən asılı olmayan hissə),fr1:rx_non,Qeyri-neft mal ixracı (real),2029,"mln AZN, 2015 qiymətləri",2.06171,-2.05706,0.998871,0.000564808,0.997743,0.00112966,0.995491,0.00225964,0.993242,0.0033903,-0.00110669,0.00115334,-0.00219773,0.00232387,False,,,,,,,,,,
food,Dünya ərzaq qiymətləri (Brent-dən asılı olmayan hissə),fr1:rx_non,Qeyri-neft mal ixracı (real),2030,"mln AZN, 2015 qiymətləri",2.45721,-2.45082,0.998698,0.000651406,0.997398,0.00130284,0.994802,0.00260599,0.992211,0.00390978,-0.00128023,0.00132614,-0.00254476,0.00266948,False,,,,,,,,,,
food,Dünya ərzaq qiymətləri (Brent-dən asılı olmayan hissə),fr1:unemp,İşsizlik səviyyəsi,2026,%,0,0,,,,,,,,,,,,,False,,,,,,,,,,
food,Dünya ərzaq qiymətləri (Brent-dən asılı olmayan hissə),fr1:unemp,İşsizlik səviyyəsi,2027,%,-0.00447967,0.00444094,0.995668,-0.00217084,0.991354,-0.00434178,0.982781,-0.00868434,0.974278,-0.0130285,-0.00426725,0.00441885,-0.00847424,0.00890382,False,,,,,,,,,,
food,Dünya ərzaq qiymətləri (Brent-dən asılı olmayan hissə),fr1:unemp,İşsizlik səviyyəsi,2028,%,-0.00693934,0.00687423,0.995298,-0.00235671,0.990617,-0.00471348,0.981321,-0.00942754,0.972109,-0.0141427,-0.00465192,0.0047772,-0.00924969,0.00961352,False,,,,,,,,,,
food,Dünya ərzaq qiymətləri (Brent-dən asılı olmayan hissə),fr1:unemp,İşsizlik səviyyəsi,2029,%,-0.00717518,0.00710526,0.995116,-0.00244796,0.990256,-0.00489599,0.980605,-0.0097925,0.971045,-0.0146901,-0.00483396,0.00496015,-0.00961229,0.00998089,False,,,,,,,,,,
food,Dünya ərzaq qiymətləri (Brent-dən asılı olmayan hissə),fr1:unemp,İşsizlik səviyyəsi,2030,%,-0.00741272,0.00733853,0.994983,-0.00251469,0.989991,-0.00502944,0.980082,-0.0100594,0.970268,-0.0150903,-0.00496696,0.00509404,-0.00987711,0.0102499,False,,,,,,,,,,
food,Dünya ərzaq qiymətləri (Brent-dən asılı olmayan hissə),fr1:wage,Orta aylıq nominal əmək haqqı,2026,AZN/ay,0,0,,,,,,,,,,,,,False,,,,,,,,,,
food,Dünya ərzaq qiymətləri (Brent-dən asılı olmayan hissə),fr1:wage,Orta aylıq nominal əmək haqqı,2027,AZN/ay,-4.73058,4.70292,0.997072,-0.00146597,0.994153,-0.00293199,0.98834,-0.00586438,0.982558,-0.00879758,-0.00289289,0.00297223,-0.00575485,0.00597795,False,,,,,,,,,,
food,Dünya ərzaq qiymətləri (Brent-dən asılı olmayan hissə),fr1:wage,Orta aylıq nominal əmək haqqı,2028,AZN/ay,-7.37911,7.36692,0.999174,-0.000413209,0.998348,-0.00082645,0.996699,-0.00165316,0.995052,-0.00248038,-0.000806233,0.000847219,-0.0015989,0.00170915,False,,,,,,,,,,
food,Dünya ərzaq qiymətləri (Brent-dən asılı olmayan hissə),fr1:wage,Orta aylıq nominal əmək haqqı,2029,AZN/ay,-7.82826,7.81616,0.999227,-0.000386664,0.998454,-0.000773361,0.996911,-0.00154699,0.995368,-0.00232116,-0.000752381,0.000794916,-0.00149076,0.00160502,False,,,,,,,,,,
food,Dünya ərzaq qiymətləri (Brent-dən asılı olmayan hissə),fr1:wage,Orta aylıq nominal əmək haqqı,2030,AZN/ay,-8.25098,8.23887,0.999266,-0.000367135,0.998532,-0.000734308,0.997067,-0.0014689,0.995602,-0.00220405,-0.000712743,0.000756469,-0.00141115,0.00152851,False,,,,,,,,,,
food,Dünya ərzaq qiymətləri (Brent-dən asılı olmayan hissə),fr3:rw_avg,"Orta aylıq əmək haqqı, real (2015 qiymətləri)",2026,"AZN/ay, 2015 qiymətləri",0,0,,,,,,,,,,,,,False,,,,,,,,,,
food,Dünya ərzaq qiymətləri (Brent-dən asılı olmayan hissə),fr3:rw_avg,"Orta aylıq əmək haqqı, real (2015 qiymətləri)",2027,"AZN/ay, 2015 qiymətləri",1.0597,-1.04798,0.994454,0.0027807,0.988938,0.00556168,0.977996,0.0111242,0.967171,0.0166882,-0.00546908,0.00565767,-0.0108586,0.0114026,False,,,,,,,,,,
food,Dünya ərzaq qiymətləri (Brent-dən asılı olmayan hissə),fr3:rw_avg,"Orta aylıq əmək haqqı, real (2015 qiymətləri)",2028,"AZN/ay, 2015 qiymətləri",1.66032,-1.64059,0.994041,0.00298838,0.988117,0.0059772,0.976372,0.0119553,0.964763,0.0179343,-0.00589022,0.00606791,-0.0117008,0.0122222,False,,,,,,,,,,
food,Dünya ərzaq qiymətləri (Brent-dən asılı olmayan hissə),fr3:rw_avg,"Orta aylıq əmək haqqı, real (2015 qiymətləri)",2029,"AZN/ay, 2015 qiymətləri",1.75441,-1.73308,0.993902,0.00305813,0.987844,0.00611525,0.975834,0.0122309,0.963966,0.0183475,-0.00602618,0.00620713,-0.0119706,0.0125032,False,,,,,,,,,,
food,Dünya ərzaq qiymətləri (Brent-dən asılı olmayan hissə),fr3:rw_avg,"Orta aylıq əmək haqqı, real (2015 qiymətləri)",2030,"AZN/ay, 2015 qiymətləri",1.84671,-1.82386,0.993792,0.0031137,0.987624,0.00622675,0.975398,0.012454,0.963321,0.0186824,-0.00613627,0.0063204,-0.0121891,0.0127318,False,,,,,,,,,,
food,Dünya ərzaq qiymətləri (Brent-dən asılı olmayan hissə),fr4:budget,Büdcə təşkilatlarında muzdlu işçilər,2026,min nəfər,0,0,,,,,,,,,,,,,False,,,,,,,,,,
food,Dünya ərzaq qiymətləri (Brent-dən asılı olmayan hissə),fr4:budget,Büdcə təşkilatlarında muzdlu işçilər,2027,min nəfər,-0.201387,0.199534,0.995388,-0.00231116,0.990798,-0.0046224,0.981678,-0.00924552,0.972639,-0.0138701,-0.00454584,0.00470151,-0.00902844,0.00947221,False,,,,,,,,,,
food,Dünya ərzaq qiymətləri (Brent-dən asılı olmayan hissə),fr4:budget,Büdcə təşkilatlarında muzdlu işçilər,2028,min nəfər,-0.313778,0.310983,0.995537,-0.00223666,0.991093,-0.0044734,0.982264,-0.00894736,0.973511,-0.0134225,-0.00440972,0.00453914,-0.00876529,0.00913723,False,,,,,,,,,,
food,Dünya ərzaq qiymətləri (Brent-dən asılı olmayan hissə),fr4:budget,Büdcə təşkilatlarında muzdlu işçilər,2029,min nəfər,-0.327767,0.324797,0.99546,-0.00227513,0.990941,-0.00455033,0.981962,-0.0091012,0.973061,-0.0136532,-0.00448646,0.00461626,-0.00891818,0.00929205,False,,,,,,,,,,
food,Dünya ərzaq qiymətləri (Brent-dən asılı olmayan hissə),fr4:budget,Büdcə təşkilatlarında muzdlu işçilər,2030,min nəfər,-0.341756,0.338622,0.995404,-0.00230314,0.99083,-0.00460635,0.981742,-0.00921323,0.972734,-0.0138212,-0.00454235,0.00467241,-0.00902952,0.00940478,False,,,,,,,,,,
food,Dünya ərzaq qiymətləri (Brent-dən asılı olmayan hissə),fr5:vol:total,"Pullu xidmətlər, cəmi: real həcm (2015 qiymətləri)",2026,"mln AZN, 2015 qiymətləri",0,0,,,,,,,,,,,,,False,,,,,,,,,,
food,Dünya ərzaq qiymətləri (Brent-dən asılı olmayan hissə),fr5:vol:total,"Pullu xidmətlər, cəmi: real həcm (2015 qiymətləri)",2027,"mln AZN, 2015 qiymətləri",21.1888,-21.0208,0.996027,0.00199052,0.992069,0.00398114,0.9842,0.00796303,0.976389,0.0119464,-0.00391448,0.00405011,-0.00777572,0.00815869,False,,,,,,,,,,
food,Dünya ərzaq qiymətləri (Brent-dən asılı olmayan hissə),fr5:vol:total,"Pullu xidmətlər, cəmi: real həcm (2015 qiymətləri)",2028,"mln AZN, 2015 qiymətləri",33.6866,-33.3633,0.99519,0.0024106,0.990404,0.00482127,0.980898,0.00964313,0.97148,0.0144662,-0.00475219,0.00489266,-0.00944467,0.00985042,False,,,,,,,,,,
food,Dünya ərzaq qiymətləri (Brent-dən asılı olmayan hissə),fr5:vol:total,"Pullu xidmətlər, cəmi: real həcm (2015 qiymətləri)",2029,"mln AZN, 2015 qiymətləri",36.0704,-35.7111,0.995008,0.00250242,0.99004,0.00500492,0.980178,0.0100104,0.97041,0.0150171,-0.00493325,0.00507896,-0.00980393,0.0102261,False,,,,,,,,,,
food,Dünya ərzaq qiymətləri (Brent-dən asılı olmayan hissə),fr5:vol:total,"Pullu xidmətlər, cəmi: real həcm (2015 qiymətləri)",2030,"mln AZN, 2015 qiymətləri",38.4132,-38.0189,0.994854,0.00257942,0.989735,0.00515891,0.979574,0.0103184,0.969514,0.015479,-0.00508492,0.00523534,-0.0101047,0.0105415,False,,,,,,,,,,
food,Dünya ərzaq qiymətləri (Brent-dən asılı olmayan hissə),ru:budget_gdp,Büdcə balansı,2026,% ÜDM (f.b.),0,0,,,,,,,,,,,,,False,,"Büdcə balansı həddi (< hədd, % ÜDM)",-1,0.655559,,,,,8,
food,Dünya ərzaq qiymətləri (Brent-dən asılı olmayan hissə),ru:budget_gdp,Büdcə balansı,2027,% ÜDM (f.b.),-0.00391654,0.00499953,1.12928,0.0607137,1.27652,0.121465,1.64281,0.24323,2.15258,0.365599,0.107272,-0.139614,0.213868,-0.280155,False,,"Büdcə balansı həddi (< hədd, % ÜDM)",-1,0.32115,,,,,8,
food,Dünya ərzaq qiymətləri (Brent-dən asılı olmayan hissə),ru:budget_gdp,Büdcə balansı,2028,% ÜDM (f.b.),-0.0081786,0.00987354,1.09851,0.0469423,1.20724,0.0938914,1.46256,0.187837,1.78509,0.281891,0.0855937,-0.103918,0.171033,-0.208041,False,,"Büdcə balansı həddi (< hədd, % ÜDM)",-1,0.0335283,,,,,8,
food,Dünya ərzaq qiymətləri (Brent-dən asılı olmayan hissə),ru:budget_gdp,Büdcə balansı,2029,% ÜDM (f.b.),-0.0101212,0.0118725,1.08292,0.0398095,1.17303,0.0796242,1.37894,0.15929,1.62825,0.239039,0.0735371,-0.086773,0.146936,-0.173726,True,asimmetrik cavab; qeyri-proporsional miqyas,"Büdcə balansı həddi (< hədd, % ÜDM)",-1,0.108813,,,,,8,
food,Dünya ərzaq qiymətləri (Brent-dən asılı olmayan hissə),ru:budget_gdp,Büdcə balansı,2030,% ÜDM (f.b.),-0.0115732,0.0133877,1.07543,0.0363434,1.15678,0.0726913,1.34033,0.145419,1.55826,0.21822,0.0675606,-0.0786347,0.13499,-0.157439,True,asimmetrik cavab; qeyri-proporsional miqyas,"Büdcə balansı həddi (< hədd, % ÜDM)",-1,0.141054,,,,,8,
food,Dünya ərzaq qiymətləri (Brent-dən asılı olmayan hissə),ru:cpi,"İnflyasiya (İQİ, illik orta)",2026,f.b.,0,0,,,,,,,,,,,,,False,,İnflyasiya həddi (> hədd),6,5.2991,,,,,10,
food,Dünya ərzaq qiymətləri (Brent-dən asılı olmayan hissə),ru:cpi,"İnflyasiya (İQİ, illik orta)",2027,f.b.,-0.838245,0.836984,0.999247,-0.000376435,0.998495,-0.000752896,0.996993,-0.001506,0.995491,-0.00225952,-0.000738727,0.000767506,-0.00146793,0.00154545,False,,İnflyasiya həddi (> hədd),6,5.7416,,0.308612,,1.82353,10,
food,Dünya ərzaq qiymətləri (Brent-dən asılı olmayan hissə),ru:cpi,"İnflyasiya (İQİ, illik orta)",2028,f.b.,-0.396767,0.396664,0.99987,-6.50452e-05,0.99974,-0.000130085,0.99948,-0.000260133,0.99922,-0.000390103,-0.000130348,0.000129747,-0.000260808,0.000259227,False,,İnflyasiya həddi (> hədd),6,5.8752,,0.314604,,1.85893,10,
food,Dünya ərzaq qiymətləri (Brent-dən asılı olmayan hissə),ru:cpi,"İnflyasiya (İQİ, illik orta)",2029,f.b.,0.00242053,-0.00237038,0.989587,0.00523385,0.979282,0.0104675,0.958992,0.0209334,0.939119,0.031396,-0.0104264,0.0105109,-0.0207533,0.0211252,False,,İnflyasiya həddi (> hədd),6,5.9149,,,,,10,
food,Dünya ərzaq qiymətləri (Brent-dən asılı olmayan hissə),ru:cpi,"İnflyasiya (İQİ, illik orta)",2030,f.b.,0.00244781,-0.00240335,0.990877,0.00458233,0.981838,0.00916441,0.964004,0.0183278,0.946493,0.0274891,-0.009108,0.00922285,-0.0181239,0.0185424,False,,İnflyasiya həddi (> hədd),6,5.9278,,,,,10,
food,Dünya ərzaq qiymətləri (Brent-dən asılı olmayan hissə),ru:debt_gdp,Dövlət borcu,2026,% ÜDM (f.b.),0,0,,,,,,,,,,,,,False,,Dövlət borcu > 30% ÜDM (DSA həddi),30,17.2926,,,,,15,
food,Dünya ərzaq qiymətləri (Brent-dən asılı olmayan hissə),ru:debt_gdp,Dövlət borcu,2027,% ÜDM (f.b.),0.0860823,-0.0869168,1.00484,-0.00241186,1.0097,-0.00482414,1.01949,-0.00965164,1.0294,-0.0144859,0.00463624,-0.00501737,0.00916491,-0.0101504,False,,Dövlət borcu > 30% ÜDM (DSA həddi),30,15.6733,,,,,15,
food,Dünya ərzaq qiymətləri (Brent-dən asılı olmayan hissə),ru:debt_gdp,Dövlət borcu,2028,% ÜDM (f.b.),0.126293,-0.128398,1.0083,-0.00413274,1.01667,-0.00826651,1.03364,-0.0165412,1.05093,-0.0248323,0.00788088,-0.00866431,0.0155536,-0.0175518,False,,Dövlət borcu > 30% ÜDM (DSA həddi),30,14.5227,,,,,15,
food,Dünya ərzaq qiymətləri (Brent-dən asılı olmayan hissə),ru:debt_gdp,Dövlət borcu,2029,% ÜDM (f.b.),0.124452,-0.127955,1.01397,-0.00693778,1.02815,-0.0138777,1.05713,-0.0277726,1.08703,-0.0417021,0.013218,-0.0145638,0.026128,-0.0294602,False,,Dövlət borcu > 30% ÜDM (DSA həddi),30,13.1051,,,,,15,
food,Dünya ərzaq qiymətləri (Brent-dən asılı olmayan hissə),ru:debt_gdp,Dövlət borcu,2030,% ÜDM (f.b.),0.125402,-0.130243,1.01911,-0.00946595,1.0386,-0.0189355,1.07878,-0.0378995,1.12071,-0.0569209,0.017975,-0.019943,0.0355506,-0.0403208,False,,Dövlət borcu > 30% ÜDM (DSA həddi),30,11.9126,,,,,15,
food,Dünya ərzaq qiymətləri (Brent-dən asılı olmayan hissə),ru:nonoil_g,Qeyri-neft ÜDM real artımı,2026,f.b.,0,0,,,,,,,,,,,,,False,,Growth-at-Risk həddi (qeyri-neft artımı < hədd),2,5.312,,,,,6,
food,Dünya ərzaq qiymətləri (Brent-dən asılı olmayan hissə),ru:nonoil_g,Qeyri-neft ÜDM real artımı,2027,f.b.,0.147505,-0.146033,0.994997,0.00250795,0.990018,0.005016,0.980134,0.0100328,0.970344,0.0150513,-0.00492957,0.00510545,-0.00978716,0.0102899,False,,Growth-at-Risk həddi (qeyri-neft artımı < hədd),2,5.43,,,,,6,
food,Dünya ərzaq qiymətləri (Brent-dən asılı olmayan hissə),ru:nonoil_g,Qeyri-neft ÜDM real artımı,2028,f.b.,0.080135,-0.0792242,0.994301,0.00285756,0.988635,0.00571515,0.977397,0.0114305,0.966285,0.0171463,-0.00567102,0.00576097,-0.0112921,0.0115757,False,,Growth-at-Risk həddi (qeyri-neft artımı < hədd),2,5.603,,,,,6,
food,Dünya ərzaq qiymətləri (Brent-dən asılı olmayan hissə),ru:nonoil_g,Qeyri-neft ÜDM real artımı,2029,f.b.,0.00738917,-0.00723553,0.989549,0.00525274,0.979208,0.0105053,0.958847,0.0210089,0.938907,0.0315092,-0.0104626,0.0105503,-0.0208242,0.0212056,False,,Growth-at-Risk həddi (qeyri-neft artımı < hədd),2,5.632,,,,,6,
food,Dünya ərzaq qiymətləri (Brent-dən asılı olmayan hissə),ru:nonoil_g,Qeyri-neft ÜDM real artımı,2030,f.b.,0.00742682,-0.00729137,0.990839,0.00460143,0.981763,0.00920264,0.963857,0.0184042,0.946275,0.0276038,-0.00914486,0.00926254,-0.0181963,0.0186233,False,,Growth-at-Risk həddi (qeyri-neft artımı < hədd),2,5.727,,,,,6,
food,Dünya ərzaq qiymətləri (Brent-dən asılı olmayan hissə),ru:nonoil_lvl,Qeyri-neft real ÜDM səviyyəsi,2026,% (baza ilə fərq),0,0,,,,,,,,,,,,,False,,,,,,,,,10,
food,Dünya ərzaq qiymətləri (Brent-dən asılı olmayan hissə),ru:nonoil_lvl,Qeyri-neft real ÜDM səviyyəsi,2027,% (baza ilə fərq),0.140243,-0.138843,0.994997,0.00250795,0.990018,0.005016,0.980134,0.0100328,0.970344,0.0150513,-0.00492957,0.00510545,-0.00978716,0.0102899,False,,,,,,,,,10,
food,Dünya ərzaq qiymətləri (Brent-dən asılı olmayan hissə),ru:nonoil_lvl,Qeyri-neft real ÜDM səviyyəsi,2028,% (baza ilə fərq),0.217041,-0.214557,0.99426,0.00287803,0.988554,0.00575613,0.977236,0.0115128,0.966045,0.0172707,-0.00567426,0.00584089,-0.0112742,0.0117629,False,,,,,,,,,10,
food,Dünya ərzaq qiymətləri (Brent-dən asılı olmayan hissə),ru:nonoil_lvl,Qeyri-neft real ÜDM səviyyəsi,2029,% (baza ilə fərq),0.224103,-0.221442,0.994046,0.00298612,0.988126,0.00597232,0.976392,0.0119452,0.964793,0.0179191,-0.00588853,0.00605904,-0.0116998,0.0122023,False,,,,,,,,,10,
food,Dünya ərzaq qiymətləri (Brent-dən asılı olmayan hissə),ru:nonoil_lvl,Qeyri-neft real ÜDM səviyyəsi,2030,% (baza ilə fərq),0.231238,-0.228416,0.993879,0.00306989,0.987795,0.00613985,0.975738,0.0122802,0.963823,0.0184215,-0.0060543,0.00622837,-0.0120289,0.0125435,False,,,,,,,,,10,
food,Dünya ərzaq qiymətləri (Brent-dən asılı olmayan hissə),ru:tb_gdp,Mal ticarəti balansı (cari hesab proksisi),2026,% ÜDM (f.b.),0,0,,,,,,,,,,,,,False,,Mal ticarəti balansı < 0 (kəsir),0,9.03884,,,,,15,
food,Dünya ərzaq qiymətləri (Brent-dən asılı olmayan hissə),ru:tb_gdp,Mal ticarəti balansı (cari hesab proksisi),2027,% ÜDM (f.b.),0.00826981,-0.00871816,1.02674,-0.0131944,1.05422,-0.0263923,1.11152,-0.0528135,1.17224,-0.0792925,0.0253324,-0.0275257,0.0504202,-0.0553413,False,,Mal ticarəti balansı < 0 (kəsir),0,6.55075,,,,,15,
food,Dünya ərzaq qiymətləri (Brent-dən asılı olmayan hissə),ru:tb_gdp,Mal ticarəti balansı (cari hesab proksisi),2028,% ÜDM (f.b.),0.00804263,-0.00869282,1.03961,-0.0194226,1.08084,-0.0388514,1.16861,-0.0777515,1.26436,-0.11675,0.0369258,-0.0409532,0.0735488,-0.082275,False,,Mal ticarəti balansı < 0 (kəsir),0,4.31464,,,,,15,
food,Dünya ərzaq qiymətləri (Brent-dən asılı olmayan hissə),ru:tb_gdp,Mal ticarəti balansı (cari hesab proksisi),2029,% ÜDM (f.b.),0.00389293,-0.00451739,1.07709,-0.0371135,1.16041,-0.0742499,1.3493,-0.148683,1.57561,-0.223484,0.0681132,-0.0814138,0.13558,-0.163663,False,,Mal ticarəti balansı < 0 (kəsir),0,3.69245,,,,,15,
food,Dünya ərzaq qiymətləri (Brent-dən asılı olmayan hissə),ru:tb_gdp,Mal ticarəti balansı (cari hesab proksisi),2030,% ÜDM (f.b.),-0.000665681,6.66773e-05,0.418063,-0.410375,0.100164,-0.817911,0.234742,-1,0.405896,-1,-4.41632,0.457734,-8.78392,0.920857,False,,Mal ticarəti balansı < 0 (kəsir),0,2.75209,,,,,15,
fx,Manatın məzənnəsi (+ = devalvasiya),fr10:ind_output,"Sənaye buraxılışı, cəmi (30 sahə)",2026,mln manat,0,0,,,,,,,,,,,,,False,,,,,,,,,,
fx,Manatın məzənnəsi (+ = devalvasiya),fr10:ind_output,"Sənaye buraxılışı, cəmi (30 sahə)",2027,mln manat,-3073.99,3288.38,1.03428,0.0168523,1.06974,0.0336955,1.14435,0.0673181,1.22419,0.100796,0.0350908,-0.0323981,0.0719758,-0.0632686,True,asimmetrik cavab,,,,,,,,,
fx,Manatın məzənnəsi (+ = devalvasiya),fr10:ind_output,"Sənaye buraxılışı, cəmi (30 sahə)",2028,mln manat,-3874.74,4139.53,1.0336,0.0165246,1.06834,0.0330406,1.14136,0.0660122,1.21938,0.0988466,0.0343733,-0.0317992,0.0704622,-0.062131,False,,,,,,,,,,
fx,Manatın məzənnəsi (+ = devalvasiya),fr10:ind_output,"Sənaye buraxılışı, cəmi (30 sahə)",2029,mln manat,-4182.53,4467.51,1.03351,0.0164771,1.06814,0.0329457,1.14092,0.0658231,1.21868,0.0985642,0.034271,-0.0317109,0.0702478,-0.0619621,False,,,,,,,,,,
fx,Manatın məzənnəsi (+ = devalvasiya),fr10:ind_output,"Sənaye buraxılışı, cəmi (30 sahə)",2030,mln manat,-4435.63,4736.15,1.03332,0.0163867,1.06775,0.0327651,1.1401,0.0654629,1.21736,0.0980268,0.0340782,-0.0315412,0.0698446,-0.0616367,False,,,,,,,,,,
fx,Manatın məzənnəsi (+ = devalvasiya),fr12:act:N:ALL,Qeydiyyatdakı vahidlər (ehtiyat): Bütün sahələr,2026,vahid,0,0,,,,,,,,,,,,,False,,,,,,,,,,
fx,Manatın məzənnəsi (+ = devalvasiya),fr12:act:N:ALL,Qeydiyyatdakı vahidlər (ehtiyat): Bütün sahələr,2027,vahid,-21.2695,21.8635,1.01387,0.00688628,1.02793,0.0137714,1.05663,0.0275339,1.08611,0.0412783,0.0130567,-0.0144592,0.0257316,-0.0292176,False,,,,,,,,,,
fx,Manatın məzənnəsi (+ = devalvasiya),fr12:act:N:ALL,Qeydiyyatdakı vahidlər (ehtiyat): Bütün sahələr,2028,vahid,9.98085,-8.54759,0.925482,0.0387008,0.856399,0.0773544,0.732606,0.15433,0.625284,0.230554,-0.0804912,0.0748843,-0.158892,0.151995,True,asimmetrik cavab; qeyri-proporsional miqyas,,,,,,,,,
fx,Manatın məzənnəsi (+ = devalvasiya),fr12:act:N:ALL,Qeydiyyatdakı vahidlər (ehtiyat): Bütün sahələr,2029,vahid,7.98042,-6.53364,0.904975,0.0498826,0.818708,0.0996815,0.66848,0.198696,0.542751,0.296386,-0.106338,0.0944958,-0.209935,0.191767,True,asimmetrik cavab; qeyri-proporsional miqyas,,,,,,,,,
fx,Manatın məzənnəsi (+ = devalvasiya),fr12:act:N:ALL,Qeydiyyatdakı vahidlər (ehtiyat): Bütün sahələr,2030,vahid,6.21372,-4.75881,0.875511,0.0663761,0.765855,0.132596,0.582345,0.263947,0.435918,0.392837,-0.14682,0.122035,-0.289853,0.247643,True,asimmetrik cavab; qeyri-proporsional miqyas,,,,,,,,,
fx,Manatın məzənnəsi (+ = devalvasiya),fr12:ew:score:CON,Erkən xəbərdarlıq balı (0–1): Tikinti,2026,bal (0–1),0,0,,,,,,,,,,,,,False,,,,,,,,,,
fx,Manatın məzənnəsi (+ = devalvasiya),fr12:ew:score:CON,Erkən xəbərdarlıq balı (0–1): Tikinti,2027,bal (0–1),0,0,,,,,,,,,,,,,False,,,,,,,,,,
fx,Manatın məzənnəsi (+ = devalvasiya),fr12:ew:score:CON,Erkən xəbərdarlıq balı (0–1): Tikinti,2028,bal (0–1),0,0,,,,,,,,,,,,,False,,,,,,,,,,
fx,Manatın məzənnəsi (+ = devalvasiya),fr12:ew:score:CON,Erkən xəbərdarlıq balı (0–1): Tikinti,2029,bal (0–1),0,0,,,,,,,,,,,,,False,,,,,,,,,,
fx,Manatın məzənnəsi (+ = devalvasiya),fr12:ew:score:CON,Erkən xəbərdarlıq balı (0–1): Tikinti,2030,bal (0–1),0,0,,,,,,,,,,,,,False,,,,,,,,,,
fx,Manatın məzənnəsi (+ = devalvasiya),fr12:ew:score:TRD,Erkən xəbərdarlıq balı (0–1): Ticarət,2026,bal (0–1),0,0,,,,,,,,,,,,,False,,,,,,,,,,
fx,Manatın məzənnəsi (+ = devalvasiya),fr12:ew:score:TRD,Erkən xəbərdarlıq balı (0–1): Ticarət,2027,bal (0–1),0,0,,,,,,,,,,,,,False,,,,,,,,,,
fx,Manatın məzənnəsi (+ = devalvasiya),fr12:ew:score:TRD,Erkən xəbərdarlıq balı (0–1): Ticarət,2028,bal (0–1),0,0,,,,,,,,,,,,,False,,,,,,,,,,
fx,Manatın məzənnəsi (+ = devalvasiya),fr12:ew:score:TRD,Erkən xəbərdarlıq balı (0–1): Ticarət,2029,bal (0–1),0,0,,,,,,,,,,,,,False,,,,,,,,,,
fx,Manatın məzənnəsi (+ = devalvasiya),fr12:ew:score:TRD,Erkən xəbərdarlıq balı (0–1): Ticarət,2030,bal (0–1),0,0,,,,,,,,,,,,,False,,,,,,,,,,
fx,Manatın məzənnəsi (+ = devalvasiya),fr1:balance_n,Büdcə balansı,2026,"mln AZN, cari qiymətlər",0,0,,,,,,,,,,,,,False,,,,,,,,,,
fx,Manatın məzənnəsi (+ = devalvasiya),fr1:balance_n,Büdcə balansı,2027,"mln AZN, cari qiymətlər",109.775,-103.799,0.972701,0.0138384,0.945563,0.0279801,0.889566,0.0584441,0.827815,0.0942027,-0.0474158,0.0125481,-0.109611,0.0170382,True,qeyri-proporsional miqyas,,,,,,,,,
fx,Manatın məzənnəsi (+ = devalvasiya),fr1:balance_n,Büdcə balansı,2028,"mln AZN, cari qiymətlər",167.159,-169.853,1.0081,-0.00403254,1.01612,-0.00799507,1.03133,-0.0154248,1.04435,-0.0216948,0.000939275,-0.0138262,-0.00378571,-0.0307172,False,,,,,,,,,,
fx,Manatın məzənnəsi (+ = devalvasiya),fr1:balance_n,Büdcə balansı,2029,"mln AZN, cari qiymətlər",206.887,-213.404,1.01568,-0.00777792,1.0315,-0.0155061,1.06316,-0.0306117,1.09403,-0.0449022,0.0100754,-0.0200002,0.0158676,-0.0421912,False,,,,,,,,,,
fx,Manatın məzənnəsi (+ = devalvasiya),fr1:balance_n,Büdcə balansı,2030,"mln AZN, cari qiymətlər",255.42,-266.502,1.0215,-0.0106354,1.04339,-0.0212331,1.08804,-0.0421628,1.13329,-0.0624788,0.0170259,-0.0247099,0.03087,-0.0509035,False,,,,,,,,,,
fx,Manatın məzənnəsi (+ = devalvasiya),fr1:debt_azn,"Dövlət borcu (xarici + daxili, Maliyyə Nazirliyinin anlayışı; dövlət zəmanətli borc daxil deyil)",2026,"mln AZN, cari qiymətlər",0,0,,,,,,,,,,,,,False,,,,,,,,,,
fx,Manatın məzənnəsi (+ = devalvasiya),fr1:debt_azn,"Dövlət borcu (xarici + daxili, Maliyyə Nazirliyinin anlayışı; dövlət zəmanətli borc daxil deyil)",2027,"mln AZN, cari qiymətlər",-109.775,103.799,0.972701,-0.0138384,0.945563,-0.0279801,0.889566,-0.0584441,0.827815,-0.0942027,-0.0474158,0.0125481,-0.109611,0.0170382,True,qeyri-proporsional miqyas,,,,,,,,,
fx,Manatın məzənnəsi (+ = devalvasiya),fr1:debt_azn,"Dövlət borcu (xarici + daxili, Maliyyə Nazirliyinin anlayışı; dövlət zəmanətli borc daxil deyil)",2028,"mln AZN, cari qiymətlər",-276.933,273.652,0.994196,-0.0029104,0.988151,-0.00595978,0.97424,-0.0130482,0.956014,-0.0224875,-0.0174023,-0.00337159,-0.0439261,-0.0117872,False,,,,,,,,,,
fx,Manatın məzənnəsi (+ = devalvasiya),fr1:debt_azn,"Dövlət borcu (xarici + daxili, Maliyyə Nazirliyinin anlayışı; dövlət zəmanətli borc daxil deyil)",2029,"mln AZN, cari qiymətlər",-483.82,487.056,1.00343,0.00171289,1.00669,0.00333276,1.0119,0.00591278,1.01398,0.00693976,-0.00536292,-0.0104822,-0.0177275,-0.0247883,False,,,,,,,,,,
fx,Manatın məzənnəsi (+ = devalvasiya),fr1:debt_azn,"Dövlət borcu (xarici + daxili, Maliyyə Nazirliyinin anlayışı; dövlət zəmanətli borc daxil deyil)",2030,"mln AZN, cari qiymətlər",-739.24,753.558,1.00971,0.00483017,1.01937,0.0095912,1.03796,0.0186242,1.05447,0.0265131,0.00255508,-0.0153981,-0.000540607,-0.0338115,False,,,,,,,,,,
fx,Manatın məzənnəsi (+ = devalvasiya),fr1:emp,Məşğul əhali,2026,min nəfər,0,0,,,,,,,,,,,,,False,,,,,,,,,,
fx,Manatın məzənnəsi (+ = devalvasiya),fr1:emp,Məşğul əhali,2027,min nəfər,-0.559285,0.581204,1.01941,0.00961036,1.03919,0.019219,1.07992,0.0384238,1.12224,0.0576005,0.0183614,-0.0200443,0.0363502,-0.0403445,False,,,,,,,,,,
fx,Manatın məzənnəsi (+ = devalvasiya),fr1:emp,Məşğul əhali,2028,min nəfər,0.0692665,-0.0302283,0.671046,0.196855,0.436406,0.392364,0.127318,0.774122,0.0634579,1,-0.622925,0.292492,-1.2316,0.592709,True,asimmetrik cavab; qeyri-proporsional miqyas,,,,,,,,,
fx,Manatın məzənnəsi (+ = devalvasiya),fr1:emp,Məşğul əhali,2029,min nəfər,0.0229017,0.0171668,0.577211,1,0.749587,1,0.835221,1,0.851544,1,1.12588,0.907914,2.22598,1.83973,True,asimmetrik cavab; qeyri-proporsional miqyas,,,,,,,,,
fx,Manatın məzənnəsi (+ = devalvasiya),fr1:emp,Məşğul əhali,2030,min nəfər,-0.0137449,0.0548551,1.84882,0.297956,3.99094,0.599274,9.83913,1,3.18956,1,0.361454,-1.55223,0.714593,-3.14538,True,asimmetrik cavab; qeyri-proporsional miqyas,,,,,,,,,
fx,Manatın məzənnəsi (+ = devalvasiya),fr1:gdp_n,Nominal ÜDM,2026,"mln AZN, cari qiymətlər",0,0,,,,,,,,,,,,,False,,,,,,,,,,
fx,Manatın məzənnəsi (+ = devalvasiya),fr1:gdp_n,Nominal ÜDM,2027,"mln AZN, cari qiymətlər",-3616.75,3830.99,1.02919,0.0143857,1.05924,0.0287662,1.12199,0.0574907,1.1885,0.0861318,0.0298973,-0.0277097,0.0611812,-0.0542344,False,,,,,,,,,,
fx,Manatın məzənnəsi (+ = devalvasiya),fr1:gdp_n,Nominal ÜDM,2028,"mln AZN, cari qiymətlər",-6074.09,6397.32,1.02626,0.0129605,1.05321,0.0259176,1.10928,0.0518073,1.16835,0.0776412,0.0268215,-0.0250728,0.0547547,-0.0491896,False,,,,,,,,,,
fx,Manatın məzənnəsi (+ = devalvasiya),fr1:gdp_n,Nominal ÜDM,2029,"mln AZN, cari qiymətlər",-6652.18,7003.83,1.02609,0.0128769,1.05286,0.0257503,1.10853,0.0514734,1.16718,0.0771418,0.0266387,-0.0249199,0.0543715,-0.0488979,False,,,,,,,,,,
fx,Manatın məzənnəsi (+ = devalvasiya),fr1:gdp_n,Nominal ÜDM,2030,"mln AZN, cari qiymətlər",-7174.92,7550.4,1.02583,0.0127512,1.05233,0.025499,1.10742,0.0509717,1.16542,0.0763916,0.0263663,-0.0246881,0.0538021,-0.0484543,False,,,,,,,,,,
fx,Manatın məzənnəsi (+ = devalvasiya),fr1:infl,İnflyasiya (İQİ),2026,%,0,0,,,,,,,,,,,,,False,,,,,,,,,,
fx,Manatın məzənnəsi (+ = devalvasiya),fr1:infl,İnflyasiya (İQİ),2027,%,-0.89761,0.899988,1.00132,0.00066178,1.00265,0.00132309,1.0053,0.00264239,1.00794,0.00395413,0.00126735,-0.00137112,0.0024935,-0.00276789,False,,,,,,,,,,
fx,Manatın məzənnəsi (+ = devalvasiya),fr1:infl,İnflyasiya (İQİ),2028,%,-2.39418,2.38364,0.997798,-0.00110226,0.9956,-0.00220497,0.991212,-0.00441364,0.986828,-0.00662977,-0.00207906,0.0023389,-0.00407597,0.00477687,False,,,,,,,,,,
fx,Manatın məzənnəsi (+ = devalvasiya),fr1:infl,İnflyasiya (İQİ),2029,%,-0.00912813,0.00927761,1.00815,0.00406067,1.01638,0.00812132,1.03303,0.0162469,1.04998,0.0243817,0.00777562,-0.00847206,0.0153619,-0.0171365,False,,,,,,,,,,
fx,Manatın məzənnəsi (+ = devalvasiya),fr1:infl,İnflyasiya (İQİ),2030,%,-0.00713157,0.0072824,1.01052,0.0052315,1.02115,0.0104647,1.04278,0.0209439,1.06495,0.0314527,0.00990915,-0.0110419,0.0195236,-0.0224056,False,,,,,,,,,,
fx,Manatın məzənnəsi (+ = devalvasiya),fr1:lendrate,Kreditlər üzrə orta faiz dərəcəsi,2026,%,0,0,,,,,,,,,,,,,False,,,,,,,,,,
fx,Manatın məzənnəsi (+ = devalvasiya),fr1:lendrate,Kreditlər üzrə orta faiz dərəcəsi,2027,%,0,0,,,,,,,,,,,,,False,,,,,,,,,,
fx,Manatın məzənnəsi (+ = devalvasiya),fr1:lendrate,Kreditlər üzrə orta faiz dərəcəsi,2028,%,0,0,,,,,,,,,,,,,False,,,,,,,,,,
fx,Manatın məzənnəsi (+ = devalvasiya),fr1:lendrate,Kreditlər üzrə orta faiz dərəcəsi,2029,%,0,0,,,,,,,,,,,,,False,,,,,,,,,,
fx,Manatın məzənnəsi (+ = devalvasiya),fr1:lendrate,Kreditlər üzrə orta faiz dərəcəsi,2030,%,0,0,,,,,,,,,,,,,False,,,,,,,,,,
fx,Manatın məzənnəsi (+ = devalvasiya),fr1:nobd_pct,"Qeyri-neft büdcə balansı, qeyri-neft ÜDM-ə nisbətən",2026,%,0,0,,,,,,,,,,,,,False,,,,,,,,,,
fx,Manatın məzənnəsi (+ = devalvasiya),fr1:nobd_pct,"Qeyri-neft büdcə balansı, qeyri-neft ÜDM-ə nisbətən",2027,%,1.35796,-1.45919,1.0366,-0.0179714,1.07454,-0.0359314,1.15464,-0.0717709,1.24072,-0.107428,0.0368733,-0.0350564,0.0752988,-0.0687204,True,asimmetrik cavab,,,,,,,,,
fx,Manatın məzənnəsi (+ = devalvasiya),fr1:nobd_pct,"Qeyri-neft büdcə balansı, qeyri-neft ÜDM-ə nisbətən",2028,%,0.976134,-1.02274,1.02359,-0.0116588,1.04774,-0.0233144,1.09776,-0.0466026,1.15016,-0.0698386,0.0235392,-0.0230982,0.047596,-0.045693,False,,,,,,,,,,
fx,Manatın məzənnəsi (+ = devalvasiya),fr1:nobd_pct,"Qeyri-neft büdcə balansı, qeyri-neft ÜDM-ə nisbətən",2029,%,0.920002,-0.962888,1.02304,-0.0113898,1.04661,-0.0227764,1.0954,-0.0455273,1.14645,-0.0682274,0.0229464,-0.0226103,0.046353,-0.044763,False,,,,,,,,,,
fx,Manatın məzənnəsi (+ = devalvasiya),fr1:nobd_pct,"Qeyri-neft büdcə balansı, qeyri-neft ÜDM-ə nisbətən",2030,%,0.86569,-0.904935,1.02242,-0.0110839,1.04533,-0.0221647,1.09272,-0.0443048,1.14224,-0.0663957,0.0222733,-0.0220552,0.0449427,-0.0437044,False,,,,,,,,,,
fx,Manatın məzənnəsi (+ = devalvasiya),fr1:rcons,Real istehlak (istehlak bazarı),2026,"mln AZN, 2015 qiymətləri",0,0,,,,,,,,,,,,,False,,,,,,,,,,
fx,Manatın məzənnəsi (+ = devalvasiya),fr1:rcons,Real istehlak (istehlak bazarı),2027,"mln AZN, 2015 qiymətləri",-92.0249,98.6294,1.03525,0.0173211,1.07177,0.0346413,1.14886,0.0692755,1.23188,0.103896,0.0328777,-0.0364339,0.0652904,-0.0731717,True,asimmetrik cavab,,,,,,,,,
fx,Manatın məzənnəsi (+ = devalvasiya),fr1:rcons,Real istehlak (istehlak bazarı),2028,"mln AZN, 2015 qiymətləri",259.961,-242.52,0.965876,0.0173582,0.932907,0.034711,0.870244,0.069379,0.811658,0.103961,-0.0341105,0.0354391,-0.0670924,0.0722696,True,asimmetrik cavab,,,,,,,,,
fx,Manatın məzənnəsi (+ = devalvasiya),fr1:rcons,Real istehlak (istehlak bazarı),2029,"mln AZN, 2015 qiymətləri",257.469,-239.234,0.963943,0.0183593,0.929176,0.036712,0.863289,0.0733709,0.801925,0.109924,-0.0361676,0.0373935,-0.0711485,0.0762437,True,asimmetrik cavab,,,,,,,,,
fx,Manatın məzənnəsi (+ = devalvasiya),fr1:rcons,Real istehlak (istehlak bazarı),2030,"mln AZN, 2015 qiymətləri",256.752,-237.694,0.962178,0.0192753,0.925775,0.0385427,0.856972,0.0770224,0.793116,0.115377,-0.0380537,0.0391785,-0.0748651,0.079876,True,asimmetrik cavab,,,,,,,,,
fx,Manatın məzənnəsi (+ = devalvasiya),fr1:rcred_tot,Kreditlər (real),2026,"mln AZN, 2015 qiymətləri",0,0,,,,,,,,,,,,,False,,,,,,,,,,
fx,Manatın məzənnəsi (+ = devalvasiya),fr1:rcred_tot,Kreditlər (real),2027,"mln AZN, 2015 qiymətləri",-29.5044,30.8506,1.02256,0.0111529,1.04563,0.0223038,1.09334,0.0445913,1.14327,0.0668463,0.021387,-0.023192,0.0424414,-0.0465916,False,,,,,,,,,,
fx,Manatın məzənnəsi (+ = devalvasiya),fr1:rcred_tot,Kreditlər (real),2028,"mln AZN, 2015 qiymətləri",15.8589,-13.2547,0.91432,0.0447573,0.835785,0.0894524,0.697204,0.178409,0.579308,0.266378,-0.0944097,0.0855907,-0.186456,0.173724,True,asimmetrik cavab; qeyri-proporsional miqyas,,,,,,,,,
fx,Manatın məzənnəsi (+ = devalvasiya),fr1:rcred_tot,Kreditlər (real),2029,"mln AZN, 2015 qiymətləri",13.4813,-10.758,0.893533,0.0562265,0.797995,0.11235,0.634151,0.223877,0.499506,0.333773,-0.121692,0.105234,-0.240373,0.213558,True,asimmetrik cavab; qeyri-proporsional miqyas,,,,,,,,,
fx,Manatın məzənnəsi (+ = devalvasiya),fr1:rcred_tot,Kreditlər (real),2030,"mln AZN, 2015 qiymətləri",11.5556,-8.7156,0.868927,0.0701327,0.754234,0.140099,0.563882,0.278869,0.413415,0.415013,-0.156684,0.127998,-0.309511,0.259729,True,asimmetrik cavab; qeyri-proporsional miqyas,,,,,,,,,
fx,Manatın məzənnəsi (+ = devalvasiya),fr1:rev_oil_n,Neft-qaz büdcə gəlirləri,2026,"mln AZN, cari qiymətlər",0,0,,,,,,,,,,,,,False,,,,,,,,,,
fx,Manatın məzənnəsi (+ = devalvasiya),fr1:rev_oil_n,Neft-qaz büdcə gəlirləri,2027,"mln AZN, cari qiymətlər",-1576.15,1730.01,1.04767,0.0232801,1.09761,0.046535,1.20475,0.0928689,1.32235,0.138804,0.0488062,-0.0444658,0.100788,-0.0862953,True,asimmetrik cavab; qeyri-proporsional miqyas,,,,,,,,,
fx,Manatın məzənnəsi (+ = devalvasiya),fr1:rev_oil_n,Neft-qaz büdcə gəlirləri,2028,"mln AZN, cari qiymətlər",-1519.99,1668.36,1.04767,0.0232801,1.09761,0.046535,1.20475,0.0928689,1.32235,0.138804,0.0488062,-0.0444658,0.100788,-0.0862953,True,asimmetrik cavab; qeyri-proporsional miqyas,,,,,,,,,
fx,Manatın məzənnəsi (+ = devalvasiya),fr1:rev_oil_n,Neft-qaz büdcə gəlirləri,2029,"mln AZN, cari qiymətlər",-1547.26,1698.29,1.04767,0.0232801,1.09761,0.046535,1.20475,0.0928689,1.32235,0.138804,0.0488062,-0.0444658,0.100788,-0.0862953,True,asimmetrik cavab; qeyri-proporsional miqyas,,,,,,,,,
fx,Manatın məzənnəsi (+ = devalvasiya),fr1:rev_oil_n,Neft-qaz büdcə gəlirləri,2030,"mln AZN, cari qiymətlər",-1547.88,1698.98,1.04767,0.0232801,1.09761,0.046535,1.20475,0.0928689,1.32235,0.138804,0.0488062,-0.0444658,0.100788,-0.0862953,True,asimmetrik cavab; qeyri-proporsional miqyas,,,,,,,,,
fx,Manatın məzənnəsi (+ = devalvasiya),fr1:rev_tot_n,Büdcə gəlirləri,2026,"mln AZN, cari qiymətlər",0,0,,,,,,,,,,,,,False,,,,,,,,,,
fx,Manatın məzənnəsi (+ = devalvasiya),fr1:rev_tot_n,Büdcə gəlirləri,2027,"mln AZN, cari qiymətlər",-2642.63,2866.3,1.04146,0.0203089,1.08464,0.0406018,1.17646,0.0810751,1.27607,0.121293,0.0425994,-0.0387701,0.0878123,-0.0753775,True,asimmetrik cavab,,,,,,,,,
fx,Manatın məzənnəsi (+ = devalvasiya),fr1:rev_tot_n,Büdcə gəlirləri,2028,"mln AZN, cari qiymətlər",-2901.28,3142.39,1.04072,0.0199548,1.0831,0.0398947,1.17313,0.0796697,1.27068,0.119207,0.0417392,-0.0382054,0.0859361,-0.0743677,True,asimmetrik cavab,,,,,,,,,
fx,Manatın məzənnəsi (+ = devalvasiya),fr1:rev_tot_n,Büdcə gəlirləri,2029,"mln AZN, cari qiymətlər",-3101.95,3357.61,1.04039,0.0197969,1.08242,0.0395792,1.17165,0.0790418,1.26828,0.118273,0.0414,-0.0379112,0.0852222,-0.0738079,True,asimmetrik cavab,,,,,,,,,
fx,Manatın məzənnəsi (+ = devalvasiya),fr1:rev_tot_n,Büdcə gəlirləri,2030,"mln AZN, cari qiymətlər",-3286.36,3554.81,1.04004,0.0196273,1.08169,0.0392404,1.17006,0.0783678,1.2657,0.11727,0.0410353,-0.0375958,0.0844547,-0.0732081,True,asimmetrik cavab,,,,,,,,,
fx,Manatın məzənnəsi (+ = devalvasiya),fr1:rgdp,Real ÜDM,2026,"mln AZN, 2015 qiymətləri",0,0,,,,,,,,,,,,,False,,,,,,,,,,
fx,Manatın məzənnəsi (+ = devalvasiya),fr1:rgdp,Real ÜDM,2027,"mln AZN, 2015 qiymətləri",-160.635,167.46,1.02102,0.0104024,1.04249,0.0208025,1.08678,0.0415856,1.13295,0.0623303,0.0200687,-0.0215038,0.0398887,-0.0431396,False,,,,,,,,,,
fx,Manatın məzənnəsi (+ = devalvasiya),fr1:rgdp,Real ÜDM,2028,"mln AZN, 2015 qiymətləri",84.1427,-69.3841,0.908242,0.048085,0.8246,0.0961304,0.677932,0.191943,0.553862,0.287116,-0.103772,0.0901236,-0.206014,0.182103,True,asimmetrik cavab; qeyri-proporsional miqyas,,,,,,,,,
fx,Manatın məzənnəsi (+ = devalvasiya),fr1:rgdp,Real ÜDM,2029,"mln AZN, 2015 qiymətləri",78.3383,-63.0947,0.897681,0.0539177,0.805414,0.107779,0.645945,0.215107,0.5134,0.321528,-0.117699,0.10012,-0.233551,0.202394,True,asimmetrik cavab; qeyri-proporsional miqyas,,,,,,,,,
fx,Manatın məzənnəsi (+ = devalvasiya),fr1:rgdp,Real ÜDM,2030,"mln AZN, 2015 qiymətləri",90.1197,-74.8472,0.911477,0.0463113,0.830531,0.092579,0.688036,0.184809,0.566985,0.276336,-0.0991384,0.0874339,-0.196547,0.176914,True,asimmetrik cavab; qeyri-proporsional miqyas,,,,,,,,,
fx,Manatın məzənnəsi (+ = devalvasiya),fr1:rgdpnon,Real qeyri-neft ÜDM,2026,"mln AZN, 2015 qiymətləri",0,0,,,,,,,,,,,,,False,,,,,,,,,,
fx,Manatın məzənnəsi (+ = devalvasiya),fr1:rgdpnon,Real qeyri-neft ÜDM,2027,"mln AZN, 2015 qiymətləri",-174.084,181.481,1.02102,0.0104024,1.04249,0.0208025,1.08678,0.0415856,1.13295,0.0623303,0.0200687,-0.0215038,0.0398887,-0.0431396,False,,,,,,,,,,
fx,Manatın məzənnəsi (+ = devalvasiya),fr1:rgdpnon,Real qeyri-neft ÜDM,2028,"mln AZN, 2015 qiymətləri",22.4194,-9.78127,0.670954,0.196921,0.436286,0.39248,0.127247,0.774234,0.0634036,1,-0.622918,0.292883,-1.23163,0.59386,True,asimmetrik cavab; qeyri-proporsional miqyas,,,,,,,,,
fx,Manatın məzənnəsi (+ = devalvasiya),fr1:rgdpnon,Real qeyri-neft ÜDM,2029,"mln AZN, 2015 qiymətləri",7.72066,5.78722,0.577207,1,0.749575,1,0.835188,1,0.851476,1,1.1262,0.908252,2.2273,1.84107,True,asimmetrik cavab; qeyri-proporsional miqyas,,,,,,,,,
fx,Manatın məzənnəsi (+ = devalvasiya),fr1:rgdpnon,Real qeyri-neft ÜDM,2030,"mln AZN, 2015 qiymətləri",-4.80186,19.1675,1.849,0.297999,3.99168,0.599334,9.84272,1,3.19124,1,0.361804,-1.55228,0.715655,-3.14598,True,asimmetrik cavab; qeyri-proporsional miqyas,,,,,,,,,
fx,Manatın məzənnəsi (+ = devalvasiya),fr1:rhhdisp,Ev təsərrüfatlarının real sərəncamda qalan gəliri,2026,"mln AZN, 2015 qiymətləri",0,0,,,,,,,,,,,,,False,,,,,,,,,,
fx,Manatın məzənnəsi (+ = devalvasiya),fr1:rhhdisp,Ev təsərrüfatlarının real sərəncamda qalan gəliri,2027,"mln AZN, 2015 qiymətləri",-72.7177,78.0493,1.036,0.0176817,1.07332,0.0353628,1.15221,0.0707209,1.23731,0.10607,0.0335107,-0.0372502,0.0665277,-0.0748296,True,asimmetrik cavab,,,,,,,,,
fx,Manatın məzənnəsi (+ = devalvasiya),fr1:rhhdisp,Ev təsərrüfatlarının real sərəncamda qalan gəliri,2028,"mln AZN, 2015 qiymətləri",218.282,-204.002,0.966742,0.0169101,0.934582,0.0338153,0.873375,0.0675916,0.816052,0.10129,-0.0332274,0.0345238,-0.0653721,0.0703802,True,asimmetrik cavab,,,,,,,,,
fx,Manatın məzənnəsi (+ = devalvasiya),fr1:rhhdisp,Ev təsərrüfatlarının real sərəncamda qalan gəliri,2029,"mln AZN, 2015 qiymətləri",216.636,-201.693,0.9649,0.0178633,0.931023,0.0357206,0.866728,0.0713931,0.806735,0.106969,-0.0351827,0.0363877,-0.0692275,0.0741698,True,asimmetrik cavab,,,,,,,,,
fx,Manatın məzənnəsi (+ = devalvasiya),fr1:rhhdisp,Ev təsərrüfatlarının real sərəncamda qalan gəliri,2030,"mln AZN, 2015 qiymətləri",215.976,-200.38,0.963223,0.0187328,0.927788,0.0374585,0.860708,0.0748598,0.798324,0.112147,-0.0369696,0.0380852,-0.0727487,0.0776236,True,asimmetrik cavab,,,,,,,,,
fx,Manatın məzənnəsi (+ = devalvasiya),fr1:rinv_state,Dövlət investisiyaları (real),2026,"mln AZN, 2015 qiymətləri",0,0,,,,,,,,,,,,,False,,,,,,,,,,
fx,Manatın məzənnəsi (+ = devalvasiya),fr1:rinv_state,Dövlət investisiyaları (real),2027,"mln AZN, 2015 qiymətləri",-502.782,533.884,1.03047,0.0150058,1.06186,0.0300017,1.12749,0.0599254,1.19706,0.0896936,0.0303262,-0.0296491,0.0614414,-0.0584439,False,,,,,,,,,,
fx,Manatın məzənnəsi (+ = devalvasiya),fr1:rinv_state,Dövlət investisiyaları (real),2028,"mln AZN, 2015 qiymətləri",-383.063,401.645,1.02397,0.011842,1.04851,0.02368,1.09936,0.047328,1.15265,0.0709121,0.0240256,-0.0233396,0.0486604,-0.0460846,False,,,,,,,,,,
fx,Manatın məzənnəsi (+ = devalvasiya),fr1:rinv_state,Dövlət investisiyaları (real),2029,"mln AZN, 2015 qiymətləri",-390.828,409.968,1.0242,0.011953,1.04897,0.023902,1.10034,0.0477711,1.15419,0.0715749,0.0242631,-0.0235469,0.0491536,-0.0464832,False,,,,,,,,,,
fx,Manatın məzənnəsi (+ = devalvasiya),fr1:rinv_state,Dövlət investisiyaları (real),2030,"mln AZN, 2015 qiymətləri",-398.069,417.683,1.02434,0.012024,1.04927,0.0240438,1.10096,0.0480544,1.15517,0.0719985,0.0244148,-0.0236795,0.0494686,-0.0467382,False,,,,,,,,,,
fx,Manatın məzənnəsi (+ = devalvasiya),fr1:rinv_tot,Əsas kapitala investisiyalar (real),2026,"mln AZN, 2015 qiymətləri",0,0,,,,,,,,,,,,,False,,,,,,,,,,
fx,Manatın məzənnəsi (+ = devalvasiya),fr1:rinv_tot,Əsas kapitala investisiyalar (real),2027,"mln AZN, 2015 qiymətləri",-639.477,674.438,1.02697,0.0133075,1.05467,0.0266078,1.11228,0.0531573,1.17295,0.0795908,0.0267932,-0.0263917,0.0541529,-0.0521447,False,,,,,,,,,,
fx,Manatın məzənnəsi (+ = devalvasiya),fr1:rinv_tot,Əsas kapitala investisiyalar (real),2028,"mln AZN, 2015 qiymətləri",-484.583,505.537,1.02139,0.010583,1.04324,0.0211631,1.08834,0.0423033,1.13538,0.0633977,0.0214182,-0.0209107,0.0433072,-0.041358,False,,,,,,,,,,
fx,Manatın məzənnəsi (+ = devalvasiya),fr1:rinv_tot,Əsas kapitala investisiyalar (real),2029,"mln AZN, 2015 qiymətləri",-498.755,520.573,1.02164,0.0107036,1.04374,0.0214043,1.08939,0.0427849,1.13702,0.0641184,0.0216744,-0.0211376,0.043837,-0.0417961,False,,,,,,,,,,
fx,Manatın məzənnəsi (+ = devalvasiya),fr1:rinv_tot,Əsas kapitala investisiyalar (real),2030,"mln AZN, 2015 qiymətləri",-511.804,534.364,1.0218,0.010784,1.04408,0.0215651,1.0901,0.0431061,1.13812,0.064599,0.021845,-0.0212891,0.0441898,-0.0420886,False,,,,,,,,,,
fx,Manatın məzənnəsi (+ = devalvasiya),fr1:rm_non,Qeyri-neft mal idxalı (real),2026,"mln AZN, 2015 qiymətləri",0,0,,,,,,,,,,,,,False,,,,,,,,,,
fx,Manatın məzənnəsi (+ = devalvasiya),fr1:rm_non,Qeyri-neft mal idxalı (real),2027,"mln AZN, 2015 qiymətləri",-436.861,451.475,1.01659,0.00822642,1.03345,0.0164508,1.06801,0.0328852,1.10368,0.0492868,0.0165732,-0.0163176,0.0333999,-0.0323596,False,,,,,,,,,,
fx,Manatın məzənnəsi (+ = devalvasiya),fr1:rm_non,Qeyri-neft mal idxalı (real),2028,"mln AZN, 2015 qiymətləri",-288.553,298.807,1.01761,0.00872898,1.03554,0.0174583,1.07237,0.0349194,1.11056,0.0523863,0.0174547,-0.0174882,0.0351218,-0.034809,False,,,,,,,,,,
fx,Manatın məzənnəsi (+ = devalvasiya),fr1:rm_non,Qeyri-neft mal idxalı (real),2029,"mln AZN, 2015 qiymətləri",-301.762,312.617,1.01783,0.00883405,1.03597,0.0176684,1.07327,0.0353388,1.11196,0.0530137,0.0176764,-0.0176864,0.035578,-0.0351926,False,,,,,,,,,,
fx,Manatın məzənnəsi (+ = devalvasiya),fr1:rm_non,Qeyri-neft mal idxalı (real),2030,"mln AZN, 2015 qiymətləri",-313.581,324.976,1.018,0.00892209,1.03634,0.0178444,1.07402,0.0356904,1.11314,0.0535398,0.0178603,-0.0178546,0.0359551,-0.0355196,False,,,,,,,,,,
fx,Manatın məzənnəsi (+ = devalvasiya),fr1:rva_agr,"Real əlavə dəyər: Kənd, meşə və balıqçılıq",2026,"mln AZN, 2015 qiymətləri",0,0,,,,,,,,,,,,,False,,,,,,,,,,
fx,Manatın məzənnəsi (+ = devalvasiya),fr1:rva_agr,"Real əlavə dəyər: Kənd, meşə və balıqçılıq",2027,"mln AZN, 2015 qiymətləri",0,0,,,,,,,,,,,,,False,,,,,,,,,,
fx,Manatın məzənnəsi (+ = devalvasiya),fr1:rva_agr,"Real əlavə dəyər: Kənd, meşə və balıqçılıq",2028,"mln AZN, 2015 qiymətləri",0,0,,,,,,,,,,,,,False,,,,,,,,,,
fx,Manatın məzənnəsi (+ = devalvasiya),fr1:rva_agr,"Real əlavə dəyər: Kənd, meşə və balıqçılıq",2029,"mln AZN, 2015 qiymətləri",0,0,,,,,,,,,,,,,False,,,,,,,,,,
fx,Manatın məzənnəsi (+ = devalvasiya),fr1:rva_agr,"Real əlavə dəyər: Kənd, meşə və balıqçılıq",2030,"mln AZN, 2015 qiymətləri",0,0,,,,,,,,,,,,,False,,,,,,,,,,
fx,Manatın məzənnəsi (+ = devalvasiya),fr1:rva_con,Real əlavə dəyər: Tikinti,2026,"mln AZN, 2015 qiymətləri",0,0,,,,,,,,,,,,,False,,,,,,,,,,
fx,Manatın məzənnəsi (+ = devalvasiya),fr1:rva_con,Real əlavə dəyər: Tikinti,2027,"mln AZN, 2015 qiymətləri",-157.417,161.732,1.01361,0.00676048,1.02741,0.0135182,1.05553,0.0270141,1.08434,0.0404656,0.0131958,-0.0137977,0.0262622,-0.0276255,False,,,,,,,,,,
fx,Manatın məzənnəsi (+ = devalvasiya),fr1:rva_con,Real əlavə dəyər: Tikinti,2028,"mln AZN, 2015 qiymətləri",-124.248,127.082,1.01134,0.00563716,1.0228,0.0112735,1.04612,0.0225405,1.06995,0.0337944,0.0111886,-0.0113492,0.0223964,-0.0226567,False,,,,,,,,,,
fx,Manatın məzənnəsi (+ = devalvasiya),fr1:rva_con,Real əlavə dəyər: Tikinti,2029,"mln AZN, 2015 qiymətləri",-132.783,135.939,1.01181,0.00587267,1.02377,0.0117445,1.04809,0.0234821,1.07298,0.0352061,0.0116838,-0.0117966,0.0234107,-0.0235292,False,,,,,,,,,,
fx,Manatın məzənnəsi (+ = devalvasiya),fr1:rva_con,Real əlavə dəyər: Tikinti,2030,"mln AZN, 2015 qiymətləri",-138.984,142.4,1.01222,0.00607192,1.02458,0.0121429,1.04977,0.0242788,1.07555,0.0364004,0.0120999,-0.012178,0.0242613,-0.0242747,False,,,,,,,,,,
fx,Manatın məzənnəsi (+ = devalvasiya),fr1:rva_man,Real əlavə dəyər: Emal sənayesi,2026,"mln AZN, 2015 qiymətləri",0,0,,,,,,,,,,,,,False,,,,,,,,,,
fx,Manatın məzənnəsi (+ = devalvasiya),fr1:rva_man,Real əlavə dəyər: Emal sənayesi,2027,"mln AZN, 2015 qiymətləri",-47.854,48.3449,1.00512,0.00255199,1.01026,0.0051032,1.02061,0.0102002,1.03104,0.0152847,0.00479301,-0.00539841,0.00938496,-0.0109636,False,,,,,,,,,,
fx,Manatın məzənnəsi (+ = devalvasiya),fr1:rva_man,Real əlavə dəyər: Emal sənayesi,2028,"mln AZN, 2015 qiymətləri",-41.8111,42.4561,1.00768,0.00382725,1.01543,0.00765423,1.03109,0.0153062,1.04699,0.0229536,0.00763077,-0.0076746,0.0152814,-0.015322,False,,,,,,,,,,
fx,Manatın məzənnəsi (+ = devalvasiya),fr1:rva_man,Real əlavə dəyər: Emal sənayesi,2029,"mln AZN, 2015 qiymətləri",-48.5131,49.3931,1.00903,0.0044944,1.01814,0.00898837,1.0366,0.0179733,1.0554,0.0269516,0.00899682,-0.00897623,0.0180493,-0.0178886,False,,,,,,,,,,
fx,Manatın məzənnəsi (+ = devalvasiya),fr1:rva_man,Real əlavə dəyər: Emal sənayesi,2030,"mln AZN, 2015 qiymətləri",-55.9472,57.0764,1.01004,0.00499559,1.02018,0.00999063,1.04077,0.0199768,1.06176,0.0299541,0.0100164,-0.00996047,0.0201124,-0.019832,False,,,,,,,,,,
fx,Manatın məzənnəsi (+ = devalvasiya),fr1:rva_trd,Real əlavə dəyər: Ticarət; nəqliyyat vasitələrinin təmiri,2026,"mln AZN, 2015 qiymətləri",0,0,,,,,,,,,,,,,False,,,,,,,,,,
fx,Manatın məzənnəsi (+ = devalvasiya),fr1:rva_trd,Real əlavə dəyər: Ticarət; nəqliyyat vasitələrinin təmiri,2027,"mln AZN, 2015 qiymətləri",-14.3088,15.3345,1.03521,0.0173015,1.07168,0.0346021,1.14868,0.0691976,1.23159,0.10378,0.0328332,-0.0364001,0.0651958,-0.0731091,True,asimmetrik cavab,,,,,,,,,
fx,Manatın məzənnəsi (+ = devalvasiya),fr1:rva_trd,Real əlavə dəyər: Ticarət; nəqliyyat vasitələrinin təmiri,2028,"mln AZN, 2015 qiymətləri",40.4357,-37.7303,0.965973,0.0173082,0.933094,0.034611,0.870593,0.0691795,0.812147,0.103663,-0.0340231,0.0353249,-0.0669293,0.0720253,True,asimmetrik cavab,,,,,,,,,
fx,Manatın məzənnəsi (+ = devalvasiya),fr1:rva_trd,Real əlavə dəyər: Ticarət; nəqliyyat vasitələrinin təmiri,2029,"mln AZN, 2015 qiymətləri",40.0209,-37.1936,0.964035,0.0183118,0.929353,0.036617,0.863618,0.0731816,0.802384,0.109641,-0.0360854,0.0372842,-0.0709956,0.076009,True,asimmetrik cavab,,,,,,,,,
fx,Manatın məzənnəsi (+ = devalvasiya),fr1:rva_trd,Real əlavə dəyər: Ticarət; nəqliyyat vasitələrinin təmiri,2030,"mln AZN, 2015 qiymətləri",39.8688,-36.9163,0.962266,0.0192298,0.925944,0.0384517,0.857284,0.076841,0.793552,0.115106,-0.0379755,0.039073,-0.0747203,0.0796487,True,asimmetrik cavab,,,,,,,,,
fx,Manatın məzənnəsi (+ = devalvasiya),fr1:rx_non,Qeyri-neft mal ixracı (real),2026,"mln AZN, 2015 qiymətləri",0,0,,,,,,,,,,,,,False,,,,,,,,,,
fx,Manatın məzənnəsi (+ = devalvasiya),fr1:rx_non,Qeyri-neft mal ixracı (real),2027,"mln AZN, 2015 qiymətləri",-9.93987,9.98646,1.00234,0.0011694,1.00469,0.00233828,1.00939,0.00467242,1.0141,0.00699825,0.0020054,-0.0026614,0.00378571,-0.00552626,False,,,,,,,,,,
fx,Manatın məzənnəsi (+ = devalvasiya),fr1:rx_non,Qeyri-neft mal ixracı (real),2028,"mln AZN, 2015 qiymətləri",-8.98873,9.08587,1.00539,0.00268712,1.01081,0.00537408,1.02173,0.0107467,1.03276,0.0161165,0.005302,-0.00544315,0.0105717,-0.0109113,False,,,,,,,,,,
fx,Manatın məzənnəsi (+ = devalvasiya),fr1:rx_non,Qeyri-neft mal ixracı (real),2029,"mln AZN, 2015 qiymətləri",-10.7409,10.8816,1.00653,0.00325362,1.0131,0.00650694,1.02637,0.0130115,1.0398,0.0195115,0.00645093,-0.00655868,0.0128884,-0.013121,False,,,,,,,,,,
fx,Manatın məzənnəsi (+ = devalvasiya),fr1:rx_non,Qeyri-neft mal ixracı (real),2030,"mln AZN, 2015 qiymətləri",-12.7593,12.947,1.00733,0.00365108,1.01471,0.00730175,1.02963,0.0146004,1.04477,0.0218927,0.00724896,-0.00734908,0.014493,-0.0146907,False,,,,,,,,,,
fx,Manatın məzənnəsi (+ = devalvasiya),fr1:unemp,İşsizlik səviyyəsi,2026,%,0,0,,,,,,,,,,,,,False,,,,,,,,,,
fx,Manatın məzənnəsi (+ = devalvasiya),fr1:unemp,İşsizlik səviyyəsi,2027,%,0.0102784,-0.0106812,1.01941,-0.00961036,1.03919,-0.019219,1.07992,-0.0384238,1.12224,-0.0576005,0.0183614,-0.0200443,0.0363502,-0.0403445,False,,,,,,,,,,
fx,Manatın məzənnəsi (+ = devalvasiya),fr1:unemp,İşsizlik səviyyəsi,2028,%,-0.00126627,0.000552608,0.671046,-0.196855,0.436406,-0.392364,0.127318,-0.774122,0.0634579,-1,-0.622925,0.292492,-1.2316,0.592709,False,,,,,,,,,,
fx,Manatın məzənnəsi (+ = devalvasiya),fr1:unemp,İşsizlik səviyyəsi,2029,%,-0.000416467,-0.000312179,0.577211,-1,0.749587,-1,0.835221,-1,0.851544,-1,1.12588,0.907914,2.22598,1.83973,False,,,,,,,,,,
fx,Manatın məzənnəsi (+ = devalvasiya),fr1:unemp,İşsizlik səviyyəsi,2030,%,0.000248638,-0.000992298,1.84882,-0.297956,3.99094,-0.599274,9.83913,-1,3.18956,-1,0.361454,-1.55223,0.714593,-3.14538,False,,,,,,,,,,
fx,Manatın məzənnəsi (+ = devalvasiya),fr1:wage,Orta aylıq nominal əmək haqqı,2026,AZN/ay,0,0,,,,,,,,,,,,,False,,,,,,,,,,
fx,Manatın məzənnəsi (+ = devalvasiya),fr1:wage,Orta aylıq nominal əmək haqqı,2027,AZN/ay,-9.6901,9.85226,1.00833,0.00414992,1.01674,0.00829812,1.03372,0.0165826,1.05094,0.0248397,0.00818303,-0.00838645,0.0163153,-0.0167672,False,,,,,,,,,,
fx,Manatın məzənnəsi (+ = devalvasiya),fr1:wage,Orta aylıq nominal əmək haqqı,2028,AZN/ay,-25.42,25.5901,1.00334,0.0016683,1.00669,0.00333543,1.01341,0.00666148,1.02014,0.0099687,0.00356308,-0.00309075,0.00727548,-0.00599996,False,,,,,,,,,,
fx,Manatın məzənnəsi (+ = devalvasiya),fr1:wage,Orta aylıq nominal əmək haqqı,2029,AZN/ay,-27.6837,27.8874,1.00367,0.0018331,1.00736,0.00366502,1.01475,0.00732062,1.02216,0.0109573,0.00389233,-0.00342079,0.0079354,-0.00665904,False,,,,,,,,,,
fx,Manatın məzənnəsi (+ = devalvasiya),fr1:wage,Orta aylıq nominal əmək haqqı,2030,AZN/ay,-29.8708,30.1074,1.00395,0.00197278,1.00792,0.00394437,1.01588,0.00787927,1.02387,0.0117951,0.00417092,-0.00370097,0.00849358,-0.0072187,False,,,,,,,,,,
fx,Manatın məzənnəsi (+ = devalvasiya),fr3:rw_avg,"Orta aylıq əmək haqqı, real (2015 qiymətləri)",2026,"AZN/ay, 2015 qiymətləri",0,0,,,,,,,,,,,,,False,,,,,,,,,,
fx,Manatın məzənnəsi (+ = devalvasiya),fr3:rw_avg,"Orta aylıq əmək haqqı, real (2015 qiymətləri)",2027,"AZN/ay, 2015 qiymətləri",-0.943157,1.00276,1.03111,0.0153163,1.0632,0.0306317,1.1305,0.0612529,1.20229,0.0918537,0.0291601,-0.0321072,0.0578884,-0.0644955,False,,,,,,,,,,
fx,Manatın məzənnəsi (+ = devalvasiya),fr3:rw_avg,"Orta aylıq əmək haqqı, real (2015 qiymətləri)",2028,"AZN/ay, 2015 qiymətləri",1.99461,-1.84925,0.962878,0.018912,0.927121,0.0378174,0.859469,0.0755761,0.796595,0.113217,-0.0374013,0.0383691,-0.0736368,0.0781525,True,asimmetrik cavab,,,,,,,,,
fx,Manatın məzənnəsi (+ = devalvasiya),fr3:rw_avg,"Orta aylıq əmək haqqı, real (2015 qiymətləri)",2029,"AZN/ay, 2015 qiymətləri",1.95198,-1.8004,0.960393,0.0202037,0.922343,0.040397,0.850617,0.0807207,0.784283,0.120898,-0.0400758,0.0408676,-0.0789122,0.08323,True,asimmetrik cavab,,,,,,,,,
fx,Manatın məzənnəsi (+ = devalvasiya),fr3:rw_avg,"Orta aylıq əmək haqqı, real (2015 qiymətləri)",2030,"AZN/ay, 2015 qiymətləri",1.92295,-1.76516,0.958104,0.0213962,0.917946,0.0427822,0.842508,0.0854769,0.773054,0.127997,-0.042558,0.0431709,-0.0838065,0.0879136,True,asimmetrik cavab,,,,,,,,,
fx,Manatın məzənnəsi (+ = devalvasiya),fr4:budget,Büdcə təşkilatlarında muzdlu işçilər,2026,min nəfər,0,0,,,,,,,,,,,,,False,,,,,,,,,,
fx,Manatın məzənnəsi (+ = devalvasiya),fr4:budget,Büdcə təşkilatlarında muzdlu işçilər,2027,min nəfər,0.211762,-0.220717,1.02092,-0.0103535,1.04229,-0.0207064,1.08639,-0.0414079,1.13242,-0.0620998,0.0196225,-0.0217716,0.038761,-0.0439186,False,,,,,,,,,,
fx,Manatın məzənnəsi (+ = devalvasiya),fr4:budget,Büdcə təşkilatlarında muzdlu işçilər,2028,min nəfər,-0.34702,0.322397,0.963875,-0.0183948,0.929045,-0.0367826,0.863049,-0.073509,0.801602,-0.110123,-0.0364855,0.0371925,-0.0719192,0.0756318,True,asimmetrik cavab,,,,,,,,,
fx,Manatın məzənnəsi (+ = devalvasiya),fr4:budget,Büdcə təşkilatlarında muzdlu işçilər,2029,min nəfər,-0.33678,0.311063,0.961067,-0.0198529,0.923638,-0.0396968,0.853014,-0.0793226,0.787619,-0.118807,-0.0395208,0.0400002,-0.0779176,0.0813223,True,asimmetrik cavab,,,,,,,,,
fx,Manatın məzənnəsi (+ = devalvasiya),fr4:budget,Büdcə təşkilatlarında muzdlu işçilər,2030,min nəfər,-0.328355,0.301572,0.958357,-0.0212641,0.918433,-0.0425174,0.843407,-0.0849478,0.774301,-0.127204,-0.0424692,0.0427095,-0.0837396,0.0868177,True,asimmetrik cavab,,,,,,,,,
fx,Manatın məzənnəsi (+ = devalvasiya),fr5:vol:total,"Pullu xidmətlər, cəmi: real həcm (2015 qiymətləri)",2026,"mln AZN, 2015 qiymətləri",0,0,,,,,,,,,,,,,False,,,,,,,,,,
fx,Manatın məzənnəsi (+ = devalvasiya),fr5:vol:total,"Pullu xidmətlər, cəmi: real həcm (2015 qiymətləri)",2027,"mln AZN, 2015 qiymətləri",-23.1429,24.3939,1.02667,0.0131594,1.05406,0.0263166,1.11108,0.0526158,1.17127,0.0788805,0.0251878,-0.0274247,0.0500195,-0.0550615,False,,,,,,,,,,
fx,Manatın məzənnəsi (+ = devalvasiya),fr5:vol:total,"Pullu xidmətlər, cəmi: real həcm (2015 qiymətləri)",2028,"mln AZN, 2015 qiymətləri",34.9886,-32.6152,0.965493,0.0175565,0.932167,0.0351074,0.868863,0.0701693,0.809725,0.10514,-0.0348018,0.0355205,-0.0686263,0.0722105,True,asimmetrik cavab,,,,,,,,,
fx,Manatın məzənnəsi (+ = devalvasiya),fr5:vol:total,"Pullu xidmətlər, cəmi: real həcm (2015 qiymətləri)",2029,"mln AZN, 2015 qiymətləri",33.9569,-31.4407,0.962242,0.0192421,0.925898,0.0384765,0.857197,0.0768919,0.793424,0.115185,-0.0382938,0.0387838,-0.0755237,0.078831,True,asimmetrik cavab,,,,,,,,,
fx,Manatın məzənnəsi (+ = devalvasiya),fr5:vol:total,"Pullu xidmətlər, cəmi: real həcm (2015 qiymətləri)",2030,"mln AZN, 2015 qiymətləri",33.1986,-30.5394,0.959122,0.0208654,0.9199,0.0417209,0.846102,0.0833637,0.778015,0.12485,-0.0416739,0.0419122,-0.0821964,0.0851821,True,asimmetrik cavab,,,,,,,,,
fx,Manatın məzənnəsi (+ = devalvasiya),ru:budget_gdp,Büdcə balansı,2026,% ÜDM (f.b.),0,0,,,,,,,,,,,,,False,,"Büdcə balansı həddi (< hədd, % ÜDM)",-1,0.655559,,,,,8,
fx,Manatın məzənnəsi (+ = devalvasiya),ru:budget_gdp,Büdcə balansı,2027,% ÜDM (f.b.),0.0750744,-0.0709876,0.972701,0.0138384,0.945563,0.0279801,0.889566,0.0584441,0.827815,0.0942027,-0.0474158,0.0125481,-0.109611,0.0170382,True,qeyri-proporsional miqyas,"Büdcə balansı həddi (< hədd, % ÜDM)",-1,0.32115,,,,,8,
fx,Manatın məzənnəsi (+ = devalvasiya),ru:budget_gdp,Büdcə balansı,2028,% ÜDM (f.b.),0.106171,-0.107883,1.0081,-0.00403254,1.01612,-0.00799507,1.03133,-0.0154248,1.04435,-0.0216948,0.000939275,-0.0138262,-0.00378571,-0.0307172,False,,"Büdcə balansı həddi (< hədd, % ÜDM)",-1,0.0335283,,,,,8,
fx,Manatın məzənnəsi (+ = devalvasiya),ru:budget_gdp,Büdcə balansı,2029,% ÜDM (f.b.),0.119562,-0.123328,1.01568,-0.00777792,1.0315,-0.0155061,1.06316,-0.0306117,1.09403,-0.0449022,0.0100754,-0.0200002,0.0158676,-0.0421912,False,,"Büdcə balansı həddi (< hədd, % ÜDM)",-1,0.108813,,,,,8,
fx,Manatın məzənnəsi (+ = devalvasiya),ru:budget_gdp,Büdcə balansı,2030,% ÜDM (f.b.),0.135768,-0.141658,1.0215,-0.0106354,1.04339,-0.0212331,1.08804,-0.0421628,1.13329,-0.0624788,0.0170259,-0.0247099,0.03087,-0.0509035,False,,"Büdcə balansı həddi (< hədd, % ÜDM)",-1,0.141054,,,,,8,
fx,Manatın məzənnəsi (+ = devalvasiya),ru:cpi,"İnflyasiya (İQİ, illik orta)",2026,f.b.,0,0,,,,,,,,,,,,,False,,İnflyasiya həddi (> hədd),6,5.2991,,,,,10,
fx,Manatın məzənnəsi (+ = devalvasiya),ru:cpi,"İnflyasiya (İQİ, illik orta)",2027,f.b.,-3.11599,3.11837,1.00038,0.000190818,1.00076,0.000381495,1.00152,0.000761872,1.00228,0.00114001,0.000365769,-0.000394973,0.000719647,-0.000797334,False,,İnflyasiya həddi (> hədd),6,5.7416,,0.0828794,,1.31201,10,
fx,Manatın məzənnəsi (+ = devalvasiya),ru:cpi,"İnflyasiya (İQİ, illik orta)",2028,f.b.,-1.48449,1.47395,0.996446,-0.00178016,0.992903,-0.00356098,0.985846,-0.00712734,0.978818,-0.0107046,-0.00336221,0.00377216,-0.00659156,0.00770411,False,,İnflyasiya həddi (> hədd),6,5.8752,,0.0845237,,1.33804,10,
fx,Manatın məzənnəsi (+ = devalvasiya),ru:cpi,"İnflyasiya (İQİ, illik orta)",2029,f.b.,0.000570976,-0.000421497,0.859755,0.0754104,0.738204,0.150613,0.538874,0.299651,0.383523,0.445585,-0.17115,0.135442,-0.338133,0.273959,False,,İnflyasiya həddi (> hədd),6,5.9149,,,,,10,
fx,Manatın məzənnəsi (+ = devalvasiya),ru:cpi,"İnflyasiya (İQİ, illik orta)",2030,f.b.,0.00158319,-0.00143235,0.951177,0.0250224,0.904726,0.0500201,0.818437,0.0998456,0.740213,0.149285,-0.0503803,0.0497389,-0.0992625,0.100927,False,,İnflyasiya həddi (> hədd),6,5.9278,,,,,10,
fx,Manatın məzənnəsi (+ = devalvasiya),ru:debt_gdp,Dövlət borcu,2026,% ÜDM (f.b.),0,0,,,,,,,,,,,,,False,,Dövlət borcu > 30% ÜDM (DSA həddi),30,17.2926,,,,,15,
fx,Manatın məzənnəsi (+ = devalvasiya),ru:debt_gdp,Dövlət borcu,2027,% ÜDM (f.b.),-0.546064,0.675078,1.11184,0.0529581,1.23626,0.10565,1.5291,0.209204,1.89318,0.30872,0.111226,-0.101584,0.234688,-0.19374,True,asimmetrik cavab; qeyri-proporsional miqyas,Dövlət borcu > 30% ÜDM (DSA həddi),30,15.6733,,,,,15,
fx,Manatın məzənnəsi (+ = devalvasiya),ru:debt_gdp,Dövlət borcu,2028,% ÜDM (f.b.),-0.466779,0.606024,1.13924,0.0650867,1.29831,0.129796,1.69041,0.256618,2.21403,0.377729,0.131374,-0.131052,0.275737,-0.251906,True,asimmetrik cavab; qeyri-proporsional miqyas,Dövlət borcu > 30% ÜDM (DSA həddi),30,14.5227,,,,,15,
fx,Manatın məzənnəsi (+ = devalvasiya),ru:debt_gdp,Dövlət borcu,2029,% ÜDM (f.b.),-0.633426,0.766778,1.10018,0.0476996,1.21053,0.0952376,1.46668,0.189193,1.78025,0.280641,0.0993601,-0.0926422,0.208545,-0.178221,True,asimmetrik cavab; qeyri-proporsional miqyas,Dövlət borcu > 30% ÜDM (DSA həddi),30,13.1051,,,,,15,
fx,Manatın məzənnəsi (+ = devalvasiya),ru:debt_gdp,Dövlət borcu,2030,% ÜDM (f.b.),-0.802775,0.931501,1.07716,0.0371474,1.16035,0.0742248,1.34712,0.147891,1.56557,0.220447,0.0788171,-0.0707512,0.165375,-0.136262,True,asimmetrik cavab; qeyri-proporsional miqyas,Dövlət borcu > 30% ÜDM (DSA həddi),30,11.9126,,,,,15,
fx,Manatın məzənnəsi (+ = devalvasiya),ru:nonoil_g,Qeyri-neft ÜDM real artımı,2026,f.b.,0,0,,,,,,,,,,,,,False,,Growth-at-Risk həddi (qeyri-neft artımı < hədd),2,5.312,,,,,6,
fx,Manatın məzənnəsi (+ = devalvasiya),ru:nonoil_g,Qeyri-neft ÜDM real artımı,2027,f.b.,0.122514,-0.111194,0.952678,0.0242346,0.907599,0.0484386,0.823764,0.0966331,0.747729,0.144342,-0.0490822,0.0476929,-0.0968297,0.096275,True,asimmetrik cavab,Growth-at-Risk həddi (qeyri-neft artımı < hədd),2,5.43,,,,,6,
fx,Manatın məzənnəsi (+ = devalvasiya),ru:nonoil_g,Qeyri-neft ÜDM real artımı,2028,f.b.,1.83983,-1.83075,0.997533,0.00123515,0.995067,0.00247255,0.990123,0.00496306,0.985132,0.00748967,-0.00218286,0.00279976,-0.00419102,0.00585174,False,,Growth-at-Risk həddi (qeyri-neft artımı < hədd),2,5.603,,1.97229,,35.0907,6,
fx,Manatın məzənnəsi (+ = devalvasiya),ru:nonoil_g,Qeyri-neft ÜDM real artımı,2029,f.b.,0.0012164,-0.00185759,1.23439,-0.1049,1.52712,-0.208586,2.3767,-0.407705,3.86971,-0.589298,0.193904,-0.23287,0.402949,-0.446348,False,,Growth-at-Risk həddi (qeyri-neft artımı < hədd),2,5.632,,,,,6,
fx,Manatın məzənnəsi (+ = devalvasiya),ru:nonoil_g,Qeyri-neft ÜDM real artımı,2030,f.b.,0.00434001,-0.00487718,1.06013,-0.0291866,1.12377,-0.0582785,1.26195,-0.115805,1.41506,-0.171862,0.0630634,-0.0533355,0.131757,-0.101213,False,,Growth-at-Risk həddi (qeyri-neft artımı < hədd),2,5.727,,,,,6,
fx,Manatın məzənnəsi (+ = devalvasiya),ru:nonoil_lvl,Qeyri-neft real ÜDM səviyyəsi,2026,% (baza ilə fərq),0,0,,,,,,,,,,,,,False,,,,,,,,,10,
fx,Manatın məzənnəsi (+ = devalvasiya),ru:nonoil_lvl,Qeyri-neft real ÜDM səviyyəsi,2027,% (baza ilə fərq),0.116482,-0.105719,0.952678,0.0242346,0.907599,0.0484386,0.823764,0.0966331,0.747729,0.144342,-0.0490822,0.0476929,-0.0968297,0.096275,True,asimmetrik cavab,,,,,,,,10,
fx,Manatın məzənnəsi (+ = devalvasiya),ru:nonoil_lvl,Qeyri-neft real ÜDM səviyyəsi,2028,% (baza ilə fərq),1.87929,-1.85594,0.993769,0.00312521,0.987574,0.00625183,0.97528,0.0125149,0.963093,0.0188007,-0.00575246,0.00678113,-0.0111669,0.0139689,False,,,,,,,,,10,
fx,Manatın məzənnəsi (+ = devalvasiya),ru:nonoil_lvl,Qeyri-neft real ÜDM səviyyəsi,2029,% (baza ilə fərq),1.88047,-1.85768,0.993922,0.0030483,0.987878,0.00609801,0.97588,0.0122074,0.963981,0.0183396,-0.0055865,0.00663954,-0.0108282,0.0136927,False,,,,,,,,,10,
fx,Manatın məzənnəsi (+ = devalvasiya),ru:nonoil_lvl,Qeyri-neft real ÜDM səviyyəsi,2030,% (baza ilə fərq),1.88471,-1.86226,0.994029,0.00299442,0.988091,0.00599028,0.9763,0.011992,0.964604,0.018017,-0.00546638,0.00654448,-0.0105808,0.0135105,False,,,,,,,,,10,
fx,Manatın məzənnəsi (+ = devalvasiya),ru:tb_gdp,Mal ticarəti balansı (cari hesab proksisi),2026,% ÜDM (f.b.),0,0,,,,,,,,,,,,,False,,Mal ticarəti balansı < 0 (kəsir),0,9.03884,,,,,15,
fx,Manatın məzənnəsi (+ = devalvasiya),ru:tb_gdp,Mal ticarəti balansı (cari hesab proksisi),2027,% ÜDM (f.b.),-2.0791,2.51126,1.09903,0.047179,1.20786,0.0941455,1.45886,0.186615,1.76185,0.275849,0.101353,-0.0881359,0.21465,-0.167281,True,asimmetrik cavab; qeyri-proporsional miqyas,Mal ticarəti balansı < 0 (kəsir),0,6.55075,,,,,15,
fx,Manatın məzənnəsi (+ = devalvasiya),ru:tb_gdp,Mal ticarəti balansı (cari hesab proksisi),2028,% ÜDM (f.b.),-1.69239,2.05519,1.10199,0.048521,1.21437,0.096809,1.47457,0.19178,1.79024,0.283215,0.10437,-0.0905076,0.221324,-0.171539,True,asimmetrik cavab; qeyri-proporsional miqyas,Mal ticarəti balansı < 0 (kəsir),0,4.31464,,,,,15,
fx,Manatın məzənnəsi (+ = devalvasiya),ru:tb_gdp,Mal ticarəti balansı (cari hesab proksisi),2029,% ÜDM (f.b.),-1.55069,1.88728,1.10321,0.049073,1.21706,0.097905,1.48111,0.19391,1.80214,0.286261,0.105528,-0.0915643,0.223838,-0.173492,True,asimmetrik cavab; qeyri-proporsional miqyas,Mal ticarəti balansı < 0 (kəsir),0,3.69245,2.85157,,-35.1386,,15,
fx,Manatın məzənnəsi (+ = devalvasiya),ru:tb_gdp,Mal ticarəti balansı (cari hesab proksisi),2030,% ÜDM (f.b.),-1.37141,1.67616,1.10555,0.0501275,1.22222,0.0999983,1.49369,0.197975,1.82514,0.292069,0.107724,-0.0935987,0.228599,-0.177258,True,asimmetrik cavab; qeyri-proporsional miqyas,Mal ticarəti balansı < 0 (kəsir),0,2.75209,2.29593,,-29.349,,15,
gas,Qazın ixrac qiyməti,fr10:ind_output,"Sənaye buraxılışı, cəmi (30 sahə)",2026,mln manat,0,0,,,,,,,,,,,,,False,,,,,,,,,,
gas,Qazın ixrac qiyməti,fr10:ind_output,"Sənaye buraxılışı, cəmi (30 sahə)",2027,mln manat,-6069.12,7348.7,1.10041,0.0478044,1.21083,0.0953639,1.46551,0.188807,1.77241,0.278606,0.104078,-0.0877853,0.22148,-0.165537,True,asimmetrik cavab; qeyri-proporsional miqyas,,,,,,,,,
gas,Qazın ixrac qiyməti,fr10:ind_output,"Sənaye buraxılışı, cəmi (30 sahə)",2028,mln manat,-5822.67,7044.52,1.09995,0.0475965,1.20984,0.094958,1.46326,0.188068,1.76872,0.277645,0.10393,-0.0872568,0.221365,-0.164562,True,asimmetrik cavab; qeyri-proporsional miqyas,,,,,,,,,
gas,Qazın ixrac qiyməti,fr10:ind_output,"Sənaye buraxılışı, cəmi (30 sahə)",2029,mln manat,-6105.72,7376.41,1.09915,0.0472352,1.20812,0.0942505,1.45931,0.186765,1.76215,0.275927,0.103473,-0.086473,0.220631,-0.163147,True,asimmetrik cavab; qeyri-proporsional miqyas,,,,,,,,,
gas,Qazın ixrac qiyməti,fr10:ind_output,"Sənaye buraxılışı, cəmi (30 sahə)",2030,mln manat,-6203.71,7478.06,1.09791,0.0466696,1.20542,0.0931428,1.45315,0.184721,1.75188,0.273224,0.102802,-0.0852011,0.219601,-0.160827,True,asimmetrik cavab; qeyri-proporsional miqyas,,,,,,,,,
gas,Qazın ixrac qiyməti,fr12:act:N:ALL,Qeydiyyatdakı vahidlər (ehtiyat): Bütün sahələr,2026,vahid,0,0,,,,,,,,,,,,,False,,,,,,,,,,
gas,Qazın ixrac qiyməti,fr12:act:N:ALL,Qeydiyyatdakı vahidlər (ehtiyat): Bütün sahələr,2027,vahid,-30.4821,40.6632,1.15539,0.0720946,1.334,0.143103,1.76994,0.277963,2.32465,0.398433,0.133093,-0.14599,0.265299,-0.273907,True,asimmetrik cavab; qeyri-proporsional miqyas,,,,,,,,,
gas,Qazın ixrac qiyməti,fr12:act:N:ALL,Qeydiyyatdakı vahidlər (ehtiyat): Bütün sahələr,2028,vahid,-32.248,43.3679,1.16009,0.0741117,1.34483,0.147058,1.79835,0.285294,2.37956,0.408207,0.13844,-0.148664,0.27756,-0.277978,True,asimmetrik cavab; qeyri-proporsional miqyas,,,,,,,,,
gas,Qazın ixrac qiyməti,fr12:act:N:ALL,Qeydiyyatdakı vahidlər (ehtiyat): Bütün sahələr,2029,vahid,-34.4999,46.4113,1.16027,0.0741919,1.34526,0.147216,1.7995,0.285587,2.3818,0.408599,0.1392,-0.148364,0.279653,-0.277242,True,asimmetrik cavab; qeyri-proporsional miqyas,,,,,,,,,
gas,Qazın ixrac qiyməti,fr12:act:N:ALL,Qeydiyyatdakı vahidlər (ehtiyat): Bütün sahələr,2030,vahid,-35.748,48.3192,1.16304,0.0753769,1.35166,0.149538,1.81643,0.289881,2.41473,0.414302,0.142083,-0.150139,0.286129,-0.28008,True,asimmetrik cavab; qeyri-proporsional miqyas,,,,,,,,,
gas,Qazın ixrac qiyməti,fr12:ew:score:CON,Erkən xəbərdarlıq balı (0–1): Tikinti,2026,bal (0–1),0,0,,,,,,,,,,,,,False,,,,,,,,,,
gas,Qazın ixrac qiyməti,fr12:ew:score:CON,Erkən xəbərdarlıq balı (0–1): Tikinti,2027,bal (0–1),0,0,,,,,,,,,,,,,False,,,,,,,,,,
gas,Qazın ixrac qiyməti,fr12:ew:score:CON,Erkən xəbərdarlıq balı (0–1): Tikinti,2028,bal (0–1),0,0,,,,,,,,,,,,,False,,,,,,,,,,
gas,Qazın ixrac qiyməti,fr12:ew:score:CON,Erkən xəbərdarlıq balı (0–1): Tikinti,2029,bal (0–1),0,0,,,,,,,,,,,,,False,,,,,,,,,,
gas,Qazın ixrac qiyməti,fr12:ew:score:CON,Erkən xəbərdarlıq balı (0–1): Tikinti,2030,bal (0–1),0,0,,,,,,,,,,,,,False,,,,,,,,,,
gas,Qazın ixrac qiyməti,fr12:ew:score:TRD,Erkən xəbərdarlıq balı (0–1): Ticarət,2026,bal (0–1),0,0,,,,,,,,,,,,,False,,,,,,,,,,
gas,Qazın ixrac qiyməti,fr12:ew:score:TRD,Erkən xəbərdarlıq balı (0–1): Ticarət,2027,bal (0–1),0,0,,,,,,,,,,,,,False,,,,,,,,,,
gas,Qazın ixrac qiyməti,fr12:ew:score:TRD,Erkən xəbərdarlıq balı (0–1): Ticarət,2028,bal (0–1),0,0,,,,,,,,,,,,,False,,,,,,,,,,
gas,Qazın ixrac qiyməti,fr12:ew:score:TRD,Erkən xəbərdarlıq balı (0–1): Ticarət,2029,bal (0–1),0,0,,,,,,,,,,,,,False,,,,,,,,,,
gas,Qazın ixrac qiyməti,fr12:ew:score:TRD,Erkən xəbərdarlıq balı (0–1): Ticarət,2030,bal (0–1),0,0,,,,,,,,,,,,,False,,,,,,,,,,
gas,Qazın ixrac qiyməti,fr1:balance_n,Büdcə balansı,2026,"mln AZN, cari qiymətlər",0,0,,,,,,,,,,,,,False,,,,,,,,,,
gas,Qazın ixrac qiyməti,fr1:balance_n,Büdcə balansı,2027,"mln AZN, cari qiymətlər",-112.135,78.6533,0.832255,-0.0915511,0.701415,-0.175492,0.549037,-0.291125,0.541102,-0.297772,-0.0932302,0.158432,-0.00126727,0.294628,True,asimmetrik cavab; qeyri-proporsional miqyas,,,,,,,,,
gas,Qazın ixrac qiyməti,fr1:balance_n,Büdcə balansı,2028,"mln AZN, cari qiymətlər",-36.6641,-40.351,1.15549,-1,1.10056,-1,1.07999,-1,1.03514,-1,0.883778,0.919646,1.52349,1.68296,True,asimmetrik cavab; qeyri-proporsional miqyas,,,,,,,,,
gas,Qazın ixrac qiyməti,fr1:balance_n,Büdcə balansı,2029,"mln AZN, cari qiymətlər",16.1308,-125.355,2.31802,-0.397231,7.77115,-0.77198,6.05466,-1,3.37545,-1,0.443418,-2.85263,0.826939,-5.20608,True,asimmetrik cavab; qeyri-proporsional miqyas,,,,,,,,,
gas,Qazın ixrac qiyməti,fr1:balance_n,Büdcə balansı,2030,"mln AZN, cari qiymətlər",59.7203,-204.653,1.78309,-0.281374,3.42686,-0.548213,637.487,-0.996868,7.42112,-1,0.382011,-0.992571,0.742193,-1.80449,True,asimmetrik cavab; qeyri-proporsional miqyas,,,,,,,,,
gas,Qazın ixrac qiyməti,fr1:debt_azn,"Dövlət borcu (xarici + daxili, Maliyyə Nazirliyinin anlayışı; dövlət zəmanətli borc daxil deyil)",2026,"mln AZN, cari qiymətlər",0,0,,,,,,,,,,,,,False,,,,,,,,,,
gas,Qazın ixrac qiyməti,fr1:debt_azn,"Dövlət borcu (xarici + daxili, Maliyyə Nazirliyinin anlayışı; dövlət zəmanətli borc daxil deyil)",2027,"mln AZN, cari qiymətlər",112.135,-78.6533,0.832255,0.0915511,0.701415,0.175492,0.549037,0.291125,0.541102,0.297772,-0.0932302,0.158432,-0.00126727,0.294628,True,asimmetrik cavab; qeyri-proporsional miqyas,,,,,,,,,
gas,Qazın ixrac qiyməti,fr1:debt_azn,"Dövlət borcu (xarici + daxili, Maliyyə Nazirliyinin anlayışı; dövlət zəmanətli borc daxil deyil)",2028,"mln AZN, cari qiymətlər",148.799,-38.3024,0.535139,0.302814,0.25741,0.590572,0.0234257,1,0.0955555,1,-1.12249,0.345995,-1.60758,0.636713,True,asimmetrik cavab; qeyri-proporsional miqyas,,,,,,,,,
gas,Qazın ixrac qiyməti,fr1:debt_azn,"Dövlət borcu (xarici + daxili, Maliyyə Nazirliyinin anlayışı; dövlət zəmanətli borc daxil deyil)",2029,"mln AZN, cari qiymətlər",132.668,87.0525,0.40575,1,0.656166,1,0.806505,1,0.8102,1,1.13241,0.734907,1.89811,1.34712,True,asimmetrik cavab; qeyri-proporsional miqyas,,,,,,,,,
gas,Qazın ixrac qiyməti,fr1:debt_azn,"Dövlət borcu (xarici + daxili, Maliyyə Nazirliyinin anlayışı; dövlət zəmanətli borc daxil deyil)",2030,"mln AZN, cari qiymətlər",72.9481,291.706,14.2209,0.868601,3.99881,1,2.03925,1,1.69387,1,0.605948,2.14914,1.08715,3.92725,True,asimmetrik cavab; qeyri-proporsional miqyas,,,,,,,,,
gas,Qazın ixrac qiyməti,fr1:emp,Məşğul əhali,2026,min nəfər,0,0,,,,,,,,,,,,,False,,,,,,,,,,
gas,Qazın ixrac qiyməti,fr1:emp,Məşğul əhali,2027,min nəfər,-0.843122,1.12691,1.15651,0.0725749,1.33659,0.144052,1.77689,0.27977,2.33856,0.400938,0.136047,-0.145457,0.273129,-0.272349,True,asimmetrik cavab; qeyri-proporsional miqyas,,,,,,,,,
gas,Qazın ixrac qiyməti,fr1:emp,Məşğul əhali,2028,min nəfər,-0.907704,1.22292,1.16113,0.0745597,1.34727,0.147945,1.80503,0.286996,2.39325,0.410594,0.141276,-0.148157,0.285165,-0.276522,True,asimmetrik cavab; qeyri-proporsional miqyas,,,,,,,,,
gas,Qazın ixrac qiyməti,fr1:emp,Məşğul əhali,2029,min nəfər,-0.986167,1.32971,1.16161,0.0747619,1.34836,0.148343,1.80799,0.287747,2.39918,0.411623,0.142286,-0.148105,0.287822,-0.276231,True,asimmetrik cavab; qeyri-proporsional miqyas,,,,,,,,,
gas,Qazın ixrac qiyməti,fr1:emp,Məşğul əhali,2030,min nəfər,-1.03544,1.40281,1.16438,0.0759464,1.35479,0.150666,1.82507,0.292053,2.43269,0.417367,0.145251,-0.149857,0.294589,-0.279033,True,asimmetrik cavab; qeyri-proporsional miqyas,,,,,,,,,
gas,Qazın ixrac qiyməti,fr1:gdp_n,Nominal ÜDM,2026,"mln AZN, cari qiymətlər",0,0,,,,,,,,,,,,,False,,,,,,,,,,
gas,Qazın ixrac qiyməti,fr1:gdp_n,Nominal ÜDM,2027,"mln AZN, cari qiymətlər",-5927.31,7245.25,1.10568,0.0501869,1.22235,0.100052,1.49254,0.197604,1.81888,0.290497,0.107796,-0.0927411,0.22819,-0.174611,True,asimmetrik cavab; qeyri-proporsional miqyas,,,,,,,,,
gas,Qazın ixrac qiyməti,fr1:gdp_n,Nominal ÜDM,2028,"mln AZN, cari qiymətlər",-5787.38,7087.66,1.10673,0.0506619,1.22468,0.100992,1.49814,0.199403,1.82885,0.292999,0.10896,-0.0934629,0.230728,-0.175853,True,asimmetrik cavab; qeyri-proporsional miqyas,,,,,,,,,
gas,Qazın ixrac qiyməti,fr1:gdp_n,Nominal ÜDM,2029,"mln AZN, cari qiymətlər",-6139.62,7519.83,1.10679,0.0506863,1.2248,0.101045,1.49854,0.199533,1.82979,0.293235,0.109212,-0.0934059,0.231405,-0.175738,True,asimmetrik cavab; qeyri-proporsional miqyas,,,,,,,,,
gas,Qazın ixrac qiyməti,fr1:gdp_n,Nominal ÜDM,2030,"mln AZN, cari qiymətlər",-6307.14,7723.96,1.1067,0.0506485,1.22464,0.100977,1.49828,0.199449,1.82967,0.293205,0.109556,-0.0930908,0.232427,-0.175112,True,asimmetrik cavab; qeyri-proporsional miqyas,,,,,,,,,
gas,Qazın ixrac qiyməti,fr1:infl,İnflyasiya (İQİ),2026,%,0,0,,,,,,,,,,,,,False,,,,,,,,,,
gas,Qazın ixrac qiyməti,fr1:infl,İnflyasiya (İQİ),2027,%,-0.166159,0.221941,1.15613,0.072413,1.33572,0.143732,1.77453,0.279158,2.33381,0.400085,0.135509,-0.145287,0.271796,-0.272108,True,asimmetrik cavab; qeyri-proporsional miqyas,,,,,,,,,
gas,Qazın ixrac qiyməti,fr1:infl,İnflyasiya (İQİ),2028,%,-0.011576,0.017366,1.2256,0.101365,1.50018,0.200057,2.22851,0.38052,3.25149,0.529577,0.207873,-0.18689,0.438304,-0.336393,True,asimmetrik cavab; qeyri-proporsional miqyas,,,,,,,,,
gas,Qazın ixrac qiyməti,fr1:infl,İnflyasiya (İQİ),2029,%,-0.0141054,0.0192058,1.16729,0.0771895,1.36159,0.153113,1.84355,0.296655,2.47009,0.423646,0.154496,-0.147326,0.319989,-0.272381,True,asimmetrik cavab; qeyri-proporsional miqyas,,,,,,,,,
gas,Qazın ixrac qiyməti,fr1:infl,İnflyasiya (İQİ),2030,%,-0.00829963,0.0124742,1.22664,0.101785,1.50298,0.200952,2.23965,0.38265,3.28501,0.533256,0.20647,-0.190366,0.434139,-0.343842,True,asimmetrik cavab; qeyri-proporsional miqyas,,,,,,,,,
gas,Qazın ixrac qiyməti,fr1:lendrate,Kreditlər üzrə orta faiz dərəcəsi,2026,%,0,0,,,,,,,,,,,,,False,,,,,,,,,,
gas,Qazın ixrac qiyməti,fr1:lendrate,Kreditlər üzrə orta faiz dərəcəsi,2027,%,0,0,,,,,,,,,,,,,False,,,,,,,,,,
gas,Qazın ixrac qiyməti,fr1:lendrate,Kreditlər üzrə orta faiz dərəcəsi,2028,%,0,0,,,,,,,,,,,,,False,,,,,,,,,,
gas,Qazın ixrac qiyməti,fr1:lendrate,Kreditlər üzrə orta faiz dərəcəsi,2029,%,0,0,,,,,,,,,,,,,False,,,,,,,,,,
gas,Qazın ixrac qiyməti,fr1:lendrate,Kreditlər üzrə orta faiz dərəcəsi,2030,%,0,0,,,,,,,,,,,,,False,,,,,,,,,,
gas,Qazın ixrac qiyməti,fr1:nobd_pct,"Qeyri-neft büdcə balansı, qeyri-neft ÜDM-ə nisbətən",2026,%,0,0,,,,,,,,,,,,,False,,,,,,,,,,
gas,Qazın ixrac qiyməti,fr1:nobd_pct,"Qeyri-neft büdcə balansı, qeyri-neft ÜDM-ə nisbətən",2027,%,1.36574,-1.95913,1.198,-0.09008,1.43448,-0.178469,2.04977,-0.344212,2.90788,-0.488214,0.191648,-0.166054,0.413062,-0.302927,True,asimmetrik cavab; qeyri-proporsional miqyas,,,,,,,,,
gas,Qazın ixrac qiyməti,fr1:nobd_pct,"Qeyri-neft büdcə balansı, qeyri-neft ÜDM-ə nisbətən",2028,%,1.18908,-1.71862,1.20255,-0.0919605,1.44534,-0.182118,2.08025,-0.350701,2.97063,-0.496301,0.194211,-0.17027,0.417355,-0.310395,True,asimmetrik cavab; qeyri-proporsional miqyas,,,,,,,,,
gas,Qazın ixrac qiyməti,fr1:nobd_pct,"Qeyri-neft büdcə balansı, qeyri-neft ÜDM-ə nisbətən",2029,%,1.1187,-1.61996,1.2037,-0.092434,1.44808,-0.183034,2.08788,-0.352307,2.98608,-0.498254,0.194116,-0.171804,0.416096,-0.313274,True,asimmetrik cavab; qeyri-proporsional miqyas,,,,,,,,,
gas,Qazın ixrac qiyməti,fr1:nobd_pct,"Qeyri-neft büdcə balansı, qeyri-neft ÜDM-ə nisbətən",2030,%,1.01901,-1.48695,1.20832,-0.0943358,1.45921,-0.186731,2.11979,-0.358932,3.05371,-0.506625,0.196826,-0.176136,0.420999,-0.320978,True,asimmetrik cavab; qeyri-proporsional miqyas,,,,,,,,,
gas,Qazın ixrac qiyməti,fr1:rcons,Real istehlak (istehlak bazarı),2026,"mln AZN, 2015 qiymətləri",0,0,,,,,,,,,,,,,False,,,,,,,,,,
gas,Qazın ixrac qiyməti,fr1:rcons,Real istehlak (istehlak bazarı),2027,"mln AZN, 2015 qiymətləri",-221.174,297.237,1.15965,0.0739261,1.3439,0.146722,1.7967,0.284871,2.37873,0.408062,0.140572,-0.14687,0.284405,-0.274354,True,asimmetrik cavab; qeyri-proporsional miqyas,,,,,,,,,
gas,Qazın ixrac qiyməti,fr1:rcons,Real istehlak (istehlak bazarı),2028,"mln AZN, 2015 qiymətləri",-244.08,330.768,1.16451,0.076005,1.35516,0.150801,1.82664,0.292445,2.43755,0.418191,0.146201,-0.149647,0.297553,-0.278624,True,asimmetrik cavab; qeyri-proporsional miqyas,,,,,,,,,
gas,Qazın ixrac qiyməti,fr1:rcons,Real istehlak (istehlak bazarı),2029,"mln AZN, 2015 qiymətləri",-274.101,371.921,1.16525,0.076318,1.35687,0.151418,1.83132,0.293615,2.44713,0.419807,0.147605,-0.149708,0.301237,-0.278496,True,asimmetrik cavab; qeyri-proporsional miqyas,,,,,,,,,
gas,Qazın ixrac qiyməti,fr1:rcons,Real istehlak (istehlak bazarı),2030,"mln AZN, 2015 qiymətləri",-296.884,404.865,1.16819,0.0775701,1.36371,0.153874,1.8497,0.298171,2.48364,0.425888,0.150857,-0.151515,0.308803,-0.281365,True,asimmetrik cavab; qeyri-proporsional miqyas,,,,,,,,,
gas,Qazın ixrac qiyməti,fr1:rcred_tot,Kreditlər (real),2026,"mln AZN, 2015 qiymətləri",0,0,,,,,,,,,,,,,False,,,,,,,,,,
gas,Qazın ixrac qiyməti,fr1:rcred_tot,Kreditlər (real),2027,"mln AZN, 2015 qiymətləri",-48.4642,64.9916,1.15842,0.0733952,1.34102,0.145673,1.78889,0.282868,2.36285,0.405267,0.13879,-0.146315,0.279956,-0.273568,True,asimmetrik cavab; qeyri-proporsional miqyas,,,,,,,,,
gas,Qazın ixrac qiyməti,fr1:rcred_tot,Kreditlər (real),2028,"mln AZN, 2015 qiymətləri",-53.8133,72.759,1.16319,0.0754391,1.35206,0.149683,1.81814,0.290313,2.4201,0.415221,0.144268,-0.149064,0.292682,-0.277802,True,asimmetrik cavab; qeyri-proporsional miqyas,,,,,,,,,
gas,Qazın ixrac qiyməti,fr1:rcred_tot,Kreditlər (real),2029,"mln AZN, 2015 qiymətləri",-59.7798,80.9146,1.16382,0.0757103,1.35354,0.150217,1.82217,0.291325,2.42828,0.416617,0.145523,-0.149083,0.295974,-0.277613,True,asimmetrik cavab; qeyri-proporsional miqyas,,,,,,,,,
gas,Qazın ixrac qiyməti,fr1:rcred_tot,Kreditlər (real),2030,"mln AZN, 2015 qiymətləri",-63.9874,87.0373,1.1667,0.0769373,1.36023,0.152624,1.84005,0.295788,2.46364,0.422573,0.148666,-0.150869,0.303236,-0.280457,True,asimmetrik cavab; qeyri-proporsional miqyas,,,,,,,,,
gas,Qazın ixrac qiyməti,fr1:rev_oil_n,Neft-qaz büdcə gəlirləri,2026,"mln AZN, cari qiymətlər",0,0,,,,,,,,,,,,,False,,,,,,,,,,
gas,Qazın ixrac qiyməti,fr1:rev_oil_n,Neft-qaz büdcə gəlirləri,2027,"mln AZN, cari qiymətlər",-1680.46,2347.94,1.18225,0.0835145,1.3972,0.165693,1.94659,0.32125,2.6977,0.459123,0.187622,-0.147564,0.412684,-0.268338,True,asimmetrik cavab; qeyri-proporsional miqyas,,,,,,,,,
gas,Qazın ixrac qiyməti,fr1:rev_oil_n,Neft-qaz büdcə gəlirləri,2028,"mln AZN, cari qiymətlər",-1571.63,2200.43,1.18348,0.0840304,1.40009,0.166698,1.9545,0.323067,2.71365,0.461446,0.189048,-0.148236,0.416118,-0.269363,True,asimmetrik cavab; qeyri-proporsional miqyas,,,,,,,,,
gas,Qazın ixrac qiyməti,fr1:rev_oil_n,Neft-qaz büdcə gəlirləri,2029,"mln AZN, cari qiymətlər",-1598.76,2238.51,1.1835,0.0840414,1.40015,0.16672,1.95467,0.323106,2.71399,0.461496,0.189079,-0.14825,0.416192,-0.269385,True,asimmetrik cavab; qeyri-proporsional miqyas,,,,,,,,,
gas,Qazın ixrac qiyməti,fr1:rev_oil_n,Neft-qaz büdcə gəlirləri,2030,"mln AZN, cari qiymətlər",-1571.01,2202.26,1.18421,0.0843358,1.40181,0.167294,1.95921,0.324144,2.72317,0.462823,0.189902,-0.148629,0.41818,-0.269963,True,asimmetrik cavab; qeyri-proporsional miqyas,,,,,,,,,
gas,Qazın ixrac qiyməti,fr1:rev_tot_n,Büdcə gəlirləri,2026,"mln AZN, cari qiymətlər",0,0,,,,,,,,,,,,,False,,,,,,,,,,
gas,Qazın ixrac qiyməti,fr1:rev_tot_n,Büdcə gəlirləri,2027,"mln AZN, cari qiymətlər",-2637.86,3535.14,1.15782,0.0731381,1.34015,0.145355,1.79195,0.283654,2.38613,0.409355,0.163232,-0.130048,0.355767,-0.238544,True,asimmetrik cavab; qeyri-proporsional miqyas,,,,,,,,,
gas,Qazın ixrac qiyməti,fr1:rev_tot_n,Büdcə gəlirləri,2028,"mln AZN, cari qiymətlər",-2602.67,3484,1.15716,0.0728547,1.33862,0.144796,1.78784,0.282599,2.37786,0.40791,0.162797,-0.129371,0.354846,-0.237286,True,asimmetrik cavab; qeyri-proporsional miqyas,,,,,,,,,
gas,Qazın ixrac qiyməti,fr1:rev_tot_n,Büdcə gəlirləri,2029,"mln AZN, cari qiymətlər",-2739.65,3662.32,1.15636,0.0725113,1.33678,0.144122,1.78298,0.281347,2.36834,0.406236,0.162049,-0.12876,0.353143,-0.236234,True,asimmetrik cavab; qeyri-proporsional miqyas,,,,,,,,,
gas,Qazın ixrac qiyməti,fr1:rev_tot_n,Büdcə gəlirləri,2030,"mln AZN, cari qiymətlər",-2823.49,3767.51,1.1553,0.0720566,1.33435,0.14323,1.77657,0.279686,2.35578,0.404013,0.161267,-0.127794,0.351491,-0.234495,True,asimmetrik cavab; qeyri-proporsional miqyas,,,,,,,,,
gas,Qazın ixrac qiyməti,fr1:rgdp,Real ÜDM,2026,"mln AZN, 2015 qiymətləri",0,0,,,,,,,,,,,,,False,,,,,,,,,,
gas,Qazın ixrac qiyməti,fr1:rgdp,Real ÜDM,2027,"mln AZN, 2015 qiymətləri",-241.966,325.185,1.15966,0.0739303,1.34393,0.14673,1.79676,0.284887,2.37886,0.408084,0.140586,-0.146874,0.28444,-0.274361,True,asimmetrik cavab; qeyri-proporsional miqyas,,,,,,,,,
gas,Qazın ixrac qiyməti,fr1:rgdp,Real ÜDM,2028,"mln AZN, 2015 qiymətləri",-121.8,199.272,1.27845,0.12221,1.63607,0.241294,2.69996,0.459454,4.55055,0.639676,0.218177,-0.261834,0.44273,-0.481293,True,asimmetrik cavab; qeyri-proporsional miqyas,,,,,,,,,
gas,Qazın ixrac qiyməti,fr1:rgdp,Real ÜDM,2029,"mln AZN, 2015 qiymətləri",-130.683,216.135,1.28523,0.124815,1.65389,0.246388,2.76508,0.468803,4.7471,0.651998,0.221236,-0.269538,0.448197,-0.495449,True,asimmetrik cavab; qeyri-proporsional miqyas,,,,,,,,,
gas,Qazın ixrac qiyməti,fr1:rgdp,Real ÜDM,2030,"mln AZN, 2015 qiymətləri",-71.4374,157.547,1.4745,0.191756,2.20538,0.376049,5.63518,0.698576,32.2783,0.939901,0.308541,-0.48789,0.625362,-0.888949,True,asimmetrik cavab; qeyri-proporsional miqyas,,,,,,,,,
gas,Qazın ixrac qiyməti,fr1:rgdpnon,Real qeyri-neft ÜDM,2026,"mln AZN, 2015 qiymətləri",0,0,,,,,,,,,,,,,False,,,,,,,,,,
gas,Qazın ixrac qiyməti,fr1:rgdpnon,Real qeyri-neft ÜDM,2027,"mln AZN, 2015 qiymətləri",-262.225,352.41,1.15966,0.0739303,1.34393,0.14673,1.79676,0.284887,2.37886,0.408084,0.140586,-0.146874,0.28444,-0.274361,True,asimmetrik cavab; qeyri-proporsional miqyas,,,,,,,,,
gas,Qazın ixrac qiyməti,fr1:rgdpnon,Real qeyri-neft ÜDM,2028,"mln AZN, 2015 qiymətləri",-293.005,397.084,1.16454,0.0760146,1.35521,0.15082,1.82678,0.292482,2.43786,0.418242,0.146235,-0.149656,0.29764,-0.278638,True,asimmetrik cavab; qeyri-proporsional miqyas,,,,,,,,,
gas,Qazın ixrac qiyməti,fr1:rgdpnon,Real qeyri-neft ÜDM,2029,"mln AZN, 2015 qiymətləri",-331.541,449.885,1.16528,0.0763324,1.35695,0.151447,1.83154,0.29367,2.44759,0.419884,0.147656,-0.149723,0.301369,-0.278516,True,asimmetrik cavab; qeyri-proporsional miqyas,,,,,,,,,
gas,Qazın ixrac qiyməti,fr1:rgdpnon,Real qeyri-neft ÜDM,2030,"mln AZN, 2015 qiymətləri",-360.733,491.973,1.16823,0.0775883,1.36381,0.15391,1.84998,0.29824,2.48423,0.425985,0.150922,-0.151533,0.30897,-0.28139,True,asimmetrik cavab; qeyri-proporsional miqyas,,,,,,,,,
gas,Qazın ixrac qiyməti,fr1:rhhdisp,Ev təsərrüfatlarının real sərəncamda qalan gəliri,2026,"mln AZN, 2015 qiymətləri",0,0,,,,,,,,,,,,,False,,,,,,,,,,
gas,Qazın ixrac qiyməti,fr1:rhhdisp,Ev təsərrüfatlarının real sərəncamda qalan gəliri,2027,"mln AZN, 2015 qiymətləri",-178.717,240.03,1.1593,0.073773,1.34307,0.14642,1.79444,0.284294,2.37414,0.407256,0.140058,-0.14671,0.28312,-0.274128,True,asimmetrik cavab; qeyri-proporsional miqyas,,,,,,,,,
gas,Qazın ixrac qiyməti,fr1:rhhdisp,Ev təsərrüfatlarının real sərəncamda qalan gəliri,2028,"mln AZN, 2015 qiymətləri",-198.28,268.522,1.16413,0.0758406,1.35426,0.150476,1.82416,0.291825,2.43246,0.417328,0.145638,-0.149478,0.296133,-0.278386,True,asimmetrik cavab; qeyri-proporsional miqyas,,,,,,,,,
gas,Qazın ixrac qiyməti,fr1:rhhdisp,Ev təsərrüfatlarının real sərəncamda qalan gəliri,2029,"mln AZN, 2015 qiymətləri",-222.756,302.034,1.16483,0.0761403,1.3559,0.151067,1.82864,0.292946,2.4416,0.418875,0.146995,-0.149526,0.299693,-0.278238,True,asimmetrik cavab; qeyri-proporsional miqyas,,,,,,,,,
gas,Qazın ixrac qiyməti,fr1:rhhdisp,Ev təsərrüfatlarının real sərəncamda qalan gəliri,2030,"mln AZN, 2015 qiymətləri",-240.863,328.221,1.16775,0.0773843,1.36269,0.153507,1.84686,0.297471,2.47775,0.424915,0.150212,-0.151325,0.307162,-0.281099,True,asimmetrik cavab; qeyri-proporsional miqyas,,,,,,,,,
gas,Qazın ixrac qiyməti,fr1:rinv_state,Dövlət investisiyaları (real),2026,"mln AZN, 2015 qiymətləri",0,0,,,,,,,,,,,,,False,,,,,,,,,,
gas,Qazın ixrac qiyməti,fr1:rinv_state,Dövlət investisiyaları (real),2027,"mln AZN, 2015 qiymətləri",-443.519,623.117,1.18564,0.0849342,1.40494,0.168378,1.96515,0.325499,2.72581,0.463204,0.173699,-0.160892,0.365847,-0.296015,True,asimmetrik cavab; qeyri-proporsional miqyas,,,,,,,,,
gas,Qazın ixrac qiyməti,fr1:rinv_state,Dövlət investisiyaları (real),2028,"mln AZN, 2015 qiymətləri",-442.055,624.297,1.18873,0.0862294,1.41226,0.170902,1.98538,0.330068,2.76699,0.469073,0.177293,-0.162555,0.374461,-0.298481,True,asimmetrik cavab; qeyri-proporsional miqyas,,,,,,,,,
gas,Qazın ixrac qiyməti,fr1:rinv_state,Dövlət investisiyaları (real),2029,"mln AZN, 2015 qiymətləri",-458.034,646.338,1.18825,0.0860285,1.41111,0.170508,1.98209,0.329331,2.75996,0.46808,0.177383,-0.161785,0.375067,-0.296956,True,asimmetrik cavab; qeyri-proporsional miqyas,,,,,,,,,
gas,Qazın ixrac qiyməti,fr1:rinv_state,Dövlət investisiyaları (real),2030,"mln AZN, 2015 qiymətləri",-460.092,651.761,1.19056,0.086992,1.41659,0.172387,1.99735,0.332744,2.79138,0.472488,0.179796,-0.163249,0.380733,-0.299297,True,asimmetrik cavab; qeyri-proporsional miqyas,,,,,,,,,
gas,Qazın ixrac qiyməti,fr1:rinv_tot,Əsas kapitala investisiyalar (real),2026,"mln AZN, 2015 qiymətləri",0,0,,,,,,,,,,,,,False,,,,,,,,,,
gas,Qazın ixrac qiyməti,fr1:rinv_tot,Əsas kapitala investisiyalar (real),2027,"mln AZN, 2015 qiymətləri",-567.771,792.419,1.18173,0.0832951,1.39567,0.165159,1.93903,0.319504,2.67083,0.455164,0.168184,-0.159171,0.351826,-0.29359,True,asimmetrik cavab; qeyri-proporsional miqyas,,,,,,,,,
gas,Qazın ixrac qiyməti,fr1:rinv_tot,Əsas kapitala investisiyalar (real),2028,"mln AZN, 2015 qiymətləri",-570.648,800.802,1.18498,0.0846578,1.40332,0.167817,1.96003,0.32433,2.71328,0.461392,0.171953,-0.160917,0.360814,-0.296181,True,asimmetrik cavab; qeyri-proporsional miqyas,,,,,,,,,
gas,Qazın ixrac qiyməti,fr1:rinv_tot,Əsas kapitala investisiyalar (real),2029,"mln AZN, 2015 qiymətləri",-596.456,836.353,1.18451,0.0844613,1.4022,0.167431,1.95687,0.323609,2.7066,0.460422,0.172072,-0.160147,0.3615,-0.294649,True,asimmetrik cavab; qeyri-proporsional miqyas,,,,,,,,,
gas,Qazın ixrac qiyməti,fr1:rinv_tot,Əsas kapitala investisiyalar (real),2030,"mln AZN, 2015 qiymətləri",-603.712,849.948,1.1869,0.0854647,1.40787,0.16939,1.97255,0.327178,2.73869,0.465053,0.17459,-0.161661,0.367394,-0.297067,True,asimmetrik cavab; qeyri-proporsional miqyas,,,,,,,,,
gas,Qazın ixrac qiyməti,fr1:rm_non,Qeyri-neft mal idxalı (real),2026,"mln AZN, 2015 qiymətləri",0,0,,,,,,,,,,,,,False,,,,,,,,,,
gas,Qazın ixrac qiyməti,fr1:rm_non,Qeyri-neft mal idxalı (real),2027,"mln AZN, 2015 qiymətləri",56.0621,-52.3196,0.965602,0.0174998,0.933244,0.0345305,0.877306,0.0653562,0.836489,0.0890345,-0.0412064,0.0199269,-0.0784919,0.0280969,False,,,,,,,,,,
gas,Qazın ixrac qiyməti,fr1:rm_non,Qeyri-neft mal idxalı (real),2028,"mln AZN, 2015 qiymətləri",46.0218,-39.0278,0.920641,0.0413192,0.848028,0.0822347,0.72237,0.16119,0.621586,0.23336,-0.102701,0.0533859,-0.202432,0.0881186,True,asimmetrik cavab; qeyri-proporsional miqyas,,,,,,,,,
gas,Qazın ixrac qiyməti,fr1:rm_non,Qeyri-neft mal idxalı (real),2029,"mln AZN, 2015 qiymətləri",36.9292,-26.908,0.854469,0.078476,0.728638,0.15698,0.522057,0.314011,0.360346,0.470215,-0.210825,0.101455,-0.41893,0.174954,True,asimmetrik cavab; qeyri-proporsional miqyas,,,,,,,,,
gas,Qazın ixrac qiyməti,fr1:rm_non,Qeyri-neft mal idxalı (real),2030,"mln AZN, 2015 qiymətləri",30.4963,-17.604,0.764898,0.13321,0.577249,0.26803,0.291189,0.54896,0.0777483,0.855721,-0.414016,0.161646,-0.827161,0.283259,True,asimmetrik cavab; qeyri-proporsional miqyas,,,,,,,,,
gas,Qazın ixrac qiyməti,fr1:rva_agr,"Real əlavə dəyər: Kənd, meşə və balıqçılıq",2026,"mln AZN, 2015 qiymətləri",0,0,,,,,,,,,,,,,False,,,,,,,,,,
gas,Qazın ixrac qiyməti,fr1:rva_agr,"Real əlavə dəyər: Kənd, meşə və balıqçılıq",2027,"mln AZN, 2015 qiymətləri",0,0,,,,,,,,,,,,,False,,,,,,,,,,
gas,Qazın ixrac qiyməti,fr1:rva_agr,"Real əlavə dəyər: Kənd, meşə və balıqçılıq",2028,"mln AZN, 2015 qiymətləri",0,0,,,,,,,,,,,,,False,,,,,,,,,,
gas,Qazın ixrac qiyməti,fr1:rva_agr,"Real əlavə dəyər: Kənd, meşə və balıqçılıq",2029,"mln AZN, 2015 qiymətləri",0,0,,,,,,,,,,,,,False,,,,,,,,,,
gas,Qazın ixrac qiyməti,fr1:rva_agr,"Real əlavə dəyər: Kənd, meşə və balıqçılıq",2030,"mln AZN, 2015 qiymətləri",0,0,,,,,,,,,,,,,False,,,,,,,,,,
gas,Qazın ixrac qiyməti,fr1:rva_con,Real əlavə dəyər: Tikinti,2026,"mln AZN, 2015 qiymətləri",0,0,,,,,,,,,,,,,False,,,,,,,,,,
gas,Qazın ixrac qiyməti,fr1:rva_con,Real əlavə dəyər: Tikinti,2027,"mln AZN, 2015 qiymətləri",-140.681,191.355,1.16667,0.076923,1.36021,0.152617,1.8406,0.295923,2.46649,0.423048,0.146708,-0.15258,0.297684,-0.284361,True,asimmetrik cavab; qeyri-proporsional miqyas,,,,,,,,,
gas,Qazın ixrac qiyməti,fr1:rva_con,Real əlavə dəyər: Tikinti,2028,"mln AZN, 2015 qiymətləri",-150.003,205.432,1.17067,0.0786238,1.36951,0.155945,1.86551,0.302044,2.51563,0.431111,0.151396,-0.154733,0.308679,-0.287552,True,asimmetrik cavab; qeyri-proporsional miqyas,,,,,,,,,
gas,Qazın ixrac qiyməti,fr1:rva_con,Real əlavə dəyər: Tikinti,2029,"mln AZN, 2015 qiymətləri",-162.659,222.641,1.17034,0.0784862,1.36876,0.155675,1.86346,0.301545,2.51156,0.430453,0.151781,-0.15399,0.310076,-0.286032,True,asimmetrik cavab; qeyri-proporsional miqyas,,,,,,,,,
gas,Qazın ixrac qiyməti,fr1:rva_con,Real əlavə dəyər: Tikinti,2030,"mln AZN, 2015 qiymətləri",-167.871,230.912,1.17324,0.0797157,1.37553,0.158083,1.88179,0.305987,2.5482,0.436334,0.15493,-0.155782,0.317387,-0.288867,True,asimmetrik cavab; qeyri-proporsional miqyas,,,,,,,,,
gas,Qazın ixrac qiyməti,fr1:rva_man,Real əlavə dəyər: Emal sənayesi,2026,"mln AZN, 2015 qiymətləri",0,0,,,,,,,,,,,,,False,,,,,,,,,,
gas,Qazın ixrac qiyməti,fr1:rva_man,Real əlavə dəyər: Emal sənayesi,2027,"mln AZN, 2015 qiymətləri",-42.6989,57.0664,1.15646,0.0725554,1.33648,0.144013,1.7766,0.279695,2.33803,0.400843,0.13259,-0.147986,0.263221,-0.277906,True,asimmetrik cavab; qeyri-proporsional miqyas,,,,,,,,,
gas,Qazın ixrac qiyməti,fr1:rva_man,Real əlavə dəyər: Emal sənayesi,2028,"mln AZN, 2015 qiymətləri",-49.1435,66.36,1.16245,0.0751222,1.35033,0.149056,1.81339,0.289115,2.4104,0.413559,0.140076,-0.15105,0.280977,-0.282385,True,asimmetrik cavab; qeyri-proporsional miqyas,,,,,,,,,
gas,Qazın ixrac qiyməti,fr1:rva_man,Real əlavə dəyər: Emal sənayesi,2029,"mln AZN, 2015 qiymətləri",-57.8441,78.2814,1.16373,0.0756684,1.35332,0.150135,1.82157,0.291175,2.42719,0.416432,0.142669,-0.151066,0.287792,-0.281973,True,asimmetrik cavab; qeyri-proporsional miqyas,,,,,,,,,
gas,Qazın ixrac qiyməti,fr1:rva_man,Real əlavə dəyər: Emal sənayesi,2030,"mln AZN, 2015 qiymətləri",-66.0501,89.9657,1.16749,0.0772753,1.36208,0.153289,1.84513,0.297044,2.47407,0.424306,0.147125,-0.153188,0.298302,-0.285228,True,asimmetrik cavab; qeyri-proporsional miqyas,,,,,,,,,
gas,Qazın ixrac qiyməti,fr1:rva_trd,Real əlavə dəyər: Ticarət; nəqliyyat vasitələrinin təmiri,2026,"mln AZN, 2015 qiymətləri",0,0,,,,,,,,,,,,,False,,,,,,,,,,
gas,Qazın ixrac qiyməti,fr1:rva_trd,Real əlavə dəyər: Ticarət; nəqliyyat vasitələrinin təmiri,2027,"mln AZN, 2015 qiymətləri",-34.3918,46.2094,1.15953,0.0738734,1.34362,0.146618,1.79592,0.284672,2.37715,0.407784,0.140395,-0.146814,0.283962,-0.274276,True,asimmetrik cavab; qeyri-proporsional miqyas,,,,,,,,,
gas,Qazın ixrac qiyməti,fr1:rva_trd,Real əlavə dəyər: Ticarət; nəqliyyat vasitələrinin təmiri,2028,"mln AZN, 2015 qiymətləri",-37.9731,51.4479,1.16438,0.0759484,1.35485,0.150689,1.82578,0.292232,2.4358,0.417894,0.146007,-0.149588,0.297064,-0.278542,True,asimmetrik cavab; qeyri-proporsional miqyas,,,,,,,,,
gas,Qazın ixrac qiyməti,fr1:rva_trd,Real əlavə dəyər: Ticarət; nəqliyyat vasitələrinin təmiri,2029,"mln AZN, 2015 qiymətləri",-42.615,57.8089,1.1651,0.0762569,1.35654,0.151297,1.8304,0.293385,2.44523,0.419486,0.147395,-0.149646,0.300706,-0.278407,True,asimmetrik cavab; qeyri-proporsional miqyas,,,,,,,,,
gas,Qazın ixrac qiyməti,fr1:rva_trd,Real əlavə dəyər: Ticarət; nəqliyyat vasitələrinin təmiri,2030,"mln AZN, 2015 qiymətləri",-46.11,62.8646,1.16804,0.0775063,1.36336,0.153748,1.84872,0.29793,2.48161,0.425554,0.150635,-0.15145,0.308239,-0.281273,True,asimmetrik cavab; qeyri-proporsional miqyas,,,,,,,,,
gas,Qazın ixrac qiyməti,fr1:rx_non,Qeyri-neft mal ixracı (real),2026,"mln AZN, 2015 qiymətləri",0,0,,,,,,,,,,,,,False,,,,,,,,,,
gas,Qazın ixrac qiyməti,fr1:rx_non,Qeyri-neft mal ixracı (real),2027,"mln AZN, 2015 qiymətləri",-8.86645,11.7822,1.15316,0.0711341,1.32885,0.141206,1.75616,0.274354,2.29723,0.39343,0.127958,-0.146501,0.251923,-0.275817,True,asimmetrik cavab; qeyri-proporsional miqyas,,,,,,,,,
gas,Qazın ixrac qiyməti,fr1:rx_non,Qeyri-neft mal ixracı (real),2028,"mln AZN, 2015 qiymətləri",-10.5693,14.1832,1.15884,0.0735751,1.34193,0.146002,1.7906,0.283307,2.36422,0.405509,0.134919,-0.149459,0.268226,-0.280159,True,asimmetrik cavab; qeyri-proporsional miqyas,,,,,,,,,
gas,Qazın ixrac qiyməti,fr1:rx_non,Qeyri-neft mal ixracı (real),2029,"mln AZN, 2015 qiymətləri",-12.8129,17.2208,1.15974,0.0739612,1.34402,0.146765,1.79628,0.284764,2.37574,0.407538,0.136943,-0.149311,0.273565,-0.279512,True,asimmetrik cavab; qeyri-proporsional miqyas,,,,,,,,,
gas,Qazın ixrac qiyməti,fr1:rx_non,Qeyri-neft mal ixracı (real),2030,"mln AZN, 2015 qiymətləri",-15.0707,20.3759,1.16319,0.0754401,1.35202,0.149667,1.81754,0.290161,2.41746,0.414769,0.14089,-0.151321,0.282695,-0.282622,True,asimmetrik cavab; qeyri-proporsional miqyas,,,,,,,,,
gas,Qazın ixrac qiyməti,fr1:unemp,İşsizlik səviyyəsi,2026,%,0,0,,,,,,,,,,,,,False,,,,,,,,,,
gas,Qazın ixrac qiyməti,fr1:unemp,İşsizlik səviyyəsi,2027,%,0.0154947,-0.02071,1.15651,-0.0725749,1.33659,-0.144052,1.77689,-0.27977,2.33856,-0.400938,0.136047,-0.145457,0.273129,-0.272349,True,asimmetrik cavab; qeyri-proporsional miqyas,,,,,,,,,
gas,Qazın ixrac qiyməti,fr1:unemp,İşsizlik səviyyəsi,2028,%,0.0165939,-0.0223563,1.16113,-0.0745597,1.34727,-0.147945,1.80503,-0.286996,2.39325,-0.410594,0.141276,-0.148157,0.285165,-0.276522,True,asimmetrik cavab; qeyri-proporsional miqyas,,,,,,,,,
gas,Qazın ixrac qiyməti,fr1:unemp,İşsizlik səviyyəsi,2029,%,0.0179335,-0.0241809,1.16161,-0.0747619,1.34836,-0.148343,1.80799,-0.287747,2.39918,-0.411623,0.142286,-0.148105,0.287822,-0.276231,True,asimmetrik cavab; qeyri-proporsional miqyas,,,,,,,,,
gas,Qazın ixrac qiyməti,fr1:unemp,İşsizlik səviyyəsi,2030,%,0.0187306,-0.025376,1.16438,-0.0759464,1.35479,-0.150666,1.82507,-0.292053,2.43269,-0.417367,0.145251,-0.149857,0.294589,-0.279033,True,asimmetrik cavab; qeyri-proporsional miqyas,,,,,,,,,
gas,Qazın ixrac qiyməti,fr1:wage,Orta aylıq nominal əmək haqqı,2026,AZN/ay,0,0,,,,,,,,,,,,,False,,,,,,,,,,
gas,Qazın ixrac qiyməti,fr1:wage,Orta aylıq nominal əmək haqqı,2027,AZN/ay,-5.97565,8.0266,1.15936,0.0738,1.34322,0.146473,1.79484,0.284395,2.37494,0.407398,0.140148,-0.146738,0.283344,-0.274168,True,asimmetrik cavab; qeyri-proporsional miqyas,,,,,,,,,
gas,Qazın ixrac qiyməti,fr1:wage,Orta aylıq nominal əmək haqqı,2028,AZN/ay,-6.85469,9.28506,1.16426,0.0758945,1.35456,0.150583,1.82498,0.292031,2.43417,0.417617,0.145829,-0.149532,0.296619,-0.278462,True,asimmetrik cavab; qeyri-proporsional miqyas,,,,,,,,,
gas,Qazın ixrac qiyməti,fr1:wage,Orta aylıq nominal əmək haqqı,2029,AZN/ay,-7.9477,10.7797,1.16501,0.0762186,1.35633,0.151222,1.82983,0.293243,2.44408,0.419293,0.147271,-0.149604,0.300401,-0.278348,True,asimmetrik cavab; qeyri-proporsional miqyas,,,,,,,,,
gas,Qazın ixrac qiyməti,fr1:wage,Orta aylıq nominal əmək haqqı,2030,AZN/ay,-8.85261,12.0681,1.16798,0.0774814,1.36323,0.153699,1.84835,0.297839,2.48088,0.425432,0.150557,-0.151423,0.308049,-0.281235,True,asimmetrik cavab; qeyri-proporsional miqyas,,,,,,,,,
gas,Qazın ixrac qiyməti,fr3:rw_avg,"Orta aylıq əmək haqqı, real (2015 qiymətləri)",2026,"AZN/ay, 2015 qiymətləri",0,0,,,,,,,,,,,,,False,,,,,,,,,,
gas,Qazın ixrac qiyməti,fr3:rw_avg,"Orta aylıq əmək haqqı, real (2015 qiymətləri)",2027,"AZN/ay, 2015 qiymətləri",-2.04404,2.74487,1.15921,0.0737352,1.34287,0.146345,1.79389,0.284153,2.37304,0.407063,0.139936,-0.146669,0.282822,-0.27407,True,asimmetrik cavab; qeyri-proporsional miqyas,,,,,,,,,
gas,Qazın ixrac qiyməti,fr3:rw_avg,"Orta aylıq əmək haqqı, real (2015 qiymətləri)",2028,"AZN/ay, 2015 qiymətləri",-2.25262,3.05023,1.16405,0.0758076,1.35408,0.150411,1.82368,0.291704,2.43149,0.417162,0.145532,-0.149443,0.295873,-0.278336,True,asimmetrik cavab; qeyri-proporsional miqyas,,,,,,,,,
gas,Qazın ixrac qiyməti,fr3:rw_avg,"Orta aylıq əmək haqqı, real (2015 qiymətləri)",2029,"AZN/ay, 2015 qiymətləri",-2.51825,3.41414,1.16477,0.0761144,1.35576,0.151016,1.82826,0.292851,2.44084,0.418746,0.146913,-0.149498,0.299495,-0.278198,True,asimmetrik cavab; qeyri-proporsional miqyas,,,,,,,,,
gas,Qazın ixrac qiyməti,fr3:rw_avg,"Orta aylıq əmək haqqı, real (2015 qiymətləri)",2030,"AZN/ay, 2015 qiymətləri",-2.7125,3.69603,1.16771,0.0773656,1.36259,0.153471,1.84659,0.297404,2.47721,0.424826,0.150155,-0.151305,0.307028,-0.28107,True,asimmetrik cavab; qeyri-proporsional miqyas,,,,,,,,,
gas,Qazın ixrac qiyməti,fr4:budget,Büdcə təşkilatlarında muzdlu işçilər,2026,min nəfər,0,0,,,,,,,,,,,,,False,,,,,,,,,,
gas,Qazın ixrac qiyməti,fr4:budget,Büdcə təşkilatlarında muzdlu işçilər,2027,min nəfər,0.389183,-0.519693,1.15597,-0.0723435,1.33534,-0.143595,1.77356,-0.278905,2.33195,-0.399751,0.134339,-0.145936,0.268551,-0.273589,True,asimmetrik cavab; qeyri-proporsional miqyas,,,,,,,,,
gas,Qazın ixrac qiyməti,fr4:budget,Büdcə təşkilatlarında muzdlu işçilər,2028,min nəfər,0.425977,-0.573419,1.16064,-0.07435,1.34613,-0.147531,1.80194,-0.28621,2.38702,-0.40951,0.139725,-0.148578,0.280982,-0.277608,True,asimmetrik cavab; qeyri-proporsional miqyas,,,,,,,,,
gas,Qazın ixrac qiyməti,fr4:budget,Büdcə təşkilatlarında muzdlu işçilər,2029,min nəfər,0.469985,-0.633063,1.16101,-0.0745081,1.34698,-0.147843,1.80426,-0.286799,2.39167,-0.410321,0.140732,-0.148377,0.283695,-0.277027,True,asimmetrik cavab; qeyri-proporsional miqyas,,,,,,,,,
gas,Qazın ixrac qiyməti,fr4:budget,Büdcə təşkilatlarında muzdlu işçilər,2030,min nəfər,0.50153,-0.678825,1.16383,-0.0757127,1.35351,-0.150205,1.82158,-0.291177,2.42558,-0.416158,0.143767,-0.150133,0.290621,-0.279816,True,asimmetrik cavab; qeyri-proporsional miqyas,,,,,,,,,
gas,Qazın ixrac qiyməti,fr5:vol:total,"Pullu xidmətlər, cəmi: real həcm (2015 qiymətləri)",2026,"mln AZN, 2015 qiymətləri",0,0,,,,,,,,,,,,,False,,,,,,,,,,
gas,Qazın ixrac qiyməti,fr5:vol:total,"Pullu xidmətlər, cəmi: real həcm (2015 qiymətləri)",2027,"mln AZN, 2015 qiymətləri",-45.5035,61.1608,1.15974,0.0739608,1.34409,0.146791,1.79721,0.285002,2.37977,0.408244,0.140689,-0.146906,0.284697,-0.274406,True,asimmetrik cavab; qeyri-proporsional miqyas,,,,,,,,,
gas,Qazın ixrac qiyməti,fr5:vol:total,"Pullu xidmətlər, cəmi: real həcm (2015 qiymətləri)",2028,"mln AZN, 2015 qiymətləri",-50.8442,68.9138,1.16461,0.0760471,1.35539,0.150884,1.82727,0.292604,2.43886,0.418413,0.146346,-0.14969,0.297921,-0.278685,True,asimmetrik cavab; qeyri-proporsional miqyas,,,,,,,,,
gas,Qazın ixrac qiyməti,fr5:vol:total,"Pullu xidmətlər, cəmi: real həcm (2015 qiymətləri)",2029,"mln AZN, 2015 qiymətləri",-57.5529,78.1076,1.16536,0.0763673,1.35714,0.151515,1.83206,0.293801,2.44867,0.420067,0.147776,-0.149759,0.301672,-0.278567,True,asimmetrik cavab; qeyri-proporsional miqyas,,,,,,,,,
gas,Qazın ixrac qiyməti,fr5:vol:total,"Pullu xidmətlər, cəmi: real həcm (2015 qiymətləri)",2030,"mln AZN, 2015 qiymətləri",-62.6471,85.4516,1.16831,0.0776246,1.36401,0.153982,1.85053,0.298376,2.48538,0.426175,0.151047,-0.15157,0.30929,-0.281442,True,asimmetrik cavab; qeyri-proporsional miqyas,,,,,,,,,
gas,Qazın ixrac qiyməti,ru:budget_gdp,Büdcə balansı,2026,% ÜDM (f.b.),0,0,,,,,,,,,,,,,False,,"Büdcə balansı həddi (< hədd, % ÜDM)",-1,0.655559,,,,,8,
gas,Qazın ixrac qiyməti,ru:budget_gdp,Büdcə balansı,2027,% ÜDM (f.b.),-0.0766887,0.0537906,0.832255,-0.0915511,0.701415,-0.175492,0.549037,-0.291125,0.541102,-0.297772,-0.0932302,0.158432,-0.00126727,0.294628,True,asimmetrik cavab; qeyri-proporsional miqyas,"Büdcə balansı həddi (< hədd, % ÜDM)",-1,0.32115,,,,,8,
gas,Qazın ixrac qiyməti,ru:budget_gdp,Büdcə balansı,2028,% ÜDM (f.b.),-0.0232873,-0.0256291,1.15549,-1,1.10056,-1,1.07999,-1,1.03514,-1,0.883778,0.919646,1.52349,1.68296,True,asimmetrik cavab; qeyri-proporsional miqyas,"Büdcə balansı həddi (< hədd, % ÜDM)",-1,0.0335283,,,,,8,
gas,Qazın ixrac qiyməti,ru:budget_gdp,Büdcə balansı,2029,% ÜDM (f.b.),0.00932218,-0.072444,2.31802,-0.397231,7.77115,-0.77198,6.05466,-1,3.37545,-1,0.443418,-2.85263,0.826939,-5.20608,True,asimmetrik cavab; qeyri-proporsional miqyas,"Büdcə balansı həddi (< hədd, % ÜDM)",-1,0.108813,,,,,8,
gas,Qazın ixrac qiyməti,ru:budget_gdp,Büdcə balansı,2030,% ÜDM (f.b.),0.0317442,-0.108783,1.78309,-0.281374,3.42686,-0.548213,637.487,-0.996868,7.42112,-1,0.382011,-0.992571,0.742193,-1.80449,True,asimmetrik cavab; qeyri-proporsional miqyas,"Büdcə balansı həddi (< hədd, % ÜDM)",-1,0.141054,,,,,8,
gas,Qazın ixrac qiyməti,ru:cpi,"İnflyasiya (İQİ, illik orta)",2026,f.b.,0,0,,,,,,,,,,,,,False,,İnflyasiya həddi (> hədd),6,5.2991,,,,,10,
gas,Qazın ixrac qiyməti,ru:cpi,"İnflyasiya (İQİ, illik orta)",2027,f.b.,-0.166159,0.221941,1.15613,0.072413,1.33572,0.143732,1.77453,0.279158,2.33381,0.400085,0.135509,-0.145287,0.271796,-0.272108,True,asimmetrik cavab; qeyri-proporsional miqyas,İnflyasiya həddi (> hədd),6,5.7416,,1.12924,,194.375,10,
gas,Qazın ixrac qiyməti,ru:cpi,"İnflyasiya (İQİ, illik orta)",2028,f.b.,-0.011576,0.017366,1.2256,0.101365,1.50018,0.200057,2.22851,0.38052,3.25149,0.529577,0.207873,-0.18689,0.438304,-0.336393,True,asimmetrik cavab; qeyri-proporsional miqyas,İnflyasiya həddi (> hədd),6,5.8752,,,,,10,
gas,Qazın ixrac qiyməti,ru:cpi,"İnflyasiya (İQİ, illik orta)",2029,f.b.,-0.0141054,0.0192058,1.16729,0.0771895,1.36159,0.153113,1.84355,0.296655,2.47009,0.423646,0.154496,-0.147326,0.319989,-0.272381,True,asimmetrik cavab; qeyri-proporsional miqyas,İnflyasiya həddi (> hədd),6,5.9149,,,,,10,
gas,Qazın ixrac qiyməti,ru:cpi,"İnflyasiya (İQİ, illik orta)",2030,f.b.,-0.00829963,0.0124742,1.22664,0.101785,1.50298,0.200952,2.23965,0.38265,3.28501,0.533256,0.20647,-0.190366,0.434139,-0.343842,True,asimmetrik cavab; qeyri-proporsional miqyas,İnflyasiya həddi (> hədd),6,5.9278,,,,,10,
gas,Qazın ixrac qiyməti,ru:debt_gdp,Dövlət borcu,2026,% ÜDM (f.b.),0,0,,,,,,,,,,,,,False,,Dövlət borcu > 30% ÜDM (DSA həddi),30,17.2926,,,,,15,
gas,Qazın ixrac qiyməti,ru:debt_gdp,Dövlət borcu,2027,% ÜDM (f.b.),0.742114,-0.791198,1.0323,-0.015894,1.06614,-0.0320123,1.14079,-0.0657643,1.22895,-0.102716,0.0353562,-0.0323906,0.0768469,-0.0658094,True,asimmetrik cavab,Dövlət borcu > 30% ÜDM (DSA həddi),30,15.6733,,,,,15,
gas,Qazın ixrac qiyməti,ru:debt_gdp,Dövlət borcu,2028,% ÜDM (f.b.),0.652327,-0.648894,0.996525,0.00174037,0.994738,0.00263818,1.00258,-0.00129057,1.03543,-0.0174079,0.0117001,0.00378183,0.0437301,0.00270888,False,,Dövlət borcu > 30% ÜDM (DSA həddi),30,14.5227,,,,,15,
gas,Qazın ixrac qiyməti,ru:debt_gdp,Dövlət borcu,2029,% ÜDM (f.b.),0.561585,-0.497588,0.939668,0.0311041,0.886041,0.0604223,0.807023,0.106793,0.775293,0.126574,-0.0387102,0.0554121,-0.0380306,0.0993832,True,asimmetrik cavab,Dövlət borcu > 30% ÜDM (DSA həddi),30,13.1051,,,,,15,
gas,Qazın ixrac qiyməti,ru:debt_gdp,Dövlət borcu,2030,% ÜDM (f.b.),0.45335,-0.320862,0.839396,0.0873133,0.707757,0.171127,0.521932,0.314119,0.426995,0.401547,-0.161192,0.137451,-0.244672,0.251981,True,asimmetrik cavab; qeyri-proporsional miqyas,Dövlət borcu > 30% ÜDM (DSA həddi),30,11.9126,,,,,15,
gas,Qazın ixrac qiyməti,ru:nonoil_g,Qeyri-neft ÜDM real artımı,2026,f.b.,0,0,,,,,,,,,,,,,False,,Growth-at-Risk həddi (qeyri-neft artımı < hədd),2,5.312,,,,,6,
gas,Qazın ixrac qiyməti,ru:nonoil_g,Qeyri-neft ÜDM real artımı,2027,f.b.,-0.508666,0.683609,1.15966,0.0739303,1.34393,0.14673,1.79676,0.284887,2.37886,0.408084,0.140586,-0.146874,0.28444,-0.274361,True,asimmetrik cavab; qeyri-proporsional miqyas,Growth-at-Risk həddi (qeyri-neft artımı < hədd),2,5.43,,,,,6,
gas,Qazın ixrac qiyməti,ru:nonoil_g,Qeyri-neft ÜDM real artımı,2028,f.b.,-0.0352188,0.0528586,1.22587,0.101477,1.50086,0.200277,2.23065,0.38093,3.25653,0.530133,0.208342,-0.186983,0.439611,-0.336513,True,asimmetrik cavab; qeyri-proporsional miqyas,Growth-at-Risk həddi (qeyri-neft artımı < hədd),2,5.603,,,,,6,
gas,Qazın ixrac qiyməti,ru:nonoil_g,Qeyri-neft ÜDM real artımı,2029,f.b.,-0.0430486,0.0586453,1.1676,0.0773192,1.36231,0.15337,1.84554,0.297147,2.47426,0.424338,0.154954,-0.14746,0.321174,-0.272573,True,asimmetrik cavab; qeyri-proporsional miqyas,Growth-at-Risk həddi (qeyri-neft artımı < hədd),2,5.632,,,,,6,
gas,Qazın ixrac qiyməti,ru:nonoil_g,Qeyri-neft ÜDM real artımı,2030,f.b.,-0.0251773,0.0378534,1.22684,0.101865,1.50347,0.20111,2.24119,0.382943,3.28863,0.533651,0.206805,-0.190432,0.435072,-0.343925,True,asimmetrik cavab; qeyri-proporsional miqyas,Growth-at-Risk həddi (qeyri-neft artımı < hədd),2,5.727,,,,,6,
gas,Qazın ixrac qiyməti,ru:nonoil_lvl,Qeyri-neft real ÜDM səviyyəsi,2026,% (baza ilə fərq),0,0,,,,,,,,,,,,,False,,,,,,,,,10,
gas,Qazın ixrac qiyməti,ru:nonoil_lvl,Qeyri-neft real ÜDM səviyyəsi,2027,% (baza ilə fərq),-0.483622,0.649952,1.15966,0.0739303,1.34393,0.14673,1.79676,0.284887,2.37886,0.408084,0.140586,-0.146874,0.28444,-0.274361,True,asimmetrik cavab; qeyri-proporsional miqyas,,,,,,,,10,
gas,Qazın ixrac qiyməti,ru:nonoil_lvl,Qeyri-neft real ÜDM səviyyəsi,2028,% (baza ilə fərq),-0.517165,0.700868,1.16454,0.0760146,1.35521,0.15082,1.82678,0.292482,2.43786,0.418242,0.146235,-0.149656,0.29764,-0.278638,True,asimmetrik cavab; qeyri-proporsional miqyas,,,,,,,,10,
gas,Qazın ixrac qiyməti,ru:nonoil_lvl,Qeyri-neft real ÜDM səviyyəsi,2029,% (baza ilə fərq),-0.558001,0.757181,1.16528,0.0763324,1.35695,0.151447,1.83154,0.29367,2.44759,0.419884,0.147656,-0.149723,0.301369,-0.278516,True,asimmetrik cavab; qeyri-proporsional miqyas,,,,,,,,10,
gas,Qazın ixrac qiyməti,ru:nonoil_lvl,Qeyri-neft real ÜDM səviyyəsi,2030,% (baza ilə fərq),-0.582002,0.793742,1.16823,0.0775883,1.36381,0.15391,1.84998,0.29824,2.48423,0.425985,0.150922,-0.151533,0.30897,-0.28139,True,asimmetrik cavab; qeyri-proporsional miqyas,,,,,,,,10,
gas,Qazın ixrac qiyməti,ru:tb_gdp,Mal ticarəti balansı (cari hesab proksisi),2026,% ÜDM (f.b.),0,0,,,,,,,,,,,,,False,,Mal ticarəti balansı < 0 (kəsir),0,9.03884,,,,,15,
gas,Qazın ixrac qiyməti,ru:tb_gdp,Mal ticarəti balansı (cari hesab proksisi),2027,% ÜDM (f.b.),-2.80102,4.33084,1.2435,0.108534,1.54616,0.214505,2.38917,0.409886,3.68748,0.573332,0.269153,-0.178662,0.631519,-0.315902,True,asimmetrik cavab; qeyri-proporsional miqyas,Mal ticarəti balansı < 0 (kəsir),0,6.55075,,,,,15,3
gas,Qazın ixrac qiyməti,ru:tb_gdp,Mal ticarəti balansı (cari hesab proksisi),2028,% ÜDM (f.b.),-2.34157,3.63022,1.24518,0.109201,1.55034,0.21579,2.40201,0.412112,3.71694,0.575997,0.270893,-0.179724,0.635983,-0.317632,True,asimmetrik cavab; qeyri-proporsional miqyas,Mal ticarəti balansı < 0 (kəsir),0,4.31464,2.49705,,-204.663,,15,3
gas,Qazın ixrac qiyməti,ru:tb_gdp,Mal ticarəti balansı (cari hesab proksisi),2029,% ÜDM (f.b.),-2.19047,3.39491,1.24498,0.109124,1.54986,0.215642,2.40056,0.411862,3.71372,0.575707,0.270752,-0.179574,0.635688,-0.317374,True,asimmetrik cavab; qeyri-proporsional miqyas,Mal ticarəti balansı < 0 (kəsir),0,3.69245,2.11016,,-186.035,,15,3
gas,Qazın ixrac qiyməti,ru:tb_gdp,Mal ticarəti balansı (cari hesab proksisi),2030,% ÜDM (f.b.),-1.96583,3.05061,1.24577,0.109437,1.55182,0.216245,2.40664,0.41291,3.72777,0.576967,0.271521,-0.180113,0.637648,-0.318269,True,asimmetrik cavab; qeyri-proporsional miqyas,Mal ticarəti balansı < 0 (kəsir),0,2.75209,1.62516,,-153.642,,15,
geo,"Regional geosiyasi risk (GPR, təxmin edilmiş kanallar)",fr10:ind_output,"Sənaye buraxılışı, cəmi (30 sahə)",2026,mln manat,0,0,,,,,,,,,,,,,False,,,,,,,,,,
geo,"Regional geosiyasi risk (GPR, təxmin edilmiş kanallar)",fr10:ind_output,"Sənaye buraxılışı, cəmi (30 sahə)",2027,mln manat,-234.465,235.131,1.00142,0.000709304,1.00284,0.00141861,1.00569,0.00283722,1.00855,0.00425584,0.00142309,-0.00141415,0.00285054,-0.00282402,False,,,,,,,,,,
geo,"Regional geosiyasi risk (GPR, təxmin edilmiş kanallar)",fr10:ind_output,"Sənaye buraxılışı, cəmi (30 sahə)",2028,mln manat,-0.86452,0.311777,0.619471,-0.234971,0.360636,-0.469901,0.0312117,-0.939466,0.16956,-1,-0.885768,0.319895,-1.77104,0.639913,True,asimmetrik cavab; qeyri-proporsional miqyas,,,,,,,,,
geo,"Regional geosiyasi risk (GPR, təxmin edilmiş kanallar)",fr10:ind_output,"Sənaye buraxılışı, cəmi (30 sahə)",2029,mln manat,-0.808384,0.231905,0.566041,-0.277105,0.286875,-0.554153,0.0511633,-1,0.248294,-1,-1.24198,0.3568,-2.48326,0.713737,True,asimmetrik cavab; qeyri-proporsional miqyas,,,,,,,,,
geo,"Regional geosiyasi risk (GPR, təxmin edilmiş kanallar)",fr10:ind_output,"Sənaye buraxılışı, cəmi (30 sahə)",2030,mln manat,-0.696682,0.113068,0.470139,-0.360415,0.162295,-0.720734,0.180562,-1,0.366913,-1,-2.57886,0.419131,-5.15627,0.838423,True,asimmetrik cavab; qeyri-proporsional miqyas,,,,,,,,,
geo,"Regional geosiyasi risk (GPR, təxmin edilmiş kanallar)",fr12:act:N:ALL,Qeydiyyatdakı vahidlər (ehtiyat): Bütün sahələr,2026,vahid,0,0,,,,,,,,,,,,,False,,,,,,,,,,
geo,"Regional geosiyasi risk (GPR, təxmin edilmiş kanallar)",fr12:act:N:ALL,Qeydiyyatdakı vahidlər (ehtiyat): Bütün sahələr,2027,vahid,-23.8092,23.8093,1,8.52359e-07,1,1.70537e-06,1.00001,3.41615e-06,1.00001,5.13774e-06,9.20987e-06,5.78829e-06,2.34306e-05,1.65657e-05,False,,,,,,,,,,
geo,"Regional geosiyasi risk (GPR, təxmin edilmiş kanallar)",fr12:act:N:ALL,Qeydiyyatdakı vahidlər (ehtiyat): Bütün sahələr,2028,vahid,0.508243,-0.463948,0.955452,0.0227816,0.912846,0.0455623,0.832984,0.0911169,0.759547,0.136656,-0.0476336,0.0436742,-0.0952,0.0874151,True,asimmetrik cavab,,,,,,,,,
geo,"Regional geosiyasi risk (GPR, təxmin edilmiş kanallar)",fr12:act:N:ALL,Qeydiyyatdakı vahidlər (ehtiyat): Bütün sahələr,2029,vahid,0.506405,-0.462625,0.955818,0.0225903,0.913547,0.0451796,0.834271,0.0903516,0.761325,0.135508,-0.047215,0.0433228,-0.0943635,0.0867116,True,asimmetrik cavab,,,,,,,,,
geo,"Regional geosiyasi risk (GPR, təxmin edilmiş kanallar)",fr12:act:N:ALL,Qeydiyyatdakı vahidlər (ehtiyat): Bütün sahələr,2030,vahid,0.504182,-0.460891,0.956126,0.0224291,0.914137,0.0448573,0.835356,0.0897071,0.762826,0.134542,-0.0468627,0.0430266,-0.0936599,0.0861184,True,asimmetrik cavab,,,,,,,,,
geo,"Regional geosiyasi risk (GPR, təxmin edilmiş kanallar)",fr12:ew:score:CON,Erkən xəbərdarlıq balı (0–1): Tikinti,2026,bal (0–1),0,0,,,,,,,,,,,,,False,,,,,,,,,,
geo,"Regional geosiyasi risk (GPR, təxmin edilmiş kanallar)",fr12:ew:score:CON,Erkən xəbərdarlıq balı (0–1): Tikinti,2027,bal (0–1),0,0,,,,,,,,,,,,,False,,,,,,,,,,
geo,"Regional geosiyasi risk (GPR, təxmin edilmiş kanallar)",fr12:ew:score:CON,Erkən xəbərdarlıq balı (0–1): Tikinti,2028,bal (0–1),0,0,,,,,,,,,,,,,False,,,,,,,,,,
geo,"Regional geosiyasi risk (GPR, təxmin edilmiş kanallar)",fr12:ew:score:CON,Erkən xəbərdarlıq balı (0–1): Tikinti,2029,bal (0–1),0,0,,,,,,,,,,,,,False,,,,,,,,,,
geo,"Regional geosiyasi risk (GPR, təxmin edilmiş kanallar)",fr12:ew:score:CON,Erkən xəbərdarlıq balı (0–1): Tikinti,2030,bal (0–1),0,0,,,,,,,,,,,,,False,,,,,,,,,,
geo,"Regional geosiyasi risk (GPR, təxmin edilmiş kanallar)",fr12:ew:score:TRD,Erkən xəbərdarlıq balı (0–1): Ticarət,2026,bal (0–1),0,0,,,,,,,,,,,,,False,,,,,,,,,,
geo,"Regional geosiyasi risk (GPR, təxmin edilmiş kanallar)",fr12:ew:score:TRD,Erkən xəbərdarlıq balı (0–1): Ticarət,2027,bal (0–1),0,0,,,,,,,,,,,,,False,,,,,,,,,,
geo,"Regional geosiyasi risk (GPR, təxmin edilmiş kanallar)",fr12:ew:score:TRD,Erkən xəbərdarlıq balı (0–1): Ticarət,2028,bal (0–1),0,0,,,,,,,,,,,,,False,,,,,,,,,,
geo,"Regional geosiyasi risk (GPR, təxmin edilmiş kanallar)",fr12:ew:score:TRD,Erkən xəbərdarlıq balı (0–1): Ticarət,2029,bal (0–1),0,0,,,,,,,,,,,,,False,,,,,,,,,,
geo,"Regional geosiyasi risk (GPR, təxmin edilmiş kanallar)",fr12:ew:score:TRD,Erkən xəbərdarlıq balı (0–1): Ticarət,2030,bal (0–1),0,0,,,,,,,,,,,,,False,,,,,,,,,,
geo,"Regional geosiyasi risk (GPR, təxmin edilmiş kanallar)",fr1:balance_n,Büdcə balansı,2026,"mln AZN, cari qiymətlər",0,0,,,,,,,,,,,,,False,,,,,,,,,,
geo,"Regional geosiyasi risk (GPR, təxmin edilmiş kanallar)",fr1:balance_n,Büdcə balansı,2027,"mln AZN, cari qiymətlər",-57.4275,57.8046,1.00328,0.00163648,1.00657,0.00327295,1.01318,0.00654588,1.01983,0.00981878,0.00329249,-0.00325364,0.00660536,-0.00648749,False,,,,,,,,,,
geo,"Regional geosiyasi risk (GPR, təxmin edilmiş kanallar)",fr1:balance_n,Büdcə balansı,2028,"mln AZN, cari qiymətlər",-5.50971,5.424,0.992192,-0.00391952,0.984444,-0.0078389,0.96913,-0.0156767,0.954055,-0.0235124,-0.00786481,0.00781238,-0.0157049,0.015647,False,,,,,,,,,,
geo,"Regional geosiyasi risk (GPR, təxmin edilmiş kanallar)",fr1:balance_n,Büdcə balansı,2029,"mln AZN, cari qiymətlər",-5.95334,5.85838,0.991992,-0.00402002,0.984048,-0.00803989,0.968351,-0.0160787,0.952905,-0.0241153,-0.00806886,0.00801035,-0.0161129,0.0160431,False,,,,,,,,,,
geo,"Regional geosiyasi risk (GPR, təxmin edilmiş kanallar)",fr1:balance_n,Büdcə balansı,2030,"mln AZN, cari qiymətlər",-6.42638,6.32059,0.991735,-0.0041495,0.983539,-0.00829886,0.967349,-0.0165966,0.951425,-0.0248921,-0.00833186,0.00826533,-0.0166387,0.0165531,False,,,,,,,,,,
geo,"Regional geosiyasi risk (GPR, təxmin edilmiş kanallar)",fr1:debt_azn,"Dövlət borcu (xarici + daxili, Maliyyə Nazirliyinin anlayışı; dövlət zəmanətli borc daxil deyil)",2026,"mln AZN, cari qiymətlər",0,0,,,,,,,,,,,,,False,,,,,,,,,,
geo,"Regional geosiyasi risk (GPR, təxmin edilmiş kanallar)",fr1:debt_azn,"Dövlət borcu (xarici + daxili, Maliyyə Nazirliyinin anlayışı; dövlət zəmanətli borc daxil deyil)",2027,"mln AZN, cari qiymətlər",57.4275,-57.8046,1.00328,-0.00163648,1.00657,-0.00327295,1.01318,-0.00654588,1.01983,-0.00981878,0.00329249,-0.00325364,0.00660536,-0.00648749,False,,,,,,,,,,
geo,"Regional geosiyasi risk (GPR, təxmin edilmiş kanallar)",fr1:debt_azn,"Dövlət borcu (xarici + daxili, Maliyyə Nazirliyinin anlayışı; dövlət zəmanətli borc daxil deyil)",2028,"mln AZN, cari qiymətlər",62.9372,-63.2286,1.00231,-0.00115499,1.00463,-0.00230998,1.00928,-0.00462003,1.01396,-0.00693021,0.00233537,-0.00228489,0.00469149,-0.00454977,False,,,,,,,,,,
geo,"Regional geosiyasi risk (GPR, təxmin edilmiş kanallar)",fr1:debt_azn,"Dövlət borcu (xarici + daxili, Maliyyə Nazirliyinin anlayışı; dövlət zəmanətli borc daxil deyil)",2029,"mln AZN, cari qiymətlər",68.8905,-69.087,1.00142,-0.000711975,1.00285,-0.00142397,1.00571,-0.00284808,1.00858,-0.00427249,0.00145312,-0.0013952,0.00292734,-0.00277019,False,,,,,,,,,,
geo,"Regional geosiyasi risk (GPR, təxmin edilmiş kanallar)",fr1:debt_azn,"Dövlət borcu (xarici + daxili, Maliyyə Nazirliyinin anlayışı; dövlət zəmanətli borc daxil deyil)",2030,"mln AZN, cari qiymətlər",75.3169,-75.4076,1.0006,-0.000300834,1.0012,-0.000601696,1.00241,-0.00120361,1.00362,-0.00180598,0.000632953,-0.000570923,0.00128734,-0.00112143,False,,,,,,,,,,
geo,"Regional geosiyasi risk (GPR, təxmin edilmiş kanallar)",fr1:emp,Məşğul əhali,2026,min nəfər,0,0,,,,,,,,,,,,,False,,,,,,,,,,
geo,"Regional geosiyasi risk (GPR, təxmin edilmiş kanallar)",fr1:emp,Məşğul əhali,2027,min nəfər,-0.495441,0.496248,1.00081,0.000406572,1.00163,0.000813146,1.00326,0.00162631,1.00489,0.0024395,0.000820495,-0.000805845,0.00164637,-0.00160642,False,,,,,,,,,,
geo,"Regional geosiyasi risk (GPR, təxmin edilmiş kanallar)",fr1:emp,Məşğul əhali,2028,min nəfər,0.00577539,-0.00550555,0.976363,0.0119598,0.953278,0.0239198,0.908686,0.0478413,0.866079,0.0717662,-0.0245346,0.0233344,-0.0490888,0.0466515,False,,,,,,,,,,
geo,"Regional geosiyasi risk (GPR, təxmin edilmiş kanallar)",fr1:emp,Məşğul əhali,2029,min nəfər,0.00596791,-0.00569136,0.976559,0.0118595,0.953661,0.0237192,0.909417,0.04744,0.867128,0.071164,-0.0243234,0.0231437,-0.0486658,0.0462704,False,,,,,,,,,,
geo,"Regional geosiyasi risk (GPR, təxmin edilmiş kanallar)",fr1:emp,Məşğul əhali,2030,min nəfər,0.00614728,-0.00586381,0.976674,0.0118006,0.953886,0.0236014,0.909847,0.0472043,0.867744,0.0708104,-0.0241992,0.0230317,-0.0484171,0.0460469,False,,,,,,,,,,
geo,"Regional geosiyasi risk (GPR, təxmin edilmiş kanallar)",fr1:gdp_n,Nominal ÜDM,2026,"mln AZN, cari qiymətlər",0,0,,,,,,,,,,,,,False,,,,,,,,,,
geo,"Regional geosiyasi risk (GPR, təxmin edilmiş kanallar)",fr1:gdp_n,Nominal ÜDM,2027,"mln AZN, cari qiymətlər",-540.72,543.338,1.00242,0.00120715,1.00484,0.00241431,1.0097,0.00482863,1.01459,0.00724298,0.00242802,-0.00240074,0.00486922,-0.00478869,False,,,,,,,,,,
geo,"Regional geosiyasi risk (GPR, təxmin edilmiş kanallar)",fr1:gdp_n,Nominal ÜDM,2028,"mln AZN, cari qiymətlər",2.19581,-2.57343,1.08244,-0.0395889,1.17197,-0.0791788,1.37633,-0.158366,1.62319,-0.23757,0.0732869,-0.0860732,0.146513,-0.172197,True,asimmetrik cavab; qeyri-proporsional miqyas,,,,,,,,,
geo,"Regional geosiyasi risk (GPR, təxmin edilmiş kanallar)",fr1:gdp_n,Nominal ÜDM,2029,"mln AZN, cari qiymətlər",2.69703,-3.08021,1.0686,-0.0331625,1.14207,-0.0663256,1.30589,-0.132657,1.49687,-0.198999,0.0621275,-0.0711111,0.124201,-0.142265,True,asimmetrik cavab; qeyri-proporsional miqyas,,,,,,,,,
geo,"Regional geosiyasi risk (GPR, təxmin edilmiş kanallar)",fr1:gdp_n,Nominal ÜDM,2030,"mln AZN, cari qiymətlər",3.25524,-3.62851,1.05574,-0.0271125,1.11467,-0.0542255,1.24329,-0.108454,1.3886,-0.162689,0.0513728,-0.0573974,0.102699,-0.114832,True,asimmetrik cavab; qeyri-proporsional miqyas,,,,,,,,,
geo,"Regional geosiyasi risk (GPR, təxmin edilmiş kanallar)",fr1:infl,İnflyasiya (İQİ),2026,%,0,0,,,,,,,,,,,,,False,,,,,,,,,,
geo,"Regional geosiyasi risk (GPR, təxmin edilmiş kanallar)",fr1:infl,İnflyasiya (İQİ),2027,%,-0.0976284,0.0977551,1.00065,0.000324305,1.0013,0.000648612,1.0026,0.00129724,1.0039,0.00194589,0.000655734,-0.00064153,0.00131653,-0.00127809,False,,,,,,,,,,
geo,"Regional geosiyasi risk (GPR, təxmin edilmiş kanallar)",fr1:infl,İnflyasiya (İQİ),2028,%,0.098941,-0.0990617,1.00061,-0.000304825,1.00122,-0.000609652,1.00244,-0.00121932,1.00366,-0.00182903,0.000617337,-0.000602015,0.00124008,-0.00119873,False,,,,,,,,,,
geo,"Regional geosiyasi risk (GPR, təxmin edilmiş kanallar)",fr1:infl,İnflyasiya (İQİ),2029,%,2.99469e-05,-2.89931e-05,0.983947,0.00809129,0.968151,0.0161823,0.937301,0.0323644,0.907402,0.0485465,-0.0164498,0.0159228,-0.0329006,0.0318446,False,,,,,,,,,,
geo,"Regional geosiyasi risk (GPR, təxmin edilmiş kanallar)",fr1:infl,İnflyasiya (İQİ),2030,%,2.71848e-05,-2.61931e-05,0.981592,0.00928959,0.963519,0.0185792,0.928346,0.0371585,0.894407,0.0557393,-0.0189355,0.0182359,-0.0378739,0.0364711,False,,,,,,,,,,
geo,"Regional geosiyasi risk (GPR, təxmin edilmiş kanallar)",fr1:lendrate,Kreditlər üzrə orta faiz dərəcəsi,2026,%,0,0,,,,,,,,,,,,,False,,,,,,,,,,
geo,"Regional geosiyasi risk (GPR, təxmin edilmiş kanallar)",fr1:lendrate,Kreditlər üzrə orta faiz dərəcəsi,2027,%,0,0,,,,,,,,,,,,,False,,,,,,,,,,
geo,"Regional geosiyasi risk (GPR, təxmin edilmiş kanallar)",fr1:lendrate,Kreditlər üzrə orta faiz dərəcəsi,2028,%,0,0,,,,,,,,,,,,,False,,,,,,,,,,
geo,"Regional geosiyasi risk (GPR, təxmin edilmiş kanallar)",fr1:lendrate,Kreditlər üzrə orta faiz dərəcəsi,2029,%,0,0,,,,,,,,,,,,,False,,,,,,,,,,
geo,"Regional geosiyasi risk (GPR, təxmin edilmiş kanallar)",fr1:lendrate,Kreditlər üzrə orta faiz dərəcəsi,2030,%,0,0,,,,,,,,,,,,,False,,,,,,,,,,
geo,"Regional geosiyasi risk (GPR, təxmin edilmiş kanallar)",fr1:nobd_pct,"Qeyri-neft büdcə balansı, qeyri-neft ÜDM-ə nisbətən",2026,%,0,0,,,,,,,,,,,,,False,,,,,,,,,,
geo,"Regional geosiyasi risk (GPR, təxmin edilmiş kanallar)",fr1:nobd_pct,"Qeyri-neft büdcə balansı, qeyri-neft ÜDM-ə nisbətən",2027,%,-0.0783767,0.078272,0.999332,-0.000334029,0.998665,-0.000668057,0.997331,-0.00133611,0.996,-0.00200414,-0.000657512,0.000678604,-0.00130771,0.00136455,False,,,,,,,,,,
geo,"Regional geosiyasi risk (GPR, təxmin edilmiş kanallar)",fr1:nobd_pct,"Qeyri-neft büdcə balansı, qeyri-neft ÜDM-ə nisbətən",2028,%,-0.00400906,0.00396206,0.994121,-0.00294819,0.988277,-0.00589625,0.976692,-0.0117915,0.965245,-0.0176848,-0.00589501,0.00589633,-0.0117651,0.011815,False,,,,,,,,,,
geo,"Regional geosiyasi risk (GPR, təxmin edilmiş kanallar)",fr1:nobd_pct,"Qeyri-neft büdcə balansı, qeyri-neft ÜDM-ə nisbətən",2029,%,-0.00390656,0.00385797,0.993762,-0.00312875,0.987563,-0.00625738,0.975282,-0.0125137,0.963155,-0.018768,-0.00626048,0.00625316,-0.012496,0.0125287,False,,,,,,,,,,
geo,"Regional geosiyasi risk (GPR, təxmin edilmiş kanallar)",fr1:nobd_pct,"Qeyri-neft büdcə balansı, qeyri-neft ÜDM-ə nisbətən",2030,%,-0.00383942,0.00378833,0.993325,-0.00334849,0.986695,-0.00669685,0.973569,-0.0133926,0.960619,-0.0200862,-0.00670557,0.00668704,-0.013386,0.0133964,False,,,,,,,,,,
geo,"Regional geosiyasi risk (GPR, təxmin edilmiş kanallar)",fr1:rcons,Real istehlak (istehlak bazarı),2026,"mln AZN, 2015 qiymətləri",0,0,,,,,,,,,,,,,False,,,,,,,,,,
geo,"Regional geosiyasi risk (GPR, təxmin edilmiş kanallar)",fr1:rcons,Real istehlak (istehlak bazarı),2027,"mln AZN, 2015 qiymətləri",-278.176,279.61,1.00257,0.00128558,1.00516,0.00257115,1.01034,0.00514231,1.01555,0.00771349,0.00258329,-0.00255916,0.0051792,-0.00510606,False,,,,,,,,,,
geo,"Regional geosiyasi risk (GPR, təxmin edilmiş kanallar)",fr1:rcons,Real istehlak (istehlak bazarı),2028,"mln AZN, 2015 qiymətləri",1.49221,-1.4028,0.969587,0.0154415,0.940084,0.0308834,0.883646,0.0617705,0.830387,0.0926648,-0.0319184,0.0299117,-0.0638716,0.0597932,False,,,,,,,,,,
geo,"Regional geosiyasi risk (GPR, təxmin edilmiş kanallar)",fr1:rcons,Real istehlak (istehlak bazarı),2029,"mln AZN, 2015 qiymətləri",1.59597,-1.50154,0.969974,0.015242,0.940835,0.0304845,0.885063,0.0609725,0.832395,0.0914675,-0.0314924,0.0295375,-0.0630185,0.0590456,False,,,,,,,,,,
geo,"Regional geosiyasi risk (GPR, təxmin edilmiş kanallar)",fr1:rcons,Real istehlak (istehlak bazarı),2030,"mln AZN, 2015 qiymətləri",1.69768,-1.59815,0.97025,0.0150995,0.941372,0.0301994,0.886077,0.0604022,0.833833,0.0906119,-0.031188,0.02927,-0.0624089,0.0585115,False,,,,,,,,,,
geo,"Regional geosiyasi risk (GPR, təxmin edilmiş kanallar)",fr1:rcred_tot,Kreditlər (real),2026,"mln AZN, 2015 qiymətləri",0,0,,,,,,,,,,,,,False,,,,,,,,,,
geo,"Regional geosiyasi risk (GPR, təxmin edilmiş kanallar)",fr1:rcred_tot,Kreditlər (real),2027,"mln AZN, 2015 qiymətləri",-35.6942,35.7956,1.00142,0.000709146,1.00284,0.0014183,1.00569,0.00283661,1.00855,0.00425497,0.00142877,-0.00140791,0.00286594,-0.00280762,False,,,,,,,,,,
geo,"Regional geosiyasi risk (GPR, təxmin edilmiş kanallar)",fr1:rcred_tot,Kreditlər (real),2028,"mln AZN, 2015 qiymətləri",0.339761,-0.322922,0.974909,0.012705,0.950439,0.0254103,0.903271,0.0508226,0.858323,0.0762389,-0.0261053,0.0247506,-0.0522328,0.0494816,False,,,,,,,,,,
geo,"Regional geosiyasi risk (GPR, təxmin edilmiş kanallar)",fr1:rcred_tot,Kreditlər (real),2029,"mln AZN, 2015 qiymətləri",0.359113,-0.34148,0.975144,0.0125844,0.950898,0.025169,0.904145,0.05034,0.859575,0.0755148,-0.0258504,0.0245218,-0.0517225,0.0490247,False,,,,,,,,,,
geo,"Regional geosiyasi risk (GPR, təxmin edilmiş kanallar)",fr1:rcred_tot,Kreditlər (real),2030,"mln AZN, 2015 qiymətləri",0.377204,-0.358792,0.975292,0.0125083,0.951187,0.0250169,0.904697,0.0500356,0.860364,0.0750582,-0.0256897,0.0243777,-0.0514005,0.0487369,False,,,,,,,,,,
geo,"Regional geosiyasi risk (GPR, təxmin edilmiş kanallar)",fr1:rev_oil_n,Neft-qaz büdcə gəlirləri,2026,"mln AZN, cari qiymətlər",0,0,,,,,,,,,,,,,False,,,,,,,,,,
geo,"Regional geosiyasi risk (GPR, təxmin edilmiş kanallar)",fr1:rev_oil_n,Neft-qaz büdcə gəlirləri,2027,"mln AZN, cari qiymətlər",-35.2444,35.4093,1.00234,0.00116673,1.00468,0.00233345,1.00938,0.00466688,1.0141,0.00700024,0.00233721,-0.00232971,0.00468056,-0.0046533,False,,,,,,,,,,
geo,"Regional geosiyasi risk (GPR, təxmin edilmiş kanallar)",fr1:rev_oil_n,Neft-qaz büdcə gəlirləri,2028,"mln AZN, cari qiymətlər",0,0,,,,,,,,,,,,,False,,,,,,,,,,
geo,"Regional geosiyasi risk (GPR, təxmin edilmiş kanallar)",fr1:rev_oil_n,Neft-qaz büdcə gəlirləri,2029,"mln AZN, cari qiymətlər",0,0,,,,,,,,,,,,,False,,,,,,,,,,
geo,"Regional geosiyasi risk (GPR, təxmin edilmiş kanallar)",fr1:rev_oil_n,Neft-qaz büdcə gəlirləri,2030,"mln AZN, cari qiymətlər",0,0,,,,,,,,,,,,,False,,,,,,,,,,
geo,"Regional geosiyasi risk (GPR, təxmin edilmiş kanallar)",fr1:rev_tot_n,Büdcə gəlirləri,2026,"mln AZN, cari qiymətlər",0,0,,,,,,,,,,,,,False,,,,,,,,,,
geo,"Regional geosiyasi risk (GPR, təxmin edilmiş kanallar)",fr1:rev_tot_n,Büdcə gəlirləri,2027,"mln AZN, cari qiymətlər",-220.381,221.987,1.00364,0.00181515,1.00729,0.00363029,1.01463,0.00726054,1.02202,0.0108907,0.00365036,-0.00361047,0.00732314,-0.00719918,False,,,,,,,,,,
geo,"Regional geosiyasi risk (GPR, təxmin edilmiş kanallar)",fr1:rev_tot_n,Büdcə gəlirləri,2028,"mln AZN, cari qiymətlər",-0.593699,0.528245,0.943312,-0.0291709,0.889752,-0.0583401,0.791044,-0.116667,0.702174,-0.174968,-0.0618646,0.0551972,-0.123664,0.110439,True,asimmetrik cavab; qeyri-proporsional miqyas,,,,,,,,,
geo,"Regional geosiyasi risk (GPR, təxmin edilmiş kanallar)",fr1:rev_tot_n,Büdcə gəlirləri,2029,"mln AZN, cari qiymətlər",-0.603453,0.534694,0.941356,-0.0302076,0.886057,-0.0604134,0.78442,-0.120812,0.69322,-0.181182,-0.0641994,0.0570514,-0.128328,0.114151,True,asimmetrik cavab; qeyri-proporsional miqyas,,,,,,,,,
geo,"Regional geosiyasi risk (GPR, təxmin edilmiş kanallar)",fr1:rev_tot_n,Büdcə gəlirləri,2030,"mln AZN, cari qiymətlər",-0.613756,0.540963,0.938885,-0.0315204,0.881399,-0.0630388,0.776102,-0.126061,0.682014,-0.189051,-0.067172,0.0593879,-0.134266,0.118829,True,asimmetrik cavab; qeyri-proporsional miqyas,,,,,,,,,
geo,"Regional geosiyasi risk (GPR, təxmin edilmiş kanallar)",fr1:rgdp,Real ÜDM,2026,"mln AZN, 2015 qiymətləri",0,0,,,,,,,,,,,,,False,,,,,,,,,,
geo,"Regional geosiyasi risk (GPR, təxmin edilmiş kanallar)",fr1:rgdp,Real ÜDM,2027,"mln AZN, 2015 qiymətləri",-142.323,142.948,1.00219,0.0010953,1.00439,0.00219061,1.0088,0.00438123,1.01323,0.0065719,0.00220425,-0.00217711,0.00442092,-0.00434214,False,,,,,,,,,,
geo,"Regional geosiyasi risk (GPR, təxmin edilmiş kanallar)",fr1:rgdp,Real ÜDM,2028,"mln AZN, 2015 qiymətləri",6.50216,-6.27407,0.982305,0.00892627,0.964921,0.0178526,0.931051,0.0357057,0.898326,0.0535598,-0.0181853,0.017532,-0.0363764,0.0350592,False,,,,,,,,,,
geo,"Regional geosiyasi risk (GPR, təxmin edilmiş kanallar)",fr1:rgdp,Real ÜDM,2029,"mln AZN, 2015 qiymətləri",6.84893,-6.60683,0.982168,0.00899617,0.964651,0.0179924,0.930529,0.0359853,0.897571,0.0539791,-0.0183299,0.0176672,-0.0366654,0.0353299,False,,,,,,,,,,
geo,"Regional geosiyasi risk (GPR, təxmin edilmiş kanallar)",fr1:rgdp,Real ÜDM,2030,"mln AZN, 2015 qiymətləri",7.15445,-6.8937,0.981609,0.00928072,0.963554,0.0185615,0.928411,0.0371234,0.894502,0.0556863,-0.0189196,0.0182168,-0.0378442,0.0364296,False,,,,,,,,,,
geo,"Regional geosiyasi risk (GPR, təxmin edilmiş kanallar)",fr1:rgdpnon,Real qeyri-neft ÜDM,2026,"mln AZN, 2015 qiymətləri",0,0,,,,,,,,,,,,,False,,,,,,,,,,
geo,"Regional geosiyasi risk (GPR, təxmin edilmiş kanallar)",fr1:rgdpnon,Real qeyri-neft ÜDM,2027,"mln AZN, 2015 qiymətləri",-154.239,154.916,1.00219,0.0010953,1.00439,0.00219061,1.0088,0.00438123,1.01323,0.0065719,0.00220425,-0.00217711,0.00442092,-0.00434214,False,,,,,,,,,,
geo,"Regional geosiyasi risk (GPR, təxmin edilmiş kanallar)",fr1:rgdpnon,Real qeyri-neft ÜDM,2028,"mln AZN, 2015 qiymətləri",1.86899,-1.78161,0.976348,0.0119676,0.953248,0.0239354,0.908629,0.0478724,0.865998,0.0718126,-0.0245487,0.0233515,-0.0491156,0.0466872,False,,,,,,,,,,
geo,"Regional geosiyasi risk (GPR, təxmin edilmiş kanallar)",fr1:rgdpnon,Real qeyri-neft ÜDM,2029,"mln AZN, 2015 qiymətləri",2.01182,-1.91853,0.976543,0.0118675,0.95363,0.0237352,0.909359,0.0474719,0.867045,0.0712117,-0.0243379,0.0231612,-0.0486933,0.046307,False,,,,,,,,,,
geo,"Regional geosiyasi risk (GPR, təxmin edilmiş kanallar)",fr1:rgdpnon,Real qeyri-neft ÜDM,2030,"mln AZN, 2015 qiymətləri",2.1477,-2.04859,0.976658,0.0118088,0.953854,0.0236177,0.909788,0.0472369,0.867659,0.0708592,-0.024214,0.0230496,-0.0484453,0.0460843,False,,,,,,,,,,
geo,"Regional geosiyasi risk (GPR, təxmin edilmiş kanallar)",fr1:rhhdisp,Ev təsərrüfatlarının real sərəncamda qalan gəliri,2026,"mln AZN, 2015 qiymətləri",0,0,,,,,,,,,,,,,False,,,,,,,,,,
geo,"Regional geosiyasi risk (GPR, təxmin edilmiş kanallar)",fr1:rhhdisp,Ev təsərrüfatlarının real sərəncamda qalan gəliri,2027,"mln AZN, 2015 qiymətləri",-229.189,230.231,1.00227,0.00113402,1.00455,0.00226805,1.00911,0.00453611,1.0137,0.0068042,0.0022788,-0.00225742,0.00456831,-0.00450443,False,,,,,,,,,,
geo,"Regional geosiyasi risk (GPR, təxmin edilmiş kanallar)",fr1:rhhdisp,Ev təsərrüfatlarının real sərəncamda qalan gəliri,2028,"mln AZN, 2015 qiymətləri",1.20993,-1.13683,0.969327,0.0155752,0.939581,0.0311508,0.882698,0.0623053,0.829044,0.0934674,-0.0322044,0.0301621,-0.0644445,0.0602931,False,,,,,,,,,,
geo,"Regional geosiyasi risk (GPR, təxmin edilmiş kanallar)",fr1:rhhdisp,Ev təsərrüfatlarının real sərəncamda qalan gəliri,2029,"mln AZN, 2015 qiymətləri",1.29459,-1.21737,0.969722,0.0153717,0.940346,0.0307438,0.884142,0.0614912,0.83109,0.0922458,-0.0317695,0.0297805,-0.0635736,0.0595308,False,,,,,,,,,,
geo,"Regional geosiyasi risk (GPR, təxmin edilmiş kanallar)",fr1:rhhdisp,Ev təsərrüfatlarının real sərəncamda qalan gəliri,2030,"mln AZN, 2015 qiymətləri",1.37481,-1.29355,0.970005,0.0152257,0.940896,0.0304519,0.885179,0.0609073,0.83256,0.0913697,-0.0314577,0.0295067,-0.0629491,0.0589841,False,,,,,,,,,,
geo,"Regional geosiyasi risk (GPR, təxmin edilmiş kanallar)",fr1:rinv_state,Dövlət investisiyaları (real),2026,"mln AZN, 2015 qiymətləri",0,0,,,,,,,,,,,,,False,,,,,,,,,,
geo,"Regional geosiyasi risk (GPR, təxmin edilmiş kanallar)",fr1:rinv_state,Dövlət investisiyaları (real),2027,"mln AZN, 2015 qiymətləri",-3.7104,3.75632,1.00617,0.00307499,1.01238,0.00614998,1.02491,0.0123,1.03759,0.01845,0.00610999,-0.00619044,0.0122184,-0.0123825,False,,,,,,,,,,
geo,"Regional geosiyasi risk (GPR, təxmin edilmiş kanallar)",fr1:rinv_state,Dövlət investisiyaları (real),2028,"mln AZN, 2015 qiymətləri",0.63388,-0.590042,0.964812,0.017909,0.930841,0.0358179,0.866307,0.0716348,0.805951,0.10745,-0.0371395,0.0345869,-0.0742725,0.0691784,True,asimmetrik cavab,,,,,,,,,
geo,"Regional geosiyasi risk (GPR, təxmin edilmiş kanallar)",fr1:rinv_state,Dövlət investisiyaları (real),2029,"mln AZN, 2015 qiymətləri",0.637286,-0.593763,0.96526,0.0176771,0.931706,0.0353541,0.867924,0.0707072,0.808223,0.106058,-0.0366415,0.0341538,-0.073277,0.0683116,True,asimmetrik cavab,,,,,,,,,
geo,"Regional geosiyasi risk (GPR, təxmin edilmiş kanallar)",fr1:rinv_state,Dövlət investisiyaları (real),2030,"mln AZN, 2015 qiymətləri",0.642362,-0.598803,0.96551,0.0175474,0.93219,0.0350947,0.86883,0.0701885,0.809495,0.105281,-0.0363633,0.0339114,-0.0727209,0.0678267,True,asimmetrik cavab,,,,,,,,,
geo,"Regional geosiyasi risk (GPR, təxmin edilmiş kanallar)",fr1:rinv_tot,Əsas kapitala investisiyalar (real),2026,"mln AZN, 2015 qiymətləri",0,0,,,,,,,,,,,,,False,,,,,,,,,,
geo,"Regional geosiyasi risk (GPR, təxmin edilmiş kanallar)",fr1:rinv_tot,Əsas kapitala investisiyalar (real),2027,"mln AZN, 2015 qiymətləri",-10.48,10.5548,1.00356,0.00177733,1.00713,0.00355466,1.01432,0.00710929,1.02156,0.0106638,0.00355099,-0.00355841,0.00710796,-0.00711091,False,,,,,,,,,,
geo,"Regional geosiyasi risk (GPR, təxmin edilmiş kanallar)",fr1:rinv_tot,Əsas kapitala investisiyalar (real),2028,"mln AZN, 2015 qiymətləri",0.86981,-0.8112,0.965731,0.017433,0.932618,0.0348659,0.869629,0.0697311,0.810619,0.104595,-0.0361194,0.0336963,-0.0722342,0.0673954,True,asimmetrik cavab,,,,,,,,,
geo,"Regional geosiyasi risk (GPR, təxmin edilmiş kanallar)",fr1:rinv_tot,Əsas kapitala investisiyalar (real),2029,"mln AZN, 2015 qiymətləri",0.883729,-0.824963,0.966189,0.0171963,0.933502,0.0343926,0.871285,0.0687845,0.812949,0.103175,-0.0356121,0.0332535,-0.0712201,0.0665094,True,asimmetrik cavab,,,,,,,,,
geo,"Regional geosiyasi risk (GPR, təxmin edilmiş kanallar)",fr1:rinv_tot,Əsas kapitala investisiyalar (real),2030,"mln AZN, 2015 qiymətləri",0.898916,-0.8396,0.966454,0.0170594,0.934014,0.0341187,0.872244,0.0682368,0.8143,0.102354,-0.0353189,0.0329971,-0.0706339,0.0659965,True,asimmetrik cavab,,,,,,,,,
geo,"Regional geosiyasi risk (GPR, təxmin edilmiş kanallar)",fr1:rm_non,Qeyri-neft mal idxalı (real),2026,"mln AZN, 2015 qiymətləri",0,0,,,,,,,,,,,,,False,,,,,,,,,,
geo,"Regional geosiyasi risk (GPR, təxmin edilmiş kanallar)",fr1:rm_non,Qeyri-neft mal idxalı (real),2027,"mln AZN, 2015 qiymətləri",-76.7474,77.1348,1.00252,0.00125868,1.00505,0.00251736,1.01012,0.00503473,1.01522,0.00755212,0.0025295,-0.00250537,0.00507144,-0.00499865,False,,,,,,,,,,
geo,"Regional geosiyasi risk (GPR, təxmin edilmiş kanallar)",fr1:rm_non,Qeyri-neft mal idxalı (real),2028,"mln AZN, 2015 qiymətləri",0.71078,-0.665622,0.967721,0.0164041,0.936467,0.0328085,0.876844,0.065619,0.820775,0.0984333,-0.033949,0.0317409,-0.0679168,0.0634651,False,,,,,,,,,,
geo,"Regional geosiyasi risk (GPR, təxmin edilmiş kanallar)",fr1:rm_non,Qeyri-neft mal idxalı (real),2029,"mln AZN, 2015 qiymətləri",0.74158,-0.695113,0.968173,0.0161711,0.937342,0.0323424,0.878487,0.0646868,0.823096,0.097035,-0.0334508,0.0313039,-0.0669202,0.0625913,False,,,,,,,,,,
geo,"Regional geosiyasi risk (GPR, təxmin edilmiş kanallar)",fr1:rm_non,Qeyri-neft mal idxalı (real),2030,"mln AZN, 2015 qiymətləri",0.77126,-0.723384,0.968473,0.0160158,0.937925,0.0320319,0.879583,0.0640656,0.824646,0.0961032,-0.033119,0.0310127,-0.0662564,0.062009,False,,,,,,,,,,
geo,"Regional geosiyasi risk (GPR, təxmin edilmiş kanallar)",fr1:rva_agr,"Real əlavə dəyər: Kənd, meşə və balıqçılıq",2026,"mln AZN, 2015 qiymətləri",0,0,,,,,,,,,,,,,False,,,,,,,,,,
geo,"Regional geosiyasi risk (GPR, təxmin edilmiş kanallar)",fr1:rva_agr,"Real əlavə dəyər: Kənd, meşə və balıqçılıq",2027,"mln AZN, 2015 qiymətləri",0,0,,,,,,,,,,,,,False,,,,,,,,,,
geo,"Regional geosiyasi risk (GPR, təxmin edilmiş kanallar)",fr1:rva_agr,"Real əlavə dəyər: Kənd, meşə və balıqçılıq",2028,"mln AZN, 2015 qiymətləri",0,0,,,,,,,,,,,,,False,,,,,,,,,,
geo,"Regional geosiyasi risk (GPR, təxmin edilmiş kanallar)",fr1:rva_agr,"Real əlavə dəyər: Kənd, meşə və balıqçılıq",2029,"mln AZN, 2015 qiymətləri",0,0,,,,,,,,,,,,,False,,,,,,,,,,
geo,"Regional geosiyasi risk (GPR, təxmin edilmiş kanallar)",fr1:rva_agr,"Real əlavə dəyər: Kənd, meşə və balıqçılıq",2030,"mln AZN, 2015 qiymətləri",0,0,,,,,,,,,,,,,False,,,,,,,,,,
geo,"Regional geosiyasi risk (GPR, təxmin edilmiş kanallar)",fr1:rva_con,Real əlavə dəyər: Tikinti,2026,"mln AZN, 2015 qiymətləri",0,0,,,,,,,,,,,,,False,,,,,,,,,,
geo,"Regional geosiyasi risk (GPR, təxmin edilmiş kanallar)",fr1:rva_con,Real əlavə dəyər: Tikinti,2027,"mln AZN, 2015 qiymətləri",-4.26369,4.28587,1.0026,0.00129687,1.0052,0.00259373,1.01043,0.00518742,1.01568,0.00778105,0.00259898,-0.0025885,0.00520599,-0.00516905,False,,,,,,,,,,
geo,"Regional geosiyasi risk (GPR, təxmin edilmiş kanallar)",fr1:rva_con,Real əlavə dəyər: Tikinti,2028,"mln AZN, 2015 qiymətləri",0.24287,-0.226956,0.966692,0.0169363,0.934475,0.0338724,0.873107,0.0677445,0.815515,0.101616,-0.0350586,0.0327634,-0.0701157,0.0655267,True,asimmetrik cavab,,,,,,,,,
geo,"Regional geosiyasi risk (GPR, təxmin edilmiş kanallar)",fr1:rva_con,Real əlavə dəyər: Tikinti,2029,"mln AZN, 2015 qiymətləri",0.255825,-0.239275,0.967122,0.0167138,0.935307,0.0334276,0.874669,0.0668547,0.817717,0.100281,-0.0345826,0.0323466,-0.069164,0.064693,True,asimmetrik cavab,,,,,,,,,
geo,"Regional geosiyasi risk (GPR, təxmin edilmiş kanallar)",fr1:rva_con,Real əlavə dəyər: Tikinti,2030,"mln AZN, 2015 qiymətləri",0.265482,-0.248441,0.967382,0.0165794,0.935811,0.0331587,0.875615,0.066317,0.819051,0.0994747,-0.0342951,0.0320946,-0.0685893,0.0641888,False,,,,,,,,,,
geo,"Regional geosiyasi risk (GPR, təxmin edilmiş kanallar)",fr1:rva_man,Real əlavə dəyər: Emal sənayesi,2026,"mln AZN, 2015 qiymətləri",0,0,,,,,,,,,,,,,False,,,,,,,,,,
geo,"Regional geosiyasi risk (GPR, təxmin edilmiş kanallar)",fr1:rva_man,Real əlavə dəyər: Emal sənayesi,2027,"mln AZN, 2015 qiymətləri",-18.0079,18.0182,1.00029,0.000144204,1.00058,0.000288409,1.00115,0.000576819,1.00173,0.000865233,0.000290544,-0.000286278,0.000582571,-0.000571084,False,,,,,,,,,,
geo,"Regional geosiyasi risk (GPR, təxmin edilmiş kanallar)",fr1:rva_man,Real əlavə dəyər: Emal sənayesi,2028,"mln AZN, 2015 qiymətləri",0.00579261,-0.000543043,0.414163,0.414265,0.0937476,0.828575,0.247419,1,0.426476,1,-4.83476,0.452996,-9.6703,0.905898,False,,,,,,,,,,
geo,"Regional geosiyasi risk (GPR, təxmin edilmiş kanallar)",fr1:rva_man,Real əlavə dəyər: Emal sənayesi,2029,"mln AZN, 2015 qiymətləri",0.0161509,-0.0102114,0.79751,0.11265,0.632249,0.225303,0.378713,0.450629,0.193319,0.675998,-0.290895,0.183829,-0.581829,0.367625,True,asimmetrik cavab; qeyri-proporsional miqyas,,,,,,,,,
geo,"Regional geosiyasi risk (GPR, təxmin edilmiş kanallar)",fr1:rva_man,Real əlavə dəyər: Emal sənayesi,2030,"mln AZN, 2015 qiymətləri",0.0283647,-0.0216197,0.873586,0.0674714,0.762202,0.134944,0.574935,0.269893,0.423634,0.404855,-0.156025,0.118873,-0.312067,0.237728,True,asimmetrik cavab; qeyri-proporsional miqyas,,,,,,,,,
geo,"Regional geosiyasi risk (GPR, təxmin edilmiş kanallar)",fr1:rva_trd,Real əlavə dəyər: Ticarət; nəqliyyat vasitələrinin təmiri,2026,"mln AZN, 2015 qiymətləri",0,0,,,,,,,,,,,,,False,,,,,,,,,,
geo,"Regional geosiyasi risk (GPR, təxmin edilmiş kanallar)",fr1:rva_trd,Real əlavə dəyər: Ticarət; nəqliyyat vasitələrinin təmiri,2027,"mln AZN, 2015 qiymətləri",-43.2563,43.4694,1.00246,0.00122825,1.00493,0.0024565,1.00987,0.00491301,1.01485,0.00736954,0.00246814,-0.00244499,0.0049482,-0.0048784,False,,,,,,,,,,
geo,"Regional geosiyasi risk (GPR, təxmin edilmiş kanallar)",fr1:rva_trd,Real əlavə dəyər: Ticarət; nəqliyyat vasitələrinin təmiri,2028,"mln AZN, 2015 qiymətləri",0.23213,-0.218222,0.969587,0.0154412,0.940085,0.0308828,0.883648,0.0617693,0.83039,0.0926631,-0.0319179,0.029911,-0.0638706,0.0597918,False,,,,,,,,,,
geo,"Regional geosiyasi risk (GPR, təxmin edilmiş kanallar)",fr1:rva_trd,Real əlavə dəyər: Ticarət; nəqliyyat vasitələrinin təmiri,2029,"mln AZN, 2015 qiymətləri",0.248101,-0.233423,0.969974,0.0152417,0.940836,0.0304839,0.885065,0.0609713,0.832398,0.0914658,-0.0314918,0.0295368,-0.0630175,0.0590442,False,,,,,,,,,,
geo,"Regional geosiyasi risk (GPR, təxmin edilmiş kanallar)",fr1:rva_trd,Real əlavə dəyər: Ticarət; nəqliyyat vasitələrinin təmiri,2030,"mln AZN, 2015 qiymətləri",0.263643,-0.248187,0.970251,0.0150992,0.941373,0.0301988,0.886079,0.060401,0.833836,0.0906101,-0.0311874,0.0292693,-0.0624079,0.0585101,False,,,,,,,,,,
geo,"Regional geosiyasi risk (GPR, təxmin edilmiş kanallar)",fr1:rx_non,Qeyri-neft mal ixracı (real),2026,"mln AZN, 2015 qiymətləri",0,0,,,,,,,,,,,,,False,,,,,,,,,,
geo,"Regional geosiyasi risk (GPR, təxmin edilmiş kanallar)",fr1:rx_non,Qeyri-neft mal ixracı (real),2027,"mln AZN, 2015 qiymətləri",-14.2889,14.3067,1.00062,0.00031053,1.00124,0.000621061,1.00249,0.00124213,1.00373,0.0018632,0.000620379,-0.000621752,0.00124057,-0.00124371,False,,,,,,,,,,
geo,"Regional geosiyasi risk (GPR, təxmin edilmiş kanallar)",fr1:rx_non,Qeyri-neft mal ixracı (real),2028,"mln AZN, 2015 qiymətləri",0.0012425,-0.000116481,0.414163,0.414264,0.0937477,0.828575,0.247419,1,0.426476,1,-4.83475,0.452995,-9.67028,0.905895,False,,,,,,,,,,
geo,"Regional geosiyasi risk (GPR, təxmin edilmiş kanallar)",fr1:rx_non,Qeyri-neft mal ixracı (real),2029,"mln AZN, 2015 qiymətləri",0.00356703,-0.00225525,0.797511,0.11265,0.63225,0.225303,0.378714,0.450628,0.19332,0.675997,-0.290894,0.183828,-0.581829,0.367622,False,,,,,,,,,,
geo,"Regional geosiyasi risk (GPR, təxmin edilmiş kanallar)",fr1:rx_non,Qeyri-neft mal ixracı (real),2030,"mln AZN, 2015 qiymətləri",0.00645159,-0.00491743,0.873587,0.0674709,0.762204,0.134942,0.574938,0.269891,0.423637,0.404853,-0.156024,0.118871,-0.312067,0.237724,False,,,,,,,,,,
geo,"Regional geosiyasi risk (GPR, təxmin edilmiş kanallar)",fr1:unemp,İşsizlik səviyyəsi,2026,%,0,0,,,,,,,,,,,,,False,,,,,,,,,,
geo,"Regional geosiyasi risk (GPR, təxmin edilmiş kanallar)",fr1:unemp,İşsizlik səviyyəsi,2027,%,0.0091051,-0.00911991,1.00081,-0.000406572,1.00163,-0.000813146,1.00326,-0.00162631,1.00489,-0.0024395,0.000820495,-0.000805845,0.00164637,-0.00160642,False,,,,,,,,,,
geo,"Regional geosiyasi risk (GPR, təxmin edilmiş kanallar)",fr1:unemp,İşsizlik səviyyəsi,2028,%,-0.000105581,0.000100648,0.976363,-0.0119598,0.953278,-0.0239198,0.908686,-0.0478413,0.866079,-0.0717662,-0.0245346,0.0233344,-0.0490888,0.0466515,False,,,,,,,,,,
geo,"Regional geosiyasi risk (GPR, təxmin edilmiş kanallar)",fr1:unemp,İşsizlik səviyyəsi,2029,%,-0.000108527,0.000103498,0.976559,-0.0118595,0.953661,-0.0237192,0.909417,-0.04744,0.867128,-0.071164,-0.0243234,0.0231437,-0.0486658,0.0462704,False,,,,,,,,,,
geo,"Regional geosiyasi risk (GPR, təxmin edilmiş kanallar)",fr1:unemp,İşsizlik səviyyəsi,2030,%,-0.000111201,0.000106073,0.976674,-0.0118006,0.953886,-0.0236014,0.909847,-0.0472043,0.867744,-0.0708104,-0.0241992,0.0230317,-0.0484171,0.0460469,False,,,,,,,,,,
geo,"Regional geosiyasi risk (GPR, təxmin edilmiş kanallar)",fr1:wage,Orta aylıq nominal əmək haqqı,2026,AZN/ay,0,0,,,,,,,,,,,,,False,,,,,,,,,,
geo,"Regional geosiyasi risk (GPR, təxmin edilmiş kanallar)",fr1:wage,Orta aylıq nominal əmək haqqı,2027,AZN/ay,-3.51452,3.52902,1.00206,0.00102908,1.00412,0.00205817,1.00827,0.00411637,1.01243,0.0061746,0.00207098,-0.00204549,0.00415345,-0.00407982,False,,,,,,,,,,
geo,"Regional geosiyasi risk (GPR, təxmin edilmiş kanallar)",fr1:wage,Orta aylıq nominal əmək haqqı,2028,AZN/ay,0.0507546,-0.0505201,0.997687,0.00115779,0.99538,0.00231552,0.990782,0.00463046,0.986207,0.00694426,-0.00227413,0.00235601,-0.00451659,0.00474209,False,,,,,,,,,,
geo,"Regional geosiyasi risk (GPR, təxmin edilmiş kanallar)",fr1:wage,Orta aylıq nominal əmək haqqı,2029,AZN/ay,0.0557759,-0.0554843,0.997382,0.0013108,0.994771,0.00262153,0.98957,0.00524247,0.984398,0.00786224,-0.00258266,0.0026595,-0.00513433,0.00534842,False,,,,,,,,,,
geo,"Regional geosiyasi risk (GPR, təxmin edilmiş kanallar)",fr1:wage,Orta aylıq nominal əmək haqqı,2030,AZN/ay,0.0607632,-0.0604077,0.99707,0.0014671,0.994149,0.00293413,0.988333,0.00586765,0.982554,0.00879999,-0.00289792,0.00296944,-0.00576547,0.00596774,False,,,,,,,,,,
geo,"Regional geosiyasi risk (GPR, təxmin edilmiş kanallar)",fr3:rw_avg,"Orta aylıq əmək haqqı, real (2015 qiymətləri)",2026,"AZN/ay, 2015 qiymətləri",0,0,,,,,,,,,,,,,False,,,,,,,,,,
geo,"Regional geosiyasi risk (GPR, təxmin edilmiş kanallar)",fr3:rw_avg,"Orta aylıq əmək haqqı, real (2015 qiymətləri)",2027,"AZN/ay, 2015 qiymətləri",-1.20212,1.20692,1.00199,0.000996309,1.00399,0.00199233,1.008,0.00398484,1.01203,0.00597736,0.00200565,-0.00197944,0.00402276,-0.0039477,False,,,,,,,,,,
geo,"Regional geosiyasi risk (GPR, təxmin edilmiş kanallar)",fr3:rw_avg,"Orta aylıq əmək haqqı, real (2015 qiymətləri)",2028,"AZN/ay, 2015 qiymətləri",0.0138744,-0.0130779,0.97095,0.0147389,0.942592,0.029552,0.888306,0.0591503,0.837003,0.0887296,-0.0305542,0.0286908,-0.0610974,0.0573463,False,,,,,,,,,,
geo,"Regional geosiyasi risk (GPR, təxmin edilmiş kanallar)",fr3:rw_avg,"Orta aylıq əmək haqqı, real (2015 qiymətləri)",2029,"AZN/ay, 2015 qiymətləri",0.0147676,-0.013928,0.971122,0.0146503,0.943146,0.0292589,0.889484,0.0584902,0.838719,0.0877135,-0.0301546,0.0283556,-0.060319,0.0566775,False,,,,,,,,,,
geo,"Regional geosiyasi risk (GPR, təxmin edilmiş kanallar)",fr3:rw_avg,"Orta aylıq əmək haqqı, real (2015 qiymətləri)",2030,"AZN/ay, 2015 qiymətləri",0.015618,-0.0147374,0.971346,0.0145353,0.943612,0.0290119,0.890384,0.0579863,0.839949,0.0869867,-0.0298695,0.0281263,-0.0598017,0.0562339,False,,,,,,,,,,
geo,"Regional geosiyasi risk (GPR, təxmin edilmiş kanallar)",fr4:budget,Büdcə təşkilatlarında muzdlu işçilər,2026,min nəfər,0,0,,,,,,,,,,,,,False,,,,,,,,,,
geo,"Regional geosiyasi risk (GPR, təxmin edilmiş kanallar)",fr4:budget,Büdcə təşkilatlarında muzdlu işçilər,2027,min nəfər,0.434826,-0.434988,1.00019,-9.32028e-05,1.00037,-0.000186407,1.00075,-0.000372824,1.00112,-0.000559261,0.000192093,-0.000180744,0.000388016,-0.000357705,False,,,,,,,,,,
geo,"Regional geosiyasi risk (GPR, təxmin edilmiş kanallar)",fr4:budget,Büdcə təşkilatlarında muzdlu işçilər,2028,min nəfər,-0.00194813,0.00181445,0.965093,-0.0177636,0.931382,-0.0355278,0.867308,-0.0710604,0.807334,-0.106602,-0.0368974,0.0342533,-0.0738363,0.0684704,False,,,,,,,,,,
geo,"Regional geosiyasi risk (GPR, təxmin edilmiş kanallar)",fr4:budget,Büdcə təşkilatlarında muzdlu işçilər,2029,min nəfər,-0.00208625,0.00194661,0.965963,-0.0173132,0.933064,-0.0346269,0.870455,-0.0692583,0.811761,-0.103899,-0.0359274,0.0334146,-0.0718946,0.0667944,False,,,,,,,,,,
geo,"Regional geosiyasi risk (GPR, təxmin edilmiş kanallar)",fr4:budget,Büdcə təşkilatlarında muzdlu işçilər,2030,min nəfər,-0.00221907,0.00207332,0.966611,-0.0169781,0.934317,-0.0339567,0.872804,-0.0679177,0.815068,-0.101887,-0.0352068,0.0327899,-0.070452,0.0655461,False,,,,,,,,,,
geo,"Regional geosiyasi risk (GPR, təxmin edilmiş kanallar)",fr5:vol:total,"Pullu xidmətlər, cəmi: real həcm (2015 qiymətləri)",2026,"mln AZN, 2015 qiymətləri",0,0,,,,,,,,,,,,,False,,,,,,,,,,
geo,"Regional geosiyasi risk (GPR, təxmin edilmiş kanallar)",fr5:vol:total,"Pullu xidmətlər, cəmi: real həcm (2015 qiymətləri)",2027,"mln AZN, 2015 qiymətləri",-57.7132,58.0271,1.00272,0.00135594,1.00544,0.00271189,1.01091,0.00542378,1.0164,0.00813568,0.00272444,-0.00269949,0.00546228,-0.00538595,False,,,,,,,,,,
geo,"Regional geosiyasi risk (GPR, təxmin edilmiş kanallar)",fr5:vol:total,"Pullu xidmətlər, cəmi: real həcm (2015 qiymətləri)",2028,"mln AZN, 2015 qiymətləri",0.323618,-0.30827,0.976002,0.0121448,0.952573,0.0242897,0.907339,0.0485812,0.864148,0.072876,-0.024922,0.0236883,-0.0498629,0.0473601,False,,,,,,,,,,
geo,"Regional geosiyasi risk (GPR, təxmin edilmiş kanallar)",fr5:vol:total,"Pullu xidmətlər, cəmi: real həcm (2015 qiymətləri)",2029,"mln AZN, 2015 qiymətləri",0.348504,-0.332115,0.976207,0.0120398,0.952973,0.0240798,0.908103,0.0481613,0.865244,0.072246,-0.0247007,0.0234889,-0.0494199,0.0469617,False,,,,,,,,,,
geo,"Regional geosiyasi risk (GPR, təxmin edilmiş kanallar)",fr5:vol:total,"Pullu xidmətlər, cəmi: real həcm (2015 qiymətləri)",2030,"mln AZN, 2015 qiymətləri",0.37222,-0.354804,0.97633,0.011977,0.953212,0.0239542,0.908561,0.0479099,0.8659,0.0718689,-0.0245682,0.0233696,-0.0491544,0.0467236,False,,,,,,,,,,
geo,"Regional geosiyasi risk (GPR, təxmin edilmiş kanallar)",ru:budget_gdp,Büdcə balansı,2026,% ÜDM (f.b.),0,0,,,,,,,,,,,,,False,,"Büdcə balansı həddi (< hədd, % ÜDM)",-1,0.655559,,,,,8,
geo,"Regional geosiyasi risk (GPR, təxmin edilmiş kanallar)",ru:budget_gdp,Büdcə balansı,2027,% ÜDM (f.b.),-0.0392744,0.0395323,1.00328,0.00163648,1.00657,0.00327295,1.01318,0.00654588,1.01983,0.00981878,0.00329249,-0.00325364,0.00660536,-0.00648749,False,,"Büdcə balansı həddi (< hədd, % ÜDM)",-1,0.32115,,,,,8,
geo,"Regional geosiyasi risk (GPR, təxmin edilmiş kanallar)",ru:budget_gdp,Büdcə balansı,2028,% ÜDM (f.b.),-0.00349951,0.00344507,0.992192,-0.00391952,0.984444,-0.0078389,0.96913,-0.0156767,0.954055,-0.0235124,-0.00786481,0.00781238,-0.0157049,0.015647,False,,"Büdcə balansı həddi (< hədd, % ÜDM)",-1,0.0335283,,,,,8,
geo,"Regional geosiyasi risk (GPR, təxmin edilmiş kanallar)",ru:budget_gdp,Büdcə balansı,2029,% ÜDM (f.b.),-0.0034405,0.00338562,0.991992,-0.00402002,0.984048,-0.00803989,0.968351,-0.0160787,0.952905,-0.0241153,-0.00806886,0.00801035,-0.0161129,0.0160431,False,,"Büdcə balansı həddi (< hədd, % ÜDM)",-1,0.108813,,,,,8,
geo,"Regional geosiyasi risk (GPR, təxmin edilmiş kanallar)",ru:budget_gdp,Büdcə balansı,2030,% ÜDM (f.b.),-0.00341592,0.00335969,0.991735,-0.0041495,0.983539,-0.00829886,0.967349,-0.0165966,0.951425,-0.0248921,-0.00833186,0.00826533,-0.0166387,0.0165531,False,,"Büdcə balansı həddi (< hədd, % ÜDM)",-1,0.141054,,,,,8,
geo,"Regional geosiyasi risk (GPR, təxmin edilmiş kanallar)",ru:cpi,"İnflyasiya (İQİ, illik orta)",2026,f.b.,0,0,,,,,,,,,,,,,False,,İnflyasiya həddi (> hədd),6,5.2991,,,,,10,
geo,"Regional geosiyasi risk (GPR, təxmin edilmiş kanallar)",ru:cpi,"İnflyasiya (İQİ, illik orta)",2027,f.b.,-0.100661,0.100788,1.00063,0.00031454,1.00126,0.000629082,1.00252,0.00125818,1.00378,0.0018873,0.000636002,-0.000622201,0.00127691,-0.00123958,False,,İnflyasiya həddi (> hədd),6,5.7416,,2.56109,,228.88,10,
geo,"Regional geosiyasi risk (GPR, təxmin edilmiş kanallar)",ru:cpi,"İnflyasiya (İQİ, illik orta)",2028,f.b.,0.0976599,-0.0977806,1.00062,-0.000308821,1.00124,-0.000617645,1.00247,-0.00123531,1.00371,-0.00185301,0.000625425,-0.000609913,0.00125633,-0.00121445,False,,İnflyasiya həddi (> hədd),6,5.8752,1.27824,,-43.0187,,10,
geo,"Regional geosiyasi risk (GPR, təxmin edilmiş kanallar)",ru:cpi,"İnflyasiya (İQİ, illik orta)",2029,f.b.,0.00363528,-0.00363432,0.999869,6.5602e-05,0.999738,0.000131201,0.999475,0.000262401,0.999213,0.0003936,-0.000131229,0.00013117,-0.000262467,0.00026233,False,,İnflyasiya həddi (> hədd),6,5.9149,,,,,10,
geo,"Regional geosiyasi risk (GPR, təxmin edilmiş kanallar)",ru:cpi,"İnflyasiya (İQİ, illik orta)",2030,f.b.,0.000241663,-0.000240671,0.997946,0.00102804,0.995896,0.00205608,0.991809,0.00411216,0.987739,0.00616837,-0.00206081,0.00205136,-0.00412195,0.00410266,False,,İnflyasiya həddi (> hədd),6,5.9278,,,,,10,
geo,"Regional geosiyasi risk (GPR, təxmin edilmiş kanallar)",ru:debt_gdp,Dövlət borcu,2026,% ÜDM (f.b.),0,0,,,,,,,,,,,,,False,,Dövlət borcu > 30% ÜDM (DSA həddi),30,17.2926,,,,,15,
geo,"Regional geosiyasi risk (GPR, təxmin edilmiş kanallar)",ru:debt_gdp,Dövlət borcu,2027,% ÜDM (f.b.),0.0975945,-0.0974101,0.999055,0.00047279,0.998111,0.00094558,0.996225,0.00189116,0.994343,0.00283673,-0.000939034,0.000952136,-0.00187312,0.00190925,False,,Dövlət borcu > 30% ÜDM (DSA həddi),30,15.6733,,,,,15,
geo,"Regional geosiyasi risk (GPR, təxmin edilmiş kanallar)",ru:debt_gdp,Dövlət borcu,2028,% ÜDM (f.b.),0.0397717,-0.0399232,1.0019,-0.000950395,1.00381,-0.0019008,1.00763,-0.00380172,1.01147,-0.00570287,0.00193227,-0.00186971,0.00388826,-0.00371662,False,,Dövlət borcu > 30% ÜDM (DSA həddi),30,14.5227,,,,,15,
geo,"Regional geosiyasi risk (GPR, təxmin edilmiş kanallar)",ru:debt_gdp,Dövlət borcu,2029,% ÜDM (f.b.),0.0396077,-0.0396936,1.00108,-0.000541272,1.00217,-0.00108257,1.00434,-0.00216533,1.00652,-0.00324846,0.00111656,-0.00104903,0.00225692,-0.00207527,False,,Dövlət borcu > 30% ÜDM (DSA həddi),30,13.1051,,,,,15,
geo,"Regional geosiyasi risk (GPR, təxmin edilmiş kanallar)",ru:debt_gdp,Dövlət borcu,2030,% ÜDM (f.b.),0.0398276,-0.0398537,1.00033,-0.000163308,1.00065,-0.000326648,1.00131,-0.000653556,1.00196,-0.000980985,0.000361702,-0.000292137,0.000747225,-0.00056157,False,,Dövlət borcu > 30% ÜDM (DSA həddi),30,11.9126,,,,,15,
geo,"Regional geosiyasi risk (GPR, təxmin edilmiş kanallar)",ru:nonoil_g,Qeyri-neft ÜDM real artımı,2026,f.b.,0,0,,,,,,,,,,,,,False,,Growth-at-Risk həddi (qeyri-neft artımı < hədd),2,5.312,,,,,6,
geo,"Regional geosiyasi risk (GPR, təxmin edilmiş kanallar)",ru:nonoil_g,Qeyri-neft ÜDM real artımı,2027,f.b.,-0.308519,0.309886,1.00221,0.00110529,1.00443,0.00221057,1.00888,0.00442117,1.01335,0.0066318,0.00222414,-0.00219715,0.00446071,-0.00438222,False,,Growth-at-Risk həddi (qeyri-neft artımı < hədd),2,5.43,,,,,6,
geo,"Regional geosiyasi risk (GPR, təxmin edilmiş kanallar)",ru:nonoil_g,Qeyri-neft ÜDM real artımı,2028,f.b.,0.297602,-0.297052,0.999075,0.000462759,0.998151,0.000925518,0.996305,0.00185104,0.994462,0.00277656,-0.000919116,0.000931936,-0.00183341,0.00186874,False,,Growth-at-Risk həddi (qeyri-neft artımı < hədd),2,5.603,,,,,6,
geo,"Regional geosiyasi risk (GPR, təxmin edilmiş kanallar)",ru:nonoil_g,Qeyri-neft ÜDM real artımı,2029,f.b.,0.011171,-0.0111652,0.999743,0.000128349,0.999487,0.000256697,0.998974,0.000513393,0.998461,0.000770088,-0.000256685,0.000256707,-0.000513318,0.000513465,False,,Growth-at-Risk həddi (qeyri-neft artımı < hədd),2,5.632,,,,,6,
geo,"Regional geosiyasi risk (GPR, təxmin edilmiş kanallar)",ru:nonoil_g,Qeyri-neft ÜDM real artımı,2030,f.b.,0.000742692,-0.000739655,0.997953,0.00102455,0.99591,0.0020491,0.991837,0.0040982,0.98778,0.00614738,-0.00205375,0.00204446,-0.00410779,0.00408879,False,,Growth-at-Risk həddi (qeyri-neft artımı < hədd),2,5.727,,,,,6,
geo,"Regional geosiyasi risk (GPR, təxmin edilmiş kanallar)",ru:nonoil_lvl,Qeyri-neft real ÜDM səviyyəsi,2026,% (baza ilə fərq),0,0,,,,,,,,,,,,,False,,,,,,,,,10,
geo,"Regional geosiyasi risk (GPR, təxmin edilmiş kanallar)",ru:nonoil_lvl,Qeyri-neft real ÜDM səviyyəsi,2027,% (baza ilə fərq),-0.293329,0.294629,1.00221,0.00110529,1.00443,0.00221057,1.00888,0.00442117,1.01335,0.0066318,0.00222414,-0.00219715,0.00446071,-0.00438222,False,,,,,,,,,10,
geo,"Regional geosiyasi risk (GPR, təxmin edilmiş kanallar)",ru:nonoil_lvl,Qeyri-neft real ÜDM səviyyəsi,2028,% (baza ilə fərq),-0.00935285,0.00950626,1.00817,0.0040673,1.0164,0.00813459,1.03308,0.0162691,1.05003,0.0244035,0.00808076,-0.00818957,0.0161696,-0.0163715,False,,,,,,,,,10,
geo,"Regional geosiyasi risk (GPR, təxmin edilmiş kanallar)",ru:nonoil_lvl,Qeyri-neft real ÜDM səviyyəsi,2029,% (baza ilə fərq),0.00129823,-0.00114136,0.937702,0.0321503,0.879166,0.0643019,0.772085,0.128614,0.676521,0.192946,-0.0687976,0.0603514,-0.137648,0.12066,False,,,,,,,,,10,
geo,"Regional geosiyasi risk (GPR, təxmin edilmiş kanallar)",ru:nonoil_lvl,Qeyri-neft real ÜDM səviyyəsi,2030,% (baza ilə fərq),0.00201019,-0.00185039,0.959447,0.020696,0.920505,0.0413926,0.847081,0.0827894,0.779051,0.124195,-0.0432265,0.0397057,-0.0864851,0.0793844,False,,,,,,,,,10,
geo,"Regional geosiyasi risk (GPR, təxmin edilmiş kanallar)",ru:tb_gdp,Mal ticarəti balansı (cari hesab proksisi),2026,% ÜDM (f.b.),0,0,,,,,,,,,,,,,False,,Mal ticarəti balansı < 0 (kəsir),0,9.03884,,,,,15,
geo,"Regional geosiyasi risk (GPR, təxmin edilmiş kanallar)",ru:tb_gdp,Mal ticarəti balansı (cari hesab proksisi),2027,% ÜDM (f.b.),0.0490324,-0.0495016,1.00477,-0.00238064,1.00957,-0.00476126,1.01923,-0.00952239,1.02898,-0.0142833,0.00479047,-0.0047325,0.00961593,-0.0094311,False,,Mal ticarəti balansı < 0 (kəsir),0,6.55075,,,,,15,
geo,"Regional geosiyasi risk (GPR, təxmin edilmiş kanallar)",ru:tb_gdp,Mal ticarəti balansı (cari hesab proksisi),2028,% ÜDM (f.b.),0.000166472,-0.000147341,0.940838,0.0304825,0.885083,0.060961,0.782706,0.12189,0.690966,0.182756,-0.0646845,0.0576546,-0.129205,0.115433,False,,Mal ticarəti balansı < 0 (kəsir),0,4.31464,,,,,15,
geo,"Regional geosiyasi risk (GPR, təxmin edilmiş kanallar)",ru:tb_gdp,Mal ticarəti balansı (cari hesab proksisi),2029,% ÜDM (f.b.),0.000110572,-9.54172e-05,0.929035,0.0367877,0.862946,0.0735685,0.743555,0.147082,0.638694,0.220484,-0.079055,0.0688188,-0.157861,0.137822,False,,Mal ticarəti balansı < 0 (kəsir),0,3.69245,,,,,15,
geo,"Regional geosiyasi risk (GPR, təxmin edilmiş kanallar)",ru:tb_gdp,Mal ticarəti balansı (cari hesab proksisi),2030,% ÜDM (f.b.),5.91185e-05,-4.73584e-05,0.895316,0.0552333,0.801076,0.110447,0.638347,0.220743,0.50293,0.330734,-0.123445,0.100009,-0.246389,0.200364,False,,Mal ticarəti balansı < 0 (kəsir),0,2.75209,,,,,15,
geo_stress,Geosiyasi eskalasiya (S4 analoq vektoru),fr10:ind_output,"Sənaye buraxılışı, cəmi (30 sahə)",2026,mln manat,0,0,,,,,,,,,,,,,False,,,,,,,,,,
geo_stress,Geosiyasi eskalasiya (S4 analoq vektoru),fr10:ind_output,"Sənaye buraxılışı, cəmi (30 sahə)",2027,mln manat,313.115,-312.425,0.998899,0.000550899,0.997799,0.0011018,0.995602,0.00220362,0.993411,0.00330547,-0.0010961,0.00110755,-0.00218762,0.0022198,False,,,,,,,,,,
geo_stress,Geosiyasi eskalasiya (S4 analoq vektoru),fr10:ind_output,"Sənaye buraxılışı, cəmi (30 sahə)",2028,mln manat,-0.981687,0.973137,0.995636,-0.00218695,0.99129,-0.0043739,0.982656,-0.00874784,0.974096,-0.013122,-0.00435239,0.00439602,-0.00867814,0.0088203,False,,,,,,,,,,
geo_stress,Geosiyasi eskalasiya (S4 analoq vektoru),fr10:ind_output,"Sənaye buraxılışı, cəmi (30 sahə)",2029,mln manat,-1.11186,1.10208,0.995594,-0.00220779,0.991208,-0.00441559,0.982492,-0.00883124,0.973852,-0.013247,-0.00439726,0.00443455,-0.00876977,0.00889524,False,,,,,,,,,,
geo_stress,Geosiyasi eskalasiya (S4 analoq vektoru),fr10:ind_output,"Sənaye buraxılışı, cəmi (30 sahə)",2030,mln manat,-1.2536,1.24266,0.995628,-0.00219103,0.991274,-0.00438207,0.982624,-0.00876422,0.974048,-0.0131465,-0.00436626,0.00439852,-0.00870952,0.00882129,False,,,,,,,,,,
geo_stress,Geosiyasi eskalasiya (S4 analoq vektoru),fr12:act:N:ALL,Qeydiyyatdakı vahidlər (ehtiyat): Bütün sahələr,2026,vahid,0,0,,,,,,,,,,,,,False,,,,,,,,,,
geo_stress,Geosiyasi eskalasiya (S4 analoq vektoru),fr12:act:N:ALL,Qeydiyyatdakı vahidlər (ehtiyat): Bütün sahələr,2027,vahid,33.682,-33.699,1.00025,-0.000126452,1.00051,-0.000252902,1.00101,-0.000505795,1.00152,-0.000758669,0.000265259,-0.000240533,0.000538796,-0.000472772,False,,,,,,,,,,
geo_stress,Geosiyasi eskalasiya (S4 analoq vektoru),fr12:act:N:ALL,Qeydiyyatdakı vahidlər (ehtiyat): Bütün sahələr,2028,vahid,-0.635207,0.718339,1.06337,0.0307108,1.13087,0.0614178,1.28,0.122805,1.45138,0.184132,0.0581299,-0.0651441,0.116442,-0.130099,True,asimmetrik cavab; qeyri-proporsional miqyas,,,,,,,,,
geo_stress,Geosiyasi eskalasiya (S4 analoq vektoru),fr12:act:N:ALL,Qeydiyyatdakı vahidlər (ehtiyat): Bütün sahələr,2029,vahid,-0.626577,0.708424,1.06325,0.0306562,1.13063,0.0613086,1.27943,0.122587,1.45039,0.183805,0.0580323,-0.065021,0.116246,-0.129853,True,asimmetrik cavab; qeyri-proporsional miqyas,,,,,,,,,
geo_stress,Geosiyasi eskalasiya (S4 analoq vektoru),fr12:act:N:ALL,Qeydiyyatdakı vahidlər (ehtiyat): Bütün sahələr,2030,vahid,-0.61832,0.698925,1.06313,0.0305981,1.13036,0.0611924,1.27882,0.122355,1.44935,0.183457,0.0579283,-0.06489,0.116038,-0.129591,True,asimmetrik cavab; qeyri-proporsional miqyas,,,,,,,,,
geo_stress,Geosiyasi eskalasiya (S4 analoq vektoru),fr12:ew:score:CON,Erkən xəbərdarlıq balı (0–1): Tikinti,2026,bal (0–1),0,0,,,,,,,,,,,,,False,,,,,,,,,,
geo_stress,Geosiyasi eskalasiya (S4 analoq vektoru),fr12:ew:score:CON,Erkən xəbərdarlıq balı (0–1): Tikinti,2027,bal (0–1),0,0,,,,,,,,,,,,,False,,,,,,,,,,
geo_stress,Geosiyasi eskalasiya (S4 analoq vektoru),fr12:ew:score:CON,Erkən xəbərdarlıq balı (0–1): Tikinti,2028,bal (0–1),0,0,,,,,,,,,,,,,False,,,,,,,,,,
geo_stress,Geosiyasi eskalasiya (S4 analoq vektoru),fr12:ew:score:CON,Erkən xəbərdarlıq balı (0–1): Tikinti,2029,bal (0–1),0,0,,,,,,,,,,,,,False,,,,,,,,,,
geo_stress,Geosiyasi eskalasiya (S4 analoq vektoru),fr12:ew:score:CON,Erkən xəbərdarlıq balı (0–1): Tikinti,2030,bal (0–1),0,0,,,,,,,,,,,,,False,,,,,,,,,,
geo_stress,Geosiyasi eskalasiya (S4 analoq vektoru),fr12:ew:score:TRD,Erkən xəbərdarlıq balı (0–1): Ticarət,2026,bal (0–1),0,0,,,,,,,,,,,,,False,,,,,,,,,,
geo_stress,Geosiyasi eskalasiya (S4 analoq vektoru),fr12:ew:score:TRD,Erkən xəbərdarlıq balı (0–1): Ticarət,2027,bal (0–1),0,0,,,,,,,,,,,,,False,,,,,,,,,,
geo_stress,Geosiyasi eskalasiya (S4 analoq vektoru),fr12:ew:score:TRD,Erkən xəbərdarlıq balı (0–1): Ticarət,2028,bal (0–1),0,0,,,,,,,,,,,,,False,,,,,,,,,,
geo_stress,Geosiyasi eskalasiya (S4 analoq vektoru),fr12:ew:score:TRD,Erkən xəbərdarlıq balı (0–1): Ticarət,2029,bal (0–1),0,0,,,,,,,,,,,,,False,,,,,,,,,,
geo_stress,Geosiyasi eskalasiya (S4 analoq vektoru),fr12:ew:score:TRD,Erkən xəbərdarlıq balı (0–1): Ticarət,2030,bal (0–1),0,0,,,,,,,,,,,,,False,,,,,,,,,,
geo_stress,Geosiyasi eskalasiya (S4 analoq vektoru),fr1:balance_n,Büdcə balansı,2026,"mln AZN, cari qiymətlər",0,0,,,,,,,,,,,,,False,,,,,,,,,,
geo_stress,Geosiyasi eskalasiya (S4 analoq vektoru),fr1:balance_n,Büdcə balansı,2027,"mln AZN, cari qiymətlər",83.1054,-82.252,0.994852,0.00258067,0.98973,0.00516132,0.979566,0.0103225,0.969505,0.0154836,-0.00513825,0.00518498,-0.0102438,0.010404,False,,,,,,,,,,
geo_stress,Geosiyasi eskalasiya (S4 analoq vektoru),fr1:balance_n,Büdcə balansı,2028,"mln AZN, cari qiymətlər",6.08754,-5.8995,0.984435,0.00784364,0.96911,0.0156873,0.939159,0.0313749,0.910105,0.0470631,-0.0159139,0.0154697,-0.0318137,0.0309573,False,,,,,,,,,,
geo_stress,Geosiyasi eskalasiya (S4 analoq vektoru),fr1:balance_n,Büdcə balansı,2029,"mln AZN, cari qiymətlər",6.50672,-6.2962,0.983691,0.00822162,0.967645,0.0164433,0.93632,0.0328869,0.905976,0.0493312,-0.0166965,0.0162003,-0.0333801,0.0324174,False,,,,,,,,,,
geo_stress,Geosiyasi eskalasiya (S4 analoq vektoru),fr1:balance_n,Büdcə balansı,2030,"mln AZN, cari qiymətlər",6.9493,-6.71454,0.982965,0.0085907,0.966218,0.0171815,0.933557,0.0343633,0.901961,0.051546,-0.0174619,0.0169127,-0.034912,0.0338412,False,,,,,,,,,,
geo_stress,Geosiyasi eskalasiya (S4 analoq vektoru),fr1:debt_azn,"Dövlət borcu (xarici + daxili, Maliyyə Nazirliyinin anlayışı; dövlət zəmanətli borc daxil deyil)",2026,"mln AZN, cari qiymətlər",0,0,,,,,,,,,,,,,False,,,,,,,,,,
geo_stress,Geosiyasi eskalasiya (S4 analoq vektoru),fr1:debt_azn,"Dövlət borcu (xarici + daxili, Maliyyə Nazirliyinin anlayışı; dövlət zəmanətli borc daxil deyil)",2027,"mln AZN, cari qiymətlər",-83.1054,82.252,0.994852,-0.00258067,0.98973,-0.00516132,0.979566,-0.0103225,0.969505,-0.0154836,-0.00513825,0.00518498,-0.0102438,0.010404,False,,,,,,,,,,
geo_stress,Geosiyasi eskalasiya (S4 analoq vektoru),fr1:debt_azn,"Dövlət borcu (xarici + daxili, Maliyyə Nazirliyinin anlayışı; dövlət zəmanətli borc daxil deyil)",2028,"mln AZN, cari qiymətlər",-89.193,88.1515,0.994144,-0.0029364,0.988323,-0.00587279,0.976782,-0.0117455,0.965374,-0.0176179,-0.00585941,0.00588693,-0.0116874,0.0118068,False,,,,,,,,,,
geo_stress,Geosiyasi eskalasiya (S4 analoq vektoru),fr1:debt_azn,"Dövlət borcu (xarici + daxili, Maliyyə Nazirliyinin anlayışı; dövlət zəmanətli borc daxil deyil)",2029,"mln AZN, cari qiymətlər",-95.6997,94.4477,0.993437,-0.00329227,0.986917,-0.00658452,0.974004,-0.0131689,0.961259,-0.0197531,-0.00658185,0.00658815,-0.0131335,0.0132081,False,,,,,,,,,,
geo_stress,Geosiyasi eskalasiya (S4 analoq vektoru),fr1:debt_azn,"Dövlət borcu (xarici + daxili, Maliyyə Nazirliyinin anlayışı; dövlət zəmanətli borc daxil deyil)",2030,"mln AZN, cari qiymətlər",-102.649,101.162,0.992732,-0.00364749,0.985516,-0.00729496,0.97124,-0.0145898,0.957169,-0.0218844,-0.007304,0.00728712,-0.014579,0.0146049,False,,,,,,,,,,
geo_stress,Geosiyasi eskalasiya (S4 analoq vektoru),fr1:emp,Məşğul əhali,2026,min nəfər,0,0,,,,,,,,,,,,,False,,,,,,,,,,
geo_stress,Geosiyasi eskalasiya (S4 analoq vektoru),fr1:emp,Məşğul əhali,2027,min nəfər,0.759366,-0.758746,0.999592,0.000204289,0.999183,0.00040858,0.998367,0.000817182,0.997551,0.00122583,-0.000394415,0.0004228,-0.000779317,0.00085524,False,,,,,,,,,,
geo_stress,Geosiyasi eskalasiya (S4 analoq vektoru),fr1:emp,Məşğul əhali,2028,min nəfər,-0.00671896,0.00714129,1.03094,0.0152356,1.06286,0.030471,1.12979,0.060941,1.20121,0.0914086,0.0296185,-0.031381,0.0592716,-0.0627325,False,,,,,,,,,,
geo_stress,Geosiyasi eskalasiya (S4 analoq vektoru),fr1:emp,Məşğul əhali,2029,min nəfər,-0.00681413,0.00723998,1.03077,0.0151504,1.0625,0.0303008,1.12902,0.0606005,1.19997,0.0908982,0.0294572,-0.0312008,0.0589485,-0.0623729,False,,,,,,,,,,
geo_stress,Geosiyasi eskalasiya (S4 analoq vektoru),fr1:emp,Məşğul əhali,2030,min nəfər,-0.00691355,0.00734378,1.03064,0.0150881,1.06223,0.030176,1.12845,0.0603511,1.19907,0.0905243,0.029339,-0.031069,0.0587116,-0.0621098,False,,,,,,,,,,
geo_stress,Geosiyasi eskalasiya (S4 analoq vektoru),fr1:gdp_n,Nominal ÜDM,2026,"mln AZN, cari qiymətlər",0,0,,,,,,,,,,,,,False,,,,,,,,,,
geo_stress,Geosiyasi eskalasiya (S4 analoq vektoru),fr1:gdp_n,Nominal ÜDM,2027,"mln AZN, cari qiymətlər",675.756,-671.536,0.996873,0.00156604,0.993755,0.00313208,0.98755,0.0062642,0.981382,0.0093964,-0.00310676,0.00315777,-0.00619042,0.00633954,False,,,,,,,,,,
geo_stress,Geosiyasi eskalasiya (S4 analoq vektoru),fr1:gdp_n,Nominal ÜDM,2028,"mln AZN, cari qiymətlər",-4.36737,4.51056,1.01626,0.00806446,1.03279,0.0161288,1.06666,0.032257,1.10169,0.0483835,0.0159261,-0.0163402,0.0318891,-0.0326461,False,,,,,,,,,,
geo_stress,Geosiyasi eskalasiya (S4 analoq vektoru),fr1:gdp_n,Nominal ÜDM,2029,"mln AZN, cari qiymətlər",-4.90699,5.06842,1.01632,0.0080918,1.0329,0.0161835,1.0669,0.0323663,1.10205,0.0485477,0.015978,-0.0163978,0.0319922,-0.0327622,False,,,,,,,,,,
geo_stress,Geosiyasi eskalasiya (S4 analoq vektoru),fr1:gdp_n,Nominal ÜDM,2030,"mln AZN, cari qiymətlər",-5.47258,5.65413,1.01645,0.00815855,1.03318,0.016317,1.06747,0.0326334,1.10294,0.0489484,0.0161064,-0.0165366,0.0322485,-0.0330406,False,,,,,,,,,,
geo_stress,Geosiyasi eskalasiya (S4 analoq vektoru),fr1:infl,İnflyasiya (İQİ),2026,%,0,0,,,,,,,,,,,,,False,,,,,,,,,,
geo_stress,Geosiyasi eskalasiya (S4 analoq vektoru),fr1:infl,İnflyasiya (İQİ),2027,%,0.149573,-0.149526,0.999843,7.83515e-05,0.999687,0.000156705,0.999373,0.000313423,0.99906,0.000470169,-0.000142208,0.000171234,-0.000274757,0.000352196,False,,,,,,,,,,
geo_stress,Geosiyasi eskalasiya (S4 analoq vektoru),fr1:infl,İnflyasiya (İQİ),2028,%,-0.151257,0.151184,0.999758,-0.000121011,0.999516,-0.000242024,0.999032,-0.000484066,0.998549,-0.000726146,-0.000226804,0.000257288,-0.000443453,0.000524832,False,,,,,,,,,,
geo_stress,Geosiyasi eskalasiya (S4 analoq vektoru),fr1:infl,İnflyasiya (İQİ),2029,%,-9.7347e-06,9.86547e-06,1.0067,0.00333636,1.01343,0.00667204,1.02705,0.0133455,1.04089,0.0200363,0.00655053,-0.00679594,0.013051,-0.0136727,False,,,,,,,,,,
geo_stress,Geosiyasi eskalasiya (S4 analoq vektoru),fr1:infl,İnflyasiya (İQİ),2030,%,-1.06141e-05,1.0922e-05,1.0144,0.00714867,1.02901,0.0142977,1.05888,0.0285981,1.08966,0.042907,0.0140443,-0.0145609,0.0280617,-0.0291606,False,,,,,,,,,,
geo_stress,Geosiyasi eskalasiya (S4 analoq vektoru),fr1:lendrate,Kreditlər üzrə orta faiz dərəcəsi,2026,%,0,0,,,,,,,,,,,,,False,,,,,,,,,,
geo_stress,Geosiyasi eskalasiya (S4 analoq vektoru),fr1:lendrate,Kreditlər üzrə orta faiz dərəcəsi,2027,%,-0.5,0.5,1,0,1,-3.60822e-15,1,-1.77636e-15,1,-1.18424e-15,3.77476e-15,0,4.88498e-15,0,False,,,,,,,,,,
geo_stress,Geosiyasi eskalasiya (S4 analoq vektoru),fr1:lendrate,Kreditlər üzrə orta faiz dərəcəsi,2028,%,0,0,,,,,,,,,,,,,False,,,,,,,,,,
geo_stress,Geosiyasi eskalasiya (S4 analoq vektoru),fr1:lendrate,Kreditlər üzrə orta faiz dərəcəsi,2029,%,0,0,,,,,,,,,,,,,False,,,,,,,,,,
geo_stress,Geosiyasi eskalasiya (S4 analoq vektoru),fr1:lendrate,Kreditlər üzrə orta faiz dərəcəsi,2030,%,0,0,,,,,,,,,,,,,False,,,,,,,,,,
geo_stress,Geosiyasi eskalasiya (S4 analoq vektoru),fr1:nobd_pct,"Qeyri-neft büdcə balansı, qeyri-neft ÜDM-ə nisbətən",2026,%,0,0,,,,,,,,,,,,,False,,,,,,,,,,
geo_stress,Geosiyasi eskalasiya (S4 analoq vektoru),fr1:nobd_pct,"Qeyri-neft büdcə balansı, qeyri-neft ÜDM-ə nisbətən",2027,%,0.164693,-0.165336,1.00195,-0.000972954,1.0039,-0.00194591,1.00781,-0.00389186,1.01174,-0.00583789,0.00196278,-0.00192922,0.00393948,-0.00384494,False,,,,,,,,,,
geo_stress,Geosiyasi eskalasiya (S4 analoq vektoru),fr1:nobd_pct,"Qeyri-neft büdcə balansı, qeyri-neft ÜDM-ə nisbətən",2028,%,0.0043867,-0.00422068,0.980896,0.00964404,0.962154,0.0192881,0.925712,0.0385766,0.890599,0.0578659,-0.0196471,0.018945,-0.0392824,0.0379062,False,,,,,,,,,,
geo_stress,Geosiyasi eskalasiya (S4 analoq vektoru),fr1:nobd_pct,"Qeyri-neft büdcə balansı, qeyri-neft ÜDM-ə nisbətən",2029,%,0.00423848,-0.00407262,0.98024,0.00997841,0.960867,0.0199569,0.923236,0.0399142,0.88702,0.0598724,-0.0203445,0.0195868,-0.0406782,0.0391888,False,,,,,,,,,,
geo_stress,Geosiyasi eskalasiya (S4 analoq vektoru),fr1:nobd_pct,"Qeyri-neft büdcə balansı, qeyri-neft ÜDM-ə nisbətən",2030,%,0.00412818,-0.00396179,0.979642,0.0102836,0.959695,0.0205672,0.920981,0.0411349,0.883765,0.0617036,-0.0209819,0.0201717,-0.041954,0.0403577,False,,,,,,,,,,
geo_stress,Geosiyasi eskalasiya (S4 analoq vektoru),fr1:rcons,Real istehlak (istehlak bazarı),2026,"mln AZN, 2015 qiymətləri",0,0,,,,,,,,,,,,,False,,,,,,,,,,
geo_stress,Geosiyasi eskalasiya (S4 analoq vektoru),fr1:rcons,Real istehlak (istehlak bazarı),2027,"mln AZN, 2015 qiymətləri",392.152,-389.458,0.99656,0.00172302,0.993132,0.00344604,0.98631,0.00689209,0.979535,0.0103382,-0.0034273,0.00346509,-0.00683445,0.00695107,False,,,,,,,,,,
geo_stress,Geosiyasi eskalasiya (S4 analoq vektoru),fr1:rcons,Real istehlak (istehlak bazarı),2028,"mln AZN, 2015 qiymətləri",-1.68034,1.83297,1.04441,0.0217216,1.09083,0.0434431,1.19031,0.0868856,1.29971,0.130327,0.0416762,-0.0453767,0.0833839,-0.0907308,True,asimmetrik cavab,,,,,,,,,
geo_stress,Geosiyasi eskalasiya (S4 analoq vektoru),fr1:rcons,Real istehlak (istehlak bazarı),2029,"mln AZN, 2015 qiymətləri",-1.7629,1.92195,1.04412,0.021582,1.09022,0.0431639,1.18897,0.0863273,1.2975,0.12949,0.0414188,-0.0450725,0.0828686,-0.0901233,True,asimmetrik cavab,,,,,,,,,
geo_stress,Geosiyasi eskalasiya (S4 analoq vektoru),fr1:rcons,Real istehlak (istehlak bazarı),2030,"mln AZN, 2015 qiymətləri",-1.84647,2.0121,1.04387,0.0214627,1.0897,0.0429254,1.18783,0.0858503,1.29562,0.128774,0.0411989,-0.0448128,0.0824283,-0.0896043,True,asimmetrik cavab,,,,,,,,,
geo_stress,Geosiyasi eskalasiya (S4 analoq vektoru),fr1:rcred_tot,Kreditlər (real),2026,"mln AZN, 2015 qiymətləri",0,0,,,,,,,,,,,,,False,,,,,,,,,,
geo_stress,Geosiyasi eskalasiya (S4 analoq vektoru),fr1:rcred_tot,Kreditlər (real),2027,"mln AZN, 2015 qiymətləri",53.0508,-52.8835,0.998421,0.000789958,0.996845,0.00157992,0.9937,0.0031599,0.990565,0.00473997,-0.00156349,0.00159652,-0.0031145,0.00320593,False,,,,,,,,,,
geo_stress,Geosiyasi eskalasiya (S4 analoq vektoru),fr1:rcred_tot,Kreditlər (real),2028,"mln AZN, 2015 qiymətləri",-0.392549,0.419524,1.03378,0.0166085,1.06872,0.0332169,1.14232,0.0664328,1.22135,0.0996463,0.0321974,-0.0343109,0.0644296,-0.0685929,False,,,,,,,,,,
geo_stress,Geosiyasi eskalasiya (S4 analoq vektoru),fr1:rcred_tot,Kreditlər (real),2029,"mln AZN, 2015 qiymətləri",-0.407163,0.434974,1.03358,0.0165124,1.06831,0.0330247,1.14144,0.0660483,1.21993,0.0990699,0.0320164,-0.0341061,0.064067,-0.0681842,False,,,,,,,,,,
geo_stress,Geosiyasi eskalasiya (S4 analoq vektoru),fr1:rcred_tot,Kreditlər (real),2030,"mln AZN, 2015 qiymətləri",-0.421221,0.44986,1.03343,0.0164386,1.06799,0.032877,1.14076,0.065753,1.21884,0.0986272,0.0318772,-0.033949,0.0637883,-0.0678706,False,,,,,,,,,,
geo_stress,Geosiyasi eskalasiya (S4 analoq vektoru),fr1:rev_oil_n,Neft-qaz büdcə gəlirləri,2026,"mln AZN, cari qiymətlər",0,0,,,,,,,,,,,,,False,,,,,,,,,,
geo_stress,Geosiyasi eskalasiya (S4 analoq vektoru),fr1:rev_oil_n,Neft-qaz büdcə gəlirləri,2027,"mln AZN, cari qiymətlər",0,0,,,,,,,,,,,,,False,,,,,,,,,,
geo_stress,Geosiyasi eskalasiya (S4 analoq vektoru),fr1:rev_oil_n,Neft-qaz büdcə gəlirləri,2028,"mln AZN, cari qiymətlər",0,0,,,,,,,,,,,,,False,,,,,,,,,,
geo_stress,Geosiyasi eskalasiya (S4 analoq vektoru),fr1:rev_oil_n,Neft-qaz büdcə gəlirləri,2029,"mln AZN, cari qiymətlər",0,0,,,,,,,,,,,,,False,,,,,,,,,,
geo_stress,Geosiyasi eskalasiya (S4 analoq vektoru),fr1:rev_oil_n,Neft-qaz büdcə gəlirləri,2030,"mln AZN, cari qiymətlər",0,0,,,,,,,,,,,,,False,,,,,,,,,,
geo_stress,Geosiyasi eskalasiya (S4 analoq vektoru),fr1:rev_tot_n,Büdcə gəlirləri,2026,"mln AZN, cari qiymətlər",0,0,,,,,,,,,,,,,False,,,,,,,,,,
geo_stress,Geosiyasi eskalasiya (S4 analoq vektoru),fr1:rev_tot_n,Büdcə gəlirləri,2027,"mln AZN, cari qiymətlər",252.306,-249.778,0.994978,0.00251709,0.989982,0.00503417,0.980064,0.0100682,0.970245,0.0151021,-0.00499653,0.00507249,-0.00995167,0.0101881,False,,,,,,,,,,
geo_stress,Geosiyasi eskalasiya (S4 analoq vektoru),fr1:rev_tot_n,Büdcə gəlirləri,2028,"mln AZN, cari qiymətlər",-0.490167,0.62983,1.133,0.0623545,1.28493,0.124699,1.66426,0.249322,2.19383,0.373792,0.111184,-0.142085,0.222585,-0.283928,True,asimmetrik cavab; qeyri-proporsional miqyas,,,,,,,,,
geo_stress,Geosiyasi eskalasiya (S4 analoq vektoru),fr1:rev_tot_n,Büdcə gəlirləri,2029,"mln AZN, cari qiymətlər",-0.571971,0.729317,1.12871,0.0604622,1.27509,0.120915,1.63769,0.24176,2.13707,0.362462,0.108172,-0.137183,0.216555,-0.274135,True,asimmetrik cavab; qeyri-proporsional miqyas,,,,,,,,,
geo_stress,Geosiyasi eskalasiya (S4 analoq vektoru),fr1:rev_tot_n,Büdcə gəlirləri,2030,"mln AZN, cari qiymətlər",-0.661212,0.837602,1.12505,0.0588474,1.26677,0.117686,1.61543,0.235306,2.0902,0.352792,0.105586,-0.133033,0.211376,-0.265844,True,asimmetrik cavab; qeyri-proporsional miqyas,,,,,,,,,
geo_stress,Geosiyasi eskalasiya (S4 analoq vektoru),fr1:rgdp,Real ÜDM,2026,"mln AZN, 2015 qiymətləri",0,0,,,,,,,,,,,,,False,,,,,,,,,,
geo_stress,Geosiyasi eskalasiya (S4 analoq vektoru),fr1:rgdp,Real ÜDM,2027,"mln AZN, 2015 qiymətləri",218.902,-217.803,0.997486,0.00125862,0.994978,0.00251724,0.989981,0.00503454,0.985009,0.00755194,-0.0024956,0.00253916,-0.0049728,0.0050974,False,,,,,,,,,,
geo_stress,Geosiyasi eskalasiya (S4 analoq vektoru),fr1:rgdp,Real ÜDM,2028,"mln AZN, 2015 qiymətləri",-4.93453,4.92595,0.999131,-0.000434833,0.998262,-0.000869677,0.996527,-0.00173945,0.994795,-0.00260944,-0.000916783,0.000822688,-0.0018645,0.00161461,False,,,,,,,,,,
geo_stress,Geosiyasi eskalasiya (S4 analoq vektoru),fr1:rgdp,Real ÜDM,2029,"mln AZN, 2015 qiymətləri",-5.17404,5.16544,0.999168,-0.000416061,0.998337,-0.000832134,0.996677,-0.00166436,0.995019,-0.00249677,-0.000879183,0.000785193,-0.0017893,0.00153956,False,,,,,,,,,,
geo_stress,Geosiyasi eskalasiya (S4 analoq vektoru),fr1:rgdp,Real ÜDM,2030,"mln AZN, 2015 qiymətləri",-5.37844,5.37062,0.999273,-0.000363466,0.998547,-0.000726942,0.997096,-0.00145396,0.995647,-0.00218112,-0.000773521,0.000680445,-0.00157775,0.00133025,False,,,,,,,,,,
geo_stress,Geosiyasi eskalasiya (S4 analoq vektoru),fr1:rgdpnon,Real qeyri-neft ÜDM,2026,"mln AZN, 2015 qiymətləri",0,0,,,,,,,,,,,,,False,,,,,,,,,,
geo_stress,Geosiyasi eskalasiya (S4 analoq vektoru),fr1:rgdpnon,Real qeyri-neft ÜDM,2027,"mln AZN, 2015 qiymətləri",237.229,-236.038,0.997486,0.00125862,0.994978,0.00251724,0.989981,0.00503454,0.985009,0.00755194,-0.0024956,0.00253916,-0.0049728,0.0050974,False,,,,,,,,,,
geo_stress,Geosiyasi eskalasiya (S4 analoq vektoru),fr1:rgdpnon,Real qeyri-neft ÜDM,2028,"mln AZN, 2015 qiymətləri",-2.17426,2.31102,1.03096,0.0152451,1.0629,0.0304901,1.12988,0.0609791,1.20135,0.0914656,0.02964,-0.0313978,0.0593171,-0.062764,False,,,,,,,,,,
geo_stress,Geosiyasi eskalasiya (S4 analoq vektoru),fr1:rgdpnon,Real qeyri-neft ÜDM,2029,"mln AZN, 2015 qiymətləri",-2.29701,2.44066,1.03079,0.0151601,1.06254,0.03032,1.12911,0.0606389,1.20011,0.0909555,0.0294789,-0.0312178,0.0589943,-0.0624046,False,,,,,,,,,,
geo_stress,Geosiyasi eskalasiya (S4 analoq vektoru),fr1:rgdpnon,Real qeyri-neft ÜDM,2030,"mln AZN, 2015 qiymətləri",-2.41533,2.56574,1.03066,0.0150978,1.06227,0.0301954,1.12854,0.0603898,1.19921,0.090582,0.0293608,-0.0310861,0.0587576,-0.0621418,False,,,,,,,,,,
geo_stress,Geosiyasi eskalasiya (S4 analoq vektoru),fr1:rhhdisp,Ev təsərrüfatlarının real sərəncamda qalan gəliri,2026,"mln AZN, 2015 qiymətləri",0,0,,,,,,,,,,,,,False,,,,,,,,,,
geo_stress,Geosiyasi eskalasiya (S4 analoq vektoru),fr1:rhhdisp,Ev təsərrüfatlarının real sərəncamda qalan gəliri,2027,"mln AZN, 2015 qiymətləri",322.356,-320.413,0.996981,0.00151176,0.993971,0.00302353,0.987979,0.00604709,0.982022,0.0090707,-0.00300712,0.0030402,-0.00599744,0.00609785,False,,,,,,,,,,
geo_stress,Geosiyasi eskalasiya (S4 analoq vektoru),fr1:rhhdisp,Ev təsərrüfatlarının real sərəncamda qalan gəliri,2028,"mln AZN, 2015 qiymətləri",-1.36074,1.48585,1.04494,0.0219746,1.09194,0.0439492,1.19274,0.0878978,1.30374,0.131845,0.0421398,-0.045931,0.0843105,-0.0918402,True,asimmetrik cavab,,,,,,,,,
geo_stress,Geosiyasi eskalasiya (S4 analoq vektoru),fr1:rhhdisp,Ev təsərrüfatlarının real sərəncamda qalan gəliri,2029,"mln AZN, 2015 qiymətləri",-1.42816,1.55858,1.04464,0.0218327,1.09132,0.0436654,1.19137,0.0873303,1.30148,0.130994,0.0418785,-0.0456215,0.0837874,-0.0912221,True,asimmetrik cavab,,,,,,,,,
geo_stress,Geosiyasi eskalasiya (S4 analoq vektoru),fr1:rhhdisp,Ev təsərrüfatlarının real sərəncamda qalan gəliri,2030,"mln AZN, 2015 qiymətləri",-1.49335,1.62893,1.04439,0.0217111,1.09079,0.0434222,1.19021,0.0868439,1.29955,0.130265,0.0416544,-0.0453564,0.0833388,-0.0906922,True,asimmetrik cavab,,,,,,,,,
geo_stress,Geosiyasi eskalasiya (S4 analoq vektoru),fr1:rinv_state,Dövlət investisiyaları (real),2026,"mln AZN, 2015 qiymətləri",0,0,,,,,,,,,,,,,False,,,,,,,,,,
geo_stress,Geosiyasi eskalasiya (S4 analoq vektoru),fr1:rinv_state,Dövlət investisiyaları (real),2027,"mln AZN, 2015 qiymətləri",-8.91974,8.91522,0.999747,-0.000126657,0.999493,-0.000253317,0.998987,-0.000506662,0.998481,-0.000760062,-0.000244644,0.000262049,-0.000483506,0.000530008,False,,,,,,,,,,
geo_stress,Geosiyasi eskalasiya (S4 analoq vektoru),fr1:rinv_state,Dövlət investisiyaları (real),2028,"mln AZN, 2015 qiymətləri",-0.352629,0.344826,0.988875,-0.00559356,0.977873,-0.0111875,0.956224,-0.022378,0.935032,-0.0335744,-0.0114228,0.0109586,-0.0229189,0.0218478,False,,,,,,,,,,
geo_stress,Geosiyasi eskalasiya (S4 analoq vektoru),fr1:rinv_state,Dövlət investisiyaları (real),2029,"mln AZN, 2015 qiymətləri",-0.355434,0.347374,0.988598,-0.00573368,0.977325,-0.0114677,0.955152,-0.0229386,0.933459,-0.0344155,-0.0117107,0.0112315,-0.0234955,0.0223929,False,,,,,,,,,,
geo_stress,Geosiyasi eskalasiya (S4 analoq vektoru),fr1:rinv_state,Dövlət investisiyaları (real),2030,"mln AZN, 2015 qiymətləri",-0.358878,0.350566,0.988352,-0.00585802,0.976839,-0.0117164,0.954201,-0.023436,0.932065,-0.035162,-0.0119662,0.0114737,-0.0240071,0.0228768,False,,,,,,,,,,
geo_stress,Geosiyasi eskalasiya (S4 analoq vektoru),fr1:rinv_tot,Əsas kapitala investisiyalar (real),2026,"mln AZN, 2015 qiymətləri",0,0,,,,,,,,,,,,,False,,,,,,,,,,
geo_stress,Geosiyasi eskalasiya (S4 analoq vektoru),fr1:rinv_tot,Əsas kapitala investisiyalar (real),2027,"mln AZN, 2015 qiymətləri",-2.26458,2.25186,0.997188,-0.00140813,0.994383,-0.00281628,0.988798,-0.00563274,0.983242,-0.00844957,-0.00282722,0.00280574,-0.00565665,0.00560995,False,,,,,,,,,,
geo_stress,Geosiyasi eskalasiya (S4 analoq vektoru),fr1:rinv_tot,Əsas kapitala investisiyalar (real),2028,"mln AZN, 2015 qiymətləri",-0.525754,0.520946,0.995417,-0.00229658,0.990855,-0.00459329,0.981792,-0.00918755,0.972807,-0.0137837,-0.00469686,0.0044911,-0.00944894,0.00892834,False,,,,,,,,,,
geo_stress,Geosiyasi eskalasiya (S4 analoq vektoru),fr1:rinv_tot,Əsas kapitala investisiyalar (real),2029,"mln AZN, 2015 qiymətləri",-0.53518,0.530093,0.995236,-0.00238767,0.990494,-0.00477546,0.981077,-0.00955194,0.971744,-0.0143304,-0.00488158,0.00467081,-0.00981894,0.00928725,False,,,,,,,,,,
geo_stress,Geosiyasi eskalasiya (S4 analoq vektoru),fr1:rinv_tot,Əsas kapitala investisiyalar (real),2030,"mln AZN, 2015 qiymətləri",-0.545066,0.539719,0.995083,-0.00246438,0.990191,-0.00492888,0.980475,-0.00985882,0.970849,-0.0147909,-0.00503711,0.00482219,-0.0101304,0.00958965,False,,,,,,,,,,
geo_stress,Geosiyasi eskalasiya (S4 analoq vektoru),fr1:rm_non,Qeyri-neft mal idxalı (real),2026,"mln AZN, 2015 qiymətləri",0,0,,,,,,,,,,,,,False,,,,,,,,,,
geo_stress,Geosiyasi eskalasiya (S4 analoq vektoru),fr1:rm_non,Qeyri-neft mal idxalı (real),2027,"mln AZN, 2015 qiymətləri",111.009,-110.248,0.996567,0.00171943,0.993146,0.00343885,0.986339,0.00687771,0.979578,0.0103166,-0.00342076,0.00345725,-0.00682182,0.00693491,False,,,,,,,,,,
geo_stress,Geosiyasi eskalasiya (S4 analoq vektoru),fr1:rm_non,Qeyri-neft mal idxalı (real),2028,"mln AZN, 2015 qiymətləri",-0.641983,0.682833,1.03132,0.0154172,1.06363,0.0308345,1.13145,0.0616706,1.20388,0.0925098,0.0299218,-0.0318095,0.0598528,-0.0636178,False,,,,,,,,,,
geo_stress,Geosiyasi eskalasiya (S4 analoq vektoru),fr1:rm_non,Qeyri-neft mal idxalı (real),2029,"mln AZN, 2015 qiymətləri",-0.664049,0.706111,1.03118,0.0153493,1.06334,0.0306988,1.13083,0.0613992,1.20289,0.0921029,0.0297936,-0.0316656,0.0595959,-0.0633305,False,,,,,,,,,,
geo_stress,Geosiyasi eskalasiya (S4 analoq vektoru),fr1:rm_non,Qeyri-neft mal idxalı (real),2030,"mln AZN, 2015 qiymətləri",-0.685806,0.729088,1.03107,0.0152951,1.06311,0.0305903,1.13034,0.0611823,1.2021,0.0917776,0.0296911,-0.0315506,0.0593907,-0.0631007,False,,,,,,,,,,
geo_stress,Geosiyasi eskalasiya (S4 analoq vektoru),fr1:rva_agr,"Real əlavə dəyər: Kənd, meşə və balıqçılıq",2026,"mln AZN, 2015 qiymətləri",0,0,,,,,,,,,,,,,False,,,,,,,,,,
geo_stress,Geosiyasi eskalasiya (S4 analoq vektoru),fr1:rva_agr,"Real əlavə dəyər: Kənd, meşə və balıqçılıq",2027,"mln AZN, 2015 qiymətləri",0,0,,,,,,,,,,,,,False,,,,,,,,,,
geo_stress,Geosiyasi eskalasiya (S4 analoq vektoru),fr1:rva_agr,"Real əlavə dəyər: Kənd, meşə və balıqçılıq",2028,"mln AZN, 2015 qiymətləri",0,0,,,,,,,,,,,,,False,,,,,,,,,,
geo_stress,Geosiyasi eskalasiya (S4 analoq vektoru),fr1:rva_agr,"Real əlavə dəyər: Kənd, meşə və balıqçılıq",2029,"mln AZN, 2015 qiymətləri",0,0,,,,,,,,,,,,,False,,,,,,,,,,
geo_stress,Geosiyasi eskalasiya (S4 analoq vektoru),fr1:rva_agr,"Real əlavə dəyər: Kənd, meşə və balıqçılıq",2030,"mln AZN, 2015 qiymətləri",0,0,,,,,,,,,,,,,False,,,,,,,,,,
geo_stress,Geosiyasi eskalasiya (S4 analoq vektoru),fr1:rva_con,Real əlavə dəyər: Tikinti,2026,"mln AZN, 2015 qiymətləri",0,0,,,,,,,,,,,,,False,,,,,,,,,,
geo_stress,Geosiyasi eskalasiya (S4 analoq vektoru),fr1:rva_con,Real əlavə dəyər: Tikinti,2027,"mln AZN, 2015 qiymətləri",2.13448,-2.14445,1.00233,-0.0011641,1.00467,-0.0023282,1.00936,-0.00465642,1.01407,-0.00698469,0.00233895,-0.00231759,0.00468882,-0.00462462,False,,,,,,,,,,
geo_stress,Geosiyasi eskalasiya (S4 analoq vektoru),fr1:rva_con,Real əlavə dəyər: Tikinti,2028,"mln AZN, 2015 qiymətləri",-0.158935,0.1593,1.00115,0.000573941,1.0023,0.00114791,1.0046,0.00229604,1.00691,0.00344464,0.00108711,-0.00120903,0.00213469,-0.00245806,False,,,,,,,,,,
geo_stress,Geosiyasi eskalasiya (S4 analoq vektoru),fr1:rva_con,Real əlavə dəyər: Tikinti,2029,"mln AZN, 2015 qiymətləri",-0.167144,0.167429,1.00085,0.000425736,1.0017,0.000851494,1.00341,0.00170317,1.00512,0.00255523,0.000789991,-0.000913265,0.00153956,-0.00186736,False,,,,,,,,,,
geo_stress,Geosiyasi eskalasiya (S4 analoq vektoru),fr1:rva_con,Real əlavə dəyər: Tikinti,2030,"mln AZN, 2015 qiymətləri",-0.173357,0.173592,1.00068,0.000338807,1.00136,0.000677633,1.00271,0.00135542,1.00408,0.00203354,0.000615644,-0.000739849,0.00119039,-0.00152099,False,,,,,,,,,,
geo_stress,Geosiyasi eskalasiya (S4 analoq vektoru),fr1:rva_man,Real əlavə dəyər: Emal sənayesi,2026,"mln AZN, 2015 qiymətləri",0,0,,,,,,,,,,,,,False,,,,,,,,,,
geo_stress,Geosiyasi eskalasiya (S4 analoq vektoru),fr1:rva_man,Real əlavə dəyər: Emal sənayesi,2027,"mln AZN, 2015 qiymətləri",54.1924,-54.2138,1.0002,-9.90282e-05,1.0004,-0.00019806,1.00079,-0.000396144,1.00119,-0.000594279,0.000200232,-0.000195938,0.000401975,-0.000390468,False,,,,,,,,,,
geo_stress,Geosiyasi eskalasiya (S4 analoq vektoru),fr1:rva_man,Real əlavə dəyər: Emal sənayesi,2028,"mln AZN, 2015 qiymətləri",-0.061759,0.0617444,0.999882,-5.91487e-05,0.999763,-0.000118299,0.999527,-0.000236592,0.99929,-0.000355089,-0.000166003,7.05718e-05,-0.000363781,0.000109739,False,,,,,,,,,,
geo_stress,Geosiyasi eskalasiya (S4 analoq vektoru),fr1:rva_man,Real əlavə dəyər: Emal sənayesi,2029,"mln AZN, 2015 qiymətləri",-0.0688996,0.0688244,0.999454,-0.000273075,0.998908,-0.000546158,0.997818,-0.00109238,0.996728,-0.00163871,-0.000597457,0.000494923,-0.00122893,0.000955872,False,,,,,,,,,,
geo_stress,Geosiyasi eskalasiya (S4 analoq vektoru),fr1:rva_man,Real əlavə dəyər: Emal sənayesi,2030,"mln AZN, 2015 qiymətləri",-0.0770377,0.0769061,0.999146,-0.000427251,0.998292,-0.000854517,0.996588,-0.00170915,0.994885,-0.0025639,-0.000908991,0.000800177,-0.00185366,0.00156462,False,,,,,,,,,,
geo_stress,Geosiyasi eskalasiya (S4 analoq vektoru),fr1:rva_trd,Real əlavə dəyər: Ticarət; nəqliyyat vasitələrinin təmiri,2026,"mln AZN, 2015 qiymətləri",0,0,,,,,,,,,,,,,False,,,,,,,,,,
geo_stress,Geosiyasi eskalasiya (S4 analoq vektoru),fr1:rva_trd,Real əlavə dəyər: Ticarət; nəqliyyat vasitələrinin təmiri,2027,"mln AZN, 2015 qiymətləri",60.9629,-60.5636,0.99672,0.00164269,0.993451,0.00328538,0.986944,0.00657078,0.98048,0.00985621,-0.00326748,0.00330357,-0.00651607,0.00662673,False,,,,,,,,,,
geo_stress,Geosiyasi eskalasiya (S4 analoq vektoru),fr1:rva_trd,Real əlavə dəyər: Ticarət; nəqliyyat vasitələrinin təmiri,2028,"mln AZN, 2015 qiymətləri",-0.261396,0.285139,1.04441,0.0217213,1.09083,0.0434424,1.1903,0.0868843,1.29971,0.130325,0.0416753,-0.0453761,0.0833821,-0.0907298,True,asimmetrik cavab,,,,,,,,,
geo_stress,Geosiyasi eskalasiya (S4 analoq vektoru),fr1:rva_trd,Real əlavə dəyər: Ticarət; nəqliyyat vasitələrinin təmiri,2029,"mln AZN, 2015 qiymətləri",-0.274052,0.298777,1.04412,0.0215816,1.09022,0.0431632,1.18896,0.0863259,1.2975,0.129487,0.041418,-0.0450719,0.0828668,-0.0901222,True,asimmetrik cavab,,,,,,,,,
geo_stress,Geosiyasi eskalasiya (S4 analoq vektoru),fr1:rva_trd,Real əlavə dəyər: Ticarət; nəqliyyat vasitələrinin təmiri,2030,"mln AZN, 2015 qiymətləri",-0.28675,0.312471,1.04387,0.0214624,1.0897,0.0429247,1.18782,0.0858489,1.29561,0.128772,0.041198,-0.0448122,0.0824265,-0.0896032,True,asimmetrik cavab,,,,,,,,,
geo_stress,Geosiyasi eskalasiya (S4 analoq vektoru),fr1:rx_non,Qeyri-neft mal ixracı (real),2026,"mln AZN, 2015 qiymətləri",0,0,,,,,,,,,,,,,False,,,,,,,,,,
geo_stress,Geosiyasi eskalasiya (S4 analoq vektoru),fr1:rx_non,Qeyri-neft mal ixracı (real),2027,"mln AZN, 2015 qiymətləri",45.0947,-44.9445,0.998334,0.000833733,0.996671,0.00166748,0.993352,0.00333509,0.990044,0.00500296,-0.00168144,0.00165376,-0.00337045,0.00330033,False,,,,,,,,,,
geo_stress,Geosiyasi eskalasiya (S4 analoq vektoru),fr1:rx_non,Qeyri-neft mal ixracı (real),2028,"mln AZN, 2015 qiymətləri",-0.0132472,0.0132439,0.999878,-6.08263e-05,0.999757,-0.000121644,0.999514,-0.000243278,0.999269,-0.000365535,-0.000169341,7.39163e-05,-0.000370455,0.000117265,False,,,,,,,,,,
geo_stress,Geosiyasi eskalasiya (S4 analoq vektoru),fr1:rx_non,Qeyri-neft mal ixracı (real),2029,"mln AZN, 2015 qiymətləri",-0.015217,0.0152003,0.999451,-0.000274821,0.998901,-0.000549649,0.997804,-0.00109936,0.996707,-0.00164918,-0.00060094,0.000498421,-0.00123589,0.000962875,False,,,,,,,,,,
geo_stress,Geosiyasi eskalasiya (S4 analoq vektoru),fr1:rx_non,Qeyri-neft mal ixracı (real),2030,"mln AZN, 2015 qiymətləri",-0.0175224,0.0174923,0.999142,-0.000429082,0.998285,-0.00085818,0.996573,-0.00171647,0.994864,-0.00257473,-0.000912641,0.000803852,-0.00186064,0.00157198,False,,,,,,,,,,
geo_stress,Geosiyasi eskalasiya (S4 analoq vektoru),fr1:unemp,İşsizlik səviyyəsi,2026,%,0,0,,,,,,,,,,,,,False,,,,,,,,,,
geo_stress,Geosiyasi eskalasiya (S4 analoq vektoru),fr1:unemp,İşsizlik səviyyəsi,2027,%,-0.0139554,0.013944,0.999592,-0.000204289,0.999183,-0.00040858,0.998367,-0.000817182,0.997551,-0.00122583,-0.000394415,0.0004228,-0.000779317,0.00085524,False,,,,,,,,,,
geo_stress,Geosiyasi eskalasiya (S4 analoq vektoru),fr1:unemp,İşsizlik səviyyəsi,2028,%,0.00012283,-0.000130551,1.03094,-0.0152356,1.06286,-0.030471,1.12979,-0.060941,1.20121,-0.0914086,0.0296185,-0.031381,0.0592716,-0.0627325,False,,,,,,,,,,
geo_stress,Geosiyasi eskalasiya (S4 analoq vektoru),fr1:unemp,İşsizlik səviyyəsi,2029,%,0.000123915,-0.000131659,1.03077,-0.0151504,1.0625,-0.0303008,1.12902,-0.0606005,1.19997,-0.0908982,0.0294572,-0.0312008,0.0589485,-0.0623729,False,,,,,,,,,,
geo_stress,Geosiyasi eskalasiya (S4 analoq vektoru),fr1:unemp,İşsizlik səviyyəsi,2030,%,0.000125062,-0.000132845,1.03064,-0.0150881,1.06223,-0.030176,1.12845,-0.0603511,1.19907,-0.0905243,0.029339,-0.031069,0.0587116,-0.0621098,False,,,,,,,,,,
geo_stress,Geosiyasi eskalasiya (S4 analoq vektoru),fr1:wage,Orta aylıq nominal əmək haqqı,2026,AZN/ay,0,0,,,,,,,,,,,,,False,,,,,,,,,,
geo_stress,Geosiyasi eskalasiya (S4 analoq vektoru),fr1:wage,Orta aylıq nominal əmək haqqı,2027,AZN/ay,5.40373,-5.37877,0.997688,0.00115725,0.995382,0.00231451,0.990785,0.00462907,0.986208,0.00694374,-0.00229411,0.00233516,-0.00457127,0.00468788,False,,,,,,,,,,
geo_stress,Geosiyasi eskalasiya (S4 analoq vektoru),fr1:wage,Orta aylıq nominal əmək haqqı,2028,AZN/ay,-0.0650975,0.0640826,0.992174,-0.00392813,0.98441,-0.00785618,0.969063,-0.0157118,0.953953,-0.0235662,-0.0078359,0.0078775,-0.0156177,0.0158111,False,,,,,,,,,,
geo_stress,Geosiyasi eskalasiya (S4 analoq vektoru),fr1:wage,Orta aylıq nominal əmək haqqı,2029,AZN/ay,-0.0703465,0.0692616,0.992259,-0.00388562,0.984578,-0.00777117,0.969392,-0.0155417,0.95444,-0.0233111,-0.00775048,0.00779287,-0.0154475,0.0156411,False,,,,,,,,,,
geo_stress,Geosiyasi eskalasiya (S4 analoq vektoru),fr1:wage,Orta aylıq nominal əmək haqqı,2030,AZN/ay,-0.0755865,0.0744417,0.992399,-0.0038152,0.984855,-0.00763033,0.969939,-0.0152601,0.955247,-0.0228887,-0.00760831,0.00765332,-0.0151637,0.0153614,False,,,,,,,,,,
geo_stress,Geosiyasi eskalasiya (S4 analoq vektoru),fr3:rw_avg,"Orta aylıq əmək haqqı, real (2015 qiymətləri)",2026,"AZN/ay, 2015 qiymətləri",0,0,,,,,,,,,,,,,False,,,,,,,,,,
geo_stress,Geosiyasi eskalasiya (S4 analoq vektoru),fr3:rw_avg,"Orta aylıq əmək haqqı, real (2015 qiymətləri)",2027,"AZN/ay, 2015 qiymətləri",1.84801,-1.83985,0.997789,0.00110697,0.995582,0.00221376,0.991183,0.00442781,0.986804,0.00664181,-0.00219249,0.00223573,-0.00436753,0.00448924,False,,,,,,,,,,
geo_stress,Geosiyasi eskalasiya (S4 analoq vektoru),fr3:rw_avg,"Orta aylıq əmək haqqı, real (2015 qiymətləri)",2028,"AZN/ay, 2015 qiymətləri",-0.015721,0.0170635,1.04174,0.0204435,1.08539,0.0409474,1.17856,0.0819611,1.28033,0.122935,0.0394429,-0.0427256,0.0788897,-0.0853804,True,asimmetrik cavab,,,,,,,,,
geo_stress,Geosiyasi eskalasiya (S4 analoq vektoru),fr3:rw_avg,"Orta aylıq əmək haqqı, real (2015 qiymətləri)",2029,"AZN/ay, 2015 qiymətləri",-0.0164133,0.0178079,1.04165,0.0204012,1.08497,0.0407515,1.17751,0.0815183,1.27864,0.122282,0.0391942,-0.0424769,0.078447,-0.0849023,True,asimmetrik cavab,,,,,,,,,
geo_stress,Geosiyasi eskalasiya (S4 analoq vektoru),fr3:rw_avg,"Orta aylıq əmək haqqı, real (2015 qiymətləri)",2030,"AZN/ay, 2015 qiymətləri",-0.0170921,0.0185374,1.04146,0.0203069,1.08456,0.0405635,1.17659,0.0811331,1.27711,0.121694,0.0390202,-0.0422551,0.0780874,-0.0844595,True,asimmetrik cavab,,,,,,,,,
geo_stress,Geosiyasi eskalasiya (S4 analoq vektoru),fr4:budget,Büdcə təşkilatlarında muzdlu işçilər,2026,min nəfər,0,0,,,,,,,,,,,,,False,,,,,,,,,,
geo_stress,Geosiyasi eskalasiya (S4 analoq vektoru),fr4:budget,Büdcə təşkilatlarında muzdlu işçilər,2027,min nəfər,-0.609745,0.609622,0.999899,-5.07057e-05,0.999797,-0.000101414,0.999594,-0.000202853,0.999392,-0.000304338,-9.29797e-05,0.000109898,-0.000180362,0.000225494,False,,,,,,,,,,
geo_stress,Geosiyasi eskalasiya (S4 analoq vektoru),fr4:budget,Büdcə təşkilatlarında muzdlu işçilər,2028,min nəfər,0.00220931,-0.0024217,1.04694,-0.022932,1.09614,-0.0458641,1.20198,-0.0917286,1.31909,-0.137594,0.0438821,-0.0480428,0.0877874,-0.0960722,False,,,,,,,,,,
geo_stress,Geosiyasi eskalasiya (S4 analoq vektoru),fr4:budget,Büdcə təşkilatlarında muzdlu işçilər,2029,min nəfər,0.00230432,-0.0025236,1.04647,-0.0227097,1.09516,-0.0454194,1.19983,-0.0908393,1.31551,-0.13626,0.0434746,-0.0475553,0.086972,-0.0950978,False,,,,,,,,,,
geo_stress,Geosiyasi eskalasiya (S4 analoq vektoru),fr4:budget,Büdcə təşkilatlarında muzdlu işçilər,2030,min nəfər,0.00239983,-0.00262604,1.04605,-0.0225053,1.09426,-0.0450106,1.19785,-0.0900217,1.31223,-0.135034,0.0430998,-0.0471075,0.086222,-0.0942026,False,,,,,,,,,,
geo_stress,Geosiyasi eskalasiya (S4 analoq vektoru),fr5:vol:total,"Pullu xidmətlər, cəmi: real həcm (2015 qiymətləri)",2026,"mln AZN, 2015 qiymətləri",0,0,,,,,,,,,,,,,False,,,,,,,,,,
geo_stress,Geosiyasi eskalasiya (S4 analoq vektoru),fr5:vol:total,"Pullu xidmətlər, cəmi: real həcm (2015 qiymətləri)",2027,"mln AZN, 2015 qiymətləri",81.3314,-80.7414,0.996366,0.00182008,0.992746,0.00364015,0.985545,0.0072803,0.978395,0.0109204,-0.00362069,0.00365994,-0.00721985,0.00734219,False,,,,,,,,,,
geo_stress,Geosiyasi eskalasiya (S4 analoq vektoru),fr5:vol:total,"Pullu xidmətlər, cəmi: real həcm (2015 qiymətləri)",2028,"mln AZN, 2015 qiymətləri",-0.375859,0.400022,1.03164,0.0155715,1.06429,0.0311428,1.13284,0.0622844,1.2061,0.0934236,0.0302538,-0.0320931,0.0605445,-0.064155,False,,,,,,,,,,
geo_stress,Geosiyasi eskalasiya (S4 analoq vektoru),fr5:vol:total,"Pullu xidmətlər, cəmi: real həcm (2015 qiymətləri)",2029,"mln AZN, 2015 qiymətləri",-0.397241,0.42263,1.03145,0.0154838,1.06391,0.0309675,1.13205,0.0619338,1.20482,0.0928979,0.0300879,-0.0319073,0.0602122,-0.0637841,False,,,,,,,,,,
geo_stress,Geosiyasi eskalasiya (S4 analoq vektoru),fr5:vol:total,"Pullu xidmətlər, cəmi: real həcm (2015 qiymətləri)",2030,"mln AZN, 2015 qiymətləri",-0.417895,0.444489,1.03132,0.0154188,1.06364,0.0308375,1.13146,0.0616738,1.20388,0.0925081,0.0299649,-0.0317696,0.0599656,-0.0635093,False,,,,,,,,,,
geo_stress,Geosiyasi eskalasiya (S4 analoq vektoru),ru:budget_gdp,Büdcə balansı,2026,% ÜDM (f.b.),0,0,,,,,,,,,,,,,False,,"Büdcə balansı həddi (< hədd, % ÜDM)",-1,0.655559,,,,,8,
geo_stress,Geosiyasi eskalasiya (S4 analoq vektoru),ru:budget_gdp,Büdcə balansı,2027,% ÜDM (f.b.),0.0568354,-0.0562517,0.994852,0.00258067,0.98973,0.00516132,0.979566,0.0103225,0.969505,0.0154836,-0.00513825,0.00518498,-0.0102438,0.010404,False,,"Büdcə balansı həddi (< hədd, % ÜDM)",-1,0.32115,,,,,8,
geo_stress,Geosiyasi eskalasiya (S4 analoq vektoru),ru:budget_gdp,Büdcə balansı,2028,% ÜDM (f.b.),0.00386653,-0.00374709,0.984435,0.00784364,0.96911,0.0156873,0.939159,0.0313749,0.910105,0.0470631,-0.0159139,0.0154697,-0.0318137,0.0309573,False,,"Büdcə balansı həddi (< hədd, % ÜDM)",-1,0.0335283,,,,,8,
geo_stress,Geosiyasi eskalasiya (S4 analoq vektoru),ru:budget_gdp,Büdcə balansı,2029,% ÜDM (f.b.),0.00376031,-0.00363864,0.983691,0.00822162,0.967645,0.0164433,0.93632,0.0328869,0.905976,0.0493312,-0.0166965,0.0162003,-0.0333801,0.0324174,False,,"Büdcə balansı həddi (< hədd, % ÜDM)",-1,0.108813,,,,,8,
geo_stress,Geosiyasi eskalasiya (S4 analoq vektoru),ru:budget_gdp,Büdcə balansı,2030,% ÜDM (f.b.),0.00369388,-0.00356909,0.982965,0.0085907,0.966218,0.0171815,0.933557,0.0343633,0.901961,0.051546,-0.0174619,0.0169127,-0.034912,0.0338412,False,,"Büdcə balansı həddi (< hədd, % ÜDM)",-1,0.141054,,,,,8,
geo_stress,Geosiyasi eskalasiya (S4 analoq vektoru),ru:cpi,"İnflyasiya (İQİ, illik orta)",2026,f.b.,0,0,,,,,,,,,,,,,False,,İnflyasiya həddi (> hədd),6,5.2991,,,,,10,
geo_stress,Geosiyasi eskalasiya (S4 analoq vektoru),ru:cpi,"İnflyasiya (İQİ, illik orta)",2027,f.b.,0.149573,-0.149526,0.999843,7.83515e-05,0.999687,0.000156705,0.999373,0.000313423,0.99906,0.000470169,-0.000142208,0.000171234,-0.000274757,0.000352196,False,,İnflyasiya həddi (> hədd),6,5.7416,1.72733,,-0.863666,,10,
geo_stress,Geosiyasi eskalasiya (S4 analoq vektoru),ru:cpi,"İnflyasiya (İQİ, illik orta)",2028,f.b.,-0.151257,0.151184,0.999758,-0.000121011,0.999516,-0.000242024,0.999032,-0.000484066,0.998549,-0.000726146,-0.000226804,0.000257288,-0.000443453,0.000524832,False,,İnflyasiya həddi (> hədd),6,5.8752,,0.825465,,0.412733,10,
geo_stress,Geosiyasi eskalasiya (S4 analoq vektoru),ru:cpi,"İnflyasiya (İQİ, illik orta)",2029,f.b.,-9.7347e-06,9.86547e-06,1.0067,0.00333636,1.01343,0.00667204,1.02705,0.0133455,1.04089,0.0200363,0.00655053,-0.00679594,0.013051,-0.0136727,False,,İnflyasiya həddi (> hədd),6,5.9149,,,,,10,
geo_stress,Geosiyasi eskalasiya (S4 analoq vektoru),ru:cpi,"İnflyasiya (İQİ, illik orta)",2030,f.b.,-1.06141e-05,1.0922e-05,1.0144,0.00714867,1.02901,0.0142977,1.05888,0.0285981,1.08966,0.042907,0.0140443,-0.0145609,0.0280617,-0.0291606,False,,İnflyasiya həddi (> hədd),6,5.9278,,,,,10,
geo_stress,Geosiyasi eskalasiya (S4 analoq vektoru),ru:debt_gdp,Dövlət borcu,2026,% ÜDM (f.b.),0,0,,,,,,,,,,,,,False,,Dövlət borcu > 30% ÜDM (DSA həddi),30,17.2926,,,,,15,
geo_stress,Geosiyasi eskalasiya (S4 analoq vektoru),ru:debt_gdp,Dövlət borcu,2027,% ÜDM (f.b.),-0.128674,0.128825,1.00058,0.000291859,1.00117,0.000583718,1.00234,0.00116743,1.00351,0.00175114,0.000589922,-0.000577516,0.00118421,-0.00115068,False,,Dövlət borcu > 30% ÜDM (DSA həddi),30,15.6733,,,,,15,
geo_stress,Geosiyasi eskalasiya (S4 analoq vektoru),ru:debt_gdp,Dövlət borcu,2028,% ÜDM (f.b.),-0.05625,0.0555721,0.993956,-0.00303106,0.987949,-0.00606211,0.976042,-0.0121241,0.964278,-0.0181859,-0.00605189,0.00607312,-0.0120729,0.0121785,False,,Dövlət borcu > 30% ÜDM (DSA həddi),30,14.5227,,,,,15,
geo_stress,Geosiyasi eskalasiya (S4 analoq vektoru),ru:debt_gdp,Dövlət borcu,2029,% ÜDM (f.b.),-0.0549359,0.0541969,0.993252,-0.00338549,0.986549,-0.00677096,0.973278,-0.0135418,0.960184,-0.0203124,-0.00677165,0.00677126,-0.0135136,0.0135737,False,,Dövlət borcu > 30% ÜDM (DSA həddi),30,13.1051,,,,,15,
geo_stress,Geosiyasi eskalasiya (S4 analoq vektoru),ru:debt_gdp,Dövlət borcu,2030,% ÜDM (f.b.),-0.0542178,0.0534128,0.992549,-0.00373955,0.985153,-0.00747909,0.970525,-0.0149581,0.956111,-0.0224368,-0.00749171,0.00746773,-0.014955,0.0149656,False,,Dövlət borcu > 30% ÜDM (DSA həddi),30,11.9126,,,,,15,
geo_stress,Geosiyasi eskalasiya (S4 analoq vektoru),ru:nonoil_g,Qeyri-neft ÜDM real artımı,2026,f.b.,0,0,,,,,,,,,,,,,False,,Growth-at-Risk həddi (qeyri-neft artımı < hədd),2,5.312,,,,,6,
geo_stress,Geosiyasi eskalasiya (S4 analoq vektoru),ru:nonoil_g,Qeyri-neft ÜDM real artımı,2027,f.b.,0.460179,-0.457868,0.997486,0.00125862,0.994978,0.00251724,0.989981,0.00503454,0.985009,0.00755194,-0.0024956,0.00253916,-0.0049728,0.0050974,False,,Growth-at-Risk həddi (qeyri-neft artımı < hədd),2,5.43,,,,,6,
geo_stress,Geosiyasi eskalasiya (S4 analoq vektoru),ru:nonoil_g,Qeyri-neft ÜDM real artımı,2028,f.b.,-0.459173,0.461145,1.00215,0.00107183,1.0043,0.00214366,1.00861,0.00428735,1.01295,0.0064311,0.00216259,-0.00212491,0.00434103,-0.00423443,False,,Growth-at-Risk həddi (qeyri-neft artımı < hədd),2,5.603,,,,,6,
geo_stress,Geosiyasi eskalasiya (S4 analoq vektoru),ru:nonoil_g,Qeyri-neft ÜDM real artımı,2029,f.b.,-2.9716e-05,3.01152e-05,1.00669,0.00333598,1.01343,0.00667197,1.02705,0.0133457,1.04088,0.0200291,0.00655088,-0.00679606,0.0130516,-0.0136582,False,,Growth-at-Risk həddi (qeyri-neft artımı < hədd),2,5.632,,,,,6,
geo_stress,Geosiyasi eskalasiya (S4 analoq vektoru),ru:nonoil_g,Qeyri-neft ÜDM real artımı,2030,f.b.,-3.22026e-05,3.31369e-05,1.0144,0.00714876,1.02901,0.0142979,1.05888,0.0285984,1.08966,0.0429064,0.0140445,-0.014561,0.0280599,-0.0291609,False,,Growth-at-Risk həddi (qeyri-neft artımı < hədd),2,5.727,,,,,6,
geo_stress,Geosiyasi eskalasiya (S4 analoq vektoru),ru:nonoil_lvl,Qeyri-neft real ÜDM səviyyəsi,2026,% (baza ilə fərq),0,0,,,,,,,,,,,,,False,,,,,,,,,10,
geo_stress,Geosiyasi eskalasiya (S4 analoq vektoru),ru:nonoil_lvl,Qeyri-neft real ÜDM səviyyəsi,2027,% (baza ilə fərq),0.437523,-0.435326,0.997486,0.00125862,0.994978,0.00251724,0.989981,0.00503454,0.985009,0.00755194,-0.0024956,0.00253916,-0.0049728,0.0050974,False,,,,,,,,,10,
geo_stress,Geosiyasi eskalasiya (S4 analoq vektoru),ru:nonoil_lvl,Qeyri-neft real ÜDM səviyyəsi,2028,% (baza ilə fərq),-0.00383766,0.00407904,1.03096,0.0152451,1.0629,0.0304901,1.12988,0.0609791,1.20135,0.0914656,0.02964,-0.0313978,0.0593171,-0.062764,False,,,,,,,,,10,
geo_stress,Geosiyasi eskalasiya (S4 analoq vektoru),ru:nonoil_lvl,Qeyri-neft real ÜDM səviyyəsi,2029,% (baza ilə fərq),-0.00386599,0.00410775,1.03079,0.0151601,1.06254,0.03032,1.12911,0.0606389,1.20011,0.0909555,0.0294789,-0.0312178,0.0589943,-0.0624046,False,,,,,,,,,10,
geo_stress,Geosiyasi eskalasiya (S4 analoq vektoru),ru:nonoil_lvl,Qeyri-neft real ÜDM səviyyəsi,2030,% (baza ilə fərq),-0.00389686,0.00413952,1.03066,0.0150978,1.06227,0.0301954,1.12854,0.0603898,1.19921,0.090582,0.0293608,-0.0310861,0.0587576,-0.0621418,False,,,,,,,,,10,
geo_stress,Geosiyasi eskalasiya (S4 analoq vektoru),ru:tb_gdp,Mal ticarəti balansı (cari hesab proksisi),2026,% ÜDM (f.b.),0,0,,,,,,,,,,,,,False,,Mal ticarəti balansı < 0 (kəsir),0,9.03884,,,,,15,
geo_stress,Geosiyasi eskalasiya (S4 analoq vektoru),ru:tb_gdp,Mal ticarəti balansı (cari hesab proksisi),2027,% ÜDM (f.b.),-0.121043,0.119792,0.99482,-0.00259697,0.989666,-0.00519392,0.979438,-0.0103876,0.969317,-0.0155806,-0.00515061,0.00523769,-0.0102549,0.0105231,False,,Mal ticarəti balansı < 0 (kəsir),0,6.55075,,,,,15,
geo_stress,Geosiyasi eskalasiya (S4 analoq vektoru),ru:tb_gdp,Mal ticarəti balansı (cari hesab proksisi),2028,% ÜDM (f.b.),0.000262306,-0.000339531,1.13712,-0.0641611,1.29441,-0.128315,1.69024,-0.256573,2.25054,-0.384717,0.113957,-0.14692,0.228081,-0.293663,False,,Mal ticarəti balansı < 0 (kəsir),0,4.31464,,,,,15,
geo_stress,Geosiyasi eskalasiya (S4 analoq vektoru),ru:tb_gdp,Mal ticarəti balansı (cari hesab proksisi),2029,% ÜDM (f.b.),0.000282785,-0.000358806,1.12596,-0.0592468,1.26883,-0.118488,1.62099,-0.236929,2.1021,-0.355276,0.106149,-0.134161,0.21245,-0.268166,False,,Mal ticarəti balansı < 0 (kəsir),0,3.69245,,,,,15,
geo_stress,Geosiyasi eskalasiya (S4 analoq vektoru),ru:tb_gdp,Mal ticarəti balansı (cari hesab proksisi),2030,% ÜDM (f.b.),0.000305796,-0.000381335,1.11633,-0.0549692,1.24702,-0.109934,1.56354,-0.219829,1.9835,-0.329647,0.0992401,-0.123285,0.198619,-0.246431,False,,Mal ticarəti balansı < 0 (kəsir),0,2.75209,,,,,15,
import,İdxal qiymətləri (Brent və ərzaqdan asılı olmayan hissə),fr10:ind_output,"Sənaye buraxılışı, cəmi (30 sahə)",2026,mln manat,0,0,,,,,,,,,,,,,False,,,,,,,,,,
import,İdxal qiymətləri (Brent və ərzaqdan asılı olmayan hissə),fr10:ind_output,"Sənaye buraxılışı, cəmi (30 sahə)",2027,mln manat,-175.793,176.948,1.00328,0.00163673,1.00657,0.00327344,1.01318,0.00654683,1.01983,0.00982011,0.00329682,-0.00325025,0.00661658,-0.00647808,False,,,,,,,,,,
import,İdxal qiymətləri (Brent və ərzaqdan asılı olmayan hissə),fr10:ind_output,"Sənaye buraxılışı, cəmi (30 sahə)",2028,mln manat,-285.821,288.814,1.00522,0.00260447,1.01047,0.00520892,1.02105,0.0104177,1.03175,0.0156262,0.00525969,-0.00515895,0.0105721,-0.0102673,False,,,,,,,,,,
import,İdxal qiymətləri (Brent və ərzaqdan asılı olmayan hissə),fr10:ind_output,"Sənaye buraxılışı, cəmi (30 sahə)",2029,mln manat,-314.487,317.787,1.00523,0.00260904,1.01049,0.00521806,1.02109,0.010436,1.03181,0.0156536,0.0052691,-0.00516783,0.0105912,-0.0102848,False,,,,,,,,,,
import,İdxal qiymətləri (Brent və ərzaqdan asılı olmayan hissə),fr10:ind_output,"Sənaye buraxılışı, cəmi (30 sahə)",2030,mln manat,-343.216,346.813,1.00523,0.00260617,1.01048,0.00521233,1.02107,0.0104245,1.03177,0.0156364,0.00526344,-0.00516202,0.0105799,-0.0102732,False,,,,,,,,,,
import,İdxal qiymətləri (Brent və ərzaqdan asılı olmayan hissə),fr12:act:N:ALL,Qeydiyyatdakı vahidlər (ehtiyat): Bütün sahələr,2026,vahid,0,0,,,,,,,,,,,,,False,,,,,,,,,,
import,İdxal qiymətləri (Brent və ərzaqdan asılı olmayan hissə),fr12:act:N:ALL,Qeydiyyatdakı vahidlər (ehtiyat): Bütün sahələr,2027,vahid,7.77436,-7.73076,0.997193,0.00140571,0.994393,0.00281144,0.988817,0.00562309,0.983271,0.00843516,-0.00277972,0.00284384,-0.00553359,0.00571515,False,,,,,,,,,,
import,İdxal qiymətləri (Brent və ərzaqdan asılı olmayan hissə),fr12:act:N:ALL,Qeydiyyatdakı vahidlər (ehtiyat): Bütün sahələr,2028,vahid,11.7293,-11.6674,0.997361,0.00132108,0.99473,0.00264219,0.989486,0.00528454,0.98427,0.00792723,-0.002617,0.00266792,-0.00521298,0.00535809,False,,,,,,,,,,
import,İdxal qiymətləri (Brent və ərzaqdan asılı olmayan hissə),fr12:act:N:ALL,Qeydiyyatdakı vahidlər (ehtiyat): Bütün sahələr,2029,vahid,11.833,-11.7694,0.997308,0.00134792,0.994623,0.00269585,0.989274,0.00539186,0.983953,0.0080882,-0.00267069,0.00272155,-0.00532018,0.00546553,False,,,,,,,,,,
import,İdxal qiymətləri (Brent və ərzaqdan asılı olmayan hissə),fr12:act:N:ALL,Qeydiyyatdakı vahidlər (ehtiyat): Bütün sahələr,2030,vahid,11.9393,-11.8743,0.997272,0.00136587,0.994551,0.00273176,0.989132,0.00546367,0.983741,0.0081959,-0.00270662,0.00275743,-0.00539192,0.0055374,False,,,,,,,,,,
import,İdxal qiymətləri (Brent və ərzaqdan asılı olmayan hissə),fr12:ew:score:CON,Erkən xəbərdarlıq balı (0–1): Tikinti,2026,bal (0–1),0,0,,,,,,,,,,,,,False,,,,,,,,,,
import,İdxal qiymətləri (Brent və ərzaqdan asılı olmayan hissə),fr12:ew:score:CON,Erkən xəbərdarlıq balı (0–1): Tikinti,2027,bal (0–1),0,0,,,,,,,,,,,,,False,,,,,,,,,,
import,İdxal qiymətləri (Brent və ərzaqdan asılı olmayan hissə),fr12:ew:score:CON,Erkən xəbərdarlıq balı (0–1): Tikinti,2028,bal (0–1),0,0,,,,,,,,,,,,,False,,,,,,,,,,
import,İdxal qiymətləri (Brent və ərzaqdan asılı olmayan hissə),fr12:ew:score:CON,Erkən xəbərdarlıq balı (0–1): Tikinti,2029,bal (0–1),0,0,,,,,,,,,,,,,False,,,,,,,,,,
import,İdxal qiymətləri (Brent və ərzaqdan asılı olmayan hissə),fr12:ew:score:CON,Erkən xəbərdarlıq balı (0–1): Tikinti,2030,bal (0–1),0,0,,,,,,,,,,,,,False,,,,,,,,,,
import,İdxal qiymətləri (Brent və ərzaqdan asılı olmayan hissə),fr12:ew:score:TRD,Erkən xəbərdarlıq balı (0–1): Ticarət,2026,bal (0–1),0,0,,,,,,,,,,,,,False,,,,,,,,,,
import,İdxal qiymətləri (Brent və ərzaqdan asılı olmayan hissə),fr12:ew:score:TRD,Erkən xəbərdarlıq balı (0–1): Ticarət,2027,bal (0–1),0,0,,,,,,,,,,,,,False,,,,,,,,,,
import,İdxal qiymətləri (Brent və ərzaqdan asılı olmayan hissə),fr12:ew:score:TRD,Erkən xəbərdarlıq balı (0–1): Ticarət,2028,bal (0–1),0,0,,,,,,,,,,,,,False,,,,,,,,,,
import,İdxal qiymətləri (Brent və ərzaqdan asılı olmayan hissə),fr12:ew:score:TRD,Erkən xəbərdarlıq balı (0–1): Ticarət,2029,bal (0–1),0,0,,,,,,,,,,,,,False,,,,,,,,,,
import,İdxal qiymətləri (Brent və ərzaqdan asılı olmayan hissə),fr12:ew:score:TRD,Erkən xəbərdarlıq balı (0–1): Ticarət,2030,bal (0–1),0,0,,,,,,,,,,,,,False,,,,,,,,,,
import,İdxal qiymətləri (Brent və ərzaqdan asılı olmayan hissə),fr1:balance_n,Büdcə balansı,2026,"mln AZN, cari qiymətlər",0,0,,,,,,,,,,,,,False,,,,,,,,,,
import,İdxal qiymətləri (Brent və ərzaqdan asılı olmayan hissə),fr1:balance_n,Büdcə balansı,2027,"mln AZN, cari qiymətlər",-3.9716,4.66648,1.0838,0.0402161,1.17496,0.0804431,1.38371,0.160973,1.6374,0.241678,0.0739796,-0.0880462,0.147648,-0.176476,True,asimmetrik cavab; qeyri-proporsional miqyas,,,,,,,,,
import,İdxal qiymətləri (Brent və ərzaqdan asılı olmayan hissə),fr1:balance_n,Büdcə balansı,2028,"mln AZN, cari qiymətlər",-8.82862,9.99961,1.06419,0.0310955,1.13263,0.0621929,1.28415,0.124401,1.45894,0.186641,0.0584429,-0.0664428,0.116815,-0.132971,True,asimmetrik cavab; qeyri-proporsional miqyas,,,,,,,,,
import,İdxal qiymətləri (Brent və ərzaqdan asılı olmayan hissə),fr1:balance_n,Büdcə balansı,2029,"mln AZN, cari qiymətlər",-11.9408,13.2705,1.05417,0.0263706,1.11136,0.0527426,1.23588,0.105497,1.37608,0.158276,0.0500031,-0.0557897,0.0999428,-0.111655,True,asimmetrik cavab; qeyri-proporsional miqyas,,,,,,,,,
import,İdxal qiymətləri (Brent və ərzaqdan asılı olmayan hissə),fr1:balance_n,Büdcə balansı,2030,"mln AZN, cari qiymətlər",-14.8052,16.3031,1.04934,0.0240746,1.10117,0.0481504,1.21315,0.0963114,1.3378,0.144494,0.045846,-0.0506904,0.0916318,-0.101452,True,asimmetrik cavab; qeyri-proporsional miqyas,,,,,,,,,
import,İdxal qiymətləri (Brent və ərzaqdan asılı olmayan hissə),fr1:debt_azn,"Dövlət borcu (xarici + daxili, Maliyyə Nazirliyinin anlayışı; dövlət zəmanətli borc daxil deyil)",2026,"mln AZN, cari qiymətlər",0,0,,,,,,,,,,,,,False,,,,,,,,,,
import,İdxal qiymətləri (Brent və ərzaqdan asılı olmayan hissə),fr1:debt_azn,"Dövlət borcu (xarici + daxili, Maliyyə Nazirliyinin anlayışı; dövlət zəmanətli borc daxil deyil)",2027,"mln AZN, cari qiymətlər",3.9716,-4.66648,1.0838,-0.0402161,1.17496,-0.0804431,1.38371,-0.160973,1.6374,-0.241678,0.0739796,-0.0880462,0.147648,-0.176476,True,asimmetrik cavab; qeyri-proporsional miqyas,,,,,,,,,
import,İdxal qiymətləri (Brent və ərzaqdan asılı olmayan hissə),fr1:debt_azn,"Dövlət borcu (xarici + daxili, Maliyyə Nazirliyinin anlayışı; dövlət zəmanətli borc daxil deyil)",2028,"mln AZN, cari qiymətlər",12.8002,-14.6661,1.07032,-0.0339641,1.14577,-0.0679325,1.31455,-0.1359,1.51237,-0.203938,0.0633864,-0.0731459,0.126625,-0.14647,True,asimmetrik cavab; qeyri-proporsional miqyas,,,,,,,,,
import,İdxal qiymətləri (Brent və ərzaqdan asılı olmayan hissə),fr1:debt_azn,"Dövlət borcu (xarici + daxili, Maliyyə Nazirliyinin anlayışı; dövlət zəmanətli borc daxil deyil)",2029,"mln AZN, cari qiymətlər",24.741,-27.9366,1.06256,-0.0303299,1.12916,-0.0606627,1.27622,-0.121348,1.44523,-0.18208,0.057029,-0.0647692,0.113951,-0.129667,True,asimmetrik cavab; qeyri-proporsional miqyas,,,,,,,,,
import,İdxal qiymətləri (Brent və ərzaqdan asılı olmayan hissə),fr1:debt_azn,"Dövlət borcu (xarici + daxili, Maliyyə Nazirliyinin anlayışı; dövlət zəmanətli borc daxil deyil)",2030,"mln AZN, cari qiymətlər",39.5462,-44.2396,1.05763,-0.0280074,1.11868,-0.0560171,1.25238,-0.112052,1.4042,-0.168123,0.0529079,-0.0594984,0.105726,-0.119104,True,asimmetrik cavab; qeyri-proporsional miqyas,,,,,,,,,
import,İdxal qiymətləri (Brent və ərzaqdan asılı olmayan hissə),fr1:emp,Məşğul əhali,2026,min nəfər,0,0,,,,,,,,,,,,,False,,,,,,,,,,
import,İdxal qiymətləri (Brent və ərzaqdan asılı olmayan hissə),fr1:emp,Məşğul əhali,2027,min nəfər,0.161232,-0.160307,0.997128,0.00143802,0.994264,0.00287607,0.988561,0.00575236,0.982889,0.0086291,-0.00284318,0.00290969,-0.0056595,0.00584793,False,,,,,,,,,,
import,İdxal qiymətləri (Brent və ərzaqdan asılı olmayan hissə),fr1:emp,Məşğul əhali,2028,min nəfər,0.251049,-0.249486,0.996883,0.00156114,0.993775,0.0031223,0.987588,0.00624478,0.981439,0.00936758,-0.00309514,0.0031501,-0.00616616,0.00632575,False,,,,,,,,,,
import,İdxal qiymətləri (Brent və ərzaqdan asılı olmayan hissə),fr1:emp,Məşğul əhali,2029,min nəfər,0.260937,-0.25925,0.996762,0.00162159,0.993535,0.0032432,0.98711,0.00648656,0.980727,0.00973022,-0.00321583,0.00327119,-0.0064069,0.00656858,False,,,,,,,,,,
import,İdxal qiymətləri (Brent və ərzaqdan asılı olmayan hissə),fr1:emp,Məşğul əhali,2030,min nəfər,0.270988,-0.269188,0.996674,0.0016658,0.993359,0.00333161,0.986762,0.00666335,0.980207,0.00999538,-0.00330404,0.00335979,-0.00658279,0.0067463,False,,,,,,,,,,
import,İdxal qiymətləri (Brent və ərzaqdan asılı olmayan hissə),fr1:gdp_n,Nominal ÜDM,2026,"mln AZN, cari qiymətlər",0,0,,,,,,,,,,,,,False,,,,,,,,,,
import,İdxal qiymətləri (Brent və ərzaqdan asılı olmayan hissə),fr1:gdp_n,Nominal ÜDM,2027,"mln AZN, cari qiymətlər",-505.692,508.383,1.00266,0.00132655,1.00532,0.0026531,1.01067,0.00530619,1.01605,0.00795927,0.00266094,-0.00264536,0.0053319,-0.00528094,False,,,,,,,,,,
import,İdxal qiymətləri (Brent və ərzaqdan asılı olmayan hissə),fr1:gdp_n,Nominal ÜDM,2028,"mln AZN, cari qiymətlər",-816.714,823.409,1.00409,0.0020411,1.0082,0.0040822,1.01646,0.00816433,1.0248,0.0122463,0.00410197,-0.00406273,0.00822849,-0.00810164,False,,,,,,,,,,
import,İdxal qiymətləri (Brent və ərzaqdan asılı olmayan hissə),fr1:gdp_n,Nominal ÜDM,2029,"mln AZN, cari qiymətlər",-899.326,906.759,1.00412,0.00205792,1.00827,0.00411584,1.0166,0.00823162,1.025,0.0123473,0.00413537,-0.00409662,0.00829532,-0.0081694,False,,,,,,,,,,
import,İdxal qiymətləri (Brent və ərzaqdan asılı olmayan hissə),fr1:gdp_n,Nominal ÜDM,2030,"mln AZN, cari qiymətlər",-981.722,989.884,1.00415,0.00207001,1.00831,0.00414002,1.0167,0.00827997,1.02515,0.0124198,0.0041592,-0.00412115,0.00834288,-0.00821857,False,,,,,,,,,,
import,İdxal qiymətləri (Brent və ərzaqdan asılı olmayan hissə),fr1:infl,İnflyasiya (İQİ),2026,%,0,0,,,,,,,,,,,,,False,,,,,,,,,,
import,İdxal qiymətləri (Brent və ərzaqdan asılı olmayan hissə),fr1:infl,İnflyasiya (İQİ),2027,%,-0.555134,0.55458,0.999501,-0.000249359,0.999003,-0.000498726,0.998007,-0.000997512,0.997012,-0.00149642,-0.000492477,0.000505103,-0.000980709,0.00101472,False,,,,,,,,,,
import,İdxal qiymətləri (Brent və ərzaqdan asılı olmayan hissə),fr1:infl,İnflyasiya (İQİ),2028,%,-0.262818,0.262772,0.999914,-4.3088e-05,0.999828,-8.61746e-05,0.999655,-0.000172338,0.999483,-0.00025848,-8.62941e-05,8.60321e-05,-0.000172651,0.000171959,False,,,,,,,,,,
import,İdxal qiymətləri (Brent və ərzaqdan asılı olmayan hissə),fr1:infl,İnflyasiya (İQİ),2029,%,0.00159777,-0.00157577,0.99309,0.00346706,0.986227,0.00693405,0.972644,0.0138676,0.959247,0.0208003,-0.00691581,0.00695293,-0.0137879,0.0139509,False,,,,,,,,,,
import,İdxal qiymətləri (Brent və ərzaqdan asılı olmayan hissə),fr1:infl,İnflyasiya (İQİ),2030,%,0.00161648,-0.00159697,0.993947,0.00303553,0.987932,0.00607085,0.976009,0.0121413,0.964229,0.0182112,-0.00604588,0.00609624,-0.0120511,0.0122346,False,,,,,,,,,,
import,İdxal qiymətləri (Brent və ərzaqdan asılı olmayan hissə),fr1:lendrate,Kreditlər üzrə orta faiz dərəcəsi,2026,%,0,0,,,,,,,,,,,,,False,,,,,,,,,,
import,İdxal qiymətləri (Brent və ərzaqdan asılı olmayan hissə),fr1:lendrate,Kreditlər üzrə orta faiz dərəcəsi,2027,%,0,0,,,,,,,,,,,,,False,,,,,,,,,,
import,İdxal qiymətləri (Brent və ərzaqdan asılı olmayan hissə),fr1:lendrate,Kreditlər üzrə orta faiz dərəcəsi,2028,%,0,0,,,,,,,,,,,,,False,,,,,,,,,,
import,İdxal qiymətləri (Brent və ərzaqdan asılı olmayan hissə),fr1:lendrate,Kreditlər üzrə orta faiz dərəcəsi,2029,%,0,0,,,,,,,,,,,,,False,,,,,,,,,,
import,İdxal qiymətləri (Brent və ərzaqdan asılı olmayan hissə),fr1:lendrate,Kreditlər üzrə orta faiz dərəcəsi,2030,%,0,0,,,,,,,,,,,,,False,,,,,,,,,,
import,İdxal qiymətləri (Brent və ərzaqdan asılı olmayan hissə),fr1:nobd_pct,"Qeyri-neft büdcə balansı, qeyri-neft ÜDM-ə nisbətən",2026,%,0,0,,,,,,,,,,,,,False,,,,,,,,,,
import,İdxal qiymətləri (Brent və ərzaqdan asılı olmayan hissə),fr1:nobd_pct,"Qeyri-neft büdcə balansı, qeyri-neft ÜDM-ə nisbətən",2027,%,-0.0726237,0.0729512,1.00225,0.00112475,1.00451,0.00224962,1.00904,0.00450031,1.0136,0.00675311,0.00216609,-0.00233495,0.00428077,-0.00472435,False,,,,,,,,,,
import,İdxal qiymətləri (Brent və ərzaqdan asılı olmayan hissə),fr1:nobd_pct,"Qeyri-neft büdcə balansı, qeyri-neft ÜDM-ə nisbətən",2028,%,-0.096412,0.0968091,1.00206,0.00102772,1.00412,0.00205559,1.00826,0.00411234,1.01242,0.0061714,0.00195615,-0.00215697,0.00384981,-0.00437974,False,,,,,,,,,,
import,İdxal qiymətləri (Brent və ərzaqdan asılı olmayan hissə),fr1:nobd_pct,"Qeyri-neft büdcə balansı, qeyri-neft ÜDM-ə nisbətən",2029,%,-0.0890208,0.0894783,1.00257,0.00128122,1.00514,0.00256262,1.01031,0.00512663,1.01551,0.00769344,0.00244935,-0.00267816,0.00482866,-0.0054301,False,,,,,,,,,,
import,İdxal qiymətləri (Brent və ərzaqdan asılı olmayan hissə),fr1:nobd_pct,"Qeyri-neft büdcə balansı, qeyri-neft ÜDM-ə nisbətən",2030,%,-0.0815349,0.0820535,1.00318,0.00158511,1.00636,0.00317043,1.01277,0.00634256,1.01922,0.00951811,0.00304046,-0.0033031,0.00600218,-0.0066892,False,,,,,,,,,,
import,İdxal qiymətləri (Brent və ərzaqdan asılı olmayan hissə),fr1:rcons,Real istehlak (istehlak bazarı),2026,"mln AZN, 2015 qiymətləri",0,0,,,,,,,,,,,,,False,,,,,,,,,,
import,İdxal qiymətləri (Brent və ərzaqdan asılı olmayan hissə),fr1:rcons,Real istehlak (istehlak bazarı),2027,"mln AZN, 2015 qiymətləri",83.3293,-82.6875,0.996142,0.00193279,0.992299,0.0038656,0.984656,0.00773142,0.977071,0.0115977,-0.00382211,0.0039101,-0.0076061,0.0078607,False,,,,,,,,,,
import,İdxal qiymətləri (Brent və ərzaqdan asılı olmayan hissə),fr1:rcons,Real istehlak (istehlak bazarı),2028,"mln AZN, 2015 qiymətləri",130.281,-129.195,0.995821,0.00209384,0.99166,0.00418771,0.983388,0.00837558,0.975184,0.0125638,-0.00414528,0.00423111,-0.00825141,0.0085037,False,,,,,,,,,,
import,İdxal qiymətləri (Brent və ərzaqdan asılı olmayan hissə),fr1:rcons,Real istehlak (istehlak bazarı),2029,"mln AZN, 2015 qiymətləri",137.893,-136.718,0.995731,0.00213888,0.991481,0.00427778,0.983034,0.0085557,0.974657,0.0128339,-0.00423452,0.00432202,-0.00842884,0.00868661,False,,,,,,,,,,
import,İdxal qiymətləri (Brent və ərzaqdan asılı olmayan hissə),fr1:rcons,Real istehlak (istehlak bazarı),2030,"mln AZN, 2015 qiymətləri",145.602,-144.34,0.995657,0.00217623,0.991333,0.00435247,0.98274,0.00870507,0.974221,0.013058,-0.00430845,0.00439748,-0.00857578,0.0088385,False,,,,,,,,,,
import,İdxal qiymətləri (Brent və ərzaqdan asılı olmayan hissə),fr1:rcred_tot,Kreditlər (real),2026,"mln AZN, 2015 qiymətləri",0,0,,,,,,,,,,,,,False,,,,,,,,,,
import,İdxal qiymətləri (Brent və ərzaqdan asılı olmayan hissə),fr1:rcred_tot,Kreditlər (real),2027,"mln AZN, 2015 qiymətləri",11.2664,-11.1935,0.996758,0.00162377,0.993526,0.00324756,0.987093,0.00649535,0.980701,0.00974359,-0.00321093,0.00328502,-0.00639108,0.00660276,False,,,,,,,,,,
import,İdxal qiymətləri (Brent və ərzaqdan asılı olmayan hissə),fr1:rcred_tot,Kreditlər (real),2028,"mln AZN, 2015 qiymətləri",17.9614,-17.8347,0.996469,0.00176878,0.99295,0.00353759,0.985949,0.00707534,0.978996,0.0106134,-0.0035046,0.00357132,-0.00697948,0.00717413,False,,,,,,,,,,
import,İdxal qiymətləri (Brent və ərzaqdan asılı olmayan hissə),fr1:rcred_tot,Kreditlər (real),2029,"mln AZN, 2015 qiymətləri",18.9895,-18.8512,0.996352,0.00182716,0.992718,0.00365434,0.985488,0.00730883,0.978311,0.0109636,-0.00362076,0.00368867,-0.00721087,0.00740978,False,,,,,,,,,,
import,İdxal qiymətləri (Brent və ərzaqdan asılı olmayan hissə),fr1:rcred_tot,Kreditlər (real),2030,"mln AZN, 2015 qiymətləri",20.0038,-19.8546,0.996262,0.00187245,0.992538,0.00374491,0.985131,0.00748997,0.977779,0.0112353,-0.0037108,0.00377979,-0.00739015,0.00759284,False,,,,,,,,,,
import,İdxal qiymətləri (Brent və ərzaqdan asılı olmayan hissə),fr1:rev_oil_n,Neft-qaz büdcə gəlirləri,2026,"mln AZN, cari qiymətlər",0,0,,,,,,,,,,,,,False,,,,,,,,,,
import,İdxal qiymətləri (Brent və ərzaqdan asılı olmayan hissə),fr1:rev_oil_n,Neft-qaz büdcə gəlirləri,2027,"mln AZN, cari qiymətlər",0,0,,,,,,,,,,,,,False,,,,,,,,,,
import,İdxal qiymətləri (Brent və ərzaqdan asılı olmayan hissə),fr1:rev_oil_n,Neft-qaz büdcə gəlirləri,2028,"mln AZN, cari qiymətlər",0,0,,,,,,,,,,,,,False,,,,,,,,,,
import,İdxal qiymətləri (Brent və ərzaqdan asılı olmayan hissə),fr1:rev_oil_n,Neft-qaz büdcə gəlirləri,2029,"mln AZN, cari qiymətlər",0,0,,,,,,,,,,,,,False,,,,,,,,,,
import,İdxal qiymətləri (Brent və ərzaqdan asılı olmayan hissə),fr1:rev_oil_n,Neft-qaz büdcə gəlirləri,2030,"mln AZN, cari qiymətlər",0,0,,,,,,,,,,,,,False,,,,,,,,,,
import,İdxal qiymətləri (Brent və ərzaqdan asılı olmayan hissə),fr1:rev_tot_n,Büdcə gəlirləri,2026,"mln AZN, cari qiymətlər",0,0,,,,,,,,,,,,,False,,,,,,,,,,
import,İdxal qiymətləri (Brent və ərzaqdan asılı olmayan hissə),fr1:rev_tot_n,Büdcə gəlirləri,2027,"mln AZN, cari qiymətlər",-40.0058,40.3963,1.00487,0.00242855,1.00976,0.00485717,1.01962,0.00971488,1.02958,0.0145737,0.00482102,-0.00489451,0.00963411,-0.00979866,False,,,,,,,,,,
import,İdxal qiymətləri (Brent və ərzaqdan asılı olmayan hissə),fr1:rev_tot_n,Büdcə gəlirləri,2028,"mln AZN, cari qiymətlər",-64.8587,65.7083,1.00653,0.0032535,1.0131,0.00650705,1.02637,0.0130145,1.03982,0.0195228,0.00647599,-0.00653961,0.01296,-0.0130732,False,,,,,,,,,,
import,İdxal qiymətləri (Brent və ərzaqdan asılı olmayan hissə),fr1:rev_tot_n,Büdcə gəlirləri,2029,"mln AZN, cari qiymətlər",-71.5063,72.4819,1.0068,0.00338781,1.01364,0.00677567,1.02748,0.0135518,1.0415,0.0203288,0.00673945,-0.00681355,0.0134859,-0.0136223,False,,,,,,,,,,
import,İdxal qiymətləri (Brent və ərzaqdan asılı olmayan hissə),fr1:rev_tot_n,Büdcə gəlirləri,2030,"mln AZN, cari qiymətlər",-77.7399,78.846,1.00709,0.00353188,1.01423,0.00706382,1.02866,0.0141281,1.0433,0.0211935,0.00702157,-0.00710789,0.0140488,-0.0142125,False,,,,,,,,,,
import,İdxal qiymətləri (Brent və ərzaqdan asılı olmayan hissə),fr1:rgdp,Real ÜDM,2026,"mln AZN, 2015 qiymətləri",0,0,,,,,,,,,,,,,False,,,,,,,,,,
import,İdxal qiymətləri (Brent və ərzaqdan asılı olmayan hissə),fr1:rgdp,Real ÜDM,2027,"mln AZN, 2015 qiymətləri",46.4009,-46.0936,0.996683,0.00166133,0.993377,0.00332268,0.986797,0.0066456,0.980259,0.00996899,-0.00328454,0.0033617,-0.006537,0.00675753,False,,,,,,,,,,
import,İdxal qiymətləri (Brent və ərzaqdan asılı olmayan hissə),fr1:rgdp,Real ÜDM,2028,"mln AZN, 2015 qiymətləri",70.8034,-70.3068,0.996487,0.00175966,0.992986,0.00351935,0.986021,0.00703891,0.979103,0.0105589,-0.00348578,0.00355375,-0.00694158,0.00713939,False,,,,,,,,,,
import,İdxal qiymətləri (Brent və ərzaqdan asılı olmayan hissə),fr1:rgdp,Real ÜDM,2029,"mln AZN, 2015 qiymətləri",75.791,-75.2402,0.996359,0.00182362,0.992732,0.00364727,0.985516,0.00729473,0.978352,0.0109426,-0.00361342,0.00368194,-0.00719607,0.00739657,False,,,,,,,,,,
import,İdxal qiymətləri (Brent və ərzaqdan asılı olmayan hissə),fr1:rgdp,Real ÜDM,2030,"mln AZN, 2015 qiymətləri",78.036,-77.4469,0.996218,0.00189461,0.99245,0.00378924,0.984957,0.00757866,0.977519,0.0113684,-0.00375411,0.00382522,-0.00747592,0.00768472,False,,,,,,,,,,
import,İdxal qiymətləri (Brent və ərzaqdan asılı olmayan hissə),fr1:rgdpnon,Real qeyri-neft ÜDM,2026,"mln AZN, 2015 qiymətləri",0,0,,,,,,,,,,,,,False,,,,,,,,,,
import,İdxal qiymətləri (Brent və ərzaqdan asılı olmayan hissə),fr1:rgdpnon,Real qeyri-neft ÜDM,2027,"mln AZN, 2015 qiymətləri",50.2857,-49.9527,0.996683,0.00166133,0.993377,0.00332268,0.986797,0.0066456,0.980259,0.00996899,-0.00328454,0.0033617,-0.006537,0.00675753,False,,,,,,,,,,
import,İdxal qiymətləri (Brent və ərzaqdan asılı olmayan hissə),fr1:rgdpnon,Real qeyri-neft ÜDM,2028,"mln AZN, 2015 qiymətləri",81.2975,-80.6799,0.996194,0.00190648,0.992403,0.00381298,0.984863,0.00762613,0.97738,0.0114396,-0.00377685,0.00384995,-0.0075206,0.00773497,False,,,,,,,,,,
import,İdxal qiymətləri (Brent və ərzaqdan asılı olmayan hissə),fr1:rgdpnon,Real qeyri-neft ÜDM,2029,"mln AZN, 2015 qiymətləri",88.025,-87.3313,0.996052,0.00197809,0.992119,0.00395619,0.984299,0.00791254,0.97654,0.0118692,-0.00391921,0.00399402,-0.00780405,0.00802444,False,,,,,,,,,,
import,İdxal qiymətləri (Brent və ərzaqdan asılı olmayan hissə),fr1:rgdpnon,Real qeyri-neft ÜDM,2030,"mln AZN, 2015 qiymətləri",94.7444,-93.9768,0.995941,0.00203358,0.991899,0.00406717,0.983862,0.00813448,0.97589,0.0122021,-0.00402942,0.00410579,-0.00802336,0.00824911,False,,,,,,,,,,
import,İdxal qiymətləri (Brent və ərzaqdan asılı olmayan hissə),fr1:rhhdisp,Ev təsərrüfatlarının real sərəncamda qalan gəliri,2026,"mln AZN, 2015 qiymətləri",0,0,,,,,,,,,,,,,False,,,,,,,,,,
import,İdxal qiymətləri (Brent və ərzaqdan asılı olmayan hissə),fr1:rhhdisp,Ev təsərrüfatlarının real sərəncamda qalan gəliri,2027,"mln AZN, 2015 qiymətləri",68.5251,-68.0087,0.996225,0.00189111,0.992464,0.00378225,0.984984,0.00756471,0.977559,0.0113476,-0.00373991,0.00382556,-0.00744286,0.00769039,False,,,,,,,,,,
import,İdxal qiymətləri (Brent və ərzaqdan asılı olmayan hissə),fr1:rhhdisp,Ev təsərrüfatlarının real sərəncamda qalan gəliri,2028,"mln AZN, 2015 qiymətləri",107.659,-106.79,0.995955,0.00202646,0.991927,0.00405294,0.983918,0.00810605,0.975973,0.0121595,-0.00401236,0.00409445,-0.00798747,0.00822834,False,,,,,,,,,,
import,İdxal qiymətləri (Brent və ərzaqdan asılı olmayan hissə),fr1:rhhdisp,Ev təsərrüfatlarının real sərəncamda qalan gəliri,2029,"mln AZN, 2015 qiymətləri",113.958,-113.019,0.995869,0.00206969,0.991755,0.0041394,0.983578,0.00827894,0.975467,0.0124188,-0.00409806,0.00418167,-0.00815793,0.00840377,False,,,,,,,,,,
import,İdxal qiymətləri (Brent və ərzaqdan asılı olmayan hissə),fr1:rhhdisp,Ev təsərrüfatlarının real sərəncamda qalan gəliri,2030,"mln AZN, 2015 qiymətləri",120.091,-119.083,0.995798,0.00210536,0.991614,0.00421074,0.983297,0.00842163,0.97505,0.0126328,-0.00416872,0.00425371,-0.00829841,0.00854872,False,,,,,,,,,,
import,İdxal qiymətləri (Brent və ərzaqdan asılı olmayan hissə),fr1:rinv_state,Dövlət investisiyaları (real),2026,"mln AZN, 2015 qiymətləri",0,0,,,,,,,,,,,,,False,,,,,,,,,,
import,İdxal qiymətləri (Brent və ərzaqdan asılı olmayan hissə),fr1:rinv_state,Dövlət investisiyaları (real),2027,"mln AZN, 2015 qiymətləri",30.9445,-30.8307,0.99816,0.000920799,0.996324,0.00184161,0.99266,0.0036833,0.98901,0.00552514,-0.00183274,0.0018507,-0.00365745,0.00370987,False,,,,,,,,,,
import,İdxal qiymətləri (Brent və ərzaqdan asılı olmayan hissə),fr1:rinv_state,Dövlət investisiyaları (real),2028,"mln AZN, 2015 qiymətləri",47.1226,-46.8949,0.997581,0.00121092,0.995168,0.00242185,0.990359,0.00484374,0.985573,0.0072657,-0.00241574,0.00242812,-0.0048236,0.00486445,False,,,,,,,,,,
import,İdxal qiymətləri (Brent və ərzaqdan asılı olmayan hissə),fr1:rinv_state,Dövlət investisiyaları (real),2029,"mln AZN, 2015 qiymətləri",48.1097,-47.8744,0.997552,0.00122537,0.99511,0.00245075,0.990245,0.00490152,0.985403,0.00735236,-0.00244463,0.00245701,-0.00488128,0.00492232,False,,,,,,,,,,
import,İdxal qiymətləri (Brent və ərzaqdan asılı olmayan hissə),fr1:rinv_state,Dövlət investisiyaları (real),2030,"mln AZN, 2015 qiymətləri",48.9688,-48.7277,0.997535,0.00123418,0.995075,0.00246835,0.990175,0.00493673,0.985299,0.00740517,-0.00246226,0.00247459,-0.0049165,0.00495751,False,,,,,,,,,,
import,İdxal qiymətləri (Brent və ərzaqdan asılı olmayan hissə),fr1:rinv_tot,Əsas kapitala investisiyalar (real),2026,"mln AZN, 2015 qiymətləri",0,0,,,,,,,,,,,,,False,,,,,,,,,,
import,İdxal qiymətləri (Brent və ərzaqdan asılı olmayan hissə),fr1:rinv_tot,Əsas kapitala investisiyalar (real),2027,"mln AZN, 2015 qiymətləri",40.7187,-40.5691,0.998161,0.0009203,0.996326,0.00184061,0.992664,0.00368133,0.989016,0.00552224,-0.00182942,0.00185207,-0.00364933,0.00371425,False,,,,,,,,,,
import,İdxal qiymətləri (Brent və ərzaqdan asılı olmayan hissə),fr1:rinv_tot,Əsas kapitala investisiyalar (real),2028,"mln AZN, 2015 qiymətləri",62.5277,-62.2295,0.997613,0.00119515,0.995231,0.00239031,0.990484,0.00478068,0.98576,0.00717117,-0.00238106,0.00239978,-0.00475232,0.00480985,False,,,,,,,,,,
import,İdxal qiymətləri (Brent və ərzaqdan asılı olmayan hissə),fr1:rinv_tot,Əsas kapitala investisiyalar (real),2029,"mln AZN, 2015 qiymətləri",64.4094,-64.0969,0.997571,0.00121581,0.995149,0.00243162,0.99032,0.0048633,0.985515,0.0072951,-0.00242215,0.00244131,-0.00483421,0.00489321,False,,,,,,,,,,
import,İdxal qiymətləri (Brent və ərzaqdan asılı olmayan hissə),fr1:rinv_tot,Əsas kapitala investisiyalar (real),2030,"mln AZN, 2015 qiymətləri",66.0886,-65.7639,0.997541,0.00123103,0.995088,0.00246206,0.9902,0.00492418,0.985335,0.00738642,-0.0024524,0.00247194,-0.0048945,0.00495469,False,,,,,,,,,,
import,İdxal qiymətləri (Brent və ərzaqdan asılı olmayan hissə),fr1:rm_non,Qeyri-neft mal idxalı (real),2026,"mln AZN, 2015 qiymətləri",0,0,,,,,,,,,,,,,False,,,,,,,,,,
import,İdxal qiymətləri (Brent və ərzaqdan asılı olmayan hissə),fr1:rm_non,Qeyri-neft mal idxalı (real),2027,"mln AZN, 2015 qiymətləri",37.9086,-37.6616,0.996736,0.00163458,0.993483,0.00326919,0.987008,0.00653862,0.980573,0.00980853,-0.00323121,0.00330804,-0.00643068,0.00664986,False,,,,,,,,,,
import,İdxal qiymətləri (Brent və ərzaqdan asılı olmayan hissə),fr1:rm_non,Qeyri-neft mal idxalı (real),2028,"mln AZN, 2015 qiymətləri",58.4629,-58.0251,0.996248,0.00187951,0.99251,0.00375904,0.985076,0.00751826,0.977696,0.0112778,-0.00371948,0.00379948,-0.00740389,0.00763611,False,,,,,,,,,,
import,İdxal qiymətləri (Brent və ərzaqdan asılı olmayan hissə),fr1:rm_non,Qeyri-neft mal idxalı (real),2029,"mln AZN, 2015 qiymətləri",60.9921,-60.525,0.996164,0.00192171,0.992343,0.00384345,0.984743,0.00768708,0.977201,0.0115311,-0.00380294,0.00388486,-0.00756977,0.00780798,False,,,,,,,,,,
import,İdxal qiymətləri (Brent və ərzaqdan asılı olmayan hissə),fr1:rm_non,Qeyri-neft mal idxalı (real),2030,"mln AZN, 2015 qiymətləri",63.4034,-62.9085,0.99609,0.00195884,0.992195,0.0039177,0.984451,0.00783557,0.976766,0.0117538,-0.00387631,0.00396,-0.00771558,0.00795924,False,,,,,,,,,,
import,İdxal qiymətləri (Brent və ərzaqdan asılı olmayan hissə),fr1:rva_agr,"Real əlavə dəyər: Kənd, meşə və balıqçılıq",2026,"mln AZN, 2015 qiymətləri",0,0,,,,,,,,,,,,,False,,,,,,,,,,
import,İdxal qiymətləri (Brent və ərzaqdan asılı olmayan hissə),fr1:rva_agr,"Real əlavə dəyər: Kənd, meşə və balıqçılıq",2027,"mln AZN, 2015 qiymətləri",0,0,,,,,,,,,,,,,False,,,,,,,,,,
import,İdxal qiymətləri (Brent və ərzaqdan asılı olmayan hissə),fr1:rva_agr,"Real əlavə dəyər: Kənd, meşə və balıqçılıq",2028,"mln AZN, 2015 qiymətləri",0,0,,,,,,,,,,,,,False,,,,,,,,,,
import,İdxal qiymətləri (Brent və ərzaqdan asılı olmayan hissə),fr1:rva_agr,"Real əlavə dəyər: Kənd, meşə və balıqçılıq",2029,"mln AZN, 2015 qiymətləri",0,0,,,,,,,,,,,,,False,,,,,,,,,,
import,İdxal qiymətləri (Brent və ərzaqdan asılı olmayan hissə),fr1:rva_agr,"Real əlavə dəyər: Kənd, meşə və balıqçılıq",2030,"mln AZN, 2015 qiymətləri",0,0,,,,,,,,,,,,,False,,,,,,,,,,
import,İdxal qiymətləri (Brent və ərzaqdan asılı olmayan hissə),fr1:rva_con,Real əlavə dəyər: Tikinti,2026,"mln AZN, 2015 qiymətləri",0,0,,,,,,,,,,,,,False,,,,,,,,,,
import,İdxal qiymətləri (Brent və ərzaqdan asılı olmayan hissə),fr1:rva_con,Real əlavə dəyər: Tikinti,2027,"mln AZN, 2015 qiymətləri",10.3332,-10.3048,0.998622,0.000689602,0.997245,0.00137922,0.994498,0.00275858,0.991758,0.00413821,-0.00136559,0.00139317,-0.00272106,0.00279715,False,,,,,,,,,,
import,İdxal qiymətləri (Brent və ərzaqdan asılı olmayan hissə),fr1:rva_con,Real əlavə dəyər: Tikinti,2028,"mln AZN, 2015 qiymətləri",16.8299,-16.7732,0.998313,0.000844454,0.996628,0.00168892,0.993267,0.00337797,0.989917,0.00506725,-0.00167591,0.00170224,-0.00334148,0.00341548,False,,,,,,,,,,
import,İdxal qiymətləri (Brent və ərzaqdan asılı olmayan hissə),fr1:rva_con,Real əlavə dəyər: Tikinti,2029,"mln AZN, 2015 qiymətləri",17.9681,-17.9054,0.998251,0.000875129,0.996506,0.00175027,0.993023,0.00350066,0.989552,0.00525129,-0.00173692,0.00176393,-0.00346312,0.00353925,False,,,,,,,,,,
import,İdxal qiymətləri (Brent və ərzaqdan asılı olmayan hissə),fr1:rva_con,Real əlavə dəyər: Tikinti,2030,"mln AZN, 2015 qiymətləri",18.8021,-18.7342,0.998192,0.000905026,0.996386,0.00181007,0.992786,0.00362025,0.989197,0.00543066,-0.00179638,0.00182405,-0.00358168,0.00365986,False,,,,,,,,,,
import,İdxal qiymətləri (Brent və ərzaqdan asılı olmayan hissə),fr1:rva_man,Real əlavə dəyər: Emal sənayesi,2026,"mln AZN, 2015 qiymətləri",0,0,,,,,,,,,,,,,False,,,,,,,,,,
import,İdxal qiymətləri (Brent və ərzaqdan asılı olmayan hissə),fr1:rva_man,Real əlavə dəyər: Emal sənayesi,2027,"mln AZN, 2015 qiymətləri",3.10148,-3.09654,0.999204,0.000398134,0.998409,0.000796284,0.99682,0.00159269,0.995233,0.00238934,-0.0007844,0.000808428,-0.00156065,0.00162557,False,,,,,,,,,,
import,İdxal qiymətləri (Brent və ərzaqdan asılı olmayan hissə),fr1:rva_man,Real əlavə dəyər: Emal sənayesi,2028,"mln AZN, 2015 qiymətləri",5.31068,-5.30134,0.99912,0.000440118,0.998241,0.000880249,0.996485,0.00176061,0.994732,0.00264117,-0.00086943,0.000891304,-0.00173129,0.00179067,False,,,,,,,,,,
import,İdxal qiymətləri (Brent və ərzaqdan asılı olmayan hissə),fr1:rva_man,Real əlavə dəyər: Emal sənayesi,2029,"mln AZN, 2015 qiymətləri",6.18335,-6.17024,0.998939,0.000530707,0.997879,0.00106143,0.995763,0.00212296,0.993651,0.00318469,-0.00105038,0.00107271,-0.00209281,0.00215386,False,,,,,,,,,,
import,İdxal qiymətləri (Brent və ərzaqdan asılı olmayan hissə),fr1:rva_man,Real əlavə dəyər: Emal sənayesi,2030,"mln AZN, 2015 qiymətləri",7.15562,-7.13842,0.998798,0.000601557,0.997597,0.00120312,0.995199,0.00240633,0.992806,0.00360973,-0.00119199,0.00121446,-0.00237577,0.00243764,False,,,,,,,,,,
import,İdxal qiymətləri (Brent və ərzaqdan asılı olmayan hissə),fr1:rva_trd,Real əlavə dəyər: Ticarət; nəqliyyat vasitələrinin təmiri,2026,"mln AZN, 2015 qiymətləri",0,0,,,,,,,,,,,,,False,,,,,,,,,,
import,İdxal qiymətləri (Brent və ərzaqdan asılı olmayan hissə),fr1:rva_trd,Real əlavə dəyər: Ticarət; nəqliyyat vasitələrinin təmiri,2027,"mln AZN, 2015 qiymətləri",12.9558,-12.8569,0.996176,0.00191572,0.992366,0.00383147,0.98479,0.00766317,0.977271,0.0114953,-0.00378844,0.0038755,-0.00753924,0.007791,False,,,,,,,,,,
import,İdxal qiymətləri (Brent və ərzaqdan asılı olmayan hissə),fr1:rva_trd,Real əlavə dəyər: Ticarət; nəqliyyat vasitələrinin təmiri,2028,"mln AZN, 2015 qiymətləri",20.2657,-20.0988,0.995873,0.002068,0.991762,0.00413603,0.983591,0.00827222,0.975487,0.0124087,-0.00409432,0.00417869,-0.00815022,0.00839807,False,,,,,,,,,,
import,İdxal qiymətləri (Brent və ərzaqdan asılı olmayan hissə),fr1:rva_trd,Real əlavə dəyər: Ticarət; nəqliyyat vasitələrinin təmiri,2029,"mln AZN, 2015 qiymətləri",21.4351,-21.2547,0.995784,0.0021126,0.991585,0.00422523,0.98324,0.00845061,0.974965,0.0126763,-0.00418272,0.00426871,-0.008326,0.00857917,False,,,,,,,,,,
import,İdxal qiymətləri (Brent və ərzaqdan asılı olmayan hissə),fr1:rva_trd,Real əlavə dəyər: Ticarət; nəqliyyat vasitələrinin təmiri,2030,"mln AZN, 2015 qiymətləri",22.6103,-22.4167,0.99571,0.00214951,0.991439,0.00429904,0.98295,0.00859822,0.974533,0.0128977,-0.00425579,0.00434327,-0.00847127,0.00872922,False,,,,,,,,,,
import,İdxal qiymətləri (Brent və ərzaqdan asılı olmayan hissə),fr1:rx_non,Qeyri-neft mal ixracı (real),2026,"mln AZN, 2015 qiymətləri",0,0,,,,,,,,,,,,,False,,,,,,,,,,
import,İdxal qiymətləri (Brent və ərzaqdan asılı olmayan hissə),fr1:rx_non,Qeyri-neft mal ixracı (real),2027,"mln AZN, 2015 qiymətləri",0.642325,-0.641532,0.999382,0.000309061,0.998764,0.000618138,0.99753,0.00123639,0.996297,0.00185488,-0.000606676,0.000629836,-0.00120566,0.00126791,False,,,,,,,,,,
import,İdxal qiymətləri (Brent və ərzaqdan asılı olmayan hissə),fr1:rx_non,Qeyri-neft mal ixracı (real),2028,"mln AZN, 2015 qiymətləri",1.1388,-1.13745,0.999407,0.000296535,0.998815,0.000593083,0.99763,0.00118627,0.996447,0.00177964,-0.000582929,0.000603452,-0.00115898,0.00121421,False,,,,,,,,,,
import,İdxal qiymətləri (Brent və ərzaqdan asılı olmayan hissə),fr1:rx_non,Qeyri-neft mal ixracı (real),2029,"mln AZN, 2015 qiymətləri",1.36521,-1.36316,0.999252,0.000374141,0.998505,0.000748295,0.997011,0.00149669,0.99552,0.00224527,-0.000738168,0.000758633,-0.00146935,0.00152469,False,,,,,,,,,,
import,İdxal qiymətləri (Brent və ərzaqdan asılı olmayan hissə),fr1:rx_non,Qeyri-neft mal ixracı (real),2030,"mln AZN, 2015 qiymətləri",1.627,-1.6242,0.999137,0.000431515,0.998275,0.000863018,0.996554,0.00172612,0.994835,0.00258941,-0.000853043,0.000873177,-0.00169909,0.00175379,False,,,,,,,,,,
import,İdxal qiymətləri (Brent və ərzaqdan asılı olmayan hissə),fr1:unemp,İşsizlik səviyyəsi,2026,%,0,0,,,,,,,,,,,,,False,,,,,,,,,,
import,İdxal qiymətləri (Brent və ərzaqdan asılı olmayan hissə),fr1:unemp,İşsizlik səviyyəsi,2027,%,-0.00296307,0.00294608,0.997128,-0.00143802,0.994264,-0.00287607,0.988561,-0.00575236,0.982889,-0.0086291,-0.00284318,0.00290969,-0.0056595,0.00584793,False,,,,,,,,,,
import,İdxal qiymətləri (Brent və ərzaqdan asılı olmayan hissə),fr1:unemp,İşsizlik səviyyəsi,2028,%,-0.00458946,0.00456089,0.996883,-0.00156114,0.993775,-0.0031223,0.987588,-0.00624478,0.981439,-0.00936758,-0.00309514,0.0031501,-0.00616616,0.00632575,False,,,,,,,,,,
import,İdxal qiymətləri (Brent və ərzaqdan asılı olmayan hissə),fr1:unemp,İşsizlik səviyyəsi,2029,%,-0.00474514,0.00471446,0.996762,-0.00162159,0.993535,-0.0032432,0.98711,-0.00648656,0.980727,-0.00973022,-0.00321583,0.00327119,-0.0064069,0.00656858,False,,,,,,,,,,
import,İdxal qiymətləri (Brent və ərzaqdan asılı olmayan hissə),fr1:unemp,İşsizlik səviyyəsi,2030,%,-0.00490201,0.00486946,0.996674,-0.0016658,0.993359,-0.00333161,0.986762,-0.00666335,0.980207,-0.00999538,-0.00330404,0.00335979,-0.00658279,0.0067463,False,,,,,,,,,,
import,İdxal qiymətləri (Brent və ərzaqdan asılı olmayan hissə),fr1:wage,Orta aylıq nominal əmək haqqı,2026,AZN/ay,0,0,,,,,,,,,,,,,False,,,,,,,,,,
import,İdxal qiymətləri (Brent və ərzaqdan asılı olmayan hissə),fr1:wage,Orta aylıq nominal əmək haqqı,2027,AZN/ay,-3.13054,3.1184,0.99806,-0.000971093,0.996123,-0.0019422,0.992261,-0.00388452,0.988413,-0.00582708,-0.00192496,0.00195977,-0.00383618,0.00393404,False,,,,,,,,,,
import,İdxal qiymətləri (Brent və ərzaqdan asılı olmayan hissə),fr1:wage,Orta aylıq nominal əmək haqqı,2028,AZN/ay,-4.88674,4.88139,0.999453,-0.000273719,0.998906,-0.000547447,0.997812,-0.00109497,0.99672,-0.00164264,-0.000538535,0.000556518,-0.00107104,0.0011194,False,,,,,,,,,,
import,İdxal qiymətləri (Brent və ərzaqdan asılı olmayan hissə),fr1:wage,Orta aylıq nominal əmək haqqı,2029,AZN/ay,-5.18428,5.17897,0.999488,-0.000256134,0.998976,-0.000512278,0.997953,-0.00102464,0.99693,-0.00153715,-0.000503031,0.000521693,-0.000999837,0.00104996,False,,,,,,,,,,
import,İdxal qiymətləri (Brent və ərzaqdan asılı olmayan hissə),fr1:wage,Orta aylıq nominal əmək haqqı,2030,AZN/ay,-5.4643,5.45898,0.999514,-0.000243197,0.999028,-0.000486407,0.998056,-0.000972898,0.997085,-0.00145955,-0.000476903,0.000496088,-0.000947429,0.00099891,False,,,,,,,,,,
import,İdxal qiymətləri (Brent və ərzaqdan asılı olmayan hissə),fr3:rw_avg,"Orta aylıq əmək haqqı, real (2015 qiymətləri)",2026,"AZN/ay, 2015 qiymətləri",0,0,,,,,,,,,,,,,False,,,,,,,,,,
import,İdxal qiymətləri (Brent və ərzaqdan asılı olmayan hissə),fr3:rw_avg,"Orta aylıq əmək haqqı, real (2015 qiymətləri)",2027,"AZN/ay, 2015 qiymətləri",0.700647,-0.695503,0.996323,0.00184205,0.992659,0.0036841,0.985371,0.00736858,0.978135,0.0110535,-0.00364355,0.00372593,-0.00725136,0.00748976,False,,,,,,,,,,
import,İdxal qiymətləri (Brent və ərzaqdan asılı olmayan hissə),fr3:rw_avg,"Orta aylıq əmək haqqı, real (2015 qiymətləri)",2028,"AZN/ay, 2015 qiymətləri",1.09761,-1.08895,0.996049,0.00197931,0.992113,0.00395928,0.984286,0.00791918,0.97652,0.0118792,-0.00392137,0.00399898,-0.00780694,0.00803546,False,,,,,,,,,,
import,İdxal qiymətləri (Brent və ərzaqdan asılı olmayan hissə),fr3:rw_avg,"Orta aylıq əmək haqqı, real (2015 qiymətləri)",2029,"AZN/ay, 2015 qiymətləri",1.15976,-1.1504,0.995956,0.0020262,0.99193,0.00405114,0.983926,0.00810191,0.975985,0.0121532,-0.00401136,0.00409077,-0.00798667,0.00822017,False,,,,,,,,,,
import,İdxal qiymətləri (Brent və ərzaqdan asılı olmayan hissə),fr3:rw_avg,"Orta aylıq əmək haqqı, real (2015 qiymətləri)",2030,"AZN/ay, 2015 qiymətləri",1.22073,-1.2107,0.995884,0.00206228,0.991785,0.00412456,0.983635,0.00824976,0.975552,0.0123751,-0.00408546,0.00416554,-0.00813309,0.00837069,False,,,,,,,,,,
import,İdxal qiymətləri (Brent və ərzaqdan asılı olmayan hissə),fr4:budget,Büdcə təşkilatlarında muzdlu işçilər,2026,min nəfər,0,0,,,,,,,,,,,,,False,,,,,,,,,,
import,İdxal qiymətləri (Brent və ərzaqdan asılı olmayan hissə),fr4:budget,Büdcə təşkilatlarında muzdlu işçilər,2027,min nəfər,-0.133195,0.132382,0.996943,-0.00153097,0.993895,-0.00306196,0.987826,-0.00612413,0.981794,-0.00918672,-0.00302818,0.00309648,-0.0060282,0.00622285,False,,,,,,,,,,
import,İdxal qiymətləri (Brent və ərzaqdan asılı olmayan hissə),fr4:budget,Büdcə təşkilatlarında muzdlu işçilər,2028,min nəfər,-0.207539,0.206313,0.997041,-0.00148162,0.994091,-0.00296326,0.988216,-0.00592669,0.982376,-0.00889045,-0.00293517,0.00299196,-0.00584625,0.0060094,False,,,,,,,,,,
import,İdxal qiymətləri (Brent və ərzaqdan asılı olmayan hissə),fr4:budget,Büdcə təşkilatlarında muzdlu işçilər,2029,min nəfər,-0.216786,0.215483,0.99699,-0.0015071,0.99399,-0.00301423,0.988015,-0.00602861,0.982075,-0.00904331,-0.00298605,0.003043,-0.00594775,0.00611175,False,,,,,,,,,,
import,İdxal qiymətləri (Brent və ərzaqdan asılı olmayan hissə),fr4:budget,Büdcə təşkilatlarında muzdlu işçilər,2030,min nəfər,-0.226035,0.224659,0.996953,-0.00152566,0.993916,-0.00305134,0.987868,-0.00610283,0.981857,-0.00915463,-0.00302311,0.00308017,-0.00602167,0.00618627,False,,,,,,,,,,
import,İdxal qiymətləri (Brent və ərzaqdan asılı olmayan hissə),fr5:vol:total,"Pullu xidmətlər, cəmi: real həcm (2015 qiymətləri)",2026,"mln AZN, 2015 qiymətləri",0,0,,,,,,,,,,,,,False,,,,,,,,,,
import,İdxal qiymətləri (Brent və ərzaqdan asılı olmayan hissə),fr5:vol:total,"Pullu xidmətlər, cəmi: real həcm (2015 qiymətləri)",2027,"mln AZN, 2015 qiymətləri",14.0171,-13.9433,0.997366,0.00131857,0.99474,0.00263717,0.989506,0.00527456,0.984299,0.00791238,-0.00260775,0.00266725,-0.00519178,0.00535976,False,,,,,,,,,,
import,İdxal qiymətləri (Brent və ərzaqdan asılı olmayan hissə),fr5:vol:total,"Pullu xidmətlər, cəmi: real həcm (2015 qiymətləri)",2028,"mln AZN, 2015 qiymətləri",22.2784,-22.1365,0.996811,0.00159684,0.993633,0.0031937,0.987306,0.00638758,0.981018,0.00958179,-0.00316322,0.00322485,-0.00629987,0.00647785,False,,,,,,,,,,
import,İdxal qiymətləri (Brent və ərzaqdan asılı olmayan hissə),fr5:vol:total,"Pullu xidmətlər, cəmi: real həcm (2015 qiymətləri)",2029,"mln AZN, 2015 qiymətləri",23.8534,-23.6957,0.99669,0.00165767,0.993391,0.00331536,0.986826,0.00663088,0.980302,0.00994674,-0.00328374,0.00334767,-0.00653963,0.0067248,False,,,,,,,,,,
import,İdxal qiymətləri (Brent və ərzaqdan asılı olmayan hissə),fr5:vol:total,"Pullu xidmətlər, cəmi: real həcm (2015 qiymətləri)",2030,"mln AZN, 2015 qiymətləri",25.4014,-25.2283,0.996588,0.00170868,0.993189,0.00341737,0.986423,0.00683489,0.979703,0.0102527,-0.00338472,0.00345071,-0.00674048,0.00693206,False,,,,,,,,,,
import,İdxal qiymətləri (Brent və ərzaqdan asılı olmayan hissə),ru:budget_gdp,Büdcə balansı,2026,% ÜDM (f.b.),0,0,,,,,,,,,,,,,False,,"Büdcə balansı həddi (< hədd, % ÜDM)",-1,0.655559,,,,,8,
import,İdxal qiymətləri (Brent və ərzaqdan asılı olmayan hissə),ru:budget_gdp,Büdcə balansı,2027,% ÜDM (f.b.),-0.00271616,0.00319138,1.0838,0.0402161,1.17496,0.0804431,1.38371,0.160973,1.6374,0.241678,0.0739796,-0.0880462,0.147648,-0.176476,False,,"Büdcə balansı həddi (< hədd, % ÜDM)",-1,0.32115,,,,,8,
import,İdxal qiymətləri (Brent və ərzaqdan asılı olmayan hissə),ru:budget_gdp,Büdcə balansı,2028,% ÜDM (f.b.),-0.00560753,0.00635129,1.06419,0.0310955,1.13263,0.0621929,1.28415,0.124401,1.45894,0.186641,0.0584429,-0.0664428,0.116815,-0.132971,False,,"Büdcə balansı həddi (< hədd, % ÜDM)",-1,0.0335283,,,,,8,
import,İdxal qiymətləri (Brent və ərzaqdan asılı olmayan hissə),ru:budget_gdp,Büdcə balansı,2029,% ÜDM (f.b.),-0.00690071,0.00766917,1.05417,0.0263706,1.11136,0.0527426,1.23588,0.105497,1.37608,0.158276,0.0500031,-0.0557897,0.0999428,-0.111655,False,,"Büdcə balansı həddi (< hədd, % ÜDM)",-1,0.108813,,,,,8,
import,İdxal qiymətləri (Brent və ərzaqdan asılı olmayan hissə),ru:budget_gdp,Büdcə balansı,2030,% ÜDM (f.b.),-0.00786965,0.00866584,1.04934,0.0240746,1.10117,0.0481504,1.21315,0.0963114,1.3378,0.144494,0.045846,-0.0506904,0.0916318,-0.101452,False,,"Büdcə balansı həddi (< hədd, % ÜDM)",-1,0.141054,,,,,8,
import,İdxal qiymətləri (Brent və ərzaqdan asılı olmayan hissə),ru:cpi,"İnflyasiya (İQİ, illik orta)",2026,f.b.,0,0,,,,,,,,,,,,,False,,İnflyasiya həddi (> hədd),6,5.2991,,,,,10,
import,İdxal qiymətləri (Brent və ərzaqdan asılı olmayan hissə),ru:cpi,"İnflyasiya (İQİ, illik orta)",2027,f.b.,-0.555134,0.55458,0.999501,-0.000249359,0.999003,-0.000498726,0.998007,-0.000997512,0.997012,-0.00149642,-0.000492477,0.000505103,-0.000980709,0.00101472,False,,İnflyasiya həddi (> hədd),6,5.7416,,0.465822,,1.23722,10,
import,İdxal qiymətləri (Brent və ərzaqdan asılı olmayan hissə),ru:cpi,"İnflyasiya (İQİ, illik orta)",2028,f.b.,-0.262818,0.262772,0.999914,-4.3088e-05,0.999828,-8.61746e-05,0.999655,-0.000172338,0.999483,-0.00025848,-8.62941e-05,8.60321e-05,-0.000172651,0.000171959,False,,İnflyasiya həddi (> hədd),6,5.8752,,0.474915,,1.26137,10,
import,İdxal qiymətləri (Brent və ərzaqdan asılı olmayan hissə),ru:cpi,"İnflyasiya (İQİ, illik orta)",2029,f.b.,0.00159777,-0.00157577,0.99309,0.00346706,0.986227,0.00693405,0.972644,0.0138676,0.959247,0.0208003,-0.00691581,0.00695293,-0.0137879,0.0139509,False,,İnflyasiya həddi (> hədd),6,5.9149,,,,,10,
import,İdxal qiymətləri (Brent və ərzaqdan asılı olmayan hissə),ru:cpi,"İnflyasiya (İQİ, illik orta)",2030,f.b.,0.00161648,-0.00159697,0.993947,0.00303553,0.987932,0.00607085,0.976009,0.0121413,0.964229,0.0182112,-0.00604588,0.00609624,-0.0120511,0.0122346,False,,İnflyasiya həddi (> hədd),6,5.9278,,,,,10,
import,İdxal qiymətləri (Brent və ərzaqdan asılı olmayan hissə),ru:debt_gdp,Dövlət borcu,2026,% ÜDM (f.b.),0,0,,,,,,,,,,,,,False,,Dövlət borcu > 30% ÜDM (DSA həddi),30,17.2926,,,,,15,
import,İdxal qiymətləri (Brent və ərzaqdan asılı olmayan hissə),ru:debt_gdp,Dövlət borcu,2027,% ÜDM (f.b.),0.0571183,-0.0574845,1.0032,-0.00159765,1.00641,-0.00319543,1.01287,-0.00639184,1.01937,-0.0095902,0.0031126,-0.00327981,0.00617742,-0.00660975,False,,Dövlət borcu > 30% ÜDM (DSA həddi),30,15.6733,,,,,15,
import,İdxal qiymətləri (Brent və ərzaqdan asılı olmayan hissə),ru:debt_gdp,Dövlət borcu,2028,% ÜDM (f.b.),0.0839004,-0.0848243,1.00549,-0.00273758,1.01101,-0.00547545,1.02215,-0.0109533,1.03342,-0.0164359,0.00530537,-0.00564907,0.0105183,-0.0113949,False,,Dövlət borcu > 30% ÜDM (DSA həddi),30,14.5227,,,,,15,
import,İdxal qiymətləri (Brent və ərzaqdan asılı olmayan hissə),ru:debt_gdp,Dövlət borcu,2029,% ÜDM (f.b.),0.0828398,-0.0843768,1.00923,-0.00459564,1.01855,-0.00919191,1.03747,-0.0183888,1.05676,-0.0275957,0.00890057,-0.00949093,0.0176642,-0.0191259,False,,Dövlət borcu > 30% ÜDM (DSA həddi),30,13.1051,,,,,15,
import,İdxal qiymətləri (Brent və ərzaqdan asılı olmayan hissə),ru:debt_gdp,Dövlət borcu,2030,% ÜDM (f.b.),0.0836208,-0.0857449,1.01262,-0.00627028,1.0254,-0.0125416,1.05147,-0.0250915,1.07826,-0.037658,0.0121168,-0.01298,0.0240559,-0.0261481,False,,Dövlət borcu > 30% ÜDM (DSA həddi),30,11.9126,,,,,15,
import,İdxal qiymətləri (Brent və ərzaqdan asılı olmayan hissə),ru:nonoil_g,Qeyri-neft ÜDM real artımı,2026,f.b.,0,0,,,,,,,,,,,,,False,,Growth-at-Risk həddi (qeyri-neft artımı < hədd),2,5.312,,,,,6,
import,İdxal qiymətləri (Brent və ərzaqdan asılı olmayan hissə),ru:nonoil_g,Qeyri-neft ÜDM real artımı,2027,f.b.,0.0975448,-0.0968987,0.996683,0.00166133,0.993377,0.00332268,0.986797,0.0066456,0.980259,0.00996899,-0.00328454,0.0033617,-0.006537,0.00675753,False,,Growth-at-Risk həddi (qeyri-neft artımı < hədd),2,5.43,,,,,6,
import,İdxal qiymətləri (Brent və ərzaqdan asılı olmayan hissə),ru:nonoil_g,Qeyri-neft ÜDM real artımı,2028,f.b.,0.052981,-0.0525813,0.996221,0.00189292,0.992457,0.00378585,0.98497,0.00757177,0.977539,0.0113578,-0.00376637,0.00380583,-0.00751057,0.00763494,False,,Growth-at-Risk həddi (qeyri-neft artımı < hədd),2,5.603,,,,,6,
import,İdxal qiymətləri (Brent və ərzaqdan asılı olmayan hissə),ru:nonoil_g,Qeyri-neft ÜDM real artımı,2029,f.b.,0.00487747,-0.00481005,0.993065,0.00347957,0.986178,0.00695908,0.972547,0.0139177,0.959103,0.0208753,-0.00694015,0.00697866,-0.0138358,0.0140031,False,,Growth-at-Risk həddi (qeyri-neft artımı < hədd),2,5.632,,,,,6,
import,İdxal qiymətləri (Brent və ərzaqdan asılı olmayan hissə),ru:nonoil_g,Qeyri-neft ÜDM real artımı,2030,f.b.,0.00490445,-0.00484502,0.993922,0.00304816,0.987882,0.00609617,0.97591,0.012192,0.964082,0.0182872,-0.00607061,0.00612223,-0.0120999,0.0122872,False,,Growth-at-Risk həddi (qeyri-neft artımı < hədd),2,5.727,,,,,6,
import,İdxal qiymətləri (Brent və ərzaqdan asılı olmayan hissə),ru:nonoil_lvl,Qeyri-neft real ÜDM səviyyəsi,2026,% (baza ilə fərq),0,0,,,,,,,,,,,,,False,,,,,,,,,10,
import,İdxal qiymətləri (Brent və ərzaqdan asılı olmayan hissə),ru:nonoil_lvl,Qeyri-neft real ÜDM səviyyəsi,2027,% (baza ilə fərq),0.0927423,-0.092128,0.996683,0.00166133,0.993377,0.00332268,0.986797,0.0066456,0.980259,0.00996899,-0.00328454,0.0033617,-0.006537,0.00675753,False,,,,,,,,,10,
import,İdxal qiymətləri (Brent və ərzaqdan asılı olmayan hissə),ru:nonoil_lvl,Qeyri-neft real ÜDM səviyyəsi,2028,% (baza ilə fərq),0.143493,-0.142403,0.996194,0.00190648,0.992403,0.00381298,0.984863,0.00762613,0.97738,0.0114396,-0.00377685,0.00384995,-0.0075206,0.00773497,False,,,,,,,,,10,
import,İdxal qiymətləri (Brent və ərzaqdan asılı olmayan hissə),ru:nonoil_lvl,Qeyri-neft real ÜDM səviyyəsi,2029,% (baza ilə fərq),0.148151,-0.146983,0.996052,0.00197809,0.992119,0.00395619,0.984299,0.00791254,0.97654,0.0118692,-0.00391921,0.00399402,-0.00780405,0.00802444,False,,,,,,,,,10,
import,İdxal qiymətləri (Brent və ərzaqdan asılı olmayan hissə),ru:nonoil_lvl,Qeyri-neft real ÜDM səviyyəsi,2030,% (baza ilə fərq),0.152859,-0.151621,0.995941,0.00203358,0.991899,0.00406717,0.983862,0.00813448,0.97589,0.0122021,-0.00402942,0.00410579,-0.00802336,0.00824911,False,,,,,,,,,10,
import,İdxal qiymətləri (Brent və ərzaqdan asılı olmayan hissə),ru:tb_gdp,Mal ticarəti balansı (cari hesab proksisi),2026,% ÜDM (f.b.),0,0,,,,,,,,,,,,,False,,Mal ticarəti balansı < 0 (kəsir),0,9.03884,,,,,15,
import,İdxal qiymətləri (Brent və ərzaqdan asılı olmayan hissə),ru:tb_gdp,Mal ticarəti balansı (cari hesab proksisi),2027,% ÜDM (f.b.),0.0055287,-0.00572543,1.01763,-0.00874008,1.03558,-0.0174812,1.07248,-0.0349708,1.11077,-0.0524772,0.017011,-0.0179727,0.0339116,-0.036069,False,,Mal ticarəti balansı < 0 (kəsir),0,6.55075,,,,,15,
import,İdxal qiymətləri (Brent və ərzaqdan asılı olmayan hissə),ru:tb_gdp,Mal ticarəti balansı (cari hesab proksisi),2028,% ÜDM (f.b.),0.00540088,-0.00568618,1.02607,-0.0128657,1.05283,-0.0257332,1.10855,-0.0514805,1.16745,-0.0772563,0.0248762,-0.0266413,0.0496151,-0.053439,False,,Mal ticarəti balansı < 0 (kəsir),0,4.31464,,,,,15,
import,İdxal qiymətləri (Brent və ərzaqdan asılı olmayan hissə),ru:tb_gdp,Mal ticarəti balansı (cari hesab proksisi),2029,% ÜDM (f.b.),0.00264918,-0.00292319,1.05041,-0.0245836,1.10343,-0.0491738,1.21828,-0.0984008,1.34669,-0.147734,0.0464151,-0.05223,0.0925345,-0.10481,False,,Mal ticarəti balansı < 0 (kəsir),0,3.69245,,,,,15,
import,İdxal qiymətləri (Brent və ərzaqdan asılı olmayan hissə),ru:tb_gdp,Mal ticarəti balansı (cari hesab proksisi),2030,% ÜDM (f.b.),-0.000373354,0.000110512,0.572302,-0.27202,0.295998,-0.543212,0.038393,-1,0.231835,-1,-1.17589,0.356028,-2.34309,0.714802,False,,Mal ticarəti balansı < 0 (kəsir),0,2.75209,,,,,15,
npl,Bank aktivlərinin keyfiyyəti (NPL payı),fr10:ind_output,"Sənaye buraxılışı, cəmi (30 sahə)",2026,mln manat,0,0,,,,,,,,,,,,,False,"sərhəd kəsilməsi k=-3,-2,-1",,,,,,,,,
npl,Bank aktivlərinin keyfiyyəti (NPL payı),fr10:ind_output,"Sənaye buraxılışı, cəmi (30 sahə)",2027,mln manat,0,0,,,,,,,,,,,,,False,"sərhəd kəsilməsi k=-3,-2,-1",,,,,,,,,
npl,Bank aktivlərinin keyfiyyəti (NPL payı),fr10:ind_output,"Sənaye buraxılışı, cəmi (30 sahə)",2028,mln manat,0,0,,,,,,,,,,,,,False,"sərhəd kəsilməsi k=-3,-2,-1",,,,,,,,,
npl,Bank aktivlərinin keyfiyyəti (NPL payı),fr10:ind_output,"Sənaye buraxılışı, cəmi (30 sahə)",2029,mln manat,0,0,,,,,,,,,,,,,False,"sərhəd kəsilməsi k=-3,-2,-1",,,,,,,,,
npl,Bank aktivlərinin keyfiyyəti (NPL payı),fr10:ind_output,"Sənaye buraxılışı, cəmi (30 sahə)",2030,mln manat,0,0,,,,,,,,,,,,,False,"sərhəd kəsilməsi k=-3,-2,-1",,,,,,,,,
npl,Bank aktivlərinin keyfiyyəti (NPL payı),fr12:act:N:ALL,Qeydiyyatdakı vahidlər (ehtiyat): Bütün sahələr,2026,vahid,0,0,,,,,,,,,,,,,False,"sərhəd kəsilməsi k=-3,-2,-1",,,,,,,,,
npl,Bank aktivlərinin keyfiyyəti (NPL payı),fr12:act:N:ALL,Qeydiyyatdakı vahidlər (ehtiyat): Bütün sahələr,2027,vahid,0,0,,,,,,,,,,,,,False,"sərhəd kəsilməsi k=-3,-2,-1",,,,,,,,,
npl,Bank aktivlərinin keyfiyyəti (NPL payı),fr12:act:N:ALL,Qeydiyyatdakı vahidlər (ehtiyat): Bütün sahələr,2028,vahid,0,0,,,,,,,,,,,,,False,"sərhəd kəsilməsi k=-3,-2,-1",,,,,,,,,
npl,Bank aktivlərinin keyfiyyəti (NPL payı),fr12:act:N:ALL,Qeydiyyatdakı vahidlər (ehtiyat): Bütün sahələr,2029,vahid,0,0,,,,,,,,,,,,,False,"sərhəd kəsilməsi k=-3,-2,-1",,,,,,,,,
npl,Bank aktivlərinin keyfiyyəti (NPL payı),fr12:act:N:ALL,Qeydiyyatdakı vahidlər (ehtiyat): Bütün sahələr,2030,vahid,0,0,,,,,,,,,,,,,False,"sərhəd kəsilməsi k=-3,-2,-1",,,,,,,,,
npl,Bank aktivlərinin keyfiyyəti (NPL payı),fr12:ew:score:CON,Erkən xəbərdarlıq balı (0–1): Tikinti,2026,bal (0–1),0,0,,,,,,,,,,,,,False,"sərhəd kəsilməsi k=-3,-2,-1",,,,,,,,,
npl,Bank aktivlərinin keyfiyyəti (NPL payı),fr12:ew:score:CON,Erkən xəbərdarlıq balı (0–1): Tikinti,2027,bal (0–1),0,0,,,,,,,,,,,,,False,"sərhəd kəsilməsi k=-3,-2,-1",,,,,,,,,
npl,Bank aktivlərinin keyfiyyəti (NPL payı),fr12:ew:score:CON,Erkən xəbərdarlıq balı (0–1): Tikinti,2028,bal (0–1),0,0,,,,,,,,,,,,,False,"sərhəd kəsilməsi k=-3,-2,-1",,,,,,,,,
npl,Bank aktivlərinin keyfiyyəti (NPL payı),fr12:ew:score:CON,Erkən xəbərdarlıq balı (0–1): Tikinti,2029,bal (0–1),0,0,,,,,,,,,,,,,False,"sərhəd kəsilməsi k=-3,-2,-1",,,,,,,,,
npl,Bank aktivlərinin keyfiyyəti (NPL payı),fr12:ew:score:CON,Erkən xəbərdarlıq balı (0–1): Tikinti,2030,bal (0–1),0,0,,,,,,,,,,,,,False,"sərhəd kəsilməsi k=-3,-2,-1",,,,,,,,,
npl,Bank aktivlərinin keyfiyyəti (NPL payı),fr12:ew:score:TRD,Erkən xəbərdarlıq balı (0–1): Ticarət,2026,bal (0–1),0,0,,,,,,,,,,,,,False,"sərhəd kəsilməsi k=-3,-2,-1",,,,,,,,,
npl,Bank aktivlərinin keyfiyyəti (NPL payı),fr12:ew:score:TRD,Erkən xəbərdarlıq balı (0–1): Ticarət,2027,bal (0–1),0,0,,,,,,,,,,,,,False,"sərhəd kəsilməsi k=-3,-2,-1",,,,,,,,,
npl,Bank aktivlərinin keyfiyyəti (NPL payı),fr12:ew:score:TRD,Erkən xəbərdarlıq balı (0–1): Ticarət,2028,bal (0–1),0,0,,,,,,,,,,,,,False,"sərhəd kəsilməsi k=-3,-2,-1",,,,,,,,,
npl,Bank aktivlərinin keyfiyyəti (NPL payı),fr12:ew:score:TRD,Erkən xəbərdarlıq balı (0–1): Ticarət,2029,bal (0–1),0,0,,,,,,,,,,,,,False,"sərhəd kəsilməsi k=-3,-2,-1",,,,,,,,,
npl,Bank aktivlərinin keyfiyyəti (NPL payı),fr12:ew:score:TRD,Erkən xəbərdarlıq balı (0–1): Ticarət,2030,bal (0–1),0,0,,,,,,,,,,,,,False,"sərhəd kəsilməsi k=-3,-2,-1",,,,,,,,,
npl,Bank aktivlərinin keyfiyyəti (NPL payı),fr1:balance_n,Büdcə balansı,2026,"mln AZN, cari qiymətlər",0,0,,,,,,,,,,,,,False,"sərhəd kəsilməsi k=-3,-2,-1",,,,,,,,,
npl,Bank aktivlərinin keyfiyyəti (NPL payı),fr1:balance_n,Büdcə balansı,2027,"mln AZN, cari qiymətlər",0,0,,,,,,,,,,,,,False,"sərhəd kəsilməsi k=-3,-2,-1",,,,,,,,,
npl,Bank aktivlərinin keyfiyyəti (NPL payı),fr1:balance_n,Büdcə balansı,2028,"mln AZN, cari qiymətlər",0,0,,,,,,,,,,,,,False,"sərhəd kəsilməsi k=-3,-2,-1",,,,,,,,,
npl,Bank aktivlərinin keyfiyyəti (NPL payı),fr1:balance_n,Büdcə balansı,2029,"mln AZN, cari qiymətlər",0,0,,,,,,,,,,,,,False,"sərhəd kəsilməsi k=-3,-2,-1",,,,,,,,,
npl,Bank aktivlərinin keyfiyyəti (NPL payı),fr1:balance_n,Büdcə balansı,2030,"mln AZN, cari qiymətlər",0,0,,,,,,,,,,,,,False,"sərhəd kəsilməsi k=-3,-2,-1",,,,,,,,,
npl,Bank aktivlərinin keyfiyyəti (NPL payı),fr1:debt_azn,"Dövlət borcu (xarici + daxili, Maliyyə Nazirliyinin anlayışı; dövlət zəmanətli borc daxil deyil)",2026,"mln AZN, cari qiymətlər",0,0,,,,,,,,,,,,,False,"sərhəd kəsilməsi k=-3,-2,-1",,,,,,,,,
npl,Bank aktivlərinin keyfiyyəti (NPL payı),fr1:debt_azn,"Dövlət borcu (xarici + daxili, Maliyyə Nazirliyinin anlayışı; dövlət zəmanətli borc daxil deyil)",2027,"mln AZN, cari qiymətlər",0,0,,,,,,,,,,,,,False,"sərhəd kəsilməsi k=-3,-2,-1",,,,,,,,,
npl,Bank aktivlərinin keyfiyyəti (NPL payı),fr1:debt_azn,"Dövlət borcu (xarici + daxili, Maliyyə Nazirliyinin anlayışı; dövlət zəmanətli borc daxil deyil)",2028,"mln AZN, cari qiymətlər",0,0,,,,,,,,,,,,,False,"sərhəd kəsilməsi k=-3,-2,-1",,,,,,,,,
npl,Bank aktivlərinin keyfiyyəti (NPL payı),fr1:debt_azn,"Dövlət borcu (xarici + daxili, Maliyyə Nazirliyinin anlayışı; dövlət zəmanətli borc daxil deyil)",2029,"mln AZN, cari qiymətlər",0,0,,,,,,,,,,,,,False,"sərhəd kəsilməsi k=-3,-2,-1",,,,,,,,,
npl,Bank aktivlərinin keyfiyyəti (NPL payı),fr1:debt_azn,"Dövlət borcu (xarici + daxili, Maliyyə Nazirliyinin anlayışı; dövlət zəmanətli borc daxil deyil)",2030,"mln AZN, cari qiymətlər",0,0,,,,,,,,,,,,,False,"sərhəd kəsilməsi k=-3,-2,-1",,,,,,,,,
npl,Bank aktivlərinin keyfiyyəti (NPL payı),fr1:emp,Məşğul əhali,2026,min nəfər,0,0,,,,,,,,,,,,,False,"sərhəd kəsilməsi k=-3,-2,-1",,,,,,,,,
npl,Bank aktivlərinin keyfiyyəti (NPL payı),fr1:emp,Məşğul əhali,2027,min nəfər,0,0,,,,,,,,,,,,,False,"sərhəd kəsilməsi k=-3,-2,-1",,,,,,,,,
npl,Bank aktivlərinin keyfiyyəti (NPL payı),fr1:emp,Məşğul əhali,2028,min nəfər,0,0,,,,,,,,,,,,,False,"sərhəd kəsilməsi k=-3,-2,-1",,,,,,,,,
npl,Bank aktivlərinin keyfiyyəti (NPL payı),fr1:emp,Məşğul əhali,2029,min nəfər,0,0,,,,,,,,,,,,,False,"sərhəd kəsilməsi k=-3,-2,-1",,,,,,,,,
npl,Bank aktivlərinin keyfiyyəti (NPL payı),fr1:emp,Məşğul əhali,2030,min nəfər,0,0,,,,,,,,,,,,,False,"sərhəd kəsilməsi k=-3,-2,-1",,,,,,,,,
npl,Bank aktivlərinin keyfiyyəti (NPL payı),fr1:gdp_n,Nominal ÜDM,2026,"mln AZN, cari qiymətlər",0,0,,,,,,,,,,,,,False,"sərhəd kəsilməsi k=-3,-2,-1",,,,,,,,,
npl,Bank aktivlərinin keyfiyyəti (NPL payı),fr1:gdp_n,Nominal ÜDM,2027,"mln AZN, cari qiymətlər",0,0,,,,,,,,,,,,,False,"sərhəd kəsilməsi k=-3,-2,-1",,,,,,,,,
npl,Bank aktivlərinin keyfiyyəti (NPL payı),fr1:gdp_n,Nominal ÜDM,2028,"mln AZN, cari qiymətlər",0,0,,,,,,,,,,,,,False,"sərhəd kəsilməsi k=-3,-2,-1",,,,,,,,,
npl,Bank aktivlərinin keyfiyyəti (NPL payı),fr1:gdp_n,Nominal ÜDM,2029,"mln AZN, cari qiymətlər",0,0,,,,,,,,,,,,,False,"sərhəd kəsilməsi k=-3,-2,-1",,,,,,,,,
npl,Bank aktivlərinin keyfiyyəti (NPL payı),fr1:gdp_n,Nominal ÜDM,2030,"mln AZN, cari qiymətlər",0,0,,,,,,,,,,,,,False,"sərhəd kəsilməsi k=-3,-2,-1",,,,,,,,,
npl,Bank aktivlərinin keyfiyyəti (NPL payı),fr1:infl,İnflyasiya (İQİ),2026,%,0,0,,,,,,,,,,,,,False,"sərhəd kəsilməsi k=-3,-2,-1",,,,,,,,,
npl,Bank aktivlərinin keyfiyyəti (NPL payı),fr1:infl,İnflyasiya (İQİ),2027,%,0,0,,,,,,,,,,,,,False,"sərhəd kəsilməsi k=-3,-2,-1",,,,,,,,,
npl,Bank aktivlərinin keyfiyyəti (NPL payı),fr1:infl,İnflyasiya (İQİ),2028,%,0,0,,,,,,,,,,,,,False,"sərhəd kəsilməsi k=-3,-2,-1",,,,,,,,,
npl,Bank aktivlərinin keyfiyyəti (NPL payı),fr1:infl,İnflyasiya (İQİ),2029,%,0,0,,,,,,,,,,,,,False,"sərhəd kəsilməsi k=-3,-2,-1",,,,,,,,,
npl,Bank aktivlərinin keyfiyyəti (NPL payı),fr1:infl,İnflyasiya (İQİ),2030,%,0,0,,,,,,,,,,,,,False,"sərhəd kəsilməsi k=-3,-2,-1",,,,,,,,,
npl,Bank aktivlərinin keyfiyyəti (NPL payı),fr1:lendrate,Kreditlər üzrə orta faiz dərəcəsi,2026,%,0,0,,,,,,,,,,,,,False,"sərhəd kəsilməsi k=-3,-2,-1",,,,,,,,,
npl,Bank aktivlərinin keyfiyyəti (NPL payı),fr1:lendrate,Kreditlər üzrə orta faiz dərəcəsi,2027,%,-0.305873,0.362457,1,0,1.18499,0.0846647,2.36998,0.406525,3.55498,0.56092,5.10703e-15,-0.5,6.66134e-15,-0.666667,True,"asimmetrik cavab; qeyri-proporsional miqyas; sərhəd kəsilməsi k=-3,-2,-1",,,,,,,,,
npl,Bank aktivlərinin keyfiyyəti (NPL payı),fr1:lendrate,Kreditlər üzrə orta faiz dərəcəsi,2028,%,-0.305873,0.362457,1,0,1.18499,0.0846647,2.36998,0.406525,3.55498,0.56092,4.88498e-15,-0.5,3.10862e-15,-0.666667,True,"asimmetrik cavab; qeyri-proporsional miqyas; sərhəd kəsilməsi k=-3,-2,-1",,,,,,,,,
npl,Bank aktivlərinin keyfiyyəti (NPL payı),fr1:lendrate,Kreditlər üzrə orta faiz dərəcəsi,2029,%,-0.305873,0.362457,1,0,1.18499,0.0846647,2.36998,0.406525,3.55498,0.56092,4.88498e-15,-0.5,3.10862e-15,-0.666667,True,"asimmetrik cavab; qeyri-proporsional miqyas; sərhəd kəsilməsi k=-3,-2,-1",,,,,,,,,
npl,Bank aktivlərinin keyfiyyəti (NPL payı),fr1:lendrate,Kreditlər üzrə orta faiz dərəcəsi,2030,%,-0.305873,0.362457,1,0,1.18499,0.0846647,2.36998,0.406525,3.55498,0.56092,4.88498e-15,-0.5,3.10862e-15,-0.666667,True,"asimmetrik cavab; qeyri-proporsional miqyas; sərhəd kəsilməsi k=-3,-2,-1",,,,,,,,,
npl,Bank aktivlərinin keyfiyyəti (NPL payı),fr1:nobd_pct,"Qeyri-neft büdcə balansı, qeyri-neft ÜDM-ə nisbətən",2026,%,0,0,,,,,,,,,,,,,False,"sərhəd kəsilməsi k=-3,-2,-1",,,,,,,,,
npl,Bank aktivlərinin keyfiyyəti (NPL payı),fr1:nobd_pct,"Qeyri-neft büdcə balansı, qeyri-neft ÜDM-ə nisbətən",2027,%,0,0,,,,,,,,,,,,,False,"sərhəd kəsilməsi k=-3,-2,-1",,,,,,,,,
npl,Bank aktivlərinin keyfiyyəti (NPL payı),fr1:nobd_pct,"Qeyri-neft büdcə balansı, qeyri-neft ÜDM-ə nisbətən",2028,%,0,0,,,,,,,,,,,,,False,"sərhəd kəsilməsi k=-3,-2,-1",,,,,,,,,
npl,Bank aktivlərinin keyfiyyəti (NPL payı),fr1:nobd_pct,"Qeyri-neft büdcə balansı, qeyri-neft ÜDM-ə nisbətən",2029,%,0,0,,,,,,,,,,,,,False,"sərhəd kəsilməsi k=-3,-2,-1",,,,,,,,,
npl,Bank aktivlərinin keyfiyyəti (NPL payı),fr1:nobd_pct,"Qeyri-neft büdcə balansı, qeyri-neft ÜDM-ə nisbətən",2030,%,0,0,,,,,,,,,,,,,False,"sərhəd kəsilməsi k=-3,-2,-1",,,,,,,,,
npl,Bank aktivlərinin keyfiyyəti (NPL payı),fr1:rcons,Real istehlak (istehlak bazarı),2026,"mln AZN, 2015 qiymətləri",0,0,,,,,,,,,,,,,False,"sərhəd kəsilməsi k=-3,-2,-1",,,,,,,,,
npl,Bank aktivlərinin keyfiyyəti (NPL payı),fr1:rcons,Real istehlak (istehlak bazarı),2027,"mln AZN, 2015 qiymətləri",0,0,,,,,,,,,,,,,False,"sərhəd kəsilməsi k=-3,-2,-1",,,,,,,,,
npl,Bank aktivlərinin keyfiyyəti (NPL payı),fr1:rcons,Real istehlak (istehlak bazarı),2028,"mln AZN, 2015 qiymətləri",0,0,,,,,,,,,,,,,False,"sərhəd kəsilməsi k=-3,-2,-1",,,,,,,,,
npl,Bank aktivlərinin keyfiyyəti (NPL payı),fr1:rcons,Real istehlak (istehlak bazarı),2029,"mln AZN, 2015 qiymətləri",0,0,,,,,,,,,,,,,False,"sərhəd kəsilməsi k=-3,-2,-1",,,,,,,,,
npl,Bank aktivlərinin keyfiyyəti (NPL payı),fr1:rcons,Real istehlak (istehlak bazarı),2030,"mln AZN, 2015 qiymətləri",0,0,,,,,,,,,,,,,False,"sərhəd kəsilməsi k=-3,-2,-1",,,,,,,,,
npl,Bank aktivlərinin keyfiyyəti (NPL payı),fr1:rcred_tot,Kreditlər (real),2026,"mln AZN, 2015 qiymətləri",0,0,,,,,,,,,,,,,False,"sərhəd kəsilməsi k=-3,-2,-1",,,,,,,,,
npl,Bank aktivlərinin keyfiyyəti (NPL payı),fr1:rcred_tot,Kreditlər (real),2027,"mln AZN, 2015 qiymətləri",0,0,,,,,,,,,,,,,False,"sərhəd kəsilməsi k=-3,-2,-1",,,,,,,,,
npl,Bank aktivlərinin keyfiyyəti (NPL payı),fr1:rcred_tot,Kreditlər (real),2028,"mln AZN, 2015 qiymətləri",0,0,,,,,,,,,,,,,False,"sərhəd kəsilməsi k=-3,-2,-1",,,,,,,,,
npl,Bank aktivlərinin keyfiyyəti (NPL payı),fr1:rcred_tot,Kreditlər (real),2029,"mln AZN, 2015 qiymətləri",0,0,,,,,,,,,,,,,False,"sərhəd kəsilməsi k=-3,-2,-1",,,,,,,,,
npl,Bank aktivlərinin keyfiyyəti (NPL payı),fr1:rcred_tot,Kreditlər (real),2030,"mln AZN, 2015 qiymətləri",0,0,,,,,,,,,,,,,False,"sərhəd kəsilməsi k=-3,-2,-1",,,,,,,,,
npl,Bank aktivlərinin keyfiyyəti (NPL payı),fr1:rev_oil_n,Neft-qaz büdcə gəlirləri,2026,"mln AZN, cari qiymətlər",0,0,,,,,,,,,,,,,False,"sərhəd kəsilməsi k=-3,-2,-1",,,,,,,,,
npl,Bank aktivlərinin keyfiyyəti (NPL payı),fr1:rev_oil_n,Neft-qaz büdcə gəlirləri,2027,"mln AZN, cari qiymətlər",0,0,,,,,,,,,,,,,False,"sərhəd kəsilməsi k=-3,-2,-1",,,,,,,,,
npl,Bank aktivlərinin keyfiyyəti (NPL payı),fr1:rev_oil_n,Neft-qaz büdcə gəlirləri,2028,"mln AZN, cari qiymətlər",0,0,,,,,,,,,,,,,False,"sərhəd kəsilməsi k=-3,-2,-1",,,,,,,,,
npl,Bank aktivlərinin keyfiyyəti (NPL payı),fr1:rev_oil_n,Neft-qaz büdcə gəlirləri,2029,"mln AZN, cari qiymətlər",0,0,,,,,,,,,,,,,False,"sərhəd kəsilməsi k=-3,-2,-1",,,,,,,,,
npl,Bank aktivlərinin keyfiyyəti (NPL payı),fr1:rev_oil_n,Neft-qaz büdcə gəlirləri,2030,"mln AZN, cari qiymətlər",0,0,,,,,,,,,,,,,False,"sərhəd kəsilməsi k=-3,-2,-1",,,,,,,,,
npl,Bank aktivlərinin keyfiyyəti (NPL payı),fr1:rev_tot_n,Büdcə gəlirləri,2026,"mln AZN, cari qiymətlər",0,0,,,,,,,,,,,,,False,"sərhəd kəsilməsi k=-3,-2,-1",,,,,,,,,
npl,Bank aktivlərinin keyfiyyəti (NPL payı),fr1:rev_tot_n,Büdcə gəlirləri,2027,"mln AZN, cari qiymətlər",0,0,,,,,,,,,,,,,False,"sərhəd kəsilməsi k=-3,-2,-1",,,,,,,,,
npl,Bank aktivlərinin keyfiyyəti (NPL payı),fr1:rev_tot_n,Büdcə gəlirləri,2028,"mln AZN, cari qiymətlər",0,0,,,,,,,,,,,,,False,"sərhəd kəsilməsi k=-3,-2,-1",,,,,,,,,
npl,Bank aktivlərinin keyfiyyəti (NPL payı),fr1:rev_tot_n,Büdcə gəlirləri,2029,"mln AZN, cari qiymətlər",0,0,,,,,,,,,,,,,False,"sərhəd kəsilməsi k=-3,-2,-1",,,,,,,,,
npl,Bank aktivlərinin keyfiyyəti (NPL payı),fr1:rev_tot_n,Büdcə gəlirləri,2030,"mln AZN, cari qiymətlər",0,0,,,,,,,,,,,,,False,"sərhəd kəsilməsi k=-3,-2,-1",,,,,,,,,
npl,Bank aktivlərinin keyfiyyəti (NPL payı),fr1:rgdp,Real ÜDM,2026,"mln AZN, 2015 qiymətləri",0,0,,,,,,,,,,,,,False,"sərhəd kəsilməsi k=-3,-2,-1",,,,,,,,,
npl,Bank aktivlərinin keyfiyyəti (NPL payı),fr1:rgdp,Real ÜDM,2027,"mln AZN, 2015 qiymətləri",0,0,,,,,,,,,,,,,False,"sərhəd kəsilməsi k=-3,-2,-1",,,,,,,,,
npl,Bank aktivlərinin keyfiyyəti (NPL payı),fr1:rgdp,Real ÜDM,2028,"mln AZN, 2015 qiymətləri",0,0,,,,,,,,,,,,,False,"sərhəd kəsilməsi k=-3,-2,-1",,,,,,,,,
npl,Bank aktivlərinin keyfiyyəti (NPL payı),fr1:rgdp,Real ÜDM,2029,"mln AZN, 2015 qiymətləri",0,0,,,,,,,,,,,,,False,"sərhəd kəsilməsi k=-3,-2,-1",,,,,,,,,
npl,Bank aktivlərinin keyfiyyəti (NPL payı),fr1:rgdp,Real ÜDM,2030,"mln AZN, 2015 qiymətləri",0,0,,,,,,,,,,,,,False,"sərhəd kəsilməsi k=-3,-2,-1",,,,,,,,,
npl,Bank aktivlərinin keyfiyyəti (NPL payı),fr1:rgdpnon,Real qeyri-neft ÜDM,2026,"mln AZN, 2015 qiymətləri",0,0,,,,,,,,,,,,,False,"sərhəd kəsilməsi k=-3,-2,-1",,,,,,,,,
npl,Bank aktivlərinin keyfiyyəti (NPL payı),fr1:rgdpnon,Real qeyri-neft ÜDM,2027,"mln AZN, 2015 qiymətləri",0,0,,,,,,,,,,,,,False,"sərhəd kəsilməsi k=-3,-2,-1",,,,,,,,,
npl,Bank aktivlərinin keyfiyyəti (NPL payı),fr1:rgdpnon,Real qeyri-neft ÜDM,2028,"mln AZN, 2015 qiymətləri",0,0,,,,,,,,,,,,,False,"sərhəd kəsilməsi k=-3,-2,-1",,,,,,,,,
npl,Bank aktivlərinin keyfiyyəti (NPL payı),fr1:rgdpnon,Real qeyri-neft ÜDM,2029,"mln AZN, 2015 qiymətləri",0,0,,,,,,,,,,,,,False,"sərhəd kəsilməsi k=-3,-2,-1",,,,,,,,,
npl,Bank aktivlərinin keyfiyyəti (NPL payı),fr1:rgdpnon,Real qeyri-neft ÜDM,2030,"mln AZN, 2015 qiymətləri",0,0,,,,,,,,,,,,,False,"sərhəd kəsilməsi k=-3,-2,-1",,,,,,,,,
npl,Bank aktivlərinin keyfiyyəti (NPL payı),fr1:rhhdisp,Ev təsərrüfatlarının real sərəncamda qalan gəliri,2026,"mln AZN, 2015 qiymətləri",0,0,,,,,,,,,,,,,False,"sərhəd kəsilməsi k=-3,-2,-1",,,,,,,,,
npl,Bank aktivlərinin keyfiyyəti (NPL payı),fr1:rhhdisp,Ev təsərrüfatlarının real sərəncamda qalan gəliri,2027,"mln AZN, 2015 qiymətləri",0,0,,,,,,,,,,,,,False,"sərhəd kəsilməsi k=-3,-2,-1",,,,,,,,,
npl,Bank aktivlərinin keyfiyyəti (NPL payı),fr1:rhhdisp,Ev təsərrüfatlarının real sərəncamda qalan gəliri,2028,"mln AZN, 2015 qiymətləri",0,0,,,,,,,,,,,,,False,"sərhəd kəsilməsi k=-3,-2,-1",,,,,,,,,
npl,Bank aktivlərinin keyfiyyəti (NPL payı),fr1:rhhdisp,Ev təsərrüfatlarının real sərəncamda qalan gəliri,2029,"mln AZN, 2015 qiymətləri",0,0,,,,,,,,,,,,,False,"sərhəd kəsilməsi k=-3,-2,-1",,,,,,,,,
npl,Bank aktivlərinin keyfiyyəti (NPL payı),fr1:rhhdisp,Ev təsərrüfatlarının real sərəncamda qalan gəliri,2030,"mln AZN, 2015 qiymətləri",0,0,,,,,,,,,,,,,False,"sərhəd kəsilməsi k=-3,-2,-1",,,,,,,,,
npl,Bank aktivlərinin keyfiyyəti (NPL payı),fr1:rinv_state,Dövlət investisiyaları (real),2026,"mln AZN, 2015 qiymətləri",0,0,,,,,,,,,,,,,False,"sərhəd kəsilməsi k=-3,-2,-1",,,,,,,,,
npl,Bank aktivlərinin keyfiyyəti (NPL payı),fr1:rinv_state,Dövlət investisiyaları (real),2027,"mln AZN, 2015 qiymətləri",0,0,,,,,,,,,,,,,False,"sərhəd kəsilməsi k=-3,-2,-1",,,,,,,,,
npl,Bank aktivlərinin keyfiyyəti (NPL payı),fr1:rinv_state,Dövlət investisiyaları (real),2028,"mln AZN, 2015 qiymətləri",0,0,,,,,,,,,,,,,False,"sərhəd kəsilməsi k=-3,-2,-1",,,,,,,,,
npl,Bank aktivlərinin keyfiyyəti (NPL payı),fr1:rinv_state,Dövlət investisiyaları (real),2029,"mln AZN, 2015 qiymətləri",0,0,,,,,,,,,,,,,False,"sərhəd kəsilməsi k=-3,-2,-1",,,,,,,,,
npl,Bank aktivlərinin keyfiyyəti (NPL payı),fr1:rinv_state,Dövlət investisiyaları (real),2030,"mln AZN, 2015 qiymətləri",0,0,,,,,,,,,,,,,False,"sərhəd kəsilməsi k=-3,-2,-1",,,,,,,,,
npl,Bank aktivlərinin keyfiyyəti (NPL payı),fr1:rinv_tot,Əsas kapitala investisiyalar (real),2026,"mln AZN, 2015 qiymətləri",0,0,,,,,,,,,,,,,False,"sərhəd kəsilməsi k=-3,-2,-1",,,,,,,,,
npl,Bank aktivlərinin keyfiyyəti (NPL payı),fr1:rinv_tot,Əsas kapitala investisiyalar (real),2027,"mln AZN, 2015 qiymətləri",0,0,,,,,,,,,,,,,False,"sərhəd kəsilməsi k=-3,-2,-1",,,,,,,,,
npl,Bank aktivlərinin keyfiyyəti (NPL payı),fr1:rinv_tot,Əsas kapitala investisiyalar (real),2028,"mln AZN, 2015 qiymətləri",0,0,,,,,,,,,,,,,False,"sərhəd kəsilməsi k=-3,-2,-1",,,,,,,,,
npl,Bank aktivlərinin keyfiyyəti (NPL payı),fr1:rinv_tot,Əsas kapitala investisiyalar (real),2029,"mln AZN, 2015 qiymətləri",0,0,,,,,,,,,,,,,False,"sərhəd kəsilməsi k=-3,-2,-1",,,,,,,,,
npl,Bank aktivlərinin keyfiyyəti (NPL payı),fr1:rinv_tot,Əsas kapitala investisiyalar (real),2030,"mln AZN, 2015 qiymətləri",0,0,,,,,,,,,,,,,False,"sərhəd kəsilməsi k=-3,-2,-1",,,,,,,,,
npl,Bank aktivlərinin keyfiyyəti (NPL payı),fr1:rm_non,Qeyri-neft mal idxalı (real),2026,"mln AZN, 2015 qiymətləri",0,0,,,,,,,,,,,,,False,"sərhəd kəsilməsi k=-3,-2,-1",,,,,,,,,
npl,Bank aktivlərinin keyfiyyəti (NPL payı),fr1:rm_non,Qeyri-neft mal idxalı (real),2027,"mln AZN, 2015 qiymətləri",0,0,,,,,,,,,,,,,False,"sərhəd kəsilməsi k=-3,-2,-1",,,,,,,,,
npl,Bank aktivlərinin keyfiyyəti (NPL payı),fr1:rm_non,Qeyri-neft mal idxalı (real),2028,"mln AZN, 2015 qiymətləri",0,0,,,,,,,,,,,,,False,"sərhəd kəsilməsi k=-3,-2,-1",,,,,,,,,
npl,Bank aktivlərinin keyfiyyəti (NPL payı),fr1:rm_non,Qeyri-neft mal idxalı (real),2029,"mln AZN, 2015 qiymətləri",0,0,,,,,,,,,,,,,False,"sərhəd kəsilməsi k=-3,-2,-1",,,,,,,,,
npl,Bank aktivlərinin keyfiyyəti (NPL payı),fr1:rm_non,Qeyri-neft mal idxalı (real),2030,"mln AZN, 2015 qiymətləri",0,0,,,,,,,,,,,,,False,"sərhəd kəsilməsi k=-3,-2,-1",,,,,,,,,
npl,Bank aktivlərinin keyfiyyəti (NPL payı),fr1:rva_agr,"Real əlavə dəyər: Kənd, meşə və balıqçılıq",2026,"mln AZN, 2015 qiymətləri",0,0,,,,,,,,,,,,,False,"sərhəd kəsilməsi k=-3,-2,-1",,,,,,,,,
npl,Bank aktivlərinin keyfiyyəti (NPL payı),fr1:rva_agr,"Real əlavə dəyər: Kənd, meşə və balıqçılıq",2027,"mln AZN, 2015 qiymətləri",0,0,,,,,,,,,,,,,False,"sərhəd kəsilməsi k=-3,-2,-1",,,,,,,,,
npl,Bank aktivlərinin keyfiyyəti (NPL payı),fr1:rva_agr,"Real əlavə dəyər: Kənd, meşə və balıqçılıq",2028,"mln AZN, 2015 qiymətləri",0,0,,,,,,,,,,,,,False,"sərhəd kəsilməsi k=-3,-2,-1",,,,,,,,,
npl,Bank aktivlərinin keyfiyyəti (NPL payı),fr1:rva_agr,"Real əlavə dəyər: Kənd, meşə və balıqçılıq",2029,"mln AZN, 2015 qiymətləri",0,0,,,,,,,,,,,,,False,"sərhəd kəsilməsi k=-3,-2,-1",,,,,,,,,
npl,Bank aktivlərinin keyfiyyəti (NPL payı),fr1:rva_agr,"Real əlavə dəyər: Kənd, meşə və balıqçılıq",2030,"mln AZN, 2015 qiymətləri",0,0,,,,,,,,,,,,,False,"sərhəd kəsilməsi k=-3,-2,-1",,,,,,,,,
npl,Bank aktivlərinin keyfiyyəti (NPL payı),fr1:rva_con,Real əlavə dəyər: Tikinti,2026,"mln AZN, 2015 qiymətləri",0,0,,,,,,,,,,,,,False,"sərhəd kəsilməsi k=-3,-2,-1",,,,,,,,,
npl,Bank aktivlərinin keyfiyyəti (NPL payı),fr1:rva_con,Real əlavə dəyər: Tikinti,2027,"mln AZN, 2015 qiymətləri",0,0,,,,,,,,,,,,,False,"sərhəd kəsilməsi k=-3,-2,-1",,,,,,,,,
npl,Bank aktivlərinin keyfiyyəti (NPL payı),fr1:rva_con,Real əlavə dəyər: Tikinti,2028,"mln AZN, 2015 qiymətləri",0,0,,,,,,,,,,,,,False,"sərhəd kəsilməsi k=-3,-2,-1",,,,,,,,,
npl,Bank aktivlərinin keyfiyyəti (NPL payı),fr1:rva_con,Real əlavə dəyər: Tikinti,2029,"mln AZN, 2015 qiymətləri",0,0,,,,,,,,,,,,,False,"sərhəd kəsilməsi k=-3,-2,-1",,,,,,,,,
npl,Bank aktivlərinin keyfiyyəti (NPL payı),fr1:rva_con,Real əlavə dəyər: Tikinti,2030,"mln AZN, 2015 qiymətləri",0,0,,,,,,,,,,,,,False,"sərhəd kəsilməsi k=-3,-2,-1",,,,,,,,,
npl,Bank aktivlərinin keyfiyyəti (NPL payı),fr1:rva_man,Real əlavə dəyər: Emal sənayesi,2026,"mln AZN, 2015 qiymətləri",0,0,,,,,,,,,,,,,False,"sərhəd kəsilməsi k=-3,-2,-1",,,,,,,,,
npl,Bank aktivlərinin keyfiyyəti (NPL payı),fr1:rva_man,Real əlavə dəyər: Emal sənayesi,2027,"mln AZN, 2015 qiymətləri",0,0,,,,,,,,,,,,,False,"sərhəd kəsilməsi k=-3,-2,-1",,,,,,,,,
npl,Bank aktivlərinin keyfiyyəti (NPL payı),fr1:rva_man,Real əlavə dəyər: Emal sənayesi,2028,"mln AZN, 2015 qiymətləri",0,0,,,,,,,,,,,,,False,"sərhəd kəsilməsi k=-3,-2,-1",,,,,,,,,
npl,Bank aktivlərinin keyfiyyəti (NPL payı),fr1:rva_man,Real əlavə dəyər: Emal sənayesi,2029,"mln AZN, 2015 qiymətləri",0,0,,,,,,,,,,,,,False,"sərhəd kəsilməsi k=-3,-2,-1",,,,,,,,,
npl,Bank aktivlərinin keyfiyyəti (NPL payı),fr1:rva_man,Real əlavə dəyər: Emal sənayesi,2030,"mln AZN, 2015 qiymətləri",0,0,,,,,,,,,,,,,False,"sərhəd kəsilməsi k=-3,-2,-1",,,,,,,,,
npl,Bank aktivlərinin keyfiyyəti (NPL payı),fr1:rva_trd,Real əlavə dəyər: Ticarət; nəqliyyat vasitələrinin təmiri,2026,"mln AZN, 2015 qiymətləri",0,0,,,,,,,,,,,,,False,"sərhəd kəsilməsi k=-3,-2,-1",,,,,,,,,
npl,Bank aktivlərinin keyfiyyəti (NPL payı),fr1:rva_trd,Real əlavə dəyər: Ticarət; nəqliyyat vasitələrinin təmiri,2027,"mln AZN, 2015 qiymətləri",0,0,,,,,,,,,,,,,False,"sərhəd kəsilməsi k=-3,-2,-1",,,,,,,,,
npl,Bank aktivlərinin keyfiyyəti (NPL payı),fr1:rva_trd,Real əlavə dəyər: Ticarət; nəqliyyat vasitələrinin təmiri,2028,"mln AZN, 2015 qiymətləri",0,0,,,,,,,,,,,,,False,"sərhəd kəsilməsi k=-3,-2,-1",,,,,,,,,
npl,Bank aktivlərinin keyfiyyəti (NPL payı),fr1:rva_trd,Real əlavə dəyər: Ticarət; nəqliyyat vasitələrinin təmiri,2029,"mln AZN, 2015 qiymətləri",0,0,,,,,,,,,,,,,False,"sərhəd kəsilməsi k=-3,-2,-1",,,,,,,,,
npl,Bank aktivlərinin keyfiyyəti (NPL payı),fr1:rva_trd,Real əlavə dəyər: Ticarət; nəqliyyat vasitələrinin təmiri,2030,"mln AZN, 2015 qiymətləri",0,0,,,,,,,,,,,,,False,"sərhəd kəsilməsi k=-3,-2,-1",,,,,,,,,
npl,Bank aktivlərinin keyfiyyəti (NPL payı),fr1:rx_non,Qeyri-neft mal ixracı (real),2026,"mln AZN, 2015 qiymətləri",0,0,,,,,,,,,,,,,False,"sərhəd kəsilməsi k=-3,-2,-1",,,,,,,,,
npl,Bank aktivlərinin keyfiyyəti (NPL payı),fr1:rx_non,Qeyri-neft mal ixracı (real),2027,"mln AZN, 2015 qiymətləri",0,0,,,,,,,,,,,,,False,"sərhəd kəsilməsi k=-3,-2,-1",,,,,,,,,
npl,Bank aktivlərinin keyfiyyəti (NPL payı),fr1:rx_non,Qeyri-neft mal ixracı (real),2028,"mln AZN, 2015 qiymətləri",0,0,,,,,,,,,,,,,False,"sərhəd kəsilməsi k=-3,-2,-1",,,,,,,,,
npl,Bank aktivlərinin keyfiyyəti (NPL payı),fr1:rx_non,Qeyri-neft mal ixracı (real),2029,"mln AZN, 2015 qiymətləri",0,0,,,,,,,,,,,,,False,"sərhəd kəsilməsi k=-3,-2,-1",,,,,,,,,
npl,Bank aktivlərinin keyfiyyəti (NPL payı),fr1:rx_non,Qeyri-neft mal ixracı (real),2030,"mln AZN, 2015 qiymətləri",0,0,,,,,,,,,,,,,False,"sərhəd kəsilməsi k=-3,-2,-1",,,,,,,,,
npl,Bank aktivlərinin keyfiyyəti (NPL payı),fr1:unemp,İşsizlik səviyyəsi,2026,%,0,0,,,,,,,,,,,,,False,"sərhəd kəsilməsi k=-3,-2,-1",,,,,,,,,
npl,Bank aktivlərinin keyfiyyəti (NPL payı),fr1:unemp,İşsizlik səviyyəsi,2027,%,0,0,,,,,,,,,,,,,False,"sərhəd kəsilməsi k=-3,-2,-1",,,,,,,,,
npl,Bank aktivlərinin keyfiyyəti (NPL payı),fr1:unemp,İşsizlik səviyyəsi,2028,%,0,0,,,,,,,,,,,,,False,"sərhəd kəsilməsi k=-3,-2,-1",,,,,,,,,
npl,Bank aktivlərinin keyfiyyəti (NPL payı),fr1:unemp,İşsizlik səviyyəsi,2029,%,0,0,,,,,,,,,,,,,False,"sərhəd kəsilməsi k=-3,-2,-1",,,,,,,,,
npl,Bank aktivlərinin keyfiyyəti (NPL payı),fr1:unemp,İşsizlik səviyyəsi,2030,%,0,0,,,,,,,,,,,,,False,"sərhəd kəsilməsi k=-3,-2,-1",,,,,,,,,
npl,Bank aktivlərinin keyfiyyəti (NPL payı),fr1:wage,Orta aylıq nominal əmək haqqı,2026,AZN/ay,0,0,,,,,,,,,,,,,False,"sərhəd kəsilməsi k=-3,-2,-1",,,,,,,,,
npl,Bank aktivlərinin keyfiyyəti (NPL payı),fr1:wage,Orta aylıq nominal əmək haqqı,2027,AZN/ay,0,0,,,,,,,,,,,,,False,"sərhəd kəsilməsi k=-3,-2,-1",,,,,,,,,
npl,Bank aktivlərinin keyfiyyəti (NPL payı),fr1:wage,Orta aylıq nominal əmək haqqı,2028,AZN/ay,0,0,,,,,,,,,,,,,False,"sərhəd kəsilməsi k=-3,-2,-1",,,,,,,,,
npl,Bank aktivlərinin keyfiyyəti (NPL payı),fr1:wage,Orta aylıq nominal əmək haqqı,2029,AZN/ay,0,0,,,,,,,,,,,,,False,"sərhəd kəsilməsi k=-3,-2,-1",,,,,,,,,
npl,Bank aktivlərinin keyfiyyəti (NPL payı),fr1:wage,Orta aylıq nominal əmək haqqı,2030,AZN/ay,0,0,,,,,,,,,,,,,False,"sərhəd kəsilməsi k=-3,-2,-1",,,,,,,,,
npl,Bank aktivlərinin keyfiyyəti (NPL payı),fr3:rw_avg,"Orta aylıq əmək haqqı, real (2015 qiymətləri)",2026,"AZN/ay, 2015 qiymətləri",0,0,,,,,,,,,,,,,False,"sərhəd kəsilməsi k=-3,-2,-1",,,,,,,,,
npl,Bank aktivlərinin keyfiyyəti (NPL payı),fr3:rw_avg,"Orta aylıq əmək haqqı, real (2015 qiymətləri)",2027,"AZN/ay, 2015 qiymətləri",0,0,,,,,,,,,,,,,False,"sərhəd kəsilməsi k=-3,-2,-1",,,,,,,,,
npl,Bank aktivlərinin keyfiyyəti (NPL payı),fr3:rw_avg,"Orta aylıq əmək haqqı, real (2015 qiymətləri)",2028,"AZN/ay, 2015 qiymətləri",0,0,,,,,,,,,,,,,False,"sərhəd kəsilməsi k=-3,-2,-1",,,,,,,,,
npl,Bank aktivlərinin keyfiyyəti (NPL payı),fr3:rw_avg,"Orta aylıq əmək haqqı, real (2015 qiymətləri)",2029,"AZN/ay, 2015 qiymətləri",0,0,,,,,,,,,,,,,False,"sərhəd kəsilməsi k=-3,-2,-1",,,,,,,,,
npl,Bank aktivlərinin keyfiyyəti (NPL payı),fr3:rw_avg,"Orta aylıq əmək haqqı, real (2015 qiymətləri)",2030,"AZN/ay, 2015 qiymətləri",0,0,,,,,,,,,,,,,False,"sərhəd kəsilməsi k=-3,-2,-1",,,,,,,,,
npl,Bank aktivlərinin keyfiyyəti (NPL payı),fr4:budget,Büdcə təşkilatlarında muzdlu işçilər,2026,min nəfər,0,0,,,,,,,,,,,,,False,"sərhəd kəsilməsi k=-3,-2,-1",,,,,,,,,
npl,Bank aktivlərinin keyfiyyəti (NPL payı),fr4:budget,Büdcə təşkilatlarında muzdlu işçilər,2027,min nəfər,0,0,,,,,,,,,,,,,False,"sərhəd kəsilməsi k=-3,-2,-1",,,,,,,,,
npl,Bank aktivlərinin keyfiyyəti (NPL payı),fr4:budget,Büdcə təşkilatlarında muzdlu işçilər,2028,min nəfər,0,0,,,,,,,,,,,,,False,"sərhəd kəsilməsi k=-3,-2,-1",,,,,,,,,
npl,Bank aktivlərinin keyfiyyəti (NPL payı),fr4:budget,Büdcə təşkilatlarında muzdlu işçilər,2029,min nəfər,0,0,,,,,,,,,,,,,False,"sərhəd kəsilməsi k=-3,-2,-1",,,,,,,,,
npl,Bank aktivlərinin keyfiyyəti (NPL payı),fr4:budget,Büdcə təşkilatlarında muzdlu işçilər,2030,min nəfər,0,0,,,,,,,,,,,,,False,"sərhəd kəsilməsi k=-3,-2,-1",,,,,,,,,
npl,Bank aktivlərinin keyfiyyəti (NPL payı),fr5:vol:total,"Pullu xidmətlər, cəmi: real həcm (2015 qiymətləri)",2026,"mln AZN, 2015 qiymətləri",0,0,,,,,,,,,,,,,False,"sərhəd kəsilməsi k=-3,-2,-1",,,,,,,,,
npl,Bank aktivlərinin keyfiyyəti (NPL payı),fr5:vol:total,"Pullu xidmətlər, cəmi: real həcm (2015 qiymətləri)",2027,"mln AZN, 2015 qiymətləri",0,0,,,,,,,,,,,,,False,"sərhəd kəsilməsi k=-3,-2,-1",,,,,,,,,
npl,Bank aktivlərinin keyfiyyəti (NPL payı),fr5:vol:total,"Pullu xidmətlər, cəmi: real həcm (2015 qiymətləri)",2028,"mln AZN, 2015 qiymətləri",0,0,,,,,,,,,,,,,False,"sərhəd kəsilməsi k=-3,-2,-1",,,,,,,,,
npl,Bank aktivlərinin keyfiyyəti (NPL payı),fr5:vol:total,"Pullu xidmətlər, cəmi: real həcm (2015 qiymətləri)",2029,"mln AZN, 2015 qiymətləri",0,0,,,,,,,,,,,,,False,"sərhəd kəsilməsi k=-3,-2,-1",,,,,,,,,
npl,Bank aktivlərinin keyfiyyəti (NPL payı),fr5:vol:total,"Pullu xidmətlər, cəmi: real həcm (2015 qiymətləri)",2030,"mln AZN, 2015 qiymətləri",0,0,,,,,,,,,,,,,False,"sərhəd kəsilməsi k=-3,-2,-1",,,,,,,,,
npl,Bank aktivlərinin keyfiyyəti (NPL payı),ru:budget_gdp,Büdcə balansı,2026,% ÜDM (f.b.),0,0,,,,,,,,,,,,,False,"sərhəd kəsilməsi k=-3,-2,-1","Büdcə balansı həddi (< hədd, % ÜDM)",-1,0.655559,,,,,8,
npl,Bank aktivlərinin keyfiyyəti (NPL payı),ru:budget_gdp,Büdcə balansı,2027,% ÜDM (f.b.),0,0,,,,,,,,,,,,,False,"sərhəd kəsilməsi k=-3,-2,-1","Büdcə balansı həddi (< hədd, % ÜDM)",-1,0.32115,,,,,8,
npl,Bank aktivlərinin keyfiyyəti (NPL payı),ru:budget_gdp,Büdcə balansı,2028,% ÜDM (f.b.),0,0,,,,,,,,,,,,,False,"sərhəd kəsilməsi k=-3,-2,-1","Büdcə balansı həddi (< hədd, % ÜDM)",-1,0.0335283,,,,,8,
npl,Bank aktivlərinin keyfiyyəti (NPL payı),ru:budget_gdp,Büdcə balansı,2029,% ÜDM (f.b.),0,0,,,,,,,,,,,,,False,"sərhəd kəsilməsi k=-3,-2,-1","Büdcə balansı həddi (< hədd, % ÜDM)",-1,0.108813,,,,,8,
npl,Bank aktivlərinin keyfiyyəti (NPL payı),ru:budget_gdp,Büdcə balansı,2030,% ÜDM (f.b.),0,0,,,,,,,,,,,,,False,"sərhəd kəsilməsi k=-3,-2,-1","Büdcə balansı həddi (< hədd, % ÜDM)",-1,0.141054,,,,,8,
npl,Bank aktivlərinin keyfiyyəti (NPL payı),ru:cpi,"İnflyasiya (İQİ, illik orta)",2026,f.b.,0,0,,,,,,,,,,,,,False,"sərhəd kəsilməsi k=-3,-2,-1",İnflyasiya həddi (> hədd),6,5.2991,,,,,10,
npl,Bank aktivlərinin keyfiyyəti (NPL payı),ru:cpi,"İnflyasiya (İQİ, illik orta)",2027,f.b.,0,0,,,,,,,,,,,,,False,"sərhəd kəsilməsi k=-3,-2,-1",İnflyasiya həddi (> hədd),6,5.7416,,,,,10,
npl,Bank aktivlərinin keyfiyyəti (NPL payı),ru:cpi,"İnflyasiya (İQİ, illik orta)",2028,f.b.,0,0,,,,,,,,,,,,,False,"sərhəd kəsilməsi k=-3,-2,-1",İnflyasiya həddi (> hədd),6,5.8752,,,,,10,
npl,Bank aktivlərinin keyfiyyəti (NPL payı),ru:cpi,"İnflyasiya (İQİ, illik orta)",2029,f.b.,0,0,,,,,,,,,,,,,False,"sərhəd kəsilməsi k=-3,-2,-1",İnflyasiya həddi (> hədd),6,5.9149,,,,,10,
npl,Bank aktivlərinin keyfiyyəti (NPL payı),ru:cpi,"İnflyasiya (İQİ, illik orta)",2030,f.b.,0,0,,,,,,,,,,,,,False,"sərhəd kəsilməsi k=-3,-2,-1",İnflyasiya həddi (> hədd),6,5.9278,,,,,10,
npl,Bank aktivlərinin keyfiyyəti (NPL payı),ru:debt_gdp,Dövlət borcu,2026,% ÜDM (f.b.),0,0,,,,,,,,,,,,,False,"sərhəd kəsilməsi k=-3,-2,-1",Dövlət borcu > 30% ÜDM (DSA həddi),30,17.2926,,,,,15,
npl,Bank aktivlərinin keyfiyyəti (NPL payı),ru:debt_gdp,Dövlət borcu,2027,% ÜDM (f.b.),0,0,,,,,,,,,,,,,False,"sərhəd kəsilməsi k=-3,-2,-1",Dövlət borcu > 30% ÜDM (DSA həddi),30,15.6733,,,,,15,
npl,Bank aktivlərinin keyfiyyəti (NPL payı),ru:debt_gdp,Dövlət borcu,2028,% ÜDM (f.b.),0,0,,,,,,,,,,,,,False,"sərhəd kəsilməsi k=-3,-2,-1",Dövlət borcu > 30% ÜDM (DSA həddi),30,14.5227,,,,,15,
npl,Bank aktivlərinin keyfiyyəti (NPL payı),ru:debt_gdp,Dövlət borcu,2029,% ÜDM (f.b.),0,0,,,,,,,,,,,,,False,"sərhəd kəsilməsi k=-3,-2,-1",Dövlət borcu > 30% ÜDM (DSA həddi),30,13.1051,,,,,15,
npl,Bank aktivlərinin keyfiyyəti (NPL payı),ru:debt_gdp,Dövlət borcu,2030,% ÜDM (f.b.),0,0,,,,,,,,,,,,,False,"sərhəd kəsilməsi k=-3,-2,-1",Dövlət borcu > 30% ÜDM (DSA həddi),30,11.9126,,,,,15,
npl,Bank aktivlərinin keyfiyyəti (NPL payı),ru:nonoil_g,Qeyri-neft ÜDM real artımı,2026,f.b.,0,0,,,,,,,,,,,,,False,"sərhəd kəsilməsi k=-3,-2,-1",Growth-at-Risk həddi (qeyri-neft artımı < hədd),2,5.312,,,,,6,
npl,Bank aktivlərinin keyfiyyəti (NPL payı),ru:nonoil_g,Qeyri-neft ÜDM real artımı,2027,f.b.,0,0,,,,,,,,,,,,,False,"sərhəd kəsilməsi k=-3,-2,-1",Growth-at-Risk həddi (qeyri-neft artımı < hədd),2,5.43,,,,,6,
npl,Bank aktivlərinin keyfiyyəti (NPL payı),ru:nonoil_g,Qeyri-neft ÜDM real artımı,2028,f.b.,0,0,,,,,,,,,,,,,False,"sərhəd kəsilməsi k=-3,-2,-1",Growth-at-Risk həddi (qeyri-neft artımı < hədd),2,5.603,,,,,6,
npl,Bank aktivlərinin keyfiyyəti (NPL payı),ru:nonoil_g,Qeyri-neft ÜDM real artımı,2029,f.b.,0,0,,,,,,,,,,,,,False,"sərhəd kəsilməsi k=-3,-2,-1",Growth-at-Risk həddi (qeyri-neft artımı < hədd),2,5.632,,,,,6,
npl,Bank aktivlərinin keyfiyyəti (NPL payı),ru:nonoil_g,Qeyri-neft ÜDM real artımı,2030,f.b.,0,0,,,,,,,,,,,,,False,"sərhəd kəsilməsi k=-3,-2,-1",Growth-at-Risk həddi (qeyri-neft artımı < hədd),2,5.727,,,,,6,
npl,Bank aktivlərinin keyfiyyəti (NPL payı),ru:nonoil_lvl,Qeyri-neft real ÜDM səviyyəsi,2026,% (baza ilə fərq),0,0,,,,,,,,,,,,,False,"sərhəd kəsilməsi k=-3,-2,-1",,,,,,,,10,
npl,Bank aktivlərinin keyfiyyəti (NPL payı),ru:nonoil_lvl,Qeyri-neft real ÜDM səviyyəsi,2027,% (baza ilə fərq),0,0,,,,,,,,,,,,,False,"sərhəd kəsilməsi k=-3,-2,-1",,,,,,,,10,
npl,Bank aktivlərinin keyfiyyəti (NPL payı),ru:nonoil_lvl,Qeyri-neft real ÜDM səviyyəsi,2028,% (baza ilə fərq),0,0,,,,,,,,,,,,,False,"sərhəd kəsilməsi k=-3,-2,-1",,,,,,,,10,
npl,Bank aktivlərinin keyfiyyəti (NPL payı),ru:nonoil_lvl,Qeyri-neft real ÜDM səviyyəsi,2029,% (baza ilə fərq),0,0,,,,,,,,,,,,,False,"sərhəd kəsilməsi k=-3,-2,-1",,,,,,,,10,
npl,Bank aktivlərinin keyfiyyəti (NPL payı),ru:nonoil_lvl,Qeyri-neft real ÜDM səviyyəsi,2030,% (baza ilə fərq),0,0,,,,,,,,,,,,,False,"sərhəd kəsilməsi k=-3,-2,-1",,,,,,,,10,
npl,Bank aktivlərinin keyfiyyəti (NPL payı),ru:tb_gdp,Mal ticarəti balansı (cari hesab proksisi),2026,% ÜDM (f.b.),0,0,,,,,,,,,,,,,False,"sərhəd kəsilməsi k=-3,-2,-1",Mal ticarəti balansı < 0 (kəsir),0,9.03884,,,,,15,
npl,Bank aktivlərinin keyfiyyəti (NPL payı),ru:tb_gdp,Mal ticarəti balansı (cari hesab proksisi),2027,% ÜDM (f.b.),0,0,,,,,,,,,,,,,False,"sərhəd kəsilməsi k=-3,-2,-1",Mal ticarəti balansı < 0 (kəsir),0,6.55075,,,,,15,
npl,Bank aktivlərinin keyfiyyəti (NPL payı),ru:tb_gdp,Mal ticarəti balansı (cari hesab proksisi),2028,% ÜDM (f.b.),0,0,,,,,,,,,,,,,False,"sərhəd kəsilməsi k=-3,-2,-1",Mal ticarəti balansı < 0 (kəsir),0,4.31464,,,,,15,
npl,Bank aktivlərinin keyfiyyəti (NPL payı),ru:tb_gdp,Mal ticarəti balansı (cari hesab proksisi),2029,% ÜDM (f.b.),0,0,,,,,,,,,,,,,False,"sərhəd kəsilməsi k=-3,-2,-1",Mal ticarəti balansı < 0 (kəsir),0,3.69245,,,,,15,
npl,Bank aktivlərinin keyfiyyəti (NPL payı),ru:tb_gdp,Mal ticarəti balansı (cari hesab proksisi),2030,% ÜDM (f.b.),0,0,,,,,,,,,,,,,False,"sərhəd kəsilməsi k=-3,-2,-1",Mal ticarəti balansı < 0 (kəsir),0,2.75209,,,,,15,
partner,Tərəfdaş ölkələrin artımı (xarici tələb),fr10:ind_output,"Sənaye buraxılışı, cəmi (30 sahə)",2026,mln manat,0,0,,,,,,,,,,,,,False,,,,,,,,,,
partner,Tərəfdaş ölkələrin artımı (xarici tələb),fr10:ind_output,"Sənaye buraxılışı, cəmi (30 sahə)",2027,mln manat,-734.677,735.072,1.00027,0.000134263,1.00054,0.000268471,1.00107,0.000536493,1.00161,0.000803616,0.000279582,-0.000256469,0.000566078,-0.000504245,False,,,,,,,,,,
partner,Tərəfdaş ölkələrin artımı (xarici tələb),fr10:ind_output,"Sənaye buraxılışı, cəmi (30 sahə)",2028,mln manat,-816.486,816.943,1.00028,0.000140017,1.00056,0.000279978,1.00112,0.000559509,1.00168,0.000838145,0.000290911,-0.000268158,0.000588627,-0.000527743,False,,,,,,,,,,
partner,Tərəfdaş ölkələrin artımı (xarici tələb),fr10:ind_output,"Sənaye buraxılışı, cəmi (30 sahə)",2029,mln manat,-910.326,910.859,1.00029,0.000146355,1.00059,0.000292655,1.00117,0.000584867,1.00175,0.000876189,0.0003034,-0.00028103,0.000613488,-0.000553616,False,,,,,,,,,,
partner,Tərəfdaş ölkələrin artımı (xarici tələb),fr10:ind_output,"Sənaye buraxılışı, cəmi (30 sahə)",2030,mln manat,-1010.2,1010.83,1.00031,0.000156798,1.00063,0.00031354,1.00125,0.000626641,1.00188,0.000938861,0.000323994,-0.000302215,0.000654495,-0.000596182,False,,,,,,,,,,
partner,Tərəfdaş ölkələrin artımı (xarici tələb),fr12:act:N:ALL,Qeydiyyatdakı vahidlər (ehtiyat): Bütün sahələr,2026,vahid,0,0,,,,,,,,,,,,,False,,,,,,,,,,
partner,Tərəfdaş ölkələrin artımı (xarici tələb),fr12:act:N:ALL,Qeydiyyatdakı vahidlər (ehtiyat): Bütün sahələr,2027,vahid,-17.3376,17.2434,0.99728,-0.00136195,0.994567,-0.00272399,0.989162,-0.0054487,0.983783,-0.00817486,-0.0026834,0.00276633,-0.00533602,0.00556724,False,,,,,,,,,,
partner,Tərəfdaş ölkələrin artımı (xarici tələb),fr12:act:N:ALL,Qeydiyyatdakı vahidlər (ehtiyat): Bütün sahələr,2028,vahid,-17.5449,17.4461,0.99718,-0.00141219,0.994367,-0.00282447,0.988764,-0.00564969,0.98319,-0.00847643,-0.00278147,0.00286932,-0.00553024,0.00577535,False,,,,,,,,,,
partner,Tərəfdaş ölkələrin artımı (xarici tələb),fr12:act:N:ALL,Qeydiyyatdakı vahidlər (ehtiyat): Bütün sahələr,2029,vahid,-17.6473,17.5459,0.997123,-0.00144064,0.994254,-0.00288137,0.988539,-0.00576351,0.982854,-0.0086472,-0.00283714,0.0029275,-0.00564059,0.00589281,False,,,,,,,,,,
partner,Tərəfdaş ölkələrin artımı (xarici tələb),fr12:act:N:ALL,Qeydiyyatdakı vahidlər (ehtiyat): Bütün sahələr,2030,vahid,-17.9137,17.8074,0.997029,-0.00148764,0.994067,-0.00297537,0.988167,-0.00595155,0.982299,-0.00892933,-0.00292894,0.0030238,-0.00582242,0.0060874,False,,,,,,,,,,
partner,Tərəfdaş ölkələrin artımı (xarici tələb),fr12:ew:score:CON,Erkən xəbərdarlıq balı (0–1): Tikinti,2026,bal (0–1),0,0,,,,,,,,,,,,,False,,,,,,,,,,
partner,Tərəfdaş ölkələrin artımı (xarici tələb),fr12:ew:score:CON,Erkən xəbərdarlıq balı (0–1): Tikinti,2027,bal (0–1),0,0,,,,,,,,,,,,,False,,,,,,,,,,
partner,Tərəfdaş ölkələrin artımı (xarici tələb),fr12:ew:score:CON,Erkən xəbərdarlıq balı (0–1): Tikinti,2028,bal (0–1),0,0,,,,,,,,,,,,,False,,,,,,,,,,
partner,Tərəfdaş ölkələrin artımı (xarici tələb),fr12:ew:score:CON,Erkən xəbərdarlıq balı (0–1): Tikinti,2029,bal (0–1),0,0,,,,,,,,,,,,,False,,,,,,,,,,
partner,Tərəfdaş ölkələrin artımı (xarici tələb),fr12:ew:score:CON,Erkən xəbərdarlıq balı (0–1): Tikinti,2030,bal (0–1),0,0,,,,,,,,,,,,,False,,,,,,,,,,
partner,Tərəfdaş ölkələrin artımı (xarici tələb),fr12:ew:score:TRD,Erkən xəbərdarlıq balı (0–1): Ticarət,2026,bal (0–1),0,0,,,,,,,,,,,,,False,,,,,,,,,,
partner,Tərəfdaş ölkələrin artımı (xarici tələb),fr12:ew:score:TRD,Erkən xəbərdarlıq balı (0–1): Ticarət,2027,bal (0–1),0,0,,,,,,,,,,,,,False,,,,,,,,,,
partner,Tərəfdaş ölkələrin artımı (xarici tələb),fr12:ew:score:TRD,Erkən xəbərdarlıq balı (0–1): Ticarət,2028,bal (0–1),0,0,,,,,,,,,,,,,False,,,,,,,,,,
partner,Tərəfdaş ölkələrin artımı (xarici tələb),fr12:ew:score:TRD,Erkən xəbərdarlıq balı (0–1): Ticarət,2029,bal (0–1),0,0,,,,,,,,,,,,,False,,,,,,,,,,
partner,Tərəfdaş ölkələrin artımı (xarici tələb),fr12:ew:score:TRD,Erkən xəbərdarlıq balı (0–1): Ticarət,2030,bal (0–1),0,0,,,,,,,,,,,,,False,,,,,,,,,,
partner,Tərəfdaş ölkələrin artımı (xarici tələb),fr1:balance_n,Büdcə balansı,2026,"mln AZN, cari qiymətlər",0,0,,,,,,,,,,,,,False,,,,,,,,,,
partner,Tərəfdaş ölkələrin artımı (xarici tələb),fr1:balance_n,Büdcə balansı,2027,"mln AZN, cari qiymətlər",-47.8226,47.9285,1.00111,0.000553309,1.00222,0.00110658,1.00444,0.00221289,1.00666,0.00331863,0.0011051,-0.00110751,0.00220971,-0.0022144,False,,,,,,,,,,
partner,Tərəfdaş ölkələrin artımı (xarici tələb),fr1:balance_n,Büdcə balansı,2028,"mln AZN, cari qiymətlər",-57.863,57.9764,1.00098,0.00048943,1.00196,0.000978822,1.00392,0.00195734,1.00589,0.00293525,0.000979135,-0.000977904,0.00195876,-0.00195411,False,,,,,,,,,,
partner,Tərəfdaş ölkələrin artımı (xarici tələb),fr1:balance_n,Büdcə balansı,2029,"mln AZN, cari qiymətlər",-69.2477,69.3732,1.00091,0.000452721,1.00181,0.000905402,1.00363,0.00181049,1.00544,0.00271493,0.000906737,-0.000903438,0.00181453,-0.00180456,False,,,,,,,,,,
partner,Tərəfdaş ölkələrin artımı (xarici tələb),fr1:balance_n,Büdcə balansı,2030,"mln AZN, cari qiymətlər",-82.0232,82.1642,1.00086,0.000429668,1.00172,0.000859295,1.00344,0.00171826,1.00517,0.00257658,0.00086125,-0.000856693,0.00172391,-0.00171068,False,,,,,,,,,,
partner,Tərəfdaş ölkələrin artımı (xarici tələb),fr1:debt_azn,"Dövlət borcu (xarici + daxili, Maliyyə Nazirliyinin anlayışı; dövlət zəmanətli borc daxil deyil)",2026,"mln AZN, cari qiymətlər",0,0,,,,,,,,,,,,,False,,,,,,,,,,
partner,Tərəfdaş ölkələrin artımı (xarici tələb),fr1:debt_azn,"Dövlət borcu (xarici + daxili, Maliyyə Nazirliyinin anlayışı; dövlət zəmanətli borc daxil deyil)",2027,"mln AZN, cari qiymətlər",47.8226,-47.9285,1.00111,-0.000553309,1.00222,-0.00110658,1.00444,-0.00221289,1.00666,-0.00331863,0.0011051,-0.00110751,0.00220971,-0.0022144,False,,,,,,,,,,
partner,Tərəfdaş ölkələrin artımı (xarici tələb),fr1:debt_azn,"Dövlət borcu (xarici + daxili, Maliyyə Nazirliyinin anlayışı; dövlət zəmanətli borc daxil deyil)",2028,"mln AZN, cari qiymətlər",105.686,-105.905,1.00104,-0.000518337,1.00208,-0.00103664,1.00415,-0.00207298,1.00624,-0.00310874,0.00103614,-0.00103655,0.00207233,-0.00207189,False,,,,,,,,,,
partner,Tərəfdaş ölkələrin artımı (xarici tələb),fr1:debt_azn,"Dövlət borcu (xarici + daxili, Maliyyə Nazirliyinin anlayışı; dövlət zəmanətli borc daxil deyil)",2029,"mln AZN, cari qiymətlər",174.933,-175.278,1.00099,-0.000492365,1.00197,-0.000984692,1.00395,-0.00196908,1.00592,-0.00295286,0.000984926,-0.000983857,0.0019703,-0.00196606,False,,,,,,,,,,
partner,Tərəfdaş ölkələrin artımı (xarici tələb),fr1:debt_azn,"Dövlət borcu (xarici + daxili, Maliyyə Nazirliyinin anlayışı; dövlət zəmanətli borc daxil deyil)",2030,"mln AZN, cari qiymətlər",256.956,-257.442,1.00095,-0.000472353,1.00189,-0.000944667,1.00379,-0.00188902,1.00568,-0.00283276,0.000945454,-0.000943265,0.00189166,-0.00188454,False,,,,,,,,,,
partner,Tərəfdaş ölkələrin artımı (xarici tələb),fr1:emp,Məşğul əhali,2026,min nəfər,0,0,,,,,,,,,,,,,False,,,,,,,,,,
partner,Tərəfdaş ölkələrin artımı (xarici tələb),fr1:emp,Məşğul əhali,2027,min nəfər,-0.644797,0.641472,0.997418,-0.00129245,0.994843,-0.00258498,0.989712,-0.00517062,0.984604,-0.00775758,-0.00254901,0.00262253,-0.00507067,0.0052758,False,,,,,,,,,,
partner,Tərəfdaş ölkələrin artımı (xarici tələb),fr1:emp,Məşğul əhali,2028,min nəfər,-0.661202,0.657751,0.997387,-0.00130814,0.994781,-0.00261637,0.989588,-0.0052334,0.984419,-0.00785176,-0.00257986,0.00265447,-0.00513191,0.00534018,False,,,,,,,,,,
partner,Tərəfdaş ölkələrin artımı (xarici tələb),fr1:emp,Məşğul əhali,2029,min nəfər,-0.67968,0.676084,0.997351,-0.00132606,0.99471,-0.0026522,0.989446,-0.00530506,0.984207,-0.00795926,-0.00261506,0.00269094,-0.00520179,0.00541369,False,,,,,,,,,,
partner,Tərəfdaş ölkələrin artımı (xarici tələb),fr1:emp,Məşğul əhali,2030,min nəfər,-0.701729,0.697956,0.997308,-0.0013478,0.994623,-0.00269569,0.989274,-0.00539206,0.98395,-0.00808978,-0.00265781,0.00273521,-0.00528666,0.00550292,False,,,,,,,,,,
partner,Tərəfdaş ölkələrin artımı (xarici tələb),fr1:gdp_n,Nominal ÜDM,2026,"mln AZN, cari qiymətlər",0,0,,,,,,,,,,,,,False,,,,,,,,,,
partner,Tərəfdaş ölkələrin artımı (xarici tələb),fr1:gdp_n,Nominal ÜDM,2027,"mln AZN, cari qiymətlər",-566.478,566.132,0.999695,-0.000152744,0.999389,-0.000305552,0.998777,-0.000611624,0.998164,-0.000918736,-0.000288049,0.000324105,-0.000565018,0.000661409,False,,,,,,,,,,
partner,Tərəfdaş ölkələrin artımı (xarici tələb),fr1:gdp_n,Nominal ÜDM,2028,"mln AZN, cari qiymətlər",-636.858,636.479,0.999703,-0.000148738,0.999405,-0.00029754,0.99881,-0.0005956,0.998212,-0.0008947,-0.000280029,0.000316103,-0.000548968,0.000645409,False,,,,,,,,,,
partner,Tərəfdaş ölkələrin artımı (xarici tələb),fr1:gdp_n,Nominal ÜDM,2029,"mln AZN, cari qiymətlər",-719.202,718.789,0.999712,-0.000143796,0.999425,-0.000287657,0.998849,-0.000575831,0.998271,-0.000865046,-0.000270131,0.000306229,-0.000529174,0.000625661,False,,,,,,,,,,
partner,Tərəfdaş ölkələrin artımı (xarici tələb),fr1:gdp_n,Nominal ÜDM,2030,"mln AZN, cari qiymətlər",-809.361,808.919,0.999727,-0.000136506,0.999454,-0.000273077,0.998907,-0.000546674,0.998359,-0.00082131,-0.000255579,0.000291624,-0.000500091,0.000596427,False,,,,,,,,,,
partner,Tərəfdaş ölkələrin artımı (xarici tələb),fr1:infl,İnflyasiya (İQİ),2026,%,0,0,,,,,,,,,,,,,False,,,,,,,,,,
partner,Tərəfdaş ölkələrin artımı (xarici tələb),fr1:infl,İnflyasiya (İQİ),2027,%,-0.127066,0.126356,0.997206,-0.00139915,0.994419,-0.00279839,0.988867,-0.00559745,0.983344,-0.00839787,-0.00275972,0.00283871,-0.00548961,0.00571085,False,,,,,,,,,,
partner,Tərəfdaş ölkələrin artımı (xarici tələb),fr1:infl,İnflyasiya (İQİ),2028,%,-0.0023821,0.00236111,0.995585,-0.00221263,0.991188,-0.00442534,0.982452,-0.00885161,0.973789,-0.0132793,-0.0043616,0.00449185,-0.00866881,0.00904342,False,,,,,,,,,,
partner,Tərəfdaş ölkələrin artımı (xarici tələb),fr1:infl,İnflyasiya (İQİ),2029,%,-0.00273437,0.00270994,0.995523,-0.00224339,0.991066,-0.00448693,0.982211,-0.00897447,0.973431,-0.0134636,-0.0044211,0.00455494,-0.0087873,0.00917059,False,,,,,,,,,,
partner,Tərəfdaş ölkələrin artımı (xarici tələb),fr1:infl,İnflyasiya (İQİ),2030,%,-0.00341048,0.00337975,0.995485,-0.0022625,0.99099,-0.00452515,0.98206,-0.00905117,0.973206,-0.0135788,-0.0044594,0.00459362,-0.00886314,0.00924868,False,,,,,,,,,,
partner,Tərəfdaş ölkələrin artımı (xarici tələb),fr1:lendrate,Kreditlər üzrə orta faiz dərəcəsi,2026,%,0,0,,,,,,,,,,,,,False,,,,,,,,,,
partner,Tərəfdaş ölkələrin artımı (xarici tələb),fr1:lendrate,Kreditlər üzrə orta faiz dərəcəsi,2027,%,0,0,,,,,,,,,,,,,False,,,,,,,,,,
partner,Tərəfdaş ölkələrin artımı (xarici tələb),fr1:lendrate,Kreditlər üzrə orta faiz dərəcəsi,2028,%,0,0,,,,,,,,,,,,,False,,,,,,,,,,
partner,Tərəfdaş ölkələrin artımı (xarici tələb),fr1:lendrate,Kreditlər üzrə orta faiz dərəcəsi,2029,%,0,0,,,,,,,,,,,,,False,,,,,,,,,,
partner,Tərəfdaş ölkələrin artımı (xarici tələb),fr1:lendrate,Kreditlər üzrə orta faiz dərəcəsi,2030,%,0,0,,,,,,,,,,,,,False,,,,,,,,,,
partner,Tərəfdaş ölkələrin artımı (xarici tələb),fr1:nobd_pct,"Qeyri-neft büdcə balansı, qeyri-neft ÜDM-ə nisbətən",2026,%,0,0,,,,,,,,,,,,,False,,,,,,,,,,
partner,Tərəfdaş ölkələrin artımı (xarici tələb),fr1:nobd_pct,"Qeyri-neft büdcə balansı, qeyri-neft ÜDM-ə nisbətən",2027,%,-0.1201,0.118945,0.995181,-0.00241551,0.990384,-0.0048311,0.980859,-0.0096629,0.971422,-0.0144961,-0.0047665,0.00489818,-0.00947628,0.00985879,False,,,,,,,,,,
partner,Tərəfdaş ölkələrin artımı (xarici tələb),fr1:nobd_pct,"Qeyri-neft büdcə balansı, qeyri-neft ÜDM-ə nisbətən",2028,%,-0.115987,0.114863,0.995142,-0.00243499,0.990307,-0.00487006,0.980706,-0.00974083,0.971195,-0.014613,-0.00480472,0.00493793,-0.00955197,0.00993909,False,,,,,,,,,,
partner,Tərəfdaş ölkələrin artımı (xarici tələb),fr1:nobd_pct,"Qeyri-neft büdcə balansı, qeyri-neft ÜDM-ə nisbətən",2029,%,-0.114206,0.113085,0.995082,-0.0024649,0.990189,-0.00492989,0.980472,-0.00986048,0.970846,-0.0147925,-0.00486334,0.004999,-0.00966808,0.0100625,False,,,,,,,,,,
partner,Tərəfdaş ölkələrin artımı (xarici tələb),fr1:nobd_pct,"Qeyri-neft büdcə balansı, qeyri-neft ÜDM-ə nisbətən",2030,%,-0.112855,0.111731,0.995009,-0.00250177,0.990043,-0.00500363,0.980182,-0.010008,0.970417,-0.0150138,-0.00493562,0.00507426,-0.00981123,0.0102146,False,,,,,,,,,,
partner,Tərəfdaş ölkələrin artımı (xarici tələb),fr1:rcons,Real istehlak (istehlak bazarı),2026,"mln AZN, 2015 qiymətləri",0,0,,,,,,,,,,,,,False,,,,,,,,,,
partner,Tərəfdaş ölkələrin artımı (xarici tələb),fr1:rcons,Real istehlak (istehlak bazarı),2027,"mln AZN, 2015 qiymətləri",-169.241,168.969,0.999197,-0.000401898,0.998394,-0.000803866,0.996789,-0.00160828,0.995184,-0.00241381,-0.000783137,0.000825735,-0.00155275,0.00166733,False,,,,,,,,,,
partner,Tərəfdaş ölkələrin artımı (xarici tələb),fr1:rcons,Real istehlak (istehlak bazarı),2028,"mln AZN, 2015 qiymətləri",-177.92,177.635,0.999197,-0.000401674,0.998394,-0.000803416,0.99679,-0.00160739,0.995187,-0.00241247,-0.000782587,0.000825392,-0.00155157,0.00166672,False,,,,,,,,,,
partner,Tərəfdaş ölkələrin artımı (xarici tələb),fr1:rcons,Real istehlak (istehlak bazarı),2029,"mln AZN, 2015 qiymətləri",-189.081,188.778,0.999198,-0.000401309,0.998396,-0.000802688,0.996793,-0.00160593,0.995191,-0.00241028,-0.000781733,0.000824786,-0.00154979,0.00166558,False,,,,,,,,,,
partner,Tərəfdaş ölkələrin artımı (xarici tələb),fr1:rcons,Real istehlak (istehlak bazarı),2030,"mln AZN, 2015 qiymətləri",-201.394,201.072,0.9992,-0.000400254,0.9984,-0.00080058,0.996802,-0.00160172,0.995204,-0.00240397,-0.000779512,0.0008228,-0.00154528,0.00166169,False,,,,,,,,,,
partner,Tərəfdaş ölkələrin artımı (xarici tələb),fr1:rcred_tot,Kreditlər (real),2026,"mln AZN, 2015 qiymətləri",0,0,,,,,,,,,,,,,False,,,,,,,,,,
partner,Tərəfdaş ölkələrin artımı (xarici tələb),fr1:rcred_tot,Kreditlər (real),2027,"mln AZN, 2015 qiymətləri",-37.0765,36.9651,0.998497,-0.000751817,0.996997,-0.00150371,0.994002,-0.00300801,0.991014,-0.00451351,-0.00147775,0.00153095,-0.00293753,0.00308256,False,,,,,,,,,,
partner,Tərəfdaş ölkələrin artımı (xarici tələb),fr1:rcred_tot,Kreditlər (real),2028,"mln AZN, 2015 qiymətləri",-39.2158,39.0971,0.998486,-0.00075757,0.996974,-0.00151521,0.993956,-0.00303103,0.990945,-0.00454805,-0.00148902,0.00154271,-0.00295989,0.00310627,False,,,,,,,,,,
partner,Tərəfdaş ölkələrin artımı (xarici tələb),fr1:rcred_tot,Kreditlər (real),2029,"mln AZN, 2015 qiymətləri",-41.2225,41.0966,0.998473,-0.000764076,0.996948,-0.00152823,0.993905,-0.00305706,0.990868,-0.0045871,-0.00150175,0.00155601,-0.00298515,0.00313308,False,,,,,,,,,,
partner,Tərəfdaş ölkələrin artımı (xarici tələb),fr1:rcred_tot,Kreditlər (real),2030,"mln AZN, 2015 qiymətləri",-43.3891,43.2554,0.998458,-0.000771602,0.996918,-0.00154328,0.993845,-0.00308717,0.990778,-0.00463227,-0.00151649,0.00157138,-0.0030144,0.00316409,False,,,,,,,,,,
partner,Tərəfdaş ölkələrin artımı (xarici tələb),fr1:rev_oil_n,Neft-qaz büdcə gəlirləri,2026,"mln AZN, cari qiymətlər",0,0,,,,,,,,,,,,,False,,,,,,,,,,
partner,Tərəfdaş ölkələrin artımı (xarici tələb),fr1:rev_oil_n,Neft-qaz büdcə gəlirləri,2027,"mln AZN, cari qiymətlər",0,0,,,,,,,,,,,,,False,,,,,,,,,,
partner,Tərəfdaş ölkələrin artımı (xarici tələb),fr1:rev_oil_n,Neft-qaz büdcə gəlirləri,2028,"mln AZN, cari qiymətlər",0,0,,,,,,,,,,,,,False,,,,,,,,,,
partner,Tərəfdaş ölkələrin artımı (xarici tələb),fr1:rev_oil_n,Neft-qaz büdcə gəlirləri,2029,"mln AZN, cari qiymətlər",0,0,,,,,,,,,,,,,False,,,,,,,,,,
partner,Tərəfdaş ölkələrin artımı (xarici tələb),fr1:rev_oil_n,Neft-qaz büdcə gəlirləri,2030,"mln AZN, cari qiymətlər",0,0,,,,,,,,,,,,,False,,,,,,,,,,
partner,Tərəfdaş ölkələrin artımı (xarici tələb),fr1:rev_tot_n,Büdcə gəlirləri,2026,"mln AZN, cari qiymətlər",0,0,,,,,,,,,,,,,False,,,,,,,,,,
partner,Tərəfdaş ölkələrin artımı (xarici tələb),fr1:rev_tot_n,Büdcə gəlirləri,2027,"mln AZN, cari qiymətlər",-162.507,162.752,1.00075,0.000375749,1.0015,0.000751442,1.00301,0.00150242,1.00452,0.00225248,0.000763992,-0.000737993,0.00153619,-0.00146601,False,,,,,,,,,,
partner,Tərəfdaş ölkələrin artımı (xarici tələb),fr1:rev_tot_n,Büdcə gəlirləri,2028,"mln AZN, cari qiymətlər",-184.444,184.734,1.00079,0.000392958,1.00157,0.000785858,1.00315,0.00157126,1.00472,0.00235574,0.000798246,-0.000772574,0.00160463,-0.00153524,False,,,,,,,,,,
partner,Tərəfdaş ölkələrin artımı (xarici tələb),fr1:rev_tot_n,Büdcə gəlirləri,2029,"mln AZN, cari qiymətlər",-211.678,212.026,1.00082,0.00041072,1.00164,0.000821383,1.00329,0.00164231,1.00494,0.00246233,0.000833628,-0.000808252,0.00167534,-0.00160667,False,,,,,,,,,,
partner,Tərəfdaş ölkələrin artımı (xarici tələb),fr1:rev_tot_n,Büdcə gəlirləri,2030,"mln AZN, cari qiymətlər",-242.1,242.518,1.00086,0.000431991,1.00173,0.000863923,1.00346,0.00172739,1.00519,0.00258995,0.000875983,-0.00085098,0.00175998,-0.00169221,False,,,,,,,,,,
partner,Tərəfdaş ölkələrin artımı (xarici tələb),fr1:rgdp,Real ÜDM,2026,"mln AZN, 2015 qiymətləri",0,0,,,,,,,,,,,,,False,,,,,,,,,,
partner,Tərəfdaş ölkələrin artımı (xarici tələb),fr1:rgdp,Real ÜDM,2027,"mln AZN, 2015 qiymətləri",-185.151,184.856,0.999202,-0.000399142,0.998405,-0.000798353,0.996811,-0.00159726,0.995217,-0.00239727,-0.000777672,0.000820175,-0.00154185,0.00165617,False,,,,,,,,,,
partner,Tərəfdaş ölkələrin artımı (xarici tələb),fr1:rgdp,Real ÜDM,2028,"mln AZN, 2015 qiymətləri",-197.844,197.527,0.999197,-0.000401542,0.998395,-0.000803153,0.996791,-0.00160686,0.995188,-0.00241167,-0.000782373,0.000825076,-0.00155118,0.00166605,False,,,,,,,,,,
partner,Tərəfdaş ölkələrin artımı (xarici tələb),fr1:rgdp,Real ÜDM,2029,"mln AZN, 2015 qiymətləri",-211.708,211.37,0.999202,-0.00039935,0.998404,-0.000798769,0.996809,-0.00159809,0.995214,-0.00239852,-0.00077795,0.000820727,-0.00154232,0.00165737,False,,,,,,,,,,
partner,Tərəfdaş ölkələrin artımı (xarici tələb),fr1:rgdp,Real ÜDM,2030,"mln AZN, 2015 qiymətləri",-226.894,226.533,0.999203,-0.000398562,0.998407,-0.000797194,0.996815,-0.00159494,0.995224,-0.0023938,-0.000776309,0.000819224,-0.00153899,0.00165441,False,,,,,,,,,,
partner,Tərəfdaş ölkələrin artımı (xarici tələb),fr1:rgdpnon,Real qeyri-neft ÜDM,2026,"mln AZN, 2015 qiymətləri",0,0,,,,,,,,,,,,,False,,,,,,,,,,
partner,Tərəfdaş ölkələrin artımı (xarici tələb),fr1:rgdpnon,Real qeyri-neft ÜDM,2027,"mln AZN, 2015 qiymətləri",-200.653,200.333,0.999202,-0.000399142,0.998405,-0.000798353,0.996811,-0.00159726,0.995217,-0.00239727,-0.000777672,0.000820175,-0.00154185,0.00165617,False,,,,,,,,,,
partner,Tərəfdaş ölkələrin artımı (xarici tələb),fr1:rgdpnon,Real qeyri-neft ÜDM,2028,"mln AZN, 2015 qiymətləri",-213.58,213.24,0.999204,-0.000398151,0.998409,-0.000796371,0.996818,-0.00159329,0.995229,-0.00239133,-0.000775607,0.000818278,-0.00153767,0.00165243,False,,,,,,,,,,
partner,Tərəfdaş ölkələrin artımı (xarici tələb),fr1:rgdpnon,Real qeyri-neft ÜDM,2029,"mln AZN, 2015 qiymətləri",-228.695,228.332,0.999206,-0.000396923,0.998413,-0.000793916,0.996828,-0.00158838,0.995243,-0.00238396,-0.000773052,0.000815922,-0.0015325,0.00164778,False,,,,,,,,,,
partner,Tərəfdaş ölkələrin artımı (xarici tələb),fr1:rgdpnon,Real qeyri-neft ÜDM,2030,"mln AZN, 2015 qiymətləri",-244.694,244.308,0.999211,-0.000394816,0.998422,-0.000789704,0.996845,-0.00157996,0.995269,-0.00237133,-0.000768752,0.000811801,-0.00152385,0.0016396,False,,,,,,,,,,
partner,Tərəfdaş ölkələrin artımı (xarici tələb),fr1:rhhdisp,Ev təsərrüfatlarının real sərəncamda qalan gəliri,2026,"mln AZN, 2015 qiymətləri",0,0,,,,,,,,,,,,,False,,,,,,,,,,
partner,Tərəfdaş ölkələrin artımı (xarici tələb),fr1:rhhdisp,Ev təsərrüfatlarının real sərəncamda qalan gəliri,2027,"mln AZN, 2015 qiymətləri",-136.745,136.47,0.998995,-0.000502778,0.997991,-0.00100563,0.995984,-0.00201182,0.99398,-0.00301914,-0.0009835,0.00102893,-0.00195233,0.00207496,False,,,,,,,,,,
partner,Tərəfdaş ölkələrin artımı (xarici tələb),fr1:rhhdisp,Ev təsərrüfatlarının real sərəncamda qalan gəliri,2028,"mln AZN, 2015 qiymətləri",-144.523,144.232,0.998992,-0.000504462,0.997984,-0.001009,0.995971,-0.00201856,0.99396,-0.00302926,-0.000986727,0.00103245,-0.00195868,0.0020821,False,,,,,,,,,,
partner,Tərəfdaş ölkələrin artımı (xarici tələb),fr1:rhhdisp,Ev təsərrüfatlarının real sərəncamda qalan gəliri,2029,"mln AZN, 2015 qiymətləri",-153.648,153.337,0.998988,-0.000506287,0.997977,-0.00101265,0.995956,-0.00202586,0.993938,-0.00304021,-0.000990205,0.00103627,-0.00196553,0.00208987,False,,,,,,,,,,
partner,Tərəfdaş ölkələrin artımı (xarici tələb),fr1:rhhdisp,Ev təsərrüfatlarının real sərəncamda qalan gəliri,2030,"mln AZN, 2015 qiymətləri",-163.375,163.044,0.998985,-0.00050796,0.99797,-0.00101599,0.995943,-0.00203256,0.993918,-0.00305027,-0.00099338,0.0010398,-0.00197176,0.00209706,False,,,,,,,,,,
partner,Tərəfdaş ölkələrin artımı (xarici tələb),fr1:rinv_state,Dövlət investisiyaları (real),2026,"mln AZN, 2015 qiymətləri",0,0,,,,,,,,,,,,,False,,,,,,,,,,
partner,Tərəfdaş ölkələrin artımı (xarici tələb),fr1:rinv_state,Dövlət investisiyaları (real),2027,"mln AZN, 2015 qiymətləri",7.3511,-7.31077,0.997253,0.00137538,0.994513,0.00275084,0.989056,0.00550231,0.983625,0.00825502,-0.00271644,0.00278676,-0.00540596,0.00560373,False,,,,,,,,,,
partner,Tərəfdaş ölkələrin artımı (xarici tələb),fr1:rinv_state,Dövlət investisiyaları (real),2028,"mln AZN, 2015 qiymətləri",7.85246,-7.80717,0.997112,0.00144589,0.994233,0.00289185,0.988498,0.00578434,0.982793,0.0086781,-0.00285528,0.00293001,-0.00568169,0.00589232,False,,,,,,,,,,
partner,Tərəfdaş ölkələrin artımı (xarici tələb),fr1:rinv_state,Dövlət investisiyaları (real),2029,"mln AZN, 2015 qiymətləri",8.25927,-8.20996,0.997011,0.00149695,0.99403,0.00299398,0.988094,0.00598862,0.982191,0.00898455,-0.00295576,0.00303385,-0.00588121,0.00610156,False,,,,,,,,,,
partner,Tərəfdaş ölkələrin artımı (xarici tələb),fr1:rinv_state,Dövlət investisiyaları (real),2030,"mln AZN, 2015 qiymətləri",8.61644,-8.56363,0.996931,0.00153695,0.993871,0.00307399,0.987778,0.00614863,0.981719,0.00922458,-0.00303442,0.00311523,-0.00603733,0.00626561,False,,,,,,,,,,
partner,Tərəfdaş ölkələrin artımı (xarici tələb),fr1:rinv_tot,Əsas kapitala investisiyalar (real),2026,"mln AZN, 2015 qiymətləri",0,0,,,,,,,,,,,,,False,,,,,,,,,,
partner,Tərəfdaş ölkələrin artımı (xarici tələb),fr1:rinv_tot,Əsas kapitala investisiyalar (real),2027,"mln AZN, 2015 qiymətləri",1.63225,-1.63059,0.999492,0.000254087,0.998984,0.000508194,0.997969,0.00101654,0.996954,0.0015252,-0.000514207,0.000502473,-0.00103241,0.00100157,False,,,,,,,,,,
partner,Tərəfdaş ölkələrin artımı (xarici tələb),fr1:rinv_tot,Əsas kapitala investisiyalar (real),2028,"mln AZN, 2015 qiymətləri",2.01682,-2.0118,0.998753,0.000623975,0.997507,0.00124799,0.99502,0.00249632,0.992537,0.00374533,-0.00124046,0.00125623,-0.00247529,0.00251953,False,,,,,,,,,,
partner,Tərəfdaş ölkələrin artımı (xarici tələb),fr1:rinv_tot,Əsas kapitala investisiyalar (real),2029,"mln AZN, 2015 qiymətləri",2.26014,-2.25296,0.998411,0.00079526,0.996824,0.00159056,0.993657,0.00318155,0.990499,0.00477335,-0.00157713,0.00160491,-0.00314415,0.00322173,False,,,,,,,,,,
partner,Tərəfdaş ölkələrin artımı (xarici tələb),fr1:rinv_tot,Əsas kapitala investisiyalar (real),2030,"mln AZN, 2015 qiymətləri",2.39112,-2.38282,0.998262,0.000869842,0.996527,0.00173971,0.993064,0.00347984,0.989613,0.00522084,-0.00172382,0.00175652,-0.00343564,0.003527,False,,,,,,,,,,
partner,Tərəfdaş ölkələrin artımı (xarici tələb),fr1:rm_non,Qeyri-neft mal idxalı (real),2026,"mln AZN, 2015 qiymətləri",0,0,,,,,,,,,,,,,False,,,,,,,,,,
partner,Tərəfdaş ölkələrin artımı (xarici tələb),fr1:rm_non,Qeyri-neft mal idxalı (real),2027,"mln AZN, 2015 qiymətləri",-46.3969,46.3167,0.999135,-0.000432491,0.998271,-0.000865052,0.996545,-0.00173066,0.994819,-0.00259738,-0.000843816,0.000887442,-0.00167371,0.00179117,False,,,,,,,,,,
partner,Tərəfdaş ölkələrin artımı (xarici tələb),fr1:rm_non,Qeyri-neft mal idxalı (real),2028,"mln AZN, 2015 qiymətləri",-48.1662,48.083,0.999136,-0.000432169,0.998273,-0.000864407,0.996547,-0.00172937,0.994823,-0.00259546,-0.000843063,0.000886911,-0.00167213,0.00179019,False,,,,,,,,,,
partner,Tərəfdaş ölkələrin artımı (xarici tələb),fr1:rm_non,Qeyri-neft mal idxalı (real),2029,"mln AZN, 2015 qiymətləri",-50.5943,50.507,0.999137,-0.000431723,0.998274,-0.000863517,0.996551,-0.00172759,0.994828,-0.00259279,-0.000842042,0.000886147,-0.00167001,0.00178874,False,,,,,,,,,,
partner,Tərəfdaş ölkələrin artımı (xarici tələb),fr1:rm_non,Qeyri-neft mal idxalı (real),2030,"mln AZN, 2015 qiymətləri",-53.3017,53.21,0.999139,-0.000430706,0.998279,-0.000861485,0.996559,-0.00172353,0.99484,-0.00258671,-0.000839893,0.000884243,-0.00166564,0.00178502,False,,,,,,,,,,
partner,Tərəfdaş ölkələrin artımı (xarici tələb),fr1:rva_agr,"Real əlavə dəyər: Kənd, meşə və balıqçılıq",2026,"mln AZN, 2015 qiymətləri",0,0,,,,,,,,,,,,,False,,,,,,,,,,
partner,Tərəfdaş ölkələrin artımı (xarici tələb),fr1:rva_agr,"Real əlavə dəyər: Kənd, meşə və balıqçılıq",2027,"mln AZN, 2015 qiymətləri",0,0,,,,,,,,,,,,,False,,,,,,,,,,
partner,Tərəfdaş ölkələrin artımı (xarici tələb),fr1:rva_agr,"Real əlavə dəyər: Kənd, meşə və balıqçılıq",2028,"mln AZN, 2015 qiymətləri",0,0,,,,,,,,,,,,,False,,,,,,,,,,
partner,Tərəfdaş ölkələrin artımı (xarici tələb),fr1:rva_agr,"Real əlavə dəyər: Kənd, meşə və balıqçılıq",2029,"mln AZN, 2015 qiymətləri",0,0,,,,,,,,,,,,,False,,,,,,,,,,
partner,Tərəfdaş ölkələrin artımı (xarici tələb),fr1:rva_agr,"Real əlavə dəyər: Kənd, meşə və balıqçılıq",2030,"mln AZN, 2015 qiymətləri",0,0,,,,,,,,,,,,,False,,,,,,,,,,
partner,Tərəfdaş ölkələrin artımı (xarici tələb),fr1:rva_con,Real əlavə dəyər: Tikinti,2026,"mln AZN, 2015 qiymətləri",0,0,,,,,,,,,,,,,False,,,,,,,,,,
partner,Tərəfdaş ölkələrin artımı (xarici tələb),fr1:rva_con,Real əlavə dəyər: Tikinti,2027,"mln AZN, 2015 qiymətləri",-1.88922,1.87155,0.995311,-0.00234987,0.990644,-0.00469982,0.981374,-0.0094003,0.972188,-0.0141021,-0.00464135,0.00476058,-0.0092307,0.00957832,False,,,,,,,,,,
partner,Tərəfdaş ölkələrin artımı (xarici tələb),fr1:rva_con,Real əlavə dəyər: Tikinti,2028,"mln AZN, 2015 qiymətləri",-1.97588,1.95692,0.995192,-0.00240974,0.990407,-0.00481955,0.980905,-0.00963976,0.97149,-0.0144613,-0.00475897,0.00488249,-0.00946382,0.00982444,False,,,,,,,,,,
partner,Tərəfdaş ölkələrin artımı (xarici tələb),fr1:rva_con,Real əlavə dəyər: Tikinti,2029,"mln AZN, 2015 qiymətləri",-2.00298,1.98326,0.995064,-0.00247417,0.990152,-0.00494842,0.980399,-0.00989749,0.970739,-0.0148479,-0.0048857,0.00501355,-0.00971512,0.0100889,False,,,,,,,,,,
partner,Tərəfdaş ölkələrin artımı (xarici tələb),fr1:rva_con,Real əlavə dəyər: Tikinti,2030,"mln AZN, 2015 qiymətləri",-2.08812,2.06718,0.994973,-0.0025198,0.989971,-0.00503969,0.980041,-0.01008,0.970207,-0.0151217,-0.00497521,0.00510666,-0.00989241,0.010277,False,,,,,,,,,,
partner,Tərəfdaş ölkələrin artımı (xarici tələb),fr1:rva_man,Real əlavə dəyər: Emal sənayesi,2026,"mln AZN, 2015 qiymətləri",0,0,,,,,,,,,,,,,False,,,,,,,,,,
partner,Tərəfdaş ölkələrin artımı (xarici tələb),fr1:rva_man,Real əlavə dəyər: Emal sənayesi,2027,"mln AZN, 2015 qiymətləri",-144.569,144.378,0.99934,-0.000329938,0.998681,-0.000659941,0.997363,-0.00132041,0.996044,-0.00198195,-0.000641386,0.000679584,-0.00127079,0.00137336,False,,,,,,,,,,
partner,Tərəfdaş ölkələrin artımı (xarici tələb),fr1:rva_man,Real əlavə dəyər: Emal sənayesi,2028,"mln AZN, 2015 qiymətləri",-153.532,153.329,0.999336,-0.000331886,0.998673,-0.000663837,0.997347,-0.00132821,0.996021,-0.00199364,-0.000645271,0.000683491,-0.00127855,0.00138119,False,,,,,,,,,,
partner,Tərəfdaş ölkələrin artımı (xarici tələb),fr1:rva_man,Real əlavə dəyər: Emal sənayesi,2029,"mln AZN, 2015 qiymətləri",-163.872,163.653,0.999331,-0.000334644,0.998662,-0.000669355,0.997325,-0.00133924,0.995988,-0.00201019,-0.000650752,0.000689046,-0.00128949,0.00139232,False,,,,,,,,,,
partner,Tərəfdaş ölkələrin artımı (xarici tələb),fr1:rva_man,Real əlavə dəyər: Emal sənayesi,2030,"mln AZN, 2015 qiymətləri",-174.568,174.334,0.999329,-0.000335476,0.998659,-0.000671019,0.997318,-0.00134257,0.995978,-0.00201518,-0.000652432,0.000690692,-0.00129286,0.00139561,False,,,,,,,,,,
partner,Tərəfdaş ölkələrin artımı (xarici tələb),fr1:rva_trd,Real əlavə dəyər: Ticarət; nəqliyyat vasitələrinin təmiri,2026,"mln AZN, 2015 qiymətləri",0,0,,,,,,,,,,,,,False,,,,,,,,,,
partner,Tərəfdaş ölkələrin artımı (xarici tələb),fr1:rva_trd,Real əlavə dəyər: Ticarət; nəqliyyat vasitələrinin təmiri,2027,"mln AZN, 2015 qiymətləri",-26.3158,26.2699,0.999127,-0.000436659,0.998255,-0.000873387,0.996511,-0.00174733,0.994769,-0.00262239,-0.000852185,0.000895742,-0.00169046,0.00180775,False,,,,,,,,,,
partner,Tərəfdaş ölkələrin artımı (xarici tələb),fr1:rva_trd,Real əlavə dəyər: Ticarət; nəqliyyat vasitələrinin təmiri,2028,"mln AZN, 2015 qiymətləri",-27.6795,27.6311,0.999126,-0.000437083,0.998253,-0.000874235,0.996508,-0.00174903,0.994764,-0.00262494,-0.000852919,0.00089671,-0.00169185,0.00180978,False,,,,,,,,,,
partner,Tərəfdaş ölkələrin artımı (xarici tələb),fr1:rva_trd,Real əlavə dəyər: Ticarət; nəqliyyat vasitələrinin təmiri,2029,"mln AZN, 2015 qiymətləri",-29.3958,29.3444,0.999125,-0.000437462,0.998252,-0.000874996,0.996505,-0.00175055,0.994759,-0.00262722,-0.000853538,0.000897609,-0.001693,0.00181167,False,,,,,,,,,,
partner,Tərəfdaş ölkələrin artımı (xarici tələb),fr1:rva_trd,Real əlavə dəyər: Ticarət; nəqliyyat vasitələrinin təmiri,2030,"mln AZN, 2015 qiymətləri",-31.278,31.2234,0.999126,-0.000437335,0.998252,-0.000874743,0.996506,-0.00175005,0.994761,-0.00262648,-0.000853153,0.000897498,-0.00169214,0.00181154,False,,,,,,,,,,
partner,Tərəfdaş ölkələrin artımı (xarici tələb),fr1:rx_non,Qeyri-neft mal ixracı (real),2026,"mln AZN, 2015 qiymətləri",0,0,,,,,,,,,,,,,False,,,,,,,,,,
partner,Tərəfdaş ölkələrin artımı (xarici tələb),fr1:rx_non,Qeyri-neft mal ixracı (real),2027,"mln AZN, 2015 qiymətləri",-120.103,121.173,1.00445,0.00221771,1.00891,0.00443574,1.01791,0.00887396,1.02699,0.0133172,0.00433879,-0.00453712,0.0086282,-0.00913123,False,,,,,,,,,,
partner,Tərəfdaş ölkələrin artımı (xarici tələb),fr1:rx_non,Qeyri-neft mal ixracı (real),2028,"mln AZN, 2015 qiymətləri",-132.094,133.271,1.00444,0.00221713,1.00891,0.00443458,1.0179,0.00887165,1.02699,0.0133137,0.00433762,-0.00453598,0.00862586,-0.00912895,False,,,,,,,,,,
partner,Tərəfdaş ölkələrin artımı (xarici tələb),fr1:rx_non,Qeyri-neft mal ixracı (real),2029,"mln AZN, 2015 qiymətləri",-145.195,146.488,1.00444,0.00221631,1.00891,0.00443292,1.0179,0.00886833,1.02698,0.0133087,0.00433596,-0.00453433,0.00862252,-0.00912566,False,,,,,,,,,,
partner,Tərəfdaş ölkələrin artımı (xarici tələb),fr1:rx_non,Qeyri-neft mal ixracı (real),2030,"mln AZN, 2015 qiymətləri",-159.295,160.714,1.00444,0.00221607,1.0089,0.00443245,1.01789,0.00886738,1.02697,0.0133073,0.00433548,-0.00453386,0.00862155,-0.00912474,False,,,,,,,,,,
partner,Tərəfdaş ölkələrin artımı (xarici tələb),fr1:unemp,İşsizlik səviyyəsi,2026,%,0,0,,,,,,,,,,,,,False,,,,,,,,,,
partner,Tərəfdaş ölkələrin artımı (xarici tələb),fr1:unemp,İşsizlik səviyyəsi,2027,%,0.0118499,-0.0117888,0.997418,0.00129245,0.994843,0.00258498,0.989712,0.00517062,0.984604,0.00775758,-0.00254901,0.00262253,-0.00507067,0.0052758,False,,,,,,,,,,
partner,Tərəfdaş ölkələrin artımı (xarici tələb),fr1:unemp,İşsizlik səviyyəsi,2028,%,0.0120875,-0.0120244,0.997387,0.00130814,0.994781,0.00261637,0.989588,0.0052334,0.984419,0.00785176,-0.00257986,0.00265447,-0.00513191,0.00534018,False,,,,,,,,,,
partner,Tərəfdaş ölkələrin artımı (xarici tələb),fr1:unemp,İşsizlik səviyyəsi,2029,%,0.01236,-0.0122946,0.997351,0.00132606,0.99471,0.0026522,0.989446,0.00530506,0.984207,0.00795926,-0.00261506,0.00269094,-0.00520179,0.00541369,False,,,,,,,,,,
partner,Tərəfdaş ölkələrin artımı (xarici tələb),fr1:unemp,İşsizlik səviyyəsi,2030,%,0.0126939,-0.0126256,0.997308,0.0013478,0.994623,0.00269569,0.989274,0.00539206,0.98395,0.00808978,-0.00265781,0.00273521,-0.00528666,0.00550292,False,,,,,,,,,,
partner,Tərəfdaş ölkələrin artımı (xarici tələb),fr1:wage,Orta aylıq nominal əmək haqqı,2026,AZN/ay,0,0,,,,,,,,,,,,,False,,,,,,,,,,
partner,Tərəfdaş ölkələrin artımı (xarici tələb),fr1:wage,Orta aylıq nominal əmək haqqı,2027,AZN/ay,-4.57229,4.56343,0.99903,-0.000485027,0.998062,-0.000970125,0.996126,-0.00194081,0.994192,-0.00291263,-0.000948345,0.000993076,-0.00188229,0.00200296,False,,,,,,,,,,
partner,Tərəfdaş ölkələrin artımı (xarici tələb),fr1:wage,Orta aylıq nominal əmək haqqı,2028,AZN/ay,-4.99588,4.98624,0.999035,-0.000482864,0.99807,-0.000965798,0.996143,-0.00193216,0.994217,-0.00289965,-0.00094398,0.000988792,-0.00187353,0.00199441,False,,,,,,,,,,
partner,Tərəfdaş ölkələrin artımı (xarici tələb),fr1:wage,Orta aylıq nominal əmək haqqı,2029,AZN/ay,-5.48084,5.47032,0.99904,-0.000480353,0.99808,-0.000960777,0.996163,-0.00192212,0.994247,-0.00288458,-0.000938903,0.000983822,-0.00186336,0.0019845,False,,,,,,,,,,
partner,Tərəfdaş ölkələrin artımı (xarici tələb),fr1:wage,Orta aylıq nominal əmək haqqı,2030,AZN/ay,-6.00312,5.99168,0.999047,-0.000476734,0.998095,-0.000953542,0.996192,-0.00190765,0.994291,-0.00286288,-0.000931635,0.000976624,-0.00184881,0.00197012,False,,,,,,,,,,
partner,Tərəfdaş ölkələrin artımı (xarici tələb),fr3:rw_avg,"Orta aylıq əmək haqqı, real (2015 qiymətləri)",2026,"AZN/ay, 2015 qiymətləri",0,0,,,,,,,,,,,,,False,,,,,,,,,,
partner,Tərəfdaş ölkələrin artımı (xarici tələb),fr3:rw_avg,"Orta aylıq əmək haqqı, real (2015 qiymətləri)",2027,"AZN/ay, 2015 qiymətləri",-1.56396,1.56066,0.998945,-0.000527691,0.997891,-0.00105541,0.995786,-0.00211138,0.993683,-0.00316851,-0.00103185,0.00108014,-0.00204808,0.00217841,False,,,,,,,,,,
partner,Tərəfdaş ölkələrin artımı (xarici tələb),fr3:rw_avg,"Orta aylıq əmək haqqı, real (2015 qiymətləri)",2028,"AZN/ay, 2015 qiymətləri",-1.64187,1.63842,0.998949,-0.000525717,0.9979,-0.00105125,0.995803,-0.00210282,0.993709,-0.00315568,-0.00102744,0.00107576,-0.00203911,0.00217003,False,,,,,,,,,,
partner,Tərəfdaş ölkələrin artımı (xarici tələb),fr3:rw_avg,"Orta aylıq əmək haqqı, real (2015 qiymətləri)",2029,"AZN/ay, 2015 qiymətləri",-1.73694,1.73332,0.998956,-0.000522054,0.997912,-0.00104486,0.995828,-0.00209056,0.993745,-0.00313745,-0.00102132,0.00107013,-0.00202705,0.00215841,False,,,,,,,,,,
partner,Tərəfdaş ölkələrin artımı (xarici tələb),fr3:rw_avg,"Orta aylıq əmək haqqı, real (2015 qiymətləri)",2030,"AZN/ay, 2015 qiymətləri",-1.83982,1.836,0.998961,-0.000519955,0.997923,-0.0010395,0.995849,-0.00207996,0.993777,-0.00312137,-0.00101595,0.00106504,-0.00201577,0.00214826,False,,,,,,,,,,
partner,Tərəfdaş ölkələrin artımı (xarici tələb),fr4:budget,Büdcə təşkilatlarında muzdlu işçilər,2026,min nəfər,0,0,,,,,,,,,,,,,False,,,,,,,,,,
partner,Tərəfdaş ölkələrin artımı (xarici tələb),fr4:budget,Büdcə təşkilatlarında muzdlu işçilər,2027,min nəfər,0.270772,-0.269393,0.997451,0.00127614,0.994908,0.00255238,0.989841,0.00510549,0.984796,0.00766006,-0.00251312,0.00259337,-0.00499692,0.00521978,False,,,,,,,,,,
partner,Tərəfdaş ölkələrin artımı (xarici tələb),fr4:budget,Büdcə təşkilatlarında muzdlu işçilər,2028,min nəfər,0.285782,-0.284277,0.997364,0.00131997,0.994734,0.00264004,0.989494,0.00528084,0.984278,0.00792315,-0.0025989,0.002683,-0.00516696,0.00540071,False,,,,,,,,,,
partner,Tərəfdaş ölkələrin artımı (xarici tələb),fr4:budget,Büdcə təşkilatlarında muzdlu işçilər,2029,min nəfər,0.299341,-0.297739,0.99732,0.00134181,0.994647,0.00268372,0.989321,0.0053682,0.98402,0.00805421,-0.00264183,0.00272744,-0.0052522,0.00549028,False,,,,,,,,,,
partner,Tərəfdaş ölkələrin artımı (xarici tələb),fr4:budget,Büdcə təşkilatlarında muzdlu işçilər,2030,min nəfər,0.315408,-0.313674,0.997247,0.00137855,0.994501,0.00275721,0.98903,0.0055152,0.983586,0.00827476,-0.0027138,0.00280251,-0.00539492,0.00564179,False,,,,,,,,,,
partner,Tərəfdaş ölkələrin artımı (xarici tələb),fr5:vol:total,"Pullu xidmətlər, cəmi: real həcm (2015 qiymətləri)",2026,"mln AZN, 2015 qiymətləri",0,0,,,,,,,,,,,,,False,,,,,,,,,,
partner,Tərəfdaş ölkələrin artımı (xarici tələb),fr5:vol:total,"Pullu xidmətlər, cəmi: real həcm (2015 qiymətləri)",2027,"mln AZN, 2015 qiymətləri",-34.8194,34.7667,0.999242,-0.000379022,0.998485,-0.000758113,0.996971,-0.00151677,0.995457,-0.00227654,-0.000737702,0.000779656,-0.00146213,0.0015749,False,,,,,,,,,,
partner,Tərəfdaş ölkələrin artımı (xarici tələb),fr5:vol:total,"Pullu xidmətlər, cəmi: real həcm (2015 qiymətləri)",2028,"mln AZN, 2015 qiymətləri",-37.0624,37.0065,0.999245,-0.000377693,0.99849,-0.000755455,0.996982,-0.00151146,0.995473,-0.00226857,-0.00073497,0.000777076,-0.00145661,0.00156979,False,,,,,,,,,,
partner,Tərəfdaş ölkələrin artımı (xarici tələb),fr5:vol:total,"Pullu xidmətlər, cəmi: real həcm (2015 qiymətləri)",2029,"mln AZN, 2015 qiymətləri",-39.7004,39.6408,0.999248,-0.000376077,0.998497,-0.000752224,0.996995,-0.001505,0.995492,-0.00225887,-0.000731644,0.000773936,-0.00144991,0.00156357,False,,,,,,,,,,
partner,Tərəfdaş ölkələrin artımı (xarici tələb),fr5:vol:total,"Pullu xidmətlər, cəmi: real həcm (2015 qiymətləri)",2030,"mln AZN, 2015 qiymətləri",-42.496,42.4325,0.999253,-0.000373485,0.998507,-0.000747041,0.997015,-0.00149463,0.995523,-0.00224334,-0.000726385,0.000768837,-0.00143935,0.00155342,False,,,,,,,,,,
partner,Tərəfdaş ölkələrin artımı (xarici tələb),ru:budget_gdp,Büdcə balansı,2026,% ÜDM (f.b.),0,0,,,,,,,,,,,,,False,,"Büdcə balansı həddi (< hədd, % ÜDM)",-1,0.655559,,,,,8,
partner,Tərəfdaş ölkələrin artımı (xarici tələb),ru:budget_gdp,Büdcə balansı,2027,% ÜDM (f.b.),-0.0327056,0.0327781,1.00111,0.000553309,1.00222,0.00110658,1.00444,0.00221289,1.00666,0.00331863,0.0011051,-0.00110751,0.00220971,-0.0022144,False,,"Büdcə balansı həddi (< hədd, % ÜDM)",-1,0.32115,,,,,8,
partner,Tərəfdaş ölkələrin artımı (xarici tələb),ru:budget_gdp,Büdcə balansı,2028,% ÜDM (f.b.),-0.0367519,0.0368239,1.00098,0.00048943,1.00196,0.000978822,1.00392,0.00195734,1.00589,0.00293525,0.000979135,-0.000977904,0.00195876,-0.00195411,False,,"Büdcə balansı həddi (< hədd, % ÜDM)",-1,0.0335283,,,,,8,
partner,Tərəfdaş ölkələrin artımı (xarici tələb),ru:budget_gdp,Büdcə balansı,2029,% ÜDM (f.b.),-0.0400191,0.0400916,1.00091,0.000452721,1.00181,0.000905402,1.00363,0.00181049,1.00544,0.00271493,0.000906737,-0.000903438,0.00181453,-0.00180456,False,,"Büdcə balansı həddi (< hədd, % ÜDM)",-1,0.108813,,,,,8,
partner,Tərəfdaş ölkələrin artımı (xarici tələb),ru:budget_gdp,Büdcə balansı,2030,% ÜDM (f.b.),-0.0435991,0.0436741,1.00086,0.000429668,1.00172,0.000859295,1.00344,0.00171826,1.00517,0.00257658,0.00086125,-0.000856693,0.00172391,-0.00171068,False,,"Büdcə balansı həddi (< hədd, % ÜDM)",-1,0.141054,,,,,8,
partner,Tərəfdaş ölkələrin artımı (xarici tələb),ru:cpi,"İnflyasiya (İQİ, illik orta)",2026,f.b.,0,0,,,,,,,,,,,,,False,,İnflyasiya həddi (> hədd),6,5.2991,,,,,10,
partner,Tərəfdaş ölkələrin artımı (xarici tələb),ru:cpi,"İnflyasiya (İQİ, illik orta)",2027,f.b.,-0.127066,0.126356,0.997206,-0.00139915,0.994419,-0.00279839,0.988867,-0.00559745,0.983344,-0.00839787,-0.00275972,0.00283871,-0.00548961,0.00571085,False,,İnflyasiya həddi (> hədd),6,5.7416,,2.05109,,5.50615,10,
partner,Tərəfdaş ölkələrin artımı (xarici tələb),ru:cpi,"İnflyasiya (İQİ, illik orta)",2028,f.b.,-0.0023821,0.00236111,0.995585,-0.00221263,0.991188,-0.00442534,0.982452,-0.00885161,0.973789,-0.0132793,-0.0043616,0.00449185,-0.00866881,0.00904342,False,,İnflyasiya həddi (> hədd),6,5.8752,,,,,10,
partner,Tərəfdaş ölkələrin artımı (xarici tələb),ru:cpi,"İnflyasiya (İQİ, illik orta)",2029,f.b.,-0.00273437,0.00270994,0.995523,-0.00224339,0.991066,-0.00448693,0.982211,-0.00897447,0.973431,-0.0134636,-0.0044211,0.00455494,-0.0087873,0.00917059,False,,İnflyasiya həddi (> hədd),6,5.9149,,,,,10,
partner,Tərəfdaş ölkələrin artımı (xarici tələb),ru:cpi,"İnflyasiya (İQİ, illik orta)",2030,f.b.,-0.00341048,0.00337975,0.995485,-0.0022625,0.99099,-0.00452515,0.98206,-0.00905117,0.973206,-0.0135788,-0.0044594,0.00459362,-0.00886314,0.00924868,False,,İnflyasiya həddi (> hədd),6,5.9278,,,,,10,
partner,Tərəfdaş ölkələrin artımı (xarici tələb),ru:debt_gdp,Dövlət borcu,2026,% ÜDM (f.b.),0,0,,,,,,,,,,,,,False,,Dövlət borcu > 30% ÜDM (DSA həddi),30,17.2926,,,,,15,
partner,Tərəfdaş ölkələrin artımı (xarici tələb),ru:debt_gdp,Dövlət borcu,2027,% ÜDM (f.b.),0.0937892,-0.0931008,0.996323,0.00184181,0.99266,0.00368369,0.985372,0.00736802,0.978134,0.0110536,-0.00364002,0.00372916,-0.00724316,0.00749915,False,,Dövlət borcu > 30% ÜDM (DSA həddi),30,15.6733,,,,,15,
partner,Tərəfdaş ölkələrin artımı (xarici tələb),ru:debt_gdp,Dövlət borcu,2028,% ÜDM (f.b.),0.126383,-0.125469,0.996377,0.00181467,0.992767,0.00362942,0.985586,0.00725947,0.978453,0.0108908,-0.0035869,0.00367369,-0.00713793,0.00738713,False,,Dövlət borcu > 30% ÜDM (DSA həddi),30,14.5227,,,,,15,
partner,Tərəfdaş ölkələrin artımı (xarici tələb),ru:debt_gdp,Dövlət borcu,2029,% ÜDM (f.b.),0.156215,-0.155089,0.996391,0.00180777,0.992795,0.00361561,0.98564,0.00723183,0.978534,0.0108493,-0.00357356,0.00365939,-0.00711161,0.00735811,False,,Dövlət borcu > 30% ÜDM (DSA həddi),30,13.1051,,,,,15,
partner,Tərəfdaş ölkələrin artımı (xarici tələb),ru:debt_gdp,Dövlət borcu,2030,% ÜDM (f.b.),0.188646,-0.187259,0.996319,0.00184409,0.992651,0.00368827,0.985354,0.00737715,0.978108,0.0110673,-0.00364525,0.00373305,-0.00725402,0.00750647,False,,Dövlət borcu > 30% ÜDM (DSA həddi),30,11.9126,,,,,15,
partner,Tərəfdaş ölkələrin artımı (xarici tələb),ru:nonoil_g,Qeyri-neft ÜDM real artımı,2026,f.b.,0,0,,,,,,,,,,,,,False,,Growth-at-Risk həddi (qeyri-neft artımı < hədd),2,5.312,,,,,6,
partner,Tərəfdaş ölkələrin artımı (xarici tələb),ru:nonoil_g,Qeyri-neft ÜDM real artımı,2027,f.b.,-0.389228,0.388608,0.999202,-0.000399142,0.998405,-0.000798353,0.996811,-0.00159726,0.995217,-0.00239727,-0.000777672,0.000820175,-0.00154185,0.00165617,False,,Growth-at-Risk həddi (qeyri-neft artımı < hədd),2,5.43,,,,,6,
partner,Tərəfdaş ölkələrin artımı (xarici tələb),ru:nonoil_g,Qeyri-neft ÜDM real artımı,2028,f.b.,-0.00724836,0.00718503,0.995622,-0.00219391,0.991263,-0.00438792,0.982599,-0.00877665,0.974008,-0.0131669,-0.00432459,0.00445377,-0.00859574,0.00896643,False,,Growth-at-Risk həddi (qeyri-neft artımı < hədd),2,5.603,,,,,6,
partner,Tərəfdaş ölkələrin artımı (xarici tələb),ru:nonoil_g,Qeyri-neft ÜDM real artımı,2029,f.b.,-0.00834655,0.00827269,0.995566,-0.00222193,0.991151,-0.00444397,0.982379,-0.00888864,0.973681,-0.0133349,-0.00437905,0.00451122,-0.00870376,0.00908249,False,,Growth-at-Risk həddi (qeyri-neft artımı < hədd),2,5.632,,,,,6,
partner,Tərəfdaş ölkələrin artımı (xarici tələb),ru:nonoil_g,Qeyri-neft ÜDM real artımı,2030,f.b.,-0.0103467,0.0102545,0.995538,-0.00223575,0.991097,-0.00447163,0.98227,-0.00894409,0.973519,-0.0134181,-0.00440679,0.00453908,-0.00875886,0.00913856,False,,Growth-at-Risk həddi (qeyri-neft artımı < hədd),2,5.727,,,,,6,
partner,Tərəfdaş ölkələrin artımı (xarici tələb),ru:nonoil_lvl,Qeyri-neft real ÜDM səviyyəsi,2026,% (baza ilə fərq),0,0,,,,,,,,,,,,,False,,,,,,,,,10,
partner,Tərəfdaş ölkələrin artımı (xarici tələb),ru:nonoil_lvl,Qeyri-neft real ÜDM səviyyəsi,2027,% (baza ilə fərq),-0.370065,0.369475,0.999202,-0.000399142,0.998405,-0.000798353,0.996811,-0.00159726,0.995217,-0.00239727,-0.000777672,0.000820175,-0.00154185,0.00165617,False,,,,,,,,,10,
partner,Tərəfdaş ölkələrin artımı (xarici tələb),ru:nonoil_lvl,Qeyri-neft real ÜDM səviyyəsi,2028,% (baza ilə fərq),-0.376976,0.376376,0.999204,-0.000398151,0.998409,-0.000796371,0.996818,-0.00159329,0.995229,-0.00239133,-0.000775607,0.000818278,-0.00153767,0.00165243,False,,,,,,,,,10,
partner,Tərəfdaş ölkələrin artımı (xarici tələb),ru:nonoil_lvl,Qeyri-neft real ÜDM səviyyəsi,2029,% (baza ilə fərq),-0.384905,0.384294,0.999206,-0.000396923,0.998413,-0.000793916,0.996828,-0.00158838,0.995243,-0.00238396,-0.000773052,0.000815922,-0.0015325,0.00164778,False,,,,,,,,,10,
partner,Tərəfdaş ölkələrin artımı (xarici tələb),ru:nonoil_lvl,Qeyri-neft real ÜDM səviyyəsi,2030,% (baza ilə fərq),-0.394785,0.394162,0.999211,-0.000394816,0.998422,-0.000789704,0.996845,-0.00157996,0.995269,-0.00237133,-0.000768752,0.000811801,-0.00152385,0.0016396,False,,,,,,,,,10,
partner,Tərəfdaş ölkələrin artımı (xarici tələb),ru:tb_gdp,Mal ticarəti balansı (cari hesab proksisi),2026,% ÜDM (f.b.),0,0,,,,,,,,,,,,,False,,Mal ticarəti balansı < 0 (kəsir),0,9.03884,,,,,15,
partner,Tərəfdaş ölkələrin artımı (xarici tələb),ru:tb_gdp,Mal ticarəti balansı (cari hesab proksisi),2027,% ÜDM (f.b.),-0.0995096,0.101583,1.01036,0.00515405,1.02083,0.0103089,1.04212,0.0206244,1.06388,0.030953,0.0100602,-0.0105698,0.0200291,-0.0212471,False,,Mal ticarəti balansı < 0 (kəsir),0,6.55075,,,,,15,
partner,Tərəfdaş ölkələrin artımı (xarici tələb),ru:tb_gdp,Mal ticarəti balansı (cari hesab proksisi),2028,% ÜDM (f.b.),-0.111774,0.11401,1.00995,0.00495071,1.02,0.00990217,1.04042,0.0198104,1.06128,0.0297309,0.00966915,-0.0101465,0.0192517,-0.0203947,False,,Mal ticarəti balansı < 0 (kəsir),0,4.31464,,,,,15,
partner,Tərəfdaş ölkələrin artımı (xarici tələb),ru:tb_gdp,Mal ticarəti balansı (cari hesab proksisi),2029,% ÜDM (f.b.),-0.121908,0.12427,1.00964,0.00479789,1.01938,0.00959651,1.03915,0.0191988,1.05933,0.0288126,0.00937481,-0.00982888,0.0186665,-0.0197553,False,,Mal ticarəti balansı < 0 (kəsir),0,3.69245,,,,,15,
partner,Tərəfdaş ölkələrin artımı (xarici tələb),ru:tb_gdp,Mal ticarəti balansı (cari hesab proksisi),2030,% ÜDM (f.b.),-0.133649,0.136166,1.00937,0.00466372,1.01883,0.00932812,1.03803,0.0186617,1.05763,0.0280062,0.00911608,-0.00955029,0.018152,-0.0191945,False,,Mal ticarəti balansı < 0 (kəsir),0,2.75209,,,,,15,
quake,Güclü zəlzələ (birbaşa zərər),fr10:ind_output,"Sənaye buraxılışı, cəmi (30 sahə)",2026,mln manat,,0,,,,,,,,,,,,,False,,,,,,,,,,
quake,Güclü zəlzələ (birbaşa zərər),fr10:ind_output,"Sənaye buraxılışı, cəmi (30 sahə)",2027,mln manat,,-636.068,,,,,,,,,0.491106,,-0.00592914,,False,,,,,,,,,,
quake,Güclü zəlzələ (birbaşa zərər),fr10:ind_output,"Sənaye buraxılışı, cəmi (30 sahə)",2028,mln manat,,-347.567,,,,,,,,,0.553177,,0.035451,,False,,,,,,,,,,
quake,Güclü zəlzələ (birbaşa zərər),fr10:ind_output,"Sənaye buraxılışı, cəmi (30 sahə)",2029,mln manat,,-44.0979,,,,,,,,,0.650189,,0.100126,,False,,,,,,,,,,
quake,Güclü zəlzələ (birbaşa zərər),fr10:ind_output,"Sənaye buraxılışı, cəmi (30 sahə)",2030,mln manat,,52.6213,,,,,,,,,0.501209,,0.000805866,,False,,,,,,,,,,
quake,Güclü zəlzələ (birbaşa zərər),fr12:act:N:ALL,Qeydiyyatdakı vahidlər (ehtiyat): Bütün sahələr,2026,vahid,,0,,,,,,,,,,,,,False,,,,,,,,,,
quake,Güclü zəlzələ (birbaşa zərər),fr12:act:N:ALL,Qeydiyyatdakı vahidlər (ehtiyat): Bütün sahələr,2027,vahid,,-85.5428,,,,,,,,,0.514971,,0.00998043,,False,,,,,,,,,,
quake,Güclü zəlzələ (birbaşa zərər),fr12:act:N:ALL,Qeydiyyatdakı vahidlər (ehtiyat): Bütün sahələr,2028,vahid,,-43.5464,,,,,,,,,0.546441,,0.0309605,,False,,,,,,,,,,
quake,Güclü zəlzələ (birbaşa zərər),fr12:act:N:ALL,Qeydiyyatdakı vahidlər (ehtiyat): Bütün sahələr,2029,vahid,,-4.73676,,,,,,,,,0.560929,,0.0406194,,False,,,,,,,,,,
quake,Güclü zəlzələ (birbaşa zərər),fr12:act:N:ALL,Qeydiyyatdakı vahidlər (ehtiyat): Bütün sahələr,2030,vahid,,7.09287,,,,,,,,,0.546717,,0.0311448,,False,,,,,,,,,,
quake,Güclü zəlzələ (birbaşa zərər),fr12:ew:score:CON,Erkən xəbərdarlıq balı (0–1): Tikinti,2026,bal (0–1),,0,,,,,,,,,,,,,False,,,,,,,,,,
quake,Güclü zəlzələ (birbaşa zərər),fr12:ew:score:CON,Erkən xəbərdarlıq balı (0–1): Tikinti,2027,bal (0–1),,0,,,,,,,,,,,,,False,,,,,,,,,,
quake,Güclü zəlzələ (birbaşa zərər),fr12:ew:score:CON,Erkən xəbərdarlıq balı (0–1): Tikinti,2028,bal (0–1),,0,,,,,,,,,,,,,False,,,,,,,,,,
quake,Güclü zəlzələ (birbaşa zərər),fr12:ew:score:CON,Erkən xəbərdarlıq balı (0–1): Tikinti,2029,bal (0–1),,0,,,,,,,,,,,,,False,,,,,,,,,,
quake,Güclü zəlzələ (birbaşa zərər),fr12:ew:score:CON,Erkən xəbərdarlıq balı (0–1): Tikinti,2030,bal (0–1),,0,,,,,,,,,,,,,False,,,,,,,,,,
quake,Güclü zəlzələ (birbaşa zərər),fr12:ew:score:TRD,Erkən xəbərdarlıq balı (0–1): Ticarət,2026,bal (0–1),,0,,,,,,,,,,,,,False,,,,,,,,,,
quake,Güclü zəlzələ (birbaşa zərər),fr12:ew:score:TRD,Erkən xəbərdarlıq balı (0–1): Ticarət,2027,bal (0–1),,0,,,,,,,,,,,,,False,,,,,,,,,,
quake,Güclü zəlzələ (birbaşa zərər),fr12:ew:score:TRD,Erkən xəbərdarlıq balı (0–1): Ticarət,2028,bal (0–1),,0,,,,,,,,,,,,,False,,,,,,,,,,
quake,Güclü zəlzələ (birbaşa zərər),fr12:ew:score:TRD,Erkən xəbərdarlıq balı (0–1): Ticarət,2029,bal (0–1),,0,,,,,,,,,,,,,False,,,,,,,,,,
quake,Güclü zəlzələ (birbaşa zərər),fr12:ew:score:TRD,Erkən xəbərdarlıq balı (0–1): Ticarət,2030,bal (0–1),,0,,,,,,,,,,,,,False,,,,,,,,,,
quake,Güclü zəlzələ (birbaşa zərər),fr1:balance_n,Büdcə balansı,2026,"mln AZN, cari qiymətlər",,0,,,,,,,,,,,,,False,,,,,,,,,,
quake,Güclü zəlzələ (birbaşa zərər),fr1:balance_n,Büdcə balansı,2027,"mln AZN, cari qiymətlər",,-567.852,,,,,,,,,0.508626,,0.00575062,,False,,,,,,,,,,
quake,Güclü zəlzələ (birbaşa zərər),fr1:balance_n,Büdcə balansı,2028,"mln AZN, cari qiymətlər",,-1108.61,,,,,,,,,0.516243,,0.0108284,,False,,,,,,,,,,
quake,Güclü zəlzələ (birbaşa zərər),fr1:balance_n,Büdcə balansı,2029,"mln AZN, cari qiymətlər",,-643.705,,,,,,,,,0.516767,,0.0111782,,False,,,,,,,,,,
quake,Güclü zəlzələ (birbaşa zərər),fr1:balance_n,Büdcə balansı,2030,"mln AZN, cari qiymətlər",,-127.201,,,,,,,,,0.513749,,0.00916571,,False,,,,,,,,,,
quake,Güclü zəlzələ (birbaşa zərər),fr1:debt_azn,"Dövlət borcu (xarici + daxili, Maliyyə Nazirliyinin anlayışı; dövlət zəmanətli borc daxil deyil)",2026,"mln AZN, cari qiymətlər",,0,,,,,,,,,,,,,False,,,,,,,,,,
quake,Güclü zəlzələ (birbaşa zərər),fr1:debt_azn,"Dövlət borcu (xarici + daxili, Maliyyə Nazirliyinin anlayışı; dövlət zəmanətli borc daxil deyil)",2027,"mln AZN, cari qiymətlər",,567.852,,,,,,,,,0.508626,,0.00575062,,False,,,,,,,,,,
quake,Güclü zəlzələ (birbaşa zərər),fr1:debt_azn,"Dövlət borcu (xarici + daxili, Maliyyə Nazirliyinin anlayışı; dövlət zəmanətli borc daxil deyil)",2028,"mln AZN, cari qiymətlər",,1676.46,,,,,,,,,0.513663,,0.00910847,,False,,,,,,,,,,
quake,Güclü zəlzələ (birbaşa zərər),fr1:debt_azn,"Dövlət borcu (xarici + daxili, Maliyyə Nazirliyinin anlayışı; dövlət zəmanətli borc daxil deyil)",2029,"mln AZN, cari qiymətlər",,2320.16,,,,,,,,,0.514524,,0.0096827,,False,,,,,,,,,,
quake,Güclü zəlzələ (birbaşa zərər),fr1:debt_azn,"Dövlət borcu (xarici + daxili, Maliyyə Nazirliyinin anlayışı; dövlət zəmanətli borc daxil deyil)",2030,"mln AZN, cari qiymətlər",,2447.37,,,,,,,,,0.514484,,0.00965583,,False,,,,,,,,,,
quake,Güclü zəlzələ (birbaşa zərər),fr1:emp,Məşğul əhali,2026,min nəfər,,0,,,,,,,,,,,,,False,,,,,,,,,,
quake,Güclü zəlzələ (birbaşa zərər),fr1:emp,Məşğul əhali,2027,min nəfər,,-0.843622,,,,,,,,,0.510626,,0.00708382,,False,,,,,,,,,,
quake,Güclü zəlzələ (birbaşa zərər),fr1:emp,Məşğul əhali,2028,min nəfər,,-0.135594,,,,,,,,,0.745722,,0.163815,,False,,,,,,,,,,
quake,Güclü zəlzələ (birbaşa zərər),fr1:emp,Məşğul əhali,2029,min nəfər,,0.134698,,,,,,,,,0.4377,,-0.0415334,,False,,,,,,,,,,
quake,Güclü zəlzələ (birbaşa zərər),fr1:emp,Məşğul əhali,2030,min nəfər,,0.0798803,,,,,,,,,0.499011,,-0.000659371,,False,,,,,,,,,,
quake,Güclü zəlzələ (birbaşa zərər),fr1:gdp_n,Nominal ÜDM,2026,"mln AZN, cari qiymətlər",,0,,,,,,,,,,,,,False,,,,,,,,,,
quake,Güclü zəlzələ (birbaşa zərər),fr1:gdp_n,Nominal ÜDM,2027,"mln AZN, cari qiymətlər",,-739.494,,,,,,,,,0.500715,,0.000476363,,False,,,,,,,,,,
quake,Güclü zəlzələ (birbaşa zərər),fr1:gdp_n,Nominal ÜDM,2028,"mln AZN, cari qiymətlər",,-128.844,,,,,,,,,0.749191,,0.166128,,False,,,,,,,,,,
quake,Güclü zəlzələ (birbaşa zərər),fr1:gdp_n,Nominal ÜDM,2029,"mln AZN, cari qiymətlər",,144.941,,,,,,,,,0.438949,,-0.0407007,,False,,,,,,,,,,
quake,Güclü zəlzələ (birbaşa zərər),fr1:gdp_n,Nominal ÜDM,2030,"mln AZN, cari qiymətlər",,92.1626,,,,,,,,,0.499598,,-0.000268147,,False,,,,,,,,,,
quake,Güclü zəlzələ (birbaşa zərər),fr1:infl,İnflyasiya (İQİ),2026,%,,0,,,,,,,,,,,,,False,,,,,,,,,,
quake,Güclü zəlzələ (birbaşa zərər),fr1:infl,İnflyasiya (İQİ),2027,%,,-0.166258,,,,,,,,,0.511484,,0.00765618,,False,,,,,,,,,,
quake,Güclü zəlzələ (birbaşa zərər),fr1:infl,İnflyasiya (İQİ),2028,%,,0.139952,,,,,,,,,0.465764,,-0.0228238,,False,,,,,,,,,,
quake,Güclü zəlzələ (birbaşa zərər),fr1:infl,İnflyasiya (İQİ),2029,%,,0.0528585,,,,,,,,,0.592527,,0.0616849,,False,,,,,,,,,,
quake,Güclü zəlzələ (birbaşa zərər),fr1:infl,İnflyasiya (İQİ),2030,%,,-0.0107951,,,,,,,,,0.34975,,-0.100166,,False,,,,,,,,,,
quake,Güclü zəlzələ (birbaşa zərər),fr1:lendrate,Kreditlər üzrə orta faiz dərəcəsi,2026,%,,0,,,,,,,,,,,,,False,,,,,,,,,,
quake,Güclü zəlzələ (birbaşa zərər),fr1:lendrate,Kreditlər üzrə orta faiz dərəcəsi,2027,%,,0,,,,,,,,,,,,,False,,,,,,,,,,
quake,Güclü zəlzələ (birbaşa zərər),fr1:lendrate,Kreditlər üzrə orta faiz dərəcəsi,2028,%,,0,,,,,,,,,,,,,False,,,,,,,,,,
quake,Güclü zəlzələ (birbaşa zərər),fr1:lendrate,Kreditlər üzrə orta faiz dərəcəsi,2029,%,,0,,,,,,,,,,,,,False,,,,,,,,,,
quake,Güclü zəlzələ (birbaşa zərər),fr1:lendrate,Kreditlər üzrə orta faiz dərəcəsi,2030,%,,0,,,,,,,,,,,,,False,,,,,,,,,,
quake,Güclü zəlzələ (birbaşa zərər),fr1:nobd_pct,"Qeyri-neft büdcə balansı, qeyri-neft ÜDM-ə nisbətən",2026,%,,0,,,,,,,,,,,,,False,,,,,,,,,,
quake,Güclü zəlzələ (birbaşa zərər),fr1:nobd_pct,"Qeyri-neft büdcə balansı, qeyri-neft ÜDM-ə nisbətən",2027,%,,-0.60871,,,,,,,,,0.527514,,0.018343,,False,,,,,,,,,,
quake,Güclü zəlzələ (birbaşa zərər),fr1:nobd_pct,"Qeyri-neft büdcə balansı, qeyri-neft ÜDM-ə nisbətən",2028,%,,-0.900175,,,,,,,,,0.52379,,0.0158599,,False,,,,,,,,,,
quake,Güclü zəlzələ (birbaşa zərər),fr1:nobd_pct,"Qeyri-neft büdcə balansı, qeyri-neft ÜDM-ə nisbətən",2029,%,,-0.449068,,,,,,,,,0.516034,,0.0106896,,False,,,,,,,,,,
quake,Güclü zəlzələ (birbaşa zərər),fr1:nobd_pct,"Qeyri-neft büdcə balansı, qeyri-neft ÜDM-ə nisbətən",2030,%,,-0.0760964,,,,,,,,,0.513179,,0.00878607,,False,,,,,,,,,,
quake,Güclü zəlzələ (birbaşa zərər),fr1:rcons,Real istehlak (istehlak bazarı),2026,"mln AZN, 2015 qiymətləri",,0,,,,,,,,,,,,,False,,,,,,,,,,
quake,Güclü zəlzələ (birbaşa zərər),fr1:rcons,Real istehlak (istehlak bazarı),2027,"mln AZN, 2015 qiymətləri",,-221.305,,,,,,,,,0.503518,,0.00234562,,False,,,,,,,,,,
quake,Güclü zəlzələ (birbaşa zərər),fr1:rcons,Real istehlak (istehlak bazarı),2028,"mln AZN, 2015 qiymətləri",,-36.6228,,,,,,,,,0.741857,,0.161238,,False,,,,,,,,,,
quake,Güclü zəlzələ (birbaşa zərər),fr1:rcons,Real istehlak (istehlak bazarı),2029,"mln AZN, 2015 qiymətləri",,37.4206,,,,,,,,,0.440199,,-0.0398671,,False,,,,,,,,,,
quake,Güclü zəlzələ (birbaşa zərər),fr1:rcons,Real istehlak (istehlak bazarı),2030,"mln AZN, 2015 qiymətləri",,22.8487,,,,,,,,,0.502536,,0.00169082,,False,,,,,,,,,,
quake,Güclü zəlzələ (birbaşa zərər),fr1:rcred_tot,Kreditlər (real),2026,"mln AZN, 2015 qiymətləri",,0,,,,,,,,,,,,,False,,,,,,,,,,
quake,Güclü zəlzələ (birbaşa zərər),fr1:rcred_tot,Kreditlər (real),2027,"mln AZN, 2015 qiymətləri",,-48.4929,,,,,,,,,0.506304,,0.00420286,,False,,,,,,,,,,
quake,Güclü zəlzələ (birbaşa zərər),fr1:rcred_tot,Kreditlər (real),2028,"mln AZN, 2015 qiymətləri",,-8.05318,,,,,,,,,0.74424,,0.162826,,False,,,,,,,,,,
quake,Güclü zəlzələ (birbaşa zərər),fr1:rcred_tot,Kreditlər (real),2029,"mln AZN, 2015 qiymətləri",,8.17394,,,,,,,,,0.438635,,-0.0409097,,False,,,,,,,,,,
quake,Güclü zəlzələ (birbaşa zərər),fr1:rcred_tot,Kreditlər (real),2030,"mln AZN, 2015 qiymətləri",,4.93952,,,,,,,,,0.50004,,2.64329e-05,,False,,,,,,,,,,
quake,Güclü zəlzələ (birbaşa zərər),fr1:rev_oil_n,Neft-qaz büdcə gəlirləri,2026,"mln AZN, cari qiymətlər",,0,,,,,,,,,,,,,False,,,,,,,,,,
quake,Güclü zəlzələ (birbaşa zərər),fr1:rev_oil_n,Neft-qaz büdcə gəlirləri,2027,"mln AZN, cari qiymətlər",,0,,,,,,,,,,,,,False,,,,,,,,,,
quake,Güclü zəlzələ (birbaşa zərər),fr1:rev_oil_n,Neft-qaz büdcə gəlirləri,2028,"mln AZN, cari qiymətlər",,0,,,,,,,,,,,,,False,,,,,,,,,,
quake,Güclü zəlzələ (birbaşa zərər),fr1:rev_oil_n,Neft-qaz büdcə gəlirləri,2029,"mln AZN, cari qiymətlər",,0,,,,,,,,,,,,,False,,,,,,,,,,
quake,Güclü zəlzələ (birbaşa zərər),fr1:rev_oil_n,Neft-qaz büdcə gəlirləri,2030,"mln AZN, cari qiymətlər",,0,,,,,,,,,,,,,False,,,,,,,,,,
quake,Güclü zəlzələ (birbaşa zərər),fr1:rev_tot_n,Büdcə gəlirləri,2026,"mln AZN, cari qiymətlər",,0,,,,,,,,,,,,,False,,,,,,,,,,
quake,Güclü zəlzələ (birbaşa zərər),fr1:rev_tot_n,Büdcə gəlirləri,2027,"mln AZN, cari qiymətlər",,-212.235,,,,,,,,,0.496954,,-0.00203045,,False,,,,,,,,,,
quake,Güclü zəlzələ (birbaşa zərər),fr1:rev_tot_n,Büdcə gəlirləri,2028,"mln AZN, cari qiymətlər",,-38.5868,,,,,,,,,0.736208,,0.157472,,False,,,,,,,,,,
quake,Güclü zəlzələ (birbaşa zərər),fr1:rev_tot_n,Büdcə gəlirləri,2029,"mln AZN, cari qiymətlər",,40.5746,,,,,,,,,0.438312,,-0.0411253,,False,,,,,,,,,,
quake,Güclü zəlzələ (birbaşa zərər),fr1:rev_tot_n,Büdcə gəlirləri,2030,"mln AZN, cari qiymətlər",,25.7916,,,,,,,,,0.501674,,0.00111582,,False,,,,,,,,,,
quake,Güclü zəlzələ (birbaşa zərər),fr1:rgdp,Real ÜDM,2026,"mln AZN, 2015 qiymətləri",,0,,,,,,,,,,,,,False,,,,,,,,,,
quake,Güclü zəlzələ (birbaşa zərər),fr1:rgdp,Real ÜDM,2027,"mln AZN, 2015 qiymətləri",,-242.11,,,,,,,,,0.503496,,0.00233097,,False,,,,,,,,,,
quake,Güclü zəlzələ (birbaşa zərər),fr1:rgdp,Real ÜDM,2028,"mln AZN, 2015 qiymətləri",,-38.0045,,,,,,,,,0.76849,,0.178993,,False,,,,,,,,,,
quake,Güclü zəlzələ (birbaşa zərər),fr1:rgdp,Real ÜDM,2029,"mln AZN, 2015 qiymətləri",,46.7996,,,,,,,,,0.442544,,-0.0383042,,False,,,,,,,,,,
quake,Güclü zəlzələ (birbaşa zərər),fr1:rgdp,Real ÜDM,2030,"mln AZN, 2015 qiymətləri",,30.258,,,,,,,,,0.4983,,-0.00113337,,False,,,,,,,,,,
quake,Güclü zəlzələ (birbaşa zərər),fr1:rgdpnon,Real qeyri-neft ÜDM,2026,"mln AZN, 2015 qiymətləri",,0,,,,,,,,,,,,,False,,,,,,,,,,
quake,Güclü zəlzələ (birbaşa zərər),fr1:rgdpnon,Real qeyri-neft ÜDM,2027,"mln AZN, 2015 qiymətləri",,-262.38,,,,,,,,,0.503496,,0.00233097,,False,,,,,,,,,,
quake,Güclü zəlzələ (birbaşa zərər),fr1:rgdpnon,Real qeyri-neft ÜDM,2028,"mln AZN, 2015 qiymətləri",,-43.8626,,,,,,,,,0.744096,,0.162731,,False,,,,,,,,,,
quake,Güclü zəlzələ (birbaşa zərər),fr1:rgdpnon,Real qeyri-neft ÜDM,2029,"mln AZN, 2015 qiymətləri",,45.4236,,,,,,,,,0.438696,,-0.0408693,,False,,,,,,,,,,
quake,Güclü zəlzələ (birbaşa zərər),fr1:rgdpnon,Real qeyri-neft ÜDM,2030,"mln AZN, 2015 qiymətləri",,27.9137,,,,,,,,,0.499663,,-0.000224816,,False,,,,,,,,,,
quake,Güclü zəlzələ (birbaşa zərər),fr1:rhhdisp,Ev təsərrüfatlarının real sərəncamda qalan gəliri,2026,"mln AZN, 2015 qiymətləri",,0,,,,,,,,,,,,,False,,,,,,,,,,
quake,Güclü zəlzələ (birbaşa zərər),fr1:rhhdisp,Ev təsərrüfatlarının real sərəncamda qalan gəliri,2027,"mln AZN, 2015 qiymətləri",,-178.823,,,,,,,,,0.504321,,0.00288041,,False,,,,,,,,,,
quake,Güclü zəlzələ (birbaşa zərər),fr1:rhhdisp,Ev təsərrüfatlarının real sərəncamda qalan gəliri,2028,"mln AZN, 2015 qiymətləri",,-29.7461,,,,,,,,,0.741958,,0.161305,,False,,,,,,,,,,
quake,Güclü zəlzələ (birbaşa zərər),fr1:rhhdisp,Ev təsərrüfatlarının real sərəncamda qalan gəliri,2029,"mln AZN, 2015 qiymətləri",,30.3963,,,,,,,,,0.440143,,-0.039905,,False,,,,,,,,,,
quake,Güclü zəlzələ (birbaşa zərər),fr1:rhhdisp,Ev təsərrüfatlarının real sərəncamda qalan gəliri,2030,"mln AZN, 2015 qiymətləri",,18.5271,,,,,,,,,0.502569,,0.00171271,,False,,,,,,,,,,
quake,Güclü zəlzələ (birbaşa zərər),fr1:rinv_state,Dövlət investisiyaları (real),2026,"mln AZN, 2015 qiymətləri",,0,,,,,,,,,,,,,False,,,,,,,,,,
quake,Güclü zəlzələ (birbaşa zərər),fr1:rinv_state,Dövlət investisiyaları (real),2027,"mln AZN, 2015 qiymətləri",,239.702,,,,,,,,,0.514939,,0.00995957,,False,,,,,,,,,,
quake,Güclü zəlzələ (birbaşa zərər),fr1:rinv_state,Dövlət investisiyaları (real),2028,"mln AZN, 2015 qiymətləri",,462.095,,,,,,,,,0.515982,,0.0106547,,False,,,,,,,,,,
quake,Güclü zəlzələ (birbaşa zərər),fr1:rinv_state,Dövlət investisiyaları (real),2029,"mln AZN, 2015 qiymətləri",,228.941,,,,,,,,,0.515723,,0.0104822,,False,,,,,,,,,,
quake,Güclü zəlzələ (birbaşa zərər),fr1:rinv_state,Dövlət investisiyaları (real),2030,"mln AZN, 2015 qiymətləri",,-0.497241,,,,,,,,,0.506683,,0.00445535,,False,,,,,,,,,,
quake,Güclü zəlzələ (birbaşa zərər),fr1:rinv_tot,Əsas kapitala investisiyalar (real),2026,"mln AZN, 2015 qiymətləri",,0,,,,,,,,,,,,,False,,,,,,,,,,
quake,Güclü zəlzələ (birbaşa zərər),fr1:rinv_tot,Əsas kapitala investisiyalar (real),2027,"mln AZN, 2015 qiymətləri",,289.985,,,,,,,,,0.50655,,0.00436666,,False,,,,,,,,,,
quake,Güclü zəlzələ (birbaşa zərər),fr1:rinv_tot,Əsas kapitala investisiyalar (real),2028,"mln AZN, 2015 qiymətləri",,580.096,,,,,,,,,0.504868,,0.00324533,,False,,,,,,,,,,
quake,Güclü zəlzələ (birbaşa zərər),fr1:rinv_tot,Əsas kapitala investisiyalar (real),2029,"mln AZN, 2015 qiymətləri",,292.643,,,,,,,,,0.510716,,0.00714397,,False,,,,,,,,,,
quake,Güclü zəlzələ (birbaşa zərər),fr1:rinv_tot,Əsas kapitala investisiyalar (real),2030,"mln AZN, 2015 qiymətləri",,0.346784,,,,,,,,,0.484714,,-0.0101905,,False,,,,,,,,,,
quake,Güclü zəlzələ (birbaşa zərər),fr1:rm_non,Qeyri-neft mal idxalı (real),2026,"mln AZN, 2015 qiymətləri",,0,,,,,,,,,,,,,False,,,,,,,,,,
quake,Güclü zəlzələ (birbaşa zərər),fr1:rm_non,Qeyri-neft mal idxalı (real),2027,"mln AZN, 2015 qiymətləri",,-60.6963,,,,,,,,,0.503983,,0.00265542,,False,,,,,,,,,,
quake,Güclü zəlzələ (birbaşa zərər),fr1:rm_non,Qeyri-neft mal idxalı (real),2028,"mln AZN, 2015 qiymətləri",,-9.82648,,,,,,,,,0.744917,,0.163278,,False,,,,,,,,,,
quake,Güclü zəlzələ (birbaşa zərər),fr1:rm_non,Qeyri-neft mal idxalı (real),2029,"mln AZN, 2015 qiymətləri",,10.2037,,,,,,,,,0.441124,,-0.0392505,,False,,,,,,,,,,
quake,Güclü zəlzələ (birbaşa zərər),fr1:rm_non,Qeyri-neft mal idxalı (real),2030,"mln AZN, 2015 qiymətləri",,6.26215,,,,,,,,,0.502368,,0.00157859,,False,,,,,,,,,,
quake,Güclü zəlzələ (birbaşa zərər),fr1:rva_agr,"Real əlavə dəyər: Kənd, meşə və balıqçılıq",2026,"mln AZN, 2015 qiymətləri",,0,,,,,,,,,,,,,False,,,,,,,,,,
quake,Güclü zəlzələ (birbaşa zərər),fr1:rva_agr,"Real əlavə dəyər: Kənd, meşə və balıqçılıq",2027,"mln AZN, 2015 qiymətləri",,-48.6607,,,,,,,,,0.500129,,8.57398e-05,,False,,,,,,,,,,
quake,Güclü zəlzələ (birbaşa zərər),fr1:rva_agr,"Real əlavə dəyər: Kənd, meşə və balıqçılıq",2028,"mln AZN, 2015 qiymətləri",,-38.1072,,,,,,,,,0.503881,,0.00258702,,False,,,,,,,,,,
quake,Güclü zəlzələ (birbaşa zərər),fr1:rva_agr,"Real əlavə dəyər: Kənd, meşə və balıqçılıq",2029,"mln AZN, 2015 qiymətləri",,-13.2503,,,,,,,,,0.511431,,0.007621,,False,,,,,,,,,,
quake,Güclü zəlzələ (birbaşa zərər),fr1:rva_agr,"Real əlavə dəyər: Kənd, meşə və balıqçılıq",2030,"mln AZN, 2015 qiymətləri",,0,,,,,,,,,,,,,False,,,,,,,,,,
quake,Güclü zəlzələ (birbaşa zərər),fr1:rva_con,Real əlavə dəyər: Tikinti,2026,"mln AZN, 2015 qiymətləri",,0,,,,,,,,,,,,,False,,,,,,,,,,
quake,Güclü zəlzələ (birbaşa zərər),fr1:rva_con,Real əlavə dəyər: Tikinti,2027,"mln AZN, 2015 qiymətləri",,66.016,,,,,,,,,0.4804,,-0.0130665,,False,,,,,,,,,,
quake,Güclü zəlzələ (birbaşa zərər),fr1:rva_con,Real əlavə dəyər: Tikinti,2028,"mln AZN, 2015 qiymətləri",,145.189,,,,,,,,,0.468345,,-0.0211033,,False,,,,,,,,,,
quake,Güclü zəlzələ (birbaşa zərər),fr1:rva_con,Real əlavə dəyər: Tikinti,2029,"mln AZN, 2015 qiymətləri",,77.2582,,,,,,,,,0.493846,,-0.00410264,,False,,,,,,,,,,
quake,Güclü zəlzələ (birbaşa zərər),fr1:rva_con,Real əlavə dəyər: Tikinti,2030,"mln AZN, 2015 qiymətləri",,0.403542,,,,,,,,,0.495496,,-0.00300259,,False,,,,,,,,,,
quake,Güclü zəlzələ (birbaşa zərər),fr1:rva_man,Real əlavə dəyər: Emal sənayesi,2026,"mln AZN, 2015 qiymətləri",,0,,,,,,,,,,,,,False,,,,,,,,,,
quake,Güclü zəlzələ (birbaşa zərər),fr1:rva_man,Real əlavə dəyər: Emal sənayesi,2027,"mln AZN, 2015 qiymətləri",,-110.136,,,,,,,,,0.493819,,-0.00412039,,False,,,,,,,,,,
quake,Güclü zəlzələ (birbaşa zərər),fr1:rva_man,Real əlavə dəyər: Emal sənayesi,2028,"mln AZN, 2015 qiymətləri",,-58.933,,,,,,,,,0.554437,,0.036291,,False,,,,,,,,,,
quake,Güclü zəlzələ (birbaşa zərər),fr1:rva_man,Real əlavə dəyər: Emal sənayesi,2029,"mln AZN, 2015 qiymətləri",,-7.6864,,,,,,,,,0.639539,,0.0930262,,False,,,,,,,,,,
quake,Güclü zəlzələ (birbaşa zərər),fr1:rva_man,Real əlavə dəyər: Emal sənayesi,2030,"mln AZN, 2015 qiymətləri",,8.28433,,,,,,,,,0.502955,,0.00196975,,False,,,,,,,,,,
quake,Güclü zəlzələ (birbaşa zərər),fr1:rva_trd,Real əlavə dəyər: Ticarət; nəqliyyat vasitələrinin təmiri,2026,"mln AZN, 2015 qiymətləri",,0,,,,,,,,,,,,,False,,,,,,,,,,
quake,Güclü zəlzələ (birbaşa zərər),fr1:rva_trd,Real əlavə dəyər: Ticarət; nəqliyyat vasitələrinin təmiri,2027,"mln AZN, 2015 qiymətləri",,-34.4122,,,,,,,,,0.503795,,0.00252984,,False,,,,,,,,,,
quake,Güclü zəlzələ (birbaşa zərər),fr1:rva_trd,Real əlavə dəyər: Ticarət; nəqliyyat vasitələrinin təmiri,2028,"mln AZN, 2015 qiymətləri",,-5.69717,,,,,,,,,0.74192,,0.16128,,False,,,,,,,,,,
quake,Güclü zəlzələ (birbaşa zərər),fr1:rva_trd,Real əlavə dəyər: Ticarət; nəqliyyat vasitələrinin təmiri,2029,"mln AZN, 2015 qiymətləri",,5.81715,,,,,,,,,0.440161,,-0.0398929,,False,,,,,,,,,,
quake,Güclü zəlzələ (birbaşa zərər),fr1:rva_trd,Real əlavə dəyər: Ticarət; nəqliyyat vasitələrinin təmiri,2030,"mln AZN, 2015 qiymətləri",,3.54828,,,,,,,,,0.502511,,0.00167392,,False,,,,,,,,,,
quake,Güclü zəlzələ (birbaşa zərər),fr1:rx_non,Qeyri-neft mal ixracı (real),2026,"mln AZN, 2015 qiymətləri",,0,,,,,,,,,,,,,False,,,,,,,,,,
quake,Güclü zəlzələ (birbaşa zərər),fr1:rx_non,Qeyri-neft mal ixracı (real),2027,"mln AZN, 2015 qiymətləri",,-58.1329,,,,,,,,,0.492185,,-0.00521005,,False,,,,,,,,,,
quake,Güclü zəlzələ (birbaşa zərər),fr1:rx_non,Qeyri-neft mal ixracı (real),2028,"mln AZN, 2015 qiymətləri",,-41.8335,,,,,,,,,0.514293,,0.00952872,,False,,,,,,,,,,
quake,Güclü zəlzələ (birbaşa zərər),fr1:rx_non,Qeyri-neft mal ixracı (real),2029,"mln AZN, 2015 qiymətləri",,-12.4402,,,,,,,,,0.527671,,0.0184471,,False,,,,,,,,,,
quake,Güclü zəlzələ (birbaşa zərər),fr1:rx_non,Qeyri-neft mal ixracı (real),2030,"mln AZN, 2015 qiymətləri",,1.88354,,,,,,,,,0.501769,,0.00117919,,False,,,,,,,,,,
quake,Güclü zəlzələ (birbaşa zərər),fr1:unemp,İşsizlik səviyyəsi,2026,%,,0,,,,,,,,,,,,,False,,,,,,,,,,
quake,Güclü zəlzələ (birbaşa zərər),fr1:unemp,İşsizlik səviyyəsi,2027,%,,0.0155039,,,,,,,,,0.510626,,0.00708382,,False,,,,,,,,,,
quake,Güclü zəlzələ (birbaşa zərər),fr1:unemp,İşsizlik səviyyəsi,2028,%,,0.00247881,,,,,,,,,0.745722,,0.163815,,False,,,,,,,,,,
quake,Güclü zəlzələ (birbaşa zərər),fr1:unemp,İşsizlik səviyyəsi,2029,%,,-0.00244948,,,,,,,,,0.4377,,-0.0415334,,False,,,,,,,,,,
quake,Güclü zəlzələ (birbaşa zərər),fr1:unemp,İşsizlik səviyyəsi,2030,%,,-0.00144499,,,,,,,,,0.499011,,-0.000659371,,False,,,,,,,,,,
quake,Güclü zəlzələ (birbaşa zərər),fr1:wage,Orta aylıq nominal əmək haqqı,2026,AZN/ay,,0,,,,,,,,,,,,,False,,,,,,,,,,
quake,Güclü zəlzələ (birbaşa zərər),fr1:wage,Orta aylıq nominal əmək haqqı,2027,AZN/ay,,-5.97919,,,,,,,,,0.504179,,0.00278584,,False,,,,,,,,,,
quake,Güclü zəlzələ (birbaşa zərər),fr1:wage,Orta aylıq nominal əmək haqqı,2028,AZN/ay,,-1.01675,,,,,,,,,0.753053,,0.168702,,False,,,,,,,,,,
quake,Güclü zəlzələ (birbaşa zərər),fr1:wage,Orta aylıq nominal əmək haqqı,2029,AZN/ay,,1.10351,,,,,,,,,0.432862,,-0.0447586,,False,,,,,,,,,,
quake,Güclü zəlzələ (birbaşa zərər),fr1:wage,Orta aylıq nominal əmək haqqı,2030,AZN/ay,,0.699163,,,,,,,,,0.488745,,-0.00750344,,False,,,,,,,,,,
quake,Güclü zəlzələ (birbaşa zərər),fr3:rw_avg,"Orta aylıq əmək haqqı, real (2015 qiymətləri)",2026,"AZN/ay, 2015 qiymətləri",,0,,,,,,,,,,,,,False,,,,,,,,,,
quake,Güclü zəlzələ (birbaşa zərər),fr3:rw_avg,"Orta aylıq əmək haqqı, real (2015 qiymətləri)",2027,"AZN/ay, 2015 qiymətləri",,-2.04525,,,,,,,,,0.504526,,0.00301733,,False,,,,,,,,,,
quake,Güclü zəlzələ (birbaşa zərər),fr3:rw_avg,"Orta aylıq əmək haqqı, real (2015 qiymətləri)",2028,"AZN/ay, 2015 qiymətləri",,-0.337754,,,,,,,,,0.742482,,0.161655,,False,,,,,,,,,,
quake,Güclü zəlzələ (birbaşa zərər),fr3:rw_avg,"Orta aylıq əmək haqqı, real (2015 qiymətləri)",2029,"AZN/ay, 2015 qiymətləri",,0.343874,,,,,,,,,0.4398,,-0.0401333,,False,,,,,,,,,,
quake,Güclü zəlzələ (birbaşa zərər),fr3:rw_avg,"Orta aylıq əmək haqqı, real (2015 qiymətləri)",2030,"AZN/ay, 2015 qiymətləri",,0.208879,,,,,,,,,0.501944,,0.00129587,,False,,,,,,,,,,
quake,Güclü zəlzələ (birbaşa zərər),fr4:budget,Büdcə təşkilatlarında muzdlu işçilər,2026,min nəfər,,0,,,,,,,,,,,,,False,,,,,,,,,,
quake,Güclü zəlzələ (birbaşa zərər),fr4:budget,Büdcə təşkilatlarında muzdlu işçilər,2027,min nəfər,,0.328389,,,,,,,,,0.513736,,0.00915741,,False,,,,,,,,,,
quake,Güclü zəlzələ (birbaşa zərər),fr4:budget,Büdcə təşkilatlarında muzdlu işçilər,2028,min nəfər,,0.0156096,,,,,,,,,1.66414,,0.776096,,False,,,,,,,,,,
quake,Güclü zəlzələ (birbaşa zərər),fr4:budget,Büdcə təşkilatlarında muzdlu işçilər,2029,min nəfər,,-0.0821258,,,,,,,,,0.446699,,-0.0355342,,False,,,,,,,,,,
quake,Güclü zəlzələ (birbaşa zərər),fr4:budget,Büdcə təşkilatlarında muzdlu işçilər,2030,min nəfər,,-0.0383395,,,,,,,,,0.50178,,0.00118638,,False,,,,,,,,,,
quake,Güclü zəlzələ (birbaşa zərər),fr5:vol:total,"Pullu xidmətlər, cəmi: real həcm (2015 qiymətləri)",2026,"mln AZN, 2015 qiymətləri",,0,,,,,,,,,,,,,False,,,,,,,,,,
quake,Güclü zəlzələ (birbaşa zərər),fr5:vol:total,"Pullu xidmətlər, cəmi: real həcm (2015 qiymətləri)",2027,"mln AZN, 2015 qiymətləri",,-45.5305,,,,,,,,,0.503337,,0.00222436,,False,,,,,,,,,,
quake,Güclü zəlzələ (birbaşa zərər),fr5:vol:total,"Pullu xidmətlər, cəmi: real həcm (2015 qiymətləri)",2028,"mln AZN, 2015 qiymətləri",,-7.61265,,,,,,,,,0.743939,,0.162626,,False,,,,,,,,,,
quake,Güclü zəlzələ (birbaşa zərər),fr5:vol:total,"Pullu xidmətlər, cəmi: real həcm (2015 qiymətləri)",2029,"mln AZN, 2015 qiymətləri",,7.88424,,,,,,,,,0.438799,,-0.0408009,,False,,,,,,,,,,
quake,Güclü zəlzələ (birbaşa zərər),fr5:vol:total,"Pullu xidmətlər, cəmi: real həcm (2015 qiymətləri)",2030,"mln AZN, 2015 qiymətləri",,4.8466,,,,,,,,,0.49983,,-0.000113249,,False,,,,,,,,,,
quake,Güclü zəlzələ (birbaşa zərər),ru:budget_gdp,Büdcə balansı,2026,% ÜDM (f.b.),,0,,,,,,,,,,,,,False,,"Büdcə balansı həddi (< hədd, % ÜDM)",-1,0.655559,,,,,8,
quake,Güclü zəlzələ (birbaşa zərər),ru:budget_gdp,Büdcə balansı,2027,% ÜDM (f.b.),,-0.388352,,,,,,,,,0.508626,,0.00575062,,False,,"Büdcə balansı həddi (< hədd, % ÜDM)",-1,0.32115,,,,,8,
quake,Güclü zəlzələ (birbaşa zərər),ru:budget_gdp,Büdcə balansı,2028,% ÜDM (f.b.),,-0.704136,,,,,,,,,0.516243,,0.0108284,,False,,"Büdcə balansı həddi (< hədd, % ÜDM)",-1,0.0335283,,1.23016,,3.44333,8,
quake,Güclü zəlzələ (birbaşa zərər),ru:budget_gdp,Büdcə balansı,2029,% ÜDM (f.b.),,-0.372005,,,,,,,,,0.516767,,0.0111782,,False,,"Büdcə balansı həddi (< hədd, % ÜDM)",-1,0.108813,,1.97399,,8.031,8,
quake,Güclü zəlzələ (birbaşa zərər),ru:budget_gdp,Büdcə balansı,2030,% ÜDM (f.b.),,-0.0676131,,,,,,,,,0.513749,,0.00916571,,False,,"Büdcə balansı həddi (< hədd, % ÜDM)",-1,0.141054,,,,,8,
quake,Güclü zəlzələ (birbaşa zərər),ru:cpi,"İnflyasiya (İQİ, illik orta)",2026,f.b.,,0,,,,,,,,,,,,,False,,İnflyasiya həddi (> hədd),6,5.2991,,,,,10,
quake,Güclü zəlzələ (birbaşa zərər),ru:cpi,"İnflyasiya (İQİ, illik orta)",2027,f.b.,,-0.166258,,,,,,,,,0.511484,,0.00765618,,False,,İnflyasiya həddi (> hədd),6,5.7416,,,,,10,
quake,Güclü zəlzələ (birbaşa zərər),ru:cpi,"İnflyasiya (İQİ, illik orta)",2028,f.b.,,0.139952,,,,,,,,,0.465764,,-0.0228238,,False,,İnflyasiya həddi (> hədd),6,5.8752,,0.891441,,1.80279,10,
quake,Güclü zəlzələ (birbaşa zərər),ru:cpi,"İnflyasiya (İQİ, illik orta)",2029,f.b.,,0.0528585,,,,,,,,,0.592527,,0.0616849,,False,,İnflyasiya həddi (> hədd),6,5.9149,,1.27915,,3.74548,10,
quake,Güclü zəlzələ (birbaşa zərər),ru:cpi,"İnflyasiya (İQİ, illik orta)",2030,f.b.,,-0.0107951,,,,,,,,,0.34975,,-0.100166,,False,,İnflyasiya həddi (> hədd),6,5.9278,,,,,10,
quake,Güclü zəlzələ (birbaşa zərər),ru:debt_gdp,Dövlət borcu,2026,% ÜDM (f.b.),,0,,,,,,,,,,,,,False,,Dövlət borcu > 30% ÜDM (DSA həddi),30,17.2926,,,,,15,
quake,Güclü zəlzələ (birbaşa zərər),ru:debt_gdp,Dövlət borcu,2027,% ÜDM (f.b.),,0.469994,,,,,,,,,0.522777,,0.0151845,,False,,Dövlət borcu > 30% ÜDM (DSA həddi),30,15.6733,,,,,15,
quake,Güclü zəlzələ (birbaşa zərər),ru:debt_gdp,Dövlət borcu,2028,% ÜDM (f.b.),,1.07758,,,,,,,,,0.519372,,0.0129144,,False,,Dövlət borcu > 30% ÜDM (DSA həddi),30,14.5227,,,,,15,
quake,Güclü zəlzələ (birbaşa zərər),ru:debt_gdp,Dövlət borcu,2029,% ÜDM (f.b.),,1.32876,,,,,,,,,0.51277,,0.00851354,,False,,Dövlət borcu > 30% ÜDM (DSA həddi),30,13.1051,,,,,15,
quake,Güclü zəlzələ (birbaşa zərər),ru:debt_gdp,Dövlət borcu,2030,% ÜDM (f.b.),,1.29442,,,,,,,,,0.51307,,0.00871312,,False,,Dövlət borcu > 30% ÜDM (DSA həddi),30,11.9126,,,,,15,
quake,Güclü zəlzələ (birbaşa zərər),ru:nonoil_g,Qeyri-neft ÜDM real artımı,2026,f.b.,,0,,,,,,,,,,,,,False,,Growth-at-Risk həddi (qeyri-neft artımı < hədd),2,5.312,,,,,6,
quake,Güclü zəlzələ (birbaşa zərər),ru:nonoil_g,Qeyri-neft ÜDM real artımı,2027,f.b.,,-0.508968,,,,,,,,,0.503496,,0.00233097,,False,,Growth-at-Risk həddi (qeyri-neft artımı < hədd),2,5.43,,,,,6,
quake,Güclü zəlzələ (birbaşa zərər),ru:nonoil_g,Qeyri-neft ÜDM real artımı,2028,f.b.,,0.42681,,,,,,,,,0.472038,,-0.0186411,,False,,Growth-at-Risk həddi (qeyri-neft artımı < hədd),2,5.603,,,,,6,
quake,Güclü zəlzələ (birbaşa zərər),ru:nonoil_g,Qeyri-neft ÜDM real artımı,2029,f.b.,,0.16149,,,,,,,,,0.595433,,0.0636222,,False,,Growth-at-Risk həddi (qeyri-neft artımı < hədd),2,5.632,,,,,6,
quake,Güclü zəlzələ (birbaşa zərər),ru:nonoil_g,Qeyri-neft ÜDM real artımı,2030,f.b.,,-0.0327462,,,,,,,,,0.34936,,-0.100427,,False,,Growth-at-Risk həddi (qeyri-neft artımı < hədd),2,5.727,,,,,6,
quake,Güclü zəlzələ (birbaşa zərər),ru:nonoil_lvl,Qeyri-neft real ÜDM səviyyəsi,2026,% (baza ilə fərq),,0,,,,,,,,,,,,,False,,,,,,,,,10,
quake,Güclü zəlzələ (birbaşa zərər),ru:nonoil_lvl,Qeyri-neft real ÜDM səviyyəsi,2027,% (baza ilə fərq),,-0.483909,,,,,,,,,0.503496,,0.00233097,,False,,,,,,,,,10,
quake,Güclü zəlzələ (birbaşa zərər),ru:nonoil_lvl,Qeyri-neft real ÜDM səviyyəsi,2028,% (baza ilə fərq),,-0.0774193,,,,,,,,,0.744096,,0.162731,,False,,,,,,,,,10,
quake,Güclü zəlzələ (birbaşa zərər),ru:nonoil_lvl,Qeyri-neft real ÜDM səviyyəsi,2029,% (baza ilə fərq),,0.0764503,,,,,,,,,0.438696,,-0.0408693,,False,,,,,,,,,10,
quake,Güclü zəlzələ (birbaşa zərər),ru:nonoil_lvl,Qeyri-neft real ÜDM səviyyəsi,2030,% (baza ilə fərq),,0.0450356,,,,,,,,,0.499663,,-0.000224816,,False,,,,,,,,,10,
quake,Güclü zəlzələ (birbaşa zərər),ru:tb_gdp,Mal ticarəti balansı (cari hesab proksisi),2026,% ÜDM (f.b.),,0,,,,,,,,,,,,,False,,Mal ticarəti balansı < 0 (kəsir),0,9.03884,,,,,15,
quake,Güclü zəlzələ (birbaşa zərər),ru:tb_gdp,Mal ticarəti balansı (cari hesab proksisi),2027,% ÜDM (f.b.),,0.0235922,,,,,,,,,0.548405,,0.0322699,,False,,Mal ticarəti balansı < 0 (kəsir),0,6.55075,,,,,15,
quake,Güclü zəlzələ (birbaşa zərər),ru:tb_gdp,Mal ticarəti balansı (cari hesab proksisi),2028,% ÜDM (f.b.),,-0.044976,,,,,,,,,0.42186,,-0.0520931,,False,,Mal ticarəti balansı < 0 (kəsir),0,4.31464,,,,,15,
quake,Güclü zəlzələ (birbaşa zərər),ru:tb_gdp,Mal ticarəti balansı (cari hesab proksisi),2029,% ÜDM (f.b.),,-0.0351117,,,,,,,,,0.484828,,-0.0101146,,False,,Mal ticarəti balansı < 0 (kəsir),0,3.69245,,,,,15,
quake,Güclü zəlzələ (birbaşa zərər),ru:tb_gdp,Mal ticarəti balansı (cari hesab proksisi),2030,% ÜDM (f.b.),,-0.00703435,,,,,,,,,0.503327,,0.00221815,,False,,Mal ticarəti balansı < 0 (kəsir),0,2.75209,,,,,15,
rate,Uçot dərəcəsi / maliyyə şəraiti,fr10:ind_output,"Sənaye buraxılışı, cəmi (30 sahə)",2026,mln manat,0,0,,,,,,,,,,,,,False,"sərhəd kəsilməsi k=-3,-2",,,,,,,,,
rate,Uçot dərəcəsi / maliyyə şəraiti,fr10:ind_output,"Sənaye buraxılışı, cəmi (30 sahə)",2027,mln manat,71.7354,-70.5069,0.9914,0.00431845,0.982874,0.00863686,1.18294,-0.0838032,1.7594,-0.275205,-0.00851336,-0.176197,-0.0168983,-0.450798,True,"asimmetrik cavab; qeyri-proporsional miqyas; sərhəd kəsilməsi k=-3,-2",,,,,,,,,
rate,Uçot dərəcəsi / maliyyə şəraiti,fr10:ind_output,"Sənaye buraxılışı, cəmi (30 sahə)",2028,mln manat,78.8597,-77.5088,0.991398,0.00431963,0.98287,0.00863923,1.23405,-0.104766,1.83542,-0.294638,-0.00851536,-0.210326,-0.016902,-0.473551,True,"asimmetrik cavab; qeyri-proporsional miqyas; sərhəd kəsilməsi k=-3,-2",,,,,,,,,
rate,Uçot dərəcəsi / maliyyə şəraiti,fr10:ind_output,"Sənaye buraxılışı, cəmi (30 sahə)",2029,mln manat,86.6608,-85.1739,0.991384,0.00432671,0.982842,0.00865337,1.23402,-0.104754,1.83535,-0.29462,-0.00852869,-0.210339,-0.0169281,-0.473559,True,"asimmetrik cavab; qeyri-proporsional miqyas; sərhəd kəsilməsi k=-3,-2",,,,,,,,,
rate,Uçot dərəcəsi / maliyyə şəraiti,fr10:ind_output,"Sənaye buraxılışı, cəmi (30 sahə)",2030,mln manat,95.0423,-93.4082,0.991366,0.00433551,0.982807,0.00867097,1.23397,-0.104735,1.83525,-0.294595,-0.00854538,-0.210349,-0.0169607,-0.473566,True,"asimmetrik cavab; qeyri-proporsional miqyas; sərhəd kəsilməsi k=-3,-2",,,,,,,,,
rate,Uçot dərəcəsi / maliyyə şəraiti,fr12:act:N:ALL,Qeydiyyatdakı vahidlər (ehtiyat): Bütün sahələr,2026,vahid,0,0,,,,,,,,,,,,,False,"sərhəd kəsilməsi k=-3,-2",,,,,,,,,
rate,Uçot dərəcəsi / maliyyə şəraiti,fr12:act:N:ALL,Qeydiyyatdakı vahidlər (ehtiyat): Bütün sahələr,2027,vahid,47.8473,-47.442,0.995756,0.00212647,0.99153,0.004253,1.20194,-0.0917104,1.79542,-0.284544,-0.00418962,-0.178515,-0.00832636,-0.452344,True,"asimmetrik cavab; qeyri-proporsional miqyas; sərhəd kəsilməsi k=-3,-2",,,,,,,,,
rate,Uçot dərəcəsi / maliyyə şəraiti,fr12:act:N:ALL,Qeydiyyatdakı vahidlər (ehtiyat): Bütün sahələr,2028,vahid,46.9859,-46.5889,0.995766,0.00212157,0.991549,0.00424319,1.25337,-0.112441,1.87227,-0.303685,-0.00417973,-0.2122,-0.00830658,-0.4748,True,"asimmetrik cavab; qeyri-proporsional miqyas; sərhəd kəsilməsi k=-3,-2",,,,,,,,,
rate,Uçot dərəcəsi / maliyyə şəraiti,fr12:act:N:ALL,Qeydiyyatdakı vahidlər (ehtiyat): Bütün sahələr,2029,vahid,46.1875,-45.7974,0.995768,0.00212052,0.991554,0.0042411,1.25338,-0.112446,1.87229,-0.303692,-0.00417735,-0.212204,-0.00830166,-0.474803,True,"asimmetrik cavab; qeyri-proporsional miqyas; sərhəd kəsilməsi k=-3,-2",,,,,,,,,
rate,Uçot dərəcəsi / maliyyə şəraiti,fr12:act:N:ALL,Qeydiyyatdakı vahidlər (ehtiyat): Bütün sahələr,2030,vahid,45.4819,-45.0973,0.995763,0.0021229,0.991544,0.00424586,1.25337,-0.112439,1.87226,-0.303683,-0.00418171,-0.212204,-0.00831012,-0.474803,True,"asimmetrik cavab; qeyri-proporsional miqyas; sərhəd kəsilməsi k=-3,-2",,,,,,,,,
rate,Uçot dərəcəsi / maliyyə şəraiti,fr12:ew:score:CON,Erkən xəbərdarlıq balı (0–1): Tikinti,2026,bal (0–1),0,0,,,,,,,,,,,,,False,"sərhəd kəsilməsi k=-3,-2",,,,,,,,,
rate,Uçot dərəcəsi / maliyyə şəraiti,fr12:ew:score:CON,Erkən xəbərdarlıq balı (0–1): Tikinti,2027,bal (0–1),0,0,,,,,,,,,,,,,False,"sərhəd kəsilməsi k=-3,-2",,,,,,,,,
rate,Uçot dərəcəsi / maliyyə şəraiti,fr12:ew:score:CON,Erkən xəbərdarlıq balı (0–1): Tikinti,2028,bal (0–1),0,0,,,,,,,,,,,,,False,"sərhəd kəsilməsi k=-3,-2",,,,,,,,,
rate,Uçot dərəcəsi / maliyyə şəraiti,fr12:ew:score:CON,Erkən xəbərdarlıq balı (0–1): Tikinti,2029,bal (0–1),0,0,,,,,,,,,,,,,False,"sərhəd kəsilməsi k=-3,-2",,,,,,,,,
rate,Uçot dərəcəsi / maliyyə şəraiti,fr12:ew:score:CON,Erkən xəbərdarlıq balı (0–1): Tikinti,2030,bal (0–1),0,0,,,,,,,,,,,,,False,"sərhəd kəsilməsi k=-3,-2",,,,,,,,,
rate,Uçot dərəcəsi / maliyyə şəraiti,fr12:ew:score:TRD,Erkən xəbərdarlıq balı (0–1): Ticarət,2026,bal (0–1),0,0,,,,,,,,,,,,,False,"sərhəd kəsilməsi k=-3,-2",,,,,,,,,
rate,Uçot dərəcəsi / maliyyə şəraiti,fr12:ew:score:TRD,Erkən xəbərdarlıq balı (0–1): Ticarət,2027,bal (0–1),0,0,,,,,,,,,,,,,False,"sərhəd kəsilməsi k=-3,-2",,,,,,,,,
rate,Uçot dərəcəsi / maliyyə şəraiti,fr12:ew:score:TRD,Erkən xəbərdarlıq balı (0–1): Ticarət,2028,bal (0–1),0,0,,,,,,,,,,,,,False,"sərhəd kəsilməsi k=-3,-2",,,,,,,,,
rate,Uçot dərəcəsi / maliyyə şəraiti,fr12:ew:score:TRD,Erkən xəbərdarlıq balı (0–1): Ticarət,2029,bal (0–1),0,0,,,,,,,,,,,,,False,"sərhəd kəsilməsi k=-3,-2",,,,,,,,,
rate,Uçot dərəcəsi / maliyyə şəraiti,fr12:ew:score:TRD,Erkən xəbərdarlıq balı (0–1): Ticarət,2030,bal (0–1),0,0,,,,,,,,,,,,,False,"sərhəd kəsilməsi k=-3,-2",,,,,,,,,
rate,Uçot dərəcəsi / maliyyə şəraiti,fr1:balance_n,Büdcə balansı,2026,"mln AZN, cari qiymətlər",0,0,,,,,,,,,,,,,False,"sərhəd kəsilməsi k=-3,-2",,,,,,,,,
rate,Uçot dərəcəsi / maliyyə şəraiti,fr1:balance_n,Büdcə balansı,2027,"mln AZN, cari qiymətlər",146.958,-143.336,0.987602,0.00623752,0.975358,0.0124748,1.16658,-0.0768858,1.7287,-0.26705,-0.0122166,-0.17413,-0.0241673,-0.44942,True,"asimmetrik cavab; qeyri-proporsional miqyas; sərhəd kəsilməsi k=-3,-2",,,,,,,,,
rate,Uçot dərəcəsi / maliyyə şəraiti,fr1:balance_n,Büdcə balansı,2028,"mln AZN, cari qiymətlər",173.039,-168.82,0.987735,0.00617039,0.97562,0.0123406,1.21377,-0.0965649,1.79887,-0.285425,-0.0120865,-0.205924,-0.0239117,-0.470616,True,"asimmetrik cavab; qeyri-proporsional miqyas; sərhəd kəsilməsi k=-3,-2",,,,,,,,,
rate,Uçot dərəcəsi / maliyyə şəraiti,fr1:balance_n,Büdcə balansı,2029,"mln AZN, cari qiymətlər",203.131,-198.214,0.987823,0.00612597,0.975793,0.0122517,1.21444,-0.0968366,1.80001,-0.285716,-0.0120001,-0.206149,-0.023742,-0.470766,True,"asimmetrik cavab; qeyri-proporsional miqyas; sərhəd kəsilməsi k=-3,-2",,,,,,,,,
rate,Uçot dərəcəsi / maliyyə şəraiti,fr1:balance_n,Büdcə balansı,2030,"mln AZN, cari qiymətlər",236.047,-230.359,0.987878,0.00609803,0.975902,0.0121959,1.21491,-0.0970297,1.80081,-0.285921,-0.0119456,-0.206326,-0.0236348,-0.470884,True,"asimmetrik cavab; qeyri-proporsional miqyas; sərhəd kəsilməsi k=-3,-2",,,,,,,,,
rate,Uçot dərəcəsi / maliyyə şəraiti,fr1:debt_azn,"Dövlət borcu (xarici + daxili, Maliyyə Nazirliyinin anlayışı; dövlət zəmanətli borc daxil deyil)",2026,"mln AZN, cari qiymətlər",0,0,,,,,,,,,,,,,False,"sərhəd kəsilməsi k=-3,-2",,,,,,,,,
rate,Uçot dərəcəsi / maliyyə şəraiti,fr1:debt_azn,"Dövlət borcu (xarici + daxili, Maliyyə Nazirliyinin anlayışı; dövlət zəmanətli borc daxil deyil)",2027,"mln AZN, cari qiymətlər",-146.958,143.336,0.987602,-0.00623752,0.975358,-0.0124748,1.16658,0.0768858,1.7287,0.26705,-0.0122166,-0.17413,-0.0241673,-0.44942,True,"asimmetrik cavab; qeyri-proporsional miqyas; sərhəd kəsilməsi k=-3,-2",,,,,,,,,
rate,Uçot dərəcəsi / maliyyə şəraiti,fr1:debt_azn,"Dövlət borcu (xarici + daxili, Maliyyə Nazirliyinin anlayışı; dövlət zəmanətli borc daxil deyil)",2028,"mln AZN, cari qiymətlər",-319.997,312.157,0.987674,-0.00620122,0.975499,-0.0124022,1.19164,0.0874407,1.76596,0.276923,-0.0121462,-0.191323,-0.0240291,-0.460882,True,"asimmetrik cavab; qeyri-proporsional miqyas; sərhəd kəsilməsi k=-3,-2",,,,,,,,,
rate,Uçot dərəcəsi / maliyyə şəraiti,fr1:debt_azn,"Dövlət borcu (xarici + daxili, Maliyyə Nazirliyinin anlayışı; dövlət zəmanətli borc daxil deyil)",2029,"mln AZN, cari qiymətlər",-523.128,510.37,0.987732,-0.00617199,0.975613,-0.0123438,1.20039,0.091071,1.77903,0.280324,-0.0120895,-0.19708,-0.0239176,-0.46472,True,"asimmetrik cavab; qeyri-proporsional miqyas; sərhəd kəsilməsi k=-3,-2",,,,,,,,,
rate,Uçot dərəcəsi / maliyyə şəraiti,fr1:debt_azn,"Dövlət borcu (xarici + daxili, Maliyyə Nazirliyinin anlayışı; dövlət zəmanətli borc daxil deyil)",2030,"mln AZN, cari qiymətlər",-759.175,740.729,0.987777,-0.00614899,0.975703,-0.0122978,1.20487,0.0929173,1.78575,0.28206,-0.0120447,-0.199955,-0.0238296,-0.466636,True,"asimmetrik cavab; qeyri-proporsional miqyas; sərhəd kəsilməsi k=-3,-2",,,,,,,,,
rate,Uçot dərəcəsi / maliyyə şəraiti,fr1:emp,Məşğul əhali,2026,min nəfər,0,0,,,,,,,,,,,,,False,"sərhəd kəsilməsi k=-3,-2",,,,,,,,,
rate,Uçot dərəcəsi / maliyyə şəraiti,fr1:emp,Məşğul əhali,2027,min nəfər,0.953712,-0.939128,0.992325,0.00385225,0.984709,0.00770446,1.18695,-0.0854824,1.76694,-0.27718,-0.00761191,-0.176699,-0.0151249,-0.451133,True,"asimmetrik cavab; qeyri-proporsional miqyas; sərhəd kəsilməsi k=-3,-2",,,,,,,,,
rate,Uçot dərəcəsi / maliyyə şəraiti,fr1:emp,Məşğul əhali,2028,min nəfər,0.953501,-0.938901,0.992315,0.00385757,0.984688,0.00771511,1.23771,-0.106228,1.84249,-0.296391,-0.00762209,-0.21049,-0.0151449,-0.47366,True,"asimmetrik cavab; qeyri-proporsional miqyas; sərhəd kəsilməsi k=-3,-2",,,,,,,,,
rate,Uçot dərəcəsi / maliyyə şəraiti,fr1:emp,Məşğul əhali,2029,min nəfər,0.956001,-0.941326,0.992295,0.00386729,0.98465,0.00773454,1.23763,-0.106197,1.84234,-0.296354,-0.00764076,-0.210486,-0.0151816,-0.473657,True,"asimmetrik cavab; qeyri-proporsional miqyas; sərhəd kəsilməsi k=-3,-2",,,,,,,,,
rate,Uçot dərəcəsi / maliyyə şəraiti,fr1:emp,Məşğul əhali,2030,min nəfər,0.961652,-0.946847,0.992273,0.00387861,0.984605,0.00775718,1.23754,-0.10616,1.84216,-0.296309,-0.00766255,-0.210479,-0.0152244,-0.473653,True,"asimmetrik cavab; qeyri-proporsional miqyas; sərhəd kəsilməsi k=-3,-2",,,,,,,,,
rate,Uçot dərəcəsi / maliyyə şəraiti,fr1:gdp_n,Nominal ÜDM,2026,"mln AZN, cari qiymətlər",0,0,,,,,,,,,,,,,False,"sərhəd kəsilməsi k=-3,-2",,,,,,,,,
rate,Uçot dərəcəsi / maliyyə şəraiti,fr1:gdp_n,Nominal ÜDM,2027,"mln AZN, cari qiymətlər",851.185,-832.527,0.988979,0.00554091,0.978079,0.0110817,1.17249,-0.0793969,1.73977,-0.270011,-0.0108773,-0.174883,-0.0215437,-0.449922,True,"asimmetrik cavab; qeyri-proporsional miqyas; sərhəd kəsilməsi k=-3,-2",,,,,,,,,
rate,Uçot dərəcəsi / maliyyə şəraiti,fr1:gdp_n,Nominal ÜDM,2028,"mln AZN, cari qiymətlər",942.252,-921.62,0.988992,0.00553464,0.978104,0.0110692,1.22276,-0.100216,1.81438,-0.289363,-0.010865,-0.208773,-0.0215195,-0.472515,True,"asimmetrik cavab; qeyri-proporsional miqyas; sərhəd kəsilməsi k=-3,-2",,,,,,,,,
rate,Uçot dərəcəsi / maliyyə şəraiti,fr1:gdp_n,Nominal ÜDM,2029,"mln AZN, cari qiymətlər",1047.97,-1025.01,0.988986,0.00553744,0.978093,0.0110748,1.22274,-0.100208,1.81434,-0.289353,-0.0108701,-0.208773,-0.0215294,-0.472515,True,"asimmetrik cavab; qeyri-proporsional miqyas; sərhəd kəsilməsi k=-3,-2",,,,,,,,,
rate,Uçot dərəcəsi / maliyyə şəraiti,fr1:gdp_n,Nominal ÜDM,2030,"mln AZN, cari qiymətlər",1159.86,-1134.41,0.988965,0.00554791,0.978052,0.0110957,1.22265,-0.100172,1.81417,-0.289312,-0.01089,-0.208766,-0.0215682,-0.47251,True,"asimmetrik cavab; qeyri-proporsional miqyas; sərhəd kəsilməsi k=-3,-2",,,,,,,,,
rate,Uçot dərəcəsi / maliyyə şəraiti,fr1:infl,İnflyasiya (İQİ),2026,%,0,0,,,,,,,,,,,,,False,"sərhəd kəsilməsi k=-3,-2",,,,,,,,,
rate,Uçot dərəcəsi / maliyyə şəraiti,fr1:infl,İnflyasiya (İQİ),2027,%,0.187842,-0.185086,0.992637,0.00369524,0.985328,0.00739044,1.1883,-0.0860483,1.76949,-0.277846,-0.00730627,-0.176867,-0.0145221,-0.451245,True,"asimmetrik cavab; qeyri-proporsional miqyas; sərhəd kəsilməsi k=-3,-2",,,,,,,,,
rate,Uçot dərəcəsi / maliyyə şəraiti,fr1:infl,İnflyasiya (İQİ),2028,%,-0.00127744,0.00126229,0.994049,-0.00298458,0.988135,-0.00596806,0.17027,-0.709007,0.253885,-0.595042,-0.00594989,4.76881,-0.0118648,2.84588,False,"sərhəd kəsilməsi k=-3,-2",,,,,,,,,
rate,Uçot dərəcəsi / maliyyə şəraiti,fr1:infl,İnflyasiya (İQİ),2029,%,-0.000763758,0.000759466,0.997189,-0.00140736,0.994381,-0.00281746,1.25761,0.114109,1.88075,0.305736,-0.00293532,-0.211632,-0.00593266,-0.474421,False,"sərhəd kəsilməsi k=-3,-2",,,,,,,,,
rate,Uçot dərəcəsi / maliyyə şəraiti,fr1:infl,İnflyasiya (İQİ),2030,%,-0.000118926,0.000125455,1.02707,0.0133536,1.0549,0.0267176,1.38826,0.16257,2.12994,0.36101,0.0244063,-0.221581,0.0477979,-0.481054,False,"sərhəd kəsilməsi k=-3,-2",,,,,,,,,
rate,Uçot dərəcəsi / maliyyə şəraiti,fr1:lendrate,Kreditlər üzrə orta faiz dərəcəsi,2026,%,0,0,,,,,,,,,,,,,False,"sərhəd kəsilməsi k=-3,-2",,,,,,,,,
rate,Uçot dərəcəsi / maliyyə şəraiti,fr1:lendrate,Kreditlər üzrə orta faiz dərəcəsi,2027,%,-2.67466,2.67466,1,0,1,-6.64143e-16,1,0,1,0,6.66134e-16,-6.66134e-16,8.88178e-16,-4.44089e-16,True,"sərhəd kəsilməsi k=-3,-2",,,,,,,,,
rate,Uçot dərəcəsi / maliyyə şəraiti,fr1:lendrate,Kreditlər üzrə orta faiz dərəcəsi,2028,%,-2.67466,2.67466,1,1.32829e-15,1,6.64143e-16,1,6.64143e-16,1,3.32071e-16,0,0,0,6.66134e-16,True,"sərhəd kəsilməsi k=-3,-2",,,,,,,,,
rate,Uçot dərəcəsi / maliyyə şəraiti,fr1:lendrate,Kreditlər üzrə orta faiz dərəcəsi,2029,%,-2.67466,2.67466,1,1.32829e-15,1,6.64143e-16,1,6.64143e-16,1,3.32071e-16,0,0,0,6.66134e-16,True,"sərhəd kəsilməsi k=-3,-2",,,,,,,,,
rate,Uçot dərəcəsi / maliyyə şəraiti,fr1:lendrate,Kreditlər üzrə orta faiz dərəcəsi,2030,%,-2.67466,2.67466,1,1.32829e-15,1,6.64143e-16,1,6.64143e-16,1,3.32071e-16,0,0,0,6.66134e-16,True,"sərhəd kəsilməsi k=-3,-2",,,,,,,,,
rate,Uçot dərəcəsi / maliyyə şəraiti,fr1:nobd_pct,"Qeyri-neft büdcə balansı, qeyri-neft ÜDM-ə nisbətən",2026,%,0,0,,,,,,,,,,,,,False,"sərhəd kəsilməsi k=-3,-2",,,,,,,,,
rate,Uçot dərəcəsi / maliyyə şəraiti,fr1:nobd_pct,"Qeyri-neft büdcə balansı, qeyri-neft ÜDM-ə nisbətən",2027,%,0.244381,-0.242266,0.995663,0.00217317,0.991345,0.00434631,1.20151,-0.0915313,1.79446,-0.284297,-0.00433327,-0.178491,-0.00864528,-0.452327,True,"asimmetrik cavab; qeyri-proporsional miqyas; sərhəd kəsilməsi k=-3,-2",,,,,,,,,
rate,Uçot dərəcəsi / maliyyə şəraiti,fr1:nobd_pct,"Qeyri-neft büdcə balansı, qeyri-neft ÜDM-ə nisbətən",2028,%,0.238752,-0.23668,0.995651,0.00217919,0.991321,0.00435836,1.25029,-0.111225,1.86729,-0.302477,-0.00434455,-0.21057,-0.00866728,-0.473713,True,"asimmetrik cavab; qeyri-proporsional miqyas; sərhəd kəsilməsi k=-3,-2",,,,,,,,,
rate,Uçot dərəcəsi / maliyyə şəraiti,fr1:nobd_pct,"Qeyri-neft büdcə balansı, qeyri-neft ÜDM-ə nisbətən",2029,%,0.237202,-0.235148,0.995661,0.00217423,0.991341,0.00434844,1.25038,-0.111262,1.86745,-0.302516,-0.00433434,-0.210606,-0.00864674,-0.473738,True,"asimmetrik cavab; qeyri-proporsional miqyas; sərhəd kəsilməsi k=-3,-2",,,,,,,,,
rate,Uçot dərəcəsi / maliyyə şəraiti,fr1:nobd_pct,"Qeyri-neft büdcə balansı, qeyri-neft ÜDM-ə nisbətən",2030,%,0.236269,-0.234228,0.995673,0.00216797,0.991366,0.00433592,1.25048,-0.1113,1.86762,-0.302557,-0.00432167,-0.210637,-0.00862136,-0.473758,True,"asimmetrik cavab; qeyri-proporsional miqyas; sərhəd kəsilməsi k=-3,-2",,,,,,,,,
rate,Uçot dərəcəsi / maliyyə şəraiti,fr1:rcons,Real istehlak (istehlak bazarı),2026,"mln AZN, 2015 qiymətləri",0,0,,,,,,,,,,,,,False,"sərhəd kəsilməsi k=-3,-2",,,,,,,,,
rate,Uçot dərəcəsi / maliyyə şəraiti,fr1:rcons,Real istehlak (istehlak bazarı),2027,"mln AZN, 2015 qiymətləri",811.849,-794.27,0.989115,0.00547235,0.978348,0.0109446,1.17307,-0.0796426,1.74084,-0.270296,-0.0107521,-0.17496,-0.0213027,-0.449973,True,"asimmetrik cavab; qeyri-proporsional miqyas; sərhəd kəsilməsi k=-3,-2",,,,,,,,,
rate,Uçot dərəcəsi / maliyyə şəraiti,fr1:rcons,Real istehlak (istehlak bazarı),2028,"mln AZN, 2015 qiymətləri",836.058,-817.998,0.98914,0.00545954,0.978398,0.010919,1.22316,-0.10038,1.81522,-0.289575,-0.0107272,-0.208687,-0.0212537,-0.472458,True,"asimmetrik cavab; qeyri-proporsional miqyas; sərhəd kəsilməsi k=-3,-2",,,,,,,,,
rate,Uçot dərəcəsi / maliyyə şəraiti,fr1:rcons,Real istehlak (istehlak bazarı),2029,"mln AZN, 2015 qiymətləri",869.102,-850.347,0.989151,0.00545386,0.97842,0.0109076,1.22321,-0.100401,1.81531,-0.2896,-0.0107159,-0.208693,-0.0212314,-0.472462,True,"asimmetrik cavab; qeyri-proporsional miqyas; sərhəd kəsilməsi k=-3,-2",,,,,,,,,
rate,Uçot dərəcəsi / maliyyə şəraiti,fr1:rcons,Real istehlak (istehlak bazarı),2030,"mln AZN, 2015 qiymətləri",902.367,-882.886,0.989147,0.00545594,0.978412,0.0109118,1.2232,-0.100394,1.81528,-0.289592,-0.0107196,-0.208692,-0.0212385,-0.472462,True,"asimmetrik cavab; qeyri-proporsional miqyas; sərhəd kəsilməsi k=-3,-2",,,,,,,,,
rate,Uçot dərəcəsi / maliyyə şəraiti,fr1:rcred_tot,Kreditlər (real),2026,"mln AZN, 2015 qiymətləri",0,0,,,,,,,,,,,,,False,"sərhəd kəsilməsi k=-3,-2",,,,,,,,,
rate,Uçot dərəcəsi / maliyyə şəraiti,fr1:rcred_tot,Kreditlər (real),2027,"mln AZN, 2015 qiymətləri",2987.04,-2523.98,0.919227,0.0420862,0.844978,0.0840239,0.899883,0.0526963,1.24818,-0.110391,-0.0774874,-0.133774,-0.146956,-0.422516,True,"asimmetrik cavab; qeyri-proporsional miqyas; sərhəd kəsilməsi k=-3,-2",,,,,,,,,
rate,Uçot dərəcəsi / maliyyə şəraiti,fr1:rcred_tot,Kreditlər (real),2028,"mln AZN, 2015 qiymətləri",3100.98,-2620.32,0.919238,0.0420802,0.844998,0.0840119,0.942856,0.0294125,1.3078,-0.133372,-0.0774772,-0.173225,-0.146938,-0.448816,True,"asimmetrik cavab; qeyri-proporsional miqyas; sərhəd kəsilməsi k=-3,-2",,,,,,,,,
rate,Uçot dərəcəsi / maliyyə şəraiti,fr1:rcred_tot,Kreditlər (real),2029,"mln AZN, 2015 qiymətləri",3192.19,-2697.43,0.919245,0.0420767,0.84501,0.0840049,0.942879,0.0294,1.30784,-0.133388,-0.0774713,-0.173228,-0.146927,-0.448819,True,"asimmetrik cavab; qeyri-proporsional miqyas; sərhəd kəsilməsi k=-3,-2",,,,,,,,,
rate,Uçot dərəcəsi / maliyyə şəraiti,fr1:rcred_tot,Kreditlər (real),2030,"mln AZN, 2015 qiymətləri",3275.79,-2768.08,0.919245,0.0420763,0.845011,0.0840042,0.942882,0.0293987,1.30784,-0.133389,-0.0774706,-0.173229,-0.146926,-0.448819,True,"asimmetrik cavab; qeyri-proporsional miqyas; sərhəd kəsilməsi k=-3,-2",,,,,,,,,
rate,Uçot dərəcəsi / maliyyə şəraiti,fr1:rev_oil_n,Neft-qaz büdcə gəlirləri,2026,"mln AZN, cari qiymətlər",0,0,,,,,,,,,,,,,False,"sərhəd kəsilməsi k=-3,-2",,,,,,,,,
rate,Uçot dərəcəsi / maliyyə şəraiti,fr1:rev_oil_n,Neft-qaz büdcə gəlirləri,2027,"mln AZN, cari qiymətlər",0,0,,,,,,,,,,,,,False,"sərhəd kəsilməsi k=-3,-2",,,,,,,,,
rate,Uçot dərəcəsi / maliyyə şəraiti,fr1:rev_oil_n,Neft-qaz büdcə gəlirləri,2028,"mln AZN, cari qiymətlər",0,0,,,,,,,,,,,,,False,"sərhəd kəsilməsi k=-3,-2",,,,,,,,,
rate,Uçot dərəcəsi / maliyyə şəraiti,fr1:rev_oil_n,Neft-qaz büdcə gəlirləri,2029,"mln AZN, cari qiymətlər",0,0,,,,,,,,,,,,,False,"sərhəd kəsilməsi k=-3,-2",,,,,,,,,
rate,Uçot dərəcəsi / maliyyə şəraiti,fr1:rev_oil_n,Neft-qaz büdcə gəlirləri,2030,"mln AZN, cari qiymətlər",0,0,,,,,,,,,,,,,False,"sərhəd kəsilməsi k=-3,-2",,,,,,,,,
rate,Uçot dərəcəsi / maliyyə şəraiti,fr1:rev_tot_n,Büdcə gəlirləri,2026,"mln AZN, cari qiymətlər",0,0,,,,,,,,,,,,,False,"sərhəd kəsilməsi k=-3,-2",,,,,,,,,
rate,Uçot dərəcəsi / maliyyə şəraiti,fr1:rev_tot_n,Büdcə gəlirləri,2027,"mln AZN, cari qiymətlər",414.942,-404.352,0.987157,0.0064629,0.974479,0.0129256,1.16468,-0.0760748,1.72516,-0.266099,-0.0126403,-0.173882,-0.0249908,-0.449255,True,"asimmetrik cavab; qeyri-proporsional miqyas; sərhəd kəsilməsi k=-3,-2",,,,,,,,,
rate,Uçot dərəcəsi / maliyyə şəraiti,fr1:rev_tot_n,Büdcə gəlirləri,2028,"mln AZN, cari qiymətlər",461.102,-449.324,0.987146,0.00646835,0.974457,0.0129365,1.21439,-0.0968173,1.79878,-0.285404,-0.012651,-0.207727,-0.0250117,-0.471818,True,"asimmetrik cavab; qeyri-proporsional miqyas; sərhəd kəsilməsi k=-3,-2",,,,,,,,,
rate,Uçot dərəcəsi / maliyyə şəraiti,fr1:rev_tot_n,Büdcə gəlirləri,2029,"mln AZN, cari qiymətlər",518.25,-504.99,0.987125,0.00647936,0.974415,0.0129585,1.2143,-0.0967799,1.79861,-0.285359,-0.012672,-0.207719,-0.0250528,-0.471813,True,"asimmetrik cavab; qeyri-proporsional miqyas; sərhəd kəsilməsi k=-3,-2",,,,,,,,,
rate,Uçot dərəcəsi / maliyyə şəraiti,fr1:rev_tot_n,Büdcə gəlirləri,2030,"mln AZN, cari qiymətlər",579.427,-564.559,0.987088,0.00649819,0.974341,0.0129962,1.21414,-0.0967149,1.79831,-0.285283,-0.012708,-0.207704,-0.0251232,-0.471802,True,"asimmetrik cavab; qeyri-proporsional miqyas; sərhəd kəsilməsi k=-3,-2",,,,,,,,,
rate,Uçot dərəcəsi / maliyyə şəraiti,fr1:rgdp,Real ÜDM,2026,"mln AZN, 2015 qiymətləri",0,0,,,,,,,,,,,,,False,"sərhəd kəsilməsi k=-3,-2",,,,,,,,,
rate,Uçot dərəcəsi / maliyyə şəraiti,fr1:rgdp,Real ÜDM,2027,"mln AZN, 2015 qiymətləri",275.074,-269.448,0.98972,0.00516676,0.979545,0.0103334,1.17568,-0.0807456,1.74575,-0.271601,-0.0101554,-0.175286,-0.0201271,-0.450191,True,"asimmetrik cavab; qeyri-proporsional miqyas; sərhəd kəsilməsi k=-3,-2",,,,,,,,,
rate,Uçot dərəcəsi / maliyyə şəraiti,fr1:rgdp,Real ÜDM,2028,"mln AZN, 2015 qiymətləri",286.545,-280.698,0.989746,0.00515357,0.979596,0.0103071,1.22702,-0.10194,1.82204,-0.291293,-0.0101297,-0.209735,-0.0200763,-0.473157,True,"asimmetrik cavab; qeyri-proporsional miqyas; sərhəd kəsilməsi k=-3,-2",,,,,,,,,
rate,Uçot dərəcəsi / maliyyə şəraiti,fr1:rgdp,Real ÜDM,2029,"mln AZN, 2015 qiymətləri",298.92,-292.817,0.989741,0.00515619,0.979586,0.0103123,1.22701,-0.101934,1.82201,-0.291285,-0.0101344,-0.209737,-0.0200854,-0.473158,True,"asimmetrik cavab; qeyri-proporsional miqyas; sərhəd kəsilməsi k=-3,-2",,,,,,,,,
rate,Uçot dərəcəsi / maliyyə şəraiti,fr1:rgdp,Real ÜDM,2030,"mln AZN, 2015 qiymətləri",312.014,-305.638,0.98973,0.00516167,0.979564,0.0103232,1.22696,-0.101913,1.82191,-0.291261,-0.0101446,-0.209729,-0.0201052,-0.473153,True,"asimmetrik cavab; qeyri-proporsional miqyas; sərhəd kəsilməsi k=-3,-2",,,,,,,,,
rate,Uçot dərəcəsi / maliyyə şəraiti,fr1:rgdpnon,Real qeyri-neft ÜDM,2026,"mln AZN, 2015 qiymətləri",0,0,,,,,,,,,,,,,False,"sərhəd kəsilməsi k=-3,-2",,,,,,,,,
rate,Uçot dərəcəsi / maliyyə şəraiti,fr1:rgdpnon,Real qeyri-neft ÜDM,2027,"mln AZN, 2015 qiymətləri",298.105,-292.007,0.98972,0.00516676,0.979545,0.0103334,1.17568,-0.0807456,1.74575,-0.271601,-0.0101554,-0.175286,-0.0201271,-0.450191,True,"asimmetrik cavab; qeyri-proporsional miqyas; sərhəd kəsilməsi k=-3,-2",,,,,,,,,
rate,Uçot dərəcəsi / maliyyə şəraiti,fr1:rgdpnon,Real qeyri-neft ÜDM,2028,"mln AZN, 2015 qiymətləri",309.373,-303.049,0.989727,0.00516315,0.979559,0.0103262,1.22626,-0.10163,1.82087,-0.290998,-0.0101483,-0.209285,-0.0201128,-0.472857,True,"asimmetrik cavab; qeyri-proporsional miqyas; sərhəd kəsilməsi k=-3,-2",,,,,,,,,
rate,Uçot dərəcəsi / maliyyə şəraiti,fr1:rgdpnon,Real qeyri-neft ÜDM,2029,"mln AZN, 2015 qiymətləri",323.115,-316.505,0.989718,0.00516751,0.979542,0.0103349,1.22622,-0.101618,1.82081,-0.290983,-0.0101564,-0.209286,-0.0201287,-0.472857,True,"asimmetrik cavab; qeyri-proporsional miqyas; sərhəd kəsilməsi k=-3,-2",,,,,,,,,
rate,Uçot dərəcəsi / maliyyə şəraiti,fr1:rgdpnon,Real qeyri-neft ÜDM,2030,"mln AZN, 2015 qiymətləri",336.852,-329.947,0.989697,0.00517797,0.979501,0.0103558,1.22614,-0.101583,1.82064,-0.290942,-0.0101763,-0.20928,-0.0201676,-0.472853,True,"asimmetrik cavab; qeyri-proporsional miqyas; sərhəd kəsilməsi k=-3,-2",,,,,,,,,
rate,Uçot dərəcəsi / maliyyə şəraiti,fr1:rhhdisp,Ev təsərrüfatlarının real sərəncamda qalan gəliri,2026,"mln AZN, 2015 qiymətləri",0,0,,,,,,,,,,,,,False,"sərhəd kəsilməsi k=-3,-2",,,,,,,,,
rate,Uçot dərəcəsi / maliyyə şəraiti,fr1:rhhdisp,Ev təsərrüfatlarının real sərəncamda qalan gəliri,2027,"mln AZN, 2015 qiymətləri",203.053,-199.021,0.990022,0.00501426,0.980142,0.0100284,1.17698,-0.0812953,1.74819,-0.272249,-0.00986104,-0.17545,-0.019549,-0.4503,True,"asimmetrik cavab; qeyri-proporsional miqyas; sərhəd kəsilməsi k=-3,-2",,,,,,,,,
rate,Uçot dərəcəsi / maliyyə şəraiti,fr1:rhhdisp,Ev təsərrüfatlarının real sərəncamda qalan gəliri,2028,"mln AZN, 2015 qiymətləri",209.239,-205.086,0.990026,0.00501209,0.980151,0.0100241,1.22753,-0.102146,1.82329,-0.291608,-0.00985667,-0.209399,-0.0195403,-0.472933,True,"asimmetrik cavab; qeyri-proporsional miqyas; sərhəd kəsilməsi k=-3,-2",,,,,,,,,
rate,Uçot dərəcəsi / maliyyə şəraiti,fr1:rhhdisp,Ev təsərrüfatlarının real sərəncamda qalan gəliri,2029,"mln AZN, 2015 qiymətləri",216.977,-212.666,0.990015,0.00501732,0.98013,0.0100346,1.2275,-0.102131,1.82322,-0.291589,-0.0098665,-0.209399,-0.0195594,-0.472933,True,"asimmetrik cavab; qeyri-proporsional miqyas; sərhəd kəsilməsi k=-3,-2",,,,,,,,,
rate,Uçot dərəcəsi / maliyyə şəraiti,fr1:rhhdisp,Ev təsərrüfatlarının real sərəncamda qalan gəliri,2030,"mln AZN, 2015 qiymətləri",224.8,-220.324,0.989994,0.00502791,0.980089,0.0100557,1.22741,-0.102096,1.82305,-0.291547,-0.00988669,-0.209392,-0.0195989,-0.472928,True,"asimmetrik cavab; qeyri-proporsional miqyas; sərhəd kəsilməsi k=-3,-2",,,,,,,,,
rate,Uçot dərəcəsi / maliyyə şəraiti,fr1:rinv_state,Dövlət investisiyaları (real),2026,"mln AZN, 2015 qiymətləri",0,0,,,,,,,,,,,,,False,"sərhəd kəsilməsi k=-3,-2",,,,,,,,,
rate,Uçot dərəcəsi / maliyyə şəraiti,fr1:rinv_state,Dövlət investisiyaları (real),2027,"mln AZN, 2015 qiymətləri",-11.2968,11.1306,0.992617,-0.00370533,0.985288,-0.00741059,1.18821,0.0860103,1.7693,0.277795,-0.00733411,-0.17686,-0.0145823,-0.45124,True,"asimmetrik cavab; qeyri-proporsional miqyas; sərhəd kəsilməsi k=-3,-2",,,,,,,,,
rate,Uçot dərəcəsi / maliyyə şəraiti,fr1:rinv_state,Dövlət investisiyaları (real),2028,"mln AZN, 2015 qiymətləri",-12.1987,12.0249,0.992849,-0.00358858,0.985748,-0.00717711,1.23729,0.106062,1.84281,0.29647,-0.00710613,-0.208964,-0.0141321,-0.472642,True,"asimmetrik cavab; qeyri-proporsional miqyas; sərhəd kəsilməsi k=-3,-2",,,,,,,,,
rate,Uçot dərəcəsi / maliyyə şəraiti,fr1:rinv_state,Dövlət investisiyaları (real),2029,"mln AZN, 2015 qiymətləri",-12.9617,12.781,0.993005,-0.00350978,0.986059,-0.0070195,1.2381,0.106385,1.84429,0.296837,-0.00695212,-0.209108,-0.0138279,-0.472738,True,"asimmetrik cavab; qeyri-proporsional miqyas; sərhəd kəsilməsi k=-3,-2",,,,,,,,,
rate,Uçot dərəcəsi / maliyyə şəraiti,fr1:rinv_state,Dövlət investisiyaları (real),2030,"mln AZN, 2015 qiymətləri",-13.6356,13.4485,0.993115,-0.00345461,0.986276,-0.00690918,1.23867,0.106612,1.84534,0.297096,-0.00684425,-0.209211,-0.0136147,-0.472808,True,"asimmetrik cavab; qeyri-proporsional miqyas; sərhəd kəsilməsi k=-3,-2",,,,,,,,,
rate,Uçot dərəcəsi / maliyyə şəraiti,fr1:rinv_tot,Əsas kapitala investisiyalar (real),2026,"mln AZN, 2015 qiymətləri",0,0,,,,,,,,,,,,,False,"sərhəd kəsilməsi k=-3,-2",,,,,,,,,
rate,Uçot dərəcəsi / maliyyə şəraiti,fr1:rinv_tot,Əsas kapitala investisiyalar (real),2027,"mln AZN, 2015 qiymətləri",-2.96476,2.9052,0.989905,-0.00507307,0.979912,-0.0101459,1.17646,0.0810747,1.7471,0.271959,-0.0100173,-0.175408,-0.0198835,-0.450272,True,"asimmetrik cavab; qeyri-proporsional miqyas; sərhəd kəsilməsi k=-3,-2",,,,,,,,,
rate,Uçot dərəcəsi / maliyyə şəraiti,fr1:rinv_tot,Əsas kapitala investisiyalar (real),2028,"mln AZN, 2015 qiymətləri",-4.03456,3.96401,0.991218,-0.00441045,0.982513,-0.00882078,1.22231,0.100035,1.81756,0.290165,-0.00871791,-0.20319,-0.0173178,-0.468793,True,"asimmetrik cavab; qeyri-proporsional miqyas; sərhəd kəsilməsi k=-3,-2",,,,,,,,,
rate,Uçot dərəcəsi / maliyyə şəraiti,fr1:rinv_tot,Əsas kapitala investisiyalar (real),2029,"mln AZN, 2015 qiymətləri",-4.91335,4.83374,0.991865,-0.00408415,0.983796,-0.00816819,1.22677,0.101839,1.82536,0.292125,-0.00807895,-0.20454,-0.0160559,-0.469693,True,"asimmetrik cavab; qeyri-proporsional miqyas; sərhəd kəsilməsi k=-3,-2",,,,,,,,,
rate,Uçot dərəcəsi / maliyyə şəraiti,fr1:rinv_tot,Əsas kapitala investisiyalar (real),2030,"mln AZN, 2015 qiymətləri",-5.64284,5.55562,0.992242,-0.00389418,0.984544,-0.00778829,1.22937,0.102886,1.8299,0.293262,-0.0077072,-0.20532,-0.0153216,-0.470213,True,"asimmetrik cavab; qeyri-proporsional miqyas; sərhəd kəsilməsi k=-3,-2",,,,,,,,,
rate,Uçot dərəcəsi / maliyyə şəraiti,fr1:rm_non,Qeyri-neft mal idxalı (real),2026,"mln AZN, 2015 qiymətləri",0,0,,,,,,,,,,,,,False,"sərhəd kəsilməsi k=-3,-2",,,,,,,,,
rate,Uçot dərəcəsi / maliyyə şəraiti,fr1:rm_non,Qeyri-neft mal idxalı (real),2027,"mln AZN, 2015 qiymətləri",232.972,-227.884,0.989021,0.00551967,0.978163,0.0110392,1.17266,-0.0794712,1.74007,-0.270091,-0.0108472,-0.174911,-0.0214918,-0.449941,True,"asimmetrik cavab; qeyri-proporsional miqyas; sərhəd kəsilməsi k=-3,-2",,,,,,,,,
rate,Uçot dərəcəsi / maliyyə şəraiti,fr1:rm_non,Qeyri-neft mal idxalı (real),2028,"mln AZN, 2015 qiymətləri",237.119,-231.961,0.989064,0.0054983,0.978246,0.0109965,1.22287,-0.100263,1.81465,-0.289431,-0.0108056,-0.208687,-0.02141,-0.472458,True,"asimmetrik cavab; qeyri-proporsional miqyas; sərhəd kəsilməsi k=-3,-2",,,,,,,,,
rate,Uçot dərəcəsi / maliyyə şəraiti,fr1:rm_non,Qeyri-neft mal idxalı (real),2029,"mln AZN, 2015 qiymətləri",243.621,-238.334,0.989088,0.00548597,0.978295,0.0109718,1.22298,-0.100308,1.81485,-0.289483,-0.0107814,-0.208699,-0.0213623,-0.472466,True,"asimmetrik cavab; qeyri-proporsional miqyas; sərhəd kəsilməsi k=-3,-2",,,,,,,,,
rate,Uçot dərəcəsi / maliyyə şəraiti,fr1:rm_non,Qeyri-neft mal idxalı (real),2030,"mln AZN, 2015 qiymətləri",250.006,-244.582,0.989094,0.0054828,0.978307,0.0109655,1.22301,-0.100319,1.81491,-0.289497,-0.0107749,-0.208703,-0.0213493,-0.472468,True,"asimmetrik cavab; qeyri-proporsional miqyas; sərhəd kəsilməsi k=-3,-2",,,,,,,,,
rate,Uçot dərəcəsi / maliyyə şəraiti,fr1:rva_agr,"Real əlavə dəyər: Kənd, meşə və balıqçılıq",2026,"mln AZN, 2015 qiymətləri",0,0,,,,,,,,,,,,,False,"sərhəd kəsilməsi k=-3,-2",,,,,,,,,
rate,Uçot dərəcəsi / maliyyə şəraiti,fr1:rva_agr,"Real əlavə dəyər: Kənd, meşə və balıqçılıq",2027,"mln AZN, 2015 qiymətləri",0,0,,,,,,,,,,,,,False,"sərhəd kəsilməsi k=-3,-2",,,,,,,,,
rate,Uçot dərəcəsi / maliyyə şəraiti,fr1:rva_agr,"Real əlavə dəyər: Kənd, meşə və balıqçılıq",2028,"mln AZN, 2015 qiymətləri",0,0,,,,,,,,,,,,,False,"sərhəd kəsilməsi k=-3,-2",,,,,,,,,
rate,Uçot dərəcəsi / maliyyə şəraiti,fr1:rva_agr,"Real əlavə dəyər: Kənd, meşə və balıqçılıq",2029,"mln AZN, 2015 qiymətləri",0,0,,,,,,,,,,,,,False,"sərhəd kəsilməsi k=-3,-2",,,,,,,,,
rate,Uçot dərəcəsi / maliyyə şəraiti,fr1:rva_agr,"Real əlavə dəyər: Kənd, meşə və balıqçılıq",2030,"mln AZN, 2015 qiymətləri",0,0,,,,,,,,,,,,,False,"sərhəd kəsilməsi k=-3,-2",,,,,,,,,
rate,Uçot dərəcəsi / maliyyə şəraiti,fr1:rva_con,Real əlavə dəyər: Tikinti,2026,"mln AZN, 2015 qiymətləri",0,0,,,,,,,,,,,,,False,"sərhəd kəsilməsi k=-3,-2",,,,,,,,,
rate,Uçot dərəcəsi / maliyyə şəraiti,fr1:rva_con,Real əlavə dəyər: Tikinti,2027,"mln AZN, 2015 qiymətləri",2.6503,-2.62736,0.995662,0.00217391,0.991342,0.00434773,1.20149,-0.0915247,1.79437,-0.284275,-0.00435429,-0.178499,-0.00869962,-0.452333,True,"asimmetrik cavab; qeyri-proporsional miqyas; sərhəd kəsilməsi k=-3,-2",,,,,,,,,
rate,Uçot dərəcəsi / maliyyə şəraiti,fr1:rva_con,Real əlavə dəyər: Tikinti,2028,"mln AZN, 2015 qiymətləri",2.54952,-2.52879,0.995926,0.00204108,0.991869,0.00408207,1.25821,-0.114342,1.87956,-0.305449,-0.00409488,-0.214909,-0.00818631,-0.476606,True,"asimmetrik cavab; qeyri-proporsional miqyas; sərhəd kəsilməsi k=-3,-2",,,,,,,,,
rate,Uçot dərəcəsi / maliyyə şəraiti,fr1:rva_con,Real əlavə dəyər: Tikinti,2029,"mln AZN, 2015 qiymətləri",2.34552,-2.32789,0.996235,0.00188612,0.992484,0.00377215,1.26032,-0.115168,1.88327,-0.306343,-0.00379299,-0.215499,-0.00758937,-0.477,True,"asimmetrik cavab; qeyri-proporsional miqyas; sərhəd kəsilməsi k=-3,-2",,,,,,,,,
rate,Uçot dərəcəsi / maliyyə şəraiti,fr1:rva_con,Real əlavə dəyər: Tikinti,2030,"mln AZN, 2015 qiymətləri",2.2104,-2.19483,0.99647,0.0017679,0.992954,0.00353568,1.26196,-0.115811,1.88615,-0.307036,-0.00356254,-0.215968,-0.00713351,-0.477312,True,"asimmetrik cavab; qeyri-proporsional miqyas; sərhəd kəsilməsi k=-3,-2",,,,,,,,,
rate,Uçot dərəcəsi / maliyyə şəraiti,fr1:rva_man,Real əlavə dəyər: Emal sənayesi,2026,"mln AZN, 2015 qiymətləri",0,0,,,,,,,,,,,,,False,"sərhəd kəsilməsi k=-3,-2",,,,,,,,,
rate,Uçot dərəcəsi / maliyyə şəraiti,fr1:rva_man,Real əlavə dəyər: Emal sənayesi,2027,"mln AZN, 2015 qiymətləri",0.711074,-0.705402,0.996004,0.00200199,0.992024,0.0040039,1.20299,-0.0921436,1.79721,-0.285002,-0.0040182,-0.178683,-0.00803435,-0.452455,True,"asimmetrik cavab; qeyri-proporsional miqyas; sərhəd kəsilməsi k=-3,-2",,,,,,,,,
rate,Uçot dərəcəsi / maliyyə şəraiti,fr1:rva_man,Real əlavə dəyər: Emal sənayesi,2028,"mln AZN, 2015 qiymətləri",0.653993,-0.649404,0.996485,0.00176059,0.992982,0.00352118,1.26309,-0.116251,1.88787,-0.307447,-0.00354847,-0.216634,-0.00710544,-0.477756,True,"asimmetrik cavab; qeyri-proporsional miqyas; sərhəd kəsilməsi k=-3,-2",,,,,,,,,
rate,Uçot dərəcəsi / maliyyə şəraiti,fr1:rva_man,Real əlavə dəyər: Emal sənayesi,2029,"mln AZN, 2015 qiymətləri",0.569601,-0.566367,0.997157,0.00142331,0.994324,0.00284629,1.26823,-0.118257,1.89679,-0.30958,-0.00289257,-0.218246,-0.00580931,-0.478831,True,"asimmetrik cavab; qeyri-proporsional miqyas; sərhəd kəsilməsi k=-3,-2",,,,,,,,,
rate,Uçot dərəcəsi / maliyyə şəraiti,fr1:rva_man,Real əlavə dəyər: Emal sənayesi,2030,"mln AZN, 2015 qiymətləri",0.508075,-0.505966,0.997922,0.00104022,0.995849,0.00207991,1.27416,-0.120556,1.90705,-0.312017,-0.00214907,-0.220109,-0.00433966,-0.480072,True,"asimmetrik cavab; qeyri-proporsional miqyas; sərhəd kəsilməsi k=-3,-2",,,,,,,,,
rate,Uçot dərəcəsi / maliyyə şəraiti,fr1:rva_trd,Real əlavə dəyər: Ticarət; nəqliyyat vasitələrinin təmiri,2026,"mln AZN, 2015 qiymətləri",0,0,,,,,,,,,,,,,False,"sərhəd kəsilməsi k=-3,-2",,,,,,,,,
rate,Uçot dərəcəsi / maliyyə şəraiti,fr1:rva_trd,Real əlavə dəyər: Ticarət; nəqliyyat vasitələrinin təmiri,2027,"mln AZN, 2015 qiymətləri",126.186,-123.536,0.989441,0.00530729,0.978994,0.0106145,1.17448,-0.0802383,1.74349,-0.271,-0.0104305,-0.175136,-0.0206695,-0.450091,True,"asimmetrik cavab; qeyri-proporsional miqyas; sərhəd kəsilməsi k=-3,-2",,,,,,,,,
rate,Uçot dərəcəsi / maliyyə şəraiti,fr1:rva_trd,Real əlavə dəyər: Ticarət; nəqliyyat vasitələrinin təmiri,2028,"mln AZN, 2015 qiymətləri",130.015,-127.291,0.989466,0.00529484,0.979043,0.0105896,1.2246,-0.100961,1.81793,-0.29026,-0.0104062,-0.208838,-0.0206218,-0.472559,True,"asimmetrik cavab; qeyri-proporsional miqyas; sərhəd kəsilməsi k=-3,-2",,,,,,,,,
rate,Uçot dərəcəsi / maliyyə şəraiti,fr1:rva_trd,Real əlavə dəyər: Ticarət; nəqliyyat vasitələrinin təmiri,2029,"mln AZN, 2015 qiymətləri",135.062,-132.234,0.989477,0.00528936,0.979064,0.0105786,1.22465,-0.100981,1.81803,-0.290284,-0.0103954,-0.208844,-0.0206002,-0.472563,True,"asimmetrik cavab; qeyri-proporsional miqyas; sərhəd kəsilməsi k=-3,-2",,,,,,,,,
rate,Uçot dərəcəsi / maliyyə şəraiti,fr1:rva_trd,Real əlavə dəyər: Ticarət; nəqliyyat vasitələrinin təmiri,2030,"mln AZN, 2015 qiymətləri",140.088,-137.154,0.989473,0.00529148,0.979056,0.0105828,1.22463,-0.100974,1.818,-0.290276,-0.0103992,-0.208843,-0.0206075,-0.472562,True,"asimmetrik cavab; qeyri-proporsional miqyas; sərhəd kəsilməsi k=-3,-2",,,,,,,,,
rate,Uçot dərəcəsi / maliyyə şəraiti,fr1:rx_non,Qeyri-neft mal ixracı (real),2026,"mln AZN, 2015 qiymətləri",0,0,,,,,,,,,,,,,False,"sərhəd kəsilməsi k=-3,-2",,,,,,,,,
rate,Uçot dərəcəsi / maliyyə şəraiti,fr1:rx_non,Qeyri-neft mal ixracı (real),2027,"mln AZN, 2015 qiymətləri",0.147286,-0.146123,0.996045,0.00198163,0.992105,0.00396318,1.20317,-0.092217,1.79755,-0.285088,-0.00397813,-0.178704,-0.00795485,-0.452469,True,"asimmetrik cavab; qeyri-proporsional miqyas; sərhəd kəsilməsi k=-3,-2",,,,,,,,,
rate,Uçot dərəcəsi / maliyyə şəraiti,fr1:rx_non,Qeyri-neft mal ixracı (real),2028,"mln AZN, 2015 qiymətləri",0.140275,-0.1393,0.996521,0.00174272,0.993053,0.00348562,1.26324,-0.116313,1.88817,-0.30752,-0.00351386,-0.216649,-0.00703656,-0.477766,True,"asimmetrik cavab; qeyri-proporsional miqyas; sərhəd kəsilməsi k=-3,-2",,,,,,,,,
rate,Uçot dərəcəsi / maliyyə şəraiti,fr1:rx_non,Qeyri-neft mal ixracı (real),2029,"mln AZN, 2015 qiymətləri",0.125796,-0.125089,0.997186,0.00140917,0.994381,0.00281762,1.26836,-0.118308,1.89704,-0.309639,-0.00286379,-0.218259,-0.00575242,-0.478839,True,"asimmetrik cavab; qeyri-proporsional miqyas; sərhəd kəsilməsi k=-3,-2",,,,,,,,,
rate,Uçot dərəcəsi / maliyyə şəraiti,fr1:rx_non,Qeyri-neft mal ixracı (real),2030,"mln AZN, 2015 qiymətləri",0.11556,-0.115085,0.997945,0.00102859,0.995896,0.002056,1.27427,-0.120598,1.90726,-0.312067,-0.00212471,-0.220119,-0.00429153,-0.480079,True,"asimmetrik cavab; qeyri-proporsional miqyas; sərhəd kəsilməsi k=-3,-2",,,,,,,,,
rate,Uçot dərəcəsi / maliyyə şəraiti,fr1:unemp,İşsizlik səviyyəsi,2026,%,0,0,,,,,,,,,,,,,False,"sərhəd kəsilməsi k=-3,-2",,,,,,,,,
rate,Uçot dərəcəsi / maliyyə şəraiti,fr1:unemp,İşsizlik səviyyəsi,2027,%,-0.0175271,0.0172591,0.992325,-0.00385225,0.984709,-0.00770446,1.18695,0.0854824,1.76694,0.27718,-0.00761191,-0.176699,-0.0151249,-0.451133,True,"asimmetrik cavab; qeyri-proporsional miqyas; sərhəd kəsilməsi k=-3,-2",,,,,,,,,
rate,Uçot dərəcəsi / maliyyə şəraiti,fr1:unemp,İşsizlik səviyyəsi,2028,%,-0.0174311,0.0171642,0.992315,-0.00385757,0.984688,-0.00771511,1.23771,0.106228,1.84249,0.296391,-0.00762209,-0.21049,-0.0151449,-0.47366,True,"asimmetrik cavab; qeyri-proporsional miqyas; sərhəd kəsilməsi k=-3,-2",,,,,,,,,
rate,Uçot dərəcəsi / maliyyə şəraiti,fr1:unemp,İşsizlik səviyyəsi,2029,%,-0.0173849,0.017118,0.992295,-0.00386729,0.98465,-0.00773454,1.23763,0.106197,1.84234,0.296354,-0.00764076,-0.210486,-0.0151816,-0.473657,True,"asimmetrik cavab; qeyri-proporsional miqyas; sərhəd kəsilməsi k=-3,-2",,,,,,,,,
rate,Uçot dərəcəsi / maliyyə şəraiti,fr1:unemp,İşsizlik səviyyəsi,2030,%,-0.0173957,0.0171279,0.992273,-0.00387861,0.984605,-0.00775718,1.23754,0.10616,1.84216,0.296309,-0.00766255,-0.210479,-0.0152244,-0.473653,True,"asimmetrik cavab; qeyri-proporsional miqyas; sərhəd kəsilməsi k=-3,-2",,,,,,,,,
rate,Uçot dərəcəsi / maliyyə şəraiti,fr1:wage,Orta aylıq nominal əmək haqqı,2026,AZN/ay,0,0,,,,,,,,,,,,,False,"sərhəd kəsilməsi k=-3,-2",,,,,,,,,
rate,Uçot dərəcəsi / maliyyə şəraiti,fr1:wage,Orta aylıq nominal əmək haqqı,2027,AZN/ay,6.79003,-6.6545,0.98997,0.00504038,0.98004,0.0100807,1.17675,-0.0812011,1.74777,-0.272138,-0.00991166,-0.175422,-0.0196485,-0.450281,True,"asimmetrik cavab; qeyri-proporsional miqyas; sərhəd kəsilməsi k=-3,-2",,,,,,,,,
rate,Uçot dərəcəsi / maliyyə şəraiti,fr1:wage,Orta aylıq nominal əmək haqqı,2028,AZN/ay,7.23313,-7.08888,0.989978,0.00503609,0.980057,0.0100721,1.22751,-0.102138,1.82318,-0.291579,-0.00990318,-0.209499,-0.0196317,-0.473,True,"asimmetrik cavab; qeyri-proporsional miqyas; sərhəd kəsilməsi k=-3,-2",,,,,,,,,
rate,Uçot dərəcəsi / maliyyə şəraiti,fr1:wage,Orta aylıq nominal əmək haqqı,2029,AZN/ay,7.73953,-7.58506,0.98997,0.00504006,0.980041,0.01008,1.22749,-0.102128,1.82313,-0.291566,-0.00991055,-0.209501,-0.019646,-0.473001,True,"asimmetrik cavab; qeyri-proporsional miqyas; sərhəd kəsilməsi k=-3,-2",,,,,,,,,
rate,Uçot dərəcəsi / maliyyə şəraiti,fr1:wage,Orta aylıq nominal əmək haqqı,2030,AZN/ay,8.25893,-8.09375,0.98995,0.0050505,0.98,0.0101009,1.2274,-0.102093,1.82296,-0.291525,-0.00993039,-0.209495,-0.0196848,-0.472996,True,"asimmetrik cavab; qeyri-proporsional miqyas; sərhəd kəsilməsi k=-3,-2",,,,,,,,,
rate,Uçot dərəcəsi / maliyyə şəraiti,fr3:rw_avg,"Orta aylıq əmək haqqı, real (2015 qiymətləri)",2026,"AZN/ay, 2015 qiymətləri",0,0,,,,,,,,,,,,,False,"sərhəd kəsilməsi k=-3,-2",,,,,,,,,
rate,Uçot dərəcəsi / maliyyə şəraiti,fr3:rw_avg,"Orta aylıq əmək haqqı, real (2015 qiymətləri)",2027,"AZN/ay, 2015 qiymətləri",2.32205,-2.27627,0.990094,0.0049776,0.980286,0.0099552,1.17729,-0.0814277,1.74879,-0.272407,-0.00978814,-0.175488,-0.0194044,-0.450326,True,"asimmetrik cavab; qeyri-proporsional miqyas; sərhəd kəsilməsi k=-3,-2",,,,,,,,,
rate,Uçot dərəcəsi / maliyyə şəraiti,fr3:rw_avg,"Orta aylıq əmək haqqı, real (2015 qiymətləri)",2028,"AZN/ay, 2015 qiymətləri",2.37682,-2.32993,0.990086,0.00498151,0.980271,0.00996299,1.22781,-0.102258,1.82382,-0.291739,-0.00979575,-0.209432,-0.0194191,-0.472955,True,"asimmetrik cavab; qeyri-proporsional miqyas; sərhəd kəsilməsi k=-3,-2",,,,,,,,,
rate,Uçot dərəcəsi / maliyyə şəraiti,fr3:rw_avg,"Orta aylıq əmək haqqı, real (2015 qiymətləri)",2029,"AZN/ay, 2015 qiymətləri",2.45266,-2.40414,0.990061,0.00499457,0.980221,0.00998838,1.22771,-0.102217,1.82362,-0.29169,-0.00981927,-0.209425,-0.0194655,-0.47295,True,"asimmetrik cavab; qeyri-proporsional miqyas; sərhəd kəsilməsi k=-3,-2",,,,,,,,,
rate,Uçot dərəcəsi / maliyyə şəraiti,fr3:rw_avg,"Orta aylıq əmək haqqı, real (2015 qiymətləri)",2030,"AZN/ay, 2015 qiymətləri",2.53137,-2.48114,0.990029,0.00501055,0.980155,0.0100218,1.22757,-0.10216,1.82335,-0.291623,-0.00985179,-0.209413,-0.0195292,-0.472942,True,"asimmetrik cavab; qeyri-proporsional miqyas; sərhəd kəsilməsi k=-3,-2",,,,,,,,,
rate,Uçot dərəcəsi / maliyyə şəraiti,fr4:budget,Büdcə təşkilatlarında muzdlu işçilər,2026,min nəfər,0,0,,,,,,,,,,,,,False,"sərhəd kəsilməsi k=-3,-2",,,,,,,,,
rate,Uçot dərəcəsi / maliyyə şəraiti,fr4:budget,Büdcə təşkilatlarında muzdlu işçilər,2027,min nəfər,-0.428489,0.422932,0.993495,-0.00326321,0.987032,-0.00652644,1.19205,0.0876126,1.77667,0.279714,-0.00642807,-0.177311,-0.0127647,-0.451541,True,"asimmetrik cavab; qeyri-proporsional miqyas; sərhəd kəsilməsi k=-3,-2",,,,,,,,,
rate,Uçot dərəcəsi / maliyyə şəraiti,fr4:budget,Büdcə təşkilatlarında muzdlu işçilər,2028,min nəfər,-0.437244,0.431551,0.99347,-0.00327592,0.986982,-0.00655188,1.24267,0.108207,1.85207,0.298756,-0.00645365,-0.210886,-0.0128157,-0.473924,True,"asimmetrik cavab; qeyri-proporsional miqyas; sərhəd kəsilməsi k=-3,-2",,,,,,,,,
rate,Uçot dərəcəsi / maliyyə şəraiti,fr4:budget,Büdcə təşkilatlarında muzdlu işçilər,2029,min nəfər,-0.446089,0.440248,0.993432,-0.0032946,0.986908,-0.00658922,1.24252,0.108146,1.85177,0.298682,-0.00649077,-0.210876,-0.0128895,-0.473917,True,"asimmetrik cavab; qeyri-proporsional miqyas; sərhəd kəsilməsi k=-3,-2",,,,,,,,,
rate,Uçot dərəcəsi / maliyyə şəraiti,fr4:budget,Büdcə təşkilatlarında muzdlu işçilər,2030,min nəfər,-0.455817,0.449813,0.993393,-0.00331469,0.986829,-0.0066294,1.24235,0.108079,1.85145,0.298602,-0.00653057,-0.210864,-0.0129685,-0.473909,True,"asimmetrik cavab; qeyri-proporsional miqyas; sərhəd kəsilməsi k=-3,-2",,,,,,,,,
rate,Uçot dərəcəsi / maliyyə şəraiti,fr5:vol:total,"Pullu xidmətlər, cəmi: real həcm (2015 qiymətləri)",2026,"mln AZN, 2015 qiymətləri",0,0,,,,,,,,,,,,,False,"sərhəd kəsilməsi k=-3,-2",,,,,,,,,
rate,Uçot dərəcəsi / maliyyə şəraiti,fr5:vol:total,"Pullu xidmətlər, cəmi: real həcm (2015 qiymətləri)",2027,"mln AZN, 2015 qiymətləri",51.7355,-50.6712,0.989661,0.00519636,0.979429,0.0103926,1.17542,-0.0806389,1.74527,-0.271476,-0.0102126,-0.175254,-0.0202392,-0.450169,True,"asimmetrik cavab; qeyri-proporsional miqyas; sərhəd kəsilməsi k=-3,-2",,,,,,,,,
rate,Uçot dərəcəsi / maliyyə şəraiti,fr5:vol:total,"Pullu xidmətlər, cəmi: real həcm (2015 qiymətləri)",2028,"mln AZN, 2015 qiymətləri",53.6908,-52.5871,0.989669,0.00519257,0.979443,0.0103851,1.226,-0.101526,1.82038,-0.290875,-0.0102051,-0.209257,-0.0202243,-0.472838,True,"asimmetrik cavab; qeyri-proporsional miqyas; sərhəd kəsilməsi k=-3,-2",,,,,,,,,
rate,Uçot dərəcəsi / maliyyə şəraiti,fr5:vol:total,"Pullu xidmətlər, cəmi: real həcm (2015 qiymətləri)",2029,"mln AZN, 2015 qiymətləri",56.0972,-54.9431,0.98966,0.00519683,0.979427,0.0103936,1.22597,-0.101514,1.82032,-0.290861,-0.010213,-0.209257,-0.0202398,-0.472838,True,"asimmetrik cavab; qeyri-proporsional miqyas; sərhəd kəsilməsi k=-3,-2",,,,,,,,,
rate,Uçot dərəcəsi / maliyyə şəraiti,fr5:vol:total,"Pullu xidmətlər, cəmi: real həcm (2015 qiymətləri)",2030,"mln AZN, 2015 qiymətləri",58.5072,-57.3012,0.989639,0.00520727,0.979386,0.0104144,1.22588,-0.101479,1.82016,-0.29082,-0.0102328,-0.209251,-0.0202786,-0.472834,True,"asimmetrik cavab; qeyri-proporsional miqyas; sərhəd kəsilməsi k=-3,-2",,,,,,,,,
rate,Uçot dərəcəsi / maliyyə şəraiti,ru:budget_gdp,Büdcə balansı,2026,% ÜDM (f.b.),0,0,,,,,,,,,,,,,False,"sərhəd kəsilməsi k=-3,-2","Büdcə balansı həddi (< hədd, % ÜDM)",-1,0.655559,,,,,8,
rate,Uçot dərəcəsi / maliyyə şəraiti,ru:budget_gdp,Büdcə balansı,2027,% ÜDM (f.b.),0.100504,-0.0980269,0.987602,0.00623752,0.975358,0.0124748,1.16658,-0.0768858,1.7287,-0.26705,-0.0122166,-0.17413,-0.0241673,-0.44942,True,"asimmetrik cavab; qeyri-proporsional miqyas; sərhəd kəsilməsi k=-3,-2","Büdcə balansı həddi (< hədd, % ÜDM)",-1,0.32115,,,,,8,
rate,Uçot dərəcəsi / maliyyə şəraiti,ru:budget_gdp,Büdcə balansı,2028,% ÜDM (f.b.),0.109907,-0.107227,0.987735,0.00617039,0.97562,0.0123406,1.21377,-0.0965649,1.79887,-0.285425,-0.0120865,-0.205924,-0.0239117,-0.470616,True,"asimmetrik cavab; qeyri-proporsional miqyas; sərhəd kəsilməsi k=-3,-2","Büdcə balansı həddi (< hədd, % ÜDM)",-1,0.0335283,,,,,8,
rate,Uçot dərəcəsi / maliyyə şəraiti,ru:budget_gdp,Büdcə balansı,2029,% ÜDM (f.b.),0.117392,-0.11455,0.987823,0.00612597,0.975793,0.0122517,1.21444,-0.0968366,1.80001,-0.285716,-0.0120001,-0.206149,-0.023742,-0.470766,True,"asimmetrik cavab; qeyri-proporsional miqyas; sərhəd kəsilməsi k=-3,-2","Büdcə balansı həddi (< hədd, % ÜDM)",-1,0.108813,,,,,8,
rate,Uçot dərəcəsi / maliyyə şəraiti,ru:budget_gdp,Büdcə balansı,2030,% ÜDM (f.b.),0.12547,-0.122446,0.987878,0.00609803,0.975902,0.0121959,1.21491,-0.0970297,1.80081,-0.285921,-0.0119456,-0.206326,-0.0236348,-0.470884,True,"asimmetrik cavab; qeyri-proporsional miqyas; sərhəd kəsilməsi k=-3,-2","Büdcə balansı həddi (< hədd, % ÜDM)",-1,0.141054,,,,,8,
rate,Uçot dərəcəsi / maliyyə şəraiti,ru:cpi,"İnflyasiya (İQİ, illik orta)",2026,f.b.,0,0,,,,,,,,,,,,,False,"sərhəd kəsilməsi k=-3,-2",İnflyasiya həddi (> hədd),6,5.2991,,,,,10,
rate,Uçot dərəcəsi / maliyyə şəraiti,ru:cpi,"İnflyasiya (İQİ, illik orta)",2027,f.b.,0.187842,-0.185086,0.992637,0.00369524,0.985328,0.00739044,1.1883,-0.0860483,1.76949,-0.277846,-0.00730627,-0.176867,-0.0145221,-0.451245,True,"asimmetrik cavab; qeyri-proporsional miqyas; sərhəd kəsilməsi k=-3,-2",İnflyasiya həddi (> hədd),6,5.7416,1.58122,,-6.03166,,10,
rate,Uçot dərəcəsi / maliyyə şəraiti,ru:cpi,"İnflyasiya (İQİ, illik orta)",2028,f.b.,-0.00127744,0.00126229,0.994049,-0.00298458,0.988135,-0.00596806,0.17027,-0.709007,0.253885,-0.595042,-0.00594989,4.76881,-0.0118648,2.84588,False,"sərhəd kəsilməsi k=-3,-2",İnflyasiya həddi (> hədd),6,5.8752,,,,,10,
rate,Uçot dərəcəsi / maliyyə şəraiti,ru:cpi,"İnflyasiya (İQİ, illik orta)",2029,f.b.,-0.000763758,0.000759466,0.997189,-0.00140736,0.994381,-0.00281746,1.25761,0.114109,1.88075,0.305736,-0.00293532,-0.211632,-0.00593266,-0.474421,False,"sərhəd kəsilməsi k=-3,-2",İnflyasiya həddi (> hədd),6,5.9149,,,,,10,
rate,Uçot dərəcəsi / maliyyə şəraiti,ru:cpi,"İnflyasiya (İQİ, illik orta)",2030,f.b.,-0.000118926,0.000125455,1.02707,0.0133536,1.0549,0.0267176,1.38826,0.16257,2.12994,0.36101,0.0244063,-0.221581,0.0477979,-0.481054,False,"sərhəd kəsilməsi k=-3,-2",İnflyasiya həddi (> hədd),6,5.9278,,,,,10,
rate,Uçot dərəcəsi / maliyyə şəraiti,ru:debt_gdp,Dövlət borcu,2026,% ÜDM (f.b.),0,0,,,,,,,,,,,,,False,"sərhəd kəsilməsi k=-3,-2",Dövlət borcu > 30% ÜDM (DSA həddi),30,17.2926,,,,,15,
rate,Uçot dərəcəsi / maliyyə şəraiti,ru:debt_gdp,Dövlət borcu,2027,% ÜDM (f.b.),-0.190632,0.188337,0.993963,-0.00302743,0.987963,-0.00605482,1.19407,0.0884532,1.78037,0.280673,-0.0060104,-0.177583,-0.0119674,-0.451722,True,"asimmetrik cavab; qeyri-proporsional miqyas; sərhəd kəsilməsi k=-3,-2",Dövlət borcu > 30% ÜDM (DSA həddi),30,15.6733,,,,,15,
rate,Uçot dərəcəsi / maliyyə şəraiti,ru:debt_gdp,Dövlət borcu,2028,% ÜDM (f.b.),-0.288436,0.284947,0.993934,-0.0030421,0.987905,-0.00608415,1.22639,0.101685,1.82852,0.292916,-0.00603628,-0.199324,-0.0120167,-0.466216,True,"asimmetrik cavab; qeyri-proporsional miqyas; sərhəd kəsilməsi k=-3,-2",Dövlət borcu > 30% ÜDM (DSA həddi),30,14.5227,,,,,15,
rate,Uçot dərəcəsi / maliyyə şəraiti,ru:debt_gdp,Dövlət borcu,2029,% ÜDM (f.b.),-0.379392,0.374799,0.993928,-0.00304528,0.987893,-0.00609051,1.23096,0.103524,1.83532,0.294612,-0.00604124,-0.202308,-0.0120257,-0.468206,True,"asimmetrik cavab; qeyri-proporsional miqyas; sərhəd kəsilməsi k=-3,-2",Dövlət borcu > 30% ÜDM (DSA həddi),30,13.1051,,,,,15,
rate,Uçot dərəcəsi / maliyyə şəraiti,ru:debt_gdp,Dövlət borcu,2030,% ÜDM (f.b.),-0.474058,0.468389,0.994002,-0.00300792,0.98804,-0.0060158,1.23408,0.104779,1.84012,0.295804,-0.00596763,-0.204152,-0.0118797,-0.469435,True,"asimmetrik cavab; qeyri-proporsional miqyas; sərhəd kəsilməsi k=-3,-2",Dövlət borcu > 30% ÜDM (DSA həddi),30,11.9126,,,,,15,
rate,Uçot dərəcəsi / maliyyə şəraiti,ru:nonoil_g,Qeyri-neft ÜDM real artımı,2026,f.b.,0,0,,,,,,,,,,,,,False,"sərhəd kəsilməsi k=-3,-2",Growth-at-Risk həddi (qeyri-neft artımı < hədd),2,5.312,,,,,6,
rate,Uçot dərəcəsi / maliyyə şəraiti,ru:nonoil_g,Qeyri-neft ÜDM real artımı,2027,f.b.,0.578266,-0.566437,0.98972,0.00516676,0.979545,0.0103334,1.17568,-0.0807456,1.74575,-0.271601,-0.0101554,-0.175286,-0.0201271,-0.450191,True,"asimmetrik cavab; qeyri-proporsional miqyas; sərhəd kəsilməsi k=-3,-2",Growth-at-Risk həddi (qeyri-neft artımı < hədd),2,5.43,,,,,6,
rate,Uçot dərəcəsi / maliyyə şəraiti,ru:nonoil_g,Qeyri-neft ÜDM real artımı,2028,f.b.,-0.00388713,0.00384117,0.99407,-0.00297375,0.988176,-0.00594714,0.170316,-0.70894,0.253959,-0.594948,-0.00593079,4.76759,-0.0118267,2.84506,False,"sərhəd kəsilməsi k=-3,-2",Growth-at-Risk həddi (qeyri-neft artımı < hədd),2,5.603,,,,,6,
rate,Uçot dərəcəsi / maliyyə şəraiti,ru:nonoil_g,Qeyri-neft ÜDM real artımı,2029,f.b.,-0.00233141,0.00231836,0.997198,-0.00140314,0.994402,-0.0028068,1.25767,0.114129,1.88085,0.30576,-0.00292169,-0.211638,-0.00590726,-0.474425,False,"sərhəd kəsilməsi k=-3,-2",Growth-at-Risk həddi (qeyri-neft artımı < hədd),2,5.632,,,,,6,
rate,Uçot dərəcəsi / maliyyə şəraiti,ru:nonoil_g,Qeyri-neft ÜDM real artımı,2030,f.b.,-0.000360815,0.000380624,1.02706,0.0133507,1.0549,0.026717,1.38827,0.162573,2.12996,0.361014,0.0244128,-0.221582,0.0478073,-0.481054,False,"sərhəd kəsilməsi k=-3,-2",Growth-at-Risk həddi (qeyri-neft artımı < hədd),2,5.727,,,,,6,
rate,Uçot dərəcəsi / maliyyə şəraiti,ru:nonoil_lvl,Qeyri-neft real ÜDM səviyyəsi,2026,% (baza ilə fərq),0,0,,,,,,,,,,,,,False,"sərhəd kəsilməsi k=-3,-2",,,,,,,,10,
rate,Uçot dərəcəsi / maliyyə şəraiti,ru:nonoil_lvl,Qeyri-neft real ÜDM səviyyəsi,2027,% (baza ilə fərq),0.549796,-0.538549,0.98972,0.00516676,0.979545,0.0103334,1.17568,-0.0807456,1.74575,-0.271601,-0.0101554,-0.175286,-0.0201271,-0.450191,True,"asimmetrik cavab; qeyri-proporsional miqyas; sərhəd kəsilməsi k=-3,-2",,,,,,,,10,
rate,Uçot dərəcəsi / maliyyə şəraiti,ru:nonoil_lvl,Qeyri-neft real ÜDM səviyyəsi,2028,% (baza ilə fərq),0.546055,-0.534893,0.989727,0.00516315,0.979559,0.0103262,1.22626,-0.10163,1.82087,-0.290998,-0.0101483,-0.209285,-0.0201128,-0.472857,True,"asimmetrik cavab; qeyri-proporsional miqyas; sərhəd kəsilməsi k=-3,-2",,,,,,,,10,
rate,Uçot dərəcəsi / maliyyə şəraiti,ru:nonoil_lvl,Qeyri-neft real ÜDM səviyyəsi,2029,% (baza ilə fərq),0.54382,-0.532694,0.989718,0.00516751,0.979542,0.0103349,1.22622,-0.101618,1.82081,-0.290983,-0.0101564,-0.209286,-0.0201287,-0.472857,True,"asimmetrik cavab; qeyri-proporsional miqyas; sərhəd kəsilməsi k=-3,-2",,,,,,,,10,
rate,Uçot dərəcəsi / maliyyə şəraiti,ru:nonoil_lvl,Qeyri-neft real ÜDM səviyyəsi,2030,% (baza ilə fərq),0.543472,-0.532331,0.989697,0.00517797,0.979501,0.0103558,1.22614,-0.101583,1.82064,-0.290942,-0.0101763,-0.20928,-0.0201676,-0.472853,True,"asimmetrik cavab; qeyri-proporsional miqyas; sərhəd kəsilməsi k=-3,-2",,,,,,,,10,
rate,Uçot dərəcəsi / maliyyə şəraiti,ru:tb_gdp,Mal ticarəti balansı (cari hesab proksisi),2026,% ÜDM (f.b.),0,0,,,,,,,,,,,,,False,"sərhəd kəsilməsi k=-3,-2",Mal ticarəti balansı < 0 (kəsir),0,9.03884,,,,,15,
rate,Uçot dərəcəsi / maliyyə şəraiti,ru:tb_gdp,Mal ticarəti balansı (cari hesab proksisi),2027,% ÜDM (f.b.),-0.386123,0.376707,0.987731,-0.00617228,0.975612,-0.0123444,1.16712,0.077118,1.72968,0.267314,-0.0121051,-0.174207,-0.0239581,-0.449472,True,"asimmetrik cavab; qeyri-proporsional miqyas; sərhəd kəsilməsi k=-3,-2",Mal ticarəti balansı < 0 (kəsir),0,6.55075,,,,,15,
rate,Uçot dərəcəsi / maliyyə şəraiti,ru:tb_gdp,Mal ticarəti balansı (cari hesab proksisi),2028,% ÜDM (f.b.),-0.383937,0.374547,0.987697,-0.00618963,0.975545,-0.012379,1.21671,0.097764,1.80311,0.286508,-0.0121388,-0.207947,-0.0240244,-0.471965,True,"asimmetrik cavab; qeyri-proporsional miqyas; sərhəd kəsilməsi k=-3,-2",Mal ticarəti balansı < 0 (kəsir),0,4.31464,,,,,15,
rate,Uçot dərəcəsi / maliyyə şəraiti,ru:tb_gdp,Mal ticarəti balansı (cari hesab proksisi),2029,% ÜDM (f.b.),-0.378249,0.368971,0.98766,-0.00620846,0.975471,-0.0124167,1.21656,0.0976996,1.80281,0.286431,-0.0121752,-0.207933,-0.0240958,-0.471955,True,"asimmetrik cavab; qeyri-proporsional miqyas; sərhəd kəsilməsi k=-3,-2",Mal ticarəti balansı < 0 (kəsir),0,3.69245,,,,,15,
rate,Uçot dərəcəsi / maliyyə şəraiti,ru:tb_gdp,Mal ticarəti balansı (cari hesab proksisi),2030,% ÜDM (f.b.),-0.37606,0.366801,0.987613,-0.00623193,0.97538,-0.0124636,1.21636,0.097619,1.80244,0.286336,-0.0122204,-0.207914,-0.0241843,-0.471943,True,"asimmetrik cavab; qeyri-proporsional miqyas; sərhəd kəsilməsi k=-3,-2",Mal ticarəti balansı < 0 (kəsir),0,2.75209,,,,,15,
remit,Pul baratları,fr10:ind_output,"Sənaye buraxılışı, cəmi (30 sahə)",2026,mln manat,0,0,,,,,,,,,,,,,False,,,,,,,,,,
remit,Pul baratları,fr10:ind_output,"Sənaye buraxılışı, cəmi (30 sahə)",2027,mln manat,-74.7505,105.861,1.18997,0.0867441,1.4162,0.172253,2.0077,0.335039,2.85265,0.480877,0.210535,-0.146107,0.483581,-0.263476,True,asimmetrik cavab; qeyri-proporsional miqyas,,,,,,,,,
remit,Pul baratları,fr10:ind_output,"Sənaye buraxılışı, cəmi (30 sahə)",2028,mln manat,-82.8627,117.385,1.19014,0.0868166,1.41662,0.172398,2.00897,0.335321,2.85567,0.481284,0.210839,-0.14618,0.484493,-0.263584,True,asimmetrik cavab; qeyri-proporsional miqyas,,,,,,,,,
remit,Pul baratları,fr10:ind_output,"Sənaye buraxılışı, cəmi (30 sahə)",2029,mln manat,-91.778,130.061,1.19035,0.0869044,1.41713,0.172572,2.01051,0.335661,2.85933,0.481775,0.211206,-0.146269,0.485595,-0.263715,True,asimmetrik cavab; qeyri-proporsional miqyas,,,,,,,,,
remit,Pul baratları,fr10:ind_output,"Sənaye buraxılışı, cəmi (30 sahə)",2030,mln manat,-101.439,143.805,1.19056,0.0869926,1.41764,0.172747,2.01206,0.336003,2.86301,0.482269,0.211575,-0.146359,0.486706,-0.263847,True,asimmetrik cavab; qeyri-proporsional miqyas,,,,,,,,,
remit,Pul baratları,fr12:act:N:ALL,Qeydiyyatdakı vahidlər (ehtiyat): Bütün sahələr,2026,vahid,0,0,,,,,,,,,,,,,False,,,,,,,,,,
remit,Pul baratları,fr12:act:N:ALL,Qeydiyyatdakı vahidlər (ehtiyat): Bütün sahələr,2027,vahid,-52.3854,73.5481,1.1849,0.0846246,1.40398,0.168046,1.97118,0.326867,2.76773,0.469177,0.201937,-0.143917,0.458323,-0.26024,True,asimmetrik cavab; qeyri-proporsional miqyas,,,,,,,,,
remit,Pul baratları,fr12:act:N:ALL,Qeydiyyatdakı vahidlər (ehtiyat): Bütün sahələr,2028,vahid,-51.5738,72.4171,1.18497,0.0846539,1.40415,0.168104,1.97168,0.326981,2.76891,0.469343,0.202059,-0.143946,0.458686,-0.260284,True,asimmetrik cavab; qeyri-proporsional miqyas,,,,,,,,,
remit,Pul baratları,fr12:act:N:ALL,Qeydiyyatdakı vahidlər (ehtiyat): Bütün sahələr,2029,vahid,-50.8162,71.3643,1.18505,0.0846907,1.40436,0.168177,1.97232,0.327125,2.77041,0.469553,0.202212,-0.143984,0.459142,-0.260339,True,asimmetrik cavab; qeyri-proporsional miqyas,,,,,,,,,
remit,Pul baratları,fr12:act:N:ALL,Qeydiyyatdakı vahidlər (ehtiyat): Bütün sahələr,2030,vahid,-50.1547,70.4466,1.18515,0.0847303,1.40459,0.168256,1.973,0.32728,2.77201,0.469779,0.202377,-0.144024,0.459634,-0.260399,True,asimmetrik cavab; qeyri-proporsional miqyas,,,,,,,,,
remit,Pul baratları,fr12:ew:score:CON,Erkən xəbərdarlıq balı (0–1): Tikinti,2026,bal (0–1),0,0,,,,,,,,,,,,,False,,,,,,,,,,
remit,Pul baratları,fr12:ew:score:CON,Erkən xəbərdarlıq balı (0–1): Tikinti,2027,bal (0–1),0,0,,,,,,,,,,,,,False,,,,,,,,,,
remit,Pul baratları,fr12:ew:score:CON,Erkən xəbərdarlıq balı (0–1): Tikinti,2028,bal (0–1),0,0,,,,,,,,,,,,,False,,,,,,,,,,
remit,Pul baratları,fr12:ew:score:CON,Erkən xəbərdarlıq balı (0–1): Tikinti,2029,bal (0–1),0,0,,,,,,,,,,,,,False,,,,,,,,,,
remit,Pul baratları,fr12:ew:score:CON,Erkən xəbərdarlıq balı (0–1): Tikinti,2030,bal (0–1),0,0,,,,,,,,,,,,,False,,,,,,,,,,
remit,Pul baratları,fr12:ew:score:TRD,Erkən xəbərdarlıq balı (0–1): Ticarət,2026,bal (0–1),0,0,,,,,,,,,,,,,False,,,,,,,,,,
remit,Pul baratları,fr12:ew:score:TRD,Erkən xəbərdarlıq balı (0–1): Ticarət,2027,bal (0–1),0,0,,,,,,,,,,,,,False,,,,,,,,,,
remit,Pul baratları,fr12:ew:score:TRD,Erkən xəbərdarlıq balı (0–1): Ticarət,2028,bal (0–1),0,0,,,,,,,,,,,,,False,,,,,,,,,,
remit,Pul baratları,fr12:ew:score:TRD,Erkən xəbərdarlıq balı (0–1): Ticarət,2029,bal (0–1),0,0,,,,,,,,,,,,,False,,,,,,,,,,
remit,Pul baratları,fr12:ew:score:TRD,Erkən xəbərdarlıq balı (0–1): Ticarət,2030,bal (0–1),0,0,,,,,,,,,,,,,False,,,,,,,,,,
remit,Pul baratları,fr1:balance_n,Büdcə balansı,2026,"mln AZN, cari qiymətlər",0,0,,,,,,,,,,,,,False,,,,,,,,,,
remit,Pul baratları,fr1:balance_n,Büdcə balansı,2027,"mln AZN, cari qiymətlər",-123.646,177.033,1.1964,0.0894176,1.43177,0.177555,2.05479,0.34529,2.96382,0.495436,0.221507,-0.148857,0.516238,-0.26753,True,asimmetrik cavab; qeyri-proporsional miqyas,,,,,,,,,
remit,Pul baratları,fr1:balance_n,Büdcə balansı,2028,"mln AZN, cari qiymətlər",-147.254,210.782,1.19625,0.0893572,1.43142,0.177436,2.05374,0.345065,2.96139,0.495127,0.221273,-0.148793,0.515566,-0.267435,True,asimmetrik cavab; qeyri-proporsional miqyas,,,,,,,,,
remit,Pul baratları,fr1:balance_n,Büdcə balansı,2029,"mln AZN, cari qiymətlər",-174.374,249.58,1.1962,0.0893354,1.43129,0.177393,2.05337,0.344986,2.96059,0.495025,0.221198,-0.148768,0.515368,-0.267398,True,asimmetrik cavab; qeyri-proporsional miqyas,,,,,,,,,
remit,Pul baratları,fr1:balance_n,Büdcə balansı,2030,"mln AZN, cari qiymətlər",-204.227,292.308,1.1962,0.0893346,1.43129,0.177392,2.05338,0.344987,2.96068,0.495037,0.221209,-0.148765,0.515427,-0.267393,True,asimmetrik cavab; qeyri-proporsional miqyas,,,,,,,,,
remit,Pul baratları,fr1:debt_azn,"Dövlət borcu (xarici + daxili, Maliyyə Nazirliyinin anlayışı; dövlət zəmanətli borc daxil deyil)",2026,"mln AZN, cari qiymətlər",0,0,,,,,,,,,,,,,False,,,,,,,,,,
remit,Pul baratları,fr1:debt_azn,"Dövlət borcu (xarici + daxili, Maliyyə Nazirliyinin anlayışı; dövlət zəmanətli borc daxil deyil)",2027,"mln AZN, cari qiymətlər",123.646,-177.033,1.1964,-0.0894176,1.43177,-0.177555,2.05479,-0.34529,2.96382,-0.495436,0.221507,-0.148857,0.516238,-0.26753,True,asimmetrik cavab; qeyri-proporsional miqyas,,,,,,,,,
remit,Pul baratları,fr1:debt_azn,"Dövlət borcu (xarici + daxili, Maliyyə Nazirliyinin anlayışı; dövlət zəmanətli borc daxil deyil)",2028,"mln AZN, cari qiymətlər",270.9,-387.815,1.19632,-0.0893848,1.43158,-0.17749,2.05422,-0.345168,2.9625,-0.495268,0.22138,-0.148822,0.515872,-0.267478,True,asimmetrik cavab; qeyri-proporsional miqyas,,,,,,,,,
remit,Pul baratları,fr1:debt_azn,"Dövlət borcu (xarici + daxili, Maliyyə Nazirliyinin anlayışı; dövlət zəmanətli borc daxil deyil)",2029,"mln AZN, cari qiymətlər",445.273,-637.395,1.19627,-0.0893654,1.43147,-0.177452,2.05388,-0.345096,2.96175,-0.495173,0.221308,-0.148801,0.515675,-0.267447,True,asimmetrik cavab; qeyri-proporsional miqyas,,,,,,,,,
remit,Pul baratları,fr1:debt_azn,"Dövlət borcu (xarici + daxili, Maliyyə Nazirliyinin anlayışı; dövlət zəmanətli borc daxil deyil)",2030,"mln AZN, cari qiymətlər",649.5,-929.703,1.19625,-0.0893558,1.43141,-0.177433,2.05373,-0.345062,2.96142,-0.49513,0.221277,-0.14879,0.515597,-0.26743,True,asimmetrik cavab; qeyri-proporsional miqyas,,,,,,,,,
remit,Pul baratları,fr1:emp,Məşğul əhali,2026,min nəfər,0,0,,,,,,,,,,,,,False,,,,,,,,,,
remit,Pul baratları,fr1:emp,Məşğul əhali,2027,min nəfər,-0.996051,1.40728,1.18859,0.0861678,1.41286,0.171109,1.99765,0.332812,2.82905,0.477677,0.20816,-0.145516,0.476522,-0.262606,True,asimmetrik cavab; qeyri-proporsional miqyas,,,,,,,,,
remit,Pul baratları,fr1:emp,Məşğul əhali,2028,min nəfər,-1.00448,1.41959,1.18875,0.0862348,1.41325,0.171242,1.99882,0.333072,2.8318,0.478052,0.208438,-0.145585,0.477351,-0.262706,True,asimmetrik cavab; qeyri-proporsional miqyas,,,,,,,,,
remit,Pul baratları,fr1:emp,Məşğul əhali,2029,min nəfər,-1.01536,1.43542,1.18894,0.0863145,1.41371,0.1714,2.00021,0.33338,2.83507,0.478497,0.208768,-0.145666,0.478337,-0.262826,True,asimmetrik cavab; qeyri-proporsional miqyas,,,,,,,,,
remit,Pul baratları,fr1:emp,Məşğul əhali,2030,min nəfər,-1.0296,1.45603,1.18913,0.0863935,1.41417,0.171557,2.00159,0.333687,2.83833,0.47894,0.209096,-0.145747,0.479317,-0.262945,True,asimmetrik cavab; qeyri-proporsional miqyas,,,,,,,,,
remit,Pul baratları,fr1:gdp_n,Nominal ÜDM,2026,"mln AZN, cari qiymətlər",0,0,,,,,,,,,,,,,False,,,,,,,,,,
remit,Pul baratları,fr1:gdp_n,Nominal ÜDM,2027,"mln AZN, cari qiymətlər",-883.988,1259.77,1.19364,0.0882738,1.42509,0.175289,2.03457,0.340928,2.91611,0.489289,0.216845,-0.147674,0.502394,-0.265786,True,asimmetrik cavab; qeyri-proporsional miqyas,,,,,,,,,
remit,Pul baratları,fr1:gdp_n,Nominal ÜDM,2028,"mln AZN, cari qiymətlər",-988.221,1408.66,1.19379,0.0883352,1.42545,0.175411,2.03567,0.341166,2.91876,0.489634,0.217107,-0.147736,0.503193,-0.265877,True,asimmetrik cavab; qeyri-proporsional miqyas,,,,,,,,,
remit,Pul baratları,fr1:gdp_n,Nominal ÜDM,2029,"mln AZN, cari qiymətlər",-1109.23,1581.66,1.19398,0.0884132,1.42591,0.175566,2.03706,0.341469,2.92212,0.490072,0.21744,-0.147815,0.504207,-0.265992,True,asimmetrik cavab; qeyri-proporsional miqyas,,,,,,,,,
remit,Pul baratları,fr1:gdp_n,Nominal ÜDM,2030,"mln AZN, cari qiymətlər",-1238.65,1766.81,1.19418,0.0884977,1.4264,0.175734,2.03858,0.341797,2.92576,0.490545,0.2178,-0.1479,0.505305,-0.266117,True,asimmetrik cavab; qeyri-proporsional miqyas,,,,,,,,,
remit,Pul baratları,fr1:infl,İnflyasiya (İQİ),2026,%,0,0,,,,,,,,,,,,,False,,,,,,,,,,
remit,Pul baratları,fr1:infl,İnflyasiya (İQİ),2027,%,-0.196308,0.277135,1.18812,0.0859729,1.41174,0.170722,1.99428,0.33206,2.82118,0.476601,0.207366,-0.145316,0.474181,-0.262309,True,asimmetrik cavab; qeyri-proporsional miqyas,,,,,,,,,
remit,Pul baratları,fr1:infl,İnflyasiya (İQİ),2028,%,-0.000362855,0.000588789,1.27308,0.120135,1.62266,0.237415,2.65806,0.453263,4.43594,0.632079,0.339101,-0.182525,0.866754,-0.317146,False,,,,,,,,,,
remit,Pul baratları,fr1:infl,İnflyasiya (İQİ),2029,%,-0.000801538,0.00122347,1.23489,0.105102,1.5264,0.208359,2.34774,0.402583,3.66781,0.571534,0.283475,-0.165542,0.700979,-0.29212,False,,,,,,,,,,
remit,Pul baratları,fr1:infl,İnflyasiya (İQİ),2030,%,-0.0014714,0.00217038,1.21411,0.0967044,1.47504,0.191934,2.18747,0.372543,3.28081,0.532798,0.250946,-0.156467,0.604231,-0.278741,False,,,,,,,,,,
remit,Pul baratları,fr1:lendrate,Kreditlər üzrə orta faiz dərəcəsi,2026,%,0,0,,,,,,,,,,,,,False,,,,,,,,,,
remit,Pul baratları,fr1:lendrate,Kreditlər üzrə orta faiz dərəcəsi,2027,%,0,0,,,,,,,,,,,,,False,,,,,,,,,,
remit,Pul baratları,fr1:lendrate,Kreditlər üzrə orta faiz dərəcəsi,2028,%,0,0,,,,,,,,,,,,,False,,,,,,,,,,
remit,Pul baratları,fr1:lendrate,Kreditlər üzrə orta faiz dərəcəsi,2029,%,0,0,,,,,,,,,,,,,False,,,,,,,,,,
remit,Pul baratları,fr1:lendrate,Kreditlər üzrə orta faiz dərəcəsi,2030,%,0,0,,,,,,,,,,,,,False,,,,,,,,,,
remit,Pul baratları,fr1:nobd_pct,"Qeyri-neft büdcə balansı, qeyri-neft ÜDM-ə nisbətən",2026,%,0,0,,,,,,,,,,,,,False,,,,,,,,,,
remit,Pul baratları,fr1:nobd_pct,"Qeyri-neft büdcə balansı, qeyri-neft ÜDM-ə nisbətən",2027,%,-0.231812,0.32486,1.18383,0.0841757,1.4014,0.167152,1.96342,0.325105,2.74945,0.466589,0.200046,-0.143464,0.452666,-0.259575,True,asimmetrik cavab; qeyri-proporsional miqyas,,,,,,,,,
remit,Pul baratları,fr1:nobd_pct,"Qeyri-neft büdcə balansı, qeyri-neft ÜDM-ə nisbətən",2028,%,-0.226742,0.317787,1.18388,0.0841993,1.40153,0.167199,1.96383,0.325197,2.75039,0.466722,0.200143,-0.143489,0.452952,-0.25961,True,asimmetrik cavab; qeyri-proporsional miqyas,,,,,,,,,
remit,Pul baratları,fr1:nobd_pct,"Qeyri-neft büdcə balansı, qeyri-neft ÜDM-ə nisbətən",2029,%,-0.225569,0.31616,1.18391,0.084213,1.40161,0.167226,1.96406,0.32525,2.75094,0.466801,0.2002,-0.143502,0.453122,-0.259631,True,asimmetrik cavab; qeyri-proporsional miqyas,,,,,,,,,
remit,Pul baratları,fr1:nobd_pct,"Qeyri-neft büdcə balansı, qeyri-neft ÜDM-ə nisbətən",2030,%,-0.224871,0.315193,1.18393,0.0842211,1.40166,0.167242,1.9642,0.325282,2.75127,0.466848,0.200234,-0.143511,0.453225,-0.259643,True,asimmetrik cavab; qeyri-proporsional miqyas,,,,,,,,,
remit,Pul baratları,fr1:rcons,Real istehlak (istehlak bazarı),2026,"mln AZN, 2015 qiymətləri",0,0,,,,,,,,,,,,,False,,,,,,,,,,
remit,Pul baratları,fr1:rcons,Real istehlak (istehlak bazarı),2027,"mln AZN, 2015 qiymətləri",-626.494,892.112,1.19318,0.0880835,1.42398,0.174909,2.03109,0.340172,2.90748,0.488161,0.21598,-0.147491,0.499667,-0.265519,True,asimmetrik cavab; qeyri-proporsional miqyas,,,,,,,,,
remit,Pul baratları,fr1:rcons,Real istehlak (istehlak bazarı),2028,"mln AZN, 2015 qiymətləri",-647.046,921.501,1.19326,0.0881162,1.42417,0.174974,2.03168,0.3403,2.90891,0.488349,0.216122,-0.147524,0.500105,-0.265567,True,asimmetrik cavab; qeyri-proporsional miqyas,,,,,,,,,
remit,Pul baratları,fr1:rcons,Real istehlak (istehlak bazarı),2029,"mln AZN, 2015 qiymətləri",-674.608,960.927,1.19337,0.0881599,1.42442,0.175061,2.03247,0.340471,2.91081,0.488597,0.216311,-0.147567,0.500684,-0.265631,True,asimmetrik cavab; qeyri-proporsional miqyas,,,,,,,,,
remit,Pul baratları,fr1:rcons,Real istehlak (istehlak bazarı),2030,"mln AZN, 2015 qiymətləri",-702.72,1001.18,1.19349,0.0882119,1.42473,0.175165,2.0334,0.340673,2.91306,0.488891,0.216534,-0.147619,0.501368,-0.265707,True,asimmetrik cavab; qeyri-proporsional miqyas,,,,,,,,,
remit,Pul baratları,fr1:rcred_tot,Kreditlər (real),2026,"mln AZN, 2015 qiymətləri",0,0,,,,,,,,,,,,,False,,,,,,,,,,
remit,Pul baratları,fr1:rcred_tot,Kreditlər (real),2027,"mln AZN, 2015 qiymətləri",-75.0534,106.256,1.18978,0.0866649,1.41574,0.172097,2.00635,0.334741,2.8496,0.480466,0.210234,-0.146021,0.48273,-0.263349,True,asimmetrik cavab; qeyri-proporsional miqyas,,,,,,,,,
remit,Pul baratları,fr1:rcred_tot,Kreditlər (real),2028,"mln AZN, 2015 qiymətləri",-78.0371,110.505,1.18991,0.0867192,1.41606,0.172205,2.0073,0.334953,2.85188,0.480773,0.210463,-0.146076,0.483421,-0.26343,True,asimmetrik cavab; qeyri-proporsional miqyas,,,,,,,,,
remit,Pul baratları,fr1:rcred_tot,Kreditlər (real),2029,"mln AZN, 2015 qiymətləri",-80.588,114.149,1.19007,0.0867869,1.41645,0.17234,2.0085,0.335216,2.85471,0.481155,0.210749,-0.146145,0.484281,-0.263531,True,asimmetrik cavab; qeyri-proporsional miqyas,,,,,,,,,
remit,Pul baratları,fr1:rcred_tot,Kreditlər (real),2030,"mln AZN, 2015 qiymətləri",-83.1673,117.838,1.19024,0.0868597,1.41687,0.172484,2.00978,0.335499,2.85777,0.481565,0.211055,-0.146219,0.485205,-0.263639,True,asimmetrik cavab; qeyri-proporsional miqyas,,,,,,,,,
remit,Pul baratları,fr1:rev_oil_n,Neft-qaz büdcə gəlirləri,2026,"mln AZN, cari qiymətlər",0,0,,,,,,,,,,,,,False,,,,,,,,,,
remit,Pul baratları,fr1:rev_oil_n,Neft-qaz büdcə gəlirləri,2027,"mln AZN, cari qiymətlər",0,0,,,,,,,,,,,,,False,,,,,,,,,,
remit,Pul baratları,fr1:rev_oil_n,Neft-qaz büdcə gəlirləri,2028,"mln AZN, cari qiymətlər",0,0,,,,,,,,,,,,,False,,,,,,,,,,
remit,Pul baratları,fr1:rev_oil_n,Neft-qaz büdcə gəlirləri,2029,"mln AZN, cari qiymətlər",0,0,,,,,,,,,,,,,False,,,,,,,,,,
remit,Pul baratları,fr1:rev_oil_n,Neft-qaz büdcə gəlirləri,2030,"mln AZN, cari qiymətlər",0,0,,,,,,,,,,,,,False,,,,,,,,,,
remit,Pul baratları,fr1:rev_tot_n,Büdcə gəlirləri,2026,"mln AZN, cari qiymətlər",0,0,,,,,,,,,,,,,False,,,,,,,,,,
remit,Pul baratları,fr1:rev_tot_n,Büdcə gəlirləri,2027,"mln AZN, cari qiymətlər",-363.108,520.113,1.19665,0.0895215,1.43239,0.177763,2.05677,0.345714,2.96895,0.496088,0.22202,-0.148951,0.517929,-0.267665,True,asimmetrik cavab; qeyri-proporsional miqyas,,,,,,,,,
remit,Pul baratları,fr1:rev_tot_n,Büdcə gəlirləri,2028,"mln AZN, cari qiymətlər",-406.184,581.999,1.19683,0.089599,1.43285,0.177917,2.05817,0.346014,2.97235,0.496519,0.222352,-0.149029,0.518946,-0.267779,True,asimmetrik cavab; qeyri-proporsional miqyas,,,,,,,,,
remit,Pul baratları,fr1:rev_tot_n,Büdcə gəlirləri,2029,"mln AZN, cari qiymətlər",-459.402,658.491,1.19705,0.0896871,1.43336,0.178092,2.05976,0.346354,2.97622,0.49701,0.22273,-0.149117,0.520106,-0.267909,True,asimmetrik cavab; qeyri-proporsional miqyas,,,,,,,,,
remit,Pul baratları,fr1:rev_tot_n,Büdcə gəlirləri,2030,"mln AZN, cari qiymətlər",-516.898,741.193,1.19728,0.0897826,1.43393,0.178282,2.06149,0.346724,2.98042,0.497541,0.223139,-0.149213,0.521365,-0.268049,True,asimmetrik cavab; qeyri-proporsional miqyas,,,,,,,,,
remit,Pul baratları,fr1:rgdp,Real ÜDM,2026,"mln AZN, 2015 qiymətləri",0,0,,,,,,,,,,,,,False,,,,,,,,,,
remit,Pul baratları,fr1:rgdp,Real ÜDM,2027,"mln AZN, 2015 qiymətləri",-285.734,406.408,1.1925,0.0877996,1.42233,0.174348,2.02619,0.339104,2.89625,0.486685,0.214881,-0.147189,0.496513,-0.265072,True,asimmetrik cavab; qeyri-proporsional miqyas,,,,,,,,,
remit,Pul baratları,fr1:rgdp,Real ÜDM,2028,"mln AZN, 2015 qiymətləri",-300.291,427.22,1.19265,0.0878607,1.42269,0.17447,2.02728,0.339341,2.89886,0.487029,0.215141,-0.147251,0.497303,-0.265162,True,asimmetrik cavab; qeyri-proporsional miqyas,,,,,,,,,
remit,Pul baratları,fr1:rgdp,Real ÜDM,2029,"mln AZN, 2015 qiymətləri",-315.888,449.57,1.19286,0.0879484,1.4232,0.174644,2.02884,0.339681,2.90259,0.487519,0.215511,-0.14734,0.498425,-0.265292,True,asimmetrik cavab; qeyri-proporsional miqyas,,,,,,,,,
remit,Pul baratları,fr1:rgdp,Real ÜDM,2030,"mln AZN, 2015 qiymətləri",-332.475,473.348,1.19307,0.0880366,1.42371,0.174819,2.03041,0.340023,2.90635,0.488013,0.215885,-0.147429,0.499558,-0.265423,True,asimmetrik cavab; qeyri-proporsional miqyas,,,,,,,,,
remit,Pul baratları,fr1:rgdpnon,Real qeyri-neft ÜDM,2026,"mln AZN, 2015 qiymətləri",0,0,,,,,,,,,,,,,False,,,,,,,,,,
remit,Pul baratları,fr1:rgdpnon,Real qeyri-neft ÜDM,2027,"mln AZN, 2015 qiymətləri",-309.657,440.434,1.1925,0.0877996,1.42233,0.174348,2.02619,0.339104,2.89625,0.486685,0.214881,-0.147189,0.496513,-0.265072,True,asimmetrik cavab; qeyri-proporsional miqyas,,,,,,,,,
remit,Pul baratları,fr1:rgdpnon,Real qeyri-neft ÜDM,2028,"mln AZN, 2015 qiymətləri",-324.159,461.193,1.19267,0.0878698,1.42274,0.174488,2.02744,0.339376,2.89923,0.487078,0.215177,-0.14726,0.497411,-0.265176,True,asimmetrik cavab; qeyri-proporsional miqyas,,,,,,,,,
remit,Pul baratları,fr1:rgdpnon,Real qeyri-neft ÜDM,2029,"mln AZN, 2015 qiymətləri",-341.327,485.792,1.19288,0.0879563,1.42324,0.17466,2.02898,0.339711,2.90291,0.487561,0.215542,-0.147348,0.498516,-0.265305,True,asimmetrik cavab; qeyri-proporsional miqyas,,,,,,,,,
remit,Pul baratları,fr1:rgdpnon,Real qeyri-neft ÜDM,2030,"mln AZN, 2015 qiymətləri",-358.703,510.713,1.1931,0.0880477,1.42378,0.174841,2.0306,0.340065,2.9068,0.488072,0.215929,-0.14744,0.499686,-0.265441,True,asimmetrik cavab; qeyri-proporsional miqyas,,,,,,,,,
remit,Pul baratları,fr1:rhhdisp,Ev təsərrüfatlarının real sərəncamda qalan gəliri,2026,"mln AZN, 2015 qiymətləri",0,0,,,,,,,,,,,,,False,,,,,,,,,,
remit,Pul baratları,fr1:rhhdisp,Ev təsərrüfatlarının real sərəncamda qalan gəliri,2027,"mln AZN, 2015 qiymətləri",-517.31,735.433,1.19222,0.0876838,1.42165,0.174116,2.02406,0.338638,2.89089,0.485979,0.214338,-0.14708,0.494782,-0.264914,True,asimmetrik cavab; qeyri-proporsional miqyas,,,,,,,,,
remit,Pul baratları,fr1:rhhdisp,Ev təsərrüfatlarının real sərəncamda qalan gəliri,2028,"mln AZN, 2015 qiymətləri",-537.117,763.691,1.1923,0.0877156,1.42183,0.17418,2.02463,0.338762,2.89227,0.486161,0.214476,-0.147112,0.495204,-0.26496,True,asimmetrik cavab; qeyri-proporsional miqyas,,,,,,,,,
remit,Pul baratları,fr1:rhhdisp,Ev təsərrüfatlarının real sərəncamda qalan gəliri,2029,"mln AZN, 2015 qiymətləri",-560.187,796.631,1.1924,0.0877578,1.42208,0.174264,2.02538,0.338927,2.89409,0.486401,0.214657,-0.147154,0.49576,-0.265022,True,asimmetrik cavab; qeyri-proporsional miqyas,,,,,,,,,
remit,Pul baratları,fr1:rhhdisp,Ev təsərrüfatlarının real sərəncamda qalan gəliri,2030,"mln AZN, 2015 qiymətləri",-582.502,828.534,1.19252,0.0878076,1.42237,0.174363,2.02627,0.339121,2.89623,0.486684,0.214871,-0.147204,0.496412,-0.265095,True,asimmetrik cavab; qeyri-proporsional miqyas,,,,,,,,,
remit,Pul baratları,fr1:rinv_state,Dövlət investisiyaları (real),2026,"mln AZN, 2015 qiymətləri",0,0,,,,,,,,,,,,,False,,,,,,,,,,
remit,Pul baratları,fr1:rinv_state,Dövlət investisiyaları (real),2027,"mln AZN, 2015 qiymətləri",11.8654,-16.7533,1.18821,-0.0860111,1.41195,-0.170797,1.99489,-0.332195,2.8224,-0.476769,0.207483,-0.145361,0.474459,-0.262377,True,asimmetrik cavab; qeyri-proporsional miqyas,,,,,,,,,
remit,Pul baratları,fr1:rinv_state,Dövlət investisiyaları (real),2028,"mln AZN, 2015 qiymətləri",12.9784,-18.3144,1.18787,-0.0858708,1.41114,-0.170518,1.99248,-0.331657,2.81682,-0.476004,0.206921,-0.145215,0.472819,-0.262161,True,asimmetrik cavab; qeyri-proporsional miqyas,,,,,,,,,
remit,Pul baratları,fr1:rinv_state,Dövlət investisiyaları (real),2029,"mln AZN, 2015 qiymətləri",13.948,-19.6757,1.18767,-0.0857846,1.41065,-0.170347,1.991,-0.331327,2.81342,-0.475537,0.206578,-0.145125,0.471825,-0.262028,True,asimmetrik cavab; qeyri-proporsional miqyas,,,,,,,,,
remit,Pul baratları,fr1:rinv_state,Dövlət investisiyaları (real),2030,"mln AZN, 2015 qiymətləri",14.8286,-20.9129,1.18753,-0.0857254,1.41031,-0.17023,1.98999,-0.331101,2.81111,-0.475218,0.206345,-0.145062,0.471155,-0.261936,True,asimmetrik cavab; qeyri-proporsional miqyas,,,,,,,,,
remit,Pul baratları,fr1:rinv_tot,Əsas kapitala investisiyalar (real),2026,"mln AZN, 2015 qiymətləri",0,0,,,,,,,,,,,,,False,,,,,,,,,,
remit,Pul baratları,fr1:rinv_tot,Əsas kapitala investisiyalar (real),2027,"mln AZN, 2015 qiymətləri",3.15594,-4.48839,1.19246,-0.0877814,1.4222,-0.174306,2.02558,-0.33897,2.8938,-0.486363,0.214602,-0.147201,0.495328,-0.265098,True,asimmetrik cavab; qeyri-proporsional miqyas,,,,,,,,,
remit,Pul baratları,fr1:rinv_tot,Əsas kapitala investisiyalar (real),2028,"mln AZN, 2015 qiymətləri",4.38325,-6.20938,1.19014,-0.0868178,1.41662,-0.172396,2.00883,-0.33529,2.85481,-0.481167,0.210733,-0.146198,0.483984,-0.263615,True,asimmetrik cavab; qeyri-proporsional miqyas,,,,,,,,,
remit,Pul baratları,fr1:rinv_tot,Əsas kapitala investisiyalar (real),2029,"mln AZN, 2015 qiymətləri",5.41839,-7.66062,1.18898,-0.086334,1.41382,-0.171437,2.00046,-0.333437,2.83537,-0.478538,0.208788,-0.145695,0.478291,-0.262872,True,asimmetrik cavab; qeyri-proporsional miqyas,,,,,,,,,
remit,Pul baratları,fr1:rinv_tot,Əsas kapitala investisiyalar (real),2030,"mln AZN, 2015 qiymətləri",6.30188,-8.89889,1.18827,-0.0860366,1.4121,-0.170847,1.99534,-0.332296,2.82349,-0.476918,0.207594,-0.145386,0.4748,-0.262414,True,asimmetrik cavab; qeyri-proporsional miqyas,,,,,,,,,
remit,Pul baratları,fr1:rm_non,Qeyri-neft mal idxalı (real),2026,"mln AZN, 2015 qiymətləri",0,0,,,,,,,,,,,,,False,,,,,,,,,,
remit,Pul baratları,fr1:rm_non,Qeyri-neft mal idxalı (real),2027,"mln AZN, 2015 qiymətləri",-178.424,254.073,1.19319,0.0880856,1.42399,0.174913,2.03112,0.340177,2.90749,0.488163,0.215979,-0.147495,0.49965,-0.265525,True,asimmetrik cavab; qeyri-proporsional miqyas,,,,,,,,,
remit,Pul baratları,fr1:rm_non,Qeyri-neft mal idxalı (real),2028,"mln AZN, 2015 qiymətləri",-181.986,259.17,1.19324,0.0881082,1.42412,0.174958,2.03153,0.340267,2.9085,0.488295,0.21608,-0.147517,0.499965,-0.265557,True,asimmetrik cavab; qeyri-proporsional miqyas,,,,,,,,,
remit,Pul baratları,fr1:rm_non,Qeyri-neft mal idxalı (real),2029,"mln AZN, 2015 qiymətləri",-187.408,266.93,1.19333,0.0881439,1.42433,0.175029,2.03217,0.340407,2.91007,0.4885,0.216236,-0.147552,0.500447,-0.265609,True,asimmetrik cavab; qeyri-proporsional miqyas,,,,,,,,,
remit,Pul baratları,fr1:rm_non,Qeyri-neft mal idxalı (real),2030,"mln AZN, 2015 qiymətləri",-192.841,274.72,1.19344,0.0881896,1.4246,0.17512,2.03299,0.340585,2.91206,0.48876,0.216434,-0.147598,0.501053,-0.265676,True,asimmetrik cavab; qeyri-proporsional miqyas,,,,,,,,,
remit,Pul baratları,fr1:rva_agr,"Real əlavə dəyər: Kənd, meşə və balıqçılıq",2026,"mln AZN, 2015 qiymətləri",0,0,,,,,,,,,,,,,False,,,,,,,,,,
remit,Pul baratları,fr1:rva_agr,"Real əlavə dəyər: Kənd, meşə və balıqçılıq",2027,"mln AZN, 2015 qiymətləri",0,0,,,,,,,,,,,,,False,,,,,,,,,,
remit,Pul baratları,fr1:rva_agr,"Real əlavə dəyər: Kənd, meşə və balıqçılıq",2028,"mln AZN, 2015 qiymətləri",0,0,,,,,,,,,,,,,False,,,,,,,,,,
remit,Pul baratları,fr1:rva_agr,"Real əlavə dəyər: Kənd, meşə və balıqçılıq",2029,"mln AZN, 2015 qiymətləri",0,0,,,,,,,,,,,,,False,,,,,,,,,,
remit,Pul baratları,fr1:rva_agr,"Real əlavə dəyər: Kənd, meşə və balıqçılıq",2030,"mln AZN, 2015 qiymətləri",0,0,,,,,,,,,,,,,False,,,,,,,,,,
remit,Pul baratları,fr1:rva_con,Real əlavə dəyər: Tikinti,2026,"mln AZN, 2015 qiymətləri",0,0,,,,,,,,,,,,,False,,,,,,,,,,
remit,Pul baratları,fr1:rva_con,Real əlavə dəyər: Tikinti,2027,"mln AZN, 2015 qiymətləri",-2.76919,3.87832,1.18346,0.0840235,1.40052,0.166848,1.96078,0.324502,2.74315,0.46569,0.199389,-0.143314,0.450676,-0.259353,True,asimmetrik cavab; qeyri-proporsional miqyas,,,,,,,,,
remit,Pul baratları,fr1:rva_con,Real əlavə dəyər: Tikinti,2028,"mln AZN, 2015 qiymətləri",-2.66992,3.7381,1.18328,0.0839457,1.40008,0.166694,1.95946,0.324201,2.74012,0.465258,0.199077,-0.143233,0.44977,-0.259233,True,asimmetrik cavab; qeyri-proporsional miqyas,,,,,,,,,
remit,Pul baratları,fr1:rva_con,Real əlavə dəyər: Tikinti,2029,"mln AZN, 2015 qiymətləri",-2.4579,3.44018,1.1831,0.0838697,1.39964,0.166542,1.95817,0.323906,2.73714,0.464832,0.198769,-0.143154,0.448872,-0.259117,True,asimmetrik cavab; qeyri-proporsional miqyas,,,,,,,,,
remit,Pul baratları,fr1:rva_con,Real əlavə dəyər: Tikinti,2030,"mln AZN, 2015 qiymətləri",-2.31762,3.24371,1.18307,0.0838595,1.39958,0.166522,1.958,0.323867,2.73677,0.464778,0.198731,-0.143143,0.448764,-0.259101,True,asimmetrik cavab; qeyri-proporsional miqyas,,,,,,,,,
remit,Pul baratları,fr1:rva_man,Real əlavə dəyər: Emal sənayesi,2026,"mln AZN, 2015 qiymətləri",0,0,,,,,,,,,,,,,False,,,,,,,,,,
remit,Pul baratları,fr1:rva_man,Real əlavə dəyər: Emal sənayesi,2027,"mln AZN, 2015 qiymətləri",-0.742897,1.03951,1.18294,0.0838033,1.39926,0.166411,1.95704,0.323648,2.73454,0.464459,0.1985,-0.143086,0.448084,-0.259016,True,asimmetrik cavab; qeyri-proporsional miqyas,,,,,,,,,
remit,Pul baratları,fr1:rva_man,Real əlavə dəyər: Emal sənayesi,2028,"mln AZN, 2015 qiymətləri",-0.683727,0.955874,1.18243,0.0835886,1.39803,0.165984,1.9534,0.322814,2.72613,0.46325,0.197628,-0.142865,0.445536,-0.258689,True,asimmetrik cavab; qeyri-proporsional miqyas,,,,,,,,,
remit,Pul baratları,fr1:rva_man,Real əlavə dəyər: Emal sənayesi,2029,"mln AZN, 2015 qiymətləri",-0.593701,0.829027,1.18173,0.0832978,1.39637,0.165405,1.94846,0.321679,2.71471,0.461599,0.19644,-0.142566,0.442051,-0.258247,True,asimmetrik cavab; qeyri-proporsional miqyas,,,,,,,,,
remit,Pul baratları,fr1:rva_man,Real əlavə dəyər: Emal sənayesi,2030,"mln AZN, 2015 qiymətləri",-0.526411,0.734171,1.18103,0.0830002,1.39467,0.164812,1.94341,0.320517,2.70304,0.459904,0.195222,-0.142261,0.438482,-0.257796,True,asimmetrik cavab; qeyri-proporsional miqyas,,,,,,,,,
remit,Pul baratları,fr1:rva_trd,Real əlavə dəyər: Ticarət; nəqliyyat vasitələrinin təmiri,2026,"mln AZN, 2015 qiymətləri",0,0,,,,,,,,,,,,,False,,,,,,,,,,
remit,Pul baratları,fr1:rva_trd,Real əlavə dəyər: Ticarət; nəqliyyat vasitələrinin təmiri,2027,"mln AZN, 2015 qiymətləri",-97.434,138.657,1.19282,0.0879311,1.42309,0.174607,2.02841,0.339588,2.90116,0.487332,0.215355,-0.147334,0.497809,-0.265288,True,asimmetrik cavab; qeyri-proporsional miqyas,,,,,,,,,
remit,Pul baratları,fr1:rva_trd,Real əlavə dəyər: Ticarət; nəqliyyat vasitələrinin təmiri,2028,"mln AZN, 2015 qiymətləri",-100.681,143.298,1.1929,0.0879638,1.42328,0.174672,2.029,0.339716,2.90258,0.487518,0.215497,-0.147367,0.498244,-0.265336,True,asimmetrik cavab; qeyri-proporsional miqyas,,,,,,,,,
remit,Pul baratları,fr1:rva_trd,Real əlavə dəyər: Ticarət; nəqliyyat vasitələrinin təmiri,2029,"mln AZN, 2015 qiymətləri",-104.899,149.327,1.193,0.0880072,1.42353,0.174758,2.02978,0.339885,2.90446,0.487765,0.215684,-0.14741,0.498818,-0.2654,True,asimmetrik cavab; qeyri-proporsional miqyas,,,,,,,,,
remit,Pul baratları,fr1:rva_trd,Real əlavə dəyər: Ticarət; nəqliyyat vasitələrinin təmiri,2030,"mln AZN, 2015 qiymətləri",-109.158,155.423,1.19312,0.0880587,1.42383,0.174861,2.0307,0.340086,2.90668,0.488057,0.215905,-0.147462,0.499494,-0.265475,True,asimmetrik cavab; qeyri-proporsional miqyas,,,,,,,,,
remit,Pul baratları,fr1:rx_non,Qeyri-neft mal ixracı (real),2026,"mln AZN, 2015 qiymətləri",0,0,,,,,,,,,,,,,False,,,,,,,,,,
remit,Pul baratları,fr1:rx_non,Qeyri-neft mal ixracı (real),2027,"mln AZN, 2015 qiymətləri",-0.15389,0.215311,1.18288,0.0837783,1.39912,0.166361,1.95662,0.323551,2.73357,0.46432,0.1984,-0.14306,0.447795,-0.258977,True,asimmetrik cavab; qeyri-proporsional miqyas,,,,,,,,,
remit,Pul baratları,fr1:rx_non,Qeyri-neft mal ixracı (real),2028,"mln AZN, 2015 qiymətləri",-0.146663,0.205021,1.18237,0.0835667,1.39791,0.16594,1.95303,0.32273,2.72529,0.463129,0.197542,-0.142842,0.445287,-0.258656,True,asimmetrik cavab; qeyri-proporsional miqyas,,,,,,,,,
remit,Pul baratları,fr1:rx_non,Qeyri-neft mal ixracı (real),2029,"mln AZN, 2015 qiymətləri",-0.131127,0.183088,1.18169,0.0832804,1.39627,0.16537,1.94816,0.321611,2.71403,0.461501,0.19637,-0.142547,0.44185,-0.25822,True,asimmetrik cavab; qeyri-proporsional miqyas,,,,,,,,,
remit,Pul baratları,fr1:rx_non,Qeyri-neft mal ixracı (real),2030,"mln AZN, 2015 qiymətləri",-0.119736,0.166982,1.18099,0.0829858,1.39459,0.164783,1.94317,0.32046,2.70249,0.459822,0.195164,-0.142245,0.438315,-0.257773,True,asimmetrik cavab; qeyri-proporsional miqyas,,,,,,,,,
remit,Pul baratları,fr1:unemp,İşsizlik səviyyəsi,2026,%,0,0,,,,,,,,,,,,,False,,,,,,,,,,
remit,Pul baratları,fr1:unemp,İşsizlik səviyyəsi,2027,%,0.0183052,-0.0258627,1.18859,-0.0861678,1.41286,-0.171109,1.99765,-0.332812,2.82905,-0.477677,0.20816,-0.145516,0.476522,-0.262606,True,asimmetrik cavab; qeyri-proporsional miqyas,,,,,,,,,
remit,Pul baratları,fr1:unemp,İşsizlik səviyyəsi,2028,%,0.0183631,-0.0259517,1.18875,-0.0862348,1.41325,-0.171242,1.99882,-0.333072,2.8318,-0.478052,0.208438,-0.145585,0.477351,-0.262706,True,asimmetrik cavab; qeyri-proporsional miqyas,,,,,,,,,
remit,Pul baratları,fr1:unemp,İşsizlik səviyyəsi,2029,%,0.0184643,-0.0261032,1.18894,-0.0863145,1.41371,-0.1714,2.00021,-0.33338,2.83507,-0.478497,0.208768,-0.145666,0.478337,-0.262826,True,asimmetrik cavab; qeyri-proporsional miqyas,,,,,,,,,
remit,Pul baratları,fr1:unemp,İşsizlik səviyyəsi,2030,%,0.0186249,-0.0263388,1.18913,-0.0863935,1.41417,-0.171557,2.00159,-0.333687,2.83833,-0.47894,0.209096,-0.145747,0.479317,-0.262945,True,asimmetrik cavab; qeyri-proporsional miqyas,,,,,,,,,
remit,Pul baratları,fr1:wage,Orta aylıq nominal əmək haqqı,2026,AZN/ay,0,0,,,,,,,,,,,,,False,,,,,,,,,,
remit,Pul baratları,fr1:wage,Orta aylıq nominal əmək haqqı,2027,AZN/ay,-7.05684,10.0307,1.19212,0.0876427,1.42142,0.174037,2.02343,0.338499,2.8897,0.485821,0.214231,-0.147029,0.494569,-0.264836,True,asimmetrik cavab; qeyri-proporsional miqyas,,,,,,,,,
remit,Pul baratları,fr1:wage,Orta aylıq nominal əmək haqqı,2028,AZN/ay,-7.58291,10.7816,1.19229,0.0877133,1.42183,0.174177,2.02468,0.338773,2.89269,0.486217,0.214529,-0.1471,0.495472,-0.26494,True,asimmetrik cavab; qeyri-proporsional miqyas,,,,,,,,,
remit,Pul baratları,fr1:wage,Orta aylıq nominal əmək haqqı,2029,AZN/ay,-8.18035,11.6352,1.1925,0.0878005,1.42234,0.17435,2.02623,0.339111,2.89639,0.486705,0.214897,-0.147188,0.496586,-0.26507,True,asimmetrik cavab; qeyri-proporsional miqyas,,,,,,,,,
remit,Pul baratları,fr1:wage,Orta aylıq nominal əmək haqqı,2030,AZN/ay,-8.79984,12.5211,1.19273,0.0878931,1.42288,0.174534,2.02787,0.33947,2.90033,0.487223,0.215288,-0.147282,0.497769,-0.265208,True,asimmetrik cavab; qeyri-proporsional miqyas,,,,,,,,,
remit,Pul baratları,fr3:rw_avg,"Orta aylıq əmək haqqı, real (2015 qiymətləri)",2026,"AZN/ay, 2015 qiymətləri",0,0,,,,,,,,,,,,,False,,,,,,,,,,
remit,Pul baratları,fr3:rw_avg,"Orta aylıq əmək haqqı, real (2015 qiymətləri)",2027,"AZN/ay, 2015 qiymətləri",-2.41391,3.43008,1.19194,0.0875649,1.42096,0.173883,2.02207,0.338203,2.88655,0.485405,0.213919,-0.146948,0.493658,-0.264715,True,asimmetrik cavab; qeyri-proporsional miqyas,,,,,,,,,
remit,Pul baratları,fr3:rw_avg,"Orta aylıq əmək haqqı, real (2015 qiymətləri)",2028,"AZN/ay, 2015 qiymətləri",-2.49228,3.54256,1.19212,0.0876417,1.42141,0.174036,2.02344,0.338501,2.8898,0.485835,0.214243,-0.147026,0.494636,-0.26483,True,asimmetrik cavab; qeyri-proporsional miqyas,,,,,,,,,
remit,Pul baratları,fr3:rw_avg,"Orta aylıq əmək haqqı, real (2015 qiymətləri)",2029,"AZN/ay, 2015 qiymətləri",-2.59275,3.68679,1.19235,0.0877362,1.42196,0.174223,2.02511,0.338867,2.89378,0.486361,0.214639,-0.147121,0.495831,-0.264971,True,asimmetrik cavab; qeyri-proporsional miqyas,,,,,,,,,
remit,Pul baratları,fr3:rw_avg,"Orta aylıq əmək haqqı, real (2015 qiymətləri)",2030,"AZN/ay, 2015 qiymətləri",-2.69743,3.83717,1.19258,0.0878335,1.42253,0.174416,2.02683,0.339243,2.8979,0.486903,0.215048,-0.14722,0.497066,-0.265116,True,asimmetrik cavab; qeyri-proporsional miqyas,,,,,,,,,
remit,Pul baratları,fr4:budget,Büdcə təşkilatlarında muzdlu işçilər,2026,min nəfər,0,0,,,,,,,,,,,,,False,,,,,,,,,,
remit,Pul baratları,fr4:budget,Büdcə təşkilatlarında muzdlu işçilər,2027,min nəfər,0.978234,-1.37485,1.1855,-0.0848796,1.40544,-0.168551,1.97548,-0.32784,2.7775,-0.470549,0.202929,-0.144186,0.461159,-0.260641,True,asimmetrik cavab; qeyri-proporsional miqyas,,,,,,,,,
remit,Pul baratları,fr4:budget,Büdcə təşkilatlarında muzdlu işçilər,2028,min nəfər,1.0083,-1.41706,1.18548,-0.0848709,1.40539,-0.168534,1.97534,-0.327808,2.7772,-0.470507,0.202899,-0.144177,0.46108,-0.260626,True,asimmetrik cavab; qeyri-proporsional miqyas,,,,,,,,,
remit,Pul baratları,fr4:budget,Büdcə təşkilatlarında muzdlu işçilər,2029,min nəfər,1.03792,-1.45868,1.18548,-0.0848697,1.40538,-0.168532,1.97533,-0.327805,2.7772,-0.470507,0.2029,-0.144175,0.461093,-0.260623,True,asimmetrik cavab; qeyri-proporsional miqyas,,,,,,,,,
remit,Pul baratları,fr4:budget,Büdcə təşkilatlarında muzdlu işçilər,2030,min nəfər,1.06766,-1.5005,1.18549,-0.0848742,1.40541,-0.168541,1.97541,-0.327824,2.77742,-0.470539,0.202924,-0.144178,0.461174,-0.260628,True,asimmetrik cavab; qeyri-proporsional miqyas,,,,,,,,,
remit,Pul baratları,fr5:vol:total,"Pullu xidmətlər, cəmi: real həcm (2015 qiymətləri)",2026,"mln AZN, 2015 qiymətləri",0,0,,,,,,,,,,,,,False,,,,,,,,,,
remit,Pul baratları,fr5:vol:total,"Pullu xidmətlər, cəmi: real həcm (2015 qiymətləri)",2027,"mln AZN, 2015 qiymətləri",-130.059,185.347,1.19365,0.0882759,1.4251,0.17529,2.03448,0.340908,2.91546,0.489204,0.216766,-0.14769,0.501999,-0.265812,True,asimmetrik cavab; qeyri-proporsional miqyas,,,,,,,,,
remit,Pul baratları,fr5:vol:total,"Pullu xidmətlər, cəmi: real həcm (2015 qiymətləri)",2028,"mln AZN, 2015 qiymətləri",-136.002,193.842,1.19372,0.0883086,1.42529,0.175356,2.03507,0.341036,2.91689,0.489391,0.216908,-0.147722,0.502437,-0.26586,True,asimmetrik cavab; qeyri-proporsional miqyas,,,,,,,,,
remit,Pul baratları,fr5:vol:total,"Pullu xidmətlər, cəmi: real həcm (2015 qiymətləri)",2029,"mln AZN, 2015 qiymətləri",-142.919,203.737,1.19383,0.0883523,1.42554,0.175443,2.03585,0.341207,2.9188,0.489639,0.217097,-0.147766,0.503019,-0.265924,True,asimmetrik cavab; qeyri-proporsional miqyas,,,,,,,,,
remit,Pul baratları,fr5:vol:total,"Pullu xidmətlər, cəmi: real həcm (2015 qiymətləri)",2030,"mln AZN, 2015 qiymətləri",-149.608,213.319,1.19396,0.0884046,1.42585,0.175547,2.03679,0.341411,2.92107,0.489935,0.217322,-0.147818,0.50371,-0.266,True,asimmetrik cavab; qeyri-proporsional miqyas,,,,,,,,,
remit,Pul baratları,ru:budget_gdp,Büdcə balansı,2026,% ÜDM (f.b.),0,0,,,,,,,,,,,,,False,,"Büdcə balansı həddi (< hədd, % ÜDM)",-1,0.655559,,,,,8,
remit,Pul baratları,ru:budget_gdp,Büdcə balansı,2027,% ÜDM (f.b.),-0.0845608,0.121072,1.1964,0.0894176,1.43177,0.177555,2.05479,0.34529,2.96382,0.495436,0.221507,-0.148857,0.516238,-0.26753,True,asimmetrik cavab; qeyri-proporsional miqyas,"Büdcə balansı həddi (< hədd, % ÜDM)",-1,0.32115,,,,,8,
remit,Pul baratları,ru:budget_gdp,Büdcə balansı,2028,% ÜDM (f.b.),-0.0935289,0.133879,1.19625,0.0893572,1.43142,0.177436,2.05374,0.345065,2.96139,0.495127,0.221273,-0.148793,0.515566,-0.267435,True,asimmetrik cavab; qeyri-proporsional miqyas,"Büdcə balansı həddi (< hədd, % ÜDM)",-1,0.0335283,,,,,8,
remit,Pul baratları,ru:budget_gdp,Büdcə balansı,2029,% ÜDM (f.b.),-0.100773,0.144235,1.1962,0.0893354,1.43129,0.177393,2.05337,0.344986,2.96059,0.495025,0.221198,-0.148768,0.515368,-0.267398,True,asimmetrik cavab; qeyri-proporsional miqyas,"Büdcə balansı həddi (< hədd, % ÜDM)",-1,0.108813,,,,,8,
remit,Pul baratları,ru:budget_gdp,Büdcə balansı,2030,% ÜDM (f.b.),-0.108556,0.155375,1.1962,0.0893346,1.43129,0.177392,2.05338,0.344987,2.96068,0.495037,0.221209,-0.148765,0.515427,-0.267393,True,asimmetrik cavab; qeyri-proporsional miqyas,"Büdcə balansı həddi (< hədd, % ÜDM)",-1,0.141054,,,,,8,
remit,Pul baratları,ru:cpi,"İnflyasiya (İQİ, illik orta)",2026,f.b.,0,0,,,,,,,,,,,,,False,,İnflyasiya həddi (> hədd),6,5.2991,,,,,10,
remit,Pul baratları,ru:cpi,"İnflyasiya (İQİ, illik orta)",2027,f.b.,-0.196308,0.277135,1.18812,0.0859729,1.41174,0.170722,1.99428,0.33206,2.82118,0.476601,0.207366,-0.145316,0.474181,-0.262309,True,asimmetrik cavab; qeyri-proporsional miqyas,İnflyasiya həddi (> hədd),6,5.7416,,0.937763,,37.768,10,
remit,Pul baratları,ru:cpi,"İnflyasiya (İQİ, illik orta)",2028,f.b.,-0.000362855,0.000588789,1.27308,0.120135,1.62266,0.237415,2.65806,0.453263,4.43594,0.632079,0.339101,-0.182525,0.866754,-0.317146,False,,İnflyasiya həddi (> hədd),6,5.8752,,,,,10,
remit,Pul baratları,ru:cpi,"İnflyasiya (İQİ, illik orta)",2029,f.b.,-0.000801538,0.00122347,1.23489,0.105102,1.5264,0.208359,2.34774,0.402583,3.66781,0.571534,0.283475,-0.165542,0.700979,-0.29212,False,,İnflyasiya həddi (> hədd),6,5.9149,,,,,10,
remit,Pul baratları,ru:cpi,"İnflyasiya (İQİ, illik orta)",2030,f.b.,-0.0014714,0.00217038,1.21411,0.0967044,1.47504,0.191934,2.18747,0.372543,3.28081,0.532798,0.250946,-0.156467,0.604231,-0.278741,False,,İnflyasiya həddi (> hədd),6,5.9278,,,,,10,
remit,Pul baratları,ru:debt_gdp,Dövlət borcu,2026,% ÜDM (f.b.),0,0,,,,,,,,,,,,,False,,Dövlət borcu > 30% ÜDM (DSA həddi),30,17.2926,,,,,15,
remit,Pul baratları,ru:debt_gdp,Dövlət borcu,2027,% ÜDM (f.b.),0.180405,-0.253917,1.18636,-0.085236,1.40748,-0.169257,1.98149,-0.329194,2.79107,-0.472444,0.204301,-0.144566,0.465049,-0.261204,True,asimmetrik cavab; qeyri-proporsional miqyas,Dövlət borcu > 30% ÜDM (DSA həddi),30,15.6733,,,,,15,
remit,Pul baratları,ru:debt_gdp,Dövlət borcu,2028,% ÜDM (f.b.),0.264881,-0.372923,1.18653,-0.0853068,1.40789,-0.169397,1.9827,-0.329466,2.79386,-0.472832,0.204584,-0.144639,0.465872,-0.261313,True,asimmetrik cavab; qeyri-proporsional miqyas,Dövlət borcu > 30% ÜDM (DSA həddi),30,14.5227,,,,,15,
remit,Pul baratları,ru:debt_gdp,Dövlət borcu,2029,% ÜDM (f.b.),0.343539,-0.483725,1.1866,-0.0853369,1.40806,-0.169457,1.98321,-0.329581,2.79502,-0.472994,0.204702,-0.144671,0.466211,-0.26136,True,asimmetrik cavab; qeyri-proporsional miqyas,Dövlət borcu > 30% ÜDM (DSA həddi),30,13.1051,,,,,15,
remit,Pul baratları,ru:debt_gdp,Dövlət borcu,2030,% ÜDM (f.b.),0.42648,-0.600418,1.18651,-0.0852993,1.40785,-0.169382,1.98256,-0.329435,2.7935,-0.472782,0.204546,-0.144633,0.465749,-0.261304,True,asimmetrik cavab; qeyri-proporsional miqyas,Dövlət borcu > 30% ÜDM (DSA həddi),30,11.9126,,,,,15,
remit,Pul baratları,ru:nonoil_g,Qeyri-neft ÜDM real artımı,2026,f.b.,0,0,,,,,,,,,,,,,False,,Growth-at-Risk həddi (qeyri-neft artımı < hədd),2,5.312,,,,,6,
remit,Pul baratları,ru:nonoil_g,Qeyri-neft ÜDM real artımı,2027,f.b.,-0.600676,0.854358,1.1925,0.0877996,1.42233,0.174348,2.02619,0.339104,2.89625,0.486685,0.214881,-0.147189,0.496513,-0.265072,True,asimmetrik cavab; qeyri-proporsional miqyas,Growth-at-Risk həddi (qeyri-neft artımı < hədd),2,5.43,,,,,6,
remit,Pul baratları,ru:nonoil_g,Qeyri-neft ÜDM real artımı,2028,f.b.,-0.00110414,0.00179168,1.27309,0.12014,1.62269,0.237424,2.65816,0.453278,4.43624,0.632098,0.33912,-0.182527,0.866831,-0.317149,False,,Growth-at-Risk həddi (qeyri-neft artımı < hədd),2,5.603,,,,,6,
remit,Pul baratları,ru:nonoil_g,Qeyri-neft ÜDM real artımı,2029,f.b.,-0.00244674,0.00373481,1.23491,0.105109,1.52644,0.208373,2.34791,0.402612,3.66827,0.571576,0.283514,-0.16555,0.701115,-0.292131,False,,Growth-at-Risk həddi (qeyri-neft artımı < hədd),2,5.632,,,,,6,
remit,Pul baratları,ru:nonoil_g,Qeyri-neft ÜDM real artımı,2030,f.b.,-0.00446405,0.00658504,1.21415,0.096718,1.47513,0.191961,2.18774,0.372596,3.28151,0.532875,0.251011,-0.156481,0.60444,-0.278761,False,,Growth-at-Risk həddi (qeyri-neft artımı < hədd),2,5.727,,,,,6,
remit,Pul baratları,ru:nonoil_lvl,Qeyri-neft real ÜDM səviyyəsi,2026,% (baza ilə fərq),0,0,,,,,,,,,,,,,False,,,,,,,,,10,
remit,Pul baratları,ru:nonoil_lvl,Qeyri-neft real ÜDM səviyyəsi,2027,% (baza ilə fərq),-0.571102,0.812294,1.1925,0.0877996,1.42233,0.174348,2.02619,0.339104,2.89625,0.486685,0.214881,-0.147189,0.496513,-0.265072,True,asimmetrik cavab; qeyri-proporsional miqyas,,,,,,,,10,
remit,Pul baratları,ru:nonoil_lvl,Qeyri-neft real ÜDM səviyyəsi,2028,% (baza ilə fərq),-0.572152,0.814023,1.19267,0.0878698,1.42274,0.174488,2.02744,0.339376,2.89923,0.487078,0.215177,-0.14726,0.497411,-0.265176,True,asimmetrik cavab; qeyri-proporsional miqyas,,,,,,,,10,
remit,Pul baratları,ru:nonoil_lvl,Qeyri-neft real ÜDM səviyyəsi,2029,% (baza ilə fərq),-0.574472,0.817613,1.19288,0.0879563,1.42324,0.17466,2.02898,0.339711,2.90291,0.487561,0.215542,-0.147348,0.498516,-0.265305,True,asimmetrik cavab; qeyri-proporsional miqyas,,,,,,,,10,
remit,Pul baratları,ru:nonoil_lvl,Qeyri-neft real ÜDM səviyyəsi,2030,% (baza ilə fərq),-0.578727,0.823977,1.1931,0.0880477,1.42378,0.174841,2.0306,0.340065,2.9068,0.488072,0.215929,-0.14744,0.499686,-0.265441,True,asimmetrik cavab; qeyri-proporsional miqyas,,,,,,,,10,
remit,Pul baratları,ru:tb_gdp,Mal ticarəti balansı (cari hesab proksisi),2026,% ÜDM (f.b.),0,0,,,,,,,,,,,,,False,,Mal ticarəti balansı < 0 (kəsir),0,9.03884,,,,,15,
remit,Pul baratları,ru:tb_gdp,Mal ticarəti balansı (cari hesab proksisi),2027,% ÜDM (f.b.),0.301314,-0.430448,1.19508,-0.0888701,1.42857,-0.17647,2.04504,-0.343194,2.9406,-0.492464,0.21924,-0.148296,0.509435,-0.266704,True,asimmetrik cavab; qeyri-proporsional miqyas,Mal ticarəti balansı < 0 (kəsir),0,6.55075,,,,,15,
remit,Pul baratları,ru:tb_gdp,Mal ticarəti balansı (cari hesab proksisi),2028,% ÜDM (f.b.),0.300695,-0.429694,1.19526,-0.0889447,1.42901,-0.176618,2.04637,-0.343482,2.94381,-0.492877,0.219555,-0.148372,0.510392,-0.266815,True,asimmetrik cavab; qeyri-proporsional miqyas,Mal ticarəti balansı < 0 (kəsir),0,4.31464,,,,,15,
remit,Pul baratları,ru:tb_gdp,Mal ticarəti balansı (cari hesab proksisi),2029,% ÜDM (f.b.),0.297257,-0.424921,1.19545,-0.0890242,1.42947,-0.176775,2.0478,-0.343789,2.94725,-0.493318,0.219892,-0.148452,0.511419,-0.266933,True,asimmetrik cavab; qeyri-proporsional miqyas,Mal ticarəti balansı < 0 (kəsir),0,3.69245,,,,,15,
remit,Pul baratları,ru:tb_gdp,Mal ticarəti balansı (cari hesab proksisi),2030,% ÜDM (f.b.),0.296559,-0.424069,1.19565,-0.0891087,1.42997,-0.176943,2.04932,-0.344115,2.95091,-0.493787,0.220251,-0.148537,0.512513,-0.267058,True,asimmetrik cavab; qeyri-proporsional miqyas,Mal ticarəti balansı < 0 (kəsir),0,2.75209,,,,,15,
state_inv,Dövlət investisiyası (− = kəsinti),fr10:ind_output,"Sənaye buraxılışı, cəmi (30 sahə)",2026,mln manat,0,0,,,,,,,,,,,,,False,sərhəd kəsilməsi k=3,,,,,,,,,
state_inv,Dövlət investisiyası (− = kəsinti),fr10:ind_output,"Sənaye buraxılışı, cəmi (30 sahə)",2027,mln manat,-1509.84,1763.66,1.08077,0.0388166,1.16811,0.0775362,1.3649,0.154298,1.08527,0.0408895,0.083422,-0.072786,-0.200305,-0.139262,True,asimmetrik cavab; qeyri-proporsional miqyas; sərhəd kəsilməsi k=3,,,,,,,,,
state_inv,Dövlət investisiyası (− = kəsinti),fr10:ind_output,"Sənaye buraxılışı, cəmi (30 sahə)",2028,mln manat,-1826.28,2186.68,1.09414,0.0449555,1.19734,0.089808,1.43542,0.178785,1.14179,0.0662034,0.101274,-0.0813823,-0.193124,-0.153872,True,asimmetrik cavab; qeyri-proporsional miqyas; sərhəd kəsilməsi k=3,,,,,,,,,
state_inv,Dövlət investisiyası (− = kəsinti),fr10:ind_output,"Sənaye buraxılışı, cəmi (30 sahə)",2029,mln manat,-2176.68,2656.78,1.10469,0.0497393,1.22057,0.0993286,1.49205,0.197448,1.1847,0.0845414,0.114592,-0.0882119,-0.189932,-0.165406,True,asimmetrik cavab; qeyri-proporsional miqyas; sərhəd kəsilməsi k=3,,,,,,,,,
state_inv,Dövlət investisiyası (− = kəsinti),fr10:ind_output,"Sənaye buraxılışı, cəmi (30 sahə)",2030,mln manat,-2575.79,3190.42,1.11283,0.0534006,1.23862,0.106591,1.53646,0.211499,1.21577,0.0973808,0.1243,-0.0936444,-0.189846,-0.174624,True,asimmetrik cavab; qeyri-proporsional miqyas; sərhəd kəsilməsi k=3,,,,,,,,,
state_inv,Dövlət investisiyası (− = kəsinti),fr12:act:N:ALL,Qeydiyyatdakı vahidlər (ehtiyat): Bütün sahələr,2026,vahid,0,0,,,,,,,,,,,,,False,sərhəd kəsilməsi k=3,,,,,,,,,
state_inv,Dövlət investisiyası (− = kəsinti),fr12:act:N:ALL,Qeydiyyatdakı vahidlər (ehtiyat): Bütün sahələr,2027,vahid,-171.173,198.225,1.07619,0.036699,1.15804,0.0732329,1.3396,0.145153,1.06184,0.0299942,0.0748787,-0.0708025,-0.208039,-0.136292,True,asimmetrik cavab; qeyri-proporsional miqyas; sərhəd kəsilməsi k=3,,,,,,,,,
state_inv,Dövlət investisiyası (− = kəsinti),fr12:act:N:ALL,Qeydiyyatdakı vahidlər (ehtiyat): Bütün sahələr,2028,vahid,-183.937,215.562,1.08262,0.0396692,1.17193,0.0791606,1.37224,0.156915,1.08292,0.0398117,0.0824976,-0.0755172,-0.209595,-0.144631,True,asimmetrik cavab; qeyri-proporsional miqyas; sərhəd kəsilməsi k=3,,,,,,,,,
state_inv,Dövlət investisiyası (− = kəsinti),fr12:act:N:ALL,Qeydiyyatdakı vahidlər (ehtiyat): Bütün sahələr,2029,vahid,-193.111,228.146,1.08699,0.0416837,1.18142,0.0831675,1.39453,0.164762,1.09393,0.0448588,0.0873133,-0.0788438,-0.213423,-0.150513,True,asimmetrik cavab; qeyri-proporsional miqyas; sərhəd kəsilməsi k=3,,,,,,,,,
state_inv,Dövlət investisiyası (− = kəsinti),fr12:act:N:ALL,Qeydiyyatdakı vahidlər (ehtiyat): Bütün sahələr,2030,vahid,-201.833,239.617,1.08965,0.0429036,1.1872,0.0855909,1.40815,0.169485,1.09674,0.0461361,0.0899838,-0.0810365,-0.218903,-0.15447,True,asimmetrik cavab; qeyri-proporsional miqyas; sərhəd kəsilməsi k=3,,,,,,,,,
state_inv,Dövlət investisiyası (− = kəsinti),fr12:ew:score:CON,Erkən xəbərdarlıq balı (0–1): Tikinti,2026,bal (0–1),0,0,,,,,,,,,,,,,False,sərhəd kəsilməsi k=3,,,,,,,,,
state_inv,Dövlət investisiyası (− = kəsinti),fr12:ew:score:CON,Erkən xəbərdarlıq balı (0–1): Tikinti,2027,bal (0–1),0,0,,,,,,,,,,,,,False,sərhəd kəsilməsi k=3,,,,,,,,,
state_inv,Dövlət investisiyası (− = kəsinti),fr12:ew:score:CON,Erkən xəbərdarlıq balı (0–1): Tikinti,2028,bal (0–1),0,0,,,,,,,,,,,,,False,sərhəd kəsilməsi k=3,,,,,,,,,
state_inv,Dövlət investisiyası (− = kəsinti),fr12:ew:score:CON,Erkən xəbərdarlıq balı (0–1): Tikinti,2029,bal (0–1),0,0,,,,,,,,,,,,,False,sərhəd kəsilməsi k=3,,,,,,,,,
state_inv,Dövlət investisiyası (− = kəsinti),fr12:ew:score:CON,Erkən xəbərdarlıq balı (0–1): Tikinti,2030,bal (0–1),0,0,,,,,,,,,,,,,False,sərhəd kəsilməsi k=3,,,,,,,,,
state_inv,Dövlət investisiyası (− = kəsinti),fr12:ew:score:TRD,Erkən xəbərdarlıq balı (0–1): Ticarət,2026,bal (0–1),0,0,,,,,,,,,,,,,False,sərhəd kəsilməsi k=3,,,,,,,,,
state_inv,Dövlət investisiyası (− = kəsinti),fr12:ew:score:TRD,Erkən xəbərdarlıq balı (0–1): Ticarət,2027,bal (0–1),0,0,,,,,,,,,,,,,False,sərhəd kəsilməsi k=3,,,,,,,,,
state_inv,Dövlət investisiyası (− = kəsinti),fr12:ew:score:TRD,Erkən xəbərdarlıq balı (0–1): Ticarət,2028,bal (0–1),0,0,,,,,,,,,,,,,False,sərhəd kəsilməsi k=3,,,,,,,,,
state_inv,Dövlət investisiyası (− = kəsinti),fr12:ew:score:TRD,Erkən xəbərdarlıq balı (0–1): Ticarət,2029,bal (0–1),0,0,,,,,,,,,,,,,False,sərhəd kəsilməsi k=3,,,,,,,,,
state_inv,Dövlət investisiyası (− = kəsinti),fr12:ew:score:TRD,Erkən xəbərdarlıq balı (0–1): Ticarət,2030,bal (0–1),0,0,,,,,,,,,,,,,False,sərhəd kəsilməsi k=3,,,,,,,,,
state_inv,Dövlət investisiyası (− = kəsinti),fr1:balance_n,Büdcə balansı,2026,"mln AZN, cari qiymətlər",0,0,,,,,,,,,,,,,False,sərhəd kəsilməsi k=3,,,,,,,,,
state_inv,Dövlət investisiyası (− = kəsinti),fr1:balance_n,Büdcə balansı,2027,"mln AZN, cari qiymətlər",4900.05,-7473.81,1.235,-0.105145,1.52525,-0.208,2.32674,-0.398811,2.1078,-0.356457,0.262006,-0.172714,-0.0409844,-0.306033,True,asimmetrik cavab; qeyri-proporsional miqyas; sərhəd kəsilməsi k=3,,,,,,,,,
state_inv,Dövlət investisiyası (− = kəsinti),fr1:balance_n,Büdcə balansı,2028,"mln AZN, cari qiymətlər",5453.87,-8340.21,1.2366,-0.105785,1.52923,-0.209245,2.33914,-0.401044,2.09071,-0.3529,0.264228,-0.173505,-0.0528709,-0.307234,True,asimmetrik cavab; qeyri-proporsional miqyas; sərhəd kəsilməsi k=3,,,,,,,,,
state_inv,Dövlət investisiyası (− = kəsinti),fr1:balance_n,Büdcə balansı,2029,"mln AZN, cari qiymətlər",6051.88,-9272.95,1.23781,-0.106269,1.53224,-0.210187,2.3486,-0.402735,2.07178,-0.348913,0.265913,-0.174108,-0.064541,-0.308156,True,asimmetrik cavab; qeyri-proporsional miqyas; sərhəd kəsilməsi k=3,,,,,,,,,
state_inv,Dövlət investisiyası (− = kəsinti),fr1:balance_n,Büdcə balansı,2030,"mln AZN, cari qiymətlər",6684.08,-10259.3,1.23887,-0.106694,1.53489,-0.211012,2.35689,-0.40421,2.05282,-0.344868,0.267385,-0.174632,-0.0757699,-0.308954,True,asimmetrik cavab; qeyri-proporsional miqyas; sərhəd kəsilməsi k=3,,,,,,,,,
state_inv,Dövlət investisiyası (− = kəsinti),fr1:debt_azn,"Dövlət borcu (xarici + daxili, Maliyyə Nazirliyinin anlayışı; dövlət zəmanətli borc daxil deyil)",2026,"mln AZN, cari qiymətlər",0,0,,,,,,,,,,,,,False,sərhəd kəsilməsi k=3,,,,,,,,,
state_inv,Dövlət investisiyası (− = kəsinti),fr1:debt_azn,"Dövlət borcu (xarici + daxili, Maliyyə Nazirliyinin anlayışı; dövlət zəmanətli borc daxil deyil)",2027,"mln AZN, cari qiymətlər",-4900.05,7473.81,1.235,0.105145,1.52525,0.208,2.32674,0.398811,2.1078,0.356457,0.262006,-0.172714,-0.0409844,-0.306033,True,asimmetrik cavab; qeyri-proporsional miqyas; sərhəd kəsilməsi k=3,,,,,,,,,
state_inv,Dövlət investisiyası (− = kəsinti),fr1:debt_azn,"Dövlət borcu (xarici + daxili, Maliyyə Nazirliyinin anlayışı; dövlət zəmanətli borc daxil deyil)",2028,"mln AZN, cari qiymətlər",-10353.9,15814,1.23584,0.105482,1.52735,0.208656,2.33327,0.399989,2.09881,0.35459,0.263178,-0.17313,-0.0472533,-0.306666,True,asimmetrik cavab; qeyri-proporsional miqyas; sərhəd kəsilməsi k=3,,,,,,,,,
state_inv,Dövlət investisiyası (− = kəsinti),fr1:debt_azn,"Dövlət borcu (xarici + daxili, Maliyyə Nazirliyinin anlayışı; dövlət zəmanətli borc daxil deyil)",2029,"mln AZN, cari qiymətlər",-16405.8,25087,1.23657,0.105773,1.52915,0.209221,2.33892,0.401004,2.08885,0.35251,0.264189,-0.173491,-0.0536434,-0.307215,True,asimmetrik cavab; qeyri-proporsional miqyas; sərhəd kəsilməsi k=3,,,,,,,,,
state_inv,Dövlət investisiyası (− = kəsinti),fr1:debt_azn,"Dövlət borcu (xarici + daxili, Maliyyə Nazirliyinin anlayışı; dövlət zəmanətli borc daxil deyil)",2030,"mln AZN, cari qiymətlər",-23089.9,35346.3,1.23724,0.10604,1.53081,0.209741,2.34412,0.401935,2.07844,0.35032,0.265117,-0.173821,-0.0600656,-0.307719,True,asimmetrik cavab; qeyri-proporsional miqyas; sərhəd kəsilməsi k=3,,,,,,,,,
state_inv,Dövlət investisiyası (− = kəsinti),fr1:emp,Məşğul əhali,2026,min nəfər,0,0,,,,,,,,,,,,,False,sərhəd kəsilməsi k=3,,,,,,,,,
state_inv,Dövlət investisiyası (− = kəsinti),fr1:emp,Məşğul əhali,2027,min nəfər,-4.55801,5.44435,1.09304,0.0444522,1.19446,0.0886134,1.42405,0.174935,1.1474,0.0686393,0.0917874,-0.084236,-0.19333,-0.160242,True,asimmetrik cavab; qeyri-proporsional miqyas; sərhəd kəsilməsi k=3,,,,,,,,,
state_inv,Dövlət investisiyası (− = kəsinti),fr1:emp,Məşğul əhali,2028,min nəfər,-5.00034,6.03724,1.0989,0.0471217,1.20737,0.093943,1.45558,0.18553,1.16641,0.0768143,0.0991564,-0.0882801,-0.195503,-0.167255,True,asimmetrik cavab; qeyri-proporsional miqyas; sərhəd kəsilməsi k=3,,,,,,,,,
state_inv,Dövlət investisiyası (− = kəsinti),fr1:emp,Məşğul əhali,2029,min nəfər,-5.34938,6.50812,1.10309,0.0490198,1.21661,0.0977219,1.47818,0.192956,1.17671,0.0811813,0.104268,-0.0911361,-0.199302,-0.172149,True,asimmetrik cavab; qeyri-proporsional miqyas; sərhəd kəsilməsi k=3,,,,,,,,,
state_inv,Dövlət investisiyası (− = kəsinti),fr1:emp,Məşğul əhali,2030,min nəfər,-5.66868,6.9364,1.10627,0.0504549,1.22364,0.100572,1.49533,0.198503,1.1821,0.0834503,0.107878,-0.0934192,-0.204076,-0.176107,True,asimmetrik cavab; qeyri-proporsional miqyas; sərhəd kəsilməsi k=3,,,,,,,,,
state_inv,Dövlət investisiyası (− = kəsinti),fr1:gdp_n,Nominal ÜDM,2026,"mln AZN, cari qiymətlər",0,0,,,,,,,,,,,,,False,sərhəd kəsilməsi k=3,,,,,,,,,
state_inv,Dövlət investisiyası (− = kəsinti),fr1:gdp_n,Nominal ÜDM,2027,"mln AZN, cari qiymətlər",-3923.05,4844.93,1.11137,0.0527485,1.23499,0.105142,1.52363,0.207491,1.24582,0.109457,0.115675,-0.0956799,-0.172097,-0.179294,True,asimmetrik cavab; qeyri-proporsional miqyas; sərhəd kəsilməsi k=3,,,,,,,,,
state_inv,Dövlət investisiyası (− = kəsinti),fr1:gdp_n,Nominal ÜDM,2028,"mln AZN, cari qiymətlər",-4682.79,5865.02,1.11916,0.0562279,1.25246,0.112083,1.56819,0.22124,1.27597,0.121254,0.126173,-0.10056,-0.172259,-0.187509,True,asimmetrik cavab; qeyri-proporsional miqyas; sərhəd kəsilməsi k=3,,,,,,,,,
state_inv,Dövlət investisiyası (− = kəsinti),fr1:gdp_n,Nominal ÜDM,2029,"mln AZN, cari qiymətlər",-5465.73,6915.01,1.12479,0.0587287,1.26516,0.11706,1.60079,0.231004,1.29401,0.128165,0.133676,-0.104018,-0.174861,-0.193259,True,asimmetrik cavab; qeyri-proporsional miqyas; sərhəd kəsilməsi k=3,,,,,,,,,
state_inv,Dövlət investisiyası (− = kəsinti),fr1:gdp_n,Nominal ÜDM,2030,"mln AZN, cari qiymətlər",-6273.79,8000.58,1.12924,0.0606985,1.27524,0.120971,1.62677,0.238609,1.30569,0.13258,0.139368,-0.10684,-0.178832,-0.197983,True,asimmetrik cavab; qeyri-proporsional miqyas; sərhəd kəsilməsi k=3,,,,,,,,,
state_inv,Dövlət investisiyası (− = kəsinti),fr1:infl,İnflyasiya (İQİ),2026,%,0,0,,,,,,,,,,,,,False,sərhəd kəsilməsi k=3,,,,,,,,,
state_inv,Dövlət investisiyası (− = kəsinti),fr1:infl,İnflyasiya (İQİ),2027,%,-0.89939,1.07073,1.09123,0.0436268,1.1905,0.0869683,1.41456,0.171691,1.13806,0.0645732,0.0895033,-0.083065,-0.195351,-0.158272,True,asimmetrik cavab; qeyri-proporsional miqyas; sərhəd kəsilməsi k=3,,,,,,,,,
state_inv,Dövlət investisiyası (− = kəsinti),fr1:infl,İnflyasiya (İQİ),2028,%,-0.0809299,0.109093,1.161,0.0745018,1.348,0.14821,1.81808,0.290296,1.39421,0.164652,0.169924,-0.13257,-0.218253,-0.244165,True,asimmetrik cavab; qeyri-proporsional miqyas; sərhəd kəsilməsi k=3,,,,,,,,,
state_inv,Dövlət investisiyası (− = kəsinti),fr1:infl,İnflyasiya (İQİ),2029,%,-0.0615385,0.0837504,1.16668,0.0769287,1.36094,0.152881,1.85015,0.298283,1.35145,0.149462,0.174618,-0.13597,-0.254323,-0.249086,True,asimmetrik cavab; qeyri-proporsional miqyas; sərhəd kəsilməsi k=3,,,,,,,,,
state_inv,Dövlət investisiyası (− = kəsinti),fr1:infl,İnflyasiya (İQİ),2030,%,-0.0551508,0.0746365,1.16346,0.0755557,1.35332,0.150136,1.82806,0.292801,1.28717,0.125557,0.167245,-0.135886,-0.286517,-0.249851,True,asimmetrik cavab; qeyri-proporsional miqyas; sərhəd kəsilməsi k=3,,,,,,,,,
state_inv,Dövlət investisiyası (− = kəsinti),fr1:lendrate,Kreditlər üzrə orta faiz dərəcəsi,2026,%,0,0,,,,,,,,,,,,,False,sərhəd kəsilməsi k=3,,,,,,,,,
state_inv,Dövlət investisiyası (− = kəsinti),fr1:lendrate,Kreditlər üzrə orta faiz dərəcəsi,2027,%,0,0,,,,,,,,,,,,,False,sərhəd kəsilməsi k=3,,,,,,,,,
state_inv,Dövlət investisiyası (− = kəsinti),fr1:lendrate,Kreditlər üzrə orta faiz dərəcəsi,2028,%,0,0,,,,,,,,,,,,,False,sərhəd kəsilməsi k=3,,,,,,,,,
state_inv,Dövlət investisiyası (− = kəsinti),fr1:lendrate,Kreditlər üzrə orta faiz dərəcəsi,2029,%,0,0,,,,,,,,,,,,,False,sərhəd kəsilməsi k=3,,,,,,,,,
state_inv,Dövlət investisiyası (− = kəsinti),fr1:lendrate,Kreditlər üzrə orta faiz dərəcəsi,2030,%,0,0,,,,,,,,,,,,,False,sərhəd kəsilməsi k=3,,,,,,,,,
state_inv,Dövlət investisiyası (− = kəsinti),fr1:nobd_pct,"Qeyri-neft büdcə balansı, qeyri-neft ÜDM-ə nisbətən",2026,%,0,0,,,,,,,,,,,,,False,sərhəd kəsilməsi k=3,,,,,,,,,
state_inv,Dövlət investisiyası (− = kəsinti),fr1:nobd_pct,"Qeyri-neft büdcə balansı, qeyri-neft ÜDM-ə nisbətən",2027,%,3.95454,-5.72999,1.20387,-0.092507,1.44896,-0.183328,2.09554,-0.353909,1.86182,-0.301145,0.21637,-0.158939,-0.0826601,-0.286081,True,asimmetrik cavab; qeyri-proporsional miqyas; sərhəd kəsilməsi k=3,,,,,,,,,
state_inv,Dövlət investisiyası (− = kəsinti),fr1:nobd_pct,"Qeyri-neft büdcə balansı, qeyri-neft ÜDM-ə nisbətən",2028,%,3.99569,-5.7532,1.20011,-0.0909564,1.43985,-0.180278,2.06835,-0.348185,1.80751,-0.287624,0.210985,-0.156992,-0.099963,-0.283035,True,asimmetrik cavab; qeyri-proporsional miqyas; sərhəd kəsilməsi k=3,,,,,,,,,
state_inv,Dövlət investisiyası (− = kəsinti),fr1:nobd_pct,"Qeyri-neft büdcə balansı, qeyri-neft ÜDM-ə nisbətən",2029,%,4.01981,-5.76096,1.19734,-0.0898088,1.43314,-0.178018,2.04845,-0.34393,1.76343,-0.276262,0.206955,-0.155587,-0.115121,-0.280857,True,asimmetrik cavab; qeyri-proporsional miqyas; sərhəd kəsilməsi k=3,,,,,,,,,
state_inv,Dövlət investisiyası (− = kəsinti),fr1:nobd_pct,"Qeyri-neft büdcə balansı, qeyri-neft ÜDM-ə nisbətən",2030,%,4.06306,-5.79788,1.19478,-0.088746,1.42697,-0.175928,2.03035,-0.340009,1.72309,-0.26554,0.203382,-0.154236,-0.129068,-0.27874,True,asimmetrik cavab; qeyri-proporsional miqyas; sərhəd kəsilməsi k=3,,,,,,,,,
state_inv,Dövlət investisiyası (− = kəsinti),fr1:rcons,Real istehlak (istehlak bazarı),2026,"mln AZN, 2015 qiymətləri",0,0,,,,,,,,,,,,,False,sərhəd kəsilməsi k=3,,,,,,,,,
state_inv,Dövlət investisiyası (− = kəsinti),fr1:rcons,Real istehlak (istehlak bazarı),2027,"mln AZN, 2015 qiymətləri",-1183.48,1453.34,1.10824,0.0513417,1.22802,0.102342,1.50626,0.201997,1.22854,0.102553,0.111583,-0.0937489,-0.175741,-0.176092,True,asimmetrik cavab; qeyri-proporsional miqyas; sərhəd kəsilməsi k=3,,,,,,,,,
state_inv,Dövlət investisiyası (− = kəsinti),fr1:rcons,Real istehlak (istehlak bazarı),2028,"mln AZN, 2015 qiymətləri",-1329.6,1654.65,1.11559,0.0546394,1.24447,0.10892,1.54786,0.215027,1.25632,0.113603,0.121328,-0.0984599,-0.176301,-0.184075,True,asimmetrik cavab; qeyri-proporsional miqyas; sərhəd kəsilməsi k=3,,,,,,,,,
state_inv,Dövlət investisiyası (− = kəsinti),fr1:rcons,Real istehlak (istehlak bazarı),2029,"mln AZN, 2015 qiymətləri",-1469.36,1846.18,1.12093,0.0570181,1.25645,0.113654,1.57835,0.224311,1.27301,0.120109,0.128294,-0.101816,-0.179017,-0.189693,True,asimmetrik cavab; qeyri-proporsional miqyas; sərhəd kəsilməsi k=3,,,,,,,,,
state_inv,Dövlət investisiyası (− = kəsinti),fr1:rcons,Real istehlak (istehlak bazarı),2030,"mln AZN, 2015 qiymətləri",-1605.2,2032.06,1.12513,0.0588832,1.26592,0.117357,1.60251,0.23151,1.28375,0.124249,0.133535,-0.104548,-0.182948,-0.194298,True,asimmetrik cavab; qeyri-proporsional miqyas; sərhəd kəsilməsi k=3,,,,,,,,,
state_inv,Dövlət investisiyası (− = kəsinti),fr1:rcred_tot,Kreditlər (real),2026,"mln AZN, 2015 qiymətləri",0,0,,,,,,,,,,,,,False,sərhəd kəsilməsi k=3,,,,,,,,,
state_inv,Dövlət investisiyası (− = kəsinti),fr1:rcred_tot,Kreditlər (real),2027,"mln AZN, 2015 qiymətləri",-260.373,316.28,1.10224,0.0486351,1.21472,0.0969508,1.47337,0.191387,1.19598,0.0892451,0.103723,-0.090037,-0.182734,-0.16993,True,asimmetrik cavab; qeyri-proporsional miqyas; sərhəd kəsilməsi k=3,,,,,,,,,
state_inv,Dövlət investisiyası (− = kəsinti),fr1:rcred_tot,Kreditlər (real),2028,"mln AZN, 2015 qiymətləri",-294.431,362.092,1.10903,0.0516968,1.22981,0.103061,1.51102,0.20351,1.2203,0.0992202,0.112552,-0.0945028,-0.183918,-0.177561,True,asimmetrik cavab; qeyri-proporsional miqyas; sərhəd kəsilməsi k=3,,,,,,,,,
state_inv,Dövlət investisiyası (− = kəsinti),fr1:rcred_tot,Kreditlər (real),2029,"mln AZN, 2015 qiymətləri",-321.94,399.442,1.11393,0.0538946,1.24073,0.107435,1.5384,0.212101,1.23445,0.104925,0.1188,-0.0976748,-0.187055,-0.182916,True,asimmetrik cavab; qeyri-proporsional miqyas; sərhəd kəsilməsi k=3,,,,,,,,,
state_inv,Dövlət investisiyası (− = kəsinti),fr1:rcred_tot,Kreditlər (real),2030,"mln AZN, 2015 qiymətləri",-347.653,434.308,1.11774,0.0555976,1.24926,0.110818,1.55978,0.218683,1.24306,0.108362,0.123408,-0.100241,-0.191315,-0.187285,True,asimmetrik cavab; qeyri-proporsional miqyas; sərhəd kəsilməsi k=3,,,,,,,,,
state_inv,Dövlət investisiyası (− = kəsinti),fr1:rev_oil_n,Neft-qaz büdcə gəlirləri,2026,"mln AZN, cari qiymətlər",0,0,,,,,,,,,,,,,False,sərhəd kəsilməsi k=3,,,,,,,,,
state_inv,Dövlət investisiyası (− = kəsinti),fr1:rev_oil_n,Neft-qaz büdcə gəlirləri,2027,"mln AZN, cari qiymətlər",0,0,,,,,,,,,,,,,False,sərhəd kəsilməsi k=3,,,,,,,,,
state_inv,Dövlət investisiyası (− = kəsinti),fr1:rev_oil_n,Neft-qaz büdcə gəlirləri,2028,"mln AZN, cari qiymətlər",0,0,,,,,,,,,,,,,False,sərhəd kəsilməsi k=3,,,,,,,,,
state_inv,Dövlət investisiyası (− = kəsinti),fr1:rev_oil_n,Neft-qaz büdcə gəlirləri,2029,"mln AZN, cari qiymətlər",0,0,,,,,,,,,,,,,False,sərhəd kəsilməsi k=3,,,,,,,,,
state_inv,Dövlət investisiyası (− = kəsinti),fr1:rev_oil_n,Neft-qaz büdcə gəlirləri,2030,"mln AZN, cari qiymətlər",0,0,,,,,,,,,,,,,False,sərhəd kəsilməsi k=3,,,,,,,,,
state_inv,Dövlət investisiyası (− = kəsinti),fr1:rev_tot_n,Büdcə gəlirləri,2026,"mln AZN, cari qiymətlər",0,0,,,,,,,,,,,,,False,sərhəd kəsilməsi k=3,,,,,,,,,
state_inv,Dövlət investisiyası (− = kəsinti),fr1:rev_tot_n,Büdcə gəlirləri,2027,"mln AZN, cari qiymətlər",-1122.05,1410.05,1.12105,0.0570697,1.25667,0.11374,1.57842,0.224333,1.30049,0.130619,0.128529,-0.101514,-0.160621,-0.1889,True,asimmetrik cavab; qeyri-proporsional miqyas; sərhəd kəsilməsi k=3,,,,,,,,,
state_inv,Dövlət investisiyası (− = kəsinti),fr1:rev_tot_n,Büdcə gəlirləri,2028,"mln AZN, cari qiymətlər",-1355.02,1729.4,1.1297,0.0609015,1.27629,0.121376,1.6295,0.2394,1.33659,0.144051,0.140453,-0.106755,-0.159714,-0.197625,True,asimmetrik cavab; qeyri-proporsional miqyas; sərhəd kəsilməsi k=3,,,,,,,,,
state_inv,Dövlət investisiyası (− = kəsinti),fr1:rev_tot_n,Büdcə gəlirləri,2029,"mln AZN, cari qiymətlər",-1610.67,2078.73,1.13598,0.0636628,1.2906,0.126866,1.66714,0.250132,1.35901,0.152188,0.149051,-0.110471,-0.161525,-0.203734,True,asimmetrik cavab; qeyri-proporsional miqyas; sərhəd kəsilməsi k=3,,,,,,,,,
state_inv,Dövlət investisiyası (− = kəsinti),fr1:rev_tot_n,Büdcə gəlirləri,2030,"mln AZN, cari qiymətlər",-1882.7,2451.42,1.141,0.0658571,1.30208,0.13122,1.69748,0.258567,1.37436,0.157669,0.15569,-0.113509,-0.164826,-0.208753,True,asimmetrik cavab; qeyri-proporsional miqyas; sərhəd kəsilməsi k=3,,,,,,,,,
state_inv,Dövlət investisiyası (− = kəsinti),fr1:rgdp,Real ÜDM,2026,"mln AZN, 2015 qiymətləri",0,0,,,,,,,,,,,,,False,sərhəd kəsilməsi k=3,,,,,,,,,
state_inv,Dövlət investisiyası (− = kəsinti),fr1:rgdp,Real ÜDM,2027,"mln AZN, 2015 qiymətləri",-1294.7,1590.05,1.10829,0.051363,1.22813,0.102385,1.50652,0.20208,1.2288,0.102658,0.111644,-0.0937783,-0.175686,-0.176141,True,asimmetrik cavab; qeyri-proporsional miqyas; sərhəd kəsilməsi k=3,,,,,,,,,
state_inv,Dövlət investisiyası (− = kəsinti),fr1:rgdp,Real ÜDM,2028,"mln AZN, 2015 qiymətləri",-1479.31,1841.78,1.11584,0.05475,1.24503,0.109141,1.54929,0.215467,1.25748,0.114056,0.12169,-0.0985973,-0.176137,-0.184296,True,asimmetrik cavab; qeyri-proporsional miqyas; sərhəd kəsilməsi k=3,,,,,,,,,
state_inv,Dövlət investisiyası (− = kəsinti),fr1:rgdp,Real ÜDM,2029,"mln AZN, 2015 qiymətləri",-1647.35,2071.59,1.12141,0.0572302,1.25753,0.114077,1.58113,0.225145,1.27512,0.120925,0.128971,-0.102086,-0.178802,-0.190128,True,asimmetrik cavab; qeyri-proporsional miqyas; sərhəd kəsilməsi k=3,,,,,,,,,
state_inv,Dövlət investisiyası (− = kəsinti),fr1:rgdp,Real ÜDM,2030,"mln AZN, 2015 qiymətləri",-1811.55,2295.77,1.12574,0.0591528,1.2673,0.117894,1.60608,0.232563,1.28625,0.125205,0.134387,-0.104895,-0.18282,-0.194859,True,asimmetrik cavab; qeyri-proporsional miqyas; sərhəd kəsilməsi k=3,,,,,,,,,
state_inv,Dövlət investisiyası (− = kəsinti),fr1:rgdpnon,Real qeyri-neft ÜDM,2026,"mln AZN, 2015 qiymətləri",0,0,,,,,,,,,,,,,False,sərhəd kəsilməsi k=3,,,,,,,,,
state_inv,Dövlət investisiyası (− = kəsinti),fr1:rgdpnon,Real qeyri-neft ÜDM,2027,"mln AZN, 2015 qiymətləri",-1403.09,1723.17,1.10829,0.051363,1.22813,0.102385,1.50652,0.20208,1.2288,0.102658,0.111644,-0.0937783,-0.175686,-0.176141,True,asimmetrik cavab; qeyri-proporsional miqyas; sərhəd kəsilməsi k=3,,,,,,,,,
state_inv,Dövlət investisiyası (− = kəsinti),fr1:rgdpnon,Real qeyri-neft ÜDM,2028,"mln AZN, 2015 qiymətləri",-1596.01,1986.6,1.11571,0.0546906,1.24473,0.109023,1.54852,0.21523,1.25694,0.113844,0.121493,-0.0985243,-0.176174,-0.184178,True,asimmetrik cavab; qeyri-proporsional miqyas; sərhəd kəsilməsi k=3,,,,,,,,,
state_inv,Dövlət investisiyası (− = kəsinti),fr1:rgdpnon,Real qeyri-neft ÜDM,2029,"mln AZN, 2015 qiymətləri",-1777.09,2233.49,1.1211,0.0570912,1.25683,0.1138,1.57931,0.2246,1.27388,0.120446,0.128535,-0.101906,-0.178842,-0.189835,True,asimmetrik cavab; qeyri-proporsional miqyas; sərhəd kəsilməsi k=3,,,,,,,,,
state_inv,Dövlət investisiyası (− = kəsinti),fr1:rgdpnon,Real qeyri-neft ÜDM,2030,"mln AZN, 2015 qiymətləri",-1950.18,2469.7,1.12534,0.0589752,1.26639,0.11754,1.60374,0.231873,1.28484,0.124667,0.133843,-0.104659,-0.182737,-0.194474,True,asimmetrik cavab; qeyri-proporsional miqyas; sərhəd kəsilməsi k=3,,,,,,,,,
state_inv,Dövlət investisiyası (− = kəsinti),fr1:rhhdisp,Ev təsərrüfatlarının real sərəncamda qalan gəliri,2026,"mln AZN, 2015 qiymətləri",0,0,,,,,,,,,,,,,False,sərhəd kəsilməsi k=3,,,,,,,,,
state_inv,Dövlət investisiyası (− = kəsinti),fr1:rhhdisp,Ev təsərrüfatlarının real sərəncamda qalan gəliri,2027,"mln AZN, 2015 qiymətləri",-957.407,1172.03,1.10651,0.0505615,1.22417,0.100788,1.4967,0.198941,1.21906,0.0987192,0.109305,-0.0926825,-0.177769,-0.174325,True,asimmetrik cavab; qeyri-proporsional miqyas; sərhəd kəsilməsi k=3,,,,,,,,,
state_inv,Dövlət investisiyası (− = kəsinti),fr1:rhhdisp,Ev təsərrüfatlarının real sərəncamda qalan gəliri,2028,"mln AZN, 2015 qiymətləri",-1081.48,1341.24,1.11368,0.0537838,1.24019,0.107217,1.53705,0.211682,1.24574,0.109427,0.118759,-0.0973148,-0.178529,-0.182194,True,asimmetrik cavab; qeyri-proporsional miqyas; sərhəd kəsilməsi k=3,,,,,,,,,
state_inv,Dövlət investisiyası (− = kəsinti),fr1:rhhdisp,Ev təsərrüfatlarının real sərəncamda qalan gəliri,2029,"mln AZN, 2015 qiymətləri",-1195.72,1496.85,1.11888,0.0561052,1.25184,0.111837,1.56655,0.220745,1.26162,0.115679,0.125497,-0.100612,-0.181378,-0.187727,True,asimmetrik cavab; qeyri-proporsional miqyas; sərhəd kəsilməsi k=3,,,,,,,,,
state_inv,Dövlət investisiyası (− = kəsinti),fr1:rhhdisp,Ev təsərrüfatlarının real sərəncamda qalan gəliri,2030,"mln AZN, 2015 qiymətləri",-1304.15,1644.55,1.12296,0.057919,1.26101,0.115438,1.58983,0.227749,1.27169,0.119598,0.130539,-0.103291,-0.185414,-0.192257,True,asimmetrik cavab; qeyri-proporsional miqyas; sərhəd kəsilməsi k=3,,,,,,,,,
state_inv,Dövlət investisiyası (− = kəsinti),fr1:rinv_state,Dövlət investisiyaları (real),2026,"mln AZN, 2015 qiymətləri",0,0,,,,,,,,,,,,,False,sərhəd kəsilməsi k=3,,,,,,,,,
state_inv,Dövlət investisiyası (− = kəsinti),fr1:rinv_state,Dövlət investisiyaları (real),2027,"mln AZN, 2015 qiymətləri",-2344.97,3487.92,1.2196,0.0989358,1.4874,0.195949,2.21219,0.377371,1.98032,0.328931,0.243157,-0.164141,-0.0580663,-0.29252,True,asimmetrik cavab; qeyri-proporsional miqyas; sərhəd kəsilməsi k=3,,,,,,,,,
state_inv,Dövlət investisiyası (− = kəsinti),fr1:rinv_state,Dövlət investisiyaları (real),2028,"mln AZN, 2015 qiymətləri",-2375.16,3533.76,1.21976,0.0990027,1.4878,0.196078,2.21336,0.377599,1.95221,0.322541,0.243336,-0.16424,-0.0718897,-0.292676,True,asimmetrik cavab; qeyri-proporsional miqyas; sərhəd kəsilməsi k=3,,,,,,,,,
state_inv,Dövlət investisiyası (− = kəsinti),fr1:rinv_state,Dövlət investisiyaları (real),2029,"mln AZN, 2015 qiymətləri",-2407.85,3582.83,1.21983,0.0990318,1.48798,0.196135,2.21388,0.377699,1.92375,0.315948,0.243421,-0.16428,-0.0856063,-0.292738,True,asimmetrik cavab; qeyri-proporsional miqyas; sərhəd kəsilməsi k=3,,,,,,,,,
state_inv,Dövlət investisiyası (− = kəsinti),fr1:rinv_state,Dövlət investisiyaları (real),2030,"mln AZN, 2015 qiymətləri",-2442.16,3634.03,1.21986,0.0990418,1.48804,0.196154,2.21406,0.377734,1.89532,0.309231,0.243461,-0.164287,-0.0991657,-0.292746,True,asimmetrik cavab; qeyri-proporsional miqyas; sərhəd kəsilməsi k=3,,,,,,,,,
state_inv,Dövlət investisiyası (− = kəsinti),fr1:rinv_tot,Əsas kapitala investisiyalar (real),2026,"mln AZN, 2015 qiymətləri",0,0,,,,,,,,,,,,,False,sərhəd kəsilməsi k=3,,,,,,,,,
state_inv,Dövlət investisiyası (− = kəsinti),fr1:rinv_tot,Əsas kapitala investisiyalar (real),2027,"mln AZN, 2015 qiymətləri",-3040.55,4366.25,1.19832,0.0902124,1.43601,0.178984,2.06262,0.346965,1.81655,0.289912,0.218204,-0.151882,-0.0805246,-0.273144,True,asimmetrik cavab; qeyri-proporsional miqyas; sərhəd kəsilməsi k=3,,,,,,,,,
state_inv,Dövlət investisiyası (− = kəsinti),fr1:rinv_tot,Əsas kapitala investisiyalar (real),2028,"mln AZN, 2015 qiymətləri",-3104.58,4464.12,1.19911,0.0905398,1.43792,0.179628,2.0683,0.348172,1.79642,0.2848,0.219352,-0.152284,-0.0927027,-0.273768,True,asimmetrik cavab; qeyri-proporsional miqyas; sərhəd kəsilməsi k=3,,,,,,,,,
state_inv,Dövlət investisiyası (− = kəsinti),fr1:rinv_tot,Əsas kapitala investisiyalar (real),2029,"mln AZN, 2015 qiymətləri",-3174.18,4568.43,1.19966,0.0907672,1.43925,0.180076,2.07227,0.349016,1.77467,0.279192,0.220187,-0.152547,-0.105014,-0.274169,True,asimmetrik cavab; qeyri-proporsional miqyas; sərhəd kəsilməsi k=3,,,,,,,,,
state_inv,Dövlət investisiyası (− = kəsinti),fr1:rinv_tot,Əsas kapitala investisiyalar (real),2030,"mln AZN, 2015 qiymətləri",-3243.24,4671.3,1.2001,0.0909499,1.44032,0.180435,2.07547,0.349694,1.75233,0.273342,0.220877,-0.152746,-0.117295,-0.274462,True,asimmetrik cavab; qeyri-proporsional miqyas; sərhəd kəsilməsi k=3,,,,,,,,,
state_inv,Dövlət investisiyası (− = kəsinti),fr1:rm_non,Qeyri-neft mal idxalı (real),2026,"mln AZN, 2015 qiymətləri",0,0,,,,,,,,,,,,,False,sərhəd kəsilməsi k=3,,,,,,,,,
state_inv,Dövlət investisiyası (− = kəsinti),fr1:rm_non,Qeyri-neft mal idxalı (real),2027,"mln AZN, 2015 qiymətləri",-325.148,399.134,1.10803,0.0512454,1.22755,0.102151,1.50509,0.201625,1.22738,0.102082,0.11132,-0.0936101,-0.175974,-0.175859,True,asimmetrik cavab; qeyri-proporsional miqyas; sərhəd kəsilməsi k=3,,,,,,,,,
state_inv,Dövlət investisiyası (− = kəsinti),fr1:rm_non,Qeyri-neft mal idxalı (real),2028,"mln AZN, 2015 qiymətləri",-361.403,449.593,1.1154,0.0545505,1.24402,0.108744,1.54674,0.214682,1.25525,0.113179,0.121066,-0.0983402,-0.176515,-0.183878,True,asimmetrik cavab; qeyri-proporsional miqyas; sərhəd kəsilməsi k=3,,,,,,,,,
state_inv,Dövlət investisiyası (− = kəsinti),fr1:rm_non,Qeyri-neft mal idxalı (real),2029,"mln AZN, 2015 qiymətləri",-395.472,496.737,1.12076,0.0569406,1.25606,0.113499,1.57734,0.224007,1.27209,0.119755,0.128045,-0.10172,-0.179194,-0.189539,True,asimmetrik cavab; qeyri-proporsional miqyas; sərhəd kəsilməsi k=3,,,,,,,,,
state_inv,Dövlət investisiyası (− = kəsinti),fr1:rm_non,Qeyri-neft mal idxalı (real),2030,"mln AZN, 2015 qiymətləri",-428.015,541.686,1.12498,0.0588157,1.26558,0.117222,1.6016,0.231243,1.28302,0.123967,0.133302,-0.104472,-0.183074,-0.19418,True,asimmetrik cavab; qeyri-proporsional miqyas; sərhəd kəsilməsi k=3,,,,,,,,,
state_inv,Dövlət investisiyası (− = kəsinti),fr1:rva_agr,"Real əlavə dəyər: Kənd, meşə və balıqçılıq",2026,"mln AZN, 2015 qiymətləri",0,0,,,,,,,,,,,,,False,sərhəd kəsilməsi k=3,,,,,,,,,
state_inv,Dövlət investisiyası (− = kəsinti),fr1:rva_agr,"Real əlavə dəyər: Kənd, meşə və balıqçılıq",2027,"mln AZN, 2015 qiymətləri",0,0,,,,,,,,,,,,,False,sərhəd kəsilməsi k=3,,,,,,,,,
state_inv,Dövlət investisiyası (− = kəsinti),fr1:rva_agr,"Real əlavə dəyər: Kənd, meşə və balıqçılıq",2028,"mln AZN, 2015 qiymətləri",0,0,,,,,,,,,,,,,False,sərhəd kəsilməsi k=3,,,,,,,,,
state_inv,Dövlət investisiyası (− = kəsinti),fr1:rva_agr,"Real əlavə dəyər: Kənd, meşə və balıqçılıq",2029,"mln AZN, 2015 qiymətləri",0,0,,,,,,,,,,,,,False,sərhəd kəsilməsi k=3,,,,,,,,,
state_inv,Dövlət investisiyası (− = kəsinti),fr1:rva_agr,"Real əlavə dəyər: Kənd, meşə və balıqçılıq",2030,"mln AZN, 2015 qiymətləri",0,0,,,,,,,,,,,,,False,sərhəd kəsilməsi k=3,,,,,,,,,
state_inv,Dövlət investisiyası (− = kəsinti),fr1:rva_con,Real əlavə dəyər: Tikinti,2026,"mln AZN, 2015 qiymətləri",0,0,,,,,,,,,,,,,False,sərhəd kəsilməsi k=3,,,,,,,,,
state_inv,Dövlət investisiyası (− = kəsinti),fr1:rva_con,Real əlavə dəyər: Tikinti,2027,"mln AZN, 2015 qiymətləri",-794.156,992.818,1.11825,0.0558244,1.25015,0.111172,1.55955,0.218612,1.28482,0.124657,0.120301,-0.101953,-0.16822,-0.190662,True,asimmetrik cavab; qeyri-proporsional miqyas; sərhəd kəsilməsi k=3,,,,,,,,,
state_inv,Dövlət investisiyası (− = kəsinti),fr1:rva_con,Real əlavə dəyər: Tikinti,2028,"mln AZN, 2015 qiymətləri",-858.652,1081.01,1.12214,0.0575535,1.25897,0.114639,1.58272,0.225624,1.29196,0.127385,0.126098,-0.104254,-0.173396,-0.194508,True,asimmetrik cavab; qeyri-proporsional miqyas; sərhəd kəsilməsi k=3,,,,,,,,,
state_inv,Dövlət investisiyası (− = kəsinti),fr1:rva_con,Real əlavə dəyər: Tikinti,2029,"mln AZN, 2015 qiymətləri",-909.409,1150.74,1.12495,0.0588021,1.26537,0.117143,1.59975,0.230695,1.2922,0.127474,0.130563,-0.105744,-0.179875,-0.196899,True,asimmetrik cavab; qeyri-proporsional miqyas; sərhəd kəsilməsi k=3,,,,,,,,,
state_inv,Dövlət investisiyası (− = kəsinti),fr1:rva_con,Real əlavə dəyər: Tikinti,2030,"mln AZN, 2015 qiymətləri",-946.133,1202.96,1.12762,0.0599843,1.27145,0.119507,1.6158,0.235416,1.29132,0.127139,0.134507,-0.10727,-0.186892,-0.199399,True,asimmetrik cavab; qeyri-proporsional miqyas; sərhəd kəsilməsi k=3,,,,,,,,,
state_inv,Dövlət investisiyası (− = kəsinti),fr1:rva_man,Real əlavə dəyər: Emal sənayesi,2026,"mln AZN, 2015 qiymətləri",0,0,,,,,,,,,,,,,False,sərhəd kəsilməsi k=3,,,,,,,,,
state_inv,Dövlət investisiyası (− = kəsinti),fr1:rva_man,Real əlavə dəyər: Emal sənayesi,2027,"mln AZN, 2015 qiymətləri",-250.489,285.063,1.06675,0.0322979,1.13803,0.0645589,1.29575,0.128826,1.0177,0.00877066,0.0672531,-0.0626562,-0.214483,-0.121603,True,asimmetrik cavab; qeyri-proporsional miqyas; sərhəd kəsilməsi k=3,,,,,,,,,
state_inv,Dövlət investisiyası (− = kəsinti),fr1:rva_man,Real əlavə dəyər: Emal sənayesi,2028,"mln AZN, 2015 qiymətləri",-289.893,338.803,1.08097,0.0389118,1.16872,0.0777959,1.36787,0.155358,1.07597,0.036593,0.0861718,-0.0719663,-0.205988,-0.137542,True,asimmetrik cavab; qeyri-proporsional miqyas; sərhəd kəsilməsi k=3,,,,,,,,,
state_inv,Dövlət investisiyası (− = kəsinti),fr1:rva_man,Real əlavə dəyər: Emal sənayesi,2029,"mln AZN, 2015 qiymətləri",-332.175,396.441,1.09235,0.0441368,1.19347,0.0882021,1.42663,0.175811,1.12137,0.0572116,0.100288,-0.0795365,-0.201764,-0.150439,True,asimmetrik cavab; qeyri-proporsional miqyas; sərhəd kəsilməsi k=3,,,,,,,,,
state_inv,Dövlət investisiyası (− = kəsinti),fr1:rva_man,Real əlavə dəyər: Emal sənayesi,2030,"mln AZN, 2015 qiymətləri",-379.939,460.661,1.10102,0.0480812,1.21246,0.0960292,1.47211,0.190975,1.1541,0.0715363,0.110316,-0.0855213,-0.201099,-0.160697,True,asimmetrik cavab; qeyri-proporsional miqyas; sərhəd kəsilməsi k=3,,,,,,,,,
state_inv,Dövlət investisiyası (− = kəsinti),fr1:rva_trd,Real əlavə dəyər: Ticarət; nəqliyyat vasitələrinin təmiri,2026,"mln AZN, 2015 qiymətləri",0,0,,,,,,,,,,,,,False,sərhəd kəsilməsi k=3,,,,,,,,,
state_inv,Dövlət investisiyası (− = kəsinti),fr1:rva_trd,Real əlavə dəyər: Ticarət; nəqliyyat vasitələrinin təmiri,2027,"mln AZN, 2015 qiymətləri",-184.101,225.835,1.10764,0.0510729,1.22669,0.101807,1.50296,0.200945,1.22527,0.101232,0.110797,-0.0933817,-0.176441,-0.175484,True,asimmetrik cavab; qeyri-proporsional miqyas; sərhəd kəsilməsi k=3,,,,,,,,,
state_inv,Dövlət investisiyası (− = kəsinti),fr1:rva_trd,Real əlavə dəyər: Ticarət; nəqliyyat vasitələrinin təmiri,2028,"mln AZN, 2015 qiymətləri",-206.946,257.232,1.11494,0.0543449,1.24299,0.108334,1.54413,0.213877,1.25267,0.112166,0.120443,-0.0980661,-0.177069,-0.183428,True,asimmetrik cavab; qeyri-proporsional miqyas; sərhəd kəsilməsi k=3,,,,,,,,,
state_inv,Dövlət investisiyası (− = kəsinti),fr1:rva_trd,Real əlavə dəyər: Ticarət; nəqliyyat vasitələrinin təmiri,2029,"mln AZN, 2015 qiymətləri",-228.549,286.798,1.12023,0.0567042,1.25486,0.113029,1.57428,0.223085,1.26908,0.118586,0.127331,-0.101402,-0.179831,-0.189018,True,asimmetrik cavab; qeyri-proporsional miqyas; sərhəd kəsilməsi k=3,,,,,,,,,
state_inv,Dövlət investisiyası (− = kəsinti),fr1:rva_trd,Real əlavə dəyər: Ticarət; nəqliyyat vasitələrinin təmiri,2030,"mln AZN, 2015 qiymətləri",-249.43,315.338,1.12439,0.0585518,1.26423,0.116698,1.59814,0.230218,1.27959,0.122651,0.132504,-0.104116,-0.183798,-0.193597,True,asimmetrik cavab; qeyri-proporsional miqyas; sərhəd kəsilməsi k=3,,,,,,,,,
state_inv,Dövlət investisiyası (− = kəsinti),fr1:rx_non,Qeyri-neft mal ixracı (real),2026,"mln AZN, 2015 qiymətləri",0,0,,,,,,,,,,,,,False,sərhəd kəsilməsi k=3,,,,,,,,,
state_inv,Dövlət investisiyası (− = kəsinti),fr1:rx_non,Qeyri-neft mal ixracı (real),2027,"mln AZN, 2015 qiymətləri",-52.6521,58.1063,1.05049,0.0246235,1.10359,0.0492446,1.21845,0.0984702,0.942525,-0.0295878,0.0487072,-0.0501522,-0.230713,-0.0992515,True,qeyri-proporsional miqyas; sərhəd kəsilməsi k=3,,,,,,,,,
state_inv,Dövlət investisiyası (− = kəsinti),fr1:rx_non,Qeyri-neft mal ixracı (real),2028,"mln AZN, 2015 qiymətləri",-63.1834,71.3794,1.06281,0.0304487,1.12972,0.0609083,1.27762,0.121892,0.989006,-0.00552756,0.0645373,-0.0587009,-0.224523,-0.114191,True,asimmetrik cavab; qeyri-proporsional miqyas; sərhəd kəsilməsi k=3,,,,,,,,,
state_inv,Dövlət investisiyası (− = kəsinti),fr1:rx_non,Qeyri-neft mal ixracı (real),2029,"mln AZN, 2015 qiymətləri",-74.6348,85.8542,1.07247,0.0349658,1.15032,0.0699074,1.3245,0.139602,1.02396,0.0118365,0.0758805,-0.0656048,-0.222213,-0.126226,True,asimmetrik cavab; qeyri-proporsional miqyas; sərhəd kəsilməsi k=3,,,,,,,,,
state_inv,Dövlət investisiyası (− = kəsinti),fr1:rx_non,Qeyri-neft mal ixracı (real),2030,"mln AZN, 2015 qiymətləri",-88.0297,102.563,1.07935,0.0381624,1.16509,0.0762515,1.35821,0.1519,1.04664,0.0227877,0.0832167,-0.0708028,-0.223281,-0.135376,True,asimmetrik cavab; qeyri-proporsional miqyas; sərhəd kəsilməsi k=3,,,,,,,,,
state_inv,Dövlət investisiyası (− = kəsinti),fr1:unemp,İşsizlik səviyyəsi,2026,%,0,0,,,,,,,,,,,,,False,sərhəd kəsilməsi k=3,,,,,,,,,
state_inv,Dövlət investisiyası (− = kəsinti),fr1:unemp,İşsizlik səviyyəsi,2027,%,0.083766,-0.100055,1.09304,-0.0444522,1.19446,-0.0886134,1.42405,-0.174935,1.1474,-0.0686393,0.0917874,-0.084236,-0.19333,-0.160242,True,asimmetrik cavab; qeyri-proporsional miqyas; sərhəd kəsilməsi k=3,,,,,,,,,
state_inv,Dövlət investisiyası (− = kəsinti),fr1:unemp,İşsizlik səviyyəsi,2028,%,0.0914118,-0.110368,1.0989,-0.0471217,1.20737,-0.093943,1.45558,-0.18553,1.16641,-0.0768143,0.0991564,-0.0882801,-0.195503,-0.167255,True,asimmetrik cavab; qeyri-proporsional miqyas; sərhəd kəsilməsi k=3,,,,,,,,,
state_inv,Dövlət investisiyası (− = kəsinti),fr1:unemp,İşsizlik səviyyəsi,2029,%,0.0972787,-0.11835,1.10309,-0.0490198,1.21661,-0.0977219,1.47818,-0.192956,1.17671,-0.0811813,0.104268,-0.0911361,-0.199302,-0.172149,True,asimmetrik cavab; qeyri-proporsional miqyas; sərhəd kəsilməsi k=3,,,,,,,,,
state_inv,Dövlət investisiyası (− = kəsinti),fr1:unemp,İşsizlik səviyyəsi,2030,%,0.102543,-0.125476,1.10627,-0.0504549,1.22364,-0.100572,1.49533,-0.198503,1.1821,-0.0834503,0.107878,-0.0934192,-0.204076,-0.176107,True,asimmetrik cavab; qeyri-proporsional miqyas; sərhəd kəsilməsi k=3,,,,,,,,,
state_inv,Dövlət investisiyası (− = kəsinti),fr1:wage,Orta aylıq nominal əmək haqqı,2026,AZN/ay,0,0,,,,,,,,,,,,,False,sərhəd kəsilməsi k=3,,,,,,,,,
state_inv,Dövlət investisiyası (− = kəsinti),fr1:wage,Orta aylıq nominal əmək haqqı,2027,AZN/ay,-32.0056,39.202,1.10681,0.0506987,1.22485,0.101061,1.49836,0.199476,1.22072,0.0993918,0.109696,-0.0928736,-0.177422,-0.174643,True,asimmetrik cavab; qeyri-proporsional miqyas; sərhəd kəsilməsi k=3,,,,,,,,,
state_inv,Dövlət investisiyası (− = kəsinti),fr1:wage,Orta aylıq nominal əmək haqqı,2028,AZN/ay,-37.3738,46.4043,1.11432,0.0540714,1.24163,0.107791,1.54071,0.212817,1.24918,0.110786,0.119668,-0.097681,-0.177815,-0.182786,True,asimmetrik cavab; qeyri-proporsional miqyas; sərhəd kəsilməsi k=3,,,,,,,,,
state_inv,Dövlət investisiyası (− = kəsinti),fr1:wage,Orta aylıq nominal əmək haqqı,2029,AZN/ay,-42.6382,53.4619,1.11977,0.0565024,1.25385,0.112629,1.57174,0.222315,1.26635,0.117523,0.126792,-0.101104,-0.180427,-0.188515,True,asimmetrik cavab; qeyri-proporsional miqyas; sərhəd kəsilməsi k=3,,,,,,,,,
state_inv,Dövlət investisiyası (− = kəsinti),fr1:wage,Orta aylıq nominal əmək haqqı,2030,AZN/ay,-47.901,60.5239,1.12407,0.0584113,1.26352,0.11642,1.59636,0.229692,1.27751,0.121847,0.132165,-0.103893,-0.184283,-0.193214,True,asimmetrik cavab; qeyri-proporsional miqyas; sərhəd kəsilməsi k=3,,,,,,,,,
state_inv,Dövlət investisiyası (− = kəsinti),fr3:rw_avg,"Orta aylıq əmək haqqı, real (2015 qiymətləri)",2026,"AZN/ay, 2015 qiymətləri",0,0,,,,,,,,,,,,,False,sərhəd kəsilməsi k=3,,,,,,,,,
state_inv,Dövlət investisiyası (− = kəsinti),fr3:rw_avg,"Orta aylıq əmək haqqı, real (2015 qiymətləri)",2027,"AZN/ay, 2015 qiymətləri",-10.9534,13.3986,1.10608,0.0503694,1.22323,0.100409,1.49444,0.198217,1.21678,0.0977913,0.108851,-0.0923815,-0.178167,-0.17381,True,asimmetrik cavab; qeyri-proporsional miqyas; sərhəd kəsilməsi k=3,,,,,,,,,
state_inv,Dövlət investisiyası (− = kəsinti),fr3:rw_avg,"Orta aylıq əmək haqqı, real (2015 qiymətləri)",2028,"AZN/ay, 2015 qiymətləri",-12.2899,15.2315,1.1133,0.0536141,1.23935,0.106883,1.53503,0.211053,1.2437,0.108617,0.118381,-0.0970425,-0.178852,-0.181729,True,asimmetrik cavab; qeyri-proporsional miqyas; sərhəd kəsilməsi k=3,,,,,,,,,
state_inv,Dövlət investisiyası (− = kəsinti),fr3:rw_avg,"Orta aylıq əmək haqqı, real (2015 qiymətləri)",2029,"AZN/ay, 2015 qiymətləri",-13.5206,16.9167,1.11858,0.0559726,1.25118,0.111577,1.56498,0.220268,1.26003,0.115056,0.125241,-0.100388,-0.181594,-0.187342,True,asimmetrik cavab; qeyri-proporsional miqyas; sərhəd kəsilməsi k=3,,,,,,,,,
state_inv,Dövlət investisiyası (− = kəsinti),fr3:rw_avg,"Orta aylıq əmək haqqı, real (2015 qiymətləri)",2030,"AZN/ay, 2015 qiymətləri",-14.6894,18.5164,1.12274,0.057823,1.26053,0.115252,1.58873,0.22742,1.27055,0.119155,0.130405,-0.103113,-0.185526,-0.191947,True,asimmetrik cavab; qeyri-proporsional miqyas; sərhəd kəsilməsi k=3,,,,,,,,,
state_inv,Dövlət investisiyası (− = kəsinti),fr4:budget,Büdcə təşkilatlarında muzdlu işçilər,2026,min nəfər,0,0,,,,,,,,,,,,,False,sərhəd kəsilməsi k=3,,,,,,,,,
state_inv,Dövlət investisiyası (− = kəsinti),fr4:budget,Büdcə təşkilatlarında muzdlu işçilər,2027,min nəfər,2.15926,-2.5285,1.08221,-0.0394816,1.171,-0.0787667,1.36959,-0.155974,1.09166,-0.0438228,0.0814736,-0.0753407,-0.202269,-0.144292,True,asimmetrik cavab; qeyri-proporsional miqyas; sərhəd kəsilməsi k=3,,,,,,,,,
state_inv,Dövlət investisiyası (− = kəsinti),fr4:budget,Büdcə təşkilatlarında muzdlu işçilər,2028,min nəfər,2.40036,-2.84605,1.08894,-0.0425785,1.18568,-0.0849519,1.40467,-0.168284,1.11454,-0.0541662,0.0898045,-0.0800968,-0.203453,-0.15261,True,asimmetrik cavab; qeyri-proporsional miqyas; sərhəd kəsilməsi k=3,,,,,,,,,
state_inv,Dövlət investisiyası (− = kəsinti),fr4:budget,Büdcə təşkilatlarında muzdlu işçilər,2029,min nəfər,2.59962,-3.11019,1.09385,-0.0448231,1.19641,-0.0894212,1.43034,-0.177072,1.12826,-0.0602646,0.0956114,-0.0835811,-0.206582,-0.15866,True,asimmetrik cavab; qeyri-proporsional miqyas; sərhəd kəsilməsi k=3,,,,,,,,,
state_inv,Dövlət investisiyası (− = kəsinti),fr4:budget,Büdcə təşkilatlarında muzdlu işçilər,2030,min nəfər,2.79603,-3.36656,1.09734,-0.0464119,1.20405,-0.0925789,1.44868,-0.183234,1.13514,-0.0632929,0.0994883,-0.0861776,-0.211108,-0.163218,True,asimmetrik cavab; qeyri-proporsional miqyas; sərhəd kəsilməsi k=3,,,,,,,,,
state_inv,Dövlət investisiyası (− = kəsinti),fr5:vol:total,"Pullu xidmətlər, cəmi: real həcm (2015 qiymətləri)",2026,"mln AZN, 2015 qiymətləri",0,0,,,,,,,,,,,,,False,sərhəd kəsilməsi k=3,,,,,,,,,
state_inv,Dövlət investisiyası (− = kəsinti),fr5:vol:total,"Pullu xidmətlər, cəmi: real həcm (2015 qiymətləri)",2027,"mln AZN, 2015 qiymətləri",-243.42,299.138,1.10863,0.0515186,1.2289,0.102694,1.50843,0.202689,1.2307,0.103422,0.1121,-0.0939907,-0.175281,-0.176493,True,asimmetrik cavab; qeyri-proporsional miqyas; sərhəd kəsilməsi k=3,,,,,,,,,
state_inv,Dövlət investisiyası (− = kəsinti),fr5:vol:total,"Pullu xidmətlər, cəmi: real həcm (2015 qiymətləri)",2028,"mln AZN, 2015 qiymətləri",-276.881,344.876,1.11609,0.0548596,1.24557,0.109359,1.55066,0.21589,1.25904,0.114669,0.122001,-0.0987503,-0.175732,-0.18455,True,asimmetrik cavab; qeyri-proporsional miqyas; sərhəd kəsilməsi k=3,,,,,,,,,
state_inv,Dövlət investisiyası (− = kəsinti),fr5:vol:total,"Pullu xidmətlər, cəmi: real həcm (2015 qiymətləri)",2029,"mln AZN, 2015 qiymətləri",-308.407,387.894,1.1215,0.0572703,1.25773,0.114156,1.58164,0.225298,1.27613,0.121316,0.129084,-0.102142,-0.178376,-0.190221,True,asimmetrik cavab; qeyri-proporsional miqyas; sərhəd kəsilməsi k=3,,,,,,,,,
state_inv,Dövlət investisiyası (− = kəsinti),fr5:vol:total,"Pullu xidmətlər, cəmi: real həcm (2015 qiymətləri)",2030,"mln AZN, 2015 qiymətləri",-338.587,429.11,1.12577,0.0591635,1.26736,0.117915,1.60622,0.232606,1.28722,0.125576,0.134428,-0.104905,-0.182253,-0.194873,True,asimmetrik cavab; qeyri-proporsional miqyas; sərhəd kəsilməsi k=3,,,,,,,,,
state_inv,Dövlət investisiyası (− = kəsinti),ru:budget_gdp,Büdcə balansı,2026,% ÜDM (f.b.),0,0,,,,,,,,,,,,,False,sərhəd kəsilməsi k=3,"Büdcə balansı həddi (< hədd, % ÜDM)",-1,0.655559,,,,,8,
state_inv,Dövlət investisiyası (− = kəsinti),ru:budget_gdp,Büdcə balansı,2027,% ÜDM (f.b.),3.35112,-5.1113,1.235,-0.105145,1.52525,-0.208,2.32674,-0.398811,2.1078,-0.356457,0.262006,-0.172714,-0.0409844,-0.306033,True,asimmetrik cavab; qeyri-proporsional miqyas; sərhəd kəsilməsi k=3,"Büdcə balansı həddi (< hədd, % ÜDM)",-1,0.32115,,0.288808,,924.368,8,"2,3"
state_inv,Dövlət investisiyası (− = kəsinti),ru:budget_gdp,Büdcə balansı,2028,% ÜDM (f.b.),3.46405,-5.29732,1.2366,-0.105785,1.52923,-0.209245,2.33914,-0.401044,2.09071,-0.3529,0.264228,-0.173505,-0.0528709,-0.307234,True,asimmetrik cavab; qeyri-proporsional miqyas; sərhəd kəsilməsi k=3,"Büdcə balansı həddi (< hədd, % ÜDM)",-1,0.0335283,,0.218163,,698.26,8,"2,3"
state_inv,Dövlət investisiyası (− = kəsinti),ru:budget_gdp,Büdcə balansı,2029,% ÜDM (f.b.),3.49745,-5.35894,1.23781,-0.106269,1.53224,-0.210187,2.3486,-0.402735,2.07178,-0.348913,0.265913,-0.174108,-0.064541,-0.308156,True,asimmetrik cavab; qeyri-proporsional miqyas; sərhəd kəsilməsi k=3,"Büdcə balansı həddi (< hədd, % ÜDM)",-1,0.108813,,0.231495,,740.93,8,"2,3"
state_inv,Dövlət investisiyası (− = kəsinti),ru:budget_gdp,Büdcə balansı,2030,% ÜDM (f.b.),3.5529,-5.45332,1.23887,-0.106694,1.53489,-0.211012,2.35689,-0.40421,2.05282,-0.344868,0.267385,-0.174632,-0.0757699,-0.308954,True,asimmetrik cavab; qeyri-proporsional miqyas; sərhəd kəsilməsi k=3,"Büdcə balansı həddi (< hədd, % ÜDM)",-1,0.141054,,0.23422,,749.653,8,"2,3"
state_inv,Dövlət investisiyası (− = kəsinti),ru:cpi,"İnflyasiya (İQİ, illik orta)",2026,f.b.,0,0,,,,,,,,,,,,,False,sərhəd kəsilməsi k=3,İnflyasiya həddi (> hədd),6,5.2991,,,,,10,
state_inv,Dövlət investisiyası (− = kəsinti),ru:cpi,"İnflyasiya (İQİ, illik orta)",2027,f.b.,-0.89939,1.07073,1.09123,0.0436268,1.1905,0.0869683,1.41456,0.171691,1.13806,0.0645732,0.0895033,-0.083065,-0.195351,-0.158272,True,asimmetrik cavab; qeyri-proporsional miqyas; sərhəd kəsilməsi k=3,İnflyasiya həddi (> hədd),6,5.7416,,0.252046,,806.708,10,
state_inv,Dövlət investisiyası (− = kəsinti),ru:cpi,"İnflyasiya (İQİ, illik orta)",2028,f.b.,-0.0809299,0.109093,1.161,0.0745018,1.348,0.14821,1.81808,0.290296,1.39421,0.164652,0.169924,-0.13257,-0.218253,-0.244165,True,asimmetrik cavab; qeyri-proporsional miqyas; sərhəd kəsilməsi k=3,İnflyasiya həddi (> hədd),6,5.8752,,1.10746,,4112.42,10,
state_inv,Dövlət investisiyası (− = kəsinti),ru:cpi,"İnflyasiya (İQİ, illik orta)",2029,f.b.,-0.0615385,0.0837504,1.16668,0.0769287,1.36094,0.152881,1.85015,0.298283,1.35145,0.149462,0.174618,-0.13597,-0.254323,-0.249086,True,asimmetrik cavab; qeyri-proporsional miqyas; sərhəd kəsilməsi k=3,İnflyasiya həddi (> hədd),6,5.9149,,1.01194,,3610.57,10,
state_inv,Dövlət investisiyası (− = kəsinti),ru:cpi,"İnflyasiya (İQİ, illik orta)",2030,f.b.,-0.0551508,0.0746365,1.16346,0.0755557,1.35332,0.150136,1.82806,0.292801,1.28717,0.125557,0.167245,-0.135886,-0.286517,-0.249851,True,asimmetrik cavab; qeyri-proporsional miqyas; sərhəd kəsilməsi k=3,İnflyasiya həddi (> hədd),6,5.9278,,0.969598,,3429.4,10,
state_inv,Dövlət investisiyası (− = kəsinti),ru:debt_gdp,Dövlət borcu,2026,% ÜDM (f.b.),0,0,,,,,,,,,,,,,False,sərhəd kəsilməsi k=3,Dövlət borcu > 30% ÜDM (DSA həddi),30,17.2926,,,,,15,
state_inv,Dövlət investisiyası (− = kəsinti),ru:debt_gdp,Dövlət borcu,2027,% ÜDM (f.b.),-3.0114,4.44471,1.21503,0.0970772,1.47596,0.192232,2.17454,0.369987,1.94849,0.321687,0.229981,-0.165156,-0.0703918,-0.295834,True,asimmetrik cavab; qeyri-proporsional miqyas; sərhəd kəsilməsi k=3,Dövlət borcu > 30% ÜDM (DSA həddi),30,15.6733,,,,,15,
state_inv,Dövlət investisiyası (− = kəsinti),ru:debt_gdp,Dövlət borcu,2028,% ÜDM (f.b.),-6.33274,9.16203,1.20297,0.0921361,1.44677,0.182597,2.08888,0.352517,1.84007,0.295793,0.216273,-0.157602,-0.0886816,-0.283468,True,asimmetrik cavab; qeyri-proporsional miqyas; sərhəd kəsilməsi k=3,Dövlət borcu > 30% ÜDM (DSA həddi),30,14.5227,,1.48116,,6075.92,15,"2,3"
state_inv,Dövlət investisiyası (− = kəsinti),ru:debt_gdp,Dövlət borcu,2029,% ÜDM (f.b.),-9.36289,13.4373,1.19816,0.0901484,1.43517,0.178702,2.05493,0.34532,1.79128,0.283484,0.210145,-0.154831,-0.10012,-0.279019,True,asimmetrik cavab; qeyri-proporsional miqyas; sərhəd kəsilməsi k=3,Dövlət borcu > 30% ÜDM (DSA həddi),30,13.1051,,1.18117,,4499.71,15,"-3,-2,2,3"
state_inv,Dövlət investisiyası (− = kəsinti),ru:debt_gdp,Dövlət borcu,2030,% ÜDM (f.b.),-12.2858,17.5359,1.1949,0.0887976,1.42733,0.176049,2.03202,0.340374,1.75545,0.274166,0.205709,-0.153088,-0.109912,-0.276284,True,asimmetrik cavab; qeyri-proporsional miqyas; sərhəd kəsilməsi k=3,Dövlət borcu > 30% ÜDM (DSA həddi),30,11.9126,,1.02228,,3664.9,15,"-3,-2,1,2,3"
state_inv,Dövlət investisiyası (− = kəsinti),ru:nonoil_g,Qeyri-neft ÜDM real artımı,2026,f.b.,0,0,,,,,,,,,,,,,False,sərhəd kəsilməsi k=3,Growth-at-Risk həddi (qeyri-neft artımı < hədd),2,5.312,,,,,6,
state_inv,Dövlət investisiyası (− = kəsinti),ru:nonoil_g,Qeyri-neft ÜDM real artımı,2027,f.b.,-2.72173,3.34263,1.10829,0.051363,1.22813,0.102385,1.50652,0.20208,1.2288,0.102658,0.111644,-0.0937783,-0.175686,-0.176141,True,asimmetrik cavab; qeyri-proporsional miqyas; sərhəd kəsilməsi k=3,Growth-at-Risk həddi (qeyri-neft artımı < hədd),2,5.43,1.3203,,-2913.73,,6,"-3,2,3"
state_inv,Dövlət investisiyası (− = kəsinti),ru:nonoil_g,Qeyri-neft ÜDM real artımı,2028,f.b.,-0.245953,0.332539,1.16272,0.0752395,1.35204,0.149676,1.82946,0.293152,1.40391,0.168022,0.172627,-0.133383,-0.216439,-0.245386,True,asimmetrik cavab; qeyri-proporsional miqyas; sərhəd kəsilməsi k=3,Growth-at-Risk həddi (qeyri-neft artımı < hədd),2,5.603,,,,,6,
state_inv,Dövlət investisiyası (− = kəsinti),ru:nonoil_g,Qeyri-neft ÜDM real artımı,2029,f.b.,-0.187669,0.255994,1.168,0.0774922,1.36407,0.154,1.85902,0.30046,1.35842,0.151975,0.176715,-0.13658,-0.253102,-0.249998,True,asimmetrik cavab; qeyri-proporsional miqyas; sərhəd kəsilməsi k=3,Growth-at-Risk həddi (qeyri-neft artımı < hədd),2,5.632,,,,,6,
state_inv,Dövlət investisiyası (− = kəsinti),ru:nonoil_g,Qeyri-neft ÜDM real artımı,2030,f.b.,-0.167179,0.22671,1.16464,0.0760597,1.35609,0.151136,1.83585,0.294744,1.29295,0.12776,0.169081,-0.136433,-0.285558,-0.250666,True,asimmetrik cavab; qeyri-proporsional miqyas; sərhəd kəsilməsi k=3,Growth-at-Risk həddi (qeyri-neft artımı < hədd),2,5.727,,,,,6,
state_inv,Dövlət investisiyası (− = kəsinti),ru:nonoil_lvl,Qeyri-neft real ÜDM səviyyəsi,2026,% (baza ilə fərq),0,0,,,,,,,,,,,,,False,sərhəd kəsilməsi k=3,,,,,,,,10,
state_inv,Dövlət investisiyası (− = kəsinti),ru:nonoil_lvl,Qeyri-neft real ÜDM səviyyəsi,2027,% (baza ilə fərq),-2.58773,3.17806,1.10829,0.051363,1.22813,0.102385,1.50652,0.20208,1.2288,0.102658,0.111644,-0.0937783,-0.175686,-0.176141,True,asimmetrik cavab; qeyri-proporsional miqyas; sərhəd kəsilməsi k=3,,,,,,,,10,
state_inv,Dövlət investisiyası (− = kəsinti),ru:nonoil_lvl,Qeyri-neft real ÜDM səviyyəsi,2028,% (baza ilə fərq),-2.81702,3.50642,1.11571,0.0546906,1.24473,0.109023,1.54852,0.21523,1.25694,0.113844,0.121493,-0.0985243,-0.176174,-0.184178,True,asimmetrik cavab; qeyri-proporsional miqyas; sərhəd kəsilməsi k=3,,,,,,,,10,
state_inv,Dövlət investisiyası (− = kəsinti),ru:nonoil_lvl,Qeyri-neft real ÜDM səviyyəsi,2029,% (baza ilə fərq),-2.99093,3.75908,1.1211,0.0570912,1.25683,0.1138,1.57931,0.2246,1.27388,0.120446,0.128535,-0.101906,-0.178842,-0.189835,True,asimmetrik cavab; qeyri-proporsional miqyas; sərhəd kəsilməsi k=3,,,,,,,,10,
state_inv,Dövlət investisiyası (− = kəsinti),ru:nonoil_lvl,Qeyri-neft real ÜDM səviyyəsi,2030,% (baza ilə fərq),-3.1464,3.98458,1.12534,0.0589752,1.26639,0.11754,1.60374,0.231873,1.28484,0.124667,0.133843,-0.104659,-0.182737,-0.194474,True,asimmetrik cavab; qeyri-proporsional miqyas; sərhəd kəsilməsi k=3,,,,,,,,10,
state_inv,Dövlət investisiyası (− = kəsinti),ru:tb_gdp,Mal ticarəti balansı (cari hesab proksisi),2026,% ÜDM (f.b.),0,0,,,,,,,,,,,,,False,sərhəd kəsilməsi k=3,Mal ticarəti balansı < 0 (kəsir),0,9.03884,,,,,15,
state_inv,Dövlət investisiyası (− = kəsinti),ru:tb_gdp,Mal ticarəti balansı (cari hesab proksisi),2027,% ÜDM (f.b.),0.524465,-0.659082,1.12111,-0.0570959,1.25667,-0.11374,1.57712,-0.223941,1.30147,-0.130989,0.125755,-0.102982,-0.163248,-0.192046,True,asimmetrik cavab; qeyri-proporsional miqyas; sərhəd kəsilməsi k=3,Mal ticarəti balansı < 0 (kəsir),0,6.55075,,,,,15,
state_inv,Dövlət investisiyası (− = kəsinti),ru:tb_gdp,Mal ticarəti balansı (cari hesab proksisi),2028,% ÜDM (f.b.),0.55861,-0.711859,1.12891,-0.0605519,1.27434,-0.120624,1.62294,-0.237498,1.33272,-0.142631,0.136205,-0.10785,-0.163569,-0.200208,True,asimmetrik cavab; qeyri-proporsional miqyas; sərhəd kəsilməsi k=3,Mal ticarəti balansı < 0 (kəsir),0,4.31464,,,,,15,
state_inv,Dövlət investisiyası (− = kəsinti),ru:tb_gdp,Mal ticarəti balansı (cari hesab proksisi),2029,% ÜDM (f.b.),0.572938,-0.737585,1.13464,-0.0630723,1.28737,-0.125634,1.65707,-0.24729,1.352,-0.149661,0.143882,-0.111319,-0.166081,-0.205945,True,asimmetrik cavab; qeyri-proporsional miqyas; sərhəd kəsilməsi k=3,Mal ticarəti balansı < 0 (kəsir),0,3.69245,,,,,15,
state_inv,Dövlət investisiyası (− = kəsinti),ru:tb_gdp,Mal ticarəti balansı (cari hesab proksisi),2030,% ÜDM (f.b.),0.584254,-0.75875,1.13958,-0.0652378,1.29867,-0.12993,1.68676,-0.255609,1.36711,-0.155087,0.150239,-0.114411,-0.169517,-0.211094,True,asimmetrik cavab; qeyri-proporsional miqyas; sərhəd kəsilməsi k=3,Mal ticarəti balansı < 0 (kəsir),0,2.75209,,,,,15,
